# Static pose baked from local Project Zomboid assets
o Body
v -0.010492422 0.033313753 0.241586640
v -0.038166337 0.029403409 0.237748422
v -0.010947841 0.034245902 0.256422322
v 0.002414954 0.034430655 0.202921516
v 0.004801342 0.013506127 0.168997791
v -0.010858070 0.019162193 0.197658394
v 0.004801342 0.013506127 0.168997791
v 0.002414954 0.034430655 0.202921516
v 0.016550997 0.032008444 0.174522530
v -0.068158207 0.058691375 0.282305102
v -0.014525301 0.085620290 0.272805771
v -0.022027478 0.060890304 0.275835850
v -0.014525301 0.085620290 0.272805771
v -0.068158207 0.058691375 0.282305102
v -0.048195803 0.090780632 0.268210789
v 0.055536366 0.105452328 0.046837625
v -0.003957934 0.117770563 0.070498145
v 0.021794979 0.129108535 0.043523233
v -0.003957934 0.117770563 0.070498145
v 0.055536366 0.105452328 0.046837625
v 0.030044666 0.102634815 0.078698590
v 0.051635851 0.067013722 0.073475840
v 0.055536366 0.105452328 0.046837625
v 0.070631292 0.063966788 0.042104963
v 0.055536366 0.105452328 0.046837625
v 0.051635851 0.067013722 0.073475840
v 0.030044666 0.102634815 0.078698590
v 0.039929401 0.036443899 0.057890702
v 0.068325805 0.037634100 0.012130970
v 0.040642848 0.024331146 -0.000371716
v 0.068325805 0.037634100 0.012130970
v 0.039929401 0.036443899 0.057890702
v 0.051635851 0.067013722 0.073475840
v -0.010858070 0.019162193 0.197658394
v -0.016856970 0.007793751 0.161448628
v -0.030114171 0.013377753 0.182217307
v -0.016856970 0.007793751 0.161448628
v -0.010858070 0.019162193 0.197658394
v 0.004801342 0.013506127 0.168997791
v 0.021794979 0.129108535 0.043523233
v -0.032821703 0.103949000 0.046365567
v -0.010829862 0.118451187 0.017698411
v -0.032821703 0.103949000 0.046365567
v 0.021794979 0.129108535 0.043523233
v -0.003957934 0.117770563 0.070498145
v -0.023306337 0.115261323 0.138030992
v -0.068623926 0.100347975 0.157729842
v -0.060867016 0.106827796 0.125433400
v -0.068623926 0.100347975 0.157729842
v -0.023306337 0.115261323 0.138030992
v -0.029609664 0.111293889 0.182230968
v 0.077303019 0.018209963 -0.034317777
v 0.155662455 0.039464111 -0.110640054
v 0.129726376 0.006528422 -0.118090054
v 0.155662455 0.039464111 -0.110640054
v 0.077303019 0.018209963 -0.034317777
v 0.106626105 0.058461416 -0.031988433
v 0.155662455 0.039464111 -0.110640054
v 0.174299940 0.000245051 -0.202396395
v 0.129726376 0.006528422 -0.118090054
v 0.174299940 0.000245051 -0.202396395
v 0.155662455 0.039464111 -0.110640054
v 0.185604655 0.026446847 -0.197030532
v 0.018676834 0.036574679 -0.052081087
v 0.095310841 0.084913971 -0.149195580
v 0.036928807 0.102963628 -0.073058816
v 0.095310841 0.084913971 -0.149195580
v 0.018676834 0.036574679 -0.052081087
v 0.087231655 0.021207497 -0.143745072
v 0.087231655 0.021207497 -0.143745072
v 0.153685965 0.056633258 -0.213805110
v 0.095310841 0.084913971 -0.149195580
v 0.153685965 0.056633258 -0.213805110
v 0.087231655 0.021207497 -0.143745072
v 0.149261792 0.014602246 -0.217384571
v 0.095310841 0.084913971 -0.149195580
v 0.104898574 0.103672185 -0.068863482
v 0.036928807 0.102963628 -0.073058816
v 0.104898574 0.103672185 -0.068863482
v 0.095310841 0.084913971 -0.149195580
v 0.136952949 0.087351375 -0.124488999
v 0.095310841 0.084913971 -0.149195580
v 0.170093932 0.060602188 -0.201020767
v 0.136952949 0.087351375 -0.124488999
v 0.170093932 0.060602188 -0.201020767
v 0.095310841 0.084913971 -0.149195580
v 0.153685965 0.056633258 -0.213805110
v 0.104898574 0.103672185 -0.068863482
v 0.155662455 0.039464111 -0.110640054
v 0.106626105 0.058461416 -0.031988433
v 0.155662455 0.039464111 -0.110640054
v 0.104898574 0.103672185 -0.068863482
v 0.136952949 0.087351375 -0.124488999
v 0.136952949 0.087351375 -0.124488999
v 0.185604655 0.026446847 -0.197030532
v 0.155662455 0.039464111 -0.110640054
v 0.185604655 0.026446847 -0.197030532
v 0.136952949 0.087351375 -0.124488999
v 0.170093932 0.060602188 -0.201020767
v 0.281782453 0.096976003 -0.445598051
v 0.232013370 0.102051878 -0.456800706
v 0.257949446 0.073813059 -0.456288026
v 0.232013370 0.102051878 -0.456800706
v 0.281782453 0.096976003 -0.445598051
v 0.256338738 0.121453501 -0.446650366
v 0.192000451 0.018550407 -0.239678217
v 0.238861821 0.057717282 -0.309569761
v 0.225018406 0.033422749 -0.313828969
v 0.238861821 0.057717282 -0.309569761
v 0.192000451 0.018550407 -0.239678217
v 0.221140783 0.046101539 -0.249799519
v 0.225018406 0.033422749 -0.313828969
v 0.264738714 0.069998752 -0.381905136
v 0.261646729 0.046619248 -0.389055941
v 0.264738714 0.069998752 -0.381905136
v 0.225018406 0.033422749 -0.313828969
v 0.238861821 0.057717282 -0.309569761
v 0.175690890 0.032057481 -0.281058139
v 0.198887458 0.085489320 -0.317249704
v 0.161355754 0.078978408 -0.249027126
v 0.198887458 0.085489320 -0.317249704
v 0.175690890 0.032057481 -0.281058139
v 0.208029278 0.047057158 -0.328364439
v 0.208029278 0.047057158 -0.328364439
v 0.242144865 0.087201163 -0.386647707
v 0.198887458 0.085489320 -0.317249704
v 0.242144865 0.087201163 -0.386647707
v 0.208029278 0.047057158 -0.328364439
v 0.251926873 0.063721557 -0.404099798
v 0.161355754 0.078978408 -0.249027126
v 0.228947015 0.092137715 -0.301130849
v 0.200448026 0.087589264 -0.234017453
v 0.228947015 0.092137715 -0.301130849
v 0.161355754 0.078978408 -0.249027126
v 0.198887458 0.085489320 -0.317249704
v 0.198887458 0.085489320 -0.317249704
v 0.255360489 0.090047700 -0.374552285
v 0.228947015 0.092137715 -0.301130849
v 0.255360489 0.090047700 -0.374552285
v 0.198887458 0.085489320 -0.317249704
v 0.242144865 0.087201163 -0.386647707
v 0.200448026 0.087589264 -0.234017453
v 0.238861821 0.057717282 -0.309569761
v 0.221140783 0.046101539 -0.249799519
v 0.238861821 0.057717282 -0.309569761
v 0.200448026 0.087589264 -0.234017453
v 0.228947015 0.092137715 -0.301130849
v 0.228947015 0.092137715 -0.301130849
v 0.264738714 0.069998752 -0.381905136
v 0.238861821 0.057717282 -0.309569761
v 0.264738714 0.069998752 -0.381905136
v 0.228947015 0.092137715 -0.301130849
v 0.255360489 0.090047700 -0.374552285
v 0.106626105 0.058461416 -0.031988433
v 0.068325805 0.037634100 0.012130970
v 0.087494490 0.064849649 0.005555796
v 0.068325805 0.037634100 0.012130970
v 0.106626105 0.058461416 -0.031988433
v 0.077303019 0.018209963 -0.034317777
v 0.040642848 0.024331146 -0.000371716
v 0.018676834 0.036574679 -0.052081087
v 0.007029992 0.015311185 -0.046935070
v 0.021794979 0.129108535 0.043523233
v 0.068718601 0.114212897 0.004724245
v 0.055536366 0.105452328 0.046837625
v 0.068718601 0.114212897 0.004724245
v 0.021794979 0.129108535 0.043523233
v 0.034290847 0.136978177 0.000160124
v 0.034290847 0.136978177 0.000160124
v 0.088959805 0.103500285 -0.044694561
v 0.068718601 0.114212897 0.004724245
v 0.088959805 0.103500285 -0.044694561
v 0.034290847 0.136978177 0.000160124
v 0.044198268 0.121956480 -0.048065942
v 0.044198268 0.121956480 -0.048065942
v 0.036928807 0.102963628 -0.073058816
v 0.088959805 0.103500285 -0.044694561
v 0.192000451 0.018550407 -0.239678217
v 0.185604655 0.026446847 -0.197030532
v 0.221140783 0.046101539 -0.249799519
v 0.185604655 0.026446847 -0.197030532
v 0.192000451 0.018550407 -0.239678217
v 0.174299940 0.000245051 -0.202396395
v 0.221140783 0.046101539 -0.249799519
v 0.170093932 0.060602188 -0.201020767
v 0.200448026 0.087589264 -0.234017453
v 0.170093932 0.060602188 -0.201020767
v 0.221140783 0.046101539 -0.249799519
v 0.185604655 0.026446847 -0.197030532
v 0.170093932 0.060602188 -0.201020767
v 0.161355754 0.078978408 -0.249027126
v 0.200448026 0.087589264 -0.234017453
v 0.161355754 0.078978408 -0.249027126
v 0.170093932 0.060602188 -0.201020767
v 0.153685965 0.056633258 -0.213805110
v 0.153685965 0.056633258 -0.213805110
v 0.175690890 0.032057481 -0.281058139
v 0.161355754 0.078978408 -0.249027126
v 0.175690890 0.032057481 -0.281058139
v 0.153685965 0.056633258 -0.213805110
v 0.149261792 0.014602246 -0.217384571
v 0.055536366 0.105452328 0.046837625
v 0.087494490 0.064849649 0.005555796
v 0.070631292 0.063966788 0.042104963
v 0.087494490 0.064849649 0.005555796
v 0.055536366 0.105452328 0.046837625
v 0.068718601 0.114212897 0.004724245
v 0.068718601 0.114212897 0.004724245
v 0.106626105 0.058461416 -0.031988433
v 0.087494490 0.064849649 0.005555796
v 0.106626105 0.058461416 -0.031988433
v 0.068718601 0.114212897 0.004724245
v 0.088959805 0.103500285 -0.044694561
v 0.088959805 0.103500285 -0.044694561
v 0.104898574 0.103672185 -0.068863482
v 0.106626105 0.058461416 -0.031988433
v -0.015202585 0.115638642 0.091272248
v -0.005918246 0.113313830 0.144627659
v -0.023306337 0.115261323 0.138030992
v 0.002050290 0.099690516 0.151848945
v 0.011673296 0.066468263 0.144313782
v 0.000943467 0.093398531 0.184779270
v 0.011008693 0.062478998 0.152931335
v 0.001912052 0.037179285 0.135759532
v 0.003026440 0.036095357 0.136246922
v 0.001912052 0.037179285 0.135759532
v 0.011008693 0.062478998 0.152931335
v 0.011673296 0.066468263 0.144313782
v 0.001912052 0.037179285 0.135759532
v -0.016164903 0.027963216 0.133980179
v 0.003026440 0.036095357 0.136246922
v -0.016164903 0.027963216 0.133980179
v 0.001912052 0.037179285 0.135759532
v -0.020835006 0.029581416 0.130970396
v 0.056302012 0.022384472 0.217421865
v 0.102818232 0.048118039 0.193994349
v 0.061800948 0.053084665 0.209457687
v 0.103729237 0.009134844 0.207123218
v 0.142044407 0.043512178 0.189671686
v 0.102818232 0.048118039 0.193994349
v 0.142044407 0.043512178 0.189671686
v 0.103729237 0.009134844 0.207123218
v 0.148478888 0.010334448 0.201871939
v 0.069288388 0.066436291 0.248885110
v 0.102818232 0.048118039 0.193994349
v 0.115869486 0.059170581 0.239189148
v 0.102818232 0.048118039 0.193994349
v 0.069288388 0.066436291 0.248885110
v 0.061800948 0.053084665 0.209457687
v 0.102818232 0.048118039 0.193994349
v 0.165949014 0.048002884 0.222093305
v 0.115869486 0.059170581 0.239189148
v 0.165949014 0.048002884 0.222093305
v 0.102818232 0.048118039 0.193994349
v 0.142044407 0.043512178 0.189671686
v 0.032912046 0.074026272 0.257471647
v 0.069288388 0.066436291 0.248885110
v 0.069820231 0.051812652 0.254578661
v 0.069288388 0.066436291 0.248885110
v 0.032912046 0.074026272 0.257471647
v 0.037652626 0.074901937 0.247144119
v 0.115869486 0.059170581 0.239189148
v 0.161516842 0.018449083 0.224361473
v 0.114003157 0.021832094 0.243232657
v 0.161516842 0.018449083 0.224361473
v 0.115869486 0.059170581 0.239189148
v 0.165949014 0.048002884 0.222093305
v 0.063667789 0.023878865 0.244622463
v 0.114003157 0.021832094 0.243232657
v 0.103729237 0.009134844 0.207123218
v 0.114003157 0.021832094 0.243232657
v 0.148478888 0.010334448 0.201871939
v 0.103729237 0.009134844 0.207123218
v 0.148478888 0.010334448 0.201871939
v 0.114003157 0.021832094 0.243232657
v 0.161516842 0.018449083 0.224361473
v 0.145234220 0.002016906 0.182905614
v 0.170876442 0.019859241 0.119257836
v 0.141373319 0.041161342 0.167713133
v 0.170876442 0.019859241 0.119257836
v 0.145234220 0.002016906 0.182905614
v 0.168951682 -0.003895907 0.129468060
v 0.168951682 -0.003895907 0.129468060
v 0.189143174 0.002946347 0.081564632
v 0.170876442 0.019859241 0.119257836
v 0.189143174 0.002946347 0.081564632
v 0.168951682 -0.003895907 0.129468060
v 0.189641785 -0.010504633 0.083387641
v 0.141373319 0.041161342 0.167713133
v 0.203907860 0.020794382 0.139061602
v 0.185383925 0.043777306 0.193296536
v 0.203907860 0.020794382 0.139061602
v 0.141373319 0.041161342 0.167713133
v 0.170876442 0.019859241 0.119257836
v 0.170876442 0.019859241 0.119257836
v 0.214014821 0.002702683 0.091576377
v 0.203907860 0.020794382 0.139061602
v 0.214014821 0.002702683 0.091576377
v 0.170876442 0.019859241 0.119257836
v 0.189143174 0.002946347 0.081564632
v 0.185383925 0.043777306 0.193296536
v 0.201970170 0.001540637 0.147339983
v 0.176677589 0.007852586 0.201109798
v 0.201970170 0.001540637 0.147339983
v 0.185383925 0.043777306 0.193296536
v 0.203907860 0.020794382 0.139061602
v 0.203907860 0.020794382 0.139061602
v 0.213752224 -0.008674511 0.093141359
v 0.201970170 0.001540637 0.147339983
v 0.213752224 -0.008674511 0.093141359
v 0.203907860 0.020794382 0.139061602
v 0.214014821 0.002702683 0.091576377
v 0.176677589 0.007852586 0.201109798
v 0.168951682 -0.003895907 0.129468060
v 0.145234220 0.002016906 0.182905614
v 0.168951682 -0.003895907 0.129468060
v 0.176677589 0.007852586 0.201109798
v 0.201970170 0.001540637 0.147339983
v 0.201970170 0.001540637 0.147339983
v 0.189641785 -0.010504633 0.083387641
v 0.168951682 -0.003895907 0.129468060
v 0.189641785 -0.010504633 0.083387641
v 0.201970170 0.001540637 0.147339983
v 0.213752224 -0.008674511 0.093141359
v 0.205635538 -0.004884658 -0.041776693
v 0.243032082 0.001763826 -0.015864228
v 0.203557247 0.003845592 -0.036874669
v 0.243032082 0.001763826 -0.015864228
v 0.205635538 -0.004884658 -0.041776693
v 0.244738518 -0.006243433 -0.020699371
v 0.192725626 0.026150337 0.009958292
v 0.198048817 0.017371337 0.001169864
v 0.201010280 0.024206352 0.006011582
v 0.198048817 0.017371337 0.001169864
v 0.192725626 0.026150337 0.009958292
v 0.186857606 0.022174483 0.003656452
v 0.229119487 0.004128447 0.060855950
v 0.188929972 -0.001039440 0.018553805
v 0.241045106 0.001065440 0.020221560
v 0.188929972 -0.001039440 0.018553805
v 0.229119487 0.004128447 0.060855950
v 0.183183101 0.008580249 0.049675966
v 0.229119487 0.004128447 0.060855950
v 0.242266083 -0.007891424 0.016872041
v 0.230503972 -0.016266402 0.059465515
v 0.242266083 -0.007891424 0.016872041
v 0.229119487 0.004128447 0.060855950
v 0.241045106 0.001065440 0.020221560
v 0.182547500 -0.017188377 0.047698811
v 0.242266083 -0.007891424 0.016872041
v 0.194727990 -0.015825472 0.012343108
v 0.242266083 -0.007891424 0.016872041
v 0.182547500 -0.017188377 0.047698811
v 0.230503972 -0.016266402 0.059465515
v 0.161516842 0.018449083 0.224361473
v 0.145234220 0.002016906 0.182905614
v 0.148478888 0.010334448 0.201871939
v 0.145234220 0.002016906 0.182905614
v 0.161516842 0.018449083 0.224361473
v 0.176677589 0.007852586 0.201109798
v 0.148478888 0.010334448 0.201871939
v 0.141373319 0.041161342 0.167713133
v 0.142044407 0.043512178 0.189671686
v 0.141373319 0.041161342 0.167713133
v 0.148478888 0.010334448 0.201871939
v 0.145234220 0.002016906 0.182905614
v 0.165949014 0.048002884 0.222093305
v 0.141373319 0.041161342 0.167713133
v 0.185383925 0.043777306 0.193296536
v 0.141373319 0.041161342 0.167713133
v 0.165949014 0.048002884 0.222093305
v 0.142044407 0.043512178 0.189671686
v 0.185383925 0.043777306 0.193296536
v 0.161516842 0.018449083 0.224361473
v 0.165949014 0.048002884 0.222093305
v 0.161516842 0.018449083 0.224361473
v 0.185383925 0.043777306 0.193296536
v 0.176677589 0.007852586 0.201109798
v 0.019797822 0.049718927 0.276184059
v 0.063667789 0.023878865 0.244622463
v 0.020213405 0.038430914 0.269943189
v 0.020213405 0.038430914 0.269943189
v -0.022027478 0.060890304 0.275835850
v 0.019797822 0.049718927 0.276184059
v -0.022027478 0.060890304 0.275835850
v 0.020213405 0.038430914 0.269943189
v -0.016725825 0.047015472 0.272322902
v -0.005918246 0.113313830 0.144627659
v -0.029609664 0.111293889 0.182230968
v -0.023306337 0.115261323 0.138030992
v -0.029609664 0.111293889 0.182230968
v -0.005918246 0.113313830 0.144627659
v -0.012673713 0.114382547 0.195952368
v -0.022027478 0.060890304 0.275835850
v -0.058232202 0.047581698 0.279494748
v -0.068158207 0.058691375 0.282305102
v 0.017860270 0.023734458 0.249634004
v -0.010492422 0.033313753 0.241586640
v -0.010947841 0.034245902 0.256422322
v -0.010492422 0.033313753 0.241586640
v 0.017860270 0.023734458 0.249634004
v 0.017090047 0.031309259 0.229852231
v 0.056302012 0.022384472 0.217421865
v 0.017090047 0.031309259 0.229852231
v 0.017860270 0.023734458 0.249634004
v -0.014525301 0.085620290 0.272805771
v -0.048195803 0.090780632 0.268210789
v -0.041593643 0.109826975 0.232159560
v -0.041593643 0.109826975 0.232159560
v -0.091887565 0.081216286 0.254599798
v -0.082424878 0.097482583 0.203630490
v -0.091887565 0.081216286 0.254599798
v -0.041593643 0.109826975 0.232159560
v -0.048195803 0.090780632 0.268210789
v 0.019797822 0.049718927 0.276184059
v -0.022027478 0.060890304 0.275835850
v -0.014525301 0.085620290 0.272805771
v 0.032912046 0.074026272 0.257471647
v -0.014525301 0.085620290 0.272805771
v -0.004375253 0.104080377 0.254238872
v 0.037652626 0.074901937 0.247144119
v 0.002492631 0.070532107 0.222277077
v 0.015939151 0.051771695 0.217117309
v 0.002492631 0.070532107 0.222277077
v 0.037652626 0.074901937 0.247144119
v -0.003409574 0.103173884 0.243154818
v -0.001605818 0.040991882 0.226197860
v 0.015939151 0.051771695 0.217117309
v 0.002492631 0.070532107 0.222277077
v 0.014247389 0.058238996 0.172455138
v 0.006919256 0.071751745 0.184248117
v 0.011008693 0.062478998 0.152931335
v 0.000943467 0.093398531 0.184779270
v -0.004590886 0.107339720 0.190199726
v 0.002050290 0.099690516 0.151848945
v 0.189641785 -0.010504633 0.083387641
v 0.183183101 0.008580249 0.049675966
v 0.189143174 0.002946347 0.081564632
v 0.183183101 0.008580249 0.049675966
v 0.189641785 -0.010504633 0.083387641
v 0.182547500 -0.017188377 0.047698811
v 0.189641785 -0.010504633 0.083387641
v 0.230503972 -0.016266402 0.059465515
v 0.182547500 -0.017188377 0.047698811
v 0.230503972 -0.016266402 0.059465515
v 0.189641785 -0.010504633 0.083387641
v 0.213752224 -0.008674511 0.093141359
v 0.213752224 -0.008674511 0.093141359
v 0.229119487 0.004128447 0.060855950
v 0.230503972 -0.016266402 0.059465515
v 0.229119487 0.004128447 0.060855950
v 0.213752224 -0.008674511 0.093141359
v 0.214014821 0.002702683 0.091576377
v 0.229119487 0.004128447 0.060855950
v 0.189143174 0.002946347 0.081564632
v 0.183183101 0.008580249 0.049675966
v 0.189143174 0.002946347 0.081564632
v 0.229119487 0.004128447 0.060855950
v 0.214014821 0.002702683 0.091576377
v -0.068158207 0.058691375 0.282305102
v -0.063337092 0.075943605 0.299018956
v -0.079034777 0.084371570 0.299418231
v -0.063337092 0.075943605 0.299018956
v -0.068158207 0.058691375 0.282305102
v -0.058232202 0.047581698 0.279494748
v -0.092876593 0.054876107 0.277535433
v -0.079034777 0.084371570 0.299418231
v -0.100317954 0.078228470 0.300149977
v -0.079034777 0.084371570 0.299418231
v -0.092876593 0.054876107 0.277535433
v -0.068158207 0.058691375 0.282305102
v 0.241045106 0.001065440 0.020221560
v 0.203557247 0.003845592 -0.036874669
v 0.243032082 0.001763826 -0.015864228
v 0.203557247 0.003845592 -0.036874669
v 0.241045106 0.001065440 0.020221560
v 0.188929972 -0.001039440 0.018553805
v 0.188929972 -0.001039440 0.018553805
v 0.205635538 -0.004884658 -0.041776693
v 0.203557247 0.003845592 -0.036874669
v 0.205635538 -0.004884658 -0.041776693
v 0.188929972 -0.001039440 0.018553805
v 0.194727990 -0.015825472 0.012343108
v 0.205635538 -0.004884658 -0.041776693
v 0.242266083 -0.007891424 0.016872041
v 0.244738518 -0.006243433 -0.020699371
v 0.242266083 -0.007891424 0.016872041
v 0.205635538 -0.004884658 -0.041776693
v 0.194727990 -0.015825472 0.012343108
v 0.244738518 -0.006243433 -0.020699371
v 0.241045106 0.001065440 0.020221560
v 0.243032082 0.001763826 -0.015864228
v 0.241045106 0.001065440 0.020221560
v 0.244738518 -0.006243433 -0.020699371
v 0.242266083 -0.007891424 0.016872041
v 0.182547500 -0.017188377 0.047698811
v 0.183573738 0.015153484 0.024185505
v 0.183183101 0.008580249 0.049675966
v 0.183573738 0.015153484 0.024185505
v 0.182547500 -0.017188377 0.047698811
v 0.177788184 0.007805502 0.011659463
v 0.183573738 0.015153484 0.024185505
v 0.188929972 -0.001039440 0.018553805
v 0.183183101 0.008580249 0.049675966
v 0.188929972 -0.001039440 0.018553805
v 0.183573738 0.015153484 0.024185505
v 0.190981852 0.005121764 0.011622361
v 0.188929972 -0.001039440 0.018553805
v 0.191116520 -0.009391972 0.013315214
v 0.194727990 -0.015825472 0.012343108
v 0.191116520 -0.009391972 0.013315214
v 0.188929972 -0.001039440 0.018553805
v 0.190981852 0.005121764 0.011622361
v 0.191116520 -0.009391972 0.013315214
v 0.182547500 -0.017188377 0.047698811
v 0.194727990 -0.015825472 0.012343108
v 0.182547500 -0.017188377 0.047698811
v 0.191116520 -0.009391972 0.013315214
v 0.177788184 0.007805502 0.011659463
v 0.177788184 0.007805502 0.011659463
v 0.192725626 0.026150337 0.009958292
v 0.183573738 0.015153484 0.024185505
v 0.192725626 0.026150337 0.009958292
v 0.177788184 0.007805502 0.011659463
v 0.186857606 0.022174483 0.003656452
v 0.183573738 0.015153484 0.024185505
v 0.201010280 0.024206352 0.006011582
v 0.190981852 0.005121764 0.011622361
v 0.201010280 0.024206352 0.006011582
v 0.183573738 0.015153484 0.024185505
v 0.192725626 0.026150337 0.009958292
v 0.190981852 0.005121764 0.011622361
v 0.198048817 0.017371337 0.001169864
v 0.191116520 -0.009391972 0.013315214
v 0.198048817 0.017371337 0.001169864
v 0.190981852 0.005121764 0.011622361
v 0.201010280 0.024206352 0.006011582
v 0.191116520 -0.009391972 0.013315214
v 0.186857606 0.022174483 0.003656452
v 0.177788184 0.007805502 0.011659463
v 0.186857606 0.022174483 0.003656452
v 0.191116520 -0.009391972 0.013315214
v 0.198048817 0.017371337 0.001169864
v 0.318157332 0.052356251 -0.426452773
v 0.329210636 0.005613862 -0.455032715
v 0.321985078 0.008484084 -0.438683945
v 0.329210636 0.005613862 -0.455032715
v 0.318157332 0.052356251 -0.426452773
v 0.331406965 0.054314109 -0.443614819
v 0.223291107 0.091909577 -0.427700257
v 0.257949446 0.073813059 -0.456288026
v 0.232013370 0.102051878 -0.456800706
v 0.257949446 0.073813059 -0.456288026
v 0.223291107 0.091909577 -0.427700257
v 0.250079793 0.063525525 -0.435915893
v 0.242144865 0.087201163 -0.386647707
v 0.251570334 0.114135969 -0.412758569
v 0.255360489 0.090047700 -0.374552285
v 0.251570334 0.114135969 -0.412758569
v 0.242144865 0.087201163 -0.386647707
v 0.223291107 0.091909577 -0.427700257
v 0.281782453 0.096976003 -0.445598051
v 0.251570334 0.114135969 -0.412758569
v 0.256338738 0.121453501 -0.446650366
v 0.251570334 0.114135969 -0.412758569
v 0.281782453 0.096976003 -0.445598051
v 0.276112545 0.088427143 -0.413903384
v 0.261646729 0.046619248 -0.389055941
v 0.318157332 0.052356251 -0.426452773
v 0.321985078 0.008484084 -0.438683945
v 0.318157332 0.052356251 -0.426452773
v 0.261646729 0.046619248 -0.389055941
v 0.264738714 0.069998752 -0.381905136
v 0.257949446 0.073813059 -0.456288026
v 0.301068694 0.003936502 -0.447858667
v 0.307399433 0.000371762 -0.461428705
v 0.301068694 0.003936502 -0.447858667
v 0.257949446 0.073813059 -0.456288026
v 0.250079793 0.063525525 -0.435915893
v 0.257949446 0.073813059 -0.456288026
v 0.331406965 0.054314109 -0.443614819
v 0.281782453 0.096976003 -0.445598051
v 0.331406965 0.054314109 -0.443614819
v 0.257949446 0.073813059 -0.456288026
v 0.307399433 0.000371762 -0.461428705
v 0.281782453 0.096976003 -0.445598051
v 0.318157332 0.052356251 -0.426452773
v 0.276112545 0.088427143 -0.413903384
v 0.318157332 0.052356251 -0.426452773
v 0.281782453 0.096976003 -0.445598051
v 0.331406965 0.054314109 -0.443614819
v 0.040642848 0.024331146 -0.000371716
v 0.077303019 0.018209963 -0.034317777
v 0.018676834 0.036574679 -0.052081087
v 0.068325805 0.037634100 0.012130970
v 0.077303019 0.018209963 -0.034317777
v 0.040642848 0.024331146 -0.000371716
v 0.077303019 0.018209963 -0.034317777
v 0.129726376 0.006528422 -0.118090054
v 0.087231655 0.021207497 -0.143745072
v 0.129726376 0.006528422 -0.118090054
v 0.149261792 0.014602246 -0.217384571
v 0.087231655 0.021207497 -0.143745072
v 0.149261792 0.014602246 -0.217384571
v 0.129726376 0.006528422 -0.118090054
v 0.174299940 0.000245051 -0.202396395
v 0.174299940 0.000245051 -0.202396395
v 0.175690890 0.032057481 -0.281058139
v 0.149261792 0.014602246 -0.217384571
v 0.175690890 0.032057481 -0.281058139
v 0.174299940 0.000245051 -0.202396395
v 0.192000451 0.018550407 -0.239678217
v 0.175690890 0.032057481 -0.281058139
v 0.225018406 0.033422749 -0.313828969
v 0.208029278 0.047057158 -0.328364439
v 0.225018406 0.033422749 -0.313828969
v 0.175690890 0.032057481 -0.281058139
v 0.192000451 0.018550407 -0.239678217
v 0.208029278 0.047057158 -0.328364439
v 0.261646729 0.046619248 -0.389055941
v 0.251926873 0.063721557 -0.404099798
v 0.261646729 0.046619248 -0.389055941
v 0.208029278 0.047057158 -0.328364439
v 0.225018406 0.033422749 -0.313828969
v 0.261646729 0.046619248 -0.389055941
v 0.301068694 0.003936502 -0.447858667
v 0.251926873 0.063721557 -0.404099798
v 0.301068694 0.003936502 -0.447858667
v 0.261646729 0.046619248 -0.389055941
v 0.321985078 0.008484084 -0.438683945
v 0.321985078 0.008484084 -0.438683945
v 0.307399433 0.000371762 -0.461428705
v 0.301068694 0.003936502 -0.447858667
v 0.307399433 0.000371762 -0.461428705
v 0.321985078 0.008484084 -0.438683945
v 0.329210636 0.005613862 -0.455032715
v 0.301068694 0.003936502 -0.447858667
v 0.250079793 0.063525525 -0.435915893
v 0.251926873 0.063721557 -0.404099798
v 0.251926873 0.063721557 -0.404099798
v 0.223291107 0.091909577 -0.427700257
v 0.242144865 0.087201163 -0.386647707
v 0.223291107 0.091909577 -0.427700257
v 0.251926873 0.063721557 -0.404099798
v 0.250079793 0.063525525 -0.435915893
v 0.251570334 0.114135969 -0.412758569
v 0.232013370 0.102051878 -0.456800706
v 0.256338738 0.121453501 -0.446650366
v 0.232013370 0.102051878 -0.456800706
v 0.251570334 0.114135969 -0.412758569
v 0.223291107 0.091909577 -0.427700257
v 0.255360489 0.090047700 -0.374552285
v 0.276112545 0.088427143 -0.413903384
v 0.264738714 0.069998752 -0.381905136
v 0.276112545 0.088427143 -0.413903384
v 0.255360489 0.090047700 -0.374552285
v 0.251570334 0.114135969 -0.412758569
v 0.276112545 0.088427143 -0.413903384
v 0.318157332 0.052356251 -0.426452773
v 0.264738714 0.069998752 -0.381905136
v 0.051635851 0.067013722 0.073475840
v 0.070631292 0.063966788 0.042104963
v 0.068325805 0.037634100 0.012130970
v 0.070631292 0.063966788 0.042104963
v 0.087494490 0.064849649 0.005555796
v 0.068325805 0.037634100 0.012130970
v 0.018676834 0.036574679 -0.052081087
v 0.007584810 0.050203339 -0.065907735
v 0.007029992 0.015311185 -0.046935070
v -0.048448003 0.059452841 0.312381702
v -0.053569434 0.037262923 0.294460570
v -0.042517175 0.040574142 0.302186354
v -0.053569434 0.037262923 0.294460570
v -0.048448003 0.059452841 0.312381702
v -0.062975665 0.057407347 0.291963704
v -0.063309175 0.079066131 0.325884630
v -0.079034777 0.084371570 0.299418231
v -0.063337092 0.075943605 0.299018956
v -0.079034777 0.084371570 0.299418231
v -0.063309175 0.079066131 0.325884630
v -0.080701158 0.088904989 0.331388657
v -0.060312313 0.056082803 0.428371613
v -0.071979616 0.011672960 0.428158654
v -0.071982383 0.011677003 0.428160861
v -0.071979616 0.011672960 0.428158654
v -0.060312313 0.056082803 0.428371613
v -0.049764481 0.021735258 0.418954122
v -0.028858949 0.013907313 0.378833771
v -0.036887986 -0.001771605 0.376748477
v -0.039368528 0.017373489 0.404905991
v -0.048448003 0.059452841 0.312381702
v -0.034221075 0.042250551 0.331895739
v -0.043863996 0.068155797 0.338785827
v -0.034221075 0.042250551 0.331895739
v -0.048448003 0.059452841 0.312381702
v -0.042517175 0.040574142 0.302186354
v -0.055161223 0.066431915 0.319178311
v -0.043863996 0.068155797 0.338785827
v -0.052369304 0.084808389 0.368368242
v -0.043863996 0.068155797 0.338785827
v -0.055161223 0.066431915 0.319178311
v -0.048448003 0.059452841 0.312381702
v -0.041773358 0.065902100 0.375590167
v -0.038163528 0.036096685 0.411811638
v -0.048580941 0.061932149 0.412038332
v -0.038163528 0.036096685 0.411811638
v -0.041773358 0.065902100 0.375590167
v -0.028943074 0.042245153 0.375033323
v -0.041773358 0.065902100 0.375590167
v -0.048580941 0.061932149 0.412038332
v -0.065352523 0.088059236 0.408842431
v -0.080701158 0.088904989 0.331388657
v -0.058520421 0.088739755 0.368066519
v -0.080751245 0.098819441 0.363669094
v -0.058520421 0.088739755 0.368066519
v -0.080701158 0.088904989 0.331388657
v -0.063309175 0.079066131 0.325884630
v -0.116336592 0.091005498 0.360309749
v -0.083524050 0.094418735 0.405693946
v -0.116757118 0.085550804 0.403746085
v -0.083524050 0.094418735 0.405693946
v -0.116336592 0.091005498 0.360309749
v -0.080751245 0.098819441 0.363669094
v -0.055161223 0.066431915 0.319178311
v -0.062975665 0.057407347 0.291963704
v -0.048448003 0.059452841 0.312381702
v -0.038163528 0.036096685 0.411811638
v -0.028858949 0.013907313 0.378833771
v -0.039368528 0.017373489 0.404905991
v -0.028321072 0.042868899 0.353511797
v -0.032030185 0.022188428 0.321930241
v -0.027448229 0.015881054 0.343772284
v -0.042517175 0.040574142 0.302186354
v -0.053569434 0.037262923 0.294460570
v -0.041806419 0.013477611 0.290714867
v -0.041806419 0.013477611 0.290714867
v -0.063319333 0.018004447 0.286440947
v -0.048803079 -0.004805637 0.286258383
v -0.063319333 0.018004447 0.286440947
v -0.041806419 0.013477611 0.290714867
v -0.053569434 0.037262923 0.294460570
v -0.049764481 0.021735258 0.418954122
v -0.038163528 0.036096685 0.411811638
v -0.039368528 0.017373489 0.404905991
v -0.060312313 0.056082803 0.428371613
v -0.065352523 0.088059236 0.408842431
v -0.048580941 0.061932149 0.412038332
v -0.065352523 0.088059236 0.408842431
v -0.060312313 0.056082803 0.428371613
v -0.073836896 0.076235664 0.424743254
v -0.083524050 0.094418735 0.405693946
v -0.107335320 0.067786622 0.424643704
v -0.116757118 0.085550804 0.403746085
v -0.107335320 0.067786622 0.424643704
v -0.083524050 0.094418735 0.405693946
v -0.073836896 0.076235664 0.424743254
v -0.038163528 0.036096685 0.411811638
v -0.060312313 0.056082803 0.428371613
v -0.048580941 0.061932149 0.412038332
v -0.100317954 0.078228470 0.300149977
v -0.080701158 0.088904989 0.331388657
v -0.106946120 0.080591988 0.329354229
v -0.080701158 0.088904989 0.331388657
v -0.100317954 0.078228470 0.300149977
v -0.079034777 0.084371570 0.299418231
v -0.106946120 0.080591988 0.329354229
v -0.080751245 0.098819441 0.363669094
v -0.116336592 0.091005498 0.360309749
v -0.080751245 0.098819441 0.363669094
v -0.106946120 0.080591988 0.329354229
v -0.080701158 0.088904989 0.331388657
v -0.083524050 0.094418735 0.405693946
v -0.058520421 0.088739755 0.368066519
v -0.065352523 0.088059236 0.408842431
v -0.058520421 0.088739755 0.368066519
v -0.083524050 0.094418735 0.405693946
v -0.080751245 0.098819441 0.363669094
v -0.073836896 0.076235664 0.424743254
v -0.083524050 0.094418735 0.405693946
v -0.065352523 0.088059236 0.408842431
v -0.043378613 0.074787808 0.366184678
v -0.046501848 0.088510889 0.364581593
v -0.040910831 0.069275070 0.343792063
v -0.046501848 0.088510889 0.364581593
v -0.043378613 0.074787808 0.366184678
v -0.044596553 0.081256930 0.377062051
v -0.043863996 0.068155797 0.338785827
v -0.046501848 0.088510889 0.364581593
v -0.052369304 0.084808389 0.368368242
v -0.046501848 0.088510889 0.364581593
v -0.043863996 0.068155797 0.338785827
v -0.040910831 0.069275070 0.343792063
v -0.052369304 0.084808389 0.368368242
v -0.044596553 0.081256930 0.377062051
v -0.041773358 0.065902100 0.375590167
v -0.044596553 0.081256930 0.377062051
v -0.052369304 0.084808389 0.368368242
v -0.046501848 0.088510889 0.364581593
v -0.041773358 0.065902100 0.375590167
v -0.043378613 0.074787808 0.366184678
v -0.036321773 0.060017592 0.358108716
v -0.043378613 0.074787808 0.366184678
v -0.041773358 0.065902100 0.375590167
v -0.044596553 0.081256930 0.377062051
v -0.036321773 0.060017592 0.358108716
v -0.040910831 0.069275070 0.343792063
v -0.043863996 0.068155797 0.338785827
v -0.040910831 0.069275070 0.343792063
v -0.036321773 0.060017592 0.358108716
v -0.043378613 0.074787808 0.366184678
v -0.030238552 0.019235663 0.366867140
v -0.028321072 0.042868899 0.353511797
v -0.027448229 0.015881054 0.343772284
v -0.028321072 0.042868899 0.353511797
v -0.030238552 0.019235663 0.366867140
v -0.028943074 0.042245153 0.375033323
v -0.028321072 0.042868899 0.353511797
v -0.041773358 0.065902100 0.375590167
v -0.036321773 0.060017592 0.358108716
v -0.041773358 0.065902100 0.375590167
v -0.028321072 0.042868899 0.353511797
v -0.028943074 0.042245153 0.375033323
v -0.062975665 0.057407347 0.291963704
v -0.058232202 0.047581698 0.279494748
v -0.061437382 0.037763973 0.264203943
v -0.058232202 0.047581698 0.279494748
v -0.062975665 0.057407347 0.291963704
v -0.063337092 0.075943605 0.299018956
v -0.058232202 0.047581698 0.279494748
v -0.022027478 0.060890304 0.275835850
v -0.016725825 0.047015472 0.272322902
v -0.063337092 0.075943605 0.299018956
v -0.055161223 0.066431915 0.319178311
v -0.063309175 0.079066131 0.325884630
v -0.055161223 0.066431915 0.319178311
v -0.063337092 0.075943605 0.299018956
v -0.062975665 0.057407347 0.291963704
v -0.063309175 0.079066131 0.325884630
v -0.052369304 0.084808389 0.368368242
v -0.058520421 0.088739755 0.368066519
v -0.052369304 0.084808389 0.368368242
v -0.063309175 0.079066131 0.325884630
v -0.055161223 0.066431915 0.319178311
v -0.038166337 0.029403409 0.237748422
v -0.071432275 0.018583614 0.243118879
v -0.061437382 0.037763973 0.264203943
v 0.040642848 0.024331146 -0.000371716
v -0.007269553 0.020853757 0.045575669
v 0.039929401 0.036443899 0.057890702
v -0.007269553 0.020853757 0.045575669
v 0.040642848 0.024331146 -0.000371716
v 0.001615846 0.015039886 -0.013297422
v -0.010829862 0.118451187 0.017698411
v 0.034290847 0.136978177 0.000160124
v 0.021794979 0.129108535 0.043523233
v 0.034290847 0.136978177 0.000160124
v -0.010829862 0.118451187 0.017698411
v -0.006167363 0.129787993 -0.016213728
v 0.034290847 0.136978177 0.000160124
v -0.000115170 0.119880073 -0.049268309
v 0.044198268 0.121956480 -0.048065942
v -0.000115170 0.119880073 -0.049268309
v 0.034290847 0.136978177 0.000160124
v -0.006167363 0.129787993 -0.016213728
v -0.000115170 0.119880073 -0.049268309
v 0.036928807 0.102963628 -0.073058816
v 0.044198268 0.121956480 -0.048065942
v 0.036928807 0.102963628 -0.073058816
v -0.000115170 0.119880073 -0.049268309
v 0.001732342 0.113016940 -0.057649266
v -0.092876593 0.054876107 0.277535433
v -0.091887565 0.081216286 0.254599798
v -0.048195803 0.090780632 0.268210789
v 0.001732342 0.113016940 -0.057649266
v 0.007584810 0.050203339 -0.065907735
v 0.036928807 0.102963628 -0.073058816
v 0.036928807 0.102963628 -0.073058816
v 0.007584810 0.050203339 -0.065907735
v 0.018676834 0.036574679 -0.052081087
v -0.036165059 0.003965653 0.317545260
v -0.041044906 -0.004667128 0.334930562
v -0.027448229 0.015881054 0.343772284
v -0.039368528 0.017373489 0.404905991
v -0.064628592 0.001365646 0.419233668
v -0.049764481 0.021735258 0.418954122
v -0.064628592 0.001365646 0.419233668
v -0.039368528 0.017373489 0.404905991
v -0.057681607 -0.007264240 0.402909813
v -0.027448229 0.015881054 0.343772284
v -0.042361824 -0.002525167 0.361022972
v -0.030238552 0.019235663 0.366867140
v -0.042361824 -0.002525167 0.361022972
v -0.027448229 0.015881054 0.343772284
v -0.041044906 -0.004667128 0.334930562
v -0.024387413 0.026410080 0.093996989
v 0.039929401 0.036443899 0.057890702
v -0.007269553 0.020853757 0.045575669
v 0.039929401 0.036443899 0.057890702
v -0.024387413 0.026410080 0.093996989
v 0.008269069 0.042267212 0.105848893
v 0.008269069 0.042267212 0.105848893
v 0.051635851 0.067013722 0.073475840
v 0.039929401 0.036443899 0.057890702
v 0.051635851 0.067013722 0.073475840
v 0.008269069 0.042267212 0.105848893
v 0.019414217 0.073176632 0.111063336
v 0.019414217 0.073176632 0.111063336
v 0.030044666 0.102634815 0.078698590
v 0.051635851 0.067013722 0.073475840
v 0.030044666 0.102634815 0.078698590
v 0.019414217 0.073176632 0.111063336
v 0.010080062 0.102694584 0.102474529
v 0.030044666 0.102634815 0.078698590
v -0.015202585 0.115638642 0.091272248
v -0.003957934 0.117770563 0.070498145
v -0.015202585 0.115638642 0.091272248
v 0.030044666 0.102634815 0.078698590
v 0.010080062 0.102694584 0.102474529
v -0.003957934 0.117770563 0.070498145
v -0.046280689 0.106955776 0.079537351
v -0.032821703 0.103949000 0.046365567
v -0.046280689 0.106955776 0.079537351
v -0.003957934 0.117770563 0.070498145
v -0.015202585 0.115638642 0.091272248
v -0.058232202 0.047581698 0.279494748
v -0.016725825 0.047015472 0.272322902
v -0.061437382 0.037763973 0.264203943
v -0.061437382 0.037763973 0.264203943
v -0.016725825 0.047015472 0.272322902
v -0.010947841 0.034245902 0.256422322
v -0.010947841 0.034245902 0.256422322
v 0.020213405 0.038430914 0.269943189
v 0.017860270 0.023734458 0.249634004
v 0.020213405 0.038430914 0.269943189
v -0.010947841 0.034245902 0.256422322
v -0.016725825 0.047015472 0.272322902
v 0.020213405 0.038430914 0.269943189
v 0.056302012 0.022384472 0.217421865
v 0.017860270 0.023734458 0.249634004
v 0.056302012 0.022384472 0.217421865
v 0.020213405 0.038430914 0.269943189
v 0.063667789 0.023878865 0.244622463
v 0.063667789 0.023878865 0.244622463
v 0.103729237 0.009134844 0.207123218
v 0.056302012 0.022384472 0.217421865
v 0.114003157 0.021832094 0.243232657
v 0.063667789 0.023878865 0.244622463
v 0.067232898 0.034613585 0.252804350
v 0.077303019 0.018209963 -0.034317777
v 0.087231655 0.021207497 -0.143745072
v 0.018676834 0.036574679 -0.052081087
v -0.028858949 0.013907313 0.378833771
v -0.028943074 0.042245153 0.375033323
v -0.030238552 0.019235663 0.366867140
v -0.042361824 -0.002525167 0.361022972
v -0.028858949 0.013907313 0.378833771
v -0.030238552 0.019235663 0.366867140
v -0.028858949 0.013907313 0.378833771
v -0.042361824 -0.002525167 0.361022972
v -0.036887986 -0.001771605 0.376748477
v -0.028858949 0.013907313 0.378833771
v -0.038163528 0.036096685 0.411811638
v -0.028943074 0.042245153 0.375033323
v 0.331406965 0.054314109 -0.443614819
v 0.307399433 0.000371762 -0.461428705
v 0.329210636 0.005613862 -0.455032715
v -0.041806419 0.013477611 0.290714867
v -0.040223230 -0.004058441 0.309506271
v -0.038467337 0.007107887 0.311883301
v -0.032030185 0.022188428 0.321930241
v -0.028321072 0.042868899 0.353511797
v -0.034221075 0.042250551 0.331895739
v -0.041806419 0.013477611 0.290714867
v -0.032030185 0.022188428 0.321930241
v -0.042517175 0.040574142 0.302186354
v -0.041044906 -0.004667128 0.334930562
v -0.046116308 -0.014857735 0.327629913
v -0.041721791 -0.022486564 0.332712909
v -0.038467337 0.007107887 0.311883301
v -0.038363902 -0.004203078 0.314799382
v -0.036165059 0.003965653 0.317545260
v -0.047484930 -0.010261897 0.310281364
v -0.040223230 -0.004058441 0.309506271
v -0.046504456 -0.011381671 0.307279936
v -0.040223230 -0.004058441 0.309506271
v -0.047484930 -0.010261897 0.310281364
v -0.041554114 -0.001547476 0.311547501
v -0.040223230 -0.004058441 0.309506271
v -0.041806419 0.013477611 0.290714867
v -0.048803079 -0.004805637 0.286258383
v -0.032030185 0.022188428 0.321930241
v -0.038467337 0.007107887 0.311883301
v -0.036165059 0.003965653 0.317545260
v -0.032030185 0.022188428 0.321930241
v -0.034221075 0.042250551 0.331895739
v -0.042517175 0.040574142 0.302186354
v -0.043863996 0.068155797 0.338785827
v -0.028321072 0.042868899 0.353511797
v -0.036321773 0.060017592 0.358108716
v -0.028321072 0.042868899 0.353511797
v -0.043863996 0.068155797 0.338785827
v -0.034221075 0.042250551 0.331895739
v -0.027448229 0.015881054 0.343772284
v -0.032030185 0.022188428 0.321930241
v -0.036165059 0.003965653 0.317545260
v -0.057681607 -0.007264240 0.402909813
v -0.036887986 -0.001771605 0.376748477
v -0.049642525 -0.015926461 0.374614691
v -0.036887986 -0.001771605 0.376748477
v -0.057681607 -0.007264240 0.402909813
v -0.039368528 0.017373489 0.404905991
v -0.036887986 -0.001771605 0.376748477
v -0.050178893 -0.012819144 0.358539401
v -0.049642525 -0.015926461 0.374614691
v -0.050178893 -0.012819144 0.358539401
v -0.036887986 -0.001771605 0.376748477
v -0.042361824 -0.002525167 0.361022972
v -0.050178893 -0.012819144 0.358539401
v -0.041044906 -0.004667128 0.334930562
v -0.041721791 -0.022486564 0.332712909
v -0.041044906 -0.004667128 0.334930562
v -0.050178893 -0.012819144 0.358539401
v -0.042361824 -0.002525167 0.361022972
v -0.039278965 -0.004549678 0.317181856
v -0.036165059 0.003965653 0.317545260
v -0.038363902 -0.004203078 0.314799382
v 0.010080062 0.102694584 0.102474529
v 0.002050290 0.099690516 0.151848945
v -0.005918246 0.113313830 0.144627659
v -0.008905536 0.110156131 0.244186124
v -0.003409574 0.103173884 0.243154818
v -0.004375253 0.104080377 0.254238872
v -0.004590886 0.107339720 0.190199726
v -0.005918246 0.113313830 0.144627659
v 0.002050290 0.099690516 0.151848945
v -0.005918246 0.113313830 0.144627659
v -0.004590886 0.107339720 0.190199726
v -0.012673713 0.114382547 0.195952368
v -0.005918246 0.113313830 0.144627659
v -0.015202585 0.115638642 0.091272248
v 0.010080062 0.102694584 0.102474529
v -0.040223230 -0.004058441 0.309506271
v -0.048803079 -0.004805637 0.286258383
v -0.046504456 -0.011381671 0.307279936
v -0.092876593 0.054876107 0.277535433
v -0.048195803 0.090780632 0.268210789
v -0.068158207 0.058691375 0.282305102
v -0.047484930 -0.010261897 0.310281364
v -0.038363902 -0.004203078 0.314799382
v -0.041554114 -0.001547476 0.311547501
v -0.038363902 -0.004203078 0.314799382
v -0.047484930 -0.010261897 0.310281364
v -0.045007726 -0.014699579 0.314121637
v -0.045007726 -0.014699579 0.314121637
v -0.045410243 -0.014521748 0.317355638
v -0.039278965 -0.004549678 0.317181856
v -0.041044906 -0.004667128 0.334930562
v -0.045410243 -0.014521748 0.317355638
v -0.046116308 -0.014857735 0.327629913
v -0.045410243 -0.014521748 0.317355638
v -0.041044906 -0.004667128 0.334930562
v -0.039278965 -0.004549678 0.317181856
v -0.041593643 0.109826975 0.232159560
v -0.012673713 0.114382547 0.195952368
v -0.008905536 0.110156131 0.244186124
v -0.012673713 0.114382547 0.195952368
v -0.041593643 0.109826975 0.232159560
v -0.029609664 0.111293889 0.182230968
v -0.012673713 0.114382547 0.195952368
v -0.003409574 0.103173884 0.243154818
v -0.008905536 0.110156131 0.244186124
v -0.003409574 0.103173884 0.243154818
v -0.012673713 0.114382547 0.195952368
v -0.004590886 0.107339720 0.190199726
v -0.003409574 0.103173884 0.243154818
v 0.000943467 0.093398531 0.184779270
v -0.005663485 0.081467889 0.211737326
v 0.000943467 0.093398531 0.184779270
v -0.003409574 0.103173884 0.243154818
v -0.004590886 0.107339720 0.190199726
v -0.005663485 0.081467889 0.211737326
v 0.006919256 0.071751745 0.184248117
v 0.002492631 0.070532107 0.222277077
v 0.006919256 0.071751745 0.184248117
v -0.005663485 0.081467889 0.211737326
v 0.000943467 0.093398531 0.184779270
v 0.007353661 0.048402791 0.198066357
v 0.002492631 0.070532107 0.222277077
v 0.006919256 0.071751745 0.184248117
v 0.002492631 0.070532107 0.222277077
v 0.007353661 0.048402791 0.198066357
v -0.001605818 0.040991882 0.226197860
v -0.012856808 0.017779394 0.139737057
v 0.004801342 0.013506127 0.168997791
v 0.009612747 0.025150616 0.143641363
v 0.004801342 0.013506127 0.168997791
v -0.012856808 0.017779394 0.139737057
v -0.016856970 0.007793751 0.161448628
v 0.009612747 0.025150616 0.143641363
v 0.016550997 0.032008444 0.174522530
v 0.016984473 0.044283099 0.154491962
v 0.016550997 0.032008444 0.174522530
v 0.009612747 0.025150616 0.143641363
v 0.004801342 0.013506127 0.168997791
v -0.018322225 0.021118533 0.211029976
v -0.010492422 0.033313753 0.241586640
v -0.001605818 0.040991882 0.226197860
v -0.010492422 0.033313753 0.241586640
v -0.018322225 0.021118533 0.211029976
v -0.038166337 0.029403409 0.237748422
v -0.010492422 0.033313753 0.241586640
v 0.015939151 0.051771695 0.217117309
v -0.001605818 0.040991882 0.226197860
v 0.015939151 0.051771695 0.217117309
v -0.010492422 0.033313753 0.241586640
v 0.017090047 0.031309259 0.229852231
v 0.017090047 0.031309259 0.229852231
v 0.056302012 0.022384472 0.217421865
v 0.015939151 0.051771695 0.217117309
v 0.032912046 0.074026272 0.257471647
v -0.003409574 0.103173884 0.243154818
v 0.037652626 0.074901937 0.247144119
v -0.003409574 0.103173884 0.243154818
v 0.032912046 0.074026272 0.257471647
v -0.004375253 0.104080377 0.254238872
v -0.051473190 0.008558358 0.192989880
v -0.038166337 0.029403409 0.237748422
v -0.018322225 0.021118533 0.211029976
v -0.038166337 0.029403409 0.237748422
v -0.051473190 0.008558358 0.192989880
v -0.063136493 0.013391581 0.224758086
v 0.003026440 0.036095357 0.136246922
v 0.016984473 0.044283099 0.154491962
v 0.011008693 0.062478998 0.152931335
v 0.016984473 0.044283099 0.154491962
v 0.003026440 0.036095357 0.136246922
v 0.009612747 0.025150616 0.143641363
v 0.014247389 0.058238996 0.172455138
v 0.016550997 0.032008444 0.174522530
v 0.007353661 0.048402791 0.198066357
v 0.007353661 0.048402791 0.198066357
v 0.002414954 0.034430655 0.202921516
v -0.001605818 0.040991882 0.226197860
v -0.001605818 0.040991882 0.226197860
v -0.010858070 0.019162193 0.197658394
v -0.018322225 0.021118533 0.211029976
v -0.010858070 0.019162193 0.197658394
v -0.001605818 0.040991882 0.226197860
v 0.002414954 0.034430655 0.202921516
v -0.018322225 0.021118533 0.211029976
v -0.030114171 0.013377753 0.182217307
v -0.051473190 0.008558358 0.192989880
v -0.029261237 0.009766075 0.160357668
v -0.030114171 0.013377753 0.182217307
v -0.016856970 0.007793751 0.161448628
v -0.025419728 0.019763251 0.138901509
v -0.016856970 0.007793751 0.161448628
v -0.012856808 0.017779394 0.139737057
v -0.016856970 0.007793751 0.161448628
v -0.025419728 0.019763251 0.138901509
v -0.029261237 0.009766075 0.160357668
v 0.003026440 0.036095357 0.136246922
v -0.012856808 0.017779394 0.139737057
v 0.009612747 0.025150616 0.143641363
v 0.016550997 0.032008444 0.174522530
v 0.014247389 0.058238996 0.172455138
v 0.016984473 0.044283099 0.154491962
v 0.006919256 0.071751745 0.184248117
v 0.014247389 0.058238996 0.172455138
v 0.007353661 0.048402791 0.198066357
v 0.016984473 0.044283099 0.154491962
v 0.014247389 0.058238996 0.172455138
v 0.011008693 0.062478998 0.152931335
v 0.040642848 0.024331146 -0.000371716
v 0.007029992 0.015311185 -0.046935070
v 0.001615846 0.015039886 -0.013297422
v -0.060312313 0.056082803 0.428371613
v -0.071982383 0.011677003 0.428160861
v -0.089375948 0.038235688 0.433866882
v -0.060312313 0.056082803 0.428371613
v -0.038163528 0.036096685 0.411811638
v -0.049764481 0.021735258 0.418954122
v -0.041773358 0.065902100 0.375590167
v -0.058520421 0.088739755 0.368066519
v -0.052369304 0.084808389 0.368368242
v -0.058520421 0.088739755 0.368066519
v -0.041773358 0.065902100 0.375590167
v -0.065352523 0.088059236 0.408842431
v -0.060867016 0.106827796 0.125433400
v -0.015202585 0.115638642 0.091272248
v -0.023306337 0.115261323 0.138030992
v -0.015202585 0.115638642 0.091272248
v -0.060867016 0.106827796 0.125433400
v -0.046280689 0.106955776 0.079537351
v -0.061437382 0.037763973 0.264203943
v -0.072076836 0.029300500 0.283190692
v -0.062975665 0.057407347 0.291963704
v -0.072076836 0.029300500 0.283190692
v -0.061437382 0.037763973 0.264203943
v -0.071432275 0.018583614 0.243118879
v -0.089375948 0.038235688 0.433866882
v -0.073836896 0.076235664 0.424743254
v -0.060312313 0.056082803 0.428371613
v -0.073836896 0.076235664 0.424743254
v -0.089375948 0.038235688 0.433866882
v -0.107335320 0.067786622 0.424643704
v -0.072076836 0.029300500 0.283190692
v -0.053569434 0.037262923 0.294460570
v -0.062975665 0.057407347 0.291963704
v -0.053569434 0.037262923 0.294460570
v -0.072076836 0.029300500 0.283190692
v -0.063319333 0.018004447 0.286440947
v -0.064628592 0.001365646 0.419233668
v -0.071979616 0.011672960 0.428158654
v -0.049764481 0.021735258 0.418954122
v -0.082424878 0.097482583 0.203630490
v -0.029609664 0.111293889 0.182230968
v -0.041593643 0.109826975 0.232159560
v -0.029609664 0.111293889 0.182230968
v -0.082424878 0.097482583 0.203630490
v -0.068623926 0.100347975 0.157729842
v 0.088959805 0.103500285 -0.044694561
v 0.036928807 0.102963628 -0.073058816
v 0.104898574 0.103672185 -0.068863482
v -0.014525301 0.085620290 0.272805771
v 0.032912046 0.074026272 0.257471647
v 0.019797822 0.049718927 0.276184059
v 0.102818232 0.048118039 0.193994349
v 0.056302012 0.022384472 0.217421865
v 0.103729237 0.009134844 0.207123218
v 0.019797822 0.049718927 0.276184059
v 0.032912046 0.074026272 0.257471647
v 0.067232898 0.034613585 0.252804350
v 0.063667789 0.023878865 0.244622463
v 0.019797822 0.049718927 0.276184059
v 0.067232898 0.034613585 0.252804350
v -0.012856808 0.017779394 0.139737057
v 0.003026440 0.036095357 0.136246922
v -0.016164903 0.027963216 0.133980179
v -0.029261237 0.009766075 0.160357668
v -0.036426407 0.017881950 0.136944407
v -0.040109805 0.007872080 0.158144546
v -0.036426407 0.017881950 0.136944407
v -0.029261237 0.009766075 0.160357668
v -0.025419728 0.019763251 0.138901509
v -0.030114171 0.013377753 0.182217307
v -0.029261237 0.009766075 0.160357668
v -0.040109805 0.007872080 0.158144546
v -0.012856808 0.017779394 0.139737057
v -0.016164903 0.027963216 0.133980179
v -0.025419728 0.019763251 0.138901509
v -0.030114171 0.013377753 0.182217307
v -0.040109805 0.007872080 0.158144546
v -0.051473190 0.008558358 0.192989880
v -0.030114171 0.013377753 0.182217307
v -0.018322225 0.021118533 0.211029976
v -0.010858070 0.019162193 0.197658394
v 0.002414954 0.034430655 0.202921516
v 0.007353661 0.048402791 0.198066357
v 0.016550997 0.032008444 0.174522530
v 0.002492631 0.070532107 0.222277077
v -0.003409574 0.103173884 0.243154818
v -0.005663485 0.081467889 0.211737326
v 0.056302012 0.022384472 0.217421865
v 0.061800948 0.053084665 0.209457687
v 0.015939151 0.051771695 0.217117309
v 0.061800948 0.053084665 0.209457687
v 0.037652626 0.074901937 0.247144119
v 0.015939151 0.051771695 0.217117309
v 0.037652626 0.074901937 0.247144119
v 0.061800948 0.053084665 0.209457687
v 0.069288388 0.066436291 0.248885110
v 0.115869486 0.059170581 0.239189148
v 0.069820231 0.051812652 0.254578661
v 0.069288388 0.066436291 0.248885110
v 0.032912046 0.074026272 0.257471647
v 0.069820231 0.051812652 0.254578661
v 0.067232898 0.034613585 0.252804350
v 0.069820231 0.051812652 0.254578661
v 0.114003157 0.021832094 0.243232657
v 0.067232898 0.034613585 0.252804350
v 0.114003157 0.021832094 0.243232657
v 0.069820231 0.051812652 0.254578661
v 0.115869486 0.059170581 0.239189148
v -0.004375253 0.104080377 0.254238872
v -0.041593643 0.109826975 0.232159560
v -0.008905536 0.110156131 0.244186124
v -0.041593643 0.109826975 0.232159560
v -0.004375253 0.104080377 0.254238872
v -0.014525301 0.085620290 0.272805771
v -0.010947841 0.034245902 0.256422322
v -0.038166337 0.029403409 0.237748422
v -0.061437382 0.037763973 0.264203943
v -0.071432275 0.018583614 0.243118879
v -0.038166337 0.029403409 0.237748422
v -0.063136493 0.013391581 0.224758086
v -0.020835006 0.029581416 0.130970396
v 0.001912052 0.037179285 0.135759532
v 0.008269069 0.042267212 0.105848893
v 0.008269069 0.042267212 0.105848893
v 0.011673296 0.066468263 0.144313782
v 0.019414217 0.073176632 0.111063336
v 0.011673296 0.066468263 0.144313782
v 0.008269069 0.042267212 0.105848893
v 0.001912052 0.037179285 0.135759532
v 0.002050290 0.099690516 0.151848945
v 0.019414217 0.073176632 0.111063336
v 0.011673296 0.066468263 0.144313782
v 0.019414217 0.073176632 0.111063336
v 0.002050290 0.099690516 0.151848945
v 0.010080062 0.102694584 0.102474529
v -0.024387413 0.026410080 0.093996989
v -0.020835006 0.029581416 0.130970396
v 0.008269069 0.042267212 0.105848893
v -0.020835006 0.029581416 0.130970396
v -0.024387413 0.026410080 0.093996989
v -0.036426407 0.017881950 0.136944407
v -0.025419728 0.019763251 0.138901509
v -0.020835006 0.029581416 0.130970396
v -0.036426407 0.017881950 0.136944407
v -0.020835006 0.029581416 0.130970396
v -0.025419728 0.019763251 0.138901509
v -0.016164903 0.027963216 0.133980179
v 0.006919256 0.071751745 0.184248117
v 0.011673296 0.066468263 0.144313782
v 0.011008693 0.062478998 0.152931335
v 0.011673296 0.066468263 0.144313782
v 0.006919256 0.071751745 0.184248117
v 0.000943467 0.093398531 0.184779270
v -0.125679727 0.002791192 0.210609159
v -0.136953108 0.007033602 0.228661655
v -0.097618296 0.011717270 0.219737255
v -0.106201168 0.000783997 0.168163388
v -0.078861813 -0.012410703 0.142224834
v -0.099237874 -0.003860159 0.137469057
v -0.078861813 -0.012410703 0.142224834
v -0.106201168 0.000783997 0.168163388
v -0.086617684 -0.004306311 0.173414642
v -0.113931506 0.044511910 0.267657238
v -0.158572372 0.054488695 0.239409126
v -0.134372713 0.067316234 0.243426753
v -0.158572372 0.054488695 0.239409126
v -0.113931506 0.044511910 0.267657238
v -0.143886964 0.035405253 0.248574359
v -0.085469741 0.088282151 0.019814771
v -0.072040566 0.096682877 0.049718990
v -0.089575925 0.068960922 0.044230024
v -0.072040566 0.096682877 0.049718990
v -0.085469741 0.088282151 0.019814771
v -0.059416962 0.119219436 0.027959521
v -0.085060070 0.036056353 0.038632299
v -0.085469741 0.088282151 0.019814771
v -0.089575925 0.068960922 0.044230024
v -0.085469741 0.088282151 0.019814771
v -0.085060070 0.036056353 0.038632299
v -0.087604764 0.044698537 0.011780107
v -0.057393426 0.018046782 0.035284517
v -0.071049297 0.025613627 -0.011938411
v -0.085060070 0.036056353 0.038632299
v -0.071049297 0.025613627 -0.011938411
v -0.057393426 0.018046782 0.035284517
v -0.040390039 0.018502122 -0.013461367
v -0.086617684 -0.004306311 0.173414642
v -0.057388646 -0.004761986 0.148478130
v -0.078861813 -0.012410703 0.142224834
v -0.057388646 -0.004761986 0.148478130
v -0.086617684 -0.004306311 0.173414642
v -0.062499319 0.003345614 0.171853770
v -0.059416962 0.119219436 0.027959521
v -0.032821703 0.103949000 0.046365567
v -0.072040566 0.096682877 0.049718990
v -0.032821703 0.103949000 0.046365567
v -0.059416962 0.119219436 0.027959521
v -0.010829862 0.118451187 0.017698411
v -0.096606404 0.091674262 0.114496080
v -0.068623926 0.100347975 0.157729842
v -0.113466478 0.085317068 0.155396039
v -0.068623926 0.100347975 0.157729842
v -0.096606404 0.091674262 0.114496080
v -0.060867016 0.106827796 0.125433400
v -0.041667183 0.012405486 -0.059400616
v -0.067330561 0.017407784 -0.166989575
v -0.089954180 0.036545484 -0.070813498
v -0.067330561 0.017407784 -0.166989575
v -0.041667183 0.012405486 -0.059400616
v -0.027850354 0.004393664 -0.157776101
v -0.067330561 0.017407784 -0.166989575
v -0.014242658 0.003501512 -0.252078942
v -0.039023069 0.018431390 -0.254937619
v -0.014242658 0.003501512 -0.252078942
v -0.067330561 0.017407784 -0.166989575
v -0.027850354 0.004393664 -0.157776101
v -0.004896707 0.034957637 -0.056048172
v -0.033054246 0.094983491 -0.165693188
v 0.005184156 0.044165962 -0.155257711
v -0.033054246 0.094983491 -0.165693188
v -0.004896707 0.034957637 -0.056048172
v -0.027981989 0.102690383 -0.080112590
v 0.005184156 0.044165962 -0.155257711
v -0.026021933 0.063581083 -0.251932574
v 0.002011158 0.031672956 -0.250903377
v -0.026021933 0.063581083 -0.251932574
v 0.005184156 0.044165962 -0.155257711
v -0.033054246 0.094983491 -0.165693188
v -0.033054246 0.094983491 -0.165693188
v -0.088909925 0.082877573 -0.104689842
v -0.074555724 0.070126322 -0.168882195
v -0.088909925 0.082877573 -0.104689842
v -0.033054246 0.094983491 -0.165693188
v -0.027981989 0.102690383 -0.080112590
v -0.033054246 0.094983491 -0.165693188
v -0.045526080 0.055420648 -0.250728350
v -0.026021933 0.063581083 -0.251932574
v -0.045526080 0.055420648 -0.250728350
v -0.033054246 0.094983491 -0.165693188
v -0.074555724 0.070126322 -0.168882195
v -0.088909925 0.082877573 -0.104689842
v -0.067330561 0.017407784 -0.166989575
v -0.074555724 0.070126322 -0.168882195
v -0.067330561 0.017407784 -0.166989575
v -0.088909925 0.082877573 -0.104689842
v -0.089954180 0.036545484 -0.070813498
v -0.074555724 0.070126322 -0.168882195
v -0.039023069 0.018431390 -0.254937619
v -0.045526080 0.055420648 -0.250728350
v -0.039023069 0.018431390 -0.254937619
v -0.074555724 0.070126322 -0.168882195
v -0.067330561 0.017407784 -0.166989575
v -0.045794613 0.083888850 -0.517890734
v -0.022567204 0.129223238 -0.512102286
v -0.053099228 0.117585566 -0.510221850
v -0.022567204 0.129223238 -0.512102286
v -0.045794613 0.083888850 -0.517890734
v -0.012263442 0.093253697 -0.520492658
v -0.018111660 0.020565070 -0.293471582
v -0.037155357 0.049846850 -0.379464477
v -0.048038192 0.032252217 -0.319519210
v -0.037155357 0.049846850 -0.379464477
v -0.018111660 0.020565070 -0.293471582
v -0.012310902 0.037466416 -0.374034612
v -0.012310902 0.037466416 -0.374034612
v -0.025993405 0.067529643 -0.454401676
v -0.037155357 0.049846850 -0.379464477
v -0.025993405 0.067529643 -0.454401676
v -0.012310902 0.037466416 -0.374034612
v -0.007494073 0.051531711 -0.457424328
v 0.005688894 0.051050127 -0.319257920
v -0.021759849 0.094313805 -0.364839655
v -0.001262018 0.060992559 -0.377236203
v -0.021759849 0.094313805 -0.364839655
v 0.005688894 0.051050127 -0.319257920
v -0.026231024 0.088175538 -0.287072881
v -0.001262018 0.060992559 -0.377236203
v -0.017926510 0.094026124 -0.446543015
v -0.003017036 0.074584616 -0.465285748
v -0.017926510 0.094026124 -0.446543015
v -0.001262018 0.060992559 -0.377236203
v -0.021759849 0.094313805 -0.364839655
v -0.026231024 0.088175538 -0.287072881
v -0.053606100 0.080938623 -0.368649705
v -0.021759849 0.094313805 -0.364839655
v -0.053606100 0.080938623 -0.368649705
v -0.026231024 0.088175538 -0.287072881
v -0.064713562 0.072390970 -0.296951379
v -0.021759849 0.094313805 -0.364839655
v -0.034337170 0.086702921 -0.444070041
v -0.017926510 0.094026124 -0.446543015
v -0.034337170 0.086702921 -0.444070041
v -0.021759849 0.094313805 -0.364839655
v -0.053606100 0.080938623 -0.368649705
v -0.064713562 0.072390970 -0.296951379
v -0.037155357 0.049846850 -0.379464477
v -0.053606100 0.080938623 -0.368649705
v -0.037155357 0.049846850 -0.379464477
v -0.064713562 0.072390970 -0.296951379
v -0.048038192 0.032252217 -0.319519210
v -0.053606100 0.080938623 -0.368649705
v -0.025993405 0.067529643 -0.454401676
v -0.034337170 0.086702921 -0.444070041
v -0.025993405 0.067529643 -0.454401676
v -0.053606100 0.080938623 -0.368649705
v -0.037155357 0.049846850 -0.379464477
v -0.089954180 0.036545484 -0.070813498
v -0.071049297 0.025613627 -0.011938411
v -0.041667183 0.012405486 -0.059400616
v -0.071049297 0.025613627 -0.011938411
v -0.089954180 0.036545484 -0.070813498
v -0.092340785 0.048261001 -0.025486990
v -0.040390039 0.018502122 -0.013461367
v 0.007029992 0.015311185 -0.046935070
v -0.004896707 0.034957637 -0.056048172
v -0.059416962 0.119219436 0.027959521
v -0.085840984 0.100579904 -0.020011225
v -0.050304772 0.130892871 -0.013505032
v -0.085840984 0.100579904 -0.020011225
v -0.059416962 0.119219436 0.027959521
v -0.085469741 0.088282151 0.019814771
v -0.050304772 0.130892871 -0.013505032
v -0.085108169 0.087621471 -0.074031676
v -0.045144260 0.116289117 -0.061107876
v -0.085108169 0.087621471 -0.074031676
v -0.050304772 0.130892871 -0.013505032
v -0.085840984 0.100579904 -0.020011225
v -0.045144260 0.116289117 -0.061107876
v -0.085108169 0.087621471 -0.074031676
v -0.027981989 0.102690383 -0.080112590
v -0.018111660 0.020565070 -0.293471582
v -0.039023069 0.018431390 -0.254937619
v -0.014242658 0.003501512 -0.252078942
v -0.039023069 0.018431390 -0.254937619
v -0.018111660 0.020565070 -0.293471582
v -0.048038192 0.032252217 -0.319519210
v -0.048038192 0.032252217 -0.319519210
v -0.045526080 0.055420648 -0.250728350
v -0.039023069 0.018431390 -0.254937619
v -0.045526080 0.055420648 -0.250728350
v -0.048038192 0.032252217 -0.319519210
v -0.064713562 0.072390970 -0.296951379
v -0.045526080 0.055420648 -0.250728350
v -0.026231024 0.088175538 -0.287072881
v -0.026021933 0.063581083 -0.251932574
v -0.026231024 0.088175538 -0.287072881
v -0.045526080 0.055420648 -0.250728350
v -0.064713562 0.072390970 -0.296951379
v -0.026021933 0.063581083 -0.251932574
v 0.005688894 0.051050127 -0.319257920
v 0.002011158 0.031672956 -0.250903377
v 0.005688894 0.051050127 -0.319257920
v -0.026021933 0.063581083 -0.251932574
v -0.026231024 0.088175538 -0.287072881
v -0.085469741 0.088282151 0.019814771
v -0.092340785 0.048261001 -0.025486990
v -0.085840984 0.100579904 -0.020011225
v -0.092340785 0.048261001 -0.025486990
v -0.085469741 0.088282151 0.019814771
v -0.087604764 0.044698537 0.011780107
v -0.085840984 0.100579904 -0.020011225
v -0.089954180 0.036545484 -0.070813498
v -0.085108169 0.087621471 -0.074031676
v -0.089954180 0.036545484 -0.070813498
v -0.085840984 0.100579904 -0.020011225
v -0.092340785 0.048261001 -0.025486990
v -0.085108169 0.087621471 -0.074031676
v -0.089954180 0.036545484 -0.070813498
v -0.088909925 0.082877573 -0.104689842
v -0.077433522 0.095114661 0.071247045
v -0.096606404 0.091674262 0.114496080
v -0.110483080 0.079828232 0.111068773
v -0.112372984 0.063119948 0.115132511
v -0.126013767 0.054070238 0.144151822
v -0.097136767 0.031821114 0.109410027
v -0.099752316 0.028167905 0.117486824
v -0.070702539 0.014108814 0.112471013
v -0.097136767 0.031821114 0.109410027
v -0.070702539 0.014108814 0.112471013
v -0.099752316 0.028167905 0.117486824
v -0.071861700 0.012896815 0.112282048
v -0.070702539 0.014108814 0.112471013
v -0.053608973 0.016363945 0.121997742
v -0.049498421 0.020620582 0.121790596
v -0.053608973 0.016363945 0.121997742
v -0.070702539 0.014108814 0.112471013
v -0.071861700 0.012896815 0.112282048
v -0.169761629 -0.007026223 0.165001323
v -0.168742718 0.024489063 0.158526991
v -0.180550976 0.022375830 0.116073512
v -0.188970010 -0.017729898 0.119752846
v -0.214619494 0.021748329 0.089363520
v -0.219011043 -0.013316534 0.085900402
v -0.214619494 0.021748329 0.089363520
v -0.188970010 -0.017729898 0.119752846
v -0.180550976 0.022375830 0.116073512
v -0.205621780 0.033827313 0.177008892
v -0.180550976 0.022375830 0.116073512
v -0.168742718 0.024489063 0.158526991
v -0.180550976 0.022375830 0.116073512
v -0.205621780 0.033827313 0.177008892
v -0.225208234 0.028983613 0.133310963
v -0.180550976 0.022375830 0.116073512
v -0.235948673 0.019402619 0.072812890
v -0.214619494 0.021748329 0.089363520
v -0.235948673 0.019402619 0.072812890
v -0.180550976 0.022375830 0.116073512
v -0.225208234 0.028983613 0.133310963
v -0.190980648 0.037216894 0.206144885
v -0.205621780 0.033827313 0.177008892
v -0.187628368 0.041450933 0.199934052
v -0.205621780 0.033827313 0.177008892
v -0.190980648 0.037216894 0.206144885
v -0.209507764 0.018707194 0.178691562
v -0.225208234 0.028983613 0.133310963
v -0.235096983 -0.009723504 0.078293246
v -0.235948673 0.019402619 0.072812890
v -0.235096983 -0.009723504 0.078293246
v -0.225208234 0.028983613 0.133310963
v -0.224817804 -0.008611519 0.133981534
v -0.196000209 -0.008190300 0.175323249
v -0.188970010 -0.017729898 0.119752846
v -0.224817804 -0.008611519 0.133981534
v -0.224817804 -0.008611519 0.133981534
v -0.219011043 -0.013316534 0.085900402
v -0.235096983 -0.009723504 0.078293246
v -0.219011043 -0.013316534 0.085900402
v -0.224817804 -0.008611519 0.133981534
v -0.188970010 -0.017729898 0.119752846
v -0.198131512 -0.015882354 0.105143668
v -0.134101849 0.014479978 0.102853480
v -0.139591601 -0.010800890 0.104585780
v -0.134101849 0.014479978 0.102853480
v -0.198131512 -0.015882354 0.105143668
v -0.193381044 0.025911877 0.108089971
v -0.139591601 -0.010800890 0.104585780
v -0.089625892 0.004488597 0.104020822
v -0.089007971 -0.008880969 0.103381102
v -0.089625892 0.004488597 0.104020822
v -0.139591601 -0.010800890 0.104585780
v -0.134101849 0.014479978 0.102853480
v -0.193381044 0.025911877 0.108089971
v -0.138713722 0.008290556 0.065110163
v -0.134101849 0.014479978 0.102853480
v -0.138713722 0.008290556 0.065110163
v -0.193381044 0.025911877 0.108089971
v -0.199062190 0.019181680 0.057883270
v -0.134101849 0.014479978 0.102853480
v -0.088335845 0.003058348 0.077628539
v -0.089625892 0.004488597 0.104020822
v -0.088335845 0.003058348 0.077628539
v -0.134101849 0.014479978 0.102853480
v -0.138713722 0.008290556 0.065110163
v -0.199062190 0.019181680 0.057883270
v -0.143317965 -0.012172589 0.066857635
v -0.138713722 0.008290556 0.065110163
v -0.143317965 -0.012172589 0.066857635
v -0.199062190 0.019181680 0.057883270
v -0.202864658 -0.016829006 0.068663093
v -0.138713722 0.008290556 0.065110163
v -0.088104632 -0.008203991 0.077699918
v -0.088335845 0.003058348 0.077628539
v -0.088104632 -0.008203991 0.077699918
v -0.138713722 0.008290556 0.065110163
v -0.143317965 -0.012172589 0.066857635
v -0.202864658 -0.016829006 0.068663093
v -0.139591601 -0.010800890 0.104585780
v -0.143317965 -0.012172589 0.066857635
v -0.139591601 -0.010800890 0.104585780
v -0.202864658 -0.016829006 0.068663093
v -0.198131512 -0.015882354 0.105143668
v -0.143317965 -0.012172589 0.066857635
v -0.089007971 -0.008880969 0.103381102
v -0.088104632 -0.008203991 0.077699918
v -0.089007971 -0.008880969 0.103381102
v -0.143317965 -0.012172589 0.066857635
v -0.139591601 -0.010800890 0.104585780
v 0.026392178 0.003338800 0.145507648
v 0.017348676 0.015559736 0.102111300
v 0.024703489 0.009560297 0.101533392
v 0.017348676 0.015559736 0.102111300
v 0.026392178 0.003338800 0.145507648
v 0.018601459 0.009887453 0.146500789
v -0.025111414 0.022496674 0.140287987
v -0.014264409 0.014954974 0.137440371
v -0.021737789 0.016917985 0.147176470
v -0.014264409 0.014954974 0.137440371
v -0.025111414 0.022496674 0.140287987
v -0.017809147 0.022512836 0.134400060
v -0.053210805 0.012439796 0.081048997
v -0.032487889 -0.004387568 0.133190690
v -0.063600789 0.004815662 0.126753143
v -0.032487889 -0.004387568 0.133190690
v -0.053210805 0.012439796 0.081048997
v -0.011349437 0.010713325 0.087932237
v -0.053210805 0.012439796 0.081048997
v -0.007159293 0.002209424 0.086186084
v -0.011349437 0.010713325 0.087932237
v -0.007159293 0.002209424 0.086186084
v -0.053210805 0.012439796 0.081048997
v -0.049868298 -0.007006920 0.075527147
v -0.060222524 -0.020357859 0.121934797
v -0.007159293 0.002209424 0.086186084
v -0.049868298 -0.007006920 0.075527147
v -0.007159293 0.002209424 0.086186084
v -0.060222524 -0.020357859 0.121934797
v -0.023304669 -0.017512447 0.127340668
v -0.235096983 -0.009723504 0.078293246
v -0.198131512 -0.015882354 0.105143668
v -0.202864658 -0.016829006 0.068663093
v -0.198131512 -0.015882354 0.105143668
v -0.235096983 -0.009723504 0.078293246
v -0.219011043 -0.013316534 0.085900402
v -0.219011043 -0.013316534 0.085900402
v -0.193381044 0.025911877 0.108089971
v -0.198131512 -0.015882354 0.105143668
v -0.193381044 0.025911877 0.108089971
v -0.219011043 -0.013316534 0.085900402
v -0.214619494 0.021748329 0.089363520
v -0.235948673 0.019402619 0.072812890
v -0.193381044 0.025911877 0.108089971
v -0.214619494 0.021748329 0.089363520
v -0.193381044 0.025911877 0.108089971
v -0.235948673 0.019402619 0.072812890
v -0.199062190 0.019181680 0.057883270
v -0.199062190 0.019181680 0.057883270
v -0.235096983 -0.009723504 0.078293246
v -0.202864658 -0.016829006 0.068663093
v -0.235096983 -0.009723504 0.078293246
v -0.199062190 0.019181680 0.057883270
v -0.235948673 0.019402619 0.072812890
v -0.182411229 0.017361163 0.236668074
v -0.174851244 0.006657911 0.234877300
v -0.196000209 -0.008190300 0.175323249
v -0.174851244 0.006657911 0.234877300
v -0.143886964 0.035405253 0.248574359
v -0.142402536 0.021269763 0.245218953
v -0.143886964 0.035405253 0.248574359
v -0.174851244 0.006657911 0.234877300
v -0.182411229 0.017361163 0.236668074
v -0.110483080 0.079828232 0.111068773
v -0.113466478 0.085317068 0.155396039
v -0.133720653 0.076885120 0.157216267
v -0.113466478 0.085317068 0.155396039
v -0.110483080 0.079828232 0.111068773
v -0.096606404 0.091674262 0.114496080
v -0.143886964 0.035405253 0.248574359
v -0.113931506 0.044511910 0.267657238
v -0.113326781 0.030514724 0.261863991
v -0.161064658 -0.006790946 0.219860041
v -0.125679727 0.002791192 0.210609159
v -0.153618868 0.000816143 0.202548294
v -0.125679727 0.002791192 0.210609159
v -0.161064658 -0.006790946 0.219860041
v -0.136953108 0.007033602 0.228661655
v -0.169761629 -0.007026223 0.165001323
v -0.161064658 -0.006790946 0.219860041
v -0.153618868 0.000816143 0.202548294
v -0.158572372 0.054488695 0.239409126
v -0.131357103 0.082020417 0.203434451
v -0.134372713 0.067316234 0.243426753
v -0.131357103 0.082020417 0.203434451
v -0.091887565 0.081216286 0.254599798
v -0.134372713 0.067316234 0.243426753
v -0.091887565 0.081216286 0.254599798
v -0.131357103 0.082020417 0.203434451
v -0.082424878 0.097482583 0.203630490
v -0.182411229 0.017361163 0.236668074
v -0.158572372 0.054488695 0.239409126
v -0.143886964 0.035405253 0.248574359
v -0.190980648 0.037216894 0.206144885
v -0.167207335 0.059416970 0.206212556
v -0.158572372 0.054488695 0.239409126
v -0.187628368 0.041450933 0.199934052
v -0.135254782 0.027861277 0.178196675
v -0.160154138 0.058041734 0.195823732
v -0.135254782 0.027861277 0.178196675
v -0.187628368 0.041450933 0.199934052
v -0.149445044 0.021844285 0.194488075
v -0.119334943 0.004522234 0.188523489
v -0.135254782 0.027861277 0.178196675
v -0.149445044 0.021844285 0.194488075
v -0.110153887 0.019702478 0.132645619
v -0.099752316 0.028167905 0.117486824
v -0.118536196 0.032888668 0.144101253
v -0.126013767 0.054070238 0.144151822
v -0.112372984 0.063119948 0.115132511
v -0.132414108 0.067743165 0.149295153
v -0.089007971 -0.008880969 0.103381102
v -0.063600789 0.004815662 0.126753143
v -0.060222524 -0.020357859 0.121934797
v -0.063600789 0.004815662 0.126753143
v -0.089007971 -0.008880969 0.103381102
v -0.089625892 0.004488597 0.104020822
v -0.089007971 -0.008880969 0.103381102
v -0.049868298 -0.007006920 0.075527147
v -0.088104632 -0.008203991 0.077699918
v -0.049868298 -0.007006920 0.075527147
v -0.089007971 -0.008880969 0.103381102
v -0.060222524 -0.020357859 0.121934797
v -0.088104632 -0.008203991 0.077699918
v -0.053210805 0.012439796 0.081048997
v -0.088335845 0.003058348 0.077628539
v -0.053210805 0.012439796 0.081048997
v -0.088104632 -0.008203991 0.077699918
v -0.049868298 -0.007006920 0.075527147
v -0.053210805 0.012439796 0.081048997
v -0.089625892 0.004488597 0.104020822
v -0.088335845 0.003058348 0.077628539
v -0.089625892 0.004488597 0.104020822
v -0.053210805 0.012439796 0.081048997
v -0.063600789 0.004815662 0.126753143
v -0.113931506 0.044511910 0.267657238
v -0.117718620 0.046313750 0.295496944
v -0.113326781 0.030514724 0.261863991
v -0.117718620 0.046313750 0.295496944
v -0.113931506 0.044511910 0.267657238
v -0.116791434 0.063799800 0.296972927
v -0.092876593 0.054876107 0.277535433
v -0.116791434 0.063799800 0.296972927
v -0.113931506 0.044511910 0.267657238
v -0.116791434 0.063799800 0.296972927
v -0.092876593 0.054876107 0.277535433
v -0.100317954 0.078228470 0.300149977
v -0.011349437 0.010713325 0.087932237
v 0.018601459 0.009887453 0.146500789
v -0.032487889 -0.004387568 0.133190690
v 0.018601459 0.009887453 0.146500789
v -0.011349437 0.010713325 0.087932237
v 0.017348676 0.015559736 0.102111300
v -0.032487889 -0.004387568 0.133190690
v 0.026392178 0.003338800 0.145507648
v -0.023304669 -0.017512447 0.127340668
v 0.026392178 0.003338800 0.145507648
v -0.032487889 -0.004387568 0.133190690
v 0.018601459 0.009887453 0.146500789
v 0.026392178 0.003338800 0.145507648
v -0.007159293 0.002209424 0.086186084
v -0.023304669 -0.017512447 0.127340668
v -0.007159293 0.002209424 0.086186084
v 0.026392178 0.003338800 0.145507648
v 0.024703489 0.009560297 0.101533392
v 0.024703489 0.009560297 0.101533392
v -0.011349437 0.010713325 0.087932237
v -0.007159293 0.002209424 0.086186084
v -0.011349437 0.010713325 0.087932237
v 0.024703489 0.009560297 0.101533392
v 0.017348676 0.015559736 0.102111300
v -0.060222524 -0.020357859 0.121934797
v -0.041061886 0.010183360 0.139255300
v -0.031826520 0.001096937 0.148002433
v -0.041061886 0.010183360 0.139255300
v -0.060222524 -0.020357859 0.121934797
v -0.063600789 0.004815662 0.126753143
v -0.041061886 0.010183360 0.139255300
v -0.032487889 -0.004387568 0.133190690
v -0.025828093 0.001788534 0.135968275
v -0.032487889 -0.004387568 0.133190690
v -0.041061886 0.010183360 0.139255300
v -0.063600789 0.004815662 0.126753143
v -0.032487889 -0.004387568 0.133190690
v -0.026225548 -0.012147333 0.131590389
v -0.025828093 0.001788534 0.135968275
v -0.026225548 -0.012147333 0.131590389
v -0.032487889 -0.004387568 0.133190690
v -0.023304669 -0.017512447 0.127340668
v -0.026225548 -0.012147333 0.131590389
v -0.060222524 -0.020357859 0.121934797
v -0.031826520 0.001096937 0.148002433
v -0.060222524 -0.020357859 0.121934797
v -0.026225548 -0.012147333 0.131590389
v -0.023304669 -0.017512447 0.127340668
v -0.031826520 0.001096937 0.148002433
v -0.025111414 0.022496674 0.140287987
v -0.021737789 0.016917985 0.147176470
v -0.025111414 0.022496674 0.140287987
v -0.031826520 0.001096937 0.148002433
v -0.041061886 0.010183360 0.139255300
v -0.041061886 0.010183360 0.139255300
v -0.017809147 0.022512836 0.134400060
v -0.025111414 0.022496674 0.140287987
v -0.017809147 0.022512836 0.134400060
v -0.041061886 0.010183360 0.139255300
v -0.025828093 0.001788534 0.135968275
v -0.025828093 0.001788534 0.135968275
v -0.014264409 0.014954974 0.137440371
v -0.017809147 0.022512836 0.134400060
v -0.014264409 0.014954974 0.137440371
v -0.025828093 0.001788534 0.135968275
v -0.026225548 -0.012147333 0.131590389
v -0.026225548 -0.012147333 0.131590389
v -0.021737789 0.016917985 0.147176470
v -0.014264409 0.014954974 0.137440371
v -0.021737789 0.016917985 0.147176470
v -0.026225548 -0.012147333 0.131590389
v -0.031826520 0.001096937 0.148002433
v -0.030197117 0.025525735 -0.512317528
v 0.008177578 -0.000451700 -0.543564852
v -0.035806463 0.020935183 -0.532845163
v 0.008177578 -0.000451700 -0.543564852
v -0.030197117 0.025525735 -0.512317528
v 0.006760569 0.002208862 -0.525714290
v -0.014396639 0.122428085 -0.481888913
v -0.012263442 0.093253697 -0.520492658
v -0.002955323 0.088169075 -0.498806394
v -0.012263442 0.093253697 -0.520492658
v -0.014396639 0.122428085 -0.481888913
v -0.022567204 0.129223238 -0.512102286
v -0.017926510 0.094026124 -0.446543015
v -0.050138394 0.107833894 -0.476739376
v -0.014396639 0.122428085 -0.481888913
v -0.050138394 0.107833894 -0.476739376
v -0.017926510 0.094026124 -0.446543015
v -0.034337170 0.086702921 -0.444070041
v -0.045794613 0.083888850 -0.517890734
v -0.050138394 0.107833894 -0.476739376
v -0.040968037 0.074805441 -0.486205114
v -0.050138394 0.107833894 -0.476739376
v -0.045794613 0.083888850 -0.517890734
v -0.053099228 0.117585566 -0.510221850
v -0.007494073 0.051531711 -0.457424328
v -0.030197117 0.025525735 -0.512317528
v -0.025993405 0.067529643 -0.454401676
v -0.030197117 0.025525735 -0.512317528
v -0.007494073 0.051531711 -0.457424328
v 0.006760569 0.002208862 -0.525714290
v -0.012263442 0.093253697 -0.520492658
v 0.022884299 0.018907820 -0.527590792
v -0.002955323 0.088169075 -0.498806394
v 0.022884299 0.018907820 -0.527590792
v -0.012263442 0.093253697 -0.520492658
v 0.024883046 0.015795705 -0.542532389
v -0.012263442 0.093253697 -0.520492658
v -0.035806463 0.020935183 -0.532845163
v 0.024883046 0.015795705 -0.542532389
v -0.035806463 0.020935183 -0.532845163
v -0.012263442 0.093253697 -0.520492658
v -0.045794613 0.083888850 -0.517890734
v -0.045794613 0.083888850 -0.517890734
v -0.030197117 0.025525735 -0.512317528
v -0.035806463 0.020935183 -0.532845163
v -0.030197117 0.025525735 -0.512317528
v -0.045794613 0.083888850 -0.517890734
v -0.040968037 0.074805441 -0.486205114
v -0.040390039 0.018502122 -0.013461367
v -0.004896707 0.034957637 -0.056048172
v -0.041667183 0.012405486 -0.059400616
v -0.071049297 0.025613627 -0.011938411
v -0.040390039 0.018502122 -0.013461367
v -0.041667183 0.012405486 -0.059400616
v -0.041667183 0.012405486 -0.059400616
v 0.005184156 0.044165962 -0.155257711
v -0.027850354 0.004393664 -0.157776101
v -0.027850354 0.004393664 -0.157776101
v 0.002011158 0.031672956 -0.250903377
v -0.014242658 0.003501512 -0.252078942
v 0.002011158 0.031672956 -0.250903377
v -0.027850354 0.004393664 -0.157776101
v 0.005184156 0.044165962 -0.155257711
v -0.014242658 0.003501512 -0.252078942
v 0.005688894 0.051050127 -0.319257920
v -0.018111660 0.020565070 -0.293471582
v 0.005688894 0.051050127 -0.319257920
v -0.014242658 0.003501512 -0.252078942
v 0.002011158 0.031672956 -0.250903377
v 0.005688894 0.051050127 -0.319257920
v -0.012310902 0.037466416 -0.374034612
v -0.018111660 0.020565070 -0.293471582
v -0.012310902 0.037466416 -0.374034612
v 0.005688894 0.051050127 -0.319257920
v -0.001262018 0.060992559 -0.377236203
v -0.001262018 0.060992559 -0.377236203
v -0.007494073 0.051531711 -0.457424328
v -0.012310902 0.037466416 -0.374034612
v -0.007494073 0.051531711 -0.457424328
v -0.001262018 0.060992559 -0.377236203
v -0.003017036 0.074584616 -0.465285748
v -0.007494073 0.051531711 -0.457424328
v 0.022884299 0.018907820 -0.527590792
v 0.006760569 0.002208862 -0.525714290
v 0.022884299 0.018907820 -0.527590792
v -0.007494073 0.051531711 -0.457424328
v -0.003017036 0.074584616 -0.465285748
v 0.006760569 0.002208862 -0.525714290
v 0.024883046 0.015795705 -0.542532389
v 0.008177578 -0.000451700 -0.543564852
v 0.024883046 0.015795705 -0.542532389
v 0.006760569 0.002208862 -0.525714290
v 0.022884299 0.018907820 -0.527590792
v 0.022884299 0.018907820 -0.527590792
v -0.003017036 0.074584616 -0.465285748
v -0.002955323 0.088169075 -0.498806394
v -0.003017036 0.074584616 -0.465285748
v -0.014396639 0.122428085 -0.481888913
v -0.002955323 0.088169075 -0.498806394
v -0.014396639 0.122428085 -0.481888913
v -0.003017036 0.074584616 -0.465285748
v -0.017926510 0.094026124 -0.446543015
v -0.050138394 0.107833894 -0.476739376
v -0.022567204 0.129223238 -0.512102286
v -0.014396639 0.122428085 -0.481888913
v -0.022567204 0.129223238 -0.512102286
v -0.050138394 0.107833894 -0.476739376
v -0.053099228 0.117585566 -0.510221850
v -0.034337170 0.086702921 -0.444070041
v -0.040968037 0.074805441 -0.486205114
v -0.050138394 0.107833894 -0.476739376
v -0.040968037 0.074805441 -0.486205114
v -0.034337170 0.086702921 -0.444070041
v -0.025993405 0.067529643 -0.454401676
v -0.040968037 0.074805441 -0.486205114
v -0.025993405 0.067529643 -0.454401676
v -0.030197117 0.025525735 -0.512317528
v -0.085060070 0.036056353 0.038632299
v -0.071049297 0.025613627 -0.011938411
v -0.087604764 0.044698537 0.011780107
v -0.087604764 0.044698537 0.011780107
v -0.071049297 0.025613627 -0.011938411
v -0.092340785 0.048261001 -0.025486990
v -0.004896707 0.034957637 -0.056048172
v 0.007029992 0.015311185 -0.046935070
v 0.007584810 0.050203339 -0.065907735
v -0.110116664 0.020251316 0.306861774
v -0.085734214 0.016816419 0.291581518
v -0.101563913 0.036382484 0.289464542
v -0.085734214 0.016816419 0.291581518
v -0.110116664 0.020251316 0.306861774
v -0.094296228 0.007659241 0.297551640
v -0.123299829 0.040931281 0.320514900
v -0.116791434 0.063799800 0.296972927
v -0.125615046 0.060354134 0.327368439
v -0.116791434 0.063799800 0.296972927
v -0.123299829 0.040931281 0.320514900
v -0.117718620 0.046313750 0.295496944
v -0.116847664 0.020144419 0.423311165
v -0.071979616 0.011672960 0.428158654
v -0.089120936 -0.003282847 0.415431348
v -0.071979616 0.011672960 0.428158654
v -0.116847664 0.020144419 0.423311165
v -0.071982383 0.011677003 0.428160861
v -0.085690519 -0.022219371 0.373746808
v -0.087741086 -0.013375972 0.400576190
v -0.067967198 -0.021528034 0.373966594
v -0.110116664 0.020251316 0.306861774
v -0.103025869 -0.001487271 0.325737060
v -0.094296228 0.007659241 0.297551640
v -0.103025869 -0.001487271 0.325737060
v -0.110116664 0.020251316 0.306861774
v -0.123208053 0.017718377 0.331683784
v -0.114466876 0.028732505 0.313869894
v -0.123208053 0.017718377 0.331683784
v -0.110116664 0.020251316 0.306861774
v -0.123208053 0.017718377 0.331683784
v -0.114466876 0.028732505 0.313869894
v -0.138459867 0.030082352 0.360662324
v -0.126715240 0.011906256 0.367987066
v -0.105975320 -0.007009906 0.405741842
v -0.110687162 -0.009717917 0.367716455
v -0.105975320 -0.007009906 0.405741842
v -0.126715240 0.011906256 0.367987066
v -0.124927482 0.013400189 0.405204595
v -0.126715240 0.011906256 0.367987066
v -0.141062874 0.039931689 0.402065639
v -0.124927482 0.013400189 0.405204595
v -0.125615046 0.060354134 0.327368439
v -0.139350609 0.037357632 0.360831453
v -0.123299829 0.040931281 0.320514900
v -0.139350609 0.037357632 0.360831453
v -0.125615046 0.060354134 0.327368439
v -0.138612845 0.062037987 0.358489935
v -0.116336592 0.091005498 0.360309749
v -0.138824045 0.059265641 0.400744074
v -0.138612845 0.062037987 0.358489935
v -0.138824045 0.059265641 0.400744074
v -0.116336592 0.091005498 0.360309749
v -0.116757118 0.085550804 0.403746085
v -0.114466876 0.028732505 0.313869894
v -0.110116664 0.020251316 0.306861774
v -0.101563913 0.036382484 0.289464542
v -0.105975320 -0.007009906 0.405741842
v -0.087741086 -0.013375972 0.400576190
v -0.085690519 -0.022219371 0.373746808
v -0.108779307 -0.008276781 0.346310025
v -0.083609947 -0.019819820 0.338745280
v -0.084612052 -0.011236806 0.317223667
v -0.094296228 0.007659241 0.297551640
v -0.068741961 -0.003644771 0.288303882
v -0.085734214 0.016816419 0.291581518
v -0.068741961 -0.003644771 0.288303882
v -0.063319333 0.018004447 0.286440947
v -0.085734214 0.016816419 0.291581518
v -0.063319333 0.018004447 0.286440947
v -0.068741961 -0.003644771 0.288303882
v -0.048803079 -0.004805637 0.286258383
v -0.089120936 -0.003282847 0.415431348
v -0.087741086 -0.013375972 0.400576190
v -0.105975320 -0.007009906 0.405741842
v -0.116847664 0.020144419 0.423311165
v -0.141062874 0.039931689 0.402065639
v -0.128901265 0.041232354 0.419814473
v -0.141062874 0.039931689 0.402065639
v -0.116847664 0.020144419 0.423311165
v -0.124927482 0.013400189 0.405204595
v -0.138824045 0.059265641 0.400744074
v -0.107335320 0.067786622 0.424643704
v -0.128901265 0.041232354 0.419814473
v -0.107335320 0.067786622 0.424643704
v -0.138824045 0.059265641 0.400744074
v -0.116757118 0.085550804 0.403746085
v -0.105975320 -0.007009906 0.405741842
v -0.124927482 0.013400189 0.405204595
v -0.116847664 0.020144419 0.423311165
v -0.100317954 0.078228470 0.300149977
v -0.125615046 0.060354134 0.327368439
v -0.116791434 0.063799800 0.296972927
v -0.125615046 0.060354134 0.327368439
v -0.100317954 0.078228470 0.300149977
v -0.106946120 0.080591988 0.329354229
v -0.106946120 0.080591988 0.329354229
v -0.138612845 0.062037987 0.358489935
v -0.125615046 0.060354134 0.327368439
v -0.138612845 0.062037987 0.358489935
v -0.106946120 0.080591988 0.329354229
v -0.116336592 0.091005498 0.360309749
v -0.138824045 0.059265641 0.400744074
v -0.139350609 0.037357632 0.360831453
v -0.138612845 0.062037987 0.358489935
v -0.139350609 0.037357632 0.360831453
v -0.138824045 0.059265641 0.400744074
v -0.141062874 0.039931689 0.402065639
v -0.128901265 0.041232354 0.419814473
v -0.141062874 0.039931689 0.402065639
v -0.138824045 0.059265641 0.400744074
v -0.143544024 0.026823132 0.355895402
v -0.132854633 0.017909704 0.358175729
v -0.126233926 0.015036897 0.336154841
v -0.132854633 0.017909704 0.358175729
v -0.143544024 0.026823132 0.355895402
v -0.139389332 0.020999070 0.368577202
v -0.123208053 0.017718377 0.331683784
v -0.143544024 0.026823132 0.355895402
v -0.126233926 0.015036897 0.336154841
v -0.143544024 0.026823132 0.355895402
v -0.123208053 0.017718377 0.331683784
v -0.138459867 0.030082352 0.360662324
v -0.138459867 0.030082352 0.360662324
v -0.139389332 0.020999070 0.368577202
v -0.143544024 0.026823132 0.355895402
v -0.139389332 0.020999070 0.368577202
v -0.138459867 0.030082352 0.360662324
v -0.126715240 0.011906256 0.367987066
v -0.126715240 0.011906256 0.367987066
v -0.132854633 0.017909704 0.358175729
v -0.139389332 0.020999070 0.368577202
v -0.132854633 0.017909704 0.358175729
v -0.126715240 0.011906256 0.367987066
v -0.121470673 0.005890151 0.350487085
v -0.121470673 0.005890151 0.350487085
v -0.126233926 0.015036897 0.336154841
v -0.132854633 0.017909704 0.358175729
v -0.126233926 0.015036897 0.336154841
v -0.121470673 0.005890151 0.350487085
v -0.123208053 0.017718377 0.331683784
v -0.088396365 -0.017734088 0.361661467
v -0.108779307 -0.008276781 0.346310025
v -0.110687162 -0.009717917 0.367716455
v -0.108779307 -0.008276781 0.346310025
v -0.088396365 -0.017734088 0.361661467
v -0.083609947 -0.019819820 0.338745280
v -0.108779307 -0.008276781 0.346310025
v -0.126715240 0.011906256 0.367987066
v -0.110687162 -0.009717917 0.367716455
v -0.126715240 0.011906256 0.367987066
v -0.108779307 -0.008276781 0.346310025
v -0.121470673 0.005890151 0.350487085
v -0.101563913 0.036382484 0.289464542
v -0.113326781 0.030514724 0.261863991
v -0.117718620 0.046313750 0.295496944
v -0.113326781 0.030514724 0.261863991
v -0.101563913 0.036382484 0.289464542
v -0.097940556 0.026456169 0.252522601
v -0.113326781 0.030514724 0.261863991
v -0.142402536 0.021269763 0.245218953
v -0.143886964 0.035405253 0.248574359
v -0.117718620 0.046313750 0.295496944
v -0.114466876 0.028732505 0.313869894
v -0.101563913 0.036382484 0.289464542
v -0.114466876 0.028732505 0.313869894
v -0.117718620 0.046313750 0.295496944
v -0.123299829 0.040931281 0.320514900
v -0.123299829 0.040931281 0.320514900
v -0.138459867 0.030082352 0.360662324
v -0.114466876 0.028732505 0.313869894
v -0.138459867 0.030082352 0.360662324
v -0.123299829 0.040931281 0.320514900
v -0.139350609 0.037357632 0.360831453
v -0.097618296 0.011717270 0.219737255
v -0.097940556 0.026456169 0.252522601
v -0.071432275 0.018583614 0.243118879
v -0.040390039 0.018502122 -0.013461367
v -0.007269553 0.020853757 0.045575669
v 0.001615846 0.015039886 -0.013297422
v -0.007269553 0.020853757 0.045575669
v -0.040390039 0.018502122 -0.013461367
v -0.057393426 0.018046782 0.035284517
v -0.010829862 0.118451187 0.017698411
v -0.050304772 0.130892871 -0.013505032
v -0.006167363 0.129787993 -0.016213728
v -0.050304772 0.130892871 -0.013505032
v -0.010829862 0.118451187 0.017698411
v -0.059416962 0.119219436 0.027959521
v -0.050304772 0.130892871 -0.013505032
v -0.000115170 0.119880073 -0.049268309
v -0.006167363 0.129787993 -0.016213728
v -0.000115170 0.119880073 -0.049268309
v -0.050304772 0.130892871 -0.013505032
v -0.045144260 0.116289117 -0.061107876
v -0.000115170 0.119880073 -0.049268309
v -0.027981989 0.102690383 -0.080112590
v 0.001732342 0.113016940 -0.057649266
v -0.027981989 0.102690383 -0.080112590
v -0.000115170 0.119880073 -0.049268309
v -0.045144260 0.116289117 -0.061107876
v -0.092876593 0.054876107 0.277535433
v -0.134372713 0.067316234 0.243426753
v -0.091887565 0.081216286 0.254599798
v 0.001732342 0.113016940 -0.057649266
v -0.027981989 0.102690383 -0.080112590
v 0.007584810 0.050203339 -0.065907735
v -0.027981989 0.102690383 -0.080112590
v -0.004896707 0.034957637 -0.056048172
v 0.007584810 0.050203339 -0.065907735
v -0.065928126 -0.014954129 0.314881185
v -0.058328153 -0.015653740 0.333383548
v -0.056919018 -0.015763105 0.315602904
v -0.087741086 -0.013375972 0.400576190
v -0.064628592 0.001365646 0.419233668
v -0.057681607 -0.007264240 0.402909813
v -0.064628592 0.001365646 0.419233668
v -0.087741086 -0.013375972 0.400576190
v -0.089120936 -0.003282847 0.415431348
v -0.083609947 -0.019819820 0.338745280
v -0.063016221 -0.015654752 0.359174209
v -0.058328153 -0.015653740 0.333383548
v -0.063016221 -0.015654752 0.359174209
v -0.083609947 -0.019819820 0.338745280
v -0.088396365 -0.017734088 0.361661467
v -0.024387413 0.026410080 0.093996989
v -0.057393426 0.018046782 0.035284517
v -0.060529696 0.019577138 0.083710238
v -0.057393426 0.018046782 0.035284517
v -0.024387413 0.026410080 0.093996989
v -0.007269553 0.020853757 0.045575669
v -0.060529696 0.019577138 0.083710238
v -0.085060070 0.036056353 0.038632299
v -0.087362092 0.037961431 0.076703943
v -0.085060070 0.036056353 0.038632299
v -0.060529696 0.019577138 0.083710238
v -0.057393426 0.018046782 0.035284517
v -0.087362092 0.037961431 0.076703943
v -0.089575925 0.068960922 0.044230024
v -0.092776616 0.068772091 0.069376428
v -0.089575925 0.068960922 0.044230024
v -0.087362092 0.037961431 0.076703943
v -0.085060070 0.036056353 0.038632299
v -0.089575925 0.068960922 0.044230024
v -0.077433522 0.095114661 0.071247045
v -0.092776616 0.068772091 0.069376428
v -0.077433522 0.095114661 0.071247045
v -0.089575925 0.068960922 0.044230024
v -0.072040566 0.096682877 0.049718990
v -0.072040566 0.096682877 0.049718990
v -0.046280689 0.106955776 0.079537351
v -0.077433522 0.095114661 0.071247045
v -0.046280689 0.106955776 0.079537351
v -0.072040566 0.096682877 0.049718990
v -0.032821703 0.103949000 0.046365567
v -0.113326781 0.030514724 0.261863991
v -0.097940556 0.026456169 0.252522601
v -0.142402536 0.021269763 0.245218953
v -0.097940556 0.026456169 0.252522601
v -0.136953108 0.007033602 0.228661655
v -0.142402536 0.021269763 0.245218953
v -0.136953108 0.007033602 0.228661655
v -0.174851244 0.006657911 0.234877300
v -0.142402536 0.021269763 0.245218953
v -0.174851244 0.006657911 0.234877300
v -0.136953108 0.007033602 0.228661655
v -0.161064658 -0.006790946 0.219860041
v -0.169761629 -0.007026223 0.165001323
v -0.174851244 0.006657911 0.234877300
v -0.161064658 -0.006790946 0.219860041
v -0.174851244 0.006657911 0.234877300
v -0.169761629 -0.007026223 0.165001323
v -0.196000209 -0.008190300 0.175323249
v -0.196000209 -0.008190300 0.175323249
v -0.169761629 -0.007026223 0.165001323
v -0.188970010 -0.017729898 0.119752846
v -0.224817804 -0.008611519 0.133981534
v -0.205389421 0.001722516 0.178232923
v -0.196000209 -0.008190300 0.175323249
v -0.041667183 0.012405486 -0.059400616
v -0.004896707 0.034957637 -0.056048172
v 0.005184156 0.044165962 -0.155257711
v -0.085690519 -0.022219371 0.373746808
v -0.088396365 -0.017734088 0.361661467
v -0.110687162 -0.009717917 0.367716455
v -0.063016221 -0.015654752 0.359174209
v -0.085690519 -0.022219371 0.373746808
v -0.067967198 -0.021528034 0.373966594
v -0.085690519 -0.022219371 0.373746808
v -0.063016221 -0.015654752 0.359174209
v -0.088396365 -0.017734088 0.361661467
v -0.085690519 -0.022219371 0.373746808
v -0.110687162 -0.009717917 0.367716455
v -0.105975320 -0.007009906 0.405741842
v -0.035806463 0.020935183 -0.532845163
v 0.008177578 -0.000451700 -0.543564852
v 0.024883046 0.015795705 -0.542532389
v -0.068741961 -0.003644771 0.288303882
v -0.067080879 -0.011081166 0.309322119
v -0.055995098 -0.014084300 0.308094540
v -0.084612052 -0.011236806 0.317223667
v -0.103025869 -0.001487271 0.325737060
v -0.108779307 -0.008276781 0.346310025
v -0.068741961 -0.003644771 0.288303882
v -0.094296228 0.007659241 0.297551640
v -0.084612052 -0.011236806 0.317223667
v -0.055995098 -0.014084300 0.308094540
v -0.067080879 -0.011081166 0.309322119
v -0.057960491 -0.011976679 0.310078975
v -0.058328153 -0.015653740 0.333383548
v -0.041721791 -0.022486564 0.332712909
v -0.046116308 -0.014857735 0.327629913
v -0.057310004 -0.016246733 0.313103527
v -0.067080879 -0.011081166 0.309322119
v -0.065928126 -0.014954129 0.314881185
v -0.047484930 -0.010261897 0.310281364
v -0.055995098 -0.014084300 0.308094540
v -0.057960491 -0.011976679 0.310078975
v -0.055995098 -0.014084300 0.308094540
v -0.047484930 -0.010261897 0.310281364
v -0.046504456 -0.011381671 0.307279936
v -0.055995098 -0.014084300 0.308094540
v -0.048803079 -0.004805637 0.286258383
v -0.068741961 -0.003644771 0.288303882
v -0.084612052 -0.011236806 0.317223667
v -0.065928126 -0.014954129 0.314881185
v -0.067080879 -0.011081166 0.309322119
v -0.084612052 -0.011236806 0.317223667
v -0.094296228 0.007659241 0.297551640
v -0.103025869 -0.001487271 0.325737060
v -0.123208053 0.017718377 0.331683784
v -0.108779307 -0.008276781 0.346310025
v -0.103025869 -0.001487271 0.325737060
v -0.108779307 -0.008276781 0.346310025
v -0.123208053 0.017718377 0.331683784
v -0.121470673 0.005890151 0.350487085
v -0.083609947 -0.019819820 0.338745280
v -0.065928126 -0.014954129 0.314881185
v -0.084612052 -0.011236806 0.317223667
v -0.057681607 -0.007264240 0.402909813
v -0.067967198 -0.021528034 0.373966594
v -0.087741086 -0.013375972 0.400576190
v -0.067967198 -0.021528034 0.373966594
v -0.057681607 -0.007264240 0.402909813
v -0.049642525 -0.015926461 0.374614691
v -0.067967198 -0.021528034 0.373966594
v -0.050178893 -0.012819144 0.358539401
v -0.063016221 -0.015654752 0.359174209
v -0.050178893 -0.012819144 0.358539401
v -0.067967198 -0.021528034 0.373966594
v -0.049642525 -0.015926461 0.374614691
v -0.050178893 -0.012819144 0.358539401
v -0.058328153 -0.015653740 0.333383548
v -0.063016221 -0.015654752 0.359174209
v -0.058328153 -0.015653740 0.333383548
v -0.050178893 -0.012819144 0.358539401
v -0.041721791 -0.022486564 0.332712909
v -0.056919018 -0.015763105 0.315602904
v -0.057310004 -0.016246733 0.313103527
v -0.065928126 -0.014954129 0.314881185
v -0.092776616 0.068772091 0.069376428
v -0.110483080 0.079828232 0.111068773
v -0.112372984 0.063119948 0.115132511
v -0.160654580 0.066704373 0.198371087
v -0.167207335 0.059416970 0.206212556
v -0.160154138 0.058041734 0.195823732
v -0.132414108 0.067743165 0.149295153
v -0.110483080 0.079828232 0.111068773
v -0.133720653 0.076885120 0.157216267
v -0.110483080 0.079828232 0.111068773
v -0.132414108 0.067743165 0.149295153
v -0.112372984 0.063119948 0.115132511
v -0.110483080 0.079828232 0.111068773
v -0.092776616 0.068772091 0.069376428
v -0.077433522 0.095114661 0.071247045
v -0.055995098 -0.014084300 0.308094540
v -0.046504456 -0.011381671 0.307279936
v -0.048803079 -0.004805637 0.286258383
v -0.092876593 0.054876107 0.277535433
v -0.113931506 0.044511910 0.267657238
v -0.134372713 0.067316234 0.243426753
v -0.047484930 -0.010261897 0.310281364
v -0.057310004 -0.016246733 0.313103527
v -0.045007726 -0.014699579 0.314121637
v -0.057310004 -0.016246733 0.313103527
v -0.047484930 -0.010261897 0.310281364
v -0.057960491 -0.011976679 0.310078975
v -0.045007726 -0.014699579 0.314121637
v -0.056919018 -0.015763105 0.315602904
v -0.045410243 -0.014521748 0.317355638
v -0.058328153 -0.015653740 0.333383548
v -0.045410243 -0.014521748 0.317355638
v -0.056919018 -0.015763105 0.315602904
v -0.045410243 -0.014521748 0.317355638
v -0.058328153 -0.015653740 0.333383548
v -0.046116308 -0.014857735 0.327629913
v -0.131357103 0.082020417 0.203434451
v -0.133720653 0.076885120 0.157216267
v -0.113466478 0.085317068 0.155396039
v -0.133720653 0.076885120 0.157216267
v -0.131357103 0.082020417 0.203434451
v -0.160654580 0.066704373 0.198371087
v -0.133720653 0.076885120 0.157216267
v -0.160154138 0.058041734 0.195823732
v -0.132414108 0.067743165 0.149295153
v -0.160154138 0.058041734 0.195823732
v -0.133720653 0.076885120 0.157216267
v -0.160654580 0.066704373 0.198371087
v -0.160154138 0.058041734 0.195823732
v -0.126013767 0.054070238 0.144151822
v -0.132414108 0.067743165 0.149295153
v -0.126013767 0.054070238 0.144151822
v -0.160154138 0.058041734 0.195823732
v -0.129823608 0.043006073 0.172004978
v -0.129823608 0.043006073 0.172004978
v -0.118536196 0.032888668 0.144101253
v -0.126013767 0.054070238 0.144151822
v -0.118536196 0.032888668 0.144101253
v -0.129823608 0.043006073 0.172004978
v -0.135254782 0.027861277 0.178196675
v -0.114135400 0.010768406 0.159188773
v -0.135254782 0.027861277 0.178196675
v -0.119334943 0.004522234 0.188523489
v -0.135254782 0.027861277 0.178196675
v -0.114135400 0.010768406 0.159188773
v -0.118536196 0.032888668 0.144101253
v -0.053631474 0.005148385 0.126688800
v -0.078861813 -0.012410703 0.142224834
v -0.057388646 -0.004761986 0.148478130
v -0.078861813 -0.012410703 0.142224834
v -0.053631474 0.005148385 0.126688800
v -0.074558309 -0.000923550 0.116705873
v -0.074558309 -0.000923550 0.116705873
v -0.099237874 -0.003860159 0.137469057
v -0.078861813 -0.012410703 0.142224834
v -0.099237874 -0.003860159 0.137469057
v -0.074558309 -0.000923550 0.116705873
v -0.095176003 0.009538486 0.118599608
v -0.089777460 -0.001016578 0.188163663
v -0.125679727 0.002791192 0.210609159
v -0.097618296 0.011717270 0.219737255
v -0.125679727 0.002791192 0.210609159
v -0.089777460 -0.001016578 0.188163663
v -0.119334943 0.004522234 0.188523489
v -0.149445044 0.021844285 0.194488075
v -0.125679727 0.002791192 0.210609159
v -0.119334943 0.004522234 0.188523489
v -0.125679727 0.002791192 0.210609159
v -0.149445044 0.021844285 0.194488075
v -0.153618868 0.000816143 0.202548294
v -0.153618868 0.000816143 0.202548294
v -0.149445044 0.021844285 0.194488075
v -0.169761629 -0.007026223 0.165001323
v -0.190980648 0.037216894 0.206144885
v -0.160154138 0.058041734 0.195823732
v -0.167207335 0.059416970 0.206212556
v -0.160154138 0.058041734 0.195823732
v -0.190980648 0.037216894 0.206144885
v -0.187628368 0.041450933 0.199934052
v -0.051473190 0.008558358 0.192989880
v -0.097618296 0.011717270 0.219737255
v -0.063136493 0.013391581 0.224758086
v -0.097618296 0.011717270 0.219737255
v -0.051473190 0.008558358 0.192989880
v -0.089777460 -0.001016578 0.188163663
v -0.071861700 0.012896815 0.112282048
v -0.095176003 0.009538486 0.118599608
v -0.074558309 -0.000923550 0.116705873
v -0.095176003 0.009538486 0.118599608
v -0.071861700 0.012896815 0.112282048
v -0.099752316 0.028167905 0.117486824
v -0.110153887 0.019702478 0.132645619
v -0.114135400 0.010768406 0.159188773
v -0.099237874 -0.003860159 0.137469057
v -0.114135400 0.010768406 0.159188773
v -0.119334943 0.004522234 0.188523489
v -0.106201168 0.000783997 0.168163388
v -0.119334943 0.004522234 0.188523489
v -0.086617684 -0.004306311 0.173414642
v -0.106201168 0.000783997 0.168163388
v -0.086617684 -0.004306311 0.173414642
v -0.119334943 0.004522234 0.188523489
v -0.089777460 -0.001016578 0.188163663
v -0.089777460 -0.001016578 0.188163663
v -0.051473190 0.008558358 0.192989880
v -0.062499319 0.003345614 0.171853770
v -0.049527989 0.003487924 0.153872126
v -0.057388646 -0.004761986 0.148478130
v -0.062499319 0.003345614 0.171853770
v -0.045807061 0.013447747 0.132377381
v -0.057388646 -0.004761986 0.148478130
v -0.049527989 0.003487924 0.153872126
v -0.057388646 -0.004761986 0.148478130
v -0.045807061 0.013447747 0.132377381
v -0.053631474 0.005148385 0.126688800
v -0.071861700 0.012896815 0.112282048
v -0.074558309 -0.000923550 0.116705873
v -0.053631474 0.005148385 0.126688800
v -0.099237874 -0.003860159 0.137469057
v -0.095176003 0.009538486 0.118599608
v -0.110153887 0.019702478 0.132645619
v -0.118536196 0.032888668 0.144101253
v -0.114135400 0.010768406 0.159188773
v -0.110153887 0.019702478 0.132645619
v -0.095176003 0.009538486 0.118599608
v -0.099752316 0.028167905 0.117486824
v -0.110153887 0.019702478 0.132645619
v -0.040390039 0.018502122 -0.013461367
v 0.001615846 0.015039886 -0.013297422
v 0.007029992 0.015311185 -0.046935070
v -0.116847664 0.020144419 0.423311165
v -0.089375948 0.038235688 0.433866882
v -0.071982383 0.011677003 0.428160861
v -0.116847664 0.020144419 0.423311165
v -0.089120936 -0.003282847 0.415431348
v -0.105975320 -0.007009906 0.405741842
v -0.126715240 0.011906256 0.367987066
v -0.139350609 0.037357632 0.360831453
v -0.141062874 0.039931689 0.402065639
v -0.139350609 0.037357632 0.360831453
v -0.126715240 0.011906256 0.367987066
v -0.138459867 0.030082352 0.360662324
v -0.060867016 0.106827796 0.125433400
v -0.077433522 0.095114661 0.071247045
v -0.046280689 0.106955776 0.079537351
v -0.077433522 0.095114661 0.071247045
v -0.060867016 0.106827796 0.125433400
v -0.096606404 0.091674262 0.114496080
v -0.097940556 0.026456169 0.252522601
v -0.072076836 0.029300500 0.283190692
v -0.071432275 0.018583614 0.243118879
v -0.072076836 0.029300500 0.283190692
v -0.097940556 0.026456169 0.252522601
v -0.101563913 0.036382484 0.289464542
v -0.089375948 0.038235688 0.433866882
v -0.128901265 0.041232354 0.419814473
v -0.107335320 0.067786622 0.424643704
v -0.128901265 0.041232354 0.419814473
v -0.089375948 0.038235688 0.433866882
v -0.116847664 0.020144419 0.423311165
v -0.072076836 0.029300500 0.283190692
v -0.085734214 0.016816419 0.291581518
v -0.063319333 0.018004447 0.286440947
v -0.085734214 0.016816419 0.291581518
v -0.072076836 0.029300500 0.283190692
v -0.101563913 0.036382484 0.289464542
v -0.064628592 0.001365646 0.419233668
v -0.089120936 -0.003282847 0.415431348
v -0.071979616 0.011672960 0.428158654
v -0.082424878 0.097482583 0.203630490
v -0.113466478 0.085317068 0.155396039
v -0.068623926 0.100347975 0.157729842
v -0.113466478 0.085317068 0.155396039
v -0.082424878 0.097482583 0.203630490
v -0.131357103 0.082020417 0.203434451
v -0.085108169 0.087621471 -0.074031676
v -0.088909925 0.082877573 -0.104689842
v -0.027981989 0.102690383 -0.080112590
v -0.158572372 0.054488695 0.239409126
v -0.182411229 0.017361163 0.236668074
v -0.190980648 0.037216894 0.206144885
v -0.180550976 0.022375830 0.116073512
v -0.188970010 -0.017729898 0.119752846
v -0.169761629 -0.007026223 0.165001323
v -0.182411229 0.017361163 0.236668074
v -0.205389421 0.001722516 0.178232923
v -0.190980648 0.037216894 0.206144885
v -0.196000209 -0.008190300 0.175323249
v -0.205389421 0.001722516 0.178232923
v -0.182411229 0.017361163 0.236668074
v -0.053631474 0.005148385 0.126688800
v -0.053608973 0.016363945 0.121997742
v -0.071861700 0.012896815 0.112282048
v -0.049527989 0.003487924 0.153872126
v -0.036426407 0.017881950 0.136944407
v -0.045807061 0.013447747 0.132377381
v -0.036426407 0.017881950 0.136944407
v -0.049527989 0.003487924 0.153872126
v -0.040109805 0.007872080 0.158144546
v -0.062499319 0.003345614 0.171853770
v -0.040109805 0.007872080 0.158144546
v -0.049527989 0.003487924 0.153872126
v -0.053631474 0.005148385 0.126688800
v -0.045807061 0.013447747 0.132377381
v -0.053608973 0.016363945 0.121997742
v -0.062499319 0.003345614 0.171853770
v -0.051473190 0.008558358 0.192989880
v -0.040109805 0.007872080 0.158144546
v -0.062499319 0.003345614 0.171853770
v -0.086617684 -0.004306311 0.173414642
v -0.089777460 -0.001016578 0.188163663
v -0.106201168 0.000783997 0.168163388
v -0.099237874 -0.003860159 0.137469057
v -0.114135400 0.010768406 0.159188773
v -0.135254782 0.027861277 0.178196675
v -0.129823608 0.043006073 0.172004978
v -0.160154138 0.058041734 0.195823732
v -0.169761629 -0.007026223 0.165001323
v -0.149445044 0.021844285 0.194488075
v -0.168742718 0.024489063 0.158526991
v -0.168742718 0.024489063 0.158526991
v -0.187628368 0.041450933 0.199934052
v -0.205621780 0.033827313 0.177008892
v -0.187628368 0.041450933 0.199934052
v -0.168742718 0.024489063 0.158526991
v -0.149445044 0.021844285 0.194488075
v -0.225208234 0.028983613 0.133310963
v -0.205621780 0.033827313 0.177008892
v -0.209507764 0.018707194 0.178691562
v -0.190980648 0.037216894 0.206144885
v -0.205389421 0.001722516 0.178232923
v -0.209507764 0.018707194 0.178691562
v -0.209507764 0.018707194 0.178691562
v -0.224817804 -0.008611519 0.133981534
v -0.225208234 0.028983613 0.133310963
v -0.224817804 -0.008611519 0.133981534
v -0.209507764 0.018707194 0.178691562
v -0.205389421 0.001722516 0.178232923
v -0.167207335 0.059416970 0.206212556
v -0.131357103 0.082020417 0.203434451
v -0.158572372 0.054488695 0.239409126
v -0.131357103 0.082020417 0.203434451
v -0.167207335 0.059416970 0.206212556
v -0.160654580 0.066704373 0.198371087
v -0.136953108 0.007033602 0.228661655
v -0.097940556 0.026456169 0.252522601
v -0.097618296 0.011717270 0.219737255
v -0.071432275 0.018583614 0.243118879
v -0.063136493 0.013391581 0.224758086
v -0.097618296 0.011717270 0.219737255
v -0.049498421 0.020620582 0.121790596
v -0.060529696 0.019577138 0.083710238
v -0.070702539 0.014108814 0.112471013
v -0.060529696 0.019577138 0.083710238
v -0.097136767 0.031821114 0.109410027
v -0.070702539 0.014108814 0.112471013
v -0.097136767 0.031821114 0.109410027
v -0.060529696 0.019577138 0.083710238
v -0.087362092 0.037961431 0.076703943
v -0.112372984 0.063119948 0.115132511
v -0.087362092 0.037961431 0.076703943
v -0.092776616 0.068772091 0.069376428
v -0.087362092 0.037961431 0.076703943
v -0.112372984 0.063119948 0.115132511
v -0.097136767 0.031821114 0.109410027
v -0.024387413 0.026410080 0.093996989
v -0.060529696 0.019577138 0.083710238
v -0.049498421 0.020620582 0.121790596
v -0.049498421 0.020620582 0.121790596
v -0.036426407 0.017881950 0.136944407
v -0.024387413 0.026410080 0.093996989
v -0.045807061 0.013447747 0.132377381
v -0.049498421 0.020620582 0.121790596
v -0.053608973 0.016363945 0.121997742
v -0.049498421 0.020620582 0.121790596
v -0.045807061 0.013447747 0.132377381
v -0.036426407 0.017881950 0.136944407
v -0.118536196 0.032888668 0.144101253
v -0.097136767 0.031821114 0.109410027
v -0.126013767 0.054070238 0.144151822
v -0.097136767 0.031821114 0.109410027
v -0.118536196 0.032888668 0.144101253
v -0.099752316 0.028167905 0.117486824
v 0.192000451 0.018550407 -0.239678217
v 0.167415313 0.011397042 -0.335679060
v 0.132146554 -0.001039526 -0.266751045
v 0.167415313 0.011397042 -0.335679060
v 0.192000451 0.018550407 -0.239678217
v 0.225018406 0.033422749 -0.313828969
v 0.174299940 0.000245051 -0.202396395
v 0.132146554 -0.001039526 -0.266751045
v 0.117861706 -0.013161066 -0.212830315
v 0.132146554 -0.001039526 -0.266751045
v 0.174299940 0.000245051 -0.202396395
v 0.192000451 0.018550407 -0.239678217
v 0.129726376 0.006528422 -0.118090054
v 0.117861706 -0.013161066 -0.212830315
v 0.067139747 -0.005697660 -0.128853566
v 0.117861706 -0.013161066 -0.212830315
v 0.129726376 0.006528422 -0.118090054
v 0.174299940 0.000245051 -0.202396395
v 0.077303019 0.018209963 -0.034317777
v 0.067139747 -0.005697660 -0.128853566
v 0.021732316 0.010010076 -0.044977529
v 0.067139747 -0.005697660 -0.128853566
v 0.077303019 0.018209963 -0.034317777
v 0.129726376 0.006528422 -0.118090054
v 0.021732316 0.010010076 -0.044977529
v 0.040642848 0.024331146 -0.000371716
v 0.077303019 0.018209963 -0.034317777
v 0.191209032 0.017379094 -0.404636544
v 0.225018406 0.033422749 -0.313828969
v 0.261646729 0.046619248 -0.389055941
v 0.225018406 0.033422749 -0.313828969
v 0.191209032 0.017379094 -0.404636544
v 0.167415313 0.011397042 -0.335679060
v 0.183823282 0.095185900 -0.326948808
v 0.120163309 0.069627368 -0.419762601
v 0.217182114 0.103557756 -0.389353805
v 0.120163309 0.069627368 -0.419762601
v 0.183823282 0.095185900 -0.326948808
v 0.095681336 0.076677927 -0.352088583
v 0.073500933 0.082372815 -0.290381641
v 0.183823282 0.095185900 -0.326948808
v 0.147871055 0.090539308 -0.263968673
v 0.183823282 0.095185900 -0.326948808
v 0.073500933 0.082372815 -0.290381641
v 0.095681336 0.076677927 -0.352088583
v 0.073500933 0.082372815 -0.290381641
v 0.131347181 0.074319704 -0.219700783
v 0.054044363 0.080070197 -0.233475213
v 0.131347181 0.074319704 -0.219700783
v 0.073500933 0.082372815 -0.290381641
v 0.147871055 0.090539308 -0.263968673
v 0.026923385 0.097081645 -0.152443469
v 0.131347181 0.074319704 -0.219700783
v 0.088947980 0.090501965 -0.145356730
v 0.131347181 0.074319704 -0.219700783
v 0.026923385 0.097081645 -0.152443469
v 0.054044363 0.080070197 -0.233475213
v 0.088947980 0.090501965 -0.145356730
v 0.006515833 0.106688745 -0.084443925
v 0.026923385 0.097081645 -0.152443469
v 0.032977500 0.019315486 -0.288973756
v 0.082042959 0.014086023 -0.353290653
v 0.034855152 0.027487458 -0.366774155
v 0.082042959 0.014086023 -0.353290653
v 0.032977500 0.019315486 -0.288973756
v 0.064113758 0.013318065 -0.276784641
v 0.022955868 0.004583374 -0.235293396
v 0.064113758 0.013318065 -0.276784641
v 0.032977500 0.019315486 -0.288973756
v 0.064113758 0.013318065 -0.276784641
v 0.022955868 0.004583374 -0.235293396
v 0.058730926 -0.000275432 -0.225687473
v 0.016243091 0.012863970 -0.137270666
v 0.058730926 -0.000275432 -0.225687473
v 0.022955868 0.004583374 -0.235293396
v 0.058730926 -0.000275432 -0.225687473
v 0.016243091 0.012863970 -0.137270666
v 0.034154463 0.003876211 -0.132633396
v -0.001739779 0.013807618 -0.047963941
v 0.034154463 0.003876211 -0.132633396
v 0.016243091 0.012863970 -0.137270666
v 0.034154463 0.003876211 -0.132633396
v -0.001739779 0.013807618 -0.047963941
v 0.011935724 0.009894756 -0.048580087
v 0.001615846 0.015039886 -0.013297422
v -0.001739779 0.013807618 -0.047963941
v -0.040390039 0.018502122 -0.013461367
v 0.034855152 0.027487458 -0.366774155
v 0.098609454 0.011759701 -0.418540676
v 0.043279555 0.032640698 -0.439318549
v 0.098609454 0.011759701 -0.418540676
v 0.034855152 0.027487458 -0.366774155
v 0.082042959 0.014086023 -0.353290653
v 0.002001236 0.125251443 -0.437769444
v -0.053606100 0.080938623 -0.368649705
v -0.034337170 0.086702921 -0.444070041
v -0.053606100 0.080938623 -0.368649705
v 0.002001236 0.125251443 -0.437769444
v -0.006594693 0.112741654 -0.362921877
v -0.006594693 0.112741654 -0.362921877
v -0.064713562 0.072390970 -0.296951379
v -0.053606100 0.080938623 -0.368649705
v -0.064713562 0.072390970 -0.296951379
v -0.006594693 0.112741654 -0.362921877
v -0.019417682 0.108430888 -0.295210804
v -0.045526080 0.055420648 -0.250728350
v -0.019417682 0.108430888 -0.295210804
v -0.019885315 0.096252349 -0.243697209
v -0.019417682 0.108430888 -0.295210804
v -0.045526080 0.055420648 -0.250728350
v -0.064713562 0.072390970 -0.296951379
v -0.033893076 0.104044885 -0.160067454
v -0.045526080 0.055420648 -0.250728350
v -0.019885315 0.096252349 -0.243697209
v -0.045526080 0.055420648 -0.250728350
v -0.033893076 0.104044885 -0.160067454
v -0.074555724 0.070126322 -0.168882195
v -0.000115170 0.119880073 -0.049268309
v -0.027981989 0.102690383 -0.080112590
v 0.006515833 0.106688745 -0.084443925
v -0.027981989 0.102690383 -0.080112590
v -0.033893076 0.104044885 -0.160067454
v 0.006515833 0.106688745 -0.084443925
v -0.040390039 0.018502122 -0.013461367
v -0.001739779 0.013807618 -0.047963941
v -0.041667183 0.012405486 -0.059400616
v -0.001739779 0.013807618 -0.047963941
v 0.001615846 0.015039886 -0.013297422
v 0.011935724 0.009894756 -0.048580087
v 0.016243091 0.012863970 -0.137270666
v -0.041667183 0.012405486 -0.059400616
v -0.001739779 0.013807618 -0.047963941
v -0.041667183 0.012405486 -0.059400616
v 0.016243091 0.012863970 -0.137270666
v -0.027850354 0.004393664 -0.157776101
v 0.022955868 0.004583374 -0.235293396
v -0.027850354 0.004393664 -0.157776101
v 0.016243091 0.012863970 -0.137270666
v -0.027850354 0.004393664 -0.157776101
v 0.022955868 0.004583374 -0.235293396
v -0.014242658 0.003501512 -0.252078942
v 0.032977500 0.019315486 -0.288973756
v -0.014242658 0.003501512 -0.252078942
v 0.022955868 0.004583374 -0.235293396
v -0.014242658 0.003501512 -0.252078942
v 0.032977500 0.019315486 -0.288973756
v -0.018111660 0.020565070 -0.293471582
v 0.034855152 0.027487458 -0.366774155
v -0.018111660 0.020565070 -0.293471582
v 0.032977500 0.019315486 -0.288973756
v -0.018111660 0.020565070 -0.293471582
v 0.034855152 0.027487458 -0.366774155
v -0.012310902 0.037466416 -0.374034612
v 0.043279555 0.032640698 -0.439318549
v -0.012310902 0.037466416 -0.374034612
v 0.034855152 0.027487458 -0.366774155
v -0.012310902 0.037466416 -0.374034612
v 0.043279555 0.032640698 -0.439318549
v -0.007494073 0.051531711 -0.457424328
v 0.001615846 0.015039886 -0.013297422
v 0.021732316 0.010010076 -0.044977529
v 0.011935724 0.009894756 -0.048580087
v 0.021732316 0.010010076 -0.044977529
v 0.001615846 0.015039886 -0.013297422
v 0.040642848 0.024331146 -0.000371716
v 0.034154463 0.003876211 -0.132633396
v 0.021732316 0.010010076 -0.044977529
v 0.067139747 -0.005697660 -0.128853566
v 0.021732316 0.010010076 -0.044977529
v 0.034154463 0.003876211 -0.132633396
v 0.011935724 0.009894756 -0.048580087
v 0.058730926 -0.000275432 -0.225687473
v 0.067139747 -0.005697660 -0.128853566
v 0.117861706 -0.013161066 -0.212830315
v 0.067139747 -0.005697660 -0.128853566
v 0.058730926 -0.000275432 -0.225687473
v 0.034154463 0.003876211 -0.132633396
v 0.064113758 0.013318065 -0.276784641
v 0.117861706 -0.013161066 -0.212830315
v 0.132146554 -0.001039526 -0.266751045
v 0.117861706 -0.013161066 -0.212830315
v 0.064113758 0.013318065 -0.276784641
v 0.058730926 -0.000275432 -0.225687473
v 0.082042959 0.014086023 -0.353290653
v 0.132146554 -0.001039526 -0.266751045
v 0.167415313 0.011397042 -0.335679060
v 0.132146554 -0.001039526 -0.266751045
v 0.082042959 0.014086023 -0.353290653
v 0.064113758 0.013318065 -0.276784641
v 0.098609454 0.011759701 -0.418540676
v 0.167415313 0.011397042 -0.335679060
v 0.191209032 0.017379094 -0.404636544
v 0.167415313 0.011397042 -0.335679060
v 0.098609454 0.011759701 -0.418540676
v 0.082042959 0.014086023 -0.353290653
v 0.104898574 0.103672185 -0.068863482
v 0.088947980 0.090501965 -0.145356730
v 0.136952949 0.087351375 -0.124488999
v 0.088947980 0.090501965 -0.145356730
v 0.104898574 0.103672185 -0.068863482
v 0.036928807 0.102963628 -0.073058816
v 0.088947980 0.090501965 -0.145356730
v 0.170093932 0.060602188 -0.201020767
v 0.136952949 0.087351375 -0.124488999
v 0.170093932 0.060602188 -0.201020767
v 0.088947980 0.090501965 -0.145356730
v 0.131347181 0.074319704 -0.219700783
v 0.147871055 0.090539308 -0.263968673
v 0.170093932 0.060602188 -0.201020767
v 0.131347181 0.074319704 -0.219700783
v 0.170093932 0.060602188 -0.201020767
v 0.147871055 0.090539308 -0.263968673
v 0.200448026 0.087589264 -0.234017453
v 0.183823282 0.095185900 -0.326948808
v 0.200448026 0.087589264 -0.234017453
v 0.147871055 0.090539308 -0.263968673
v 0.200448026 0.087589264 -0.234017453
v 0.183823282 0.095185900 -0.326948808
v 0.228947015 0.092137715 -0.301130849
v 0.217182114 0.103557756 -0.389353805
v 0.228947015 0.092137715 -0.301130849
v 0.183823282 0.095185900 -0.326948808
v 0.228947015 0.092137715 -0.301130849
v 0.217182114 0.103557756 -0.389353805
v 0.255360489 0.090047700 -0.374552285
v 0.006515833 0.106688745 -0.084443925
v -0.033893076 0.104044885 -0.160067454
v 0.026923385 0.097081645 -0.152443469
v 0.026923385 0.097081645 -0.152443469
v -0.019885315 0.096252349 -0.243697209
v 0.054044363 0.080070197 -0.233475213
v -0.019885315 0.096252349 -0.243697209
v 0.026923385 0.097081645 -0.152443469
v -0.033893076 0.104044885 -0.160067454
v 0.073500933 0.082372815 -0.290381641
v -0.019885315 0.096252349 -0.243697209
v -0.019417682 0.108430888 -0.295210804
v -0.019885315 0.096252349 -0.243697209
v 0.073500933 0.082372815 -0.290381641
v 0.054044363 0.080070197 -0.233475213
v -0.006594693 0.112741654 -0.362921877
v 0.073500933 0.082372815 -0.290381641
v -0.019417682 0.108430888 -0.295210804
v 0.073500933 0.082372815 -0.290381641
v -0.006594693 0.112741654 -0.362921877
v 0.095681336 0.076677927 -0.352088583
v 0.120163309 0.069627368 -0.419762601
v -0.006594693 0.112741654 -0.362921877
v 0.002001236 0.125251443 -0.437769444
v -0.006594693 0.112741654 -0.362921877
v 0.120163309 0.069627368 -0.419762601
v 0.095681336 0.076677927 -0.352088583
v 0.088947980 0.090501965 -0.145356730
v 0.036928807 0.102963628 -0.073058816
v 0.006515833 0.106688745 -0.084443925
v 0.036928807 0.102963628 -0.073058816
v -0.000115170 0.119880073 -0.049268309
v 0.006515833 0.106688745 -0.084443925
v -0.088909925 0.082877573 -0.104689842
v -0.033893076 0.104044885 -0.160067454
v -0.027981989 0.102690383 -0.080112590
v -0.033893076 0.104044885 -0.160067454
v -0.088909925 0.082877573 -0.104689842
v -0.074555724 0.070126322 -0.168882195
v -0.041044906 -0.004667128 0.334930562
v -0.036165059 0.003965653 0.317545260
v -0.039278965 -0.004549678 0.317181856
v -0.058328153 -0.015653740 0.333383548
v -0.065928126 -0.014954129 0.314881185
v -0.083609947 -0.019819820 0.338745280
v -0.041554114 -0.001547476 0.311547501
v -0.038467337 0.007107887 0.311883301
v -0.040223230 -0.004058441 0.309506271
v -0.084612052 -0.011236806 0.317223667
v -0.067080879 -0.011081166 0.309322119
v -0.068741961 -0.003644771 0.288303882
v -0.038467337 0.007107887 0.311883301
v -0.032030185 0.022188428 0.321930241
v -0.041806419 0.013477611 0.290714867
v -0.056919018 -0.015763105 0.315602904
v -0.045007726 -0.014699579 0.314121637
v -0.057310004 -0.016246733 0.313103527
v -0.045007726 -0.014699579 0.314121637
v -0.039278965 -0.004549678 0.317181856
v -0.038363902 -0.004203078 0.314799382
v -0.067080879 -0.011081166 0.309322119
v -0.057310004 -0.016246733 0.313103527
v -0.057960491 -0.011976679 0.310078975
v -0.038363902 -0.004203078 0.314799382
v -0.038467337 0.007107887 0.311883301
v -0.041554114 -0.001547476 0.311547501
vt 0.607613981 0.312407970
vt 0.536203027 0.308075011
vt 0.582162023 0.298696995
vt 0.598887980 0.366322994
vt 0.558381021 0.387524962
vt 0.553399026 0.364956975
vt 0.558381021 0.387524962
vt 0.598887980 0.366322994
vt 0.590888977 0.393837988
vt 0.753223002 0.238463998
vt 0.707886994 0.288816988
vt 0.697028995 0.253208041
vt 0.707886994 0.288816988
vt 0.753223002 0.238463998
vt 0.742295980 0.290917993
vt 0.666806996 0.543352008
vt 0.738160014 0.512664974
vt 0.741088986 0.536864996
vt 0.738160014 0.512664974
vt 0.666806996 0.543352008
vt 0.653144002 0.514953017
vt 0.578097999 0.527913988
vt 0.666806996 0.543352008
vt 0.617923975 0.550504982
vt 0.666806996 0.543352008
vt 0.578097999 0.527913988
vt 0.653144002 0.514953017
vt 0.543474019 0.530875027
vt 0.575740993 0.570487976
vt 0.538447976 0.574256003
vt 0.575740993 0.570487976
vt 0.543474019 0.530875027
vt 0.578097999 0.527913988
vt 0.553399026 0.364956975
vt 0.514535010 0.389885008
vt 0.514567971 0.368008018
vt 0.514535010 0.389885008
vt 0.553399026 0.364956975
vt 0.558381021 0.387524962
vt 0.741088986 0.536864996
vt 0.793744028 0.514645994
vt 0.793744028 0.550405979
vt 0.793744028 0.514645994
vt 0.741088986 0.536864996
vt 0.738160014 0.512664974
vt 0.737968028 0.441998959
vt 0.793174028 0.387587011
vt 0.792968988 0.433593988
vt 0.793174028 0.387587011
vt 0.737968028 0.441998959
vt 0.734070003 0.385779023
vt 0.570730984 0.614247978
vt 0.621474981 0.711304009
vt 0.582031012 0.710937977
vt 0.621474981 0.711304009
vt 0.570730984 0.614247978
vt 0.614980996 0.613843977
vt 0.621474981 0.711304009
vt 0.594585001 0.772382975
vt 0.582031012 0.710937977
vt 0.594585001 0.772382975
vt 0.621474981 0.711304009
vt 0.632080972 0.775614977
vt 0.785194993 0.617240012
vt 0.729484975 0.701014996
vt 0.737806976 0.630614996
vt 0.729484975 0.701014996
vt 0.785194993 0.617240012
vt 0.776166022 0.700488985
vt 0.776166022 0.700488985
vt 0.723013997 0.771606982
vt 0.729484975 0.701014996
vt 0.723013997 0.771606982
vt 0.776166022 0.700488985
vt 0.770237029 0.770994008
vt 0.729484975 0.701014996
vt 0.680325985 0.628423989
vt 0.737806976 0.630614996
vt 0.680325985 0.628423989
vt 0.729484975 0.701014996
vt 0.677106977 0.704452991
vt 0.729484975 0.701014996
vt 0.676079988 0.771239996
vt 0.677106977 0.704452991
vt 0.676079988 0.771239996
vt 0.729484975 0.701014996
vt 0.723013997 0.771606982
vt 0.680325985 0.628423989
vt 0.621474981 0.711304009
vt 0.614980996 0.613843977
vt 0.621474981 0.711304009
vt 0.680325985 0.628423989
vt 0.677106977 0.704452991
vt 0.677106977 0.704452991
vt 0.632080972 0.775614977
vt 0.621474981 0.711304009
vt 0.632080972 0.775614977
vt 0.677106977 0.704452991
vt 0.676079988 0.771239996
vt 0.662109017 0.208864987
vt 0.632812977 0.173828006
vt 0.628169000 0.212080002
vt 0.632812977 0.173828006
vt 0.662109017 0.208864987
vt 0.658203006 0.173828006
vt 0.604835987 0.832772970
vt 0.658098996 0.897114992
vt 0.618692994 0.900777996
vt 0.658098996 0.897114992
vt 0.604835987 0.832772970
vt 0.645147979 0.829253972
vt 0.618692994 0.900777996
vt 0.667169988 0.981710017
vt 0.636892974 0.982919991
vt 0.667169988 0.981710017
vt 0.618692994 0.900777996
vt 0.658098996 0.897114992
vt 0.759720027 0.829608023
vt 0.722441971 0.898123026
vt 0.725099027 0.826837003
vt 0.722441971 0.898123026
vt 0.759720027 0.829608023
vt 0.751936972 0.899587989
vt 0.751936972 0.899587989
vt 0.710021019 0.980964005
vt 0.722441971 0.898123026
vt 0.710021019 0.980964005
vt 0.751936972 0.899587989
vt 0.738355994 0.981037021
vt 0.725099027 0.826837003
vt 0.681245029 0.889396012
vt 0.676657975 0.821501970
vt 0.681245029 0.889396012
vt 0.725099027 0.826837003
vt 0.722441971 0.898123026
vt 0.722441971 0.898123026
vt 0.688197017 0.982357979
vt 0.681245029 0.889396012
vt 0.688197017 0.982357979
vt 0.722441971 0.898123026
vt 0.710021019 0.980964005
vt 0.676657975 0.821501970
vt 0.658098996 0.897114992
vt 0.645147979 0.829253972
vt 0.658098996 0.897114992
vt 0.676657975 0.821501970
vt 0.681245029 0.889396012
vt 0.681245029 0.889396012
vt 0.667169988 0.981710017
vt 0.658098996 0.897114992
vt 0.667169988 0.981710017
vt 0.681245029 0.889396012
vt 0.688197017 0.982357979
vt 0.614980996 0.613843977
vt 0.575740993 0.570487976
vt 0.620562971 0.579429984
vt 0.575740993 0.570487976
vt 0.614980996 0.613843977
vt 0.570730984 0.614247978
vt 0.538447976 0.574256003
vt 0.525065005 0.615406990
vt 0.500020027 0.602010012
vt 0.741088986 0.536864996
vt 0.668416977 0.571828008
vt 0.666806996 0.543352008
vt 0.668416977 0.571828008
vt 0.741088986 0.536864996
vt 0.743741989 0.571488976
vt 0.743741989 0.571488976
vt 0.678894997 0.599689007
vt 0.668416977 0.571828008
vt 0.678894997 0.599689007
vt 0.743741989 0.571488976
vt 0.741259992 0.610526979
vt 0.741259992 0.610526979
vt 0.737806976 0.630614996
vt 0.678894997 0.599689007
vt 0.604835987 0.832772970
vt 0.632080972 0.775614977
vt 0.645147979 0.829253972
vt 0.632080972 0.775614977
vt 0.604835987 0.832772970
vt 0.594585001 0.772382975
vt 0.645147979 0.829253972
vt 0.676079988 0.771239996
vt 0.676657975 0.821501970
vt 0.676079988 0.771239996
vt 0.645147979 0.829253972
vt 0.632080972 0.775614977
vt 0.676079988 0.771239996
vt 0.725099027 0.826837003
vt 0.676657975 0.821501970
vt 0.725099027 0.826837003
vt 0.676079988 0.771239996
vt 0.723013997 0.771606982
vt 0.723013997 0.771606982
vt 0.759720027 0.829608023
vt 0.725099027 0.826837003
vt 0.759720027 0.829608023
vt 0.723013997 0.771606982
vt 0.770237029 0.770994008
vt 0.666806996 0.543352008
vt 0.620562971 0.579429984
vt 0.617923975 0.550504982
vt 0.620562971 0.579429984
vt 0.666806996 0.543352008
vt 0.668416977 0.571828008
vt 0.668416977 0.571828008
vt 0.614980996 0.613843977
vt 0.620562971 0.579429984
vt 0.614980996 0.613843977
vt 0.668416977 0.571828008
vt 0.678894997 0.599689007
vt 0.678894997 0.599689007
vt 0.680325985 0.628423989
vt 0.614980996 0.613843977
vt 0.736979008 0.490553975
vt 0.673708975 0.444527030
vt 0.737968028 0.441998959
vt 0.649137020 0.437250018
vt 0.595350981 0.446959972
vt 0.647917986 0.382986009
vt 0.598990023 0.433920026
vt 0.552788973 0.445852995
vt 0.553619027 0.440935016
vt 0.552788973 0.445852995
vt 0.598990023 0.433920026
vt 0.595350981 0.446959972
vt 0.552788973 0.445852995
vt 0.521327019 0.436501026
vt 0.553619027 0.440935016
vt 0.521327019 0.436501026
vt 0.552788973 0.445852995
vt 0.521516979 0.440953016
vt 0.863281012 0.105113983
vt 0.843750000 0.177734017
vt 0.844237983 0.124655008
vt 0.868164003 0.168945014
vt 0.845703006 0.250977039
vt 0.843750000 0.177734017
vt 0.845703006 0.250977039
vt 0.868164003 0.168945014
vt 0.868164003 0.243164003
vt 0.928710997 0.116178989
vt 0.957031012 0.144531012
vt 0.929687023 0.157226980
vt 0.957031012 0.144531012
vt 0.928710997 0.116178989
vt 0.956054986 0.113349974
vt 0.957031012 0.144531012
vt 0.928710997 0.224609017
vt 0.929687023 0.157226980
vt 0.928710997 0.224609017
vt 0.957031012 0.144531012
vt 0.951171994 0.231445014
vt 0.906455994 0.095600009
vt 0.928710997 0.116178989
vt 0.914062023 0.124616981
vt 0.928710997 0.116178989
vt 0.906455994 0.095600009
vt 0.927734017 0.092535019
vt 0.929687023 0.157226980
vt 0.895507991 0.232421994
vt 0.893554986 0.159179986
vt 0.895507991 0.232421994
vt 0.929687023 0.157226980
vt 0.928710997 0.224609017
vt 0.885742009 0.114257991
vt 0.893554986 0.159179986
vt 0.868164003 0.168945014
vt 0.893554986 0.159179986
vt 0.868164003 0.243164003
vt 0.868164003 0.168945014
vt 0.868164003 0.243164003
vt 0.893554986 0.159179986
vt 0.895507991 0.232421994
vt 0.868164003 0.286132991
vt 0.850585997 0.393554986
vt 0.846679986 0.293945014
vt 0.850585997 0.393554986
vt 0.868164003 0.286132991
vt 0.869140983 0.390625000
vt 0.869140983 0.390625000
vt 0.849609017 0.458984017
vt 0.850585997 0.393554986
vt 0.849609017 0.458984017
vt 0.869140983 0.390625000
vt 0.871093988 0.458007991
vt 0.950195014 0.274414003
vt 0.916992009 0.369140983
vt 0.925781012 0.271484017
vt 0.916992009 0.369140983
vt 0.950195014 0.274414003
vt 0.955078006 0.381835997
vt 0.955078006 0.381835997
vt 0.910156012 0.453125000
vt 0.916992009 0.369140983
vt 0.910156012 0.453125000
vt 0.955078006 0.381835997
vt 0.951171994 0.455078006
vt 0.925781012 0.271484017
vt 0.893554986 0.381835997
vt 0.896484017 0.276367009
vt 0.893554986 0.381835997
vt 0.925781012 0.271484017
vt 0.916992009 0.369140983
vt 0.916992009 0.369140983
vt 0.890625000 0.454102039
vt 0.893554986 0.381835997
vt 0.890625000 0.454102039
vt 0.916992009 0.369140983
vt 0.910156012 0.453125000
vt 0.896484017 0.276367009
vt 0.869140983 0.390625000
vt 0.868164003 0.286132991
vt 0.869140983 0.390625000
vt 0.896484017 0.276367009
vt 0.893554986 0.381835997
vt 0.893554986 0.381835997
vt 0.871093988 0.458007991
vt 0.869140983 0.390625000
vt 0.871093988 0.458007991
vt 0.893554986 0.381835997
vt 0.890625000 0.454102039
vt 0.949814975 0.581312001
vt 0.914524972 0.568072021
vt 0.947265983 0.577148020
vt 0.914524972 0.568072021
vt 0.949814975 0.581312001
vt 0.918862998 0.591364980
vt 0.993164003 0.526367009
vt 0.976562023 0.552734017
vt 0.975585997 0.535156012
vt 0.976562023 0.552734017
vt 0.993164003 0.526367009
vt 0.994140983 0.541992009
vt 0.909179986 0.484375000
vt 0.950195014 0.518688023
vt 0.913519025 0.525945008
vt 0.950195014 0.518688023
vt 0.909179986 0.484375000
vt 0.964843988 0.491210997
vt 0.909179986 0.484375000
vt 0.898325980 0.529606998
vt 0.889648020 0.487304986
vt 0.898325980 0.529606998
vt 0.909179986 0.484375000
vt 0.913519025 0.525945008
vt 0.851562977 0.492187977
vt 0.898325980 0.529606998
vt 0.856013000 0.522361994
vt 0.898325980 0.529606998
vt 0.851562977 0.492187977
vt 0.889648020 0.487304986
vt 0.895507991 0.232421994
vt 0.868164003 0.286132991
vt 0.868164003 0.243164003
vt 0.868164003 0.286132991
vt 0.895507991 0.232421994
vt 0.896484017 0.276367009
vt 0.868164003 0.243164003
vt 0.846679986 0.293945014
vt 0.845703006 0.250977039
vt 0.846679986 0.293945014
vt 0.868164003 0.243164003
vt 0.868164003 0.286132991
vt 0.928710997 0.224609017
vt 0.950195014 0.274414003
vt 0.925781012 0.271484017
vt 0.950195014 0.274414003
vt 0.928710997 0.224609017
vt 0.951171994 0.231445014
vt 0.925781012 0.271484017
vt 0.895507991 0.232421994
vt 0.928710997 0.224609017
vt 0.895507991 0.232421994
vt 0.925781012 0.271484017
vt 0.896484017 0.276367009
vt 0.895507991 0.072111011
vt 0.885742009 0.114257991
vt 0.888191998 0.072624981
vt 0.888191998 0.072624981
vt 0.902343988 0.020507991
vt 0.895507991 0.072111011
vt 0.902343988 0.020507991
vt 0.888191998 0.072624981
vt 0.885742009 0.021484017
vt 0.673708975 0.444527030
vt 0.734070003 0.385779023
vt 0.737968028 0.441998959
vt 0.734070003 0.385779023
vt 0.673708975 0.444527030
vt 0.695272028 0.381792009
vt 0.697028995 0.253208041
vt 0.726718009 0.226230979
vt 0.753223002 0.238463998
vt 0.871505022 0.084971011
vt 0.858398020 0.022460997
vt 0.869140983 0.021484017
vt 0.858398020 0.022460997
vt 0.871505022 0.084971011
vt 0.861688018 0.081054986
vt 0.863281012 0.105113983
vt 0.861688018 0.081054986
vt 0.871505022 0.084971011
vt 0.707886994 0.288816988
vt 0.742295980 0.290917993
vt 0.733277977 0.326631010
vt 0.733277977 0.326631010
vt 0.793013990 0.282948971
vt 0.792899013 0.341328025
vt 0.793013990 0.282948971
vt 0.733277977 0.326631010
vt 0.742295980 0.290917993
vt 0.895507991 0.072111011
vt 0.902343988 0.020507991
vt 0.913085997 0.056640983
vt 0.906455994 0.095600009
vt 0.913085997 0.056640983
vt 0.913085997 0.081054986
vt 0.927734017 0.092535019
vt 0.940891981 0.043945014
vt 0.955078006 0.076703012
vt 0.940891981 0.043945014
vt 0.927734017 0.092535019
vt 0.927734017 0.077148020
vt 0.953125000 0.023437977
vt 0.955078006 0.076703012
vt 0.940891981 0.043945014
vt 0.607545018 0.396968007
vt 0.622389972 0.390200019
vt 0.598990023 0.433920026
vt 0.647917986 0.382986009
vt 0.661548018 0.377261996
vt 0.649137020 0.437250018
vt 0.871093988 0.458007991
vt 0.829101980 0.479492009
vt 0.849609017 0.458984017
vt 0.829101980 0.479492009
vt 0.871093988 0.458007991
vt 0.851562977 0.492187977
vt 0.871093988 0.458007991
vt 0.889648020 0.487304986
vt 0.851562977 0.492187977
vt 0.889648020 0.487304986
vt 0.871093988 0.458007991
vt 0.890625000 0.454102039
vt 0.890625000 0.454102039
vt 0.909179986 0.484375000
vt 0.889648020 0.487304986
vt 0.909179986 0.484375000
vt 0.890625000 0.454102039
vt 0.910156012 0.453125000
vt 0.909179986 0.484375000
vt 0.951171994 0.455078006
vt 0.964843988 0.491210997
vt 0.951171994 0.455078006
vt 0.909179986 0.484375000
vt 0.910156012 0.453125000
vt 0.753223002 0.238463998
vt 0.727508008 0.191477001
vt 0.758325994 0.187471032
vt 0.727508008 0.191477001
vt 0.753223002 0.238463998
vt 0.726718009 0.226230979
vt 0.793006003 0.254356027
vt 0.758325994 0.187471032
vt 0.793052018 0.186818004
vt 0.758325994 0.187471032
vt 0.793006003 0.254356027
vt 0.753223002 0.238463998
vt 0.913519025 0.525945008
vt 0.947265983 0.577148020
vt 0.914524972 0.568072021
vt 0.947265983 0.577148020
vt 0.913519025 0.525945008
vt 0.950195014 0.518688023
vt 0.950195014 0.518688023
vt 0.949814975 0.581312001
vt 0.947265983 0.577148020
vt 0.949814975 0.581312001
vt 0.950195014 0.518688023
vt 0.955757022 0.524158001
vt 0.865234017 0.582031012
vt 0.898325980 0.529606998
vt 0.896185994 0.572924018
vt 0.898325980 0.529606998
vt 0.865234017 0.582031012
vt 0.856013000 0.522361994
vt 0.896185994 0.572924018
vt 0.913519025 0.525945008
vt 0.914524972 0.568072021
vt 0.913519025 0.525945008
vt 0.896185994 0.572924018
vt 0.898325980 0.529606998
vt 0.851562977 0.492187977
vt 0.809570014 0.530273020
vt 0.829101980 0.479492009
vt 0.809570014 0.530273020
vt 0.851562977 0.492187977
vt 0.829101980 0.528320014
vt 0.983398020 0.511718988
vt 0.950195014 0.518688023
vt 0.964843988 0.491210997
vt 0.950195014 0.518688023
vt 0.983398020 0.511718988
vt 0.959960997 0.518554986
vt 0.950195014 0.518688023
vt 0.962890983 0.536132991
vt 0.955757022 0.524158001
vt 0.962890983 0.536132991
vt 0.950195014 0.518688023
vt 0.959960997 0.518554986
vt 0.847656012 0.523437977
vt 0.851562977 0.492187977
vt 0.856013000 0.522361994
vt 0.851562977 0.492187977
vt 0.847656012 0.523437977
vt 0.829101980 0.528320014
vt 0.829101980 0.528320014
vt 0.804687977 0.566406012
vt 0.809570014 0.530273020
vt 0.804687977 0.566406012
vt 0.829101980 0.528320014
vt 0.815429986 0.565429986
vt 0.983398020 0.511718988
vt 0.975585997 0.535156012
vt 0.959960997 0.518554986
vt 0.975585997 0.535156012
vt 0.983398020 0.511718988
vt 0.993164003 0.526367009
vt 0.959960997 0.518554986
vt 0.976562023 0.552734017
vt 0.962890983 0.536132991
vt 0.976562023 0.552734017
vt 0.959960997 0.518554986
vt 0.975585997 0.535156012
vt 0.847656012 0.523437977
vt 0.815429986 0.565429986
vt 0.829101980 0.528320014
vt 0.815429986 0.565429986
vt 0.847656012 0.523437977
vt 0.837890983 0.565429986
vt 0.702148020 0.123046994
vt 0.667968988 0.160156012
vt 0.666015983 0.140625000
vt 0.667968988 0.160156012
vt 0.702148020 0.123046994
vt 0.705078006 0.134765983
vt 0.645507991 0.011718988
vt 0.623046994 0.047851980
vt 0.639694989 0.004238009
vt 0.623046994 0.047851980
vt 0.645507991 0.011718988
vt 0.633789003 0.050781012
vt 0.655273020 0.027343988
vt 0.689453006 0.012695014
vt 0.683593988 0.028320014
vt 0.689453006 0.012695014
vt 0.655273020 0.027343988
vt 0.645507991 0.011718988
vt 0.718750000 0.045898020
vt 0.689453006 0.012695014
vt 0.697099984 0.004357994
vt 0.689453006 0.012695014
vt 0.718750000 0.045898020
vt 0.704101980 0.047851980
vt 0.666015983 0.069335997
vt 0.702148020 0.123046994
vt 0.666015983 0.140625000
vt 0.702148020 0.123046994
vt 0.666015983 0.069335997
vt 0.685546994 0.049804986
vt 0.623046994 0.047851980
vt 0.632812977 0.134765983
vt 0.621093988 0.150390983
vt 0.632812977 0.134765983
vt 0.623046994 0.047851980
vt 0.633789003 0.050781012
vt 0.628169000 0.212080002
vt 0.669470012 0.270747006
vt 0.662109017 0.208864987
vt 0.669470012 0.270747006
vt 0.628169000 0.212080002
vt 0.618164003 0.292968988
vt 0.718750000 0.045898020
vt 0.702148020 0.123046994
vt 0.704101980 0.047851980
vt 0.702148020 0.123046994
vt 0.718750000 0.045898020
vt 0.705078006 0.134765983
vt 0.538447976 0.574256003
vt 0.570730984 0.614247978
vt 0.525065005 0.615406990
vt 0.575740993 0.570487976
vt 0.570730984 0.614247978
vt 0.538447976 0.574256003
vt 0.570730984 0.614247978
vt 0.582031012 0.710937977
vt 0.536706984 0.710126996
vt 0.582031012 0.710937977
vt 0.551844001 0.772491992
vt 0.536706984 0.710126996
vt 0.551844001 0.772491992
vt 0.582031012 0.710937977
vt 0.594585001 0.772382975
vt 0.594585001 0.772382975
vt 0.565284014 0.844084024
vt 0.551844001 0.772491992
vt 0.565284014 0.844084024
vt 0.594585001 0.772382975
vt 0.604835987 0.832772970
vt 0.565284014 0.844084024
vt 0.618692994 0.900777996
vt 0.585138977 0.909156978
vt 0.618692994 0.900777996
vt 0.565284014 0.844084024
vt 0.604835987 0.832772970
vt 0.585138977 0.909156978
vt 0.636892974 0.982919991
vt 0.613273978 0.983712018
vt 0.636892974 0.982919991
vt 0.585138977 0.909156978
vt 0.618692994 0.900777996
vt 0.666015983 0.069335997
vt 0.632812977 0.134765983
vt 0.653320014 0.052734017
vt 0.632812977 0.134765983
vt 0.666015983 0.069335997
vt 0.666015983 0.140625000
vt 0.666015983 0.140625000
vt 0.621093988 0.150390983
vt 0.632812977 0.134765983
vt 0.621093988 0.150390983
vt 0.666015983 0.140625000
vt 0.667968988 0.160156012
vt 0.632812977 0.134765983
vt 0.633789003 0.050781012
vt 0.653320014 0.052734017
vt 0.653320014 0.052734017
vt 0.645507991 0.011718988
vt 0.655273020 0.027343988
vt 0.645507991 0.011718988
vt 0.653320014 0.052734017
vt 0.633789003 0.050781012
vt 0.689453006 0.012695014
vt 0.639694989 0.004238009
vt 0.697099984 0.004357994
vt 0.639694989 0.004238009
vt 0.689453006 0.012695014
vt 0.645507991 0.011718988
vt 0.683593988 0.028320014
vt 0.704101980 0.047851980
vt 0.685546994 0.049804986
vt 0.704101980 0.047851980
vt 0.683593988 0.028320014
vt 0.689453006 0.012695014
vt 0.704101980 0.047851980
vt 0.702148020 0.123046994
vt 0.685546994 0.049804986
vt 0.578097999 0.527913988
vt 0.617923975 0.550504982
vt 0.575740993 0.570487976
vt 0.617923975 0.550504982
vt 0.620562971 0.579429984
vt 0.575740993 0.570487976
vt 0.525065005 0.615406990
vt 0.500000000 0.645353019
vt 0.500020027 0.602010012
vt 0.562582016 0.203981996
vt 0.522579014 0.234095991
vt 0.544766009 0.208911002
vt 0.522579014 0.234095991
vt 0.562582016 0.203981996
vt 0.531684995 0.246963024
vt 0.725818992 0.150959969
vt 0.758325994 0.187471032
vt 0.727508008 0.191477001
vt 0.758325994 0.187471032
vt 0.725818992 0.150959969
vt 0.757622004 0.148070991
vt 0.555960000 0.040956974
vt 0.500020027 0.032590032
vt 0.500020027 0.032590032
vt 0.500020027 0.032590032
vt 0.555960000 0.040956974
vt 0.523550987 0.059907973
vt 0.527616978 0.122007012
vt 0.511723995 0.120523989
vt 0.521354020 0.081624031
vt 0.562582016 0.203981996
vt 0.546370029 0.180019021
vt 0.569086015 0.180381000
vt 0.546370029 0.180019021
vt 0.562582016 0.203981996
vt 0.544766009 0.208911002
vt 0.573680997 0.199554980
vt 0.569086015 0.180381000
vt 0.591584980 0.156589031
vt 0.569086015 0.180381000
vt 0.573680997 0.199554980
vt 0.562582016 0.203981996
vt 0.564490974 0.138047993
vt 0.546214998 0.082282007
vt 0.572145998 0.082014024
vt 0.546214998 0.082282007
vt 0.564490974 0.138047993
vt 0.547514975 0.120537996
vt 0.564490974 0.138047993
vt 0.572145998 0.082014024
vt 0.608363986 0.098655999
vt 0.757622004 0.148070991
vt 0.723725975 0.108739972
vt 0.761390984 0.102984011
vt 0.723725975 0.108739972
vt 0.757622004 0.148070991
vt 0.725818992 0.150959969
vt 0.793142021 0.100796998
vt 0.758722007 0.054843009
vt 0.793163002 0.054886997
vt 0.758722007 0.054843009
vt 0.793142021 0.100796998
vt 0.761390984 0.102984011
vt 0.573680997 0.199554980
vt 0.531684995 0.246963024
vt 0.562582016 0.203981996
vt 0.546214998 0.082282007
vt 0.527616978 0.122007012
vt 0.521354020 0.081624031
vt 0.549012005 0.158769011
vt 0.531343997 0.179243982
vt 0.522634983 0.154989004
vt 0.544766009 0.208911002
vt 0.522579014 0.234095991
vt 0.519268990 0.215406001
vt 0.519268990 0.215406001
vt 0.500020027 0.236706018
vt 0.500020027 0.217769980
vt 0.500020027 0.236706018
vt 0.519268990 0.215406001
vt 0.522579014 0.234095991
vt 0.523550987 0.059907973
vt 0.546214998 0.082282007
vt 0.521354020 0.081624031
vt 0.555960000 0.040956974
vt 0.608363986 0.098655999
vt 0.572145998 0.082014024
vt 0.608363986 0.098655999
vt 0.555960000 0.040956974
vt 0.570107996 0.034664989
vt 0.758722007 0.054843009
vt 0.793951988 0.023517013
vt 0.793163002 0.054886997
vt 0.793951988 0.023517013
vt 0.758722007 0.054843009
vt 0.739863992 0.021135986
vt 0.546214998 0.082282007
vt 0.555960000 0.040956974
vt 0.572145998 0.082014024
vt 0.793052018 0.186818004
vt 0.757622004 0.148070991
vt 0.793096006 0.135722995
vt 0.757622004 0.148070991
vt 0.793052018 0.186818004
vt 0.758325994 0.187471032
vt 0.793096006 0.135722995
vt 0.761390984 0.102984011
vt 0.793142021 0.100796998
vt 0.761390984 0.102984011
vt 0.793096006 0.135722995
vt 0.757622004 0.148070991
vt 0.758722007 0.054843009
vt 0.723725975 0.108739972
vt 0.732288003 0.050693989
vt 0.723725975 0.108739972
vt 0.758722007 0.054843009
vt 0.761390984 0.102984011
vt 0.739863992 0.021135986
vt 0.758722007 0.054843009
vt 0.732288003 0.050693989
vt 0.603753984 0.021014988
vt 0.622866988 0.022050023
vt 0.603078008 0.057325006
vt 0.622866988 0.022050023
vt 0.603753984 0.021014988
vt 0.612583995 0.001823008
vt 0.569086015 0.180381000
vt 0.578369021 0.156785011
vt 0.591584980 0.156589031
vt 0.578369021 0.156785011
vt 0.569086015 0.180381000
vt 0.572727025 0.171406031
vt 0.591584980 0.156589031
vt 0.574169993 0.147350013
vt 0.564490974 0.138047993
vt 0.574169993 0.147350013
vt 0.591584980 0.156589031
vt 0.578369021 0.156785011
vt 0.591663003 0.001451015
vt 0.603753984 0.021014988
vt 0.579833984 0.025402009
vt 0.603753984 0.021014988
vt 0.591663003 0.001451015
vt 0.612583995 0.001823008
vt 0.579833984 0.025402009
vt 0.603078008 0.057325006
vt 0.593248010 0.059629023
vt 0.603078008 0.057325006
vt 0.579833984 0.025402009
vt 0.603753984 0.021014988
vt 0.525273979 0.134815991
vt 0.549012005 0.158769011
vt 0.522634983 0.154989004
vt 0.549012005 0.158769011
vt 0.525273979 0.134815991
vt 0.547514975 0.120537996
vt 0.549012005 0.158769011
vt 0.564490974 0.138047993
vt 0.562406003 0.156978965
vt 0.564490974 0.138047993
vt 0.549012005 0.158769011
vt 0.547514975 0.120537996
vt 0.531684995 0.246963024
vt 0.581135988 0.256965041
vt 0.530339003 0.293115020
vt 0.581135988 0.256965041
vt 0.531684995 0.246963024
vt 0.583387017 0.230322003
vt 0.726718009 0.226230979
vt 0.697028995 0.253208041
vt 0.680526018 0.231020987
vt 0.583387017 0.230322003
vt 0.573680997 0.199554980
vt 0.598942995 0.199389994
vt 0.573680997 0.199554980
vt 0.583387017 0.230322003
vt 0.531684995 0.246963024
vt 0.598942995 0.199389994
vt 0.591584980 0.156589031
vt 0.608635008 0.156174004
vt 0.591584980 0.156589031
vt 0.598942995 0.199389994
vt 0.573680997 0.199554980
vt 0.536203027 0.308075011
vt 0.500020027 0.295863986
vt 0.530339003 0.293115020
vt 0.538447976 0.574256003
vt 0.500020027 0.531394005
vt 0.543474019 0.530875027
vt 0.500020027 0.531394005
vt 0.538447976 0.574256003
vt 0.500020027 0.577425003
vt 0.793744028 0.550405979
vt 0.743741989 0.571488976
vt 0.741088986 0.536864996
vt 0.743741989 0.571488976
vt 0.793744028 0.550405979
vt 0.793744028 0.574527025
vt 0.743741989 0.571488976
vt 0.793744028 0.589537978
vt 0.741259992 0.610526979
vt 0.793744028 0.589537978
vt 0.743741989 0.571488976
vt 0.793744028 0.574527025
vt 0.793744028 0.589537978
vt 0.737806976 0.630614996
vt 0.741259992 0.610526979
vt 0.737806976 0.630614996
vt 0.793744028 0.589537978
vt 0.783919990 0.603685975
vt 0.793006003 0.254356027
vt 0.793013990 0.282948971
vt 0.742295980 0.290917993
vt 0.783919990 0.603685975
vt 0.784610987 0.610082984
vt 0.737806976 0.630614996
vt 0.737806976 0.630614996
vt 0.784610987 0.610082984
vt 0.785194993 0.617240012
vt 0.516722977 0.180070996
vt 0.511838019 0.164178014
vt 0.522634983 0.154989004
vt 0.521354020 0.081624031
vt 0.500020027 0.061884999
vt 0.523550987 0.059907973
vt 0.500020027 0.061884999
vt 0.521354020 0.081624031
vt 0.500020027 0.085316002
vt 0.522634983 0.154989004
vt 0.506639004 0.136963010
vt 0.525273979 0.134815991
vt 0.506639004 0.136963010
vt 0.522634983 0.154989004
vt 0.511838019 0.164178014
vt 0.500020027 0.484166980
vt 0.543474019 0.530875027
vt 0.500020027 0.531394005
vt 0.543474019 0.530875027
vt 0.500020027 0.484166980
vt 0.551288009 0.483273029
vt 0.551288009 0.483273029
vt 0.578097999 0.527913988
vt 0.543474019 0.530875027
vt 0.578097999 0.527913988
vt 0.551288009 0.483273029
vt 0.583743989 0.482629001
vt 0.583743989 0.482629001
vt 0.653144002 0.514953017
vt 0.578097999 0.527913988
vt 0.653144002 0.514953017
vt 0.583743989 0.482629001
vt 0.652957022 0.490752995
vt 0.653144002 0.514953017
vt 0.736979008 0.490553975
vt 0.738160014 0.512664974
vt 0.736979008 0.490553975
vt 0.653144002 0.514953017
vt 0.652957022 0.490752995
vt 0.738160014 0.512664974
vt 0.793686986 0.491881967
vt 0.793744028 0.514645994
vt 0.793686986 0.491881967
vt 0.738160014 0.512664974
vt 0.736979008 0.490553975
vt 0.581135988 0.256965041
vt 0.584114015 0.276551008
vt 0.530339003 0.293115020
vt 0.530339003 0.293115020
vt 0.584114015 0.276551008
vt 0.582162023 0.298696995
vt 0.869140983 0.021484017
vt 0.888191998 0.072624981
vt 0.871505022 0.084971011
vt 0.888191998 0.072624981
vt 0.869140983 0.021484017
vt 0.885742009 0.021484017
vt 0.888191998 0.072624981
vt 0.863281012 0.105113983
vt 0.871505022 0.084971011
vt 0.863281012 0.105113983
vt 0.888191998 0.072624981
vt 0.885742009 0.114257991
vt 0.885742009 0.114257991
vt 0.868164003 0.168945014
vt 0.863281012 0.105113983
vt 0.893554986 0.159179986
vt 0.885742009 0.114257991
vt 0.895425975 0.108398020
vt 0.570730984 0.614247978
vt 0.536706984 0.710126996
vt 0.525065005 0.615406990
vt 0.527616978 0.122007012
vt 0.547514975 0.120537996
vt 0.525273979 0.134815991
vt 0.506639004 0.136963010
vt 0.527616978 0.122007012
vt 0.525273979 0.134815991
vt 0.527616978 0.122007012
vt 0.506639004 0.136963010
vt 0.511723995 0.120523989
vt 0.527616978 0.122007012
vt 0.546214998 0.082282007
vt 0.547514975 0.120537996
vt 0.669470012 0.270747006
vt 0.618164003 0.292968988
vt 0.643554986 0.300781012
vt 0.519268990 0.215406001
vt 0.507490993 0.190946996
vt 0.516713977 0.185990989
vt 0.531343997 0.179243982
vt 0.549012005 0.158769011
vt 0.546370029 0.180019021
vt 0.519268990 0.215406001
vt 0.531343997 0.179243982
vt 0.544766009 0.208911002
vt 0.511838019 0.164178014
vt 0.500020027 0.166987002
vt 0.500020027 0.164115012
vt 0.516713977 0.185990989
vt 0.508843005 0.180235982
vt 0.516722977 0.180070996
vt 0.500020027 0.185442984
vt 0.507490993 0.190946996
vt 0.500020027 0.191702008
vt 0.507490993 0.190946996
vt 0.500020027 0.185442984
vt 0.508211017 0.185365021
vt 0.507490993 0.190946996
vt 0.519268990 0.215406001
vt 0.500020027 0.217769980
vt 0.531343997 0.179243982
vt 0.516713977 0.185990989
vt 0.516722977 0.180070996
vt 0.531343997 0.179243982
vt 0.546370029 0.180019021
vt 0.544766009 0.208911002
vt 0.569086015 0.180381000
vt 0.549012005 0.158769011
vt 0.562406003 0.156978965
vt 0.549012005 0.158769011
vt 0.569086015 0.180381000
vt 0.546370029 0.180019021
vt 0.522634983 0.154989004
vt 0.531343997 0.179243982
vt 0.516722977 0.180070996
vt 0.500020027 0.085316002
vt 0.511723995 0.120523989
vt 0.500020027 0.121057987
vt 0.511723995 0.120523989
vt 0.500020027 0.085316002
vt 0.521354020 0.081624031
vt 0.511723995 0.120523989
vt 0.500020027 0.136561990
vt 0.500020027 0.121057987
vt 0.500020027 0.136561990
vt 0.511723995 0.120523989
vt 0.506639004 0.136963010
vt 0.500020027 0.136561990
vt 0.511838019 0.164178014
vt 0.500020027 0.164115012
vt 0.511838019 0.164178014
vt 0.500020027 0.136561990
vt 0.506639004 0.136963010
vt 0.508774996 0.178252995
vt 0.516722977 0.180070996
vt 0.508843005 0.180235982
vt 0.652957022 0.490752995
vt 0.649137020 0.437250018
vt 0.673708975 0.444527030
vt 0.709439993 0.328637004
vt 0.675659001 0.331773996
vt 0.701475978 0.317799985
vt 0.661548018 0.377261996
vt 0.673708975 0.444527030
vt 0.649137020 0.437250018
vt 0.673708975 0.444527030
vt 0.661548018 0.377261996
vt 0.695272028 0.381792009
vt 0.673708975 0.444527030
vt 0.736979008 0.490553975
vt 0.652957022 0.490752995
vt 0.507490993 0.190946996
vt 0.500020027 0.217769980
vt 0.500020027 0.191702008
vt 0.793006003 0.254356027
vt 0.742295980 0.290917993
vt 0.753223002 0.238463998
vt 0.500020027 0.185442984
vt 0.508843005 0.180235982
vt 0.508211017 0.185365021
vt 0.508843005 0.180235982
vt 0.500020027 0.185442984
vt 0.500020027 0.179464996
vt 0.500020027 0.179464996
vt 0.500020027 0.177155018
vt 0.508774996 0.178252995
vt 0.511838019 0.164178014
vt 0.500020027 0.177155018
vt 0.500020027 0.166987002
vt 0.500020027 0.177155018
vt 0.511838019 0.164178014
vt 0.508774996 0.178252995
vt 0.733277977 0.326631010
vt 0.695272028 0.381792009
vt 0.709439993 0.328637004
vt 0.695272028 0.381792009
vt 0.733277977 0.326631010
vt 0.734070003 0.385779023
vt 0.695272028 0.381792009
vt 0.675659001 0.331773996
vt 0.709439993 0.328637004
vt 0.675659001 0.331773996
vt 0.695272028 0.381792009
vt 0.661548018 0.377261996
vt 0.675659001 0.331773996
vt 0.647917986 0.382986009
vt 0.643145978 0.348610044
vt 0.647917986 0.382986009
vt 0.675659001 0.331773996
vt 0.661548018 0.377261996
vt 0.643145978 0.348610044
vt 0.622389972 0.390200019
vt 0.627256989 0.348127961
vt 0.622389972 0.390200019
vt 0.643145978 0.348610044
vt 0.647917986 0.382986009
vt 0.608308971 0.382333040
vt 0.627256989 0.348127961
vt 0.622389972 0.390200019
vt 0.627256989 0.348127961
vt 0.608308971 0.382333040
vt 0.607674003 0.338801026
vt 0.518633008 0.419471025
vt 0.558381021 0.387524962
vt 0.559431016 0.417881966
vt 0.558381021 0.387524962
vt 0.518633008 0.419471025
vt 0.514535010 0.389885008
vt 0.559431016 0.417881966
vt 0.590888977 0.393837988
vt 0.587430000 0.417647958
vt 0.590888977 0.393837988
vt 0.559431016 0.417881966
vt 0.558381021 0.387524962
vt 0.544194996 0.339758992
vt 0.607613981 0.312407970
vt 0.607674003 0.338801026
vt 0.607613981 0.312407970
vt 0.544194996 0.339758992
vt 0.536203027 0.308075011
vt 0.858398020 0.022460997
vt 0.850277007 0.092405975
vt 0.848632991 0.022460997
vt 0.850277007 0.092405975
vt 0.858398020 0.022460997
vt 0.861688018 0.081054986
vt 0.861688018 0.081054986
vt 0.863281012 0.105113983
vt 0.850277007 0.092405975
vt 0.906455994 0.095600009
vt 0.927734017 0.077148020
vt 0.927734017 0.092535019
vt 0.927734017 0.077148020
vt 0.906455994 0.095600009
vt 0.913085997 0.081054986
vt 0.500020027 0.343077004
vt 0.536203027 0.308075011
vt 0.544194996 0.339758992
vt 0.536203027 0.308075011
vt 0.500020027 0.343077004
vt 0.500020027 0.311917007
vt 0.553619027 0.440935016
vt 0.587430000 0.417647958
vt 0.598990023 0.433920026
vt 0.587430000 0.417647958
vt 0.553619027 0.440935016
vt 0.559431016 0.417881966
vt 0.607545018 0.396968007
vt 0.590888977 0.393837988
vt 0.608308971 0.382333040
vt 0.608308971 0.382333040
vt 0.598887980 0.366322994
vt 0.607674003 0.338801026
vt 0.607674003 0.338801026
vt 0.553399026 0.364956975
vt 0.544194996 0.339758992
vt 0.553399026 0.364956975
vt 0.607674003 0.338801026
vt 0.598887980 0.366322994
vt 0.544194996 0.339758992
vt 0.514567971 0.368008018
vt 0.500020027 0.343077004
vt 0.507817984 0.390664995
vt 0.514567971 0.368008018
vt 0.514535010 0.389885008
vt 0.508276999 0.422407985
vt 0.514535010 0.389885008
vt 0.518633008 0.419471025
vt 0.514535010 0.389885008
vt 0.508276999 0.422407985
vt 0.507817984 0.390664995
vt 0.553619027 0.440935016
vt 0.518633008 0.419471025
vt 0.559431016 0.417881966
vt 0.590888977 0.393837988
vt 0.607545018 0.396968007
vt 0.587430000 0.417647958
vt 0.622389972 0.390200019
vt 0.607545018 0.396968007
vt 0.608308971 0.382333040
vt 0.587430000 0.417647958
vt 0.607545018 0.396968007
vt 0.598990023 0.433920026
vt 0.538447976 0.574256003
vt 0.500020027 0.602010012
vt 0.500020027 0.577425003
vt 0.555960000 0.040956974
vt 0.500020027 0.032590032
vt 0.520367026 0.021138012
vt 0.555960000 0.040956974
vt 0.546214998 0.082282007
vt 0.523550987 0.059907973
vt 0.564490974 0.138047993
vt 0.608635008 0.156174004
vt 0.591584980 0.156589031
vt 0.608635008 0.156174004
vt 0.564490974 0.138047993
vt 0.608363986 0.098655999
vt 0.792968988 0.433593988
vt 0.736979008 0.490553975
vt 0.737968028 0.441998959
vt 0.736979008 0.490553975
vt 0.792968988 0.433593988
vt 0.793686986 0.491881967
vt 0.530339003 0.293115020
vt 0.500020027 0.265570045
vt 0.531684995 0.246963024
vt 0.500020027 0.265570045
vt 0.530339003 0.293115020
vt 0.500020027 0.295863986
vt 0.520367026 0.021138012
vt 0.570107996 0.034664989
vt 0.555960000 0.040956974
vt 0.570107996 0.034664989
vt 0.520367026 0.021138012
vt 0.548618019 0.018235981
vt 0.500020027 0.265570045
vt 0.522579014 0.234095991
vt 0.531684995 0.246963024
vt 0.522579014 0.234095991
vt 0.500020027 0.265570045
vt 0.500020027 0.236706018
vt 0.500020027 0.061884999
vt 0.500020027 0.032590032
vt 0.523550987 0.059907973
vt 0.792899013 0.341328025
vt 0.734070003 0.385779023
vt 0.733277977 0.326631010
vt 0.734070003 0.385779023
vt 0.792899013 0.341328025
vt 0.793174028 0.387587011
vt 0.678894997 0.599689007
vt 0.737806976 0.630614996
vt 0.680325985 0.628423989
vt 0.913085997 0.056640983
vt 0.906455994 0.095600009
vt 0.895507991 0.072111011
vt 0.843750000 0.177734017
vt 0.863281012 0.105113983
vt 0.868164003 0.168945014
vt 0.895507991 0.072111011
vt 0.906455994 0.095600009
vt 0.895425975 0.108398020
vt 0.885742009 0.114257991
vt 0.895507991 0.072111011
vt 0.895425975 0.108398020
vt 0.518633008 0.419471025
vt 0.553619027 0.440935016
vt 0.521327019 0.436501026
vt 0.507817984 0.390664995
vt 0.500020027 0.430009961
vt 0.500020027 0.391445041
vt 0.500020027 0.430009961
vt 0.507817984 0.390664995
vt 0.508276999 0.422407985
vt 0.514567971 0.368008018
vt 0.507817984 0.390664995
vt 0.500020027 0.391445041
vt 0.518633008 0.419471025
vt 0.521327019 0.436501026
vt 0.508276999 0.422407985
vt 0.514567971 0.368008018
vt 0.500020027 0.391445041
vt 0.500020027 0.343077004
vt 0.514567971 0.368008018
vt 0.544194996 0.339758992
vt 0.553399026 0.364956975
vt 0.598887980 0.366322994
vt 0.608308971 0.382333040
vt 0.590888977 0.393837988
vt 0.940891981 0.043945014
vt 0.927734017 0.077148020
vt 0.924804986 0.056640983
vt 0.863281012 0.105113983
vt 0.844237983 0.124655008
vt 0.850277007 0.092405975
vt 0.956054986 0.113349974
vt 0.927734017 0.092535019
vt 0.955078006 0.076703012
vt 0.927734017 0.092535019
vt 0.956054986 0.113349974
vt 0.928710997 0.116178989
vt 0.929687023 0.157226980
vt 0.914062023 0.124616981
vt 0.928710997 0.116178989
vt 0.906455994 0.095600009
vt 0.914062023 0.124616981
vt 0.895425975 0.108398020
vt 0.914062023 0.124616981
vt 0.893554986 0.159179986
vt 0.895425975 0.108398020
vt 0.893554986 0.159179986
vt 0.914062023 0.124616981
vt 0.929687023 0.157226980
vt 0.701475978 0.317799985
vt 0.733277977 0.326631010
vt 0.709439993 0.328637004
vt 0.733277977 0.326631010
vt 0.701475978 0.317799985
vt 0.707886994 0.288816988
vt 0.582162023 0.298696995
vt 0.536203027 0.308075011
vt 0.530339003 0.293115020
vt 0.500020027 0.295863986
vt 0.536203027 0.308075011
vt 0.500020027 0.311917007
vt 0.521516979 0.440953016
vt 0.552788973 0.445852995
vt 0.551288009 0.483273029
vt 0.551288009 0.483273029
vt 0.595350981 0.446959972
vt 0.583743989 0.482629001
vt 0.595350981 0.446959972
vt 0.551288009 0.483273029
vt 0.552788973 0.445852995
vt 0.649137020 0.437250018
vt 0.583743989 0.482629001
vt 0.595350981 0.446959972
vt 0.583743989 0.482629001
vt 0.649137020 0.437250018
vt 0.652957022 0.490752995
vt 0.500020027 0.484166980
vt 0.521516979 0.440953016
vt 0.551288009 0.483273029
vt 0.521516979 0.440953016
vt 0.500020027 0.484166980
vt 0.500020027 0.430009961
vt 0.508276999 0.422407985
vt 0.521516979 0.440953016
vt 0.500020027 0.430009961
vt 0.521516979 0.440953016
vt 0.508276999 0.422407985
vt 0.521327019 0.436501026
vt 0.622389972 0.390200019
vt 0.595350981 0.446959972
vt 0.598990023 0.433920026
vt 0.595350981 0.446959972
vt 0.622389972 0.390200019
vt 0.647917986 0.382986009
vt 0.392425001 0.312407970
vt 0.417878002 0.298696995
vt 0.463836014 0.308075011
vt 0.401152015 0.366322994
vt 0.441659003 0.387524962
vt 0.409150004 0.393837988
vt 0.441659003 0.387524962
vt 0.401152015 0.366322994
vt 0.446640998 0.364956975
vt 0.246815994 0.238463998
vt 0.292151988 0.288816988
vt 0.257743001 0.290917993
vt 0.292151988 0.288816988
vt 0.246815994 0.238463998
vt 0.303011000 0.253208041
vt 0.333232999 0.543352008
vt 0.261880010 0.512664974
vt 0.346895993 0.514953017
vt 0.261880010 0.512664974
vt 0.333232999 0.543352008
vt 0.258951008 0.536864996
vt 0.421941996 0.527913988
vt 0.333232999 0.543352008
vt 0.346895993 0.514953017
vt 0.333232999 0.543352008
vt 0.421941996 0.527913988
vt 0.382115990 0.550504982
vt 0.456566006 0.530875027
vt 0.424299002 0.570487976
vt 0.421941996 0.527913988
vt 0.424299002 0.570487976
vt 0.456566006 0.530875027
vt 0.461591005 0.574256003
vt 0.446640998 0.364956975
vt 0.485505015 0.389885008
vt 0.441659003 0.387524962
vt 0.485505015 0.389885008
vt 0.446640998 0.364956975
vt 0.485471994 0.368008018
vt 0.258951008 0.536864996
vt 0.206295997 0.514645994
vt 0.261880010 0.512664974
vt 0.206295997 0.514645994
vt 0.258951008 0.536864996
vt 0.206295997 0.550405979
vt 0.262071997 0.441998959
vt 0.206865996 0.387587011
vt 0.265969008 0.385779023
vt 0.206865996 0.387587011
vt 0.262071997 0.441998959
vt 0.207030997 0.433593988
vt 0.429309011 0.614247978
vt 0.378564000 0.711304009
vt 0.385058999 0.613843977
vt 0.378564000 0.711304009
vt 0.429309011 0.614247978
vt 0.417968988 0.710937977
vt 0.378564000 0.711304009
vt 0.405454993 0.772382975
vt 0.367958993 0.775614977
vt 0.405454993 0.772382975
vt 0.378564000 0.711304009
vt 0.417968988 0.710937977
vt 0.214845002 0.617240012
vt 0.270554990 0.701014996
vt 0.223874003 0.700488985
vt 0.270554990 0.701014996
vt 0.214845002 0.617240012
vt 0.262232989 0.630614996
vt 0.223874003 0.700488985
vt 0.277025014 0.771606982
vt 0.229802996 0.770994008
vt 0.277025014 0.771606982
vt 0.223874003 0.700488985
vt 0.270554990 0.701014996
vt 0.270554990 0.701014996
vt 0.319712996 0.628423989
vt 0.322932988 0.704452991
vt 0.319712996 0.628423989
vt 0.270554990 0.701014996
vt 0.262232989 0.630614996
vt 0.270554990 0.701014996
vt 0.323960006 0.771239996
vt 0.277025014 0.771606982
vt 0.323960006 0.771239996
vt 0.270554990 0.701014996
vt 0.322932988 0.704452991
vt 0.319712996 0.628423989
vt 0.378564000 0.711304009
vt 0.322932988 0.704452991
vt 0.378564000 0.711304009
vt 0.319712996 0.628423989
vt 0.385058999 0.613843977
vt 0.322932988 0.704452991
vt 0.367958993 0.775614977
vt 0.323960006 0.771239996
vt 0.367958993 0.775614977
vt 0.322932988 0.704452991
vt 0.378564000 0.711304009
vt 0.337929994 0.208864987
vt 0.367226988 0.173828006
vt 0.341836989 0.173828006
vt 0.367226988 0.173828006
vt 0.337929994 0.208864987
vt 0.371870995 0.212080002
vt 0.395204008 0.832772970
vt 0.341940999 0.897114992
vt 0.354891986 0.829253972
vt 0.341940999 0.897114992
vt 0.395204008 0.832772970
vt 0.381345987 0.900777996
vt 0.381345987 0.900777996
vt 0.332868993 0.981710017
vt 0.341940999 0.897114992
vt 0.332868993 0.981710017
vt 0.381345987 0.900777996
vt 0.363146991 0.982919991
vt 0.240319997 0.829608023
vt 0.277597994 0.898123026
vt 0.248101994 0.899587989
vt 0.277597994 0.898123026
vt 0.240319997 0.829608023
vt 0.274940997 0.826837003
vt 0.248101994 0.899587989
vt 0.290017992 0.980964005
vt 0.261684000 0.981037021
vt 0.290017992 0.980964005
vt 0.248101994 0.899587989
vt 0.277597994 0.898123026
vt 0.274940997 0.826837003
vt 0.318794012 0.889396012
vt 0.277597994 0.898123026
vt 0.318794012 0.889396012
vt 0.274940997 0.826837003
vt 0.323381007 0.821501970
vt 0.277597994 0.898123026
vt 0.311843008 0.982357979
vt 0.290017992 0.980964005
vt 0.311843008 0.982357979
vt 0.277597994 0.898123026
vt 0.318794012 0.889396012
vt 0.323381007 0.821501970
vt 0.341940999 0.897114992
vt 0.318794012 0.889396012
vt 0.341940999 0.897114992
vt 0.323381007 0.821501970
vt 0.354891986 0.829253972
vt 0.318794012 0.889396012
vt 0.332868993 0.981710017
vt 0.311843008 0.982357979
vt 0.332868993 0.981710017
vt 0.318794012 0.889396012
vt 0.341940999 0.897114992
vt 0.385058999 0.613843977
vt 0.424299002 0.570487976
vt 0.429309011 0.614247978
vt 0.424299002 0.570487976
vt 0.385058999 0.613843977
vt 0.379476994 0.579429984
vt 0.461591005 0.574256003
vt 0.500020027 0.602010012
vt 0.474974990 0.615406990
vt 0.258951008 0.536864996
vt 0.331622988 0.571828008
vt 0.256298006 0.571488976
vt 0.331622988 0.571828008
vt 0.258951008 0.536864996
vt 0.333232999 0.543352008
vt 0.256298006 0.571488976
vt 0.321144998 0.599689007
vt 0.258780003 0.610526979
vt 0.321144998 0.599689007
vt 0.256298006 0.571488976
vt 0.331622988 0.571828008
vt 0.258780003 0.610526979
vt 0.321144998 0.599689007
vt 0.262232989 0.630614996
vt 0.395204008 0.832772970
vt 0.367958993 0.775614977
vt 0.405454993 0.772382975
vt 0.367958993 0.775614977
vt 0.395204008 0.832772970
vt 0.354891986 0.829253972
vt 0.354891986 0.829253972
vt 0.323960006 0.771239996
vt 0.367958993 0.775614977
vt 0.323960006 0.771239996
vt 0.354891986 0.829253972
vt 0.323381007 0.821501970
vt 0.323960006 0.771239996
vt 0.274940997 0.826837003
vt 0.277025014 0.771606982
vt 0.274940997 0.826837003
vt 0.323960006 0.771239996
vt 0.323381007 0.821501970
vt 0.277025014 0.771606982
vt 0.240319997 0.829608023
vt 0.229802996 0.770994008
vt 0.240319997 0.829608023
vt 0.277025014 0.771606982
vt 0.274940997 0.826837003
vt 0.333232999 0.543352008
vt 0.379476994 0.579429984
vt 0.331622988 0.571828008
vt 0.379476994 0.579429984
vt 0.333232999 0.543352008
vt 0.382115990 0.550504982
vt 0.331622988 0.571828008
vt 0.385058999 0.613843977
vt 0.321144998 0.599689007
vt 0.385058999 0.613843977
vt 0.331622988 0.571828008
vt 0.379476994 0.579429984
vt 0.321144998 0.599689007
vt 0.385058999 0.613843977
vt 0.319712996 0.628423989
vt 0.263060004 0.490553975
vt 0.262071997 0.441998959
vt 0.326330990 0.444527030
vt 0.350901991 0.437250018
vt 0.352122009 0.382986009
vt 0.404689014 0.446959972
vt 0.401048988 0.433920026
vt 0.447250992 0.445852995
vt 0.404689014 0.446959972
vt 0.447250992 0.445852995
vt 0.401048988 0.433920026
vt 0.446420997 0.440935016
vt 0.447250992 0.445852995
vt 0.478713006 0.436501026
vt 0.478522986 0.440953016
vt 0.478713006 0.436501026
vt 0.447250992 0.445852995
vt 0.446420997 0.440935016
vt 0.136758000 0.105113983
vt 0.155800998 0.124655008
vt 0.156289995 0.177734017
vt 0.131876007 0.168945014
vt 0.154337004 0.250977039
vt 0.131876007 0.243164003
vt 0.154337004 0.250977039
vt 0.131876007 0.168945014
vt 0.156289995 0.177734017
vt 0.071328998 0.116178989
vt 0.043008000 0.144531012
vt 0.043985002 0.113349974
vt 0.043008000 0.144531012
vt 0.071328998 0.116178989
vt 0.070352003 0.157226980
vt 0.043008000 0.144531012
vt 0.071328998 0.224609017
vt 0.048868001 0.231445014
vt 0.071328998 0.224609017
vt 0.043008000 0.144531012
vt 0.070352003 0.157226980
vt 0.093584001 0.095600009
vt 0.071328998 0.116178989
vt 0.072305001 0.092535019
vt 0.071328998 0.116178989
vt 0.093584001 0.095600009
vt 0.085977003 0.124616981
vt 0.070352003 0.157226980
vt 0.104532003 0.232421994
vt 0.071328998 0.224609017
vt 0.104532003 0.232421994
vt 0.070352003 0.157226980
vt 0.106485002 0.159179986
vt 0.114298001 0.114257991
vt 0.131876007 0.168945014
vt 0.106485002 0.159179986
vt 0.106485002 0.159179986
vt 0.131876007 0.243164003
vt 0.104532003 0.232421994
vt 0.131876007 0.243164003
vt 0.106485002 0.159179986
vt 0.131876007 0.168945014
vt 0.131876007 0.286132991
vt 0.149453998 0.393554986
vt 0.130898997 0.390625000
vt 0.149453998 0.393554986
vt 0.131876007 0.286132991
vt 0.153359994 0.293945014
vt 0.130898997 0.390625000
vt 0.150429994 0.458984017
vt 0.128946006 0.458007991
vt 0.150429994 0.458984017
vt 0.130898997 0.390625000
vt 0.149453998 0.393554986
vt 0.049844000 0.274414003
vt 0.083048001 0.369140983
vt 0.044962000 0.381835997
vt 0.083048001 0.369140983
vt 0.049844000 0.274414003
vt 0.074258000 0.271484017
vt 0.044962000 0.381835997
vt 0.089883000 0.453125000
vt 0.048868001 0.455078006
vt 0.089883000 0.453125000
vt 0.044962000 0.381835997
vt 0.083048001 0.369140983
vt 0.074258000 0.271484017
vt 0.106485002 0.381835997
vt 0.083048001 0.369140983
vt 0.106485002 0.381835997
vt 0.074258000 0.271484017
vt 0.103555001 0.276367009
vt 0.083048001 0.369140983
vt 0.109415002 0.454102039
vt 0.089883000 0.453125000
vt 0.109415002 0.454102039
vt 0.083048001 0.369140983
vt 0.106485002 0.381835997
vt 0.103555001 0.276367009
vt 0.130898997 0.390625000
vt 0.106485002 0.381835997
vt 0.130898997 0.390625000
vt 0.103555001 0.276367009
vt 0.131876007 0.286132991
vt 0.106485002 0.381835997
vt 0.128946006 0.458007991
vt 0.109415002 0.454102039
vt 0.128946006 0.458007991
vt 0.106485002 0.381835997
vt 0.130898997 0.390625000
vt 0.050820999 0.589695990
vt 0.084967002 0.564638972
vt 0.082070999 0.593750000
vt 0.084967002 0.564638972
vt 0.050820999 0.589695990
vt 0.052774001 0.585951984
vt 0.006876000 0.526367009
vt 0.023476999 0.552734017
vt 0.005899000 0.541992009
vt 0.023476999 0.552734017
vt 0.006876000 0.526367009
vt 0.024453999 0.535156012
vt 0.090860002 0.484375000
vt 0.049844000 0.516601980
vt 0.035195999 0.491210997
vt 0.049844000 0.516601980
vt 0.090860002 0.484375000
vt 0.088840000 0.525505006
vt 0.090860002 0.484375000
vt 0.102578998 0.527243972
vt 0.088840000 0.525505006
vt 0.102578998 0.527243972
vt 0.090860002 0.484375000
vt 0.110390998 0.487304986
vt 0.148477003 0.492187977
vt 0.102578998 0.527243972
vt 0.110390998 0.487304986
vt 0.102578998 0.527243972
vt 0.148477003 0.492187977
vt 0.143593997 0.524447024
vt 0.104532003 0.232421994
vt 0.131876007 0.286132991
vt 0.103555001 0.276367009
vt 0.131876007 0.286132991
vt 0.104532003 0.232421994
vt 0.131876007 0.243164003
vt 0.131876007 0.243164003
vt 0.153359994 0.293945014
vt 0.131876007 0.286132991
vt 0.153359994 0.293945014
vt 0.131876007 0.243164003
vt 0.154337004 0.250977039
vt 0.071328998 0.224609017
vt 0.049844000 0.274414003
vt 0.048868001 0.231445014
vt 0.049844000 0.274414003
vt 0.071328998 0.224609017
vt 0.074258000 0.271484017
vt 0.074258000 0.271484017
vt 0.104532003 0.232421994
vt 0.103555001 0.276367009
vt 0.104532003 0.232421994
vt 0.074258000 0.271484017
vt 0.071328998 0.224609017
vt 0.104532003 0.072111011
vt 0.111846998 0.072624981
vt 0.114298001 0.114257991
vt 0.111846998 0.072624981
vt 0.097695999 0.020507991
vt 0.114298001 0.021484017
vt 0.097695999 0.020507991
vt 0.111846998 0.072624981
vt 0.104532003 0.072111011
vt 0.326330990 0.444527030
vt 0.265969008 0.385779023
vt 0.304767013 0.381792009
vt 0.265969008 0.385779023
vt 0.326330990 0.444527030
vt 0.262071997 0.441998959
vt 0.303011000 0.253208041
vt 0.246815994 0.238463998
vt 0.273321003 0.226230979
vt 0.128535002 0.084971011
vt 0.141641006 0.022460997
vt 0.138352007 0.081054986
vt 0.141641006 0.022460997
vt 0.128535002 0.084971011
vt 0.130898997 0.021484017
vt 0.136758000 0.105113983
vt 0.128535002 0.084971011
vt 0.138352007 0.081054986
vt 0.292151988 0.288816988
vt 0.266761988 0.326631010
vt 0.257743001 0.290917993
vt 0.266761988 0.326631010
vt 0.207026005 0.282948971
vt 0.257743001 0.290917993
vt 0.207026005 0.282948971
vt 0.266761988 0.326631010
vt 0.207139999 0.341328025
vt 0.104532003 0.072111011
vt 0.086953998 0.056640983
vt 0.097695999 0.020507991
vt 0.093584001 0.095600009
vt 0.086953998 0.081054986
vt 0.086953998 0.056640983
vt 0.072305001 0.092535019
vt 0.059147999 0.043945014
vt 0.072305001 0.077148020
vt 0.059147999 0.043945014
vt 0.072305001 0.092535019
vt 0.044962000 0.076703012
vt 0.046914998 0.023437977
vt 0.059147999 0.043945014
vt 0.044962000 0.076703012
vt 0.392495006 0.396968007
vt 0.401048988 0.433920026
vt 0.377649009 0.390200019
vt 0.352122009 0.382986009
vt 0.350901991 0.437250018
vt 0.338492006 0.377261996
vt 0.128946006 0.458007991
vt 0.170938000 0.479492009
vt 0.148477003 0.492187977
vt 0.170938000 0.479492009
vt 0.128946006 0.458007991
vt 0.150429994 0.458984017
vt 0.128946006 0.458007991
vt 0.110390998 0.487304986
vt 0.109415002 0.454102039
vt 0.110390998 0.487304986
vt 0.128946006 0.458007991
vt 0.148477003 0.492187977
vt 0.109415002 0.454102039
vt 0.090860002 0.484375000
vt 0.089883000 0.453125000
vt 0.090860002 0.484375000
vt 0.109415002 0.454102039
vt 0.110390998 0.487304986
vt 0.090860002 0.484375000
vt 0.048868001 0.455078006
vt 0.089883000 0.453125000
vt 0.048868001 0.455078006
vt 0.090860002 0.484375000
vt 0.035195999 0.491210997
vt 0.246815994 0.238463998
vt 0.272531986 0.191477001
vt 0.273321003 0.226230979
vt 0.272531986 0.191477001
vt 0.246815994 0.238463998
vt 0.241714001 0.187471032
vt 0.207032993 0.254356027
vt 0.241714001 0.187471032
vt 0.246815994 0.238463998
vt 0.241714001 0.187471032
vt 0.207032993 0.254356027
vt 0.206986994 0.186818004
vt 0.088840000 0.525505006
vt 0.052774001 0.585951984
vt 0.049844000 0.516601980
vt 0.052774001 0.585951984
vt 0.088840000 0.525505006
vt 0.084967002 0.564638972
vt 0.049844000 0.516601980
vt 0.050820999 0.589695990
vt 0.046500001 0.523027003
vt 0.050820999 0.589695990
vt 0.049844000 0.516601980
vt 0.052774001 0.585951984
vt 0.134804994 0.587375998
vt 0.102578998 0.527243972
vt 0.143593997 0.524447024
vt 0.102578998 0.527243972
vt 0.134804994 0.587375998
vt 0.101039998 0.568130016
vt 0.101039998 0.568130016
vt 0.088840000 0.525505006
vt 0.102578998 0.527243972
vt 0.088840000 0.525505006
vt 0.101039998 0.568130016
vt 0.084967002 0.564638972
vt 0.148477003 0.492187977
vt 0.190468997 0.530273020
vt 0.170938000 0.528320014
vt 0.190468997 0.530273020
vt 0.148477003 0.492187977
vt 0.170938000 0.479492009
vt 0.016641000 0.511718988
vt 0.049844000 0.516601980
vt 0.040079001 0.518554986
vt 0.049844000 0.516601980
vt 0.016641000 0.511718988
vt 0.035195999 0.491210997
vt 0.049844000 0.516601980
vt 0.037149001 0.536132991
vt 0.040079001 0.518554986
vt 0.037149001 0.536132991
vt 0.049844000 0.516601980
vt 0.046500001 0.523027003
vt 0.152383000 0.523437977
vt 0.148477003 0.492187977
vt 0.170938000 0.528320014
vt 0.148477003 0.492187977
vt 0.152383000 0.523437977
vt 0.143593997 0.524447024
vt 0.170938000 0.528320014
vt 0.195352003 0.566406012
vt 0.184609994 0.565429986
vt 0.195352003 0.566406012
vt 0.170938000 0.528320014
vt 0.190468997 0.530273020
vt 0.016641000 0.511718988
vt 0.024453999 0.535156012
vt 0.006876000 0.526367009
vt 0.024453999 0.535156012
vt 0.016641000 0.511718988
vt 0.040079001 0.518554986
vt 0.040079001 0.518554986
vt 0.023476999 0.552734017
vt 0.024453999 0.535156012
vt 0.023476999 0.552734017
vt 0.040079001 0.518554986
vt 0.037149001 0.536132991
vt 0.152383000 0.523437977
vt 0.184609994 0.565429986
vt 0.162148997 0.565429986
vt 0.184609994 0.565429986
vt 0.152383000 0.523437977
vt 0.170938000 0.528320014
vt 0.297890991 0.123046994
vt 0.332071006 0.160156012
vt 0.294961989 0.134765983
vt 0.332071006 0.160156012
vt 0.297890991 0.123046994
vt 0.334024012 0.140625000
vt 0.354532003 0.011718988
vt 0.376993001 0.047851980
vt 0.366250992 0.050781012
vt 0.376993001 0.047851980
vt 0.354532003 0.011718988
vt 0.360345006 0.004238009
vt 0.344765991 0.027343988
vt 0.310586989 0.012695014
vt 0.354532003 0.011718988
vt 0.310586989 0.012695014
vt 0.344765991 0.027343988
vt 0.316446006 0.028320014
vt 0.281289995 0.045898020
vt 0.310586989 0.012695014
vt 0.295937985 0.047851980
vt 0.310586989 0.012695014
vt 0.281289995 0.045898020
vt 0.302940011 0.004357994
vt 0.334024012 0.069335997
vt 0.297890991 0.123046994
vt 0.314493001 0.049804986
vt 0.297890991 0.123046994
vt 0.334024012 0.069335997
vt 0.334024012 0.140625000
vt 0.376993001 0.047851980
vt 0.367226988 0.134765983
vt 0.366250992 0.050781012
vt 0.367226988 0.134765983
vt 0.376993001 0.047851980
vt 0.378946006 0.150390983
vt 0.371870995 0.212080002
vt 0.330570012 0.270747006
vt 0.381875992 0.292968988
vt 0.330570012 0.270747006
vt 0.371870995 0.212080002
vt 0.337929994 0.208864987
vt 0.281289995 0.045898020
vt 0.297890991 0.123046994
vt 0.294961989 0.134765983
vt 0.297890991 0.123046994
vt 0.281289995 0.045898020
vt 0.295937985 0.047851980
vt 0.461591005 0.574256003
vt 0.474974990 0.615406990
vt 0.429309011 0.614247978
vt 0.424299002 0.570487976
vt 0.461591005 0.574256003
vt 0.429309011 0.614247978
vt 0.429309011 0.614247978
vt 0.463333011 0.710126996
vt 0.417968988 0.710937977
vt 0.417968988 0.710937977
vt 0.448195010 0.772491992
vt 0.405454993 0.772382975
vt 0.448195010 0.772491992
vt 0.417968988 0.710937977
vt 0.463333011 0.710126996
vt 0.405454993 0.772382975
vt 0.434756011 0.844084024
vt 0.395204008 0.832772970
vt 0.434756011 0.844084024
vt 0.405454993 0.772382975
vt 0.448195010 0.772491992
vt 0.434756011 0.844084024
vt 0.381345987 0.900777996
vt 0.395204008 0.832772970
vt 0.381345987 0.900777996
vt 0.434756011 0.844084024
vt 0.414900988 0.909156978
vt 0.414900988 0.909156978
vt 0.363146991 0.982919991
vt 0.381345987 0.900777996
vt 0.363146991 0.982919991
vt 0.414900988 0.909156978
vt 0.386765987 0.983712018
vt 0.334024012 0.069335997
vt 0.367226988 0.134765983
vt 0.334024012 0.140625000
vt 0.367226988 0.134765983
vt 0.334024012 0.069335997
vt 0.346718997 0.052734017
vt 0.334024012 0.140625000
vt 0.378946006 0.150390983
vt 0.332071006 0.160156012
vt 0.378946006 0.150390983
vt 0.334024012 0.140625000
vt 0.367226988 0.134765983
vt 0.367226988 0.134765983
vt 0.346718997 0.052734017
vt 0.366250992 0.050781012
vt 0.346718997 0.052734017
vt 0.354532003 0.011718988
vt 0.366250992 0.050781012
vt 0.354532003 0.011718988
vt 0.346718997 0.052734017
vt 0.344765991 0.027343988
vt 0.310586989 0.012695014
vt 0.360345006 0.004238009
vt 0.354532003 0.011718988
vt 0.360345006 0.004238009
vt 0.310586989 0.012695014
vt 0.302940011 0.004357994
vt 0.316446006 0.028320014
vt 0.295937985 0.047851980
vt 0.310586989 0.012695014
vt 0.295937985 0.047851980
vt 0.316446006 0.028320014
vt 0.314493001 0.049804986
vt 0.295937985 0.047851980
vt 0.314493001 0.049804986
vt 0.297890991 0.123046994
vt 0.421941996 0.527913988
vt 0.424299002 0.570487976
vt 0.382115990 0.550504982
vt 0.382115990 0.550504982
vt 0.424299002 0.570487976
vt 0.379476994 0.579429984
vt 0.474974990 0.615406990
vt 0.500020027 0.602010012
vt 0.500000000 0.645353019
vt 0.437458009 0.203981996
vt 0.477459997 0.234095991
vt 0.468355000 0.246963024
vt 0.477459997 0.234095991
vt 0.437458009 0.203981996
vt 0.455273986 0.208911002
vt 0.274219990 0.150959969
vt 0.241714001 0.187471032
vt 0.242418006 0.148070991
vt 0.241714001 0.187471032
vt 0.274219990 0.150959969
vt 0.272531986 0.191477001
vt 0.444079995 0.040956974
vt 0.500020027 0.032590032
vt 0.476487994 0.059907973
vt 0.500020027 0.032590032
vt 0.444079995 0.040956974
vt 0.500020027 0.032590032
vt 0.472422987 0.122007012
vt 0.478684992 0.081624031
vt 0.488316000 0.120523989
vt 0.437458009 0.203981996
vt 0.453669995 0.180019021
vt 0.455273986 0.208911002
vt 0.453669995 0.180019021
vt 0.437458009 0.203981996
vt 0.430954009 0.180381000
vt 0.426358998 0.199554980
vt 0.430954009 0.180381000
vt 0.437458009 0.203981996
vt 0.430954009 0.180381000
vt 0.426358998 0.199554980
vt 0.408454001 0.156589031
vt 0.435548991 0.138047993
vt 0.453824997 0.082282007
vt 0.452524990 0.120537996
vt 0.453824997 0.082282007
vt 0.435548991 0.138047993
vt 0.427893996 0.082014024
vt 0.435548991 0.138047993
vt 0.391674995 0.098655999
vt 0.427893996 0.082014024
vt 0.242418006 0.148070991
vt 0.276313007 0.108739972
vt 0.274219990 0.150959969
vt 0.276313007 0.108739972
vt 0.242418006 0.148070991
vt 0.238648996 0.102984011
vt 0.206898004 0.100796998
vt 0.241318002 0.054843009
vt 0.238648996 0.102984011
vt 0.241318002 0.054843009
vt 0.206898004 0.100796998
vt 0.206875995 0.054886997
vt 0.426358998 0.199554980
vt 0.437458009 0.203981996
vt 0.468355000 0.246963024
vt 0.453824997 0.082282007
vt 0.478684992 0.081624031
vt 0.472422987 0.122007012
vt 0.451027989 0.158769011
vt 0.477405012 0.154989004
vt 0.468695998 0.179243982
vt 0.455273986 0.208911002
vt 0.480771005 0.215406001
vt 0.477459997 0.234095991
vt 0.480771005 0.215406001
vt 0.500020027 0.236706018
vt 0.477459997 0.234095991
vt 0.500020027 0.236706018
vt 0.480771005 0.215406001
vt 0.500020027 0.217769980
vt 0.476487994 0.059907973
vt 0.478684992 0.081624031
vt 0.453824997 0.082282007
vt 0.444079995 0.040956974
vt 0.391674995 0.098655999
vt 0.429931998 0.034664989
vt 0.391674995 0.098655999
vt 0.444079995 0.040956974
vt 0.427893996 0.082014024
vt 0.241318002 0.054843009
vt 0.206086993 0.023517013
vt 0.260176003 0.021135986
vt 0.206086993 0.023517013
vt 0.241318002 0.054843009
vt 0.206875995 0.054886997
vt 0.453824997 0.082282007
vt 0.427893996 0.082014024
vt 0.444079995 0.040956974
vt 0.206986994 0.186818004
vt 0.242418006 0.148070991
vt 0.241714001 0.187471032
vt 0.242418006 0.148070991
vt 0.206986994 0.186818004
vt 0.206944004 0.135722995
vt 0.206944004 0.135722995
vt 0.238648996 0.102984011
vt 0.242418006 0.148070991
vt 0.238648996 0.102984011
vt 0.206944004 0.135722995
vt 0.206898004 0.100796998
vt 0.241318002 0.054843009
vt 0.276313007 0.108739972
vt 0.238648996 0.102984011
vt 0.276313007 0.108739972
vt 0.241318002 0.054843009
vt 0.267751008 0.050693989
vt 0.260176003 0.021135986
vt 0.267751008 0.050693989
vt 0.241318002 0.054843009
vt 0.377171993 0.022050023
vt 0.396286011 0.021014988
vt 0.396961987 0.057325006
vt 0.396286011 0.021014988
vt 0.377171993 0.022050023
vt 0.387456000 0.001823008
vt 0.430954009 0.180381000
vt 0.421671003 0.156785011
vt 0.427313000 0.171406031
vt 0.421671003 0.156785011
vt 0.430954009 0.180381000
vt 0.408454001 0.156589031
vt 0.408454001 0.156589031
vt 0.425870001 0.147350013
vt 0.421671003 0.156785011
vt 0.425870001 0.147350013
vt 0.408454001 0.156589031
vt 0.435548991 0.138047993
vt 0.408376992 0.001451015
vt 0.396286011 0.021014988
vt 0.387456000 0.001823008
vt 0.396286011 0.021014988
vt 0.408376992 0.001451015
vt 0.420204997 0.025402009
vt 0.420204997 0.025402009
vt 0.396961987 0.057325006
vt 0.396286011 0.021014988
vt 0.396961987 0.057325006
vt 0.420204997 0.025402009
vt 0.406792015 0.059629023
vt 0.474765986 0.134815991
vt 0.451027989 0.158769011
vt 0.452524990 0.120537996
vt 0.451027989 0.158769011
vt 0.474765986 0.134815991
vt 0.477405012 0.154989004
vt 0.451027989 0.158769011
vt 0.435548991 0.138047993
vt 0.452524990 0.120537996
vt 0.435548991 0.138047993
vt 0.451027989 0.158769011
vt 0.437633991 0.156978965
vt 0.468355000 0.246963024
vt 0.418904006 0.256965041
vt 0.416653007 0.230322003
vt 0.418904006 0.256965041
vt 0.468355000 0.246963024
vt 0.469700992 0.293115020
vt 0.273321003 0.226230979
vt 0.319514006 0.231020987
vt 0.303011000 0.253208041
vt 0.416653007 0.230322003
vt 0.426358998 0.199554980
vt 0.468355000 0.246963024
vt 0.426358998 0.199554980
vt 0.416653007 0.230322003
vt 0.401097000 0.199389994
vt 0.401097000 0.199389994
vt 0.408454001 0.156589031
vt 0.426358998 0.199554980
vt 0.408454001 0.156589031
vt 0.401097000 0.199389994
vt 0.391404003 0.156174004
vt 0.463836014 0.308075011
vt 0.469700992 0.293115020
vt 0.500020027 0.295863986
vt 0.461591005 0.574256003
vt 0.500020027 0.531394005
vt 0.500020027 0.577425003
vt 0.500020027 0.531394005
vt 0.461591005 0.574256003
vt 0.456566006 0.530875027
vt 0.206295997 0.550405979
vt 0.256298006 0.571488976
vt 0.206295997 0.574527025
vt 0.256298006 0.571488976
vt 0.206295997 0.550405979
vt 0.258951008 0.536864996
vt 0.256298006 0.571488976
vt 0.206295997 0.589537978
vt 0.206295997 0.574527025
vt 0.206295997 0.589537978
vt 0.256298006 0.571488976
vt 0.258780003 0.610526979
vt 0.206295997 0.589537978
vt 0.262232989 0.630614996
vt 0.216119006 0.603685975
vt 0.262232989 0.630614996
vt 0.206295997 0.589537978
vt 0.258780003 0.610526979
vt 0.207032993 0.254356027
vt 0.257743001 0.290917993
vt 0.207026005 0.282948971
vt 0.216119006 0.603685975
vt 0.262232989 0.630614996
vt 0.215428993 0.610082984
vt 0.262232989 0.630614996
vt 0.214845002 0.617240012
vt 0.215428993 0.610082984
vt 0.483316988 0.180070996
vt 0.488202006 0.164178014
vt 0.491264999 0.178252995
vt 0.478684992 0.081624031
vt 0.500020027 0.061884999
vt 0.500020027 0.085316002
vt 0.500020027 0.061884999
vt 0.478684992 0.081624031
vt 0.476487994 0.059907973
vt 0.477405012 0.154989004
vt 0.493400991 0.136963010
vt 0.488202006 0.164178014
vt 0.493400991 0.136963010
vt 0.477405012 0.154989004
vt 0.474765986 0.134815991
vt 0.500020027 0.484166980
vt 0.456566006 0.530875027
vt 0.448751986 0.483273029
vt 0.456566006 0.530875027
vt 0.500020027 0.484166980
vt 0.500020027 0.531394005
vt 0.448751986 0.483273029
vt 0.421941996 0.527913988
vt 0.416294992 0.482629001
vt 0.421941996 0.527913988
vt 0.448751986 0.483273029
vt 0.456566006 0.530875027
vt 0.416294992 0.482629001
vt 0.346895993 0.514953017
vt 0.347081989 0.490752995
vt 0.346895993 0.514953017
vt 0.416294992 0.482629001
vt 0.421941996 0.527913988
vt 0.346895993 0.514953017
vt 0.263060004 0.490553975
vt 0.347081989 0.490752995
vt 0.263060004 0.490553975
vt 0.346895993 0.514953017
vt 0.261880010 0.512664974
vt 0.261880010 0.512664974
vt 0.206352994 0.491881967
vt 0.263060004 0.490553975
vt 0.206352994 0.491881967
vt 0.261880010 0.512664974
vt 0.206295997 0.514645994
vt 0.418904006 0.256965041
vt 0.469700992 0.293115020
vt 0.415926009 0.276551008
vt 0.469700992 0.293115020
vt 0.417878002 0.298696995
vt 0.415926009 0.276551008
vt 0.130898997 0.021484017
vt 0.111846998 0.072624981
vt 0.114298001 0.021484017
vt 0.111846998 0.072624981
vt 0.130898997 0.021484017
vt 0.128535002 0.084971011
vt 0.136758000 0.105113983
vt 0.111846998 0.072624981
vt 0.128535002 0.084971011
vt 0.111846998 0.072624981
vt 0.136758000 0.105113983
vt 0.114298001 0.114257991
vt 0.114298001 0.114257991
vt 0.136758000 0.105113983
vt 0.131876007 0.168945014
vt 0.106485002 0.159179986
vt 0.104613997 0.108398020
vt 0.114298001 0.114257991
vt 0.429309011 0.614247978
vt 0.474974990 0.615406990
vt 0.463333011 0.710126996
vt 0.472422987 0.122007012
vt 0.474765986 0.134815991
vt 0.452524990 0.120537996
vt 0.493400991 0.136963010
vt 0.472422987 0.122007012
vt 0.488316000 0.120523989
vt 0.472422987 0.122007012
vt 0.493400991 0.136963010
vt 0.474765986 0.134815991
vt 0.472422987 0.122007012
vt 0.452524990 0.120537996
vt 0.453824997 0.082282007
vt 0.330570012 0.270747006
vt 0.356485009 0.300781012
vt 0.381875992 0.292968988
vt 0.480771005 0.215406001
vt 0.483325988 0.185990989
vt 0.492547989 0.190946996
vt 0.468695998 0.179243982
vt 0.453669995 0.180019021
vt 0.451027989 0.158769011
vt 0.480771005 0.215406001
vt 0.455273986 0.208911002
vt 0.468695998 0.179243982
vt 0.492547989 0.190946996
vt 0.483325988 0.185990989
vt 0.491829008 0.185365021
vt 0.488202006 0.164178014
vt 0.500020027 0.164115012
vt 0.500020027 0.166987002
vt 0.491196990 0.180235982
vt 0.483325988 0.185990989
vt 0.483316988 0.180070996
vt 0.500020027 0.185442984
vt 0.492547989 0.190946996
vt 0.491829008 0.185365021
vt 0.492547989 0.190946996
vt 0.500020027 0.185442984
vt 0.500020027 0.191702008
vt 0.492547989 0.190946996
vt 0.500020027 0.217769980
vt 0.480771005 0.215406001
vt 0.468695998 0.179243982
vt 0.483316988 0.180070996
vt 0.483325988 0.185990989
vt 0.468695998 0.179243982
vt 0.455273986 0.208911002
vt 0.453669995 0.180019021
vt 0.430954009 0.180381000
vt 0.451027989 0.158769011
vt 0.453669995 0.180019021
vt 0.451027989 0.158769011
vt 0.430954009 0.180381000
vt 0.437633991 0.156978965
vt 0.477405012 0.154989004
vt 0.483316988 0.180070996
vt 0.468695998 0.179243982
vt 0.500020027 0.085316002
vt 0.488316000 0.120523989
vt 0.478684992 0.081624031
vt 0.488316000 0.120523989
vt 0.500020027 0.085316002
vt 0.500020027 0.121057987
vt 0.488316000 0.120523989
vt 0.500020027 0.136561990
vt 0.493400991 0.136963010
vt 0.500020027 0.136561990
vt 0.488316000 0.120523989
vt 0.500020027 0.121057987
vt 0.500020027 0.136561990
vt 0.488202006 0.164178014
vt 0.493400991 0.136963010
vt 0.488202006 0.164178014
vt 0.500020027 0.136561990
vt 0.500020027 0.164115012
vt 0.491264999 0.178252995
vt 0.491196990 0.180235982
vt 0.483316988 0.180070996
vt 0.347081989 0.490752995
vt 0.326330990 0.444527030
vt 0.350901991 0.437250018
vt 0.290598989 0.328637004
vt 0.298563987 0.317799985
vt 0.324380994 0.331773996
vt 0.338492006 0.377261996
vt 0.326330990 0.444527030
vt 0.304767013 0.381792009
vt 0.326330990 0.444527030
vt 0.338492006 0.377261996
vt 0.350901991 0.437250018
vt 0.326330990 0.444527030
vt 0.347081989 0.490752995
vt 0.263060004 0.490553975
vt 0.492547989 0.190946996
vt 0.500020027 0.191702008
vt 0.500020027 0.217769980
vt 0.207032993 0.254356027
vt 0.246815994 0.238463998
vt 0.257743001 0.290917993
vt 0.500020027 0.185442984
vt 0.491196990 0.180235982
vt 0.500020027 0.179464996
vt 0.491196990 0.180235982
vt 0.500020027 0.185442984
vt 0.491829008 0.185365021
vt 0.500020027 0.179464996
vt 0.491264999 0.178252995
vt 0.500020027 0.177155018
vt 0.488202006 0.164178014
vt 0.500020027 0.177155018
vt 0.491264999 0.178252995
vt 0.500020027 0.177155018
vt 0.488202006 0.164178014
vt 0.500020027 0.166987002
vt 0.266761988 0.326631010
vt 0.304767013 0.381792009
vt 0.265969008 0.385779023
vt 0.304767013 0.381792009
vt 0.266761988 0.326631010
vt 0.290598989 0.328637004
vt 0.304767013 0.381792009
vt 0.324380994 0.331773996
vt 0.338492006 0.377261996
vt 0.324380994 0.331773996
vt 0.304767013 0.381792009
vt 0.290598989 0.328637004
vt 0.324380994 0.331773996
vt 0.352122009 0.382986009
vt 0.338492006 0.377261996
vt 0.352122009 0.382986009
vt 0.324380994 0.331773996
vt 0.356893986 0.348610044
vt 0.356893986 0.348610044
vt 0.377649009 0.390200019
vt 0.352122009 0.382986009
vt 0.377649009 0.390200019
vt 0.356893986 0.348610044
vt 0.372781992 0.348127961
vt 0.391730011 0.382333040
vt 0.372781992 0.348127961
vt 0.392365992 0.338801026
vt 0.372781992 0.348127961
vt 0.391730011 0.382333040
vt 0.377649009 0.390200019
vt 0.481406987 0.419471025
vt 0.441659003 0.387524962
vt 0.485505015 0.389885008
vt 0.441659003 0.387524962
vt 0.481406987 0.419471025
vt 0.440607995 0.417881966
vt 0.440607995 0.417881966
vt 0.409150004 0.393837988
vt 0.441659003 0.387524962
vt 0.409150004 0.393837988
vt 0.440607995 0.417881966
vt 0.412609994 0.417647958
vt 0.455844015 0.339758992
vt 0.392425001 0.312407970
vt 0.463836014 0.308075011
vt 0.392425001 0.312407970
vt 0.455844015 0.339758992
vt 0.392365992 0.338801026
vt 0.149762005 0.092405975
vt 0.141641006 0.022460997
vt 0.151407003 0.022460997
vt 0.141641006 0.022460997
vt 0.149762005 0.092405975
vt 0.138352007 0.081054986
vt 0.138352007 0.081054986
vt 0.149762005 0.092405975
vt 0.136758000 0.105113983
vt 0.093584001 0.095600009
vt 0.072305001 0.077148020
vt 0.086953998 0.081054986
vt 0.072305001 0.077148020
vt 0.093584001 0.095600009
vt 0.072305001 0.092535019
vt 0.500020027 0.343077004
vt 0.463836014 0.308075011
vt 0.500020027 0.311917007
vt 0.463836014 0.308075011
vt 0.500020027 0.343077004
vt 0.455844015 0.339758992
vt 0.446420997 0.440935016
vt 0.412609994 0.417647958
vt 0.440607995 0.417881966
vt 0.412609994 0.417647958
vt 0.446420997 0.440935016
vt 0.401048988 0.433920026
vt 0.392495006 0.396968007
vt 0.391730011 0.382333040
vt 0.409150004 0.393837988
vt 0.391730011 0.382333040
vt 0.392365992 0.338801026
vt 0.401152015 0.366322994
vt 0.392365992 0.338801026
vt 0.446640998 0.364956975
vt 0.401152015 0.366322994
vt 0.446640998 0.364956975
vt 0.392365992 0.338801026
vt 0.455844015 0.339758992
vt 0.455844015 0.339758992
vt 0.500020027 0.343077004
vt 0.485471994 0.368008018
vt 0.492222011 0.390664995
vt 0.485505015 0.389885008
vt 0.485471994 0.368008018
vt 0.491762996 0.422407985
vt 0.485505015 0.389885008
vt 0.492222011 0.390664995
vt 0.485505015 0.389885008
vt 0.491762996 0.422407985
vt 0.481406987 0.419471025
vt 0.446420997 0.440935016
vt 0.440607995 0.417881966
vt 0.481406987 0.419471025
vt 0.409150004 0.393837988
vt 0.412609994 0.417647958
vt 0.392495006 0.396968007
vt 0.377649009 0.390200019
vt 0.391730011 0.382333040
vt 0.392495006 0.396968007
vt 0.412609994 0.417647958
vt 0.401048988 0.433920026
vt 0.392495006 0.396968007
vt 0.461591005 0.574256003
vt 0.500020027 0.577425003
vt 0.500020027 0.602010012
vt 0.444079995 0.040956974
vt 0.479672015 0.021138012
vt 0.500020027 0.032590032
vt 0.444079995 0.040956974
vt 0.476487994 0.059907973
vt 0.453824997 0.082282007
vt 0.435548991 0.138047993
vt 0.391404003 0.156174004
vt 0.391674995 0.098655999
vt 0.391404003 0.156174004
vt 0.435548991 0.138047993
vt 0.408454001 0.156589031
vt 0.207030997 0.433593988
vt 0.263060004 0.490553975
vt 0.206352994 0.491881967
vt 0.263060004 0.490553975
vt 0.207030997 0.433593988
vt 0.262071997 0.441998959
vt 0.469700992 0.293115020
vt 0.500020027 0.265570045
vt 0.500020027 0.295863986
vt 0.500020027 0.265570045
vt 0.469700992 0.293115020
vt 0.468355000 0.246963024
vt 0.479672015 0.021138012
vt 0.429931998 0.034664989
vt 0.451422006 0.018235981
vt 0.429931998 0.034664989
vt 0.479672015 0.021138012
vt 0.444079995 0.040956974
vt 0.500020027 0.265570045
vt 0.477459997 0.234095991
vt 0.500020027 0.236706018
vt 0.477459997 0.234095991
vt 0.500020027 0.265570045
vt 0.468355000 0.246963024
vt 0.500020027 0.061884999
vt 0.476487994 0.059907973
vt 0.500020027 0.032590032
vt 0.207139999 0.341328025
vt 0.265969008 0.385779023
vt 0.206865996 0.387587011
vt 0.265969008 0.385779023
vt 0.207139999 0.341328025
vt 0.266761988 0.326631010
vt 0.321144998 0.599689007
vt 0.319712996 0.628423989
vt 0.262232989 0.630614996
vt 0.086953998 0.056640983
vt 0.104532003 0.072111011
vt 0.093584001 0.095600009
vt 0.156289995 0.177734017
vt 0.131876007 0.168945014
vt 0.136758000 0.105113983
vt 0.104532003 0.072111011
vt 0.104613997 0.108398020
vt 0.093584001 0.095600009
vt 0.114298001 0.114257991
vt 0.104613997 0.108398020
vt 0.104532003 0.072111011
vt 0.481406987 0.419471025
vt 0.478713006 0.436501026
vt 0.446420997 0.440935016
vt 0.492222011 0.390664995
vt 0.500020027 0.430009961
vt 0.491762996 0.422407985
vt 0.500020027 0.430009961
vt 0.492222011 0.390664995
vt 0.500020027 0.391445041
vt 0.485471994 0.368008018
vt 0.500020027 0.391445041
vt 0.492222011 0.390664995
vt 0.481406987 0.419471025
vt 0.491762996 0.422407985
vt 0.478713006 0.436501026
vt 0.485471994 0.368008018
vt 0.500020027 0.343077004
vt 0.500020027 0.391445041
vt 0.485471994 0.368008018
vt 0.446640998 0.364956975
vt 0.455844015 0.339758992
vt 0.401152015 0.366322994
vt 0.409150004 0.393837988
vt 0.391730011 0.382333040
vt 0.059147999 0.043945014
vt 0.075235002 0.056640983
vt 0.072305001 0.077148020
vt 0.136758000 0.105113983
vt 0.149762005 0.092405975
vt 0.155800998 0.124655008
vt 0.043985002 0.113349974
vt 0.072305001 0.092535019
vt 0.071328998 0.116178989
vt 0.072305001 0.092535019
vt 0.043985002 0.113349974
vt 0.044962000 0.076703012
vt 0.070352003 0.157226980
vt 0.071328998 0.116178989
vt 0.085977003 0.124616981
vt 0.093584001 0.095600009
vt 0.104613997 0.108398020
vt 0.085977003 0.124616981
vt 0.085977003 0.124616981
vt 0.106485002 0.159179986
vt 0.070352003 0.157226980
vt 0.106485002 0.159179986
vt 0.085977003 0.124616981
vt 0.104613997 0.108398020
vt 0.298563987 0.317799985
vt 0.266761988 0.326631010
vt 0.292151988 0.288816988
vt 0.266761988 0.326631010
vt 0.298563987 0.317799985
vt 0.290598989 0.328637004
vt 0.417878002 0.298696995
vt 0.469700992 0.293115020
vt 0.463836014 0.308075011
vt 0.500020027 0.295863986
vt 0.500020027 0.311917007
vt 0.463836014 0.308075011
vt 0.478522986 0.440953016
vt 0.448751986 0.483273029
vt 0.447250992 0.445852995
vt 0.448751986 0.483273029
vt 0.404689014 0.446959972
vt 0.447250992 0.445852995
vt 0.404689014 0.446959972
vt 0.448751986 0.483273029
vt 0.416294992 0.482629001
vt 0.350901991 0.437250018
vt 0.416294992 0.482629001
vt 0.347081989 0.490752995
vt 0.416294992 0.482629001
vt 0.350901991 0.437250018
vt 0.404689014 0.446959972
vt 0.500020027 0.484166980
vt 0.448751986 0.483273029
vt 0.478522986 0.440953016
vt 0.478522986 0.440953016
vt 0.500020027 0.430009961
vt 0.500020027 0.484166980
vt 0.491762996 0.422407985
vt 0.478522986 0.440953016
vt 0.478713006 0.436501026
vt 0.478522986 0.440953016
vt 0.491762996 0.422407985
vt 0.500020027 0.430009961
vt 0.377649009 0.390200019
vt 0.404689014 0.446959972
vt 0.352122009 0.382986009
vt 0.404689014 0.446959972
vt 0.377649009 0.390200019
vt 0.401048988 0.433920026
vt 0.198927000 0.849821985
vt 0.160914004 0.913613975
vt 0.147477999 0.849821985
vt 0.160914004 0.913613975
vt 0.198927000 0.849821985
vt 0.204245999 0.913613975
vt 0.193029001 0.793536007
vt 0.147477999 0.849821985
vt 0.148796007 0.793536007
vt 0.147477999 0.849821985
vt 0.193029001 0.793536007
vt 0.198927000 0.849821985
vt 0.183594003 0.738281012
vt 0.148796007 0.793536007
vt 0.132813007 0.738281012
vt 0.148796007 0.793536007
vt 0.183594003 0.738281012
vt 0.193029001 0.793536007
vt 0.170993999 0.676407993
vt 0.132813007 0.738281012
vt 0.124278001 0.685754001
vt 0.132813007 0.738281012
vt 0.170993999 0.676407993
vt 0.183594003 0.738281012
vt 0.124278001 0.685754001
vt 0.153174996 0.639822006
vt 0.170993999 0.676407993
vt 0.164989993 0.988445997
vt 0.204245999 0.913613975
vt 0.212116003 0.989525020
vt 0.204245999 0.913613975
vt 0.164989993 0.988445997
vt 0.160914004 0.913613975
vt 0.846893013 0.896000028
vt 0.895636022 0.980961025
vt 0.848824978 0.980961025
vt 0.895636022 0.980961025
vt 0.846893013 0.896000028
vt 0.895636022 0.896000028
vt 0.895636022 0.825999975
vt 0.846893013 0.896000028
vt 0.850614011 0.825999975
vt 0.846893013 0.896000028
vt 0.895636022 0.825999975
vt 0.895636022 0.896000028
vt 0.895636022 0.825999975
vt 0.850766003 0.772000015
vt 0.895636022 0.772000015
vt 0.850766003 0.772000015
vt 0.895636022 0.825999975
vt 0.850614011 0.825999975
vt 0.895636022 0.696080983
vt 0.850766003 0.772000015
vt 0.850458026 0.698459983
vt 0.850766003 0.772000015
vt 0.895636022 0.696080983
vt 0.895636022 0.772000015
vt 0.850458026 0.698459983
vt 0.895636022 0.662880003
vt 0.895636022 0.696080983
vt 0.080286004 0.849821985
vt 0.113692999 0.913613975
vt 0.069265999 0.913613975
vt 0.113692999 0.913613975
vt 0.080286004 0.849821985
vt 0.113692999 0.849821985
vt 0.077211000 0.793536007
vt 0.113692999 0.849821985
vt 0.080286004 0.849821985
vt 0.113692999 0.849821985
vt 0.077211000 0.793536007
vt 0.113692999 0.793536007
vt 0.093750000 0.738281012
vt 0.113692999 0.793536007
vt 0.077211000 0.793536007
vt 0.113692999 0.793536007
vt 0.093750000 0.738281012
vt 0.113280997 0.738281012
vt 0.102254003 0.685582995
vt 0.113280997 0.738281012
vt 0.093750000 0.738281012
vt 0.113280997 0.738281012
vt 0.102254003 0.685582995
vt 0.113692999 0.687839985
vt 0.113692999 0.639822006
vt 0.102254003 0.685582995
vt 0.074210003 0.639822006
vt 0.069265999 0.913613975
vt 0.113692999 0.987275004
vt 0.064565003 0.988395989
vt 0.113692999 0.987275004
vt 0.069265999 0.913613975
vt 0.113692999 0.913613975
vt 0.939951003 0.980961025
vt 0.979875028 0.896000028
vt 0.979875028 0.980961025
vt 0.979875028 0.896000028
vt 0.939951003 0.980961025
vt 0.941048980 0.896000028
vt 0.941048980 0.896000028
vt 0.979875028 0.825999975
vt 0.979875028 0.896000028
vt 0.979875028 0.825999975
vt 0.941048980 0.896000028
vt 0.940590978 0.825999975
vt 0.979875028 0.772000015
vt 0.940590978 0.825999975
vt 0.940344989 0.772000015
vt 0.940590978 0.825999975
vt 0.979875028 0.772000015
vt 0.979875028 0.825999975
vt 0.936286986 0.698194027
vt 0.979875028 0.772000015
vt 0.940344989 0.772000015
vt 0.979875028 0.772000015
vt 0.936286986 0.698194027
vt 0.979875028 0.700999975
vt 0.895636022 0.642176986
vt 0.932272017 0.644189000
vt 0.895636022 0.662880003
vt 0.932272017 0.644189000
vt 0.936286986 0.698194027
vt 0.895636022 0.662880003
vt 0.074210003 0.639822006
vt 0.102254003 0.685582995
vt 0.056391999 0.676407993
vt 0.102254003 0.685582995
vt 0.113692999 0.639822006
vt 0.113692999 0.687839985
vt 0.093750000 0.738281012
vt 0.056391999 0.676407993
vt 0.102254003 0.685582995
vt 0.056391999 0.676407993
vt 0.093750000 0.738281012
vt 0.042969000 0.738281012
vt 0.077211000 0.793536007
vt 0.042969000 0.738281012
vt 0.093750000 0.738281012
vt 0.042969000 0.738281012
vt 0.077211000 0.793536007
vt 0.034357000 0.793536007
vt 0.080286004 0.849821985
vt 0.034357000 0.793536007
vt 0.077211000 0.793536007
vt 0.034357000 0.793536007
vt 0.080286004 0.849821985
vt 0.028458999 0.849821985
vt 0.069265999 0.913613975
vt 0.028458999 0.849821985
vt 0.080286004 0.849821985
vt 0.028458999 0.849821985
vt 0.069265999 0.913613975
vt 0.023140000 0.913613975
vt 0.064565003 0.988395989
vt 0.023140000 0.913613975
vt 0.069265999 0.913613975
vt 0.023140000 0.913613975
vt 0.064565003 0.988395989
vt 0.015270000 0.989525020
vt 0.113692999 0.639822006
vt 0.124278001 0.685754001
vt 0.113692999 0.687839985
vt 0.124278001 0.685754001
vt 0.113692999 0.639822006
vt 0.153174996 0.639822006
vt 0.113280997 0.738281012
vt 0.124278001 0.685754001
vt 0.132813007 0.738281012
vt 0.124278001 0.685754001
vt 0.113280997 0.738281012
vt 0.113692999 0.687839985
vt 0.113692999 0.793536007
vt 0.132813007 0.738281012
vt 0.148796007 0.793536007
vt 0.132813007 0.738281012
vt 0.113692999 0.793536007
vt 0.113280997 0.738281012
vt 0.113692999 0.849821985
vt 0.148796007 0.793536007
vt 0.147477999 0.849821985
vt 0.148796007 0.793536007
vt 0.113692999 0.849821985
vt 0.113692999 0.793536007
vt 0.113692999 0.913613975
vt 0.147477999 0.849821985
vt 0.160914004 0.913613975
vt 0.147477999 0.849821985
vt 0.113692999 0.913613975
vt 0.113692999 0.849821985
vt 0.113692999 0.987275004
vt 0.160914004 0.913613975
vt 0.164989993 0.988445997
vt 0.160914004 0.913613975
vt 0.113692999 0.987275004
vt 0.113692999 0.913613975
vt 0.811397016 0.647997022
vt 0.850458026 0.698459983
vt 0.811397016 0.700999975
vt 0.850458026 0.698459983
vt 0.811397016 0.647997022
vt 0.858726978 0.644180000
vt 0.850458026 0.698459983
vt 0.811397016 0.772000015
vt 0.811397016 0.700999975
vt 0.811397016 0.772000015
vt 0.850458026 0.698459983
vt 0.850766003 0.772000015
vt 0.850614011 0.825999975
vt 0.811397016 0.772000015
vt 0.850766003 0.772000015
vt 0.811397016 0.772000015
vt 0.850614011 0.825999975
vt 0.811397016 0.825999975
vt 0.846893013 0.896000028
vt 0.811397016 0.825999975
vt 0.850614011 0.825999975
vt 0.811397016 0.825999975
vt 0.846893013 0.896000028
vt 0.811397016 0.896000028
vt 0.848824978 0.980961025
vt 0.811397016 0.896000028
vt 0.846893013 0.896000028
vt 0.811397016 0.896000028
vt 0.848824978 0.980961025
vt 0.811397016 0.980961025
vt 0.895636022 0.662880003
vt 0.936286986 0.698194027
vt 0.895636022 0.696080983
vt 0.895636022 0.696080983
vt 0.940344989 0.772000015
vt 0.895636022 0.772000015
vt 0.940344989 0.772000015
vt 0.895636022 0.696080983
vt 0.936286986 0.698194027
vt 0.895636022 0.825999975
vt 0.940344989 0.772000015
vt 0.940590978 0.825999975
vt 0.940344989 0.772000015
vt 0.895636022 0.825999975
vt 0.895636022 0.772000015
vt 0.941048980 0.896000028
vt 0.895636022 0.825999975
vt 0.940590978 0.825999975
vt 0.895636022 0.825999975
vt 0.941048980 0.896000028
vt 0.895636022 0.896000028
vt 0.895636022 0.980961025
vt 0.941048980 0.896000028
vt 0.939951003 0.980961025
vt 0.941048980 0.896000028
vt 0.895636022 0.980961025
vt 0.895636022 0.896000028
vt 0.850458026 0.698459983
vt 0.858726978 0.644180000
vt 0.895636022 0.662880003
vt 0.858726978 0.644180000
vt 0.895636022 0.642176986
vt 0.895636022 0.662880003
vt 0.979875028 0.647997022
vt 0.936286986 0.698194027
vt 0.932272017 0.644189000
vt 0.936286986 0.698194027
vt 0.979875028 0.647997022
vt 0.979875028 0.700999975
vt 0.511838019 0.164178014
vt 0.516722977 0.180070996
vt 0.508774996 0.178252995
vt 0.488202006 0.164178014
vt 0.483316988 0.180070996
vt 0.477405012 0.154989004
vt 0.508211017 0.185365021
vt 0.516713977 0.185990989
vt 0.507490993 0.190946996
vt 0.468695998 0.179243982
vt 0.483325988 0.185990989
vt 0.480771005 0.215406001
vt 0.516713977 0.185990989
vt 0.531343997 0.179243982
vt 0.519268990 0.215406001
vt 0.491264999 0.178252995
vt 0.500020027 0.179464996
vt 0.491196990 0.180235982
vt 0.500020027 0.179464996
vt 0.508774996 0.178252995
vt 0.508843005 0.180235982
vt 0.483325988 0.185990989
vt 0.491196990 0.180235982
vt 0.491829008 0.185365021
vt 0.508843005 0.180235982
vt 0.516713977 0.185990989
vt 0.508211017 0.185365021
vn 0.032000520 -0.991397195 -0.126915594
vn 0.199667232 -0.912873230 0.356083504
vn -0.068664738 -0.899296156 0.431916170
vn 0.757730264 -0.518060450 0.396810052
vn 0.549911128 -0.829735054 0.095590230
vn 0.356424952 -0.869350088 0.342332701
vn 0.549911128 -0.829735054 0.095590230
vn 0.757730264 -0.518060450 0.396810052
vn 0.948776254 -0.255268991 0.186175622
vn 0.090721117 0.637318371 0.765241775
vn 0.117410828 0.517100787 0.847833400
vn 0.065797522 -0.076851776 0.994869082
vn 0.117410828 0.517100787 0.847833400
vn 0.090721117 0.637318371 0.765241775
vn -0.200510306 0.724895668 0.659031021
vn 0.709887029 0.525622242 0.468808771
vn 0.017761141 0.978243771 0.206697040
vn 0.058462850 0.959391568 0.275952738
vn 0.017761141 0.978243771 0.206697040
vn 0.709887029 0.525622242 0.468808771
vn 0.592656284 0.632511777 0.498685654
vn 0.794917529 -0.158976564 0.585519063
vn 0.709887029 0.525622242 0.468808771
vn 0.880992531 -0.073081952 0.467451803
vn 0.709887029 0.525622242 0.468808771
vn 0.794917529 -0.158976564 0.585519063
vn 0.592656284 0.632511777 0.498685654
vn 0.432459595 -0.845011815 0.314537329
vn 0.640220074 -0.656474659 0.398947715
vn 0.192023622 -0.974195581 0.118616605
vn 0.640220074 -0.656474659 0.398947715
vn 0.432459595 -0.845011815 0.314537329
vn 0.794917529 -0.158976564 0.585519063
vn 0.356424952 -0.869350088 0.342332701
vn 0.090198245 -0.995898185 -0.007147099
vn 0.158261234 -0.970974534 0.179337214
vn 0.090198245 -0.995898185 -0.007147099
vn 0.356424952 -0.869350088 0.342332701
vn 0.549911128 -0.829735054 0.095590230
vn 0.058462850 0.959391568 0.275952738
vn -0.241903015 0.957128011 0.159338954
vn -0.142473843 0.953261116 0.266447836
vn -0.241903015 0.957128011 0.159338954
vn 0.058462850 0.959391568 0.275952738
vn 0.017761141 0.978243771 0.206697040
vn -0.173450288 0.983776246 0.045818076
vn -0.306902770 0.951376504 0.026333204
vn -0.302013432 0.953034950 -0.022633425
vn -0.306902770 0.951376504 0.026333204
vn -0.173450288 0.983776246 0.045818076
vn -0.220198844 0.975454253 -0.001212099
vn 0.147982343 -0.961499652 0.231559164
vn 0.877027317 -0.125737861 0.463695024
vn 0.120627256 -0.979344855 0.162273598
vn 0.877027317 -0.125737861 0.463695024
vn 0.147982343 -0.961499652 0.231559164
vn 0.876414031 0.001537177 0.481555899
vn 0.877027317 -0.125737861 0.463695024
vn 0.327935267 -0.944204935 0.030585976
vn 0.120627256 -0.979344855 0.162273598
vn 0.327935267 -0.944204935 0.030585976
vn 0.877027317 -0.125737861 0.463695024
vn 0.930400337 0.103562568 0.351610592
vn -0.624146502 -0.519730289 -0.583370869
vn -0.550248827 0.562109727 -0.617461644
vn -0.199844862 0.820720467 -0.535238214
vn -0.550248827 0.562109727 -0.617461644
vn -0.624146502 -0.519730289 -0.583370869
vn -0.678351151 -0.568970106 -0.464879269
vn -0.678351151 -0.568970106 -0.464879269
vn -0.808844773 0.212269701 -0.548371869
vn -0.550248827 0.562109727 -0.617461644
vn -0.808844773 0.212269701 -0.548371869
vn -0.678351151 -0.568970106 -0.464879269
vn -0.661138708 -0.628007108 -0.410490780
vn -0.550248827 0.562109727 -0.617461644
vn 0.368270311 0.929454693 0.022157429
vn -0.199844862 0.820720467 -0.535238214
vn 0.368270311 0.929454693 0.022157429
vn -0.550248827 0.562109727 -0.617461644
vn 0.520411940 0.853408263 -0.029423606
vn -0.550248827 0.562109727 -0.617461644
vn 0.297161798 0.938185113 0.177492420
vn 0.520411940 0.853408263 -0.029423606
vn 0.297161798 0.938185113 0.177492420
vn -0.550248827 0.562109727 -0.617461644
vn -0.808844773 0.212269701 -0.548371869
vn 0.368270311 0.929454693 0.022157429
vn 0.877027317 -0.125737861 0.463695024
vn 0.876414031 0.001537177 0.481555899
vn 0.877027317 -0.125737861 0.463695024
vn 0.368270311 0.929454693 0.022157429
vn 0.520411940 0.853408263 -0.029423606
vn 0.520411940 0.853408263 -0.029423606
vn 0.930400337 0.103562568 0.351610592
vn 0.877027317 -0.125737861 0.463695024
vn 0.930400337 0.103562568 0.351610592
vn 0.520411940 0.853408263 -0.029423606
vn 0.297161798 0.938185113 0.177492420
vn 0.654261530 0.661078906 -0.367309855
vn -0.492770560 0.437032336 -0.752449276
vn -0.187255358 -0.102968177 -0.976899680
vn -0.492770560 0.437032336 -0.752449276
vn 0.654261530 0.661078906 -0.367309855
vn 0.168976025 0.928780733 -0.329868841
vn 0.443621489 -0.895651712 -0.031748787
vn 0.939929326 -0.143845263 0.309582625
vn 0.384026096 -0.923320521 -0.001781230
vn 0.939929326 -0.143845263 0.309582625
vn 0.443621489 -0.895651712 -0.031748787
vn 0.877206902 -0.060584880 0.476274630
vn 0.384026096 -0.923320521 -0.001781230
vn 0.884448974 0.023475616 0.466046037
vn 0.225669627 -0.934648631 0.274782016
vn 0.884448974 0.023475616 0.466046037
vn 0.384026096 -0.923320521 -0.001781230
vn 0.939929326 -0.143845263 0.309582625
vn -0.749774034 -0.442443596 -0.492018865
vn -0.735934441 0.531602975 -0.419283646
vn -0.701072132 0.700741349 -0.132134125
vn -0.735934441 0.531602975 -0.419283646
vn -0.749774034 -0.442443596 -0.492018865
vn -0.745826051 -0.386058821 -0.542864705
vn -0.745826051 -0.386058821 -0.542864705
vn -0.945060675 0.245082681 -0.216321058
vn -0.735934441 0.531602975 -0.419283646
vn -0.945060675 0.245082681 -0.216321058
vn -0.745826051 -0.386058821 -0.542864705
vn -0.817983866 -0.549442151 -0.170340007
vn -0.701072132 0.700741349 -0.132134125
vn 0.271438843 0.950553939 0.150891227
vn 0.256537983 0.900538038 0.351026361
vn 0.271438843 0.950553939 0.150891227
vn -0.701072132 0.700741349 -0.132134125
vn -0.735934441 0.531602975 -0.419283646
vn -0.735934441 0.531602975 -0.419283646
vn 0.317832283 0.933434230 0.166382626
vn 0.271438843 0.950553939 0.150891227
vn 0.317832283 0.933434230 0.166382626
vn -0.735934441 0.531602975 -0.419283646
vn -0.945060675 0.245082681 -0.216321058
vn 0.256537983 0.900538038 0.351026361
vn 0.939929326 -0.143845263 0.309582625
vn 0.877206902 -0.060584880 0.476274630
vn 0.939929326 -0.143845263 0.309582625
vn 0.256537983 0.900538038 0.351026361
vn 0.271438843 0.950553939 0.150891227
vn 0.271438843 0.950553939 0.150891227
vn 0.884448974 0.023475616 0.466046037
vn 0.939929326 -0.143845263 0.309582625
vn 0.884448974 0.023475616 0.466046037
vn 0.271438843 0.950553939 0.150891227
vn 0.317832283 0.933434230 0.166382626
vn 0.876414031 0.001537177 0.481555899
vn 0.640220074 -0.656474659 0.398947715
vn 0.904769196 0.097769713 0.414528389
vn 0.640220074 -0.656474659 0.398947715
vn 0.876414031 0.001537177 0.481555899
vn 0.147982343 -0.961499652 0.231559164
vn 0.192023622 -0.974195581 0.118616605
vn -0.624146502 -0.519730289 -0.583370869
vn 0.133779067 -0.892342062 -0.431078654
vn 0.058462850 0.959391568 0.275952738
vn 0.749396409 0.595805922 0.288825769
vn 0.709887029 0.525622242 0.468808771
vn 0.749396409 0.595805922 0.288825769
vn 0.058462850 0.959391568 0.275952738
vn 0.145701056 0.988741930 -0.034067565
vn 0.145701056 0.988741930 -0.034067565
vn 0.578928564 0.815356958 0.005894718
vn 0.749396409 0.595805922 0.288825769
vn 0.578928564 0.815356958 0.005894718
vn 0.145701056 0.988741930 -0.034067565
vn 0.185323693 0.893738445 -0.408517711
vn 0.185323693 0.893738445 -0.408517711
vn -0.199844862 0.820720467 -0.535238214
vn 0.578928564 0.815356958 0.005894718
vn 0.443621489 -0.895651712 -0.031748787
vn 0.930400337 0.103562568 0.351610592
vn 0.877206902 -0.060584880 0.476274630
vn 0.930400337 0.103562568 0.351610592
vn 0.443621489 -0.895651712 -0.031748787
vn 0.327935267 -0.944204935 0.030585976
vn 0.877206902 -0.060584880 0.476274630
vn 0.297161798 0.938185113 0.177492420
vn 0.256537983 0.900538038 0.351026361
vn 0.297161798 0.938185113 0.177492420
vn 0.877206902 -0.060584880 0.476274630
vn 0.930400337 0.103562568 0.351610592
vn 0.297161798 0.938185113 0.177492420
vn -0.701072132 0.700741349 -0.132134125
vn 0.256537983 0.900538038 0.351026361
vn -0.701072132 0.700741349 -0.132134125
vn 0.297161798 0.938185113 0.177492420
vn -0.808844773 0.212269701 -0.548371869
vn -0.808844773 0.212269701 -0.548371869
vn -0.749774034 -0.442443596 -0.492018865
vn -0.701072132 0.700741349 -0.132134125
vn -0.749774034 -0.442443596 -0.492018865
vn -0.808844773 0.212269701 -0.548371869
vn -0.661138708 -0.628007108 -0.410490780
vn 0.709887029 0.525622242 0.468808771
vn 0.904769196 0.097769713 0.414528389
vn 0.880992531 -0.073081952 0.467451803
vn 0.904769196 0.097769713 0.414528389
vn 0.709887029 0.525622242 0.468808771
vn 0.749396409 0.595805922 0.288825769
vn 0.749396409 0.595805922 0.288825769
vn 0.876414031 0.001537177 0.481555899
vn 0.904769196 0.097769713 0.414528389
vn 0.876414031 0.001537177 0.481555899
vn 0.749396409 0.595805922 0.288825769
vn 0.578928564 0.815356958 0.005894718
vn 0.578928564 0.815356958 0.005894718
vn 0.368270311 0.929454693 0.022157429
vn 0.876414031 0.001537177 0.481555899
vn 0.044364950 0.998514918 0.031618179
vn 0.406207208 0.913033088 0.036963273
vn -0.173450288 0.983776246 0.045818076
vn 0.923345458 0.352601844 0.152003636
vn 0.990187234 -0.004635042 0.139670179
vn 0.976270532 0.184742358 0.112987207
vn 0.950558279 0.198531732 -0.238797215
vn 0.788852867 -0.612794474 -0.046841079
vn 0.591945546 -0.096044858 -0.800234875
vn 0.788852867 -0.612794474 -0.046841079
vn 0.950558279 0.198531732 -0.238797215
vn 0.990187234 -0.004635042 0.139670179
vn 0.788852867 -0.612794474 -0.046841079
vn 0.207050456 -0.473812197 -0.855939315
vn 0.591945546 -0.096044858 -0.800234875
vn 0.207050456 -0.473812197 -0.855939315
vn 0.788852867 -0.612794474 -0.046841079
vn 0.445749409 -0.891634782 -0.079340287
vn -0.276266775 -0.760834507 -0.587203135
vn -0.070433085 0.684059576 -0.726017684
vn -0.097689368 0.632765663 -0.768156497
vn -0.166043153 -0.872804560 -0.458957374
vn -0.293494547 0.182745373 -0.938331008
vn -0.070433085 0.684059576 -0.726017684
vn -0.293494547 0.182745373 -0.938331008
vn -0.166043153 -0.872804560 -0.458957374
vn -0.385779936 -0.921011299 -0.053963208
vn 0.164472940 0.984129828 -0.066611813
vn -0.070433085 0.684059576 -0.726017684
vn 0.341895889 0.726364452 0.596239787
vn -0.070433085 0.684059576 -0.726017684
vn 0.164472940 0.984129828 -0.066611813
vn -0.097689368 0.632765663 -0.768156497
vn -0.070433085 0.684059576 -0.726017684
vn 0.288006860 0.948476755 0.132075330
vn 0.341895889 0.726364452 0.596239787
vn 0.288006860 0.948476755 0.132075330
vn -0.070433085 0.684059576 -0.726017684
vn -0.293494547 0.182745373 -0.938331008
vn 0.421184198 0.495227209 0.759838064
vn 0.164472940 0.984129828 -0.066611813
vn 0.228765572 0.100046350 0.968326929
vn 0.164472940 0.984129828 -0.066611813
vn 0.421184198 0.495227209 0.759838064
vn 0.274563036 0.809705523 -0.518644487
vn 0.341895889 0.726364452 0.596239787
vn 0.448653215 -0.367463373 0.814666166
vn 0.183241068 -0.600398337 0.778424401
vn 0.448653215 -0.367463373 0.814666166
vn 0.341895889 0.726364452 0.596239787
vn 0.288006860 0.948476755 0.132075330
vn -0.069717871 -0.908265852 0.412544010
vn 0.183241068 -0.600398337 0.778424401
vn -0.166043153 -0.872804560 -0.458957374
vn 0.183241068 -0.600398337 0.778424401
vn -0.385779936 -0.921011299 -0.053963208
vn -0.166043153 -0.872804560 -0.458957374
vn -0.385779936 -0.921011299 -0.053963208
vn 0.183241068 -0.600398337 0.778424401
vn 0.448653215 -0.367463373 0.814666166
vn -0.720385997 -0.684718683 -0.110473254
vn -0.549600709 0.613506059 -0.567053239
vn -0.387894216 0.839418070 -0.380677529
vn -0.549600709 0.613506059 -0.567053239
vn -0.720385997 -0.684718683 -0.110473254
vn -0.358174909 -0.932572565 -0.044934911
vn -0.358174909 -0.932572565 -0.044934911
vn -0.486643326 0.847800186 -0.210744201
vn -0.549600709 0.613506059 -0.567053239
vn -0.486643326 0.847800186 -0.210744201
vn -0.358174909 -0.932572565 -0.044934911
vn -0.296082192 -0.939166787 0.174072057
vn -0.387894216 0.839418070 -0.380677529
vn 0.499777030 0.842663821 -0.200351204
vn 0.777284486 0.601536641 0.184343422
vn 0.499777030 0.842663821 -0.200351204
vn -0.387894216 0.839418070 -0.380677529
vn -0.549600709 0.613506059 -0.567053239
vn -0.549600709 0.613506059 -0.567053239
vn 0.339288545 0.925604548 -0.167748336
vn 0.499777030 0.842663821 -0.200351204
vn 0.339288545 0.925604548 -0.167748336
vn -0.549600709 0.613506059 -0.567053239
vn -0.486643326 0.847800186 -0.210744201
vn 0.777284486 0.601536641 0.184343422
vn 0.593607229 -0.735801785 0.325923596
vn 0.455461383 -0.804999769 0.380171409
vn 0.593607229 -0.735801785 0.325923596
vn 0.777284486 0.601536641 0.184343422
vn 0.499777030 0.842663821 -0.200351204
vn 0.499777030 0.842663821 -0.200351204
vn 0.705316314 -0.615412477 0.351847099
vn 0.593607229 -0.735801785 0.325923596
vn 0.705316314 -0.615412477 0.351847099
vn 0.499777030 0.842663821 -0.200351204
vn 0.339288545 0.925604548 -0.167748336
vn 0.455461383 -0.804999769 0.380171409
vn -0.358174909 -0.932572565 -0.044934911
vn -0.720385997 -0.684718683 -0.110473254
vn -0.358174909 -0.932572565 -0.044934911
vn 0.455461383 -0.804999769 0.380171409
vn 0.593607229 -0.735801785 0.325923596
vn 0.593607229 -0.735801785 0.325923596
vn -0.296082192 -0.939166787 0.174072057
vn -0.358174909 -0.932572565 -0.044934911
vn -0.296082192 -0.939166787 0.174072057
vn 0.593607229 -0.735801785 0.325923596
vn 0.705316314 -0.615412477 0.351847099
vn -0.127062356 -0.926730571 -0.353589602
vn 0.329236334 0.903394354 -0.274740018
vn -0.082409157 0.995419427 -0.048465398
vn 0.329236334 0.903394354 -0.274740018
vn -0.127062356 -0.926730571 -0.353589602
vn 0.534989008 -0.813662698 -0.227463790
vn -0.488026279 0.872278437 0.030994842
vn 0.367671191 -0.088372663 -0.925747356
vn 0.847390113 -0.028311082 0.530215502
vn 0.367671191 -0.088372663 -0.925747356
vn -0.488026279 0.872278437 0.030994842
vn -0.434345852 -0.065187027 -0.898384290
vn 0.380813215 0.921140750 0.080504748
vn -0.095863261 0.990843927 -0.095071274
vn 0.126369744 0.991459330 0.032234851
vn -0.095863261 0.990843927 -0.095071274
vn 0.380813215 0.921140750 0.080504748
vn -0.371527607 0.927844380 0.032742083
vn 0.380813215 0.921140750 0.080504748
vn 0.294771021 -0.953828400 -0.057631841
vn 0.324287128 -0.935148498 0.142601354
vn 0.294771021 -0.953828400 -0.057631841
vn 0.380813215 0.921140750 0.080504748
vn 0.126369744 0.991459330 0.032234851
vn -0.397665601 -0.917520813 -0.004198496
vn 0.294771021 -0.953828400 -0.057631841
vn -0.064115614 -0.986267117 -0.152204999
vn 0.294771021 -0.953828400 -0.057631841
vn -0.397665601 -0.917520813 -0.004198496
vn 0.324287128 -0.935148498 0.142601354
vn 0.448653215 -0.367463373 0.814666166
vn -0.720385997 -0.684718683 -0.110473254
vn -0.385779936 -0.921011299 -0.053963208
vn -0.720385997 -0.684718683 -0.110473254
vn 0.448653215 -0.367463373 0.814666166
vn 0.455461383 -0.804999769 0.380171409
vn -0.385779936 -0.921011299 -0.053963208
vn -0.387894216 0.839418070 -0.380677529
vn -0.293494547 0.182745373 -0.938331008
vn -0.387894216 0.839418070 -0.380677529
vn -0.385779936 -0.921011299 -0.053963208
vn -0.720385997 -0.684718683 -0.110473254
vn 0.288006860 0.948476755 0.132075330
vn -0.387894216 0.839418070 -0.380677529
vn 0.777284486 0.601536641 0.184343422
vn -0.387894216 0.839418070 -0.380677529
vn 0.288006860 0.948476755 0.132075330
vn -0.293494547 0.182745373 -0.938331008
vn 0.777284486 0.601536641 0.184343422
vn 0.448653215 -0.367463373 0.814666166
vn 0.288006860 0.948476755 0.132075330
vn 0.448653215 -0.367463373 0.814666166
vn 0.777284486 0.601536641 0.184343422
vn 0.455461383 -0.804999769 0.380171409
vn 0.307555357 0.072401150 0.948771719
vn -0.069717871 -0.908265852 0.412544010
vn -0.001507317 -0.799957168 0.600055212
vn -0.001507317 -0.799957168 0.600055212
vn 0.065797522 -0.076851776 0.994869082
vn 0.307555357 0.072401150 0.948771719
vn 0.065797522 -0.076851776 0.994869082
vn -0.001507317 -0.799957168 0.600055212
vn 0.029795705 -0.663337155 0.747727246
vn 0.406207208 0.913033088 0.036963273
vn -0.220198844 0.975454253 -0.001212099
vn -0.173450288 0.983776246 0.045818076
vn -0.220198844 0.975454253 -0.001212099
vn 0.406207208 0.913033088 0.036963273
vn 0.152690415 0.987748929 0.032213204
vn 0.065797522 -0.076851776 0.994869082
vn 0.293496383 -0.457628838 0.839306690
vn 0.090721117 0.637318371 0.765241775
vn -0.066153470 -0.984043739 0.165171543
vn 0.032000520 -0.991397195 -0.126915594
vn -0.068664738 -0.899296156 0.431916170
vn 0.032000520 -0.991397195 -0.126915594
vn -0.066153470 -0.984043739 0.165171543
vn -0.336591438 -0.722898536 -0.603426806
vn -0.276266775 -0.760834507 -0.587203135
vn -0.336591438 -0.722898536 -0.603426806
vn -0.066153470 -0.984043739 0.165171543
vn 0.117410828 0.517100787 0.847833400
vn -0.200510306 0.724895668 0.659031021
vn -0.237604487 0.939705595 0.245962399
vn -0.237604487 0.939705595 0.245962399
vn -0.362476966 0.844109124 0.395082568
vn -0.312874099 0.947889609 0.060125604
vn -0.362476966 0.844109124 0.395082568
vn -0.237604487 0.939705595 0.245962399
vn -0.200510306 0.724895668 0.659031021
vn 0.307555357 0.072401150 0.948771719
vn 0.065797522 -0.076851776 0.994869082
vn 0.117410828 0.517100787 0.847833400
vn 0.421184198 0.495227209 0.759838064
vn 0.117410828 0.517100787 0.847833400
vn 0.170900522 0.765732617 0.620037556
vn 0.274563036 0.809705523 -0.518644487
vn 0.775566085 0.422042995 -0.469443243
vn -0.148714096 0.124469516 -0.981015523
vn 0.775566085 0.422042995 -0.469443243
vn 0.274563036 0.809705523 -0.518644487
vn 0.832379930 0.517367460 -0.198682065
vn 0.807447807 -0.585096487 0.075433017
vn -0.148714096 0.124469516 -0.981015523
vn 0.775566085 0.422042995 -0.469443243
vn 0.963403615 0.219918854 0.153261776
vn 0.944386197 0.287998680 0.158718215
vn 0.950558279 0.198531732 -0.238797215
vn 0.976270532 0.184742358 0.112987207
vn 0.843269789 0.535237234 0.049164685
vn 0.923345458 0.352601844 0.152003636
vn -0.296082192 -0.939166787 0.174072057
vn -0.371527607 0.927844380 0.032742083
vn -0.486643326 0.847800186 -0.210744201
vn -0.371527607 0.927844380 0.032742083
vn -0.296082192 -0.939166787 0.174072057
vn -0.397665601 -0.917520813 -0.004198496
vn -0.296082192 -0.939166787 0.174072057
vn 0.324287128 -0.935148498 0.142601354
vn -0.397665601 -0.917520813 -0.004198496
vn 0.324287128 -0.935148498 0.142601354
vn -0.296082192 -0.939166787 0.174072057
vn 0.705316314 -0.615412477 0.351847099
vn 0.705316314 -0.615412477 0.351847099
vn 0.380813215 0.921140750 0.080504748
vn 0.324287128 -0.935148498 0.142601354
vn 0.380813215 0.921140750 0.080504748
vn 0.705316314 -0.615412477 0.351847099
vn 0.339288545 0.925604548 -0.167748336
vn 0.380813215 0.921140750 0.080504748
vn -0.486643326 0.847800186 -0.210744201
vn -0.371527607 0.927844380 0.032742083
vn -0.486643326 0.847800186 -0.210744201
vn 0.380813215 0.921140750 0.080504748
vn 0.339288545 0.925604548 -0.167748336
vn 0.090721117 0.637318371 0.765241775
vn 0.734854505 0.580955795 -0.349970313
vn 0.103830536 0.848755667 -0.518491116
vn 0.734854505 0.580955795 -0.349970313
vn 0.090721117 0.637318371 0.765241775
vn 0.293496383 -0.457628838 0.839306690
vn -0.425078205 0.862596176 0.274292467
vn 0.103830536 0.848755667 -0.518491116
vn -0.449825633 0.817183881 -0.360371203
vn 0.103830536 0.848755667 -0.518491116
vn -0.425078205 0.862596176 0.274292467
vn 0.090721117 0.637318371 0.765241775
vn 0.126369744 0.991459330 0.032234851
vn -0.082409157 0.995419427 -0.048465398
vn 0.329236334 0.903394354 -0.274740018
vn -0.082409157 0.995419427 -0.048465398
vn 0.126369744 0.991459330 0.032234851
vn -0.095863261 0.990843927 -0.095071274
vn -0.095863261 0.990843927 -0.095071274
vn -0.127062356 -0.926730571 -0.353589602
vn -0.082409157 0.995419427 -0.048465398
vn -0.127062356 -0.926730571 -0.353589602
vn -0.095863261 0.990843927 -0.095071274
vn -0.064115614 -0.986267117 -0.152204999
vn -0.127062356 -0.926730571 -0.353589602
vn 0.294771021 -0.953828400 -0.057631841
vn 0.534989008 -0.813662698 -0.227463790
vn 0.294771021 -0.953828400 -0.057631841
vn -0.127062356 -0.926730571 -0.353589602
vn -0.064115614 -0.986267117 -0.152204999
vn 0.534989008 -0.813662698 -0.227463790
vn 0.126369744 0.991459330 0.032234851
vn 0.329236334 0.903394354 -0.274740018
vn 0.126369744 0.991459330 0.032234851
vn 0.534989008 -0.813662698 -0.227463790
vn 0.294771021 -0.953828400 -0.057631841
vn -0.397665601 -0.917520813 -0.004198496
vn -0.541986138 0.535644550 0.647561535
vn -0.371527607 0.927844380 0.032742083
vn -0.541986138 0.535644550 0.647561535
vn -0.397665601 -0.917520813 -0.004198496
vn -0.971160669 -0.085657516 -0.222507854
vn -0.541986138 0.535644550 0.647561535
vn -0.095863261 0.990843927 -0.095071274
vn -0.371527607 0.927844380 0.032742083
vn -0.095863261 0.990843927 -0.095071274
vn -0.541986138 0.535644550 0.647561535
vn 0.862063551 -0.115225673 0.493527587
vn -0.095863261 0.990843927 -0.095071274
vn -0.555159993 -0.551627047 -0.622498983
vn -0.064115614 -0.986267117 -0.152204999
vn -0.555159993 -0.551627047 -0.622498983
vn -0.095863261 0.990843927 -0.095071274
vn 0.862063551 -0.115225673 0.493527587
vn -0.555159993 -0.551627047 -0.622498983
vn -0.397665601 -0.917520813 -0.004198496
vn -0.064115614 -0.986267117 -0.152204999
vn -0.397665601 -0.917520813 -0.004198496
vn -0.555159993 -0.551627047 -0.622498983
vn -0.971160669 -0.085657516 -0.222507854
vn -0.971160669 -0.085657516 -0.222507854
vn -0.488026279 0.872278437 0.030994842
vn -0.541986138 0.535644550 0.647561535
vn -0.488026279 0.872278437 0.030994842
vn -0.971160669 -0.085657516 -0.222507854
vn -0.434345852 -0.065187027 -0.898384290
vn -0.541986138 0.535644550 0.647561535
vn 0.847390113 -0.028311082 0.530215502
vn 0.862063551 -0.115225673 0.493527587
vn 0.847390113 -0.028311082 0.530215502
vn -0.541986138 0.535644550 0.647561535
vn -0.488026279 0.872278437 0.030994842
vn 0.862063551 -0.115225673 0.493527587
vn 0.367671191 -0.088372663 -0.925747356
vn -0.555159993 -0.551627047 -0.622498983
vn 0.367671191 -0.088372663 -0.925747356
vn 0.862063551 -0.115225673 0.493527587
vn 0.847390113 -0.028311082 0.530215502
vn -0.555159993 -0.551627047 -0.622498983
vn -0.434345852 -0.065187027 -0.898384290
vn -0.971160669 -0.085657516 -0.222507854
vn -0.434345852 -0.065187027 -0.898384290
vn -0.555159993 -0.551627047 -0.622498983
vn 0.367671191 -0.088372663 -0.925747356
vn 0.710755942 0.194371501 0.676051559
vn 0.979477161 -0.201547943 -0.001708292
vn 0.426623521 -0.524935577 0.736501875
vn 0.979477161 -0.201547943 -0.001708292
vn 0.710755942 0.194371501 0.676051559
vn 0.444840809 0.318218340 -0.837170080
vn -0.981707991 -0.189616229 0.017178654
vn -0.187255358 -0.102968177 -0.976899680
vn -0.492770560 0.437032336 -0.752449276
vn -0.187255358 -0.102968177 -0.976899680
vn -0.981707991 -0.189616229 0.017178654
vn -0.755997868 -0.620881215 -0.207301086
vn -0.945060675 0.245082681 -0.216321058
vn -0.041672104 0.932408323 0.358996037
vn 0.317832283 0.933434230 0.166382626
vn -0.041672104 0.932408323 0.358996037
vn -0.945060675 0.245082681 -0.216321058
vn -0.981707991 -0.189616229 0.017178654
vn 0.654261530 0.661078906 -0.367309855
vn -0.041672104 0.932408323 0.358996037
vn 0.168976025 0.928780733 -0.329868841
vn -0.041672104 0.932408323 0.358996037
vn 0.654261530 0.661078906 -0.367309855
vn 0.702242636 0.588012361 0.401368587
vn 0.225669627 -0.934648631 0.274782016
vn 0.710755942 0.194371501 0.676051559
vn 0.426623521 -0.524935577 0.736501875
vn 0.710755942 0.194371501 0.676051559
vn 0.225669627 -0.934648631 0.274782016
vn 0.884448974 0.023475616 0.466046037
vn -0.187255358 -0.102968177 -0.976899680
vn -0.684965466 -0.728025068 -0.028316245
vn 0.071775933 -0.025779686 -0.997087571
vn -0.684965466 -0.728025068 -0.028316245
vn -0.187255358 -0.102968177 -0.976899680
vn -0.755997868 -0.620881215 -0.207301086
vn -0.187255358 -0.102968177 -0.976899680
vn 0.444840809 0.318218340 -0.837170080
vn 0.654261530 0.661078906 -0.367309855
vn 0.444840809 0.318218340 -0.837170080
vn -0.187255358 -0.102968177 -0.976899680
vn 0.071775933 -0.025779686 -0.997087571
vn 0.654261530 0.661078906 -0.367309855
vn 0.710755942 0.194371501 0.676051559
vn 0.702242636 0.588012361 0.401368587
vn 0.710755942 0.194371501 0.676051559
vn 0.654261530 0.661078906 -0.367309855
vn 0.444840809 0.318218340 -0.837170080
vn 0.192023622 -0.974195581 0.118616605
vn 0.147982343 -0.961499652 0.231559164
vn -0.624146502 -0.519730289 -0.583370869
vn 0.640220074 -0.656474659 0.398947715
vn 0.147982343 -0.961499652 0.231559164
vn 0.192023622 -0.974195581 0.118616605
vn 0.147982343 -0.961499652 0.231559164
vn 0.120627256 -0.979344855 0.162273598
vn -0.678351151 -0.568970106 -0.464879269
vn 0.120627256 -0.979344855 0.162273598
vn -0.661138708 -0.628007108 -0.410490780
vn -0.678351151 -0.568970106 -0.464879269
vn -0.661138708 -0.628007108 -0.410490780
vn 0.120627256 -0.979344855 0.162273598
vn 0.327935267 -0.944204935 0.030585976
vn 0.327935267 -0.944204935 0.030585976
vn -0.749774034 -0.442443596 -0.492018865
vn -0.661138708 -0.628007108 -0.410490780
vn -0.749774034 -0.442443596 -0.492018865
vn 0.327935267 -0.944204935 0.030585976
vn 0.443621489 -0.895651712 -0.031748787
vn -0.749774034 -0.442443596 -0.492018865
vn 0.384026096 -0.923320521 -0.001781230
vn -0.745826051 -0.386058821 -0.542864705
vn 0.384026096 -0.923320521 -0.001781230
vn -0.749774034 -0.442443596 -0.492018865
vn 0.443621489 -0.895651712 -0.031748787
vn -0.745826051 -0.386058821 -0.542864705
vn 0.225669627 -0.934648631 0.274782016
vn -0.817983866 -0.549442151 -0.170340007
vn 0.225669627 -0.934648631 0.274782016
vn -0.745826051 -0.386058821 -0.542864705
vn 0.384026096 -0.923320521 -0.001781230
vn 0.225669627 -0.934648631 0.274782016
vn -0.684965466 -0.728025068 -0.028316245
vn -0.817983866 -0.549442151 -0.170340007
vn -0.684965466 -0.728025068 -0.028316245
vn 0.225669627 -0.934648631 0.274782016
vn 0.426623521 -0.524935577 0.736501875
vn 0.426623521 -0.524935577 0.736501875
vn 0.071775933 -0.025779686 -0.997087571
vn -0.684965466 -0.728025068 -0.028316245
vn 0.071775933 -0.025779686 -0.997087571
vn 0.426623521 -0.524935577 0.736501875
vn 0.979477161 -0.201547943 -0.001708292
vn -0.684965466 -0.728025068 -0.028316245
vn -0.755997868 -0.620881215 -0.207301086
vn -0.817983866 -0.549442151 -0.170340007
vn -0.817983866 -0.549442151 -0.170340007
vn -0.981707991 -0.189616229 0.017178654
vn -0.945060675 0.245082681 -0.216321058
vn -0.981707991 -0.189616229 0.017178654
vn -0.817983866 -0.549442151 -0.170340007
vn -0.755997868 -0.620881215 -0.207301086
vn -0.041672104 0.932408323 0.358996037
vn -0.492770560 0.437032336 -0.752449276
vn 0.168976025 0.928780733 -0.329868841
vn -0.492770560 0.437032336 -0.752449276
vn -0.041672104 0.932408323 0.358996037
vn -0.981707991 -0.189616229 0.017178654
vn 0.317832283 0.933434230 0.166382626
vn 0.702242636 0.588012361 0.401368587
vn 0.884448974 0.023475616 0.466046037
vn 0.702242636 0.588012361 0.401368587
vn 0.317832283 0.933434230 0.166382626
vn -0.041672104 0.932408323 0.358996037
vn 0.702242636 0.588012361 0.401368587
vn 0.710755942 0.194371501 0.676051559
vn 0.884448974 0.023475616 0.466046037
vn 0.794917529 -0.158976564 0.585519063
vn 0.880992531 -0.073081952 0.467451803
vn 0.640220074 -0.656474659 0.398947715
vn 0.880992531 -0.073081952 0.467451803
vn 0.904769196 0.097769713 0.414528389
vn 0.640220074 -0.656474659 0.398947715
vn -0.624146502 -0.519730289 -0.583370869
vn 0.130699466 -0.122936864 -0.983770388
vn 0.133779067 -0.892342062 -0.431078654
vn 0.750569306 0.502476851 -0.429141854
vn 0.495413635 0.274730401 -0.824068284
vn 0.836396922 0.323941162 -0.442156434
vn 0.495413635 0.274730401 -0.824068284
vn 0.750569306 0.502476851 -0.429141854
vn 0.950203649 0.052336759 -0.307203336
vn 0.568215703 0.801107552 -0.188036180
vn 0.103830536 0.848755667 -0.518491116
vn 0.734854505 0.580955795 -0.349970313
vn 0.103830536 0.848755667 -0.518491116
vn 0.568215703 0.801107552 -0.188036180
vn 0.075104930 0.972483760 -0.220532504
vn 0.439753930 0.137925089 0.887464451
vn 0.166299882 -0.389185763 0.906023615
vn 0.032631626 -0.189514306 0.981335572
vn 0.166299882 -0.389185763 0.906023615
vn 0.439753930 0.137925089 0.887464451
vn 0.550128867 -0.210011798 0.808240852
vn 0.968175054 -0.195471870 0.156293995
vn 0.776120100 -0.581813443 0.243168063
vn 0.744444199 -0.448924468 0.494236438
vn 0.750569306 0.502476851 -0.429141854
vn 0.898891149 0.345679265 -0.269259257
vn 0.709923771 0.610935614 -0.350379672
vn 0.898891149 0.345679265 -0.269259257
vn 0.750569306 0.502476851 -0.429141854
vn 0.836396922 0.323941162 -0.442156434
vn 0.700844915 0.646720726 -0.300946354
vn 0.709923771 0.610935614 -0.350379672
vn 0.400912887 0.887203855 -0.228337859
vn 0.709923771 0.610935614 -0.350379672
vn 0.700844915 0.646720726 -0.300946354
vn 0.750569306 0.502476851 -0.429141854
vn 0.845606479 0.487037736 0.218503835
vn 0.887829887 0.168703136 0.428132389
vn 0.814560401 0.447315927 0.369323457
vn 0.887829887 0.168703136 0.428132389
vn 0.845606479 0.487037736 0.218503835
vn 0.960864826 0.221786216 0.165980906
vn 0.845606479 0.487037736 0.218503835
vn 0.814560401 0.447315927 0.369323457
vn 0.651573111 0.681143166 0.333910869
vn 0.075104930 0.972483760 -0.220532504
vn 0.511045274 0.859358703 -0.018312487
vn -0.004819249 0.991783340 -0.127838107
vn 0.511045274 0.859358703 -0.018312487
vn 0.075104930 0.972483760 -0.220532504
vn 0.568215703 0.801107552 -0.188036180
vn -0.531724047 0.844831093 -0.059413485
vn -0.059608868 0.945538838 0.320004825
vn -0.524223291 0.774954798 0.353036828
vn -0.059608868 0.945538838 0.320004825
vn -0.531724047 0.844831093 -0.059413485
vn -0.004819249 0.991783340 -0.127838107
vn 0.700844915 0.646720726 -0.300946354
vn 0.950203649 0.052336759 -0.307203336
vn 0.750569306 0.502476851 -0.429141854
vn 0.887829887 0.168703136 0.428132389
vn 0.968175054 -0.195471870 0.156293995
vn 0.744444199 -0.448924468 0.494236438
vn 0.967903487 0.239431975 -0.076388273
vn 0.959932333 0.076601408 -0.269559158
vn 0.955625585 -0.294548302 -0.004586847
vn 0.836396922 0.323941162 -0.442156434
vn 0.495413635 0.274730401 -0.824068284
vn 0.779558540 0.073685492 -0.621979848
vn 0.779558540 0.073685492 -0.621979848
vn 0.068266424 0.033012380 -0.997120794
vn 0.381430458 -0.489630736 -0.784074325
vn 0.068266424 0.033012380 -0.997120794
vn 0.779558540 0.073685492 -0.621979848
vn 0.495413635 0.274730401 -0.824068284
vn 0.550128867 -0.210011798 0.808240852
vn 0.887829887 0.168703136 0.428132389
vn 0.744444199 -0.448924468 0.494236438
vn 0.439753930 0.137925089 0.887464451
vn 0.651573111 0.681143166 0.333910869
vn 0.814560401 0.447315927 0.369323457
vn 0.651573111 0.681143166 0.333910869
vn 0.439753930 0.137925089 0.887464451
vn 0.039159487 0.459007098 0.887569163
vn -0.059608868 0.945538838 0.320004825
vn -0.347438438 0.429165466 0.833728694
vn -0.524223291 0.774954798 0.353036828
vn -0.347438438 0.429165466 0.833728694
vn -0.059608868 0.945538838 0.320004825
vn 0.039159487 0.459007098 0.887569163
vn 0.887829887 0.168703136 0.428132389
vn 0.439753930 0.137925089 0.887464451
vn 0.814560401 0.447315927 0.369323457
vn -0.449825633 0.817183881 -0.360371203
vn 0.075104930 0.972483760 -0.220532504
vn -0.488729220 0.813290540 -0.315756626
vn 0.075104930 0.972483760 -0.220532504
vn -0.449825633 0.817183881 -0.360371203
vn 0.103830536 0.848755667 -0.518491116
vn -0.488729220 0.813290540 -0.315756626
vn -0.004819249 0.991783340 -0.127838107
vn -0.531724047 0.844831093 -0.059413485
vn -0.004819249 0.991783340 -0.127838107
vn -0.488729220 0.813290540 -0.315756626
vn 0.075104930 0.972483760 -0.220532504
vn -0.059608868 0.945538838 0.320004825
vn 0.511045274 0.859358703 -0.018312487
vn 0.651573111 0.681143166 0.333910869
vn 0.511045274 0.859358703 -0.018312487
vn -0.059608868 0.945538838 0.320004825
vn -0.004819249 0.991783340 -0.127838107
vn 0.039159487 0.459007098 0.887569163
vn -0.059608868 0.945538838 0.320004825
vn 0.651573111 0.681143166 0.333910869
vn 0.952908066 0.300298522 0.042273107
vn 0.630157086 0.742157695 -0.228263011
vn 0.929145173 0.355237739 -0.102447044
vn 0.630157086 0.742157695 -0.228263011
vn 0.952908066 0.300298522 0.042273107
vn 0.642614899 0.439864471 0.627347861
vn 0.709923771 0.610935614 -0.350379672
vn 0.630157086 0.742157695 -0.228263011
vn 0.400912887 0.887203855 -0.228337859
vn 0.630157086 0.742157695 -0.228263011
vn 0.709923771 0.610935614 -0.350379672
vn 0.929145173 0.355237739 -0.102447044
vn 0.400912887 0.887203855 -0.228337859
vn 0.642614899 0.439864471 0.627347861
vn 0.845606479 0.487037736 0.218503835
vn 0.642614899 0.439864471 0.627347861
vn 0.400912887 0.887203855 -0.228337859
vn 0.630157086 0.742157695 -0.228263011
vn 0.845606479 0.487037736 0.218503835
vn 0.952908066 0.300298522 0.042273107
vn 0.922514899 0.385816813 -0.010566373
vn 0.952908066 0.300298522 0.042273107
vn 0.845606479 0.487037736 0.218503835
vn 0.642614899 0.439864471 0.627347861
vn 0.922514899 0.385816813 -0.010566373
vn 0.929145173 0.355237739 -0.102447044
vn 0.709923771 0.610935614 -0.350379672
vn 0.929145173 0.355237739 -0.102447044
vn 0.922514899 0.385816813 -0.010566373
vn 0.952908066 0.300298522 0.042273107
vn 0.976642062 -0.213511635 0.024146718
vn 0.967903487 0.239431975 -0.076388273
vn 0.955625585 -0.294548302 -0.004586847
vn 0.967903487 0.239431975 -0.076388273
vn 0.976642062 -0.213511635 0.024146718
vn 0.960864826 0.221786216 0.165980906
vn 0.967903487 0.239431975 -0.076388273
vn 0.845606479 0.487037736 0.218503835
vn 0.922514899 0.385816813 -0.010566373
vn 0.845606479 0.487037736 0.218503835
vn 0.967903487 0.239431975 -0.076388273
vn 0.960864826 0.221786216 0.165980906
vn 0.950203649 0.052336759 -0.307203336
vn 0.293496383 -0.457628838 0.839306690
vn 0.308057194 -0.828580517 0.467498762
vn 0.293496383 -0.457628838 0.839306690
vn 0.950203649 0.052336759 -0.307203336
vn 0.734854505 0.580955795 -0.349970313
vn 0.293496383 -0.457628838 0.839306690
vn 0.065797522 -0.076851776 0.994869082
vn 0.029795705 -0.663337155 0.747727246
vn 0.734854505 0.580955795 -0.349970313
vn 0.700844915 0.646720726 -0.300946354
vn 0.568215703 0.801107552 -0.188036180
vn 0.700844915 0.646720726 -0.300946354
vn 0.734854505 0.580955795 -0.349970313
vn 0.950203649 0.052336759 -0.307203336
vn 0.568215703 0.801107552 -0.188036180
vn 0.400912887 0.887203855 -0.228337859
vn 0.511045274 0.859358703 -0.018312487
vn 0.400912887 0.887203855 -0.228337859
vn 0.568215703 0.801107552 -0.188036180
vn 0.700844915 0.646720726 -0.300946354
vn 0.199667232 -0.912873230 0.356083504
vn 0.162483474 -0.913276682 0.373530218
vn 0.308057194 -0.828580517 0.467498762
vn 0.192023622 -0.974195581 0.118616605
vn 0.123815550 -0.984114330 0.127234804
vn 0.432459595 -0.845011815 0.314537329
vn 0.123815550 -0.984114330 0.127234804
vn 0.192023622 -0.974195581 0.118616605
vn 0.036918101 -0.995090990 0.091820347
vn -0.142473843 0.953261116 0.266447836
vn 0.145701056 0.988741930 -0.034067565
vn 0.058462850 0.959391568 0.275952738
vn 0.145701056 0.988741930 -0.034067565
vn -0.142473843 0.953261116 0.266447836
vn -0.073280667 0.997265594 0.009553983
vn 0.145701056 0.988741930 -0.034067565
vn 0.003570566 0.925028954 -0.379879830
vn 0.185323693 0.893738445 -0.408517711
vn 0.003570566 0.925028954 -0.379879830
vn 0.145701056 0.988741930 -0.034067565
vn -0.073280667 0.997265594 0.009553983
vn 0.003570566 0.925028954 -0.379879830
vn -0.199844862 0.820720467 -0.535238214
vn 0.185323693 0.893738445 -0.408517711
vn -0.199844862 0.820720467 -0.535238214
vn 0.003570566 0.925028954 -0.379879830
vn 0.103819020 0.241861724 -0.964740648
vn -0.425078205 0.862596176 0.274292467
vn -0.362476966 0.844109124 0.395082568
vn -0.200510306 0.724895668 0.659031021
vn 0.103819020 0.241861724 -0.964740648
vn 0.130699466 -0.122936864 -0.983770388
vn -0.199844862 0.820720467 -0.535238214
vn -0.199844862 0.820720467 -0.535238214
vn 0.130699466 -0.122936864 -0.983770388
vn -0.624146502 -0.519730289 -0.583370869
vn 0.931111466 -0.335117961 -0.143970098
vn 0.890896733 -0.448281712 0.073119883
vn 0.955625585 -0.294548302 -0.004586847
vn 0.744444199 -0.448924468 0.494236438
vn 0.362739299 -0.662862806 0.655006184
vn 0.550128867 -0.210011798 0.808240852
vn 0.362739299 -0.662862806 0.655006184
vn 0.744444199 -0.448924468 0.494236438
vn 0.447634736 -0.768548827 0.457116882
vn 0.955625585 -0.294548302 -0.004586847
vn 0.846695074 -0.531838607 -0.015973359
vn 0.976642062 -0.213511635 0.024146718
vn 0.846695074 -0.531838607 -0.015973359
vn 0.955625585 -0.294548302 -0.004586847
vn 0.890896733 -0.448281712 0.073119883
vn 0.232611302 -0.965764217 0.114854077
vn 0.432459595 -0.845011815 0.314537329
vn 0.123815550 -0.984114330 0.127234804
vn 0.432459595 -0.845011815 0.314537329
vn 0.232611302 -0.965764217 0.114854077
vn 0.652981586 -0.678920608 0.335681182
vn 0.652981586 -0.678920608 0.335681182
vn 0.794917529 -0.158976564 0.585519063
vn 0.432459595 -0.845011815 0.314537329
vn 0.794917529 -0.158976564 0.585519063
vn 0.652981586 -0.678920608 0.335681182
vn 0.887813714 0.108587301 0.447208685
vn 0.887813714 0.108587301 0.447208685
vn 0.592656284 0.632511777 0.498685654
vn 0.794917529 -0.158976564 0.585519063
vn 0.592656284 0.632511777 0.498685654
vn 0.887813714 0.108587301 0.447208685
vn 0.718118084 0.658202544 0.225999620
vn 0.592656284 0.632511777 0.498685654
vn 0.044364950 0.998514918 0.031618179
vn 0.017761141 0.978243771 0.206697040
vn 0.044364950 0.998514918 0.031618179
vn 0.592656284 0.632511777 0.498685654
vn 0.718118084 0.658202544 0.225999620
vn 0.017761141 0.978243771 0.206697040
vn -0.273505015 0.955562028 -0.109982802
vn -0.241903015 0.957128011 0.159338954
vn -0.273505015 0.955562028 -0.109982802
vn 0.017761141 0.978243771 0.206697040
vn 0.044364950 0.998514918 0.031618179
vn 0.293496383 -0.457628838 0.839306690
vn 0.029795705 -0.663337155 0.747727246
vn 0.308057194 -0.828580517 0.467498762
vn 0.308057194 -0.828580517 0.467498762
vn 0.029795705 -0.663337155 0.747727246
vn -0.068664738 -0.899296156 0.431916170
vn -0.068664738 -0.899296156 0.431916170
vn -0.001507317 -0.799957168 0.600055212
vn -0.066153470 -0.984043739 0.165171543
vn -0.001507317 -0.799957168 0.600055212
vn -0.068664738 -0.899296156 0.431916170
vn 0.029795705 -0.663337155 0.747727246
vn -0.001507317 -0.799957168 0.600055212
vn -0.276266775 -0.760834507 -0.587203135
vn -0.066153470 -0.984043739 0.165171543
vn -0.276266775 -0.760834507 -0.587203135
vn -0.001507317 -0.799957168 0.600055212
vn -0.069717871 -0.908265852 0.412544010
vn -0.069717871 -0.908265852 0.412544010
vn -0.166043153 -0.872804560 -0.458957374
vn -0.276266775 -0.760834507 -0.587203135
vn 0.183241068 -0.600398337 0.778424401
vn -0.069717871 -0.908265852 0.412544010
vn 0.270262817 -0.116828760 0.955672041
vn 0.147982343 -0.961499652 0.231559164
vn -0.678351151 -0.568970106 -0.464879269
vn -0.624146502 -0.519730289 -0.583370869
vn 0.968175054 -0.195471870 0.156293995
vn 0.960864826 0.221786216 0.165980906
vn 0.976642062 -0.213511635 0.024146718
vn 0.846695074 -0.531838607 -0.015973359
vn 0.968175054 -0.195471870 0.156293995
vn 0.976642062 -0.213511635 0.024146718
vn 0.968175054 -0.195471870 0.156293995
vn 0.846695074 -0.531838607 -0.015973359
vn 0.776120100 -0.581813443 0.243168063
vn 0.968175054 -0.195471870 0.156293995
vn 0.887829887 0.168703136 0.428132389
vn 0.960864826 0.221786216 0.165980906
vn 0.444840809 0.318218340 -0.837170080
vn 0.071775933 -0.025779686 -0.997087571
vn 0.979477161 -0.201547943 -0.001708292
vn 0.779558540 0.073685492 -0.621979848
vn 0.920751813 -0.332261008 -0.204496263
vn 0.946710157 -0.185587989 -0.263243191
vn 0.959932333 0.076601408 -0.269559158
vn 0.967903487 0.239431975 -0.076388273
vn 0.898891149 0.345679265 -0.269259257
vn 0.779558540 0.073685492 -0.621979848
vn 0.959932333 0.076601408 -0.269559158
vn 0.836396922 0.323941162 -0.442156434
vn 0.890896733 -0.448281712 0.073119883
vn 0.498351670 -0.714904321 -0.490466538
vn 0.524333697 -0.842366131 0.124472794
vn 0.946710157 -0.185587989 -0.263243191
vn 0.776189885 -0.297351769 -0.555977687
vn 0.931111466 -0.335117961 -0.143970098
vn 0.506225541 -0.732191005 -0.455666582
vn 0.920751813 -0.332261008 -0.204496263
vn 0.537568957 -0.815427904 -0.214702004
vn 0.920751813 -0.332261008 -0.204496263
vn 0.506225541 -0.732191005 -0.455666582
vn 0.854784148 -0.415026863 -0.311603535
vn 0.920751813 -0.332261008 -0.204496263
vn 0.779558540 0.073685492 -0.621979848
vn 0.381430458 -0.489630736 -0.784074325
vn 0.959932333 0.076601408 -0.269559158
vn 0.946710157 -0.185587989 -0.263243191
vn 0.931111466 -0.335117961 -0.143970098
vn 0.959932333 0.076601408 -0.269559158
vn 0.898891149 0.345679265 -0.269259257
vn 0.836396922 0.323941162 -0.442156434
vn 0.709923771 0.610935614 -0.350379672
vn 0.967903487 0.239431975 -0.076388273
vn 0.922514899 0.385816813 -0.010566373
vn 0.967903487 0.239431975 -0.076388273
vn 0.709923771 0.610935614 -0.350379672
vn 0.898891149 0.345679265 -0.269259257
vn 0.955625585 -0.294548302 -0.004586847
vn 0.959932333 0.076601408 -0.269559158
vn 0.931111466 -0.335117961 -0.143970098
vn 0.447634736 -0.768548827 0.457116882
vn 0.776120100 -0.581813443 0.243168063
vn 0.514251835 -0.835960155 0.191613331
vn 0.776120100 -0.581813443 0.243168063
vn 0.447634736 -0.768548827 0.457116882
vn 0.744444199 -0.448924468 0.494236438
vn 0.776120100 -0.581813443 0.243168063
vn 0.533487154 -0.844864131 0.039950667
vn 0.514251835 -0.835960155 0.191613331
vn 0.533487154 -0.844864131 0.039950667
vn 0.776120100 -0.581813443 0.243168063
vn 0.846695074 -0.531838607 -0.015973359
vn 0.533487154 -0.844864131 0.039950667
vn 0.890896733 -0.448281712 0.073119883
vn 0.524333697 -0.842366131 0.124472794
vn 0.890896733 -0.448281712 0.073119883
vn 0.533487154 -0.844864131 0.039950667
vn 0.846695074 -0.531838607 -0.015973359
vn 0.884263420 -0.453760981 0.110359307
vn 0.931111466 -0.335117961 -0.143970098
vn 0.776189885 -0.297351769 -0.555977687
vn 0.718118084 0.658202544 0.225999620
vn 0.923345458 0.352601844 0.152003636
vn 0.406207208 0.913033088 0.036963273
vn 0.126016934 0.979806278 0.155239783
vn 0.832379930 0.517367460 -0.198682065
vn 0.170900522 0.765732617 0.620037556
vn 0.843269789 0.535237234 0.049164685
vn 0.406207208 0.913033088 0.036963273
vn 0.923345458 0.352601844 0.152003636
vn 0.406207208 0.913033088 0.036963273
vn 0.843269789 0.535237234 0.049164685
vn 0.152690415 0.987748929 0.032213204
vn 0.406207208 0.913033088 0.036963273
vn 0.044364950 0.998514918 0.031618179
vn 0.718118084 0.658202544 0.225999620
vn 0.920751813 -0.332261008 -0.204496263
vn 0.381430458 -0.489630736 -0.784074325
vn 0.537568957 -0.815427904 -0.214702004
vn -0.425078205 0.862596176 0.274292467
vn -0.200510306 0.724895668 0.659031021
vn 0.090721117 0.637318371 0.765241775
vn 0.506225541 -0.732191005 -0.455666582
vn 0.776189885 -0.297351769 -0.555977687
vn 0.854784148 -0.415026863 -0.311603535
vn 0.776189885 -0.297351769 -0.555977687
vn 0.506225541 -0.732191005 -0.455666582
vn 0.515563952 -0.753633703 -0.407713199
vn 0.515563952 -0.753633703 -0.407713199
vn 0.533035949 -0.844886895 0.045153199
vn 0.884263420 -0.453760981 0.110359307
vn 0.890896733 -0.448281712 0.073119883
vn 0.533035949 -0.844886895 0.045153199
vn 0.498351670 -0.714904321 -0.490466538
vn 0.533035949 -0.844886895 0.045153199
vn 0.890896733 -0.448281712 0.073119883
vn 0.884263420 -0.453760981 0.110359307
vn -0.237604487 0.939705595 0.245962399
vn 0.152690415 0.987748929 0.032213204
vn 0.126016934 0.979806278 0.155239783
vn 0.152690415 0.987748929 0.032213204
vn -0.237604487 0.939705595 0.245962399
vn -0.220198844 0.975454253 -0.001212099
vn 0.152690415 0.987748929 0.032213204
vn 0.832379930 0.517367460 -0.198682065
vn 0.126016934 0.979806278 0.155239783
vn 0.832379930 0.517367460 -0.198682065
vn 0.152690415 0.987748929 0.032213204
vn 0.843269789 0.535237234 0.049164685
vn 0.832379930 0.517367460 -0.198682065
vn 0.976270532 0.184742358 0.112987207
vn 0.979908066 0.185704343 0.072760421
vn 0.976270532 0.184742358 0.112987207
vn 0.832379930 0.517367460 -0.198682065
vn 0.843269789 0.535237234 0.049164685
vn 0.979908066 0.185704343 0.072760421
vn 0.944386197 0.287998680 0.158718215
vn 0.775566085 0.422042995 -0.469443243
vn 0.944386197 0.287998680 0.158718215
vn 0.979908066 0.185704343 0.072760421
vn 0.976270532 0.184742358 0.112987207
vn 0.962229925 0.002736131 0.272224330
vn 0.775566085 0.422042995 -0.469443243
vn 0.944386197 0.287998680 0.158718215
vn 0.775566085 0.422042995 -0.469443243
vn 0.962229925 0.002736131 0.272224330
vn 0.807447807 -0.585096487 0.075433017
vn 0.263136613 -0.786699801 -0.558446547
vn 0.549911128 -0.829735054 0.095590230
vn 0.745551814 -0.540556672 -0.389808899
vn 0.549911128 -0.829735054 0.095590230
vn 0.263136613 -0.786699801 -0.558446547
vn 0.090198245 -0.995898185 -0.007147099
vn 0.745551814 -0.540556672 -0.389808899
vn 0.948776254 -0.255268991 0.186175622
vn 0.957149148 0.053681341 -0.284576568
vn 0.948776254 -0.255268991 0.186175622
vn 0.745551814 -0.540556672 -0.389808899
vn 0.549911128 -0.829735054 0.095590230
vn 0.278097496 -0.914828114 0.292833236
vn 0.032000520 -0.991397195 -0.126915594
vn 0.807447807 -0.585096487 0.075433017
vn 0.032000520 -0.991397195 -0.126915594
vn 0.278097496 -0.914828114 0.292833236
vn 0.199667232 -0.912873230 0.356083504
vn 0.032000520 -0.991397195 -0.126915594
vn -0.148714096 0.124469516 -0.981015523
vn 0.807447807 -0.585096487 0.075433017
vn -0.148714096 0.124469516 -0.981015523
vn 0.032000520 -0.991397195 -0.126915594
vn -0.336591438 -0.722898536 -0.603426806
vn -0.336591438 -0.722898536 -0.603426806
vn -0.276266775 -0.760834507 -0.587203135
vn -0.148714096 0.124469516 -0.981015523
vn 0.421184198 0.495227209 0.759838064
vn 0.832379930 0.517367460 -0.198682065
vn 0.274563036 0.809705523 -0.518644487
vn 0.832379930 0.517367460 -0.198682065
vn 0.421184198 0.495227209 0.759838064
vn 0.170900522 0.765732617 0.620037556
vn 0.211878212 -0.945467027 0.247385782
vn 0.199667232 -0.912873230 0.356083504
vn 0.278097496 -0.914828114 0.292833236
vn 0.199667232 -0.912873230 0.356083504
vn 0.211878212 -0.945467027 0.247385782
vn 0.199270655 -0.942626438 0.267855566
vn 0.591945546 -0.096044858 -0.800234875
vn 0.957149148 0.053681341 -0.284576568
vn 0.950558279 0.198531732 -0.238797215
vn 0.957149148 0.053681341 -0.284576568
vn 0.591945546 -0.096044858 -0.800234875
vn 0.745551814 -0.540556672 -0.389808899
vn 0.963403615 0.219918854 0.153261776
vn 0.948776254 -0.255268991 0.186175622
vn 0.962229925 0.002736131 0.272224330
vn 0.962229925 0.002736131 0.272224330
vn 0.757730264 -0.518060450 0.396810052
vn 0.807447807 -0.585096487 0.075433017
vn 0.807447807 -0.585096487 0.075433017
vn 0.356424952 -0.869350088 0.342332701
vn 0.278097496 -0.914828114 0.292833236
vn 0.356424952 -0.869350088 0.342332701
vn 0.807447807 -0.585096487 0.075433017
vn 0.757730264 -0.518060450 0.396810052
vn 0.278097496 -0.914828114 0.292833236
vn 0.158261234 -0.970974534 0.179337214
vn 0.211878212 -0.945467027 0.247385782
vn 0.059806116 -0.978908968 -0.195347027
vn 0.158261234 -0.970974534 0.179337214
vn 0.090198245 -0.995898185 -0.007147099
vn 0.034929141 -0.842698250 -0.537251910
vn 0.090198245 -0.995898185 -0.007147099
vn 0.263136613 -0.786699801 -0.558446547
vn 0.090198245 -0.995898185 -0.007147099
vn 0.034929141 -0.842698250 -0.537251910
vn 0.059806116 -0.978908968 -0.195347027
vn 0.591945546 -0.096044858 -0.800234875
vn 0.263136613 -0.786699801 -0.558446547
vn 0.745551814 -0.540556672 -0.389808899
vn 0.948776254 -0.255268991 0.186175622
vn 0.963403615 0.219918854 0.153261776
vn 0.957149148 0.053681341 -0.284576568
vn 0.944386197 0.287998680 0.158718215
vn 0.963403615 0.219918854 0.153261776
vn 0.962229925 0.002736131 0.272224330
vn 0.957149148 0.053681341 -0.284576568
vn 0.963403615 0.219918854 0.153261776
vn 0.950558279 0.198531732 -0.238797215
vn 0.192023622 -0.974195581 0.118616605
vn 0.133779067 -0.892342062 -0.431078654
vn 0.036918101 -0.995090990 0.091820347
vn 0.439753930 0.137925089 0.887464451
vn 0.032631626 -0.189514306 0.981335572
vn -0.105530877 0.026037900 0.994075079
vn 0.439753930 0.137925089 0.887464451
vn 0.887829887 0.168703136 0.428132389
vn 0.550128867 -0.210011798 0.808240852
vn 0.845606479 0.487037736 0.218503835
vn 0.511045274 0.859358703 -0.018312487
vn 0.400912887 0.887203855 -0.228337859
vn 0.511045274 0.859358703 -0.018312487
vn 0.845606479 0.487037736 0.218503835
vn 0.651573111 0.681143166 0.333910869
vn -0.302013432 0.953034950 -0.022633425
vn 0.044364950 0.998514918 0.031618179
vn -0.173450288 0.983776246 0.045818076
vn 0.044364950 0.998514918 0.031618179
vn -0.302013432 0.953034950 -0.022633425
vn -0.273505015 0.955562028 -0.109982802
vn 0.308057194 -0.828580517 0.467498762
vn 0.296941650 -0.938089633 -0.178363386
vn 0.950203649 0.052336759 -0.307203336
vn 0.296941650 -0.938089633 -0.178363386
vn 0.308057194 -0.828580517 0.467498762
vn 0.162483474 -0.913276682 0.373530218
vn -0.105530877 0.026037900 0.994075079
vn 0.039159487 0.459007098 0.887569163
vn 0.439753930 0.137925089 0.887464451
vn 0.039159487 0.459007098 0.887569163
vn -0.105530877 0.026037900 0.994075079
vn -0.347438438 0.429165466 0.833728694
vn 0.296941650 -0.938089633 -0.178363386
vn 0.495413635 0.274730401 -0.824068284
vn 0.950203649 0.052336759 -0.307203336
vn 0.495413635 0.274730401 -0.824068284
vn 0.296941650 -0.938089633 -0.178363386
vn 0.068266424 0.033012380 -0.997120794
vn 0.362739299 -0.662862806 0.655006184
vn 0.166299882 -0.389185763 0.906023615
vn 0.550128867 -0.210011798 0.808240852
vn -0.312874099 0.947889609 0.060125604
vn -0.220198844 0.975454253 -0.001212099
vn -0.237604487 0.939705595 0.245962399
vn -0.220198844 0.975454253 -0.001212099
vn -0.312874099 0.947889609 0.060125604
vn -0.306902770 0.951376504 0.026333204
vn 0.578928564 0.815356958 0.005894718
vn -0.199844862 0.820720467 -0.535238214
vn 0.368270311 0.929454693 0.022157429
vn 0.117410828 0.517100787 0.847833400
vn 0.421184198 0.495227209 0.759838064
vn 0.307555357 0.072401150 0.948771719
vn -0.070433085 0.684059576 -0.726017684
vn -0.276266775 -0.760834507 -0.587203135
vn -0.166043153 -0.872804560 -0.458957374
vn 0.307555357 0.072401150 0.948771719
vn 0.421184198 0.495227209 0.759838064
vn 0.270262817 -0.116828760 0.955672041
vn -0.069717871 -0.908265852 0.412544010
vn 0.307555357 0.072401150 0.948771719
vn 0.270262817 -0.116828760 0.955672041
vn 0.263136613 -0.786699801 -0.558446547
vn 0.591945546 -0.096044858 -0.800234875
vn 0.207050456 -0.473812197 -0.855939315
vn 0.059806116 -0.978908968 -0.195347027
vn 0.359950192 -0.898701821 -0.250541206
vn 0.288994743 -0.957045670 0.023358578
vn 0.359950192 -0.898701821 -0.250541206
vn 0.059806116 -0.978908968 -0.195347027
vn 0.034929141 -0.842698250 -0.537251910
vn 0.158261234 -0.970974534 0.179337214
vn 0.059806116 -0.978908968 -0.195347027
vn 0.288994743 -0.957045670 0.023358578
vn 0.263136613 -0.786699801 -0.558446547
vn 0.207050456 -0.473812197 -0.855939315
vn 0.034929141 -0.842698250 -0.537251910
vn 0.158261234 -0.970974534 0.179337214
vn 0.288994743 -0.957045670 0.023358578
vn 0.211878212 -0.945467027 0.247385782
vn 0.158261234 -0.970974534 0.179337214
vn 0.278097496 -0.914828114 0.292833236
vn 0.356424952 -0.869350088 0.342332701
vn 0.757730264 -0.518060450 0.396810052
vn 0.962229925 0.002736131 0.272224330
vn 0.948776254 -0.255268991 0.186175622
vn 0.775566085 0.422042995 -0.469443243
vn 0.832379930 0.517367460 -0.198682065
vn 0.979908066 0.185704343 0.072760421
vn -0.276266775 -0.760834507 -0.587203135
vn -0.097689368 0.632765663 -0.768156497
vn -0.148714096 0.124469516 -0.981015523
vn -0.097689368 0.632765663 -0.768156497
vn 0.274563036 0.809705523 -0.518644487
vn -0.148714096 0.124469516 -0.981015523
vn 0.274563036 0.809705523 -0.518644487
vn -0.097689368 0.632765663 -0.768156497
vn 0.164472940 0.984129828 -0.066611813
vn 0.341895889 0.726364452 0.596239787
vn 0.228765572 0.100046350 0.968326929
vn 0.164472940 0.984129828 -0.066611813
vn 0.421184198 0.495227209 0.759838064
vn 0.228765572 0.100046350 0.968326929
vn 0.270262817 -0.116828760 0.955672041
vn 0.228765572 0.100046350 0.968326929
vn 0.183241068 -0.600398337 0.778424401
vn 0.270262817 -0.116828760 0.955672041
vn 0.183241068 -0.600398337 0.778424401
vn 0.228765572 0.100046350 0.968326929
vn 0.341895889 0.726364452 0.596239787
vn 0.170900522 0.765732617 0.620037556
vn -0.237604487 0.939705595 0.245962399
vn 0.126016934 0.979806278 0.155239783
vn -0.237604487 0.939705595 0.245962399
vn 0.170900522 0.765732617 0.620037556
vn 0.117410828 0.517100787 0.847833400
vn -0.068664738 -0.899296156 0.431916170
vn 0.199667232 -0.912873230 0.356083504
vn 0.308057194 -0.828580517 0.467498762
vn 0.162483474 -0.913276682 0.373530218
vn 0.199667232 -0.912873230 0.356083504
vn 0.199270655 -0.942626438 0.267855566
vn 0.445749409 -0.891634782 -0.079340287
vn 0.788852867 -0.612794474 -0.046841079
vn 0.652981586 -0.678920608 0.335681182
vn 0.652981586 -0.678920608 0.335681182
vn 0.990187234 -0.004635042 0.139670179
vn 0.887813714 0.108587301 0.447208685
vn 0.990187234 -0.004635042 0.139670179
vn 0.652981586 -0.678920608 0.335681182
vn 0.788852867 -0.612794474 -0.046841079
vn 0.923345458 0.352601844 0.152003636
vn 0.887813714 0.108587301 0.447208685
vn 0.990187234 -0.004635042 0.139670179
vn 0.887813714 0.108587301 0.447208685
vn 0.923345458 0.352601844 0.152003636
vn 0.718118084 0.658202544 0.225999620
vn 0.232611302 -0.965764217 0.114854077
vn 0.445749409 -0.891634782 -0.079340287
vn 0.652981586 -0.678920608 0.335681182
vn 0.445749409 -0.891634782 -0.079340287
vn 0.232611302 -0.965764217 0.114854077
vn 0.359950192 -0.898701821 -0.250541206
vn 0.034929141 -0.842698250 -0.537251910
vn 0.445749409 -0.891634782 -0.079340287
vn 0.359950192 -0.898701821 -0.250541206
vn 0.445749409 -0.891634782 -0.079340287
vn 0.034929141 -0.842698250 -0.537251910
vn 0.207050456 -0.473812197 -0.855939315
vn 0.944386197 0.287998680 0.158718215
vn 0.990187234 -0.004635042 0.139670179
vn 0.950558279 0.198531732 -0.238797215
vn 0.990187234 -0.004635042 0.139670179
vn 0.944386197 0.287998680 0.158718215
vn 0.976270532 0.184742358 0.112987207
vn 0.063294354 -0.997582228 -0.028697098
vn 0.152093462 -0.829368217 0.537602027
vn 0.099762021 -0.931210210 0.350563953
vn -0.450965343 -0.892485243 0.010017515
vn 0.010061464 -0.996967485 -0.077166065
vn -0.602131174 -0.735703089 -0.310127417
vn 0.010061464 -0.996967485 -0.077166065
vn -0.450965343 -0.892485243 0.010017515
vn 0.028193597 -0.971028194 0.237295950
vn -0.715881667 0.370727944 0.591670712
vn -0.589579741 0.574719595 0.567532480
vn -0.437888744 0.709418590 0.552248777
vn -0.589579741 0.574719595 0.567532480
vn -0.715881667 0.370727944 0.591670712
vn -0.373101770 -0.107482275 0.921543613
vn -0.960317328 0.258488814 0.104757642
vn -0.543634158 0.823058607 0.164427590
vn -0.983338351 0.166652706 -0.072612421
vn -0.543634158 0.823058607 0.164427590
vn -0.960317328 0.258488814 0.104757642
vn -0.394272489 0.857330025 0.330959865
vn -0.828468209 -0.559326344 -0.028186294
vn -0.960317328 0.258488814 0.104757642
vn -0.983338351 0.166652706 -0.072612421
vn -0.960317328 0.258488814 0.104757642
vn -0.828468209 -0.559326344 -0.028186294
vn -0.965443096 -0.253273788 0.061416746
vn -0.137999014 -0.990035737 0.028026989
vn -0.520056408 -0.854002112 0.014890429
vn -0.828468209 -0.559326344 -0.028186294
vn -0.520056408 -0.854002112 0.014890429
vn -0.137999014 -0.990035737 0.028026989
vn -0.042202916 -0.999075795 -0.008152953
vn 0.028193597 -0.971028194 0.237295950
vn 0.458356330 -0.881851689 0.110666494
vn 0.010061464 -0.996967485 -0.077166065
vn 0.458356330 -0.881851689 0.110666494
vn 0.028193597 -0.971028194 0.237295950
vn 0.300344274 -0.926960651 0.224804956
vn -0.394272489 0.857330025 0.330959865
vn -0.241903015 0.957128011 0.159338954
vn -0.543634158 0.823058607 0.164427590
vn -0.241903015 0.957128011 0.159338954
vn -0.394272489 0.857330025 0.330959865
vn -0.142473843 0.953261116 0.266447836
vn -0.427135850 0.903023800 -0.045858290
vn -0.306902770 0.951376504 0.026333204
vn -0.356935233 0.932649613 -0.052554144
vn -0.306902770 0.951376504 0.026333204
vn -0.427135850 0.903023800 -0.045858290
vn -0.302013432 0.953034950 -0.022633425
vn 0.076466235 -0.994449475 0.072271409
vn -0.751608764 -0.647280462 -0.126934118
vn -0.892599866 -0.449331790 -0.036965139
vn -0.751608764 -0.647280462 -0.126934118
vn 0.076466235 -0.994449475 0.072271409
vn 0.303056018 -0.949556760 0.080616434
vn -0.751608764 -0.647280462 -0.126934118
vn 0.141735595 -0.980295753 -0.137590906
vn -0.859061375 -0.455275592 -0.233960873
vn 0.141735595 -0.980295753 -0.137590906
vn -0.751608764 -0.647280462 -0.126934118
vn 0.303056018 -0.949556760 0.080616434
vn 0.983620017 -0.090002773 -0.156176702
vn 0.402399264 0.902497244 -0.153536824
vn 0.999667546 -0.007508144 0.024666297
vn 0.402399264 0.902497244 -0.153536824
vn 0.983620017 -0.090002773 -0.156176702
vn 0.128621816 0.943062786 -0.306739321
vn 0.999667546 -0.007508144 0.024666297
vn 0.693678527 0.720279057 -0.002860400
vn 0.994776411 -0.089059358 0.049883096
vn 0.693678527 0.720279057 -0.002860400
vn 0.999667546 -0.007508144 0.024666297
vn 0.402399264 0.902497244 -0.153536824
vn 0.402399264 0.902497244 -0.153536824
vn -0.724343665 0.670531312 -0.160355901
vn -0.818616776 0.464502039 -0.337793471
vn -0.724343665 0.670531312 -0.160355901
vn 0.402399264 0.902497244 -0.153536824
vn 0.128621816 0.943062786 -0.306739321
vn 0.402399264 0.902497244 -0.153536824
vn -0.825556142 0.561687989 -0.054439503
vn 0.693678527 0.720279057 -0.002860400
vn -0.825556142 0.561687989 -0.054439503
vn 0.402399264 0.902497244 -0.153536824
vn -0.818616776 0.464502039 -0.337793471
vn -0.724343665 0.670531312 -0.160355901
vn -0.751608764 -0.647280462 -0.126934118
vn -0.818616776 0.464502039 -0.337793471
vn -0.751608764 -0.647280462 -0.126934118
vn -0.724343665 0.670531312 -0.160355901
vn -0.892599866 -0.449331790 -0.036965139
vn -0.818616776 0.464502039 -0.337793471
vn -0.859061375 -0.455275592 -0.233960873
vn -0.825556142 0.561687989 -0.054439503
vn -0.859061375 -0.455275592 -0.233960873
vn -0.818616776 0.464502039 -0.337793471
vn -0.751608764 -0.647280462 -0.126934118
vn -0.831583688 -0.056867583 -0.552480450
vn 0.011656294 0.839279113 -0.543575847
vn -0.813024986 0.461829222 -0.354547799
vn 0.011656294 0.839279113 -0.543575847
vn -0.831583688 -0.056867583 -0.552480450
vn 0.345800557 0.368456785 -0.862937757
vn 0.000666207 -0.972313667 -0.233678604
vn -0.706359478 -0.657382586 -0.262496521
vn -0.791926345 -0.603384119 -0.093703090
vn -0.706359478 -0.657382586 -0.262496521
vn 0.000666207 -0.972313667 -0.233678604
vn -0.025576100 -0.981694969 -0.188734867
vn -0.025576100 -0.981694969 -0.188734867
vn -0.794864559 -0.606452978 -0.020127541
vn -0.706359478 -0.657382586 -0.262496521
vn -0.794864559 -0.606452978 -0.020127541
vn -0.025576100 -0.981694969 -0.188734867
vn 0.203923342 -0.949829351 0.237148636
vn 0.990965929 0.129644162 0.034335383
vn 0.408238442 0.912071309 0.038305373
vn 0.982234295 0.187227353 -0.012716473
vn 0.408238442 0.912071309 0.038305373
vn 0.990965929 0.129644162 0.034335383
vn 0.150579513 0.957231842 0.247048601
vn 0.982234295 0.187227353 -0.012716473
vn 0.565007946 0.783433202 0.258840568
vn 0.960528876 0.222919464 0.166406701
vn 0.565007946 0.783433202 0.258840568
vn 0.982234295 0.187227353 -0.012716473
vn 0.408238442 0.912071309 0.038305373
vn 0.150579513 0.957231842 0.247048601
vn -0.753359242 0.654404156 -0.064846389
vn 0.408238442 0.912071309 0.038305373
vn -0.753359242 0.654404156 -0.064846389
vn 0.150579513 0.957231842 0.247048601
vn -0.843519744 0.530199407 0.085808101
vn 0.408238442 0.912071309 0.038305373
vn -0.810648300 0.585519577 -0.004019739
vn 0.565007946 0.783433202 0.258840568
vn -0.810648300 0.585519577 -0.004019739
vn 0.408238442 0.912071309 0.038305373
vn -0.753359242 0.654404156 -0.064846389
vn -0.843519744 0.530199407 0.085808101
vn -0.706359478 -0.657382586 -0.262496521
vn -0.753359242 0.654404156 -0.064846389
vn -0.706359478 -0.657382586 -0.262496521
vn -0.843519744 0.530199407 0.085808101
vn -0.791926345 -0.603384119 -0.093703090
vn -0.753359242 0.654404156 -0.064846389
vn -0.794864559 -0.606452978 -0.020127541
vn -0.810648300 0.585519577 -0.004019739
vn -0.794864559 -0.606452978 -0.020127541
vn -0.753359242 0.654404156 -0.064846389
vn -0.706359478 -0.657382586 -0.262496521
vn -0.892599866 -0.449331790 -0.036965139
vn -0.520056408 -0.854002112 0.014890429
vn 0.076466235 -0.994449475 0.072271409
vn -0.520056408 -0.854002112 0.014890429
vn -0.892599866 -0.449331790 -0.036965139
vn -0.989693362 -0.137063568 0.041480447
vn -0.042202916 -0.999075795 -0.008152953
vn 0.133779067 -0.892342062 -0.431078654
vn 0.983620017 -0.090002773 -0.156176702
vn -0.394272489 0.857330025 0.330959865
vn -0.907274361 0.420198522 -0.016924435
vn -0.292408331 0.952581661 -0.084175692
vn -0.907274361 0.420198522 -0.016924435
vn -0.394272489 0.857330025 0.330959865
vn -0.960317328 0.258488814 0.104757642
vn -0.292408331 0.952581661 -0.084175692
vn -0.729967890 0.647412874 -0.219096898
vn -0.204217824 0.875006012 -0.438930016
vn -0.729967890 0.647412874 -0.219096898
vn -0.292408331 0.952581661 -0.084175692
vn -0.907274361 0.420198522 -0.016924435
vn -0.204217824 0.875006012 -0.438930016
vn -0.729967890 0.647412874 -0.219096898
vn 0.128621816 0.943062786 -0.306739321
vn 0.000666207 -0.972313667 -0.233678604
vn -0.859061375 -0.455275592 -0.233960873
vn 0.141735595 -0.980295753 -0.137590906
vn -0.859061375 -0.455275592 -0.233960873
vn 0.000666207 -0.972313667 -0.233678604
vn -0.791926345 -0.603384119 -0.093703090
vn -0.791926345 -0.603384119 -0.093703090
vn -0.825556142 0.561687989 -0.054439503
vn -0.859061375 -0.455275592 -0.233960873
vn -0.825556142 0.561687989 -0.054439503
vn -0.791926345 -0.603384119 -0.093703090
vn -0.843519744 0.530199407 0.085808101
vn -0.825556142 0.561687989 -0.054439503
vn 0.150579513 0.957231842 0.247048601
vn 0.693678527 0.720279057 -0.002860400
vn 0.150579513 0.957231842 0.247048601
vn -0.825556142 0.561687989 -0.054439503
vn -0.843519744 0.530199407 0.085808101
vn 0.693678527 0.720279057 -0.002860400
vn 0.990965929 0.129644162 0.034335383
vn 0.994776411 -0.089059358 0.049883096
vn 0.990965929 0.129644162 0.034335383
vn 0.693678527 0.720279057 -0.002860400
vn 0.150579513 0.957231842 0.247048601
vn -0.960317328 0.258488814 0.104757642
vn -0.989693362 -0.137063568 0.041480447
vn -0.907274361 0.420198522 -0.016924435
vn -0.989693362 -0.137063568 0.041480447
vn -0.960317328 0.258488814 0.104757642
vn -0.965443096 -0.253273788 0.061416746
vn -0.907274361 0.420198522 -0.016924435
vn -0.892599866 -0.449331790 -0.036965139
vn -0.729967890 0.647412874 -0.219096898
vn -0.892599866 -0.449331790 -0.036965139
vn -0.907274361 0.420198522 -0.016924435
vn -0.989693362 -0.137063568 0.041480447
vn -0.729967890 0.647412874 -0.219096898
vn -0.892599866 -0.449331790 -0.036965139
vn -0.724343665 0.670531312 -0.160355901
vn -0.569837939 0.802147139 -0.178450807
vn -0.427135850 0.903023800 -0.045858290
vn -0.769037315 0.535168467 -0.349537294
vn -0.876730314 -0.224788255 -0.425222526
vn -0.814535366 -0.368838498 -0.447761433
vn -0.725162892 -0.553139452 -0.410092096
vn -0.608542316 -0.277997724 -0.743231805
vn -0.177354321 -0.922920325 -0.341706773
vn -0.725162892 -0.553139452 -0.410092096
vn -0.177354321 -0.922920325 -0.341706773
vn -0.608542316 -0.277997724 -0.743231805
vn 0.081956498 -0.252318303 -0.964167312
vn -0.177354321 -0.922920325 -0.341706773
vn 0.565499364 -0.379941350 -0.732021201
vn 0.222210094 -0.964598829 -0.142027367
vn 0.565499364 -0.379941350 -0.732021201
vn -0.177354321 -0.922920325 -0.341706773
vn 0.081956498 -0.252318303 -0.964167312
vn 0.672332581 -0.721604380 -0.165093970
vn 0.620658962 0.713461625 -0.325199882
vn 0.587313582 0.706526240 -0.394820755
vn 0.492842153 -0.800202955 -0.341733584
vn 0.684382454 -0.188303687 -0.704387945
vn -0.308633220 -0.913091122 0.266477276
vn 0.684382454 -0.188303687 -0.704387945
vn 0.492842153 -0.800202955 -0.341733584
vn 0.587313582 0.706526240 -0.394820755
vn -0.106966059 0.991303514 -0.076652493
vn 0.587313582 0.706526240 -0.394820755
vn 0.620658962 0.713461625 -0.325199882
vn 0.587313582 0.706526240 -0.394820755
vn -0.106966059 0.991303514 -0.076652493
vn -0.733247279 0.673803409 0.091309331
vn 0.587313582 0.706526240 -0.394820755
vn -0.415205897 0.870104277 -0.265560935
vn 0.684382454 -0.188303687 -0.704387945
vn -0.415205897 0.870104277 -0.265560935
vn 0.587313582 0.706526240 -0.394820755
vn -0.733247279 0.673803409 0.091309331
vn -0.839213368 0.392180561 0.376716513
vn -0.106966059 0.991303514 -0.076652493
vn -0.055682871 0.767060413 -0.639153925
vn -0.106966059 0.991303514 -0.076652493
vn -0.839213368 0.392180561 0.376716513
vn -0.909636412 0.004690379 0.415378862
vn -0.733247279 0.673803409 0.091309331
vn -0.877313984 -0.410333038 -0.248891486
vn -0.415205897 0.870104277 -0.265560935
vn -0.877313984 -0.410333038 -0.248891486
vn -0.733247279 0.673803409 0.091309331
vn -0.734570484 -0.626979552 0.259427919
vn -0.217554566 -0.938167238 0.269280977
vn 0.492842153 -0.800202955 -0.341733584
vn -0.734570484 -0.626979552 0.259427919
vn -0.734570484 -0.626979552 0.259427919
vn -0.308633220 -0.913091122 0.266477276
vn -0.877313984 -0.410333038 -0.248891486
vn -0.308633220 -0.913091122 0.266477276
vn -0.734570484 -0.626979552 0.259427919
vn 0.492842153 -0.800202955 -0.341733584
vn -0.106768685 -0.550743087 0.827817915
vn 0.161441240 0.760190599 0.629322635
vn 0.063378869 -0.869526700 0.489802446
vn 0.161441240 0.760190599 0.629322635
vn -0.106768685 -0.550743087 0.827817915
vn -0.050989290 0.915354204 0.399408028
vn 0.063378869 -0.869526700 0.489802446
vn -0.109188879 0.835893988 0.537921026
vn -0.139995139 -0.971243675 0.192580072
vn -0.109188879 0.835893988 0.537921026
vn 0.063378869 -0.869526700 0.489802446
vn 0.161441240 0.760190599 0.629322635
vn -0.050989290 0.915354204 0.399408028
vn 0.215959453 0.831740815 -0.511437905
vn 0.161441240 0.760190599 0.629322635
vn 0.215959453 0.831740815 -0.511437905
vn -0.050989290 0.915354204 0.399408028
vn -0.032554994 0.493214351 -0.869298439
vn 0.161441240 0.760190599 0.629322635
vn 0.113124773 0.935478243 -0.334788354
vn -0.109188879 0.835893988 0.537921026
vn 0.113124773 0.935478243 -0.334788354
vn 0.161441240 0.760190599 0.629322635
vn 0.215959453 0.831740815 -0.511437905
vn -0.032554994 0.493214351 -0.869298439
vn 0.089049942 -0.823590709 -0.560150383
vn 0.215959453 0.831740815 -0.511437905
vn 0.089049942 -0.823590709 -0.560150383
vn -0.032554994 0.493214351 -0.869298439
vn -0.044507129 -0.900294336 -0.433000258
vn 0.215959453 0.831740815 -0.511437905
vn 0.132755727 -0.626828021 -0.767764645
vn 0.113124773 0.935478243 -0.334788354
vn 0.132755727 -0.626828021 -0.767764645
vn 0.215959453 0.831740815 -0.511437905
vn 0.089049942 -0.823590709 -0.560150383
vn -0.044507129 -0.900294336 -0.433000258
vn 0.063378869 -0.869526700 0.489802446
vn 0.089049942 -0.823590709 -0.560150383
vn 0.063378869 -0.869526700 0.489802446
vn -0.044507129 -0.900294336 -0.433000258
vn -0.106768685 -0.550743087 0.827817915
vn 0.089049942 -0.823590709 -0.560150383
vn -0.139995139 -0.971243675 0.192580072
vn 0.132755727 -0.626828021 -0.767764645
vn -0.139995139 -0.971243675 0.192580072
vn 0.089049942 -0.823590709 -0.560150383
vn 0.063378869 -0.869526700 0.489802446
vn 0.478316655 -0.869854578 0.120690474
vn 0.168607921 0.985558003 0.015709604
vn 0.641160933 -0.586112427 -0.495363383
vn 0.168607921 0.985558003 0.015709604
vn 0.478316655 -0.869854578 0.120690474
vn -0.214070341 0.941332434 0.260896796
vn -0.304942008 0.723563593 0.619246396
vn 0.997031340 -0.033370130 0.069389781
vn 0.620128701 -0.209728110 0.755946106
vn 0.997031340 -0.033370130 0.069389781
vn -0.304942008 0.723563593 0.619246396
vn -0.102676542 0.206529010 -0.973038178
vn 0.018707032 0.982430955 -0.185686470
vn -0.080138512 0.936720695 0.340781688
vn -0.231029557 0.819937842 0.523762617
vn -0.080138512 0.936720695 0.340781688
vn 0.018707032 0.982430955 -0.185686470
vn -0.143634515 0.987073715 0.071095761
vn 0.018707032 0.982430955 -0.185686470
vn 0.335411127 -0.839526419 -0.427428086
vn -0.143634515 0.987073715 0.071095761
vn 0.335411127 -0.839526419 -0.427428086
vn 0.018707032 0.982430955 -0.185686470
vn 0.086095390 -0.841761316 -0.532940400
vn -0.114346447 -0.986229088 0.119486720
vn 0.335411127 -0.839526419 -0.427428086
vn 0.086095390 -0.841761316 -0.532940400
vn 0.335411127 -0.839526419 -0.427428086
vn -0.114346447 -0.986229088 0.119486720
vn 0.280082067 -0.958082583 -0.060264418
vn -0.877313984 -0.410333038 -0.248891486
vn -0.106768685 -0.550743087 0.827817915
vn -0.044507129 -0.900294336 -0.433000258
vn -0.106768685 -0.550743087 0.827817915
vn -0.877313984 -0.410333038 -0.248891486
vn -0.308633220 -0.913091122 0.266477276
vn -0.308633220 -0.913091122 0.266477276
vn -0.050989290 0.915354204 0.399408028
vn -0.106768685 -0.550743087 0.827817915
vn -0.050989290 0.915354204 0.399408028
vn -0.308633220 -0.913091122 0.266477276
vn 0.684382454 -0.188303687 -0.704387945
vn -0.415205897 0.870104277 -0.265560935
vn -0.050989290 0.915354204 0.399408028
vn 0.684382454 -0.188303687 -0.704387945
vn -0.050989290 0.915354204 0.399408028
vn -0.415205897 0.870104277 -0.265560935
vn -0.032554994 0.493214351 -0.869298439
vn -0.032554994 0.493214351 -0.869298439
vn -0.877313984 -0.410333038 -0.248891486
vn -0.044507129 -0.900294336 -0.433000258
vn -0.877313984 -0.410333038 -0.248891486
vn -0.032554994 0.493214351 -0.869298439
vn -0.415205897 0.870104277 -0.265560935
vn -0.773854864 -0.031183254 0.632594857
vn -0.205983492 -0.822636193 0.529943861
vn -0.217554566 -0.938167238 0.269280977
vn -0.205983492 -0.822636193 0.529943861
vn -0.373101770 -0.107482275 0.921543613
vn -0.064358067 -0.669727566 0.739812832
vn -0.373101770 -0.107482275 0.921543613
vn -0.205983492 -0.822636193 0.529943861
vn -0.773854864 -0.031183254 0.632594857
vn -0.769037315 0.535168467 -0.349537294
vn -0.356935233 0.932649613 -0.052554144
vn -0.606744586 0.761137235 -0.229196678
vn -0.356935233 0.932649613 -0.052554144
vn -0.769037315 0.535168467 -0.349537294
vn -0.427135850 0.903023800 -0.045858290
vn -0.373101770 -0.107482275 0.921543613
vn -0.715881667 0.370727944 0.591670712
vn -0.416040071 -0.728130175 0.544735815
vn 0.027359451 -0.978327167 0.205249642
vn 0.063294354 -0.997582228 -0.028697098
vn 0.612127841 -0.648858377 -0.451976009
vn 0.063294354 -0.997582228 -0.028697098
vn 0.027359451 -0.978327167 0.205249642
vn 0.152093462 -0.829368217 0.537602027
vn 0.672332581 -0.721604380 -0.165093970
vn 0.027359451 -0.978327167 0.205249642
vn 0.612127841 -0.648858377 -0.451976009
vn -0.589579741 0.574719595 0.567532480
vn -0.386658194 0.911751317 0.138582023
vn -0.437888744 0.709418590 0.552248777
vn -0.386658194 0.911751317 0.138582023
vn -0.362476966 0.844109124 0.395082568
vn -0.437888744 0.709418590 0.552248777
vn -0.362476966 0.844109124 0.395082568
vn -0.386658194 0.911751317 0.138582023
vn -0.312874099 0.947889609 0.060125604
vn -0.773854864 -0.031183254 0.632594857
vn -0.589579741 0.574719595 0.567532480
vn -0.373101770 -0.107482275 0.921543613
vn -0.839213368 0.392180561 0.376716513
vn -0.602005963 0.780581600 0.168170110
vn -0.589579741 0.574719595 0.567532480
vn -0.055682871 0.767060413 -0.639153925
vn -0.653730160 -0.288778777 -0.699459574
vn -0.728943394 0.007932210 -0.684528018
vn -0.653730160 -0.288778777 -0.699459574
vn -0.055682871 0.767060413 -0.639153925
vn 0.518963495 -0.231259645 -0.822919113
vn -0.475355618 -0.849553802 -0.228681820
vn -0.653730160 -0.288778777 -0.699459574
vn 0.518963495 -0.231259645 -0.822919113
vn -0.840008348 -0.338735214 -0.423844818
vn -0.608542316 -0.277997724 -0.743231805
vn -0.865542499 -0.270410810 -0.421561593
vn -0.814535366 -0.368838498 -0.447761433
vn -0.876730314 -0.224788255 -0.425222526
vn -0.869880846 -0.001585813 -0.493259363
vn -0.139995139 -0.971243675 0.192580072
vn -0.231029557 0.819937842 0.523762617
vn -0.114346447 -0.986229088 0.119486720
vn -0.231029557 0.819937842 0.523762617
vn -0.139995139 -0.971243675 0.192580072
vn -0.109188879 0.835893988 0.537921026
vn -0.139995139 -0.971243675 0.192580072
vn 0.086095390 -0.841761316 -0.532940400
vn 0.132755727 -0.626828021 -0.767764645
vn 0.086095390 -0.841761316 -0.532940400
vn -0.139995139 -0.971243675 0.192580072
vn -0.114346447 -0.986229088 0.119486720
vn 0.132755727 -0.626828021 -0.767764645
vn 0.018707032 0.982430955 -0.185686470
vn 0.113124773 0.935478243 -0.334788354
vn 0.018707032 0.982430955 -0.185686470
vn 0.132755727 -0.626828021 -0.767764645
vn 0.086095390 -0.841761316 -0.532940400
vn 0.018707032 0.982430955 -0.185686470
vn -0.109188879 0.835893988 0.537921026
vn 0.113124773 0.935478243 -0.334788354
vn -0.109188879 0.835893988 0.537921026
vn 0.018707032 0.982430955 -0.185686470
vn -0.231029557 0.819937842 0.523762617
vn -0.715881667 0.370727944 0.591670712
vn -0.905834454 -0.394965124 -0.153187772
vn -0.416040071 -0.728130175 0.544735815
vn -0.905834454 -0.394965124 -0.153187772
vn -0.715881667 0.370727944 0.591670712
vn -0.746242068 0.513648448 -0.423424195
vn -0.425078205 0.862596176 0.274292467
vn -0.746242068 0.513648448 -0.423424195
vn -0.715881667 0.370727944 0.591670712
vn -0.746242068 0.513648448 -0.423424195
vn -0.425078205 0.862596176 0.274292467
vn -0.449825633 0.817183881 -0.360371203
vn -0.143634515 0.987073715 0.071095761
vn -0.214070341 0.941332434 0.260896796
vn -0.080138512 0.936720695 0.340781688
vn -0.214070341 0.941332434 0.260896796
vn -0.143634515 0.987073715 0.071095761
vn 0.168607921 0.985558003 0.015709604
vn -0.080138512 0.936720695 0.340781688
vn 0.478316655 -0.869854578 0.120690474
vn 0.280082067 -0.958082583 -0.060264418
vn 0.478316655 -0.869854578 0.120690474
vn -0.080138512 0.936720695 0.340781688
vn -0.214070341 0.941332434 0.260896796
vn 0.478316655 -0.869854578 0.120690474
vn 0.335411127 -0.839526419 -0.427428086
vn 0.280082067 -0.958082583 -0.060264418
vn 0.335411127 -0.839526419 -0.427428086
vn 0.478316655 -0.869854578 0.120690474
vn 0.641160933 -0.586112427 -0.495363383
vn 0.641160933 -0.586112427 -0.495363383
vn -0.143634515 0.987073715 0.071095761
vn 0.335411127 -0.839526419 -0.427428086
vn -0.143634515 0.987073715 0.071095761
vn 0.641160933 -0.586112427 -0.495363383
vn 0.168607921 0.985558003 0.015709604
vn -0.114346447 -0.986229088 0.119486720
vn -0.856587698 0.410757337 0.312307421
vn -0.218929497 -0.334508220 0.916610128
vn -0.856587698 0.410757337 0.312307421
vn -0.114346447 -0.986229088 0.119486720
vn -0.231029557 0.819937842 0.523762617
vn -0.856587698 0.410757337 0.312307421
vn -0.080138512 0.936720695 0.340781688
vn -0.057014616 0.124532165 -0.990576132
vn -0.080138512 0.936720695 0.340781688
vn -0.856587698 0.410757337 0.312307421
vn -0.231029557 0.819937842 0.523762617
vn -0.080138512 0.936720695 0.340781688
vn 0.355576554 -0.698693214 0.620800376
vn -0.057014616 0.124532165 -0.990576132
vn 0.355576554 -0.698693214 0.620800376
vn -0.080138512 0.936720695 0.340781688
vn 0.280082067 -0.958082583 -0.060264418
vn 0.355576554 -0.698693214 0.620800376
vn -0.114346447 -0.986229088 0.119486720
vn -0.218929497 -0.334508220 0.916610128
vn -0.114346447 -0.986229088 0.119486720
vn 0.355576554 -0.698693214 0.620800376
vn 0.280082067 -0.958082583 -0.060264418
vn -0.218929497 -0.334508220 0.916610128
vn -0.304942008 0.723563593 0.619246396
vn 0.620128701 -0.209728110 0.755946106
vn -0.304942008 0.723563593 0.619246396
vn -0.218929497 -0.334508220 0.916610128
vn -0.856587698 0.410757337 0.312307421
vn -0.856587698 0.410757337 0.312307421
vn -0.102676542 0.206529010 -0.973038178
vn -0.304942008 0.723563593 0.619246396
vn -0.102676542 0.206529010 -0.973038178
vn -0.856587698 0.410757337 0.312307421
vn -0.057014616 0.124532165 -0.990576132
vn -0.057014616 0.124532165 -0.990576132
vn 0.997031340 -0.033370130 0.069389781
vn -0.102676542 0.206529010 -0.973038178
vn 0.997031340 -0.033370130 0.069389781
vn -0.057014616 0.124532165 -0.990576132
vn 0.355576554 -0.698693214 0.620800376
vn 0.355576554 -0.698693214 0.620800376
vn 0.620128701 -0.209728110 0.755946106
vn 0.997031340 -0.033370130 0.069389781
vn 0.620128701 -0.209728110 0.755946106
vn 0.355576554 -0.698693214 0.620800376
vn -0.218929497 -0.334508220 0.916610128
vn -0.691799198 -0.618591322 0.372503218
vn -0.334625124 -0.884467702 -0.325181352
vn -0.357144835 0.056180308 -0.932357946
vn -0.334625124 -0.884467702 -0.325181352
vn -0.691799198 -0.618591322 0.372503218
vn 0.086441406 -0.855167525 0.511093326
vn 0.664745444 0.699944649 0.261134035
vn 0.345800557 0.368456785 -0.862937757
vn 0.934853412 0.353082319 -0.037174911
vn 0.345800557 0.368456785 -0.862937757
vn 0.664745444 0.699944649 0.261134035
vn 0.011656294 0.839279113 -0.543575847
vn 0.565007946 0.783433202 0.258840568
vn -0.787179419 0.464100074 0.406152292
vn 0.664745444 0.699944649 0.261134035
vn -0.787179419 0.464100074 0.406152292
vn 0.565007946 0.783433202 0.258840568
vn -0.810648300 0.585519577 -0.004019739
vn -0.831583688 -0.056867583 -0.552480450
vn -0.787179419 0.464100074 0.406152292
vn -0.921718762 -0.333414810 0.198164298
vn -0.787179419 0.464100074 0.406152292
vn -0.831583688 -0.056867583 -0.552480450
vn -0.813024986 0.461829222 -0.354547799
vn 0.203923342 -0.949829351 0.237148636
vn -0.691799198 -0.618591322 0.372503218
vn -0.794864559 -0.606452978 -0.020127541
vn -0.691799198 -0.618591322 0.372503218
vn 0.203923342 -0.949829351 0.237148636
vn 0.086441406 -0.855167525 0.511093326
vn 0.345800557 0.368456785 -0.862937757
vn 0.974786142 0.090356710 0.204028534
vn 0.934853412 0.353082319 -0.037174911
vn 0.974786142 0.090356710 0.204028534
vn 0.345800557 0.368456785 -0.862937757
vn 0.150870635 0.210729305 -0.965831875
vn 0.345800557 0.368456785 -0.862937757
vn -0.357144835 0.056180308 -0.932357946
vn 0.150870635 0.210729305 -0.965831875
vn -0.357144835 0.056180308 -0.932357946
vn 0.345800557 0.368456785 -0.862937757
vn -0.831583688 -0.056867583 -0.552480450
vn -0.831583688 -0.056867583 -0.552480450
vn -0.691799198 -0.618591322 0.372503218
vn -0.357144835 0.056180308 -0.932357946
vn -0.691799198 -0.618591322 0.372503218
vn -0.831583688 -0.056867583 -0.552480450
vn -0.921718762 -0.333414810 0.198164298
vn -0.042202916 -0.999075795 -0.008152953
vn 0.983620017 -0.090002773 -0.156176702
vn 0.076466235 -0.994449475 0.072271409
vn -0.520056408 -0.854002112 0.014890429
vn -0.042202916 -0.999075795 -0.008152953
vn 0.076466235 -0.994449475 0.072271409
vn 0.076466235 -0.994449475 0.072271409
vn 0.999667546 -0.007508144 0.024666297
vn 0.303056018 -0.949556760 0.080616434
vn 0.303056018 -0.949556760 0.080616434
vn 0.994776411 -0.089059358 0.049883096
vn 0.141735595 -0.980295753 -0.137590906
vn 0.994776411 -0.089059358 0.049883096
vn 0.303056018 -0.949556760 0.080616434
vn 0.999667546 -0.007508144 0.024666297
vn 0.141735595 -0.980295753 -0.137590906
vn 0.990965929 0.129644162 0.034335383
vn 0.000666207 -0.972313667 -0.233678604
vn 0.990965929 0.129644162 0.034335383
vn 0.141735595 -0.980295753 -0.137590906
vn 0.994776411 -0.089059358 0.049883096
vn 0.990965929 0.129644162 0.034335383
vn -0.025576100 -0.981694969 -0.188734867
vn 0.000666207 -0.972313667 -0.233678604
vn -0.025576100 -0.981694969 -0.188734867
vn 0.990965929 0.129644162 0.034335383
vn 0.982234295 0.187227353 -0.012716473
vn 0.982234295 0.187227353 -0.012716473
vn 0.203923342 -0.949829351 0.237148636
vn -0.025576100 -0.981694969 -0.188734867
vn 0.203923342 -0.949829351 0.237148636
vn 0.982234295 0.187227353 -0.012716473
vn 0.960528876 0.222919464 0.166406701
vn 0.203923342 -0.949829351 0.237148636
vn 0.974786142 0.090356710 0.204028534
vn 0.086441406 -0.855167525 0.511093326
vn 0.974786142 0.090356710 0.204028534
vn 0.203923342 -0.949829351 0.237148636
vn 0.960528876 0.222919464 0.166406701
vn 0.086441406 -0.855167525 0.511093326
vn 0.150870635 0.210729305 -0.965831875
vn -0.334625124 -0.884467702 -0.325181352
vn 0.150870635 0.210729305 -0.965831875
vn 0.086441406 -0.855167525 0.511093326
vn 0.974786142 0.090356710 0.204028534
vn 0.974786142 0.090356710 0.204028534
vn 0.960528876 0.222919464 0.166406701
vn 0.934853412 0.353082319 -0.037174911
vn 0.960528876 0.222919464 0.166406701
vn 0.664745444 0.699944649 0.261134035
vn 0.934853412 0.353082319 -0.037174911
vn 0.664745444 0.699944649 0.261134035
vn 0.960528876 0.222919464 0.166406701
vn 0.565007946 0.783433202 0.258840568
vn -0.787179419 0.464100074 0.406152292
vn 0.011656294 0.839279113 -0.543575847
vn 0.664745444 0.699944649 0.261134035
vn 0.011656294 0.839279113 -0.543575847
vn -0.787179419 0.464100074 0.406152292
vn -0.813024986 0.461829222 -0.354547799
vn -0.810648300 0.585519577 -0.004019739
vn -0.921718762 -0.333414810 0.198164298
vn -0.787179419 0.464100074 0.406152292
vn -0.921718762 -0.333414810 0.198164298
vn -0.810648300 0.585519577 -0.004019739
vn -0.794864559 -0.606452978 -0.020127541
vn -0.921718762 -0.333414810 0.198164298
vn -0.794864559 -0.606452978 -0.020127541
vn -0.691799198 -0.618591322 0.372503218
vn -0.828468209 -0.559326344 -0.028186294
vn -0.520056408 -0.854002112 0.014890429
vn -0.965443096 -0.253273788 0.061416746
vn -0.965443096 -0.253273788 0.061416746
vn -0.520056408 -0.854002112 0.014890429
vn -0.989693362 -0.137063568 0.041480447
vn 0.983620017 -0.090002773 -0.156176702
vn 0.133779067 -0.892342062 -0.431078654
vn 0.130699466 -0.122936864 -0.983770388
vn -0.709502950 -0.424016237 -0.562863922
vn -0.369394193 -0.271103218 -0.888848117
vn -0.446755824 -0.872083566 -0.199698492
vn -0.369394193 -0.271103218 -0.888848117
vn -0.709502950 -0.424016237 -0.562863922
vn -0.583816939 -0.578860212 -0.569279050
vn -0.932168426 -0.131679132 -0.337227863
vn -0.746242068 0.513648448 -0.423424195
vn -0.871016348 0.382486414 -0.308276928
vn -0.746242068 0.513648448 -0.423424195
vn -0.932168426 -0.131679132 -0.337227863
vn -0.905834454 -0.394965124 -0.153187772
vn -0.419769092 -0.408456413 0.810529005
vn 0.166299882 -0.389185763 0.906023615
vn -0.142419104 -0.650250627 0.746251245
vn 0.166299882 -0.389185763 0.906023615
vn -0.419769092 -0.408456413 0.810529005
vn 0.032631626 -0.189514306 0.981335572
vn -0.246904322 -0.967873383 0.047532840
vn 0.031590321 -0.902071348 0.430429244
vn 0.169876080 -0.967190571 0.188903460
vn -0.709502950 -0.424016237 -0.562863922
vn -0.651325656 -0.639762368 -0.408018385
vn -0.583816939 -0.578860212 -0.569279050
vn -0.651325656 -0.639762368 -0.408018385
vn -0.709502950 -0.424016237 -0.562863922
vn -0.800064228 -0.351653976 -0.486041884
vn -0.839679943 -0.304368213 -0.449775037
vn -0.800064228 -0.351653976 -0.486041884
vn -0.709502950 -0.424016237 -0.562863922
vn -0.800064228 -0.351653976 -0.486041884
vn -0.839679943 -0.304368213 -0.449775037
vn -0.936098060 0.031963471 -0.350283826
vn -0.818361143 -0.570514878 0.069266250
vn -0.575795004 -0.761693776 0.297124057
vn -0.620759768 -0.783620724 0.024410470
vn -0.575795004 -0.761693776 0.297124057
vn -0.818361143 -0.570514878 0.069266250
vn -0.788679313 -0.571831313 0.225818270
vn -0.818361143 -0.570514878 0.069266250
vn -0.926855659 -0.322232245 0.192626498
vn -0.788679313 -0.571831313 0.225818270
vn -0.871016348 0.382486414 -0.308276928
vn -0.984244048 -0.090601886 -0.151838576
vn -0.932168426 -0.131679132 -0.337227863
vn -0.984244048 -0.090601886 -0.151838576
vn -0.871016348 0.382486414 -0.308276928
vn -0.874721331 0.438804088 -0.205702613
vn -0.531724047 0.844831093 -0.059413485
vn -0.867050635 0.432264374 0.247731120
vn -0.874721331 0.438804088 -0.205702613
vn -0.867050635 0.432264374 0.247731120
vn -0.531724047 0.844831093 -0.059413485
vn -0.524223291 0.774954798 0.353036828
vn -0.839679943 -0.304368213 -0.449775037
vn -0.709502950 -0.424016237 -0.562863922
vn -0.446755824 -0.872083566 -0.199698492
vn -0.575795004 -0.761693776 0.297124057
vn 0.031590321 -0.902071348 0.430429244
vn -0.246904322 -0.967873383 0.047532840
vn -0.608850880 -0.762879052 -0.217522774
vn -0.132082269 -0.985982290 -0.101947038
vn -0.434441452 -0.809773939 -0.394368853
vn -0.583816939 -0.578860212 -0.569279050
vn -0.312043157 -0.620223728 -0.719688541
vn -0.369394193 -0.271103218 -0.888848117
vn -0.312043157 -0.620223728 -0.719688541
vn 0.068266424 0.033012380 -0.997120794
vn -0.369394193 -0.271103218 -0.888848117
vn 0.068266424 0.033012380 -0.997120794
vn -0.312043157 -0.620223728 -0.719688541
vn 0.381430458 -0.489630736 -0.784074325
vn -0.142419104 -0.650250627 0.746251245
vn 0.031590321 -0.902071348 0.430429244
vn -0.575795004 -0.761693776 0.297124057
vn -0.419769092 -0.408456413 0.810529005
vn -0.926855659 -0.322232245 0.192626498
vn -0.542083550 0.089522605 0.835542416
vn -0.926855659 -0.322232245 0.192626498
vn -0.419769092 -0.408456413 0.810529005
vn -0.788679313 -0.571831313 0.225818270
vn -0.867050635 0.432264374 0.247731120
vn -0.347438438 0.429165466 0.833728694
vn -0.542083550 0.089522605 0.835542416
vn -0.347438438 0.429165466 0.833728694
vn -0.867050635 0.432264374 0.247731120
vn -0.524223291 0.774954798 0.353036828
vn -0.575795004 -0.761693776 0.297124057
vn -0.788679313 -0.571831313 0.225818270
vn -0.419769092 -0.408456413 0.810529005
vn -0.449825633 0.817183881 -0.360371203
vn -0.871016348 0.382486414 -0.308276928
vn -0.746242068 0.513648448 -0.423424195
vn -0.871016348 0.382486414 -0.308276928
vn -0.449825633 0.817183881 -0.360371203
vn -0.488729220 0.813290540 -0.315756626
vn -0.488729220 0.813290540 -0.315756626
vn -0.874721331 0.438804088 -0.205702613
vn -0.871016348 0.382486414 -0.308276928
vn -0.874721331 0.438804088 -0.205702613
vn -0.488729220 0.813290540 -0.315756626
vn -0.531724047 0.844831093 -0.059413485
vn -0.867050635 0.432264374 0.247731120
vn -0.984244048 -0.090601886 -0.151838576
vn -0.874721331 0.438804088 -0.205702613
vn -0.984244048 -0.090601886 -0.151838576
vn -0.867050635 0.432264374 0.247731120
vn -0.926855659 -0.322232245 0.192626498
vn -0.542083550 0.089522605 0.835542416
vn -0.926855659 -0.322232245 0.192626498
vn -0.867050635 0.432264374 0.247731120
vn -0.904012276 -0.228334613 -0.361420959
vn -0.677430339 -0.729121058 -0.097317104
vn -0.697852274 -0.671469280 -0.249261329
vn -0.677430339 -0.729121058 -0.097317104
vn -0.904012276 -0.228334613 -0.361420959
vn -0.748122930 -0.445037722 0.492192552
vn -0.800064228 -0.351653976 -0.486041884
vn -0.904012276 -0.228334613 -0.361420959
vn -0.697852274 -0.671469280 -0.249261329
vn -0.904012276 -0.228334613 -0.361420959
vn -0.800064228 -0.351653976 -0.486041884
vn -0.936098060 0.031963471 -0.350283826
vn -0.936098060 0.031963471 -0.350283826
vn -0.748122930 -0.445037722 0.492192552
vn -0.904012276 -0.228334613 -0.361420959
vn -0.748122930 -0.445037722 0.492192552
vn -0.936098060 0.031963471 -0.350283826
vn -0.818361143 -0.570514878 0.069266250
vn -0.818361143 -0.570514878 0.069266250
vn -0.677430339 -0.729121058 -0.097317104
vn -0.748122930 -0.445037722 0.492192552
vn -0.677430339 -0.729121058 -0.097317104
vn -0.818361143 -0.570514878 0.069266250
vn -0.727676329 -0.667557992 -0.157649889
vn -0.727676329 -0.667557992 -0.157649889
vn -0.697852274 -0.671469280 -0.249261329
vn -0.677430339 -0.729121058 -0.097317104
vn -0.697852274 -0.671469280 -0.249261329
vn -0.727676329 -0.667557992 -0.157649889
vn -0.800064228 -0.351653976 -0.486041884
vn -0.217434653 -0.972562170 -0.082734497
vn -0.608850880 -0.762879052 -0.217522774
vn -0.620759768 -0.783620724 0.024410470
vn -0.608850880 -0.762879052 -0.217522774
vn -0.217434653 -0.972562170 -0.082734497
vn -0.132082269 -0.985982290 -0.101947038
vn -0.608850880 -0.762879052 -0.217522774
vn -0.818361143 -0.570514878 0.069266250
vn -0.620759768 -0.783620724 0.024410470
vn -0.818361143 -0.570514878 0.069266250
vn -0.608850880 -0.762879052 -0.217522774
vn -0.727676329 -0.667557992 -0.157649889
vn -0.446755824 -0.872083566 -0.199698492
vn -0.416040071 -0.728130175 0.544735815
vn -0.905834454 -0.394965124 -0.153187772
vn -0.416040071 -0.728130175 0.544735815
vn -0.446755824 -0.872083566 -0.199698492
vn -0.045919893 -0.920622048 0.387745288
vn -0.416040071 -0.728130175 0.544735815
vn -0.064358067 -0.669727566 0.739812832
vn -0.373101770 -0.107482275 0.921543613
vn -0.905834454 -0.394965124 -0.153187772
vn -0.839679943 -0.304368213 -0.449775037
vn -0.446755824 -0.872083566 -0.199698492
vn -0.839679943 -0.304368213 -0.449775037
vn -0.905834454 -0.394965124 -0.153187772
vn -0.932168426 -0.131679132 -0.337227863
vn -0.932168426 -0.131679132 -0.337227863
vn -0.936098060 0.031963471 -0.350283826
vn -0.839679943 -0.304368213 -0.449775037
vn -0.936098060 0.031963471 -0.350283826
vn -0.932168426 -0.131679132 -0.337227863
vn -0.984244048 -0.090601886 -0.151838576
vn 0.099762021 -0.931210210 0.350563953
vn -0.045919893 -0.920622048 0.387745288
vn 0.162483474 -0.913276682 0.373530218
vn -0.042202916 -0.999075795 -0.008152953
vn 0.123815550 -0.984114330 0.127234804
vn 0.036918101 -0.995090990 0.091820347
vn 0.123815550 -0.984114330 0.127234804
vn -0.042202916 -0.999075795 -0.008152953
vn -0.137999014 -0.990035737 0.028026989
vn -0.142473843 0.953261116 0.266447836
vn -0.292408331 0.952581661 -0.084175692
vn -0.073280667 0.997265594 0.009553983
vn -0.292408331 0.952581661 -0.084175692
vn -0.142473843 0.953261116 0.266447836
vn -0.394272489 0.857330025 0.330959865
vn -0.292408331 0.952581661 -0.084175692
vn 0.003570566 0.925028954 -0.379879830
vn -0.073280667 0.997265594 0.009553983
vn 0.003570566 0.925028954 -0.379879830
vn -0.292408331 0.952581661 -0.084175692
vn -0.204217824 0.875006012 -0.438930016
vn 0.003570566 0.925028954 -0.379879830
vn 0.128621816 0.943062786 -0.306739321
vn 0.103819020 0.241861724 -0.964740648
vn 0.128621816 0.943062786 -0.306739321
vn 0.003570566 0.925028954 -0.379879830
vn -0.204217824 0.875006012 -0.438930016
vn -0.425078205 0.862596176 0.274292467
vn -0.437888744 0.709418590 0.552248777
vn -0.362476966 0.844109124 0.395082568
vn 0.103819020 0.241861724 -0.964740648
vn 0.128621816 0.943062786 -0.306739321
vn 0.130699466 -0.122936864 -0.983770388
vn 0.128621816 0.943062786 -0.306739321
vn 0.983620017 -0.090002773 -0.156176702
vn 0.130699466 -0.122936864 -0.983770388
vn -0.067679862 -0.970029495 -0.233371411
vn 0.023426119 -0.999715321 -0.004526983
vn 0.026399902 -0.999087554 0.033572367
vn 0.031590321 -0.902071348 0.430429244
vn 0.362739299 -0.662862806 0.655006184
vn 0.447634736 -0.768548827 0.457116882
vn 0.362739299 -0.662862806 0.655006184
vn 0.031590321 -0.902071348 0.430429244
vn -0.142419104 -0.650250627 0.746251245
vn -0.132082269 -0.985982290 -0.101947038
vn 0.128352308 -0.988474639 -0.080271864
vn 0.023426119 -0.999715321 -0.004526983
vn 0.128352308 -0.988474639 -0.080271864
vn -0.132082269 -0.985982290 -0.101947038
vn -0.217434653 -0.972562170 -0.082734497
vn 0.232611302 -0.965764217 0.114854077
vn -0.137999014 -0.990035737 0.028026989
vn -0.225904685 -0.970463887 -0.084657649
vn -0.137999014 -0.990035737 0.028026989
vn 0.232611302 -0.965764217 0.114854077
vn 0.123815550 -0.984114330 0.127234804
vn -0.225904685 -0.970463887 -0.084657649
vn -0.828468209 -0.559326344 -0.028186294
vn -0.853266534 -0.468302053 -0.229411003
vn -0.828468209 -0.559326344 -0.028186294
vn -0.225904685 -0.970463887 -0.084657649
vn -0.137999014 -0.990035737 0.028026989
vn -0.853266534 -0.468302053 -0.229411003
vn -0.983338351 0.166652706 -0.072612421
vn -0.928905713 0.104572465 -0.355244671
vn -0.983338351 0.166652706 -0.072612421
vn -0.853266534 -0.468302053 -0.229411003
vn -0.828468209 -0.559326344 -0.028186294
vn -0.983338351 0.166652706 -0.072612421
vn -0.569837939 0.802147139 -0.178450807
vn -0.928905713 0.104572465 -0.355244671
vn -0.569837939 0.802147139 -0.178450807
vn -0.983338351 0.166652706 -0.072612421
vn -0.543634158 0.823058607 0.164427590
vn -0.543634158 0.823058607 0.164427590
vn -0.273505015 0.955562028 -0.109982802
vn -0.569837939 0.802147139 -0.178450807
vn -0.273505015 0.955562028 -0.109982802
vn -0.543634158 0.823058607 0.164427590
vn -0.241903015 0.957128011 0.159338954
vn -0.416040071 -0.728130175 0.544735815
vn -0.045919893 -0.920622048 0.387745288
vn -0.064358067 -0.669727566 0.739812832
vn -0.045919893 -0.920622048 0.387745288
vn 0.152093462 -0.829368217 0.537602027
vn -0.064358067 -0.669727566 0.739812832
vn 0.152093462 -0.829368217 0.537602027
vn -0.205983492 -0.822636193 0.529943861
vn -0.064358067 -0.669727566 0.739812832
vn -0.205983492 -0.822636193 0.529943861
vn 0.152093462 -0.829368217 0.537602027
vn 0.027359451 -0.978327167 0.205249642
vn 0.672332581 -0.721604380 -0.165093970
vn -0.205983492 -0.822636193 0.529943861
vn 0.027359451 -0.978327167 0.205249642
vn -0.205983492 -0.822636193 0.529943861
vn 0.672332581 -0.721604380 -0.165093970
vn -0.217554566 -0.938167238 0.269280977
vn -0.217554566 -0.938167238 0.269280977
vn 0.672332581 -0.721604380 -0.165093970
vn 0.492842153 -0.800202955 -0.341733584
vn -0.734570484 -0.626979552 0.259427919
vn -0.849787694 -0.269363505 0.453105040
vn -0.217554566 -0.938167238 0.269280977
vn 0.076466235 -0.994449475 0.072271409
vn 0.983620017 -0.090002773 -0.156176702
vn 0.999667546 -0.007508144 0.024666297
vn -0.246904322 -0.967873383 0.047532840
vn -0.217434653 -0.972562170 -0.082734497
vn -0.620759768 -0.783620724 0.024410470
vn 0.128352308 -0.988474639 -0.080271864
vn -0.246904322 -0.967873383 0.047532840
vn 0.169876080 -0.967190571 0.188903460
vn -0.246904322 -0.967873383 0.047532840
vn 0.128352308 -0.988474639 -0.080271864
vn -0.217434653 -0.972562170 -0.082734497
vn -0.246904322 -0.967873383 0.047532840
vn -0.620759768 -0.783620724 0.024410470
vn -0.575795004 -0.761693776 0.297124057
vn -0.357144835 0.056180308 -0.932357946
vn -0.334625124 -0.884467702 -0.325181352
vn 0.150870635 0.210729305 -0.965831875
vn -0.312043157 -0.620223728 -0.719688541
vn -0.193679855 -0.910510954 -0.365318925
vn -0.058265843 -0.954602814 -0.292127642
vn -0.434441452 -0.809773939 -0.394368853
vn -0.651325656 -0.639762368 -0.408018385
vn -0.608850880 -0.762879052 -0.217522774
vn -0.312043157 -0.620223728 -0.719688541
vn -0.583816939 -0.578860212 -0.569279050
vn -0.434441452 -0.809773939 -0.394368853
vn -0.058265843 -0.954602814 -0.292127642
vn -0.193679855 -0.910510954 -0.365318925
vn 0.057293700 -0.921975473 -0.382986500
vn 0.023426119 -0.999715321 -0.004526983
vn 0.524333697 -0.842366131 0.124472794
vn 0.498351670 -0.714904321 -0.490466538
vn 0.015048641 -0.781193920 -0.624107041
vn -0.193679855 -0.910510954 -0.365318925
vn -0.067679862 -0.970029495 -0.233371411
vn 0.506225541 -0.732191005 -0.455666582
vn -0.058265843 -0.954602814 -0.292127642
vn 0.057293700 -0.921975473 -0.382986500
vn -0.058265843 -0.954602814 -0.292127642
vn 0.506225541 -0.732191005 -0.455666582
vn 0.537568957 -0.815427904 -0.214702004
vn -0.058265843 -0.954602814 -0.292127642
vn 0.381430458 -0.489630736 -0.784074325
vn -0.312043157 -0.620223728 -0.719688541
vn -0.434441452 -0.809773939 -0.394368853
vn -0.067679862 -0.970029495 -0.233371411
vn -0.193679855 -0.910510954 -0.365318925
vn -0.434441452 -0.809773939 -0.394368853
vn -0.583816939 -0.578860212 -0.569279050
vn -0.651325656 -0.639762368 -0.408018385
vn -0.800064228 -0.351653976 -0.486041884
vn -0.608850880 -0.762879052 -0.217522774
vn -0.651325656 -0.639762368 -0.408018385
vn -0.608850880 -0.762879052 -0.217522774
vn -0.800064228 -0.351653976 -0.486041884
vn -0.727676329 -0.667557992 -0.157649889
vn -0.132082269 -0.985982290 -0.101947038
vn -0.067679862 -0.970029495 -0.233371411
vn -0.434441452 -0.809773939 -0.394368853
vn 0.447634736 -0.768548827 0.457116882
vn 0.169876080 -0.967190571 0.188903460
vn 0.031590321 -0.902071348 0.430429244
vn 0.169876080 -0.967190571 0.188903460
vn 0.447634736 -0.768548827 0.457116882
vn 0.514251835 -0.835960155 0.191613331
vn 0.169876080 -0.967190571 0.188903460
vn 0.533487154 -0.844864131 0.039950667
vn 0.128352308 -0.988474639 -0.080271864
vn 0.533487154 -0.844864131 0.039950667
vn 0.169876080 -0.967190571 0.188903460
vn 0.514251835 -0.835960155 0.191613331
vn 0.533487154 -0.844864131 0.039950667
vn 0.023426119 -0.999715321 -0.004526983
vn 0.128352308 -0.988474639 -0.080271864
vn 0.023426119 -0.999715321 -0.004526983
vn 0.533487154 -0.844864131 0.039950667
vn 0.524333697 -0.842366131 0.124472794
vn 0.026399902 -0.999087554 0.033572367
vn 0.015048641 -0.781193920 -0.624107041
vn -0.067679862 -0.970029495 -0.233371411
vn -0.928905713 0.104572465 -0.355244671
vn -0.769037315 0.535168467 -0.349537294
vn -0.876730314 -0.224788255 -0.425222526
vn -0.611418007 0.778784549 -0.140223562
vn -0.602005963 0.780581600 0.168170110
vn -0.728943394 0.007932210 -0.684528018
vn -0.869880846 -0.001585813 -0.493259363
vn -0.769037315 0.535168467 -0.349537294
vn -0.606744586 0.761137235 -0.229196678
vn -0.769037315 0.535168467 -0.349537294
vn -0.869880846 -0.001585813 -0.493259363
vn -0.876730314 -0.224788255 -0.425222526
vn -0.769037315 0.535168467 -0.349537294
vn -0.928905713 0.104572465 -0.355244671
vn -0.569837939 0.802147139 -0.178450807
vn -0.058265843 -0.954602814 -0.292127642
vn 0.537568957 -0.815427904 -0.214702004
vn 0.381430458 -0.489630736 -0.784074325
vn -0.425078205 0.862596176 0.274292467
vn -0.715881667 0.370727944 0.591670712
vn -0.437888744 0.709418590 0.552248777
vn 0.506225541 -0.732191005 -0.455666582
vn 0.015048641 -0.781193920 -0.624107041
vn 0.515563952 -0.753633703 -0.407713199
vn 0.015048641 -0.781193920 -0.624107041
vn 0.506225541 -0.732191005 -0.455666582
vn 0.057293700 -0.921975473 -0.382986500
vn 0.515563952 -0.753633703 -0.407713199
vn 0.026399902 -0.999087554 0.033572367
vn 0.533035949 -0.844886895 0.045153199
vn 0.023426119 -0.999715321 -0.004526983
vn 0.533035949 -0.844886895 0.045153199
vn 0.026399902 -0.999087554 0.033572367
vn 0.533035949 -0.844886895 0.045153199
vn 0.023426119 -0.999715321 -0.004526983
vn 0.498351670 -0.714904321 -0.490466538
vn -0.386658194 0.911751317 0.138582023
vn -0.606744586 0.761137235 -0.229196678
vn -0.356935233 0.932649613 -0.052554144
vn -0.606744586 0.761137235 -0.229196678
vn -0.386658194 0.911751317 0.138582023
vn -0.611418007 0.778784549 -0.140223562
vn -0.606744586 0.761137235 -0.229196678
vn -0.728943394 0.007932210 -0.684528018
vn -0.869880846 -0.001585813 -0.493259363
vn -0.728943394 0.007932210 -0.684528018
vn -0.606744586 0.761137235 -0.229196678
vn -0.611418007 0.778784549 -0.140223562
vn -0.728943394 0.007932210 -0.684528018
vn -0.814535366 -0.368838498 -0.447761433
vn -0.869880846 -0.001585813 -0.493259363
vn -0.814535366 -0.368838498 -0.447761433
vn -0.728943394 0.007932210 -0.684528018
vn -0.806336553 -0.342270340 -0.482361252
vn -0.806336553 -0.342270340 -0.482361252
vn -0.865542499 -0.270410810 -0.421561593
vn -0.814535366 -0.368838498 -0.447761433
vn -0.865542499 -0.270410810 -0.421561593
vn -0.806336553 -0.342270340 -0.482361252
vn -0.653730160 -0.288778777 -0.699459574
vn -0.790475156 -0.540210108 -0.288655619
vn -0.653730160 -0.288778777 -0.699459574
vn -0.475355618 -0.849553802 -0.228681820
vn -0.653730160 -0.288778777 -0.699459574
vn -0.790475156 -0.540210108 -0.288655619
vn -0.865542499 -0.270410810 -0.421561593
vn 0.528951583 -0.704356612 -0.473383550
vn 0.010061464 -0.996967485 -0.077166065
vn 0.458356330 -0.881851689 0.110666494
vn 0.010061464 -0.996967485 -0.077166065
vn 0.528951583 -0.704356612 -0.473383550
vn -0.011074788 -0.774941690 -0.631935698
vn -0.011074788 -0.774941690 -0.631935698
vn -0.602131174 -0.735703089 -0.310127417
vn 0.010061464 -0.996967485 -0.077166065
vn -0.602131174 -0.735703089 -0.310127417
vn -0.011074788 -0.774941690 -0.631935698
vn -0.516041775 -0.402678229 -0.756010007
vn 0.108769285 -0.960034307 0.257882476
vn 0.063294354 -0.997582228 -0.028697098
vn 0.099762021 -0.931210210 0.350563953
vn 0.063294354 -0.997582228 -0.028697098
vn 0.108769285 -0.960034307 0.257882476
vn -0.475355618 -0.849553802 -0.228681820
vn 0.518963495 -0.231259645 -0.822919113
vn 0.063294354 -0.997582228 -0.028697098
vn -0.475355618 -0.849553802 -0.228681820
vn 0.063294354 -0.997582228 -0.028697098
vn 0.518963495 -0.231259645 -0.822919113
vn 0.612127841 -0.648858377 -0.451976009
vn 0.612127841 -0.648858377 -0.451976009
vn 0.518963495 -0.231259645 -0.822919113
vn 0.672332581 -0.721604380 -0.165093970
vn -0.839213368 0.392180561 0.376716513
vn -0.728943394 0.007932210 -0.684528018
vn -0.602005963 0.780581600 0.168170110
vn -0.728943394 0.007932210 -0.684528018
vn -0.839213368 0.392180561 0.376716513
vn -0.055682871 0.767060413 -0.639153925
vn 0.211878212 -0.945467027 0.247385782
vn 0.099762021 -0.931210210 0.350563953
vn 0.199270655 -0.942626438 0.267855566
vn 0.099762021 -0.931210210 0.350563953
vn 0.211878212 -0.945467027 0.247385782
vn 0.108769285 -0.960034307 0.257882476
vn 0.081956498 -0.252318303 -0.964167312
vn -0.516041775 -0.402678229 -0.756010007
vn -0.011074788 -0.774941690 -0.631935698
vn -0.516041775 -0.402678229 -0.756010007
vn 0.081956498 -0.252318303 -0.964167312
vn -0.608542316 -0.277997724 -0.743231805
vn -0.840008348 -0.338735214 -0.423844818
vn -0.790475156 -0.540210108 -0.288655619
vn -0.602131174 -0.735703089 -0.310127417
vn -0.790475156 -0.540210108 -0.288655619
vn -0.475355618 -0.849553802 -0.228681820
vn -0.450965343 -0.892485243 0.010017515
vn -0.475355618 -0.849553802 -0.228681820
vn 0.028193597 -0.971028194 0.237295950
vn -0.450965343 -0.892485243 0.010017515
vn 0.028193597 -0.971028194 0.237295950
vn -0.475355618 -0.849553802 -0.228681820
vn 0.108769285 -0.960034307 0.257882476
vn 0.108769285 -0.960034307 0.257882476
vn 0.211878212 -0.945467027 0.247385782
vn 0.300344274 -0.926960651 0.224804956
vn 0.570416315 -0.820734170 -0.031947605
vn 0.458356330 -0.881851689 0.110666494
vn 0.300344274 -0.926960651 0.224804956
vn 0.698409148 -0.638202335 -0.323917338
vn 0.458356330 -0.881851689 0.110666494
vn 0.570416315 -0.820734170 -0.031947605
vn 0.458356330 -0.881851689 0.110666494
vn 0.698409148 -0.638202335 -0.323917338
vn 0.528951583 -0.704356612 -0.473383550
vn 0.081956498 -0.252318303 -0.964167312
vn -0.011074788 -0.774941690 -0.631935698
vn 0.528951583 -0.704356612 -0.473383550
vn -0.602131174 -0.735703089 -0.310127417
vn -0.516041775 -0.402678229 -0.756010007
vn -0.840008348 -0.338735214 -0.423844818
vn -0.865542499 -0.270410810 -0.421561593
vn -0.790475156 -0.540210108 -0.288655619
vn -0.840008348 -0.338735214 -0.423844818
vn -0.516041775 -0.402678229 -0.756010007
vn -0.608542316 -0.277997724 -0.743231805
vn -0.840008348 -0.338735214 -0.423844818
vn -0.042202916 -0.999075795 -0.008152953
vn 0.036918101 -0.995090990 0.091820347
vn 0.133779067 -0.892342062 -0.431078654
vn -0.419769092 -0.408456413 0.810529005
vn -0.105530877 0.026037900 0.994075079
vn 0.032631626 -0.189514306 0.981335572
vn -0.419769092 -0.408456413 0.810529005
vn -0.142419104 -0.650250627 0.746251245
vn -0.575795004 -0.761693776 0.297124057
vn -0.818361143 -0.570514878 0.069266250
vn -0.984244048 -0.090601886 -0.151838576
vn -0.926855659 -0.322232245 0.192626498
vn -0.984244048 -0.090601886 -0.151838576
vn -0.818361143 -0.570514878 0.069266250
vn -0.936098060 0.031963471 -0.350283826
vn -0.302013432 0.953034950 -0.022633425
vn -0.569837939 0.802147139 -0.178450807
vn -0.273505015 0.955562028 -0.109982802
vn -0.569837939 0.802147139 -0.178450807
vn -0.302013432 0.953034950 -0.022633425
vn -0.427135850 0.903023800 -0.045858290
vn -0.045919893 -0.920622048 0.387745288
vn 0.296941650 -0.938089633 -0.178363386
vn 0.162483474 -0.913276682 0.373530218
vn 0.296941650 -0.938089633 -0.178363386
vn -0.045919893 -0.920622048 0.387745288
vn -0.446755824 -0.872083566 -0.199698492
vn -0.105530877 0.026037900 0.994075079
vn -0.542083550 0.089522605 0.835542416
vn -0.347438438 0.429165466 0.833728694
vn -0.542083550 0.089522605 0.835542416
vn -0.105530877 0.026037900 0.994075079
vn -0.419769092 -0.408456413 0.810529005
vn 0.296941650 -0.938089633 -0.178363386
vn -0.369394193 -0.271103218 -0.888848117
vn 0.068266424 0.033012380 -0.997120794
vn -0.369394193 -0.271103218 -0.888848117
vn 0.296941650 -0.938089633 -0.178363386
vn -0.446755824 -0.872083566 -0.199698492
vn 0.362739299 -0.662862806 0.655006184
vn -0.142419104 -0.650250627 0.746251245
vn 0.166299882 -0.389185763 0.906023615
vn -0.312874099 0.947889609 0.060125604
vn -0.356935233 0.932649613 -0.052554144
vn -0.306902770 0.951376504 0.026333204
vn -0.356935233 0.932649613 -0.052554144
vn -0.312874099 0.947889609 0.060125604
vn -0.386658194 0.911751317 0.138582023
vn -0.729967890 0.647412874 -0.219096898
vn -0.724343665 0.670531312 -0.160355901
vn 0.128621816 0.943062786 -0.306739321
vn -0.589579741 0.574719595 0.567532480
vn -0.773854864 -0.031183254 0.632594857
vn -0.839213368 0.392180561 0.376716513
vn 0.587313582 0.706526240 -0.394820755
vn 0.492842153 -0.800202955 -0.341733584
vn 0.672332581 -0.721604380 -0.165093970
vn -0.773854864 -0.031183254 0.632594857
vn -0.849787694 -0.269363505 0.453105040
vn -0.839213368 0.392180561 0.376716513
vn -0.217554566 -0.938167238 0.269280977
vn -0.849787694 -0.269363505 0.453105040
vn -0.773854864 -0.031183254 0.632594857
vn 0.528951583 -0.704356612 -0.473383550
vn 0.565499364 -0.379941350 -0.732021201
vn 0.081956498 -0.252318303 -0.964167312
vn 0.570416315 -0.820734170 -0.031947605
vn 0.359950192 -0.898701821 -0.250541206
vn 0.698409148 -0.638202335 -0.323917338
vn 0.359950192 -0.898701821 -0.250541206
vn 0.570416315 -0.820734170 -0.031947605
vn 0.288994743 -0.957045670 0.023358578
vn 0.300344274 -0.926960651 0.224804956
vn 0.288994743 -0.957045670 0.023358578
vn 0.570416315 -0.820734170 -0.031947605
vn 0.528951583 -0.704356612 -0.473383550
vn 0.698409148 -0.638202335 -0.323917338
vn 0.565499364 -0.379941350 -0.732021201
vn 0.300344274 -0.926960651 0.224804956
vn 0.211878212 -0.945467027 0.247385782
vn 0.288994743 -0.957045670 0.023358578
vn 0.300344274 -0.926960651 0.224804956
vn 0.028193597 -0.971028194 0.237295950
vn 0.108769285 -0.960034307 0.257882476
vn -0.450965343 -0.892485243 0.010017515
vn -0.602131174 -0.735703089 -0.310127417
vn -0.790475156 -0.540210108 -0.288655619
vn -0.653730160 -0.288778777 -0.699459574
vn -0.806336553 -0.342270340 -0.482361252
vn -0.728943394 0.007932210 -0.684528018
vn 0.672332581 -0.721604380 -0.165093970
vn 0.518963495 -0.231259645 -0.822919113
vn 0.620658962 0.713461625 -0.325199882
vn 0.620658962 0.713461625 -0.325199882
vn -0.055682871 0.767060413 -0.639153925
vn -0.106966059 0.991303514 -0.076652493
vn -0.055682871 0.767060413 -0.639153925
vn 0.620658962 0.713461625 -0.325199882
vn 0.518963495 -0.231259645 -0.822919113
vn -0.733247279 0.673803409 0.091309331
vn -0.106966059 0.991303514 -0.076652493
vn -0.909636412 0.004690379 0.415378862
vn -0.839213368 0.392180561 0.376716513
vn -0.849787694 -0.269363505 0.453105040
vn -0.909636412 0.004690379 0.415378862
vn -0.909636412 0.004690379 0.415378862
vn -0.734570484 -0.626979552 0.259427919
vn -0.733247279 0.673803409 0.091309331
vn -0.734570484 -0.626979552 0.259427919
vn -0.909636412 0.004690379 0.415378862
vn -0.849787694 -0.269363505 0.453105040
vn -0.602005963 0.780581600 0.168170110
vn -0.386658194 0.911751317 0.138582023
vn -0.589579741 0.574719595 0.567532480
vn -0.386658194 0.911751317 0.138582023
vn -0.602005963 0.780581600 0.168170110
vn -0.611418007 0.778784549 -0.140223562
vn 0.152093462 -0.829368217 0.537602027
vn -0.045919893 -0.920622048 0.387745288
vn 0.099762021 -0.931210210 0.350563953
vn 0.162483474 -0.913276682 0.373530218
vn 0.199270655 -0.942626438 0.267855566
vn 0.099762021 -0.931210210 0.350563953
vn 0.222210094 -0.964598829 -0.142027367
vn -0.225904685 -0.970463887 -0.084657649
vn -0.177354321 -0.922920325 -0.341706773
vn -0.225904685 -0.970463887 -0.084657649
vn -0.725162892 -0.553139452 -0.410092096
vn -0.177354321 -0.922920325 -0.341706773
vn -0.725162892 -0.553139452 -0.410092096
vn -0.225904685 -0.970463887 -0.084657649
vn -0.853266534 -0.468302053 -0.229411003
vn -0.876730314 -0.224788255 -0.425222526
vn -0.853266534 -0.468302053 -0.229411003
vn -0.928905713 0.104572465 -0.355244671
vn -0.853266534 -0.468302053 -0.229411003
vn -0.876730314 -0.224788255 -0.425222526
vn -0.725162892 -0.553139452 -0.410092096
vn 0.232611302 -0.965764217 0.114854077
vn -0.225904685 -0.970463887 -0.084657649
vn 0.222210094 -0.964598829 -0.142027367
vn 0.222210094 -0.964598829 -0.142027367
vn 0.359950192 -0.898701821 -0.250541206
vn 0.232611302 -0.965764217 0.114854077
vn 0.698409148 -0.638202335 -0.323917338
vn 0.222210094 -0.964598829 -0.142027367
vn 0.565499364 -0.379941350 -0.732021201
vn 0.222210094 -0.964598829 -0.142027367
vn 0.698409148 -0.638202335 -0.323917338
vn 0.359950192 -0.898701821 -0.250541206
vn -0.865542499 -0.270410810 -0.421561593
vn -0.725162892 -0.553139452 -0.410092096
vn -0.814535366 -0.368838498 -0.447761433
vn -0.725162892 -0.553139452 -0.410092096
vn -0.865542499 -0.270410810 -0.421561593
vn -0.608542316 -0.277997724 -0.743231805
vn 0.443621489 -0.895651712 -0.031748787
vn 0.163525715 -0.985654187 -0.041775157
vn 0.075935537 -0.987200977 -0.140242735
vn 0.163525715 -0.985654187 -0.041775157
vn 0.443621489 -0.895651712 -0.031748787
vn 0.384026096 -0.923320521 -0.001781230
vn 0.327935267 -0.944204935 0.030585976
vn 0.075935537 -0.987200977 -0.140242735
vn 0.020416956 -0.999565730 -0.021248521
vn 0.075935537 -0.987200977 -0.140242735
vn 0.327935267 -0.944204935 0.030585976
vn 0.443621489 -0.895651712 -0.031748787
vn 0.120627256 -0.979344855 0.162273598
vn 0.020416956 -0.999565730 -0.021248521
vn -0.020280378 -0.992420627 0.121202333
vn 0.020416956 -0.999565730 -0.021248521
vn 0.120627256 -0.979344855 0.162273598
vn 0.327935267 -0.944204935 0.030585976
vn 0.147982343 -0.961499652 0.231559164
vn -0.020280378 -0.992420627 0.121202333
vn 0.005527977 -0.982838885 0.184383210
vn -0.020280378 -0.992420627 0.121202333
vn 0.147982343 -0.961499652 0.231559164
vn 0.120627256 -0.979344855 0.162273598
vn 0.005527977 -0.982838885 0.184383210
vn 0.192023622 -0.974195581 0.118616605
vn 0.147982343 -0.961499652 0.231559164
vn 0.256146411 -0.966621671 -0.005617842
vn 0.384026096 -0.923320521 -0.001781230
vn 0.225669627 -0.934648631 0.274782016
vn 0.384026096 -0.923320521 -0.001781230
vn 0.256146411 -0.966621671 -0.005617842
vn 0.163525715 -0.985654187 -0.041775157
vn -0.132825637 0.990677947 -0.030241624
vn 0.100276050 0.994666891 0.024134820
vn -0.098116468 0.994686631 0.031171552
vn 0.100276050 0.994666891 0.024134820
vn -0.132825637 0.990677947 -0.030241624
vn 0.102994360 0.992830629 -0.060658909
vn 0.096175546 0.992711560 0.072622469
vn -0.132825637 0.990677947 -0.030241624
vn -0.094561310 0.974592607 0.203045336
vn -0.132825637 0.990677947 -0.030241624
vn 0.096175546 0.992711560 0.072622469
vn 0.102994360 0.992830629 -0.060658909
vn 0.096175546 0.992711560 0.072622469
vn 0.094574808 0.995455351 0.011146702
vn 0.151704095 0.986948908 -0.054015938
vn 0.094574808 0.995455351 0.011146702
vn 0.096175546 0.992711560 0.072622469
vn -0.094561310 0.974592607 0.203045336
vn 0.139423522 0.982491109 -0.123581160
vn 0.094574808 0.995455351 0.011146702
vn 0.142887829 0.979399489 -0.142687450
vn 0.094574808 0.995455351 0.011146702
vn 0.139423522 0.982491109 -0.123581160
vn 0.151704095 0.986948908 -0.054015938
vn 0.142887829 0.979399489 -0.142687450
vn 0.074386895 0.990885478 -0.112305650
vn 0.139423522 0.982491109 -0.123581160
vn -0.075399181 -0.981958780 -0.173412567
vn -0.128781187 -0.989119620 -0.071118095
vn -0.202158423 -0.972944970 -0.111848370
vn -0.128781187 -0.989119620 -0.071118095
vn -0.075399181 -0.981958780 -0.173412567
vn -0.153801465 -0.972158528 -0.176784913
vn 0.013445909 -0.998787088 -0.047366246
vn -0.153801465 -0.972158528 -0.176784913
vn -0.075399181 -0.981958780 -0.173412567
vn -0.153801465 -0.972158528 -0.176784913
vn 0.013445909 -0.998787088 -0.047366246
vn -0.209044453 -0.974581729 -0.080565935
vn -0.038875982 -0.998158978 0.046554407
vn -0.209044453 -0.974581729 -0.080565935
vn 0.013445909 -0.998787088 -0.047366246
vn -0.209044453 -0.974581729 -0.080565935
vn -0.038875982 -0.998158978 0.046554407
vn -0.308845434 -0.950892791 -0.020430334
vn -0.122630918 -0.992165881 0.023843714
vn -0.308845434 -0.950892791 -0.020430334
vn -0.038875982 -0.998158978 0.046554407
vn -0.308845434 -0.950892791 -0.020430334
vn -0.122630918 -0.992165881 0.023843714
vn -0.165368534 -0.985108177 0.047065137
vn 0.036918101 -0.995090990 0.091820347
vn -0.122630918 -0.992165881 0.023843714
vn -0.042202916 -0.999075795 -0.008152953
vn -0.202158423 -0.972944970 -0.111848370
vn -0.101981854 -0.993917234 -0.041572027
vn -0.271647386 -0.954014454 -0.126744302
vn -0.101981854 -0.993917234 -0.041572027
vn -0.202158423 -0.972944970 -0.111848370
vn -0.128781187 -0.989119620 -0.071118095
vn -0.093469330 0.989366855 0.111430291
vn -0.753359242 0.654404156 -0.064846389
vn -0.810648300 0.585519577 -0.004019739
vn -0.753359242 0.654404156 -0.064846389
vn -0.093469330 0.989366855 0.111430291
vn 0.082563576 0.993346836 0.080282749
vn 0.082563576 0.993346836 0.080282749
vn -0.843519744 0.530199407 0.085808101
vn -0.753359242 0.654404156 -0.064846389
vn -0.843519744 0.530199407 0.085808101
vn 0.082563576 0.993346836 0.080282749
vn -0.181233543 0.965975007 0.184517449
vn -0.825556142 0.561687989 -0.054439503
vn -0.181233543 0.965975007 0.184517449
vn -0.051174588 0.998688009 -0.001849784
vn -0.181233543 0.965975007 0.184517449
vn -0.825556142 0.561687989 -0.054439503
vn -0.843519744 0.530199407 0.085808101
vn -0.322674224 0.935633462 -0.143078198
vn -0.825556142 0.561687989 -0.054439503
vn -0.051174588 0.998688009 -0.001849784
vn -0.825556142 0.561687989 -0.054439503
vn -0.322674224 0.935633462 -0.143078198
vn -0.818616776 0.464502039 -0.337793471
vn 0.003570566 0.925028954 -0.379879830
vn 0.128621816 0.943062786 -0.306739321
vn 0.074386895 0.990885478 -0.112305650
vn 0.128621816 0.943062786 -0.306739321
vn -0.322674224 0.935633462 -0.143078198
vn 0.074386895 0.990885478 -0.112305650
vn -0.042202916 -0.999075795 -0.008152953
vn -0.122630918 -0.992165881 0.023843714
vn 0.076466235 -0.994449475 0.072271409
vn -0.122630918 -0.992165881 0.023843714
vn 0.036918101 -0.995090990 0.091820347
vn -0.165368534 -0.985108177 0.047065137
vn -0.038875982 -0.998158978 0.046554407
vn 0.076466235 -0.994449475 0.072271409
vn -0.122630918 -0.992165881 0.023843714
vn 0.076466235 -0.994449475 0.072271409
vn -0.038875982 -0.998158978 0.046554407
vn 0.303056018 -0.949556760 0.080616434
vn 0.013445909 -0.998787088 -0.047366246
vn 0.303056018 -0.949556760 0.080616434
vn -0.038875982 -0.998158978 0.046554407
vn 0.303056018 -0.949556760 0.080616434
vn 0.013445909 -0.998787088 -0.047366246
vn 0.141735595 -0.980295753 -0.137590906
vn -0.075399181 -0.981958780 -0.173412567
vn 0.141735595 -0.980295753 -0.137590906
vn 0.013445909 -0.998787088 -0.047366246
vn 0.141735595 -0.980295753 -0.137590906
vn -0.075399181 -0.981958780 -0.173412567
vn 0.000666207 -0.972313667 -0.233678604
vn -0.202158423 -0.972944970 -0.111848370
vn 0.000666207 -0.972313667 -0.233678604
vn -0.075399181 -0.981958780 -0.173412567
vn 0.000666207 -0.972313667 -0.233678604
vn -0.202158423 -0.972944970 -0.111848370
vn -0.025576100 -0.981694969 -0.188734867
vn -0.271647386 -0.954014454 -0.126744302
vn -0.025576100 -0.981694969 -0.188734867
vn -0.202158423 -0.972944970 -0.111848370
vn -0.025576100 -0.981694969 -0.188734867
vn -0.271647386 -0.954014454 -0.126744302
vn 0.203923342 -0.949829351 0.237148636
vn 0.036918101 -0.995090990 0.091820347
vn 0.005527977 -0.982838885 0.184383210
vn -0.165368534 -0.985108177 0.047065137
vn 0.005527977 -0.982838885 0.184383210
vn 0.036918101 -0.995090990 0.091820347
vn 0.192023622 -0.974195581 0.118616605
vn -0.308845434 -0.950892791 -0.020430334
vn 0.005527977 -0.982838885 0.184383210
vn -0.020280378 -0.992420627 0.121202333
vn 0.005527977 -0.982838885 0.184383210
vn -0.308845434 -0.950892791 -0.020430334
vn -0.165368534 -0.985108177 0.047065137
vn -0.209044453 -0.974581729 -0.080565935
vn -0.020280378 -0.992420627 0.121202333
vn 0.020416956 -0.999565730 -0.021248521
vn -0.020280378 -0.992420627 0.121202333
vn -0.209044453 -0.974581729 -0.080565935
vn -0.308845434 -0.950892791 -0.020430334
vn -0.153801465 -0.972158528 -0.176784913
vn 0.020416956 -0.999565730 -0.021248521
vn 0.075935537 -0.987200977 -0.140242735
vn 0.020416956 -0.999565730 -0.021248521
vn -0.153801465 -0.972158528 -0.176784913
vn -0.209044453 -0.974581729 -0.080565935
vn -0.128781187 -0.989119620 -0.071118095
vn 0.075935537 -0.987200977 -0.140242735
vn 0.163525715 -0.985654187 -0.041775157
vn 0.075935537 -0.987200977 -0.140242735
vn -0.128781187 -0.989119620 -0.071118095
vn -0.153801465 -0.972158528 -0.176784913
vn -0.101981854 -0.993917234 -0.041572027
vn 0.163525715 -0.985654187 -0.041775157
vn 0.256146411 -0.966621671 -0.005617842
vn 0.163525715 -0.985654187 -0.041775157
vn -0.101981854 -0.993917234 -0.041572027
vn -0.128781187 -0.989119620 -0.071118095
vn 0.368270311 0.929454693 0.022157429
vn 0.142887829 0.979399489 -0.142687450
vn 0.520411940 0.853408263 -0.029423606
vn 0.142887829 0.979399489 -0.142687450
vn 0.368270311 0.929454693 0.022157429
vn -0.199844862 0.820720467 -0.535238214
vn 0.142887829 0.979399489 -0.142687450
vn 0.297161798 0.938185113 0.177492420
vn 0.520411940 0.853408263 -0.029423606
vn 0.297161798 0.938185113 0.177492420
vn 0.142887829 0.979399489 -0.142687450
vn 0.094574808 0.995455351 0.011146702
vn -0.094561310 0.974592607 0.203045336
vn 0.297161798 0.938185113 0.177492420
vn 0.094574808 0.995455351 0.011146702
vn 0.297161798 0.938185113 0.177492420
vn -0.094561310 0.974592607 0.203045336
vn 0.256537983 0.900538038 0.351026361
vn -0.132825637 0.990677947 -0.030241624
vn 0.256537983 0.900538038 0.351026361
vn -0.094561310 0.974592607 0.203045336
vn 0.256537983 0.900538038 0.351026361
vn -0.132825637 0.990677947 -0.030241624
vn 0.271438843 0.950553939 0.150891227
vn -0.098116468 0.994686631 0.031171552
vn 0.271438843 0.950553939 0.150891227
vn -0.132825637 0.990677947 -0.030241624
vn 0.271438843 0.950553939 0.150891227
vn -0.098116468 0.994686631 0.031171552
vn 0.317832283 0.933434230 0.166382626
vn 0.074386895 0.990885478 -0.112305650
vn -0.322674224 0.935633462 -0.143078198
vn 0.139423522 0.982491109 -0.123581160
vn 0.139423522 0.982491109 -0.123581160
vn -0.051174588 0.998688009 -0.001849784
vn 0.151704095 0.986948908 -0.054015938
vn -0.051174588 0.998688009 -0.001849784
vn 0.139423522 0.982491109 -0.123581160
vn -0.322674224 0.935633462 -0.143078198
vn 0.096175546 0.992711560 0.072622469
vn -0.051174588 0.998688009 -0.001849784
vn -0.181233543 0.965975007 0.184517449
vn -0.051174588 0.998688009 -0.001849784
vn 0.096175546 0.992711560 0.072622469
vn 0.151704095 0.986948908 -0.054015938
vn 0.082563576 0.993346836 0.080282749
vn 0.096175546 0.992711560 0.072622469
vn -0.181233543 0.965975007 0.184517449
vn 0.096175546 0.992711560 0.072622469
vn 0.082563576 0.993346836 0.080282749
vn 0.102994360 0.992830629 -0.060658909
vn 0.100276050 0.994666891 0.024134820
vn 0.082563576 0.993346836 0.080282749
vn -0.093469330 0.989366855 0.111430291
vn 0.082563576 0.993346836 0.080282749
vn 0.100276050 0.994666891 0.024134820
vn 0.102994360 0.992830629 -0.060658909
vn 0.142887829 0.979399489 -0.142687450
vn -0.199844862 0.820720467 -0.535238214
vn 0.074386895 0.990885478 -0.112305650
vn -0.199844862 0.820720467 -0.535238214
vn 0.003570566 0.925028954 -0.379879830
vn 0.074386895 0.990885478 -0.112305650
vn -0.724343665 0.670531312 -0.160355901
vn -0.322674224 0.935633462 -0.143078198
vn 0.128621816 0.943062786 -0.306739321
vn -0.322674224 0.935633462 -0.143078198
vn -0.724343665 0.670531312 -0.160355901
vn -0.818616776 0.464502039 -0.337793471
vn 0.890896733 -0.448281712 0.073119883
vn 0.931111466 -0.335117961 -0.143970098
vn 0.884263420 -0.453760981 0.110359307
vn 0.023426119 -0.999715321 -0.004526983
vn -0.067679862 -0.970029495 -0.233371411
vn -0.132082269 -0.985982290 -0.101947038
vn 0.854784148 -0.415026863 -0.311603535
vn 0.946710157 -0.185587989 -0.263243191
vn 0.920751813 -0.332261008 -0.204496263
vn -0.434441452 -0.809773939 -0.394368853
vn -0.193679855 -0.910510954 -0.365318925
vn -0.312043157 -0.620223728 -0.719688541
vn 0.946710157 -0.185587989 -0.263243191
vn 0.959932333 0.076601408 -0.269559158
vn 0.779558540 0.073685492 -0.621979848
vn 0.026399902 -0.999087554 0.033572367
vn 0.515563952 -0.753633703 -0.407713199
vn 0.015048641 -0.781193920 -0.624107041
vn 0.515563952 -0.753633703 -0.407713199
vn 0.884263420 -0.453760981 0.110359307
vn 0.776189885 -0.297351769 -0.555977687
vn -0.193679855 -0.910510954 -0.365318925
vn 0.015048641 -0.781193920 -0.624107041
vn 0.057293700 -0.921975473 -0.382986500
vn 0.776189885 -0.297351769 -0.555977687
vn 0.946710157 -0.185587989 -0.263243191
vn 0.854784148 -0.415026863 -0.311603535
f 3/3/3 2/2/2 1/1/1
f 6/6/6 5/5/5 4/4/4
f 9/9/9 8/8/8 7/7/7
f 12/12/12 11/11/11 10/10/10
f 15/15/15 14/14/14 13/13/13
f 18/18/18 17/17/17 16/16/16
f 21/21/21 20/20/20 19/19/19
f 24/24/24 23/23/23 22/22/22
f 27/27/27 26/26/26 25/25/25
f 30/30/30 29/29/29 28/28/28
f 33/33/33 32/32/32 31/31/31
f 36/36/36 35/35/35 34/34/34
f 39/39/39 38/38/38 37/37/37
f 42/42/42 41/41/41 40/40/40
f 45/45/45 44/44/44 43/43/43
f 48/48/48 47/47/47 46/46/46
f 51/51/51 50/50/50 49/49/49
f 54/54/54 53/53/53 52/52/52
f 57/57/57 56/56/56 55/55/55
f 60/60/60 59/59/59 58/58/58
f 63/63/63 62/62/62 61/61/61
f 66/66/66 65/65/65 64/64/64
f 69/69/69 68/68/68 67/67/67
f 72/72/72 71/71/71 70/70/70
f 75/75/75 74/74/74 73/73/73
f 78/78/78 77/77/77 76/76/76
f 81/81/81 80/80/80 79/79/79
f 84/84/84 83/83/83 82/82/82
f 87/87/87 86/86/86 85/85/85
f 90/90/90 89/89/89 88/88/88
f 93/93/93 92/92/92 91/91/91
f 96/96/96 95/95/95 94/94/94
f 99/99/99 98/98/98 97/97/97
f 102/102/102 101/101/101 100/100/100
f 105/105/105 104/104/104 103/103/103
f 108/108/108 107/107/107 106/106/106
f 111/111/111 110/110/110 109/109/109
f 114/114/114 113/113/113 112/112/112
f 117/117/117 116/116/116 115/115/115
f 120/120/120 119/119/119 118/118/118
f 123/123/123 122/122/122 121/121/121
f 126/126/126 125/125/125 124/124/124
f 129/129/129 128/128/128 127/127/127
f 132/132/132 131/131/131 130/130/130
f 135/135/135 134/134/134 133/133/133
f 138/138/138 137/137/137 136/136/136
f 141/141/141 140/140/140 139/139/139
f 144/144/144 143/143/143 142/142/142
f 147/147/147 146/146/146 145/145/145
f 150/150/150 149/149/149 148/148/148
f 153/153/153 152/152/152 151/151/151
f 156/156/156 155/155/155 154/154/154
f 159/159/159 158/158/158 157/157/157
f 162/162/162 161/161/161 160/160/160
f 165/165/165 164/164/164 163/163/163
f 168/168/168 167/167/167 166/166/166
f 171/171/171 170/170/170 169/169/169
f 174/174/174 173/173/173 172/172/172
f 177/177/177 176/176/176 175/175/175
f 180/180/180 179/179/179 178/178/178
f 183/183/183 182/182/182 181/181/181
f 186/186/186 185/185/185 184/184/184
f 189/189/189 188/188/188 187/187/187
f 192/192/192 191/191/191 190/190/190
f 195/195/195 194/194/194 193/193/193
f 198/198/198 197/197/197 196/196/196
f 201/201/201 200/200/200 199/199/199
f 204/204/204 203/203/203 202/202/202
f 207/207/207 206/206/206 205/205/205
f 210/210/210 209/209/209 208/208/208
f 213/213/213 212/212/212 211/211/211
f 216/216/216 215/215/215 214/214/214
f 219/219/219 218/218/218 217/217/217
f 222/222/222 221/221/221 220/220/220
f 225/225/225 224/224/224 223/223/223
f 228/228/228 227/227/227 226/226/226
f 231/231/231 230/230/230 229/229/229
f 234/234/234 233/233/233 232/232/232
f 237/237/237 236/236/236 235/235/235
f 240/240/240 239/239/239 238/238/238
f 243/243/243 242/242/242 241/241/241
f 246/246/246 245/245/245 244/244/244
f 249/249/249 248/248/248 247/247/247
f 252/252/252 251/251/251 250/250/250
f 255/255/255 254/254/254 253/253/253
f 258/258/258 257/257/257 256/256/256
f 261/261/261 260/260/260 259/259/259
f 264/264/264 263/263/263 262/262/262
f 267/267/267 266/266/266 265/265/265
f 270/270/270 269/269/269 268/268/268
f 273/273/273 272/272/272 271/271/271
f 276/276/276 275/275/275 274/274/274
f 279/279/279 278/278/278 277/277/277
f 282/282/282 281/281/281 280/280/280
f 285/285/285 284/284/284 283/283/283
f 288/288/288 287/287/287 286/286/286
f 291/291/291 290/290/290 289/289/289
f 294/294/294 293/293/293 292/292/292
f 297/297/297 296/296/296 295/295/295
f 300/300/300 299/299/299 298/298/298
f 303/303/303 302/302/302 301/301/301
f 306/306/306 305/305/305 304/304/304
f 309/309/309 308/308/308 307/307/307
f 312/312/312 311/311/311 310/310/310
f 315/315/315 314/314/314 313/313/313
f 318/318/318 317/317/317 316/316/316
f 321/321/321 320/320/320 319/319/319
f 324/324/324 323/323/323 322/322/322
f 327/327/327 326/326/326 325/325/325
f 330/330/330 329/329/329 328/328/328
f 333/333/333 332/332/332 331/331/331
f 336/336/336 335/335/335 334/334/334
f 339/339/339 338/338/338 337/337/337
f 342/342/342 341/341/341 340/340/340
f 345/345/345 344/344/344 343/343/343
f 348/348/348 347/347/347 346/346/346
f 351/351/351 350/350/350 349/349/349
f 354/354/354 353/353/353 352/352/352
f 357/357/357 356/356/356 355/355/355
f 360/360/360 359/359/359 358/358/358
f 363/363/363 362/362/362 361/361/361
f 366/366/366 365/365/365 364/364/364
f 369/369/369 368/368/368 367/367/367
f 372/372/372 371/371/371 370/370/370
f 375/375/375 374/374/374 373/373/373
f 378/378/378 377/377/377 376/376/376
f 381/381/381 380/380/380 379/379/379
f 384/384/384 383/383/383 382/382/382
f 387/387/387 386/386/386 385/385/385
f 390/390/390 389/389/389 388/388/388
f 393/393/393 392/392/392 391/391/391
f 396/396/396 395/395/395 394/394/394
f 399/399/399 398/398/398 397/397/397
f 402/402/402 401/401/401 400/400/400
f 405/405/405 404/404/404 403/403/403
f 408/408/408 407/407/407 406/406/406
f 411/411/411 410/410/410 409/409/409
f 414/414/414 413/413/413 412/412/412
f 417/417/417 416/416/416 415/415/415
f 420/420/420 419/419/419 418/418/418
f 423/423/423 422/422/422 421/421/421
f 426/426/426 425/425/425 424/424/424
f 429/429/429 428/428/428 427/427/427
f 432/432/432 431/431/431 430/430/430
f 435/435/435 434/434/434 433/433/433
f 438/438/438 437/437/437 436/436/436
f 441/441/441 440/440/440 439/439/439
f 444/444/444 443/443/443 442/442/442
f 447/447/447 446/446/446 445/445/445
f 450/450/450 449/449/449 448/448/448
f 453/453/453 452/452/452 451/451/451
f 456/456/456 455/455/455 454/454/454
f 459/459/459 458/458/458 457/457/457
f 462/462/462 461/461/461 460/460/460
f 465/465/465 464/464/464 463/463/463
f 468/468/468 467/467/467 466/466/466
f 471/471/471 470/470/470 469/469/469
f 474/474/474 473/473/473 472/472/472
f 477/477/477 476/476/476 475/475/475
f 480/480/480 479/479/479 478/478/478
f 483/483/483 482/482/482 481/481/481
f 486/486/486 485/485/485 484/484/484
f 489/489/489 488/488/488 487/487/487
f 492/492/492 491/491/491 490/490/490
f 495/495/495 494/494/494 493/493/493
f 498/498/498 497/497/497 496/496/496
f 501/501/501 500/500/500 499/499/499
f 504/504/504 503/503/503 502/502/502
f 507/507/507 506/506/506 505/505/505
f 510/510/510 509/509/509 508/508/508
f 513/513/513 512/512/512 511/511/511
f 516/516/516 515/515/515 514/514/514
f 519/519/519 518/518/518 517/517/517
f 522/522/522 521/521/521 520/520/520
f 525/525/525 524/524/524 523/523/523
f 528/528/528 527/527/527 526/526/526
f 531/531/531 530/530/530 529/529/529
f 534/534/534 533/533/533 532/532/532
f 537/537/537 536/536/536 535/535/535
f 540/540/540 539/539/539 538/538/538
f 543/543/543 542/542/542 541/541/541
f 546/546/546 545/545/545 544/544/544
f 549/549/549 548/548/548 547/547/547
f 552/552/552 551/551/551 550/550/550
f 555/555/555 554/554/554 553/553/553
f 558/558/558 557/557/557 556/556/556
f 561/561/561 560/560/560 559/559/559
f 564/564/564 563/563/563 562/562/562
f 567/567/567 566/566/566 565/565/565
f 570/570/570 569/569/569 568/568/568
f 573/573/573 572/572/572 571/571/571
f 576/576/576 575/575/575 574/574/574
f 579/579/579 578/578/578 577/577/577
f 582/582/582 581/581/581 580/580/580
f 585/585/585 584/584/584 583/583/583
f 588/588/588 587/587/587 586/586/586
f 591/591/591 590/590/590 589/589/589
f 594/594/594 593/593/593 592/592/592
f 597/597/597 596/596/596 595/595/595
f 600/600/600 599/599/599 598/598/598
f 603/603/603 602/602/602 601/601/601
f 606/606/606 605/605/605 604/604/604
f 609/609/609 608/608/608 607/607/607
f 612/612/612 611/611/611 610/610/610
f 615/615/615 614/614/614 613/613/613
f 618/618/618 617/617/617 616/616/616
f 621/621/621 620/620/620 619/619/619
f 624/624/624 623/623/623 622/622/622
f 627/627/627 626/626/626 625/625/625
f 630/630/630 629/629/629 628/628/628
f 633/633/633 632/632/632 631/631/631
f 636/636/636 635/635/635 634/634/634
f 639/639/639 638/638/638 637/637/637
f 642/642/642 641/641/641 640/640/640
f 645/645/645 644/644/644 643/643/643
f 648/648/648 647/647/647 646/646/646
f 651/651/651 650/650/650 649/649/649
f 654/654/654 653/653/653 652/652/652
f 657/657/657 656/656/656 655/655/655
f 660/660/660 659/659/659 658/658/658
f 663/663/663 662/662/662 661/661/661
f 666/666/666 665/665/665 664/664/664
f 669/669/669 668/668/668 667/667/667
f 672/672/672 671/671/671 670/670/670
f 675/675/675 674/674/674 673/673/673
f 678/678/678 677/677/677 676/676/676
f 681/681/681 680/680/680 679/679/679
f 684/684/684 683/683/683 682/682/682
f 687/687/687 686/686/686 685/685/685
f 690/690/690 689/689/689 688/688/688
f 693/693/693 692/692/692 691/691/691
f 696/696/696 695/695/695 694/694/694
f 699/699/699 698/698/698 697/697/697
f 702/702/702 701/701/701 700/700/700
f 705/705/705 704/704/704 703/703/703
f 708/708/708 707/707/707 706/706/706
f 711/711/711 710/710/710 709/709/709
f 714/714/714 713/713/713 712/712/712
f 717/717/717 716/716/716 715/715/715
f 720/720/720 719/719/719 718/718/718
f 723/723/723 722/722/722 721/721/721
f 726/726/726 725/725/725 724/724/724
f 729/729/729 728/728/728 727/727/727
f 732/732/732 731/731/731 730/730/730
f 735/735/735 734/734/734 733/733/733
f 738/738/738 737/737/737 736/736/736
f 741/741/741 740/740/740 739/739/739
f 744/744/744 743/743/743 742/742/742
f 747/747/747 746/746/746 745/745/745
f 750/750/750 749/749/749 748/748/748
f 753/753/753 752/752/752 751/751/751
f 756/756/756 755/755/755 754/754/754
f 759/759/759 758/758/758 757/757/757
f 762/762/762 761/761/761 760/760/760
f 765/765/765 764/764/764 763/763/763
f 768/768/768 767/767/767 766/766/766
f 771/771/771 770/770/770 769/769/769
f 774/774/774 773/773/773 772/772/772
f 777/777/777 776/776/776 775/775/775
f 780/780/780 779/779/779 778/778/778
f 783/783/783 782/782/782 781/781/781
f 786/786/786 785/785/785 784/784/784
f 789/789/789 788/788/788 787/787/787
f 792/792/792 791/791/791 790/790/790
f 795/795/795 794/794/794 793/793/793
f 798/798/798 797/797/797 796/796/796
f 801/801/801 800/800/800 799/799/799
f 804/804/804 803/803/803 802/802/802
f 807/807/807 806/806/806 805/805/805
f 810/810/810 809/809/809 808/808/808
f 813/813/813 812/812/812 811/811/811
f 816/816/816 815/815/815 814/814/814
f 819/819/819 818/818/818 817/817/817
f 822/822/822 821/821/821 820/820/820
f 825/825/825 824/824/824 823/823/823
f 828/828/828 827/827/827 826/826/826
f 831/831/831 830/830/830 829/829/829
f 834/834/834 833/833/833 832/832/832
f 837/837/837 836/836/836 835/835/835
f 840/840/840 839/839/839 838/838/838
f 843/843/843 842/842/842 841/841/841
f 846/846/846 845/845/845 844/844/844
f 849/849/849 848/848/848 847/847/847
f 852/852/852 851/851/851 850/850/850
f 855/855/855 854/854/854 853/853/853
f 858/858/858 857/857/857 856/856/856
f 861/861/861 860/860/860 859/859/859
f 864/864/864 863/863/863 862/862/862
f 867/867/867 866/866/866 865/865/865
f 870/870/870 869/869/869 868/868/868
f 873/873/873 872/872/872 871/871/871
f 876/876/876 875/875/875 874/874/874
f 879/879/879 878/878/878 877/877/877
f 882/882/882 881/881/881 880/880/880
f 885/885/885 884/884/884 883/883/883
f 888/888/888 887/887/887 886/886/886
f 891/891/891 890/890/890 889/889/889
f 894/894/894 893/893/893 892/892/892
f 897/897/897 896/896/896 895/895/895
f 900/900/900 899/899/899 898/898/898
f 903/903/903 902/902/902 901/901/901
f 906/906/906 905/905/905 904/904/904
f 909/909/909 908/908/908 907/907/907
f 912/912/912 911/911/911 910/910/910
f 915/915/915 914/914/914 913/913/913
f 918/918/918 917/917/917 916/916/916
f 921/921/921 920/920/920 919/919/919
f 924/924/924 923/923/923 922/922/922
f 927/927/927 926/926/926 925/925/925
f 930/930/930 929/929/929 928/928/928
f 933/933/933 932/932/932 931/931/931
f 936/936/936 935/935/935 934/934/934
f 939/939/939 938/938/938 937/937/937
f 942/942/942 941/941/941 940/940/940
f 945/945/945 944/944/944 943/943/943
f 948/948/948 947/947/947 946/946/946
f 951/951/951 950/950/950 949/949/949
f 954/954/954 953/953/953 952/952/952
f 957/957/957 956/956/956 955/955/955
f 960/960/960 959/959/959 958/958/958
f 963/963/963 962/962/962 961/961/961
f 966/966/966 965/965/965 964/964/964
f 969/969/969 968/968/968 967/967/967
f 972/972/972 971/971/971 970/970/970
f 975/975/975 974/974/974 973/973/973
f 978/978/978 977/977/977 976/976/976
f 981/981/981 980/980/980 979/979/979
f 984/984/984 983/983/983 982/982/982
f 987/987/987 986/986/986 985/985/985
f 990/990/990 989/989/989 988/988/988
f 993/993/993 992/992/992 991/991/991
f 996/996/996 995/995/995 994/994/994
f 999/999/999 998/998/998 997/997/997
f 1002/1002/1002 1001/1001/1001 1000/1000/1000
f 1005/1005/1005 1004/1004/1004 1003/1003/1003
f 1008/1008/1008 1007/1007/1007 1006/1006/1006
f 1011/1011/1011 1010/1010/1010 1009/1009/1009
f 1014/1014/1014 1013/1013/1013 1012/1012/1012
f 1017/1017/1017 1016/1016/1016 1015/1015/1015
f 1020/1020/1020 1019/1019/1019 1018/1018/1018
f 1023/1023/1023 1022/1022/1022 1021/1021/1021
f 1026/1026/1026 1025/1025/1025 1024/1024/1024
f 1029/1029/1029 1028/1028/1028 1027/1027/1027
f 1032/1032/1032 1031/1031/1031 1030/1030/1030
f 1035/1035/1035 1034/1034/1034 1033/1033/1033
f 1038/1038/1038 1037/1037/1037 1036/1036/1036
f 1041/1041/1041 1040/1040/1040 1039/1039/1039
f 1044/1044/1044 1043/1043/1043 1042/1042/1042
f 1047/1047/1047 1046/1046/1046 1045/1045/1045
f 1050/1050/1050 1049/1049/1049 1048/1048/1048
f 1053/1053/1053 1052/1052/1052 1051/1051/1051
f 1056/1056/1056 1055/1055/1055 1054/1054/1054
f 1059/1059/1059 1058/1058/1058 1057/1057/1057
f 1062/1062/1062 1061/1061/1061 1060/1060/1060
f 1065/1065/1065 1064/1064/1064 1063/1063/1063
f 1068/1068/1068 1067/1067/1067 1066/1066/1066
f 1071/1071/1071 1070/1070/1070 1069/1069/1069
f 1074/1074/1074 1073/1073/1073 1072/1072/1072
f 1077/1077/1077 1076/1076/1076 1075/1075/1075
f 1080/1080/1080 1079/1079/1079 1078/1078/1078
f 1083/1083/1083 1082/1082/1082 1081/1081/1081
f 1086/1086/1086 1085/1085/1085 1084/1084/1084
f 1089/1089/1089 1088/1088/1088 1087/1087/1087
f 1092/1092/1092 1091/1091/1091 1090/1090/1090
f 1095/1095/1095 1094/1094/1094 1093/1093/1093
f 1098/1098/1098 1097/1097/1097 1096/1096/1096
f 1101/1101/1101 1100/1100/1100 1099/1099/1099
f 1104/1104/1104 1103/1103/1103 1102/1102/1102
f 1107/1107/1107 1106/1106/1106 1105/1105/1105
f 1110/1110/1110 1109/1109/1109 1108/1108/1108
f 1113/1113/1113 1112/1112/1112 1111/1111/1111
f 1116/1116/1116 1115/1115/1115 1114/1114/1114
f 1119/1119/1119 1118/1118/1118 1117/1117/1117
f 1122/1122/1122 1121/1121/1121 1120/1120/1120
f 1125/1125/1125 1124/1124/1124 1123/1123/1123
f 1128/1128/1128 1127/1127/1127 1126/1126/1126
f 1131/1131/1131 1130/1130/1130 1129/1129/1129
f 1134/1134/1134 1133/1133/1133 1132/1132/1132
f 1137/1137/1137 1136/1136/1136 1135/1135/1135
f 1140/1140/1140 1139/1139/1139 1138/1138/1138
f 1143/1143/1143 1142/1142/1142 1141/1141/1141
f 1146/1146/1146 1145/1145/1145 1144/1144/1144
f 1149/1149/1149 1148/1148/1148 1147/1147/1147
f 1152/1152/1152 1151/1151/1151 1150/1150/1150
f 1155/1155/1155 1154/1154/1154 1153/1153/1153
f 1158/1158/1158 1157/1157/1157 1156/1156/1156
f 1161/1161/1161 1160/1160/1160 1159/1159/1159
f 1164/1164/1164 1163/1163/1163 1162/1162/1162
f 1167/1167/1167 1166/1166/1166 1165/1165/1165
f 1170/1170/1170 1169/1169/1169 1168/1168/1168
f 1173/1173/1173 1172/1172/1172 1171/1171/1171
f 1176/1176/1176 1175/1175/1175 1174/1174/1174
f 1179/1179/1179 1178/1178/1178 1177/1177/1177
f 1182/1182/1182 1181/1181/1181 1180/1180/1180
f 1185/1185/1185 1184/1184/1184 1183/1183/1183
f 1188/1188/1188 1187/1187/1187 1186/1186/1186
f 1191/1191/1191 1190/1190/1190 1189/1189/1189
f 1194/1194/1194 1193/1193/1193 1192/1192/1192
f 1197/1197/1197 1196/1196/1196 1195/1195/1195
f 1200/1200/1200 1199/1199/1199 1198/1198/1198
f 1203/1203/1203 1202/1202/1202 1201/1201/1201
f 1206/1206/1206 1205/1205/1205 1204/1204/1204
f 1209/1209/1209 1208/1208/1208 1207/1207/1207
f 1212/1212/1212 1211/1211/1211 1210/1210/1210
f 1215/1215/1215 1214/1214/1214 1213/1213/1213
f 1218/1218/1218 1217/1217/1217 1216/1216/1216
f 1221/1221/1221 1220/1220/1220 1219/1219/1219
f 1224/1224/1224 1223/1223/1223 1222/1222/1222
f 1227/1227/1227 1226/1226/1226 1225/1225/1225
f 1230/1230/1230 1229/1229/1229 1228/1228/1228
f 1233/1233/1233 1232/1232/1232 1231/1231/1231
f 1236/1236/1236 1235/1235/1235 1234/1234/1234
f 1239/1239/1239 1238/1238/1238 1237/1237/1237
f 1242/1242/1242 1241/1241/1241 1240/1240/1240
f 1245/1245/1245 1244/1244/1244 1243/1243/1243
f 1248/1248/1248 1247/1247/1247 1246/1246/1246
f 1251/1251/1251 1250/1250/1250 1249/1249/1249
f 1254/1254/1254 1253/1253/1253 1252/1252/1252
f 1257/1257/1257 1256/1256/1256 1255/1255/1255
f 1260/1260/1260 1259/1259/1259 1258/1258/1258
f 1263/1263/1263 1262/1262/1262 1261/1261/1261
f 1266/1266/1266 1265/1265/1265 1264/1264/1264
f 1269/1269/1269 1268/1268/1268 1267/1267/1267
f 1272/1272/1272 1271/1271/1271 1270/1270/1270
f 1275/1275/1275 1274/1274/1274 1273/1273/1273
f 1278/1278/1278 1277/1277/1277 1276/1276/1276
f 1281/1281/1281 1280/1280/1280 1279/1279/1279
f 1284/1284/1284 1283/1283/1283 1282/1282/1282
f 1287/1287/1287 1286/1286/1286 1285/1285/1285
f 1290/1290/1290 1289/1289/1289 1288/1288/1288
f 1293/1293/1293 1292/1292/1292 1291/1291/1291
f 1296/1296/1296 1295/1295/1295 1294/1294/1294
f 1299/1299/1299 1298/1298/1298 1297/1297/1297
f 1302/1302/1302 1301/1301/1301 1300/1300/1300
f 1305/1305/1305 1304/1304/1304 1303/1303/1303
f 1308/1308/1308 1307/1307/1307 1306/1306/1306
f 1311/1311/1311 1310/1310/1310 1309/1309/1309
f 1314/1314/1314 1313/1313/1313 1312/1312/1312
f 1317/1317/1317 1316/1316/1316 1315/1315/1315
f 1320/1320/1320 1319/1319/1319 1318/1318/1318
f 1323/1323/1323 1322/1322/1322 1321/1321/1321
f 1326/1326/1326 1325/1325/1325 1324/1324/1324
f 1329/1329/1329 1328/1328/1328 1327/1327/1327
f 1332/1332/1332 1331/1331/1331 1330/1330/1330
f 1335/1335/1335 1334/1334/1334 1333/1333/1333
f 1338/1338/1338 1337/1337/1337 1336/1336/1336
f 1341/1341/1341 1340/1340/1340 1339/1339/1339
f 1344/1344/1344 1343/1343/1343 1342/1342/1342
f 1347/1347/1347 1346/1346/1346 1345/1345/1345
f 1350/1350/1350 1349/1349/1349 1348/1348/1348
f 1353/1353/1353 1352/1352/1352 1351/1351/1351
f 1356/1356/1356 1355/1355/1355 1354/1354/1354
f 1359/1359/1359 1358/1358/1358 1357/1357/1357
f 1362/1362/1362 1361/1361/1361 1360/1360/1360
f 1365/1365/1365 1364/1364/1364 1363/1363/1363
f 1368/1368/1368 1367/1367/1367 1366/1366/1366
f 1371/1371/1371 1370/1370/1370 1369/1369/1369
f 1374/1374/1374 1373/1373/1373 1372/1372/1372
f 1377/1377/1377 1376/1376/1376 1375/1375/1375
f 1380/1380/1380 1379/1379/1379 1378/1378/1378
f 1383/1383/1383 1382/1382/1382 1381/1381/1381
f 1386/1386/1386 1385/1385/1385 1384/1384/1384
f 1389/1389/1389 1388/1388/1388 1387/1387/1387
f 1392/1392/1392 1391/1391/1391 1390/1390/1390
f 1395/1395/1395 1394/1394/1394 1393/1393/1393
f 1398/1398/1398 1397/1397/1397 1396/1396/1396
f 1401/1401/1401 1400/1400/1400 1399/1399/1399
f 1404/1404/1404 1403/1403/1403 1402/1402/1402
f 1407/1407/1407 1406/1406/1406 1405/1405/1405
f 1410/1410/1410 1409/1409/1409 1408/1408/1408
f 1413/1413/1413 1412/1412/1412 1411/1411/1411
f 1416/1416/1416 1415/1415/1415 1414/1414/1414
f 1419/1419/1419 1418/1418/1418 1417/1417/1417
f 1422/1422/1422 1421/1421/1421 1420/1420/1420
f 1425/1425/1425 1424/1424/1424 1423/1423/1423
f 1428/1428/1428 1427/1427/1427 1426/1426/1426
f 1431/1431/1431 1430/1430/1430 1429/1429/1429
f 1434/1434/1434 1433/1433/1433 1432/1432/1432
f 1437/1437/1437 1436/1436/1436 1435/1435/1435
f 1440/1440/1440 1439/1439/1439 1438/1438/1438
f 1443/1443/1443 1442/1442/1442 1441/1441/1441
f 1446/1446/1446 1445/1445/1445 1444/1444/1444
f 1449/1449/1449 1448/1448/1448 1447/1447/1447
f 1452/1452/1452 1451/1451/1451 1450/1450/1450
f 1455/1455/1455 1454/1454/1454 1453/1453/1453
f 1458/1458/1458 1457/1457/1457 1456/1456/1456
f 1461/1461/1461 1460/1460/1460 1459/1459/1459
f 1464/1464/1464 1463/1463/1463 1462/1462/1462
f 1467/1467/1467 1466/1466/1466 1465/1465/1465
f 1470/1470/1470 1469/1469/1469 1468/1468/1468
f 1473/1473/1473 1472/1472/1472 1471/1471/1471
f 1476/1476/1476 1475/1475/1475 1474/1474/1474
f 1479/1479/1479 1478/1478/1478 1477/1477/1477
f 1482/1482/1482 1481/1481/1481 1480/1480/1480
f 1485/1485/1485 1484/1484/1484 1483/1483/1483
f 1488/1488/1488 1487/1487/1487 1486/1486/1486
f 1491/1491/1491 1490/1490/1490 1489/1489/1489
f 1494/1494/1494 1493/1493/1493 1492/1492/1492
f 1497/1497/1497 1496/1496/1496 1495/1495/1495
f 1500/1500/1500 1499/1499/1499 1498/1498/1498
f 1503/1503/1503 1502/1502/1502 1501/1501/1501
f 1506/1506/1506 1505/1505/1505 1504/1504/1504
f 1509/1509/1509 1508/1508/1508 1507/1507/1507
f 1512/1512/1512 1511/1511/1511 1510/1510/1510
f 1515/1515/1515 1514/1514/1514 1513/1513/1513
f 1518/1518/1518 1517/1517/1517 1516/1516/1516
f 1521/1521/1521 1520/1520/1520 1519/1519/1519
f 1524/1524/1524 1523/1523/1523 1522/1522/1522
f 1527/1527/1527 1526/1526/1526 1525/1525/1525
f 1530/1530/1530 1529/1529/1529 1528/1528/1528
f 1533/1533/1533 1532/1532/1532 1531/1531/1531
f 1536/1536/1536 1535/1535/1535 1534/1534/1534
f 1539/1539/1539 1538/1538/1538 1537/1537/1537
f 1542/1542/1542 1541/1541/1541 1540/1540/1540
f 1545/1545/1545 1544/1544/1544 1543/1543/1543
f 1548/1548/1548 1547/1547/1547 1546/1546/1546
f 1551/1551/1551 1550/1550/1550 1549/1549/1549
f 1554/1554/1554 1553/1553/1553 1552/1552/1552
f 1557/1557/1557 1556/1556/1556 1555/1555/1555
f 1560/1560/1560 1559/1559/1559 1558/1558/1558
f 1563/1563/1563 1562/1562/1562 1561/1561/1561
f 1566/1566/1566 1565/1565/1565 1564/1564/1564
f 1569/1569/1569 1568/1568/1568 1567/1567/1567
f 1572/1572/1572 1571/1571/1571 1570/1570/1570
f 1575/1575/1575 1574/1574/1574 1573/1573/1573
f 1578/1578/1578 1577/1577/1577 1576/1576/1576
f 1581/1581/1581 1580/1580/1580 1579/1579/1579
f 1584/1584/1584 1583/1583/1583 1582/1582/1582
f 1587/1587/1587 1586/1586/1586 1585/1585/1585
f 1590/1590/1590 1589/1589/1589 1588/1588/1588
f 1593/1593/1593 1592/1592/1592 1591/1591/1591
f 1596/1596/1596 1595/1595/1595 1594/1594/1594
f 1599/1599/1599 1598/1598/1598 1597/1597/1597
f 1602/1602/1602 1601/1601/1601 1600/1600/1600
f 1605/1605/1605 1604/1604/1604 1603/1603/1603
f 1608/1608/1608 1607/1607/1607 1606/1606/1606
f 1611/1611/1611 1610/1610/1610 1609/1609/1609
f 1614/1614/1614 1613/1613/1613 1612/1612/1612
f 1617/1617/1617 1616/1616/1616 1615/1615/1615
f 1620/1620/1620 1619/1619/1619 1618/1618/1618
f 1623/1623/1623 1622/1622/1622 1621/1621/1621
f 1626/1626/1626 1625/1625/1625 1624/1624/1624
f 1629/1629/1629 1628/1628/1628 1627/1627/1627
f 1632/1632/1632 1631/1631/1631 1630/1630/1630
f 1635/1635/1635 1634/1634/1634 1633/1633/1633
f 1638/1638/1638 1637/1637/1637 1636/1636/1636
f 1641/1641/1641 1640/1640/1640 1639/1639/1639
f 1644/1644/1644 1643/1643/1643 1642/1642/1642
f 1647/1647/1647 1646/1646/1646 1645/1645/1645
f 1650/1650/1650 1649/1649/1649 1648/1648/1648
f 1653/1653/1653 1652/1652/1652 1651/1651/1651
f 1656/1656/1656 1655/1655/1655 1654/1654/1654
f 1659/1659/1659 1658/1658/1658 1657/1657/1657
f 1662/1662/1662 1661/1661/1661 1660/1660/1660
f 1665/1665/1665 1664/1664/1664 1663/1663/1663
f 1668/1668/1668 1667/1667/1667 1666/1666/1666
f 1671/1671/1671 1670/1670/1670 1669/1669/1669
f 1674/1674/1674 1673/1673/1673 1672/1672/1672
f 1677/1677/1677 1676/1676/1676 1675/1675/1675
f 1680/1680/1680 1679/1679/1679 1678/1678/1678
f 1683/1683/1683 1682/1682/1682 1681/1681/1681
f 1686/1686/1686 1685/1685/1685 1684/1684/1684
f 1689/1689/1689 1688/1688/1688 1687/1687/1687
f 1692/1692/1692 1691/1691/1691 1690/1690/1690
f 1695/1695/1695 1694/1694/1694 1693/1693/1693
f 1698/1698/1698 1697/1697/1697 1696/1696/1696
f 1701/1701/1701 1700/1700/1700 1699/1699/1699
f 1704/1704/1704 1703/1703/1703 1702/1702/1702
f 1707/1707/1707 1706/1706/1706 1705/1705/1705
f 1710/1710/1710 1709/1709/1709 1708/1708/1708
f 1713/1713/1713 1712/1712/1712 1711/1711/1711
f 1716/1716/1716 1715/1715/1715 1714/1714/1714
f 1719/1719/1719 1718/1718/1718 1717/1717/1717
f 1722/1722/1722 1721/1721/1721 1720/1720/1720
f 1725/1725/1725 1724/1724/1724 1723/1723/1723
f 1728/1728/1728 1727/1727/1727 1726/1726/1726
f 1731/1731/1731 1730/1730/1730 1729/1729/1729
f 1734/1734/1734 1733/1733/1733 1732/1732/1732
f 1737/1737/1737 1736/1736/1736 1735/1735/1735
f 1740/1740/1740 1739/1739/1739 1738/1738/1738
f 1743/1743/1743 1742/1742/1742 1741/1741/1741
f 1746/1746/1746 1745/1745/1745 1744/1744/1744
f 1749/1749/1749 1748/1748/1748 1747/1747/1747
f 1752/1752/1752 1751/1751/1751 1750/1750/1750
f 1755/1755/1755 1754/1754/1754 1753/1753/1753
f 1758/1758/1758 1757/1757/1757 1756/1756/1756
f 1761/1761/1761 1760/1760/1760 1759/1759/1759
f 1764/1764/1764 1763/1763/1763 1762/1762/1762
f 1767/1767/1767 1766/1766/1766 1765/1765/1765
f 1770/1770/1770 1769/1769/1769 1768/1768/1768
f 1773/1773/1773 1772/1772/1772 1771/1771/1771
f 1776/1776/1776 1775/1775/1775 1774/1774/1774
f 1779/1779/1779 1778/1778/1778 1777/1777/1777
f 1782/1782/1782 1781/1781/1781 1780/1780/1780
f 1785/1785/1785 1784/1784/1784 1783/1783/1783
f 1788/1788/1788 1787/1787/1787 1786/1786/1786
f 1791/1791/1791 1790/1790/1790 1789/1789/1789
f 1794/1794/1794 1793/1793/1793 1792/1792/1792
f 1797/1797/1797 1796/1796/1796 1795/1795/1795
f 1800/1800/1800 1799/1799/1799 1798/1798/1798
f 1803/1803/1803 1802/1802/1802 1801/1801/1801
f 1806/1806/1806 1805/1805/1805 1804/1804/1804
f 1809/1809/1809 1808/1808/1808 1807/1807/1807
f 1812/1812/1812 1811/1811/1811 1810/1810/1810
f 1815/1815/1815 1814/1814/1814 1813/1813/1813
f 1818/1818/1818 1817/1817/1817 1816/1816/1816
f 1821/1821/1821 1820/1820/1820 1819/1819/1819
f 1824/1824/1824 1823/1823/1823 1822/1822/1822
f 1827/1827/1827 1826/1826/1826 1825/1825/1825
f 1830/1830/1830 1829/1829/1829 1828/1828/1828
f 1833/1833/1833 1832/1832/1832 1831/1831/1831
f 1836/1836/1836 1835/1835/1835 1834/1834/1834
f 1839/1839/1839 1838/1838/1838 1837/1837/1837
f 1842/1842/1842 1841/1841/1841 1840/1840/1840
f 1845/1845/1845 1844/1844/1844 1843/1843/1843
f 1848/1848/1848 1847/1847/1847 1846/1846/1846
f 1851/1851/1851 1850/1850/1850 1849/1849/1849
f 1854/1854/1854 1853/1853/1853 1852/1852/1852
f 1857/1857/1857 1856/1856/1856 1855/1855/1855
f 1860/1860/1860 1859/1859/1859 1858/1858/1858
f 1863/1863/1863 1862/1862/1862 1861/1861/1861
f 1866/1866/1866 1865/1865/1865 1864/1864/1864
f 1869/1869/1869 1868/1868/1868 1867/1867/1867
f 1872/1872/1872 1871/1871/1871 1870/1870/1870
f 1875/1875/1875 1874/1874/1874 1873/1873/1873
f 1878/1878/1878 1877/1877/1877 1876/1876/1876
f 1881/1881/1881 1880/1880/1880 1879/1879/1879
f 1884/1884/1884 1883/1883/1883 1882/1882/1882
f 1887/1887/1887 1886/1886/1886 1885/1885/1885
f 1890/1890/1890 1889/1889/1889 1888/1888/1888
f 1893/1893/1893 1892/1892/1892 1891/1891/1891
f 1896/1896/1896 1895/1895/1895 1894/1894/1894
f 1899/1899/1899 1898/1898/1898 1897/1897/1897
f 1902/1902/1902 1901/1901/1901 1900/1900/1900
f 1905/1905/1905 1904/1904/1904 1903/1903/1903
f 1908/1908/1908 1907/1907/1907 1906/1906/1906
f 1911/1911/1911 1910/1910/1910 1909/1909/1909
f 1914/1914/1914 1913/1913/1913 1912/1912/1912
f 1917/1917/1917 1916/1916/1916 1915/1915/1915
f 1920/1920/1920 1919/1919/1919 1918/1918/1918
f 1923/1923/1923 1922/1922/1922 1921/1921/1921
f 1926/1926/1926 1925/1925/1925 1924/1924/1924
f 1929/1929/1929 1928/1928/1928 1927/1927/1927
f 1932/1932/1932 1931/1931/1931 1930/1930/1930
f 1935/1935/1935 1934/1934/1934 1933/1933/1933
f 1938/1938/1938 1937/1937/1937 1936/1936/1936
f 1941/1941/1941 1940/1940/1940 1939/1939/1939
f 1944/1944/1944 1943/1943/1943 1942/1942/1942
f 1947/1947/1947 1946/1946/1946 1945/1945/1945
f 1950/1950/1950 1949/1949/1949 1948/1948/1948
f 1953/1953/1953 1952/1952/1952 1951/1951/1951
f 1956/1956/1956 1955/1955/1955 1954/1954/1954
f 1959/1959/1959 1958/1958/1958 1957/1957/1957
f 1962/1962/1962 1961/1961/1961 1960/1960/1960
f 1965/1965/1965 1964/1964/1964 1963/1963/1963
f 1968/1968/1968 1967/1967/1967 1966/1966/1966
f 1971/1971/1971 1970/1970/1970 1969/1969/1969
f 1974/1974/1974 1973/1973/1973 1972/1972/1972
f 1977/1977/1977 1976/1976/1976 1975/1975/1975
f 1980/1980/1980 1979/1979/1979 1978/1978/1978
f 1983/1983/1983 1982/1982/1982 1981/1981/1981
f 1986/1986/1986 1985/1985/1985 1984/1984/1984
f 1989/1989/1989 1988/1988/1988 1987/1987/1987
f 1992/1992/1992 1991/1991/1991 1990/1990/1990
f 1995/1995/1995 1994/1994/1994 1993/1993/1993
f 1998/1998/1998 1997/1997/1997 1996/1996/1996
f 2001/2001/2001 2000/2000/2000 1999/1999/1999
f 2004/2004/2004 2003/2003/2003 2002/2002/2002
f 2007/2007/2007 2006/2006/2006 2005/2005/2005
f 2010/2010/2010 2009/2009/2009 2008/2008/2008
f 2013/2013/2013 2012/2012/2012 2011/2011/2011
f 2016/2016/2016 2015/2015/2015 2014/2014/2014
f 2019/2019/2019 2018/2018/2018 2017/2017/2017
f 2022/2022/2022 2021/2021/2021 2020/2020/2020
f 2025/2025/2025 2024/2024/2024 2023/2023/2023
f 2028/2028/2028 2027/2027/2027 2026/2026/2026
f 2031/2031/2031 2030/2030/2030 2029/2029/2029
f 2034/2034/2034 2033/2033/2033 2032/2032/2032
f 2037/2037/2037 2036/2036/2036 2035/2035/2035
f 2040/2040/2040 2039/2039/2039 2038/2038/2038
f 2043/2043/2043 2042/2042/2042 2041/2041/2041
f 2046/2046/2046 2045/2045/2045 2044/2044/2044
f 2049/2049/2049 2048/2048/2048 2047/2047/2047
f 2052/2052/2052 2051/2051/2051 2050/2050/2050
f 2055/2055/2055 2054/2054/2054 2053/2053/2053
f 2058/2058/2058 2057/2057/2057 2056/2056/2056
f 2061/2061/2061 2060/2060/2060 2059/2059/2059
f 2064/2064/2064 2063/2063/2063 2062/2062/2062
f 2067/2067/2067 2066/2066/2066 2065/2065/2065
f 2070/2070/2070 2069/2069/2069 2068/2068/2068
f 2073/2073/2073 2072/2072/2072 2071/2071/2071
f 2076/2076/2076 2075/2075/2075 2074/2074/2074
f 2079/2079/2079 2078/2078/2078 2077/2077/2077
f 2082/2082/2082 2081/2081/2081 2080/2080/2080
f 2085/2085/2085 2084/2084/2084 2083/2083/2083
f 2088/2088/2088 2087/2087/2087 2086/2086/2086
f 2091/2091/2091 2090/2090/2090 2089/2089/2089
f 2094/2094/2094 2093/2093/2093 2092/2092/2092
f 2097/2097/2097 2096/2096/2096 2095/2095/2095
f 2100/2100/2100 2099/2099/2099 2098/2098/2098
f 2103/2103/2103 2102/2102/2102 2101/2101/2101
f 2106/2106/2106 2105/2105/2105 2104/2104/2104
f 2109/2109/2109 2108/2108/2108 2107/2107/2107
f 2112/2112/2112 2111/2111/2111 2110/2110/2110
f 2115/2115/2115 2114/2114/2114 2113/2113/2113
f 2118/2118/2118 2117/2117/2117 2116/2116/2116
f 2121/2121/2121 2120/2120/2120 2119/2119/2119
f 2124/2124/2124 2123/2123/2123 2122/2122/2122
f 2127/2127/2127 2126/2126/2126 2125/2125/2125
f 2130/2130/2130 2129/2129/2129 2128/2128/2128
f 2133/2133/2133 2132/2132/2132 2131/2131/2131
f 2136/2136/2136 2135/2135/2135 2134/2134/2134
f 2139/2139/2139 2138/2138/2138 2137/2137/2137
f 2142/2142/2142 2141/2141/2141 2140/2140/2140
f 2145/2145/2145 2144/2144/2144 2143/2143/2143
f 2148/2148/2148 2147/2147/2147 2146/2146/2146
f 2151/2151/2151 2150/2150/2150 2149/2149/2149
f 2154/2154/2154 2153/2153/2153 2152/2152/2152
f 2157/2157/2157 2156/2156/2156 2155/2155/2155
f 2160/2160/2160 2159/2159/2159 2158/2158/2158
f 2163/2163/2163 2162/2162/2162 2161/2161/2161
f 2166/2166/2166 2165/2165/2165 2164/2164/2164
f 2169/2169/2169 2168/2168/2168 2167/2167/2167
f 2172/2172/2172 2171/2171/2171 2170/2170/2170
f 2175/2175/2175 2174/2174/2174 2173/2173/2173
f 2178/2178/2178 2177/2177/2177 2176/2176/2176
f 2181/2181/2181 2180/2180/2180 2179/2179/2179
f 2184/2184/2184 2183/2183/2183 2182/2182/2182
f 2187/2187/2187 2186/2186/2186 2185/2185/2185
f 2190/2190/2190 2189/2189/2189 2188/2188/2188
f 2193/2193/2193 2192/2192/2192 2191/2191/2191
f 2196/2196/2196 2195/2195/2195 2194/2194/2194
f 2199/2199/2199 2198/2198/2198 2197/2197/2197
f 2202/2202/2202 2201/2201/2201 2200/2200/2200
f 2205/2205/2205 2204/2204/2204 2203/2203/2203
f 2208/2208/2208 2207/2207/2207 2206/2206/2206
f 2211/2211/2211 2210/2210/2210 2209/2209/2209
f 2214/2214/2214 2213/2213/2213 2212/2212/2212
f 2217/2217/2217 2216/2216/2216 2215/2215/2215
f 2220/2220/2220 2219/2219/2219 2218/2218/2218
f 2223/2223/2223 2222/2222/2222 2221/2221/2221
f 2226/2226/2226 2225/2225/2225 2224/2224/2224
f 2229/2229/2229 2228/2228/2228 2227/2227/2227
f 2232/2232/2232 2231/2231/2231 2230/2230/2230
f 2235/2235/2235 2234/2234/2234 2233/2233/2233
f 2238/2238/2238 2237/2237/2237 2236/2236/2236
f 2241/2241/2241 2240/2240/2240 2239/2239/2239
f 2244/2244/2244 2243/2243/2243 2242/2242/2242
f 2247/2247/2247 2246/2246/2246 2245/2245/2245
f 2250/2250/2250 2249/2249/2249 2248/2248/2248
f 2253/2253/2253 2252/2252/2252 2251/2251/2251
f 2256/2256/2256 2255/2255/2255 2254/2254/2254
f 2259/2259/2259 2258/2258/2258 2257/2257/2257
f 2262/2262/2262 2261/2261/2261 2260/2260/2260
f 2265/2265/2265 2264/2264/2264 2263/2263/2263
f 2268/2268/2268 2267/2267/2267 2266/2266/2266
f 2271/2271/2271 2270/2270/2270 2269/2269/2269
f 2274/2274/2274 2273/2273/2273 2272/2272/2272
f 2277/2277/2277 2276/2276/2276 2275/2275/2275
f 2280/2280/2280 2279/2279/2279 2278/2278/2278
f 2283/2283/2283 2282/2282/2282 2281/2281/2281
f 2286/2286/2286 2285/2285/2285 2284/2284/2284
f 2289/2289/2289 2288/2288/2288 2287/2287/2287
f 2292/2292/2292 2291/2291/2291 2290/2290/2290
f 2295/2295/2295 2294/2294/2294 2293/2293/2293
f 2298/2298/2298 2297/2297/2297 2296/2296/2296
f 2301/2301/2301 2300/2300/2300 2299/2299/2299
f 2304/2304/2304 2303/2303/2303 2302/2302/2302
f 2307/2307/2307 2306/2306/2306 2305/2305/2305
f 2310/2310/2310 2309/2309/2309 2308/2308/2308
f 2313/2313/2313 2312/2312/2312 2311/2311/2311
f 2316/2316/2316 2315/2315/2315 2314/2314/2314
f 2319/2319/2319 2318/2318/2318 2317/2317/2317
f 2322/2322/2322 2321/2321/2321 2320/2320/2320
f 2325/2325/2325 2324/2324/2324 2323/2323/2323
f 2328/2328/2328 2327/2327/2327 2326/2326/2326
f 2331/2331/2331 2330/2330/2330 2329/2329/2329
f 2334/2334/2334 2333/2333/2333 2332/2332/2332
f 2337/2337/2337 2336/2336/2336 2335/2335/2335
f 2340/2340/2340 2339/2339/2339 2338/2338/2338
f 2343/2343/2343 2342/2342/2342 2341/2341/2341
f 2346/2346/2346 2345/2345/2345 2344/2344/2344
f 2349/2349/2349 2348/2348/2348 2347/2347/2347
f 2352/2352/2352 2351/2351/2351 2350/2350/2350
f 2355/2355/2355 2354/2354/2354 2353/2353/2353
f 2358/2358/2358 2357/2357/2357 2356/2356/2356
f 2361/2361/2361 2360/2360/2360 2359/2359/2359
f 2364/2364/2364 2363/2363/2363 2362/2362/2362
f 2367/2367/2367 2366/2366/2366 2365/2365/2365
f 2370/2370/2370 2369/2369/2369 2368/2368/2368
f 2373/2373/2373 2372/2372/2372 2371/2371/2371
f 2376/2376/2376 2375/2375/2375 2374/2374/2374
f 2379/2379/2379 2378/2378/2378 2377/2377/2377
f 2382/2382/2382 2381/2381/2381 2380/2380/2380
f 2385/2385/2385 2384/2384/2384 2383/2383/2383
f 2388/2388/2388 2387/2387/2387 2386/2386/2386
f 2391/2391/2391 2390/2390/2390 2389/2389/2389
f 2394/2394/2394 2393/2393/2393 2392/2392/2392
f 2397/2397/2397 2396/2396/2396 2395/2395/2395
f 2400/2400/2400 2399/2399/2399 2398/2398/2398
f 2403/2403/2403 2402/2402/2402 2401/2401/2401
f 2406/2406/2406 2405/2405/2405 2404/2404/2404
f 2409/2409/2409 2408/2408/2408 2407/2407/2407
f 2412/2412/2412 2411/2411/2411 2410/2410/2410
f 2415/2415/2415 2414/2414/2414 2413/2413/2413
f 2418/2418/2418 2417/2417/2417 2416/2416/2416
f 2421/2421/2421 2420/2420/2420 2419/2419/2419
f 2424/2424/2424 2423/2423/2423 2422/2422/2422
f 2427/2427/2427 2426/2426/2426 2425/2425/2425
f 2430/2430/2430 2429/2429/2429 2428/2428/2428
f 2433/2433/2433 2432/2432/2432 2431/2431/2431
f 2436/2436/2436 2435/2435/2435 2434/2434/2434
f 2439/2439/2439 2438/2438/2438 2437/2437/2437
f 2442/2442/2442 2441/2441/2441 2440/2440/2440
f 2445/2445/2445 2444/2444/2444 2443/2443/2443
f 2448/2448/2448 2447/2447/2447 2446/2446/2446
f 2451/2451/2451 2450/2450/2450 2449/2449/2449
f 2454/2454/2454 2453/2453/2453 2452/2452/2452
f 2457/2457/2457 2456/2456/2456 2455/2455/2455
f 2460/2460/2460 2459/2459/2459 2458/2458/2458
f 2463/2463/2463 2462/2462/2462 2461/2461/2461
f 2466/2466/2466 2465/2465/2465 2464/2464/2464
f 2469/2469/2469 2468/2468/2468 2467/2467/2467
f 2472/2472/2472 2471/2471/2471 2470/2470/2470
f 2475/2475/2475 2474/2474/2474 2473/2473/2473
f 2478/2478/2478 2477/2477/2477 2476/2476/2476
f 2481/2481/2481 2480/2480/2480 2479/2479/2479
f 2484/2484/2484 2483/2483/2483 2482/2482/2482
f 2487/2487/2487 2486/2486/2486 2485/2485/2485
f 2490/2490/2490 2489/2489/2489 2488/2488/2488
f 2493/2493/2493 2492/2492/2492 2491/2491/2491
f 2496/2496/2496 2495/2495/2495 2494/2494/2494
f 2499/2499/2499 2498/2498/2498 2497/2497/2497
f 2502/2502/2502 2501/2501/2501 2500/2500/2500
f 2505/2505/2505 2504/2504/2504 2503/2503/2503
f 2508/2508/2508 2507/2507/2507 2506/2506/2506
f 2511/2511/2511 2510/2510/2510 2509/2509/2509
f 2514/2514/2514 2513/2513/2513 2512/2512/2512
f 2517/2517/2517 2516/2516/2516 2515/2515/2515
f 2520/2520/2520 2519/2519/2519 2518/2518/2518
f 2523/2523/2523 2522/2522/2522 2521/2521/2521
f 2526/2526/2526 2525/2525/2525 2524/2524/2524
f 2529/2529/2529 2528/2528/2528 2527/2527/2527
f 2532/2532/2532 2531/2531/2531 2530/2530/2530
f 2535/2535/2535 2534/2534/2534 2533/2533/2533
f 2538/2538/2538 2537/2537/2537 2536/2536/2536
f 2541/2541/2541 2540/2540/2540 2539/2539/2539
f 2544/2544/2544 2543/2543/2543 2542/2542/2542
f 2547/2547/2547 2546/2546/2546 2545/2545/2545
f 2550/2550/2550 2549/2549/2549 2548/2548/2548
f 2553/2553/2553 2552/2552/2552 2551/2551/2551
f 2556/2556/2556 2555/2555/2555 2554/2554/2554
f 2559/2559/2559 2558/2558/2558 2557/2557/2557
f 2562/2562/2562 2561/2561/2561 2560/2560/2560
f 2565/2565/2565 2564/2564/2564 2563/2563/2563
f 2568/2568/2568 2567/2567/2567 2566/2566/2566
f 2571/2571/2571 2570/2570/2570 2569/2569/2569
f 2574/2574/2574 2573/2573/2573 2572/2572/2572
f 2577/2577/2577 2576/2576/2576 2575/2575/2575
f 2580/2580/2580 2579/2579/2579 2578/2578/2578
f 2583/2583/2583 2582/2582/2582 2581/2581/2581
f 2586/2586/2586 2585/2585/2585 2584/2584/2584
f 2589/2589/2589 2588/2588/2588 2587/2587/2587
f 2592/2592/2592 2591/2591/2591 2590/2590/2590
f 2595/2595/2595 2594/2594/2594 2593/2593/2593
f 2598/2598/2598 2597/2597/2597 2596/2596/2596
f 2601/2601/2601 2600/2600/2600 2599/2599/2599
f 2604/2604/2604 2603/2603/2603 2602/2602/2602
f 2607/2607/2607 2606/2606/2606 2605/2605/2605
f 2610/2610/2610 2609/2609/2609 2608/2608/2608
f 2613/2613/2613 2612/2612/2612 2611/2611/2611
f 2616/2616/2616 2615/2615/2615 2614/2614/2614
f 2619/2619/2619 2618/2618/2618 2617/2617/2617
f 2622/2622/2622 2621/2621/2621 2620/2620/2620
f 2625/2625/2625 2624/2624/2624 2623/2623/2623
f 2628/2628/2628 2627/2627/2627 2626/2626/2626
f 2631/2631/2631 2630/2630/2630 2629/2629/2629
f 2634/2634/2634 2633/2633/2633 2632/2632/2632
f 2637/2637/2637 2636/2636/2636 2635/2635/2635
f 2640/2640/2640 2639/2639/2639 2638/2638/2638
f 2643/2643/2643 2642/2642/2642 2641/2641/2641
f 2646/2646/2646 2645/2645/2645 2644/2644/2644
f 2649/2649/2649 2648/2648/2648 2647/2647/2647
f 2652/2652/2652 2651/2651/2651 2650/2650/2650
f 2655/2655/2655 2654/2654/2654 2653/2653/2653
f 2658/2658/2658 2657/2657/2657 2656/2656/2656
f 2661/2661/2661 2660/2660/2660 2659/2659/2659
f 2664/2664/2664 2663/2663/2663 2662/2662/2662
f 2667/2667/2667 2666/2666/2666 2665/2665/2665
f 2670/2670/2670 2669/2669/2669 2668/2668/2668
f 2673/2673/2673 2672/2672/2672 2671/2671/2671
f 2676/2676/2676 2675/2675/2675 2674/2674/2674
f 2679/2679/2679 2678/2678/2678 2677/2677/2677
f 2682/2682/2682 2681/2681/2681 2680/2680/2680
f 2685/2685/2685 2684/2684/2684 2683/2683/2683
f 2688/2688/2688 2687/2687/2687 2686/2686/2686
f 2691/2691/2691 2690/2690/2690 2689/2689/2689
f 2694/2694/2694 2693/2693/2693 2692/2692/2692
f 2697/2697/2697 2696/2696/2696 2695/2695/2695
f 2700/2700/2700 2699/2699/2699 2698/2698/2698
f 2703/2703/2703 2702/2702/2702 2701/2701/2701
f 2706/2706/2706 2705/2705/2705 2704/2704/2704
f 2709/2709/2709 2708/2708/2708 2707/2707/2707
f 2712/2712/2712 2711/2711/2711 2710/2710/2710
f 2715/2715/2715 2714/2714/2714 2713/2713/2713
f 2718/2718/2718 2717/2717/2717 2716/2716/2716
f 2721/2721/2721 2720/2720/2720 2719/2719/2719
f 2724/2724/2724 2723/2723/2723 2722/2722/2722
f 2727/2727/2727 2726/2726/2726 2725/2725/2725
f 2730/2730/2730 2729/2729/2729 2728/2728/2728
f 2733/2733/2733 2732/2732/2732 2731/2731/2731
f 2736/2736/2736 2735/2735/2735 2734/2734/2734
f 2739/2739/2739 2738/2738/2738 2737/2737/2737
f 2742/2742/2742 2741/2741/2741 2740/2740/2740
f 2745/2745/2745 2744/2744/2744 2743/2743/2743
f 2748/2748/2748 2747/2747/2747 2746/2746/2746
f 2751/2751/2751 2750/2750/2750 2749/2749/2749
f 2754/2754/2754 2753/2753/2753 2752/2752/2752
f 2757/2757/2757 2756/2756/2756 2755/2755/2755
f 2760/2760/2760 2759/2759/2759 2758/2758/2758
f 2763/2763/2763 2762/2762/2762 2761/2761/2761
f 2766/2766/2766 2765/2765/2765 2764/2764/2764
f 2769/2769/2769 2768/2768/2768 2767/2767/2767
f 2772/2772/2772 2771/2771/2771 2770/2770/2770
f 2775/2775/2775 2774/2774/2774 2773/2773/2773
f 2778/2778/2778 2777/2777/2777 2776/2776/2776
f 2781/2781/2781 2780/2780/2780 2779/2779/2779
f 2784/2784/2784 2783/2783/2783 2782/2782/2782
f 2787/2787/2787 2786/2786/2786 2785/2785/2785
f 2790/2790/2790 2789/2789/2789 2788/2788/2788
f 2793/2793/2793 2792/2792/2792 2791/2791/2791
f 2796/2796/2796 2795/2795/2795 2794/2794/2794
f 2799/2799/2799 2798/2798/2798 2797/2797/2797
f 2802/2802/2802 2801/2801/2801 2800/2800/2800
f 2805/2805/2805 2804/2804/2804 2803/2803/2803
f 2808/2808/2808 2807/2807/2807 2806/2806/2806
f 2811/2811/2811 2810/2810/2810 2809/2809/2809
f 2814/2814/2814 2813/2813/2813 2812/2812/2812
f 2817/2817/2817 2816/2816/2816 2815/2815/2815
f 2820/2820/2820 2819/2819/2819 2818/2818/2818
f 2823/2823/2823 2822/2822/2822 2821/2821/2821
f 2826/2826/2826 2825/2825/2825 2824/2824/2824
f 2829/2829/2829 2828/2828/2828 2827/2827/2827
f 2832/2832/2832 2831/2831/2831 2830/2830/2830
f 2835/2835/2835 2834/2834/2834 2833/2833/2833
f 2838/2838/2838 2837/2837/2837 2836/2836/2836
f 2841/2841/2841 2840/2840/2840 2839/2839/2839
f 2844/2844/2844 2843/2843/2843 2842/2842/2842
f 2847/2847/2847 2846/2846/2846 2845/2845/2845
f 2850/2850/2850 2849/2849/2849 2848/2848/2848
f 2853/2853/2853 2852/2852/2852 2851/2851/2851
f 2856/2856/2856 2855/2855/2855 2854/2854/2854
f 2859/2859/2859 2858/2858/2858 2857/2857/2857
f 2862/2862/2862 2861/2861/2861 2860/2860/2860
f 2865/2865/2865 2864/2864/2864 2863/2863/2863
f 2868/2868/2868 2867/2867/2867 2866/2866/2866
f 2871/2871/2871 2870/2870/2870 2869/2869/2869
f 2874/2874/2874 2873/2873/2873 2872/2872/2872
f 2877/2877/2877 2876/2876/2876 2875/2875/2875
f 2880/2880/2880 2879/2879/2879 2878/2878/2878
f 2883/2883/2883 2882/2882/2882 2881/2881/2881
f 2886/2886/2886 2885/2885/2885 2884/2884/2884
f 2889/2889/2889 2888/2888/2888 2887/2887/2887
f 2892/2892/2892 2891/2891/2891 2890/2890/2890
f 2895/2895/2895 2894/2894/2894 2893/2893/2893
f 2898/2898/2898 2897/2897/2897 2896/2896/2896
f 2901/2901/2901 2900/2900/2900 2899/2899/2899
f 2904/2904/2904 2903/2903/2903 2902/2902/2902
f 2907/2907/2907 2906/2906/2906 2905/2905/2905
f 2910/2910/2910 2909/2909/2909 2908/2908/2908
f 2913/2913/2913 2912/2912/2912 2911/2911/2911
f 2916/2916/2916 2915/2915/2915 2914/2914/2914
f 2919/2919/2919 2918/2918/2918 2917/2917/2917
f 2922/2922/2922 2921/2921/2921 2920/2920/2920
f 2925/2925/2925 2924/2924/2924 2923/2923/2923
f 2928/2928/2928 2927/2927/2927 2926/2926/2926
f 2931/2931/2931 2930/2930/2930 2929/2929/2929
f 2934/2934/2934 2933/2933/2933 2932/2932/2932
f 2937/2937/2937 2936/2936/2936 2935/2935/2935
f 2940/2940/2940 2939/2939/2939 2938/2938/2938
f 2943/2943/2943 2942/2942/2942 2941/2941/2941
f 2946/2946/2946 2945/2945/2945 2944/2944/2944
f 2949/2949/2949 2948/2948/2948 2947/2947/2947
f 2952/2952/2952 2951/2951/2951 2950/2950/2950
