# Static pose baked from local Project Zomboid assets
o Kate_Jacket
v -0.008381715 0.021535118 0.242417343
v -0.036721404 0.018196193 0.241493448
v -0.012010182 0.023344021 0.260840169
v 0.011653191 0.027991093 0.206408033
v 0.006184722 0.006820172 0.169894979
v -0.006307341 0.008667504 0.201215090
v 0.006184722 0.006820172 0.169894979
v 0.011653191 0.027991093 0.206408033
v 0.020497527 0.030490514 0.175464670
v -0.069396048 0.060542421 0.292475118
v -0.014389507 0.091835209 0.280383833
v -0.022047515 0.059213752 0.286342551
v -0.014389507 0.091835209 0.280383833
v -0.069396048 0.060542421 0.292475118
v -0.050606600 0.097967341 0.274338309
v 0.066756099 0.111503893 0.052104156
v -0.005523752 0.132600460 0.074965234
v 0.024426126 0.140623684 0.047292074
v -0.005523752 0.132600460 0.074965234
v 0.066756099 0.111503893 0.052104156
v 0.039050402 0.109608248 0.085577949
v 0.064435326 0.064152143 0.080376677
v 0.066756099 0.111503893 0.052104156
v 0.084149280 0.060706129 0.047920668
v 0.066756099 0.111503893 0.052104156
v 0.064435326 0.064152143 0.080376677
v 0.039050402 0.109608248 0.085577949
v 0.049566521 0.025231157 0.061186020
v 0.078168638 0.025732603 0.013339502
v 0.045282811 0.010484868 0.002059482
v 0.078168638 0.025732603 0.013339502
v 0.049566521 0.025231157 0.061186020
v 0.064435326 0.064152143 0.080376677
v -0.006307341 0.008667504 0.201215090
v -0.017030101 -0.000461757 0.161247771
v -0.027901348 0.001652985 0.183919032
v -0.017030101 -0.000461757 0.161247771
v -0.006307341 0.008667504 0.201215090
v 0.006184722 0.006820172 0.169894979
v 0.024426126 0.140623684 0.047292074
v -0.039853948 0.126412093 0.046487017
v -0.012349282 0.137312240 0.018705427
v -0.039853948 0.126412093 0.046487017
v 0.024426126 0.140623684 0.047292074
v -0.005523752 0.132600460 0.074965234
v -0.023805679 0.126327504 0.138575657
v -0.073086583 0.112781909 0.159638921
v -0.064359575 0.117345237 0.125692880
v -0.073086583 0.112781909 0.159638921
v -0.023805679 0.126327504 0.138575657
v -0.033170783 0.124070124 0.183269741
v 0.024426126 0.140623684 0.047292074
v 0.084726109 0.129334311 0.009165487
v 0.066756099 0.111503893 0.052104156
v 0.084726109 0.129334311 0.009165487
v 0.024426126 0.140623684 0.047292074
v 0.037948088 0.152866589 -0.002705522
v 0.066756099 0.111503893 0.052104156
v 0.100099542 0.064564474 0.016943985
v 0.084149280 0.060706129 0.047920668
v 0.100099542 0.064564474 0.016943985
v 0.066756099 0.111503893 0.052104156
v 0.084726109 0.129334311 0.009165487
v -0.015484218 0.130729499 0.094891584
v 0.000593870 0.121234552 0.145241789
v -0.023805679 0.126327504 0.138575657
v 0.012567078 0.102752370 0.152803508
v 0.022941053 0.064690165 0.145449013
v 0.011699118 0.095433498 0.186643415
v 0.022361939 0.062405518 0.151835588
v 0.009857358 0.028476226 0.134126117
v 0.011727080 0.030858873 0.130044383
v 0.009857358 0.028476226 0.134126117
v 0.022361939 0.062405518 0.151835588
v 0.022941053 0.064690165 0.145449013
v 0.009857358 0.028476226 0.134126117
v -0.012571265 0.020178289 0.125569007
v 0.011727080 0.030858873 0.130044383
v -0.012571265 0.020178289 0.125569007
v 0.009857358 0.028476226 0.134126117
v -0.016051899 0.019358621 0.126679541
v 0.053384139 0.013505172 0.209885557
v 0.101705328 0.053976898 0.185793629
v 0.059905398 0.058213885 0.198999161
v 0.102627342 -0.000256850 0.203645246
v 0.138671146 0.050146313 0.185792705
v 0.101705328 0.053976898 0.185793629
v 0.138671146 0.050146313 0.185792705
v 0.102627342 -0.000256850 0.203645246
v 0.146308373 0.001568433 0.203142485
v 0.071269222 0.075762563 0.252466695
v 0.101705328 0.053976898 0.185793629
v 0.119553722 0.068380835 0.246215104
v 0.101705328 0.053976898 0.185793629
v 0.071269222 0.075762563 0.252466695
v 0.059905398 0.058213885 0.198999161
v 0.101705328 0.053976898 0.185793629
v 0.174038808 0.056474546 0.229204094
v 0.119553722 0.068380835 0.246215104
v 0.174038808 0.056474546 0.229204094
v 0.101705328 0.053976898 0.185793629
v 0.138671146 0.050146313 0.185792705
v 0.029245098 0.086668529 0.258983172
v 0.071269222 0.075762563 0.252466695
v 0.072156032 0.052181271 0.264160455
v 0.071269222 0.075762563 0.252466695
v 0.029245098 0.086668529 0.258983172
v 0.027472475 0.092760048 0.242347338
v 0.119553722 0.068380835 0.246215104
v 0.167753528 0.012737837 0.234373295
v 0.116415667 0.016407734 0.253575954
v 0.167753528 0.012737837 0.234373295
v 0.119553722 0.068380835 0.246215104
v 0.174038808 0.056474546 0.229204094
v 0.064109189 0.013551395 0.248147702
v 0.116415667 0.016407734 0.253575954
v 0.102627342 -0.000256850 0.203645246
v 0.116415667 0.016407734 0.253575954
v 0.146308373 0.001568433 0.203142485
v 0.102627342 -0.000256850 0.203645246
v 0.146308373 0.001568433 0.203142485
v 0.116415667 0.016407734 0.253575954
v 0.167753528 0.012737837 0.234373295
v 0.142069428 -0.006149814 0.184703993
v 0.163793377 0.028744488 0.112434272
v 0.138144476 0.051865926 0.163532098
v 0.163793377 0.028744488 0.112434272
v 0.142069428 -0.006149814 0.184703993
v 0.160838543 -0.012372682 0.127561348
v 0.160838543 -0.012372682 0.127561348
v 0.177645423 0.015071382 0.076804014
v 0.163793377 0.028744488 0.112434272
v 0.177645423 0.015071382 0.076804014
v 0.160838543 -0.012372682 0.127561348
v 0.178977706 -0.019199484 0.081076671
v 0.138144476 0.051865926 0.163532098
v 0.211512338 0.027363164 0.137846518
v 0.194244224 0.050744222 0.195128243
v 0.211512338 0.027363164 0.137846518
v 0.138144476 0.051865926 0.163532098
v 0.163793377 0.028744488 0.112434272
v 0.163793377 0.028744488 0.112434272
v 0.223927395 0.005753747 0.091885170
v 0.211512338 0.027363164 0.137846518
v 0.223927395 0.005753747 0.091885170
v 0.163793377 0.028744488 0.112434272
v 0.177645423 0.015071382 0.076804014
v 0.194244224 0.050744222 0.195128243
v 0.208721749 -0.005489358 0.150388614
v 0.186476239 0.000848052 0.207836617
v 0.208721749 -0.005489358 0.150388614
v 0.194244224 0.050744222 0.195128243
v 0.211512338 0.027363164 0.137846518
v 0.211512338 0.027363164 0.137846518
v 0.220895874 -0.016894411 0.095911014
v 0.208721749 -0.005489358 0.150388614
v 0.220895874 -0.016894411 0.095911014
v 0.211512338 0.027363164 0.137846518
v 0.223927395 0.005753747 0.091885170
v 0.186476239 0.000848052 0.207836617
v 0.160838543 -0.012372682 0.127561348
v 0.142069428 -0.006149814 0.184703993
v 0.160838543 -0.012372682 0.127561348
v 0.186476239 0.000848052 0.207836617
v 0.208721749 -0.005489358 0.150388614
v 0.208721749 -0.005489358 0.150388614
v 0.178977706 -0.019199484 0.081076671
v 0.160838543 -0.012372682 0.127561348
v 0.178977706 -0.019199484 0.081076671
v 0.208721749 -0.005489358 0.150388614
v 0.220895874 -0.016894411 0.095911014
v 0.167753528 0.012737837 0.234373295
v 0.142069428 -0.006149814 0.184703993
v 0.146308373 0.001568433 0.203142485
v 0.142069428 -0.006149814 0.184703993
v 0.167753528 0.012737837 0.234373295
v 0.186476239 0.000848052 0.207836617
v 0.146308373 0.001568433 0.203142485
v 0.138144476 0.051865926 0.163532098
v 0.138671146 0.050146313 0.185792705
v 0.138144476 0.051865926 0.163532098
v 0.146308373 0.001568433 0.203142485
v 0.142069428 -0.006149814 0.184703993
v 0.174038808 0.056474546 0.229204094
v 0.138144476 0.051865926 0.163532098
v 0.194244224 0.050744222 0.195128243
v 0.138144476 0.051865926 0.163532098
v 0.174038808 0.056474546 0.229204094
v 0.138671146 0.050146313 0.185792705
v 0.194244224 0.050744222 0.195128243
v 0.167753528 0.012737837 0.234373295
v 0.174038808 0.056474546 0.229204094
v 0.167753528 0.012737837 0.234373295
v 0.194244224 0.050744222 0.195128243
v 0.186476239 0.000848052 0.207836617
v 0.018641972 0.054035566 0.287309638
v 0.064109189 0.013551395 0.248147702
v 0.020729832 0.031592862 0.278219583
v 0.020729832 0.031592862 0.278219583
v -0.022047515 0.059213752 0.286342551
v 0.018641972 0.054035566 0.287309638
v -0.022047515 0.059213752 0.286342551
v 0.020729832 0.031592862 0.278219583
v -0.016981666 0.039640980 0.280946137
v 0.000593870 0.121234552 0.145241789
v -0.033170783 0.124070124 0.183269741
v -0.023805679 0.126327504 0.138575657
v -0.033170783 0.124070124 0.183269741
v 0.000593870 0.121234552 0.145241789
v -0.010701625 0.127120930 0.197128545
v -0.022047515 0.059213752 0.286342551
v -0.056773453 0.040509630 0.288326304
v -0.069396048 0.060542421 0.292475118
v 0.016949272 0.012585981 0.254595277
v -0.008381715 0.021535118 0.242417343
v -0.012010182 0.023344021 0.260840169
v -0.008381715 0.021535118 0.242417343
v 0.016949272 0.012585981 0.254595277
v 0.018924313 0.021112895 0.230493718
v 0.053384139 0.013505172 0.209885557
v 0.018924313 0.021112895 0.230493718
v 0.016949272 0.012585981 0.254595277
v -0.014389507 0.091835209 0.280383833
v -0.050606600 0.097967341 0.274338309
v -0.043982793 0.119224814 0.233781338
v -0.043982793 0.119224814 0.233781338
v -0.095423763 0.088960456 0.259426647
v -0.085527002 0.106794260 0.204310435
v -0.095423763 0.088960456 0.259426647
v -0.043982793 0.119224814 0.233781338
v -0.050606600 0.097967341 0.274338309
v 0.018641972 0.054035566 0.287309638
v -0.022047515 0.059213752 0.286342551
v -0.014389507 0.091835209 0.280383833
v 0.029245098 0.086668529 0.258983172
v -0.014389507 0.091835209 0.280383833
v 0.002466723 0.108006337 0.249560602
v 0.027472475 0.092760048 0.242347338
v 0.014056113 0.073702607 0.219398278
v 0.019903199 0.045582265 0.214840326
v 0.014056113 0.073702607 0.219398278
v 0.027472475 0.092760048 0.242347338
v 0.005411668 0.108906193 0.241198121
v 0.007832554 0.033730773 0.227001253
v 0.019903199 0.045582265 0.214840326
v 0.014056113 0.073702607 0.219398278
v 0.025146468 0.060339581 0.173308139
v 0.017900082 0.073458720 0.185339573
v 0.022361939 0.062405518 0.151835588
v 0.011699118 0.095433498 0.186643415
v 0.004751025 0.112719414 0.190158321
v 0.012567078 0.102752370 0.152803508
v 0.064435326 0.064152143 0.080376677
v 0.084149280 0.060706129 0.047920668
v 0.078168638 0.025732603 0.013339502
v 0.084149280 0.060706129 0.047920668
v 0.100099542 0.064564474 0.016943985
v 0.078168638 0.025732603 0.013339502
v -0.056773453 0.040509630 0.288326304
v -0.022047515 0.059213752 0.286342551
v -0.016981666 0.039640980 0.280946137
v -0.036721404 0.018196193 0.241493448
v -0.048616501 -0.002930913 0.195184865
v -0.049093409 0.030435529 0.272570179
v 0.045282811 0.010484868 0.002059482
v -0.004916867 0.006395274 0.047537208
v 0.049566521 0.025231157 0.061186020
v -0.004916867 0.006395274 0.047537208
v 0.045282811 0.010484868 0.002059482
v 0.002326404 0.000497751 -0.011220371
v -0.012349282 0.137312240 0.018705427
v 0.037948088 0.152866589 -0.002705522
v 0.024426126 0.140623684 0.047292074
v 0.037948088 0.152866589 -0.002705522
v -0.012349282 0.137312240 0.018705427
v -0.007995582 0.146581217 -0.012374224
v -0.096882677 0.059643418 0.285439245
v -0.095423763 0.088960456 0.259426647
v -0.050606600 0.097967341 0.274338309
v -0.019768285 0.012453082 0.093957140
v 0.049566521 0.025231157 0.061186020
v -0.004916867 0.006395274 0.047537208
v 0.049566521 0.025231157 0.061186020
v -0.019768285 0.012453082 0.093957140
v 0.018552343 0.031694626 0.107872456
v 0.018552343 0.031694626 0.107872456
v 0.064435326 0.064152143 0.080376677
v 0.049566521 0.025231157 0.061186020
v 0.064435326 0.064152143 0.080376677
v 0.018552343 0.031694626 0.107872456
v 0.032765807 0.071979062 0.116229358
v 0.032765807 0.071979062 0.116229358
v 0.039050402 0.109608248 0.085577949
v 0.064435326 0.064152143 0.080376677
v 0.039050402 0.109608248 0.085577949
v 0.032765807 0.071979062 0.116229358
v 0.019925075 0.109918529 0.107413119
v 0.039050402 0.109608248 0.085577949
v -0.015484218 0.130729499 0.094891584
v -0.005523752 0.132600460 0.074965234
v -0.015484218 0.130729499 0.094891584
v 0.039050402 0.109608248 0.085577949
v 0.019925075 0.109918529 0.107413119
v -0.005523752 0.132600460 0.074965234
v -0.052054897 0.123916558 0.080082138
v -0.039853948 0.126412093 0.046487017
v -0.052054897 0.123916558 0.080082138
v -0.005523752 0.132600460 0.074965234
v -0.015484218 0.130729499 0.094891584
v -0.056773453 0.040509630 0.288326304
v -0.016981666 0.039640980 0.280946137
v -0.049093409 0.030435529 0.272570179
v -0.049093409 0.030435529 0.272570179
v -0.016981666 0.039640980 0.280946137
v -0.012010182 0.023344021 0.260840169
v -0.012010182 0.023344021 0.260840169
v 0.020729832 0.031592862 0.278219583
v 0.016949272 0.012585981 0.254595277
v 0.020729832 0.031592862 0.278219583
v -0.012010182 0.023344021 0.260840169
v -0.016981666 0.039640980 0.280946137
v 0.020729832 0.031592862 0.278219583
v 0.053384139 0.013505172 0.209885557
v 0.016949272 0.012585981 0.254595277
v 0.053384139 0.013505172 0.209885557
v 0.020729832 0.031592862 0.278219583
v 0.064109189 0.013551395 0.248147702
v 0.064109189 0.013551395 0.248147702
v 0.102627342 -0.000256850 0.203645246
v 0.053384139 0.013505172 0.209885557
v 0.116415667 0.016407734 0.253575954
v 0.064109189 0.013551395 0.248147702
v 0.069195029 0.030568815 0.261848924
v 0.019925075 0.109918529 0.107413119
v 0.012567078 0.102752370 0.152803508
v 0.000593870 0.121234552 0.145241789
v -0.004597257 0.118650042 0.246364918
v 0.005411668 0.108906193 0.241198121
v 0.002466723 0.108006337 0.249560602
v 0.004751025 0.112719414 0.190158321
v 0.000593870 0.121234552 0.145241789
v 0.012567078 0.102752370 0.152803508
v 0.000593870 0.121234552 0.145241789
v 0.004751025 0.112719414 0.190158321
v -0.010701625 0.127120930 0.197128545
v 0.000593870 0.121234552 0.145241789
v -0.015484218 0.130729499 0.094891584
v 0.019925075 0.109918529 0.107413119
v -0.096882677 0.059643418 0.285439245
v -0.050606600 0.097967341 0.274338309
v -0.069396048 0.060542421 0.292475118
v -0.043982793 0.119224814 0.233781338
v -0.010701625 0.127120930 0.197128545
v -0.004597257 0.118650042 0.246364918
v -0.010701625 0.127120930 0.197128545
v -0.043982793 0.119224814 0.233781338
v -0.033170783 0.124070124 0.183269741
v -0.010701625 0.127120930 0.197128545
v 0.005411668 0.108906193 0.241198121
v -0.004597257 0.118650042 0.246364918
v 0.005411668 0.108906193 0.241198121
v -0.010701625 0.127120930 0.197128545
v 0.004751025 0.112719414 0.190158321
v 0.005411668 0.108906193 0.241198121
v 0.011699118 0.095433498 0.186643415
v 0.005363434 0.085713336 0.214115422
v 0.011699118 0.095433498 0.186643415
v 0.005411668 0.108906193 0.241198121
v 0.004751025 0.112719414 0.190158321
v 0.005363434 0.085713336 0.214115422
v 0.017900082 0.073458720 0.185339573
v 0.014056113 0.073702607 0.219398278
v 0.017900082 0.073458720 0.185339573
v 0.005363434 0.085713336 0.214115422
v 0.011699118 0.095433498 0.186643415
v 0.017995112 0.048021737 0.201770937
v 0.014056113 0.073702607 0.219398278
v 0.017900082 0.073458720 0.185339573
v 0.014056113 0.073702607 0.219398278
v 0.017995112 0.048021737 0.201770937
v 0.007832554 0.033730773 0.227001253
v -0.012199879 0.012325599 0.133289460
v 0.006184722 0.006820172 0.169894979
v 0.016353700 0.022474921 0.138805485
v 0.006184722 0.006820172 0.169894979
v -0.012199879 0.012325599 0.133289460
v -0.017030101 -0.000461757 0.161247771
v 0.016353700 0.022474921 0.138805485
v 0.020497527 0.030490514 0.175464670
v 0.025862445 0.043404269 0.149623152
v 0.020497527 0.030490514 0.175464670
v 0.016353700 0.022474921 0.138805485
v 0.006184722 0.006820172 0.169894979
v -0.014243403 0.010572180 0.214917481
v -0.008381715 0.021535118 0.242417343
v 0.007832554 0.033730773 0.227001253
v -0.008381715 0.021535118 0.242417343
v -0.014243403 0.010572180 0.214917481
v -0.036721404 0.018196193 0.241493448
v 0.007832554 0.033730773 0.227001253
v 0.018924313 0.021112895 0.230493718
v 0.019903199 0.045582265 0.214840326
v 0.018924313 0.021112895 0.230493718
v 0.007832554 0.033730773 0.227001253
v -0.008381715 0.021535118 0.242417343
v 0.018924313 0.021112895 0.230493718
v 0.053384139 0.013505172 0.209885557
v 0.019903199 0.045582265 0.214840326
v 0.029245098 0.086668529 0.258983172
v 0.005411668 0.108906193 0.241198121
v 0.027472475 0.092760048 0.242347338
v 0.005411668 0.108906193 0.241198121
v 0.029245098 0.086668529 0.258983172
v 0.002466723 0.108006337 0.249560602
v -0.048616501 -0.002930913 0.195184865
v -0.036721404 0.018196193 0.241493448
v -0.014243403 0.010572180 0.214917481
v 0.011727080 0.030858873 0.130044383
v 0.025862445 0.043404269 0.149623152
v 0.022361939 0.062405518 0.151835588
v 0.025862445 0.043404269 0.149623152
v 0.011727080 0.030858873 0.130044383
v 0.016353700 0.022474921 0.138805485
v 0.025146468 0.060339581 0.173308139
v 0.020497527 0.030490514 0.175464670
v 0.017995112 0.048021737 0.201770937
v 0.017995112 0.048021737 0.201770937
v 0.011653191 0.027991093 0.206408033
v 0.007832554 0.033730773 0.227001253
v 0.007832554 0.033730773 0.227001253
v -0.006307341 0.008667504 0.201215090
v -0.014243403 0.010572180 0.214917481
v -0.006307341 0.008667504 0.201215090
v 0.007832554 0.033730773 0.227001253
v 0.011653191 0.027991093 0.206408033
v -0.014243403 0.010572180 0.214917481
v -0.027901348 0.001652985 0.183919032
v -0.048616501 -0.002930913 0.195184865
v -0.028460282 -0.002201123 0.158687579
v -0.027901348 0.001652985 0.183919032
v -0.017030101 -0.000461757 0.161247771
v -0.023797874 0.010061974 0.131898004
v -0.017030101 -0.000461757 0.161247771
v -0.012199879 0.012325599 0.133289460
v -0.017030101 -0.000461757 0.161247771
v -0.023797874 0.010061974 0.131898004
v -0.028460282 -0.002201123 0.158687579
v 0.011727080 0.030858873 0.130044383
v -0.012199879 0.012325599 0.133289460
v 0.016353700 0.022474921 0.138805485
v 0.020497527 0.030490514 0.175464670
v 0.025146468 0.060339581 0.173308139
v 0.025862445 0.043404269 0.149623152
v 0.017900082 0.073458720 0.185339573
v 0.025146468 0.060339581 0.173308139
v 0.017995112 0.048021737 0.201770937
v 0.025862445 0.043404269 0.149623152
v 0.025146468 0.060339581 0.173308139
v 0.022361939 0.062405518 0.151835588
v -0.064359575 0.117345237 0.125692880
v -0.015484218 0.130729499 0.094891584
v -0.023805679 0.126327504 0.138575657
v -0.015484218 0.130729499 0.094891584
v -0.064359575 0.117345237 0.125692880
v -0.052054897 0.123916558 0.080082138
v -0.085527002 0.106794260 0.204310435
v -0.033170783 0.124070124 0.183269741
v -0.043982793 0.119224814 0.233781338
v -0.033170783 0.124070124 0.183269741
v -0.085527002 0.106794260 0.204310435
v -0.073086583 0.112781909 0.159638921
v -0.014389507 0.091835209 0.280383833
v 0.029245098 0.086668529 0.258983172
v 0.018641972 0.054035566 0.287309638
v 0.101705328 0.053976898 0.185793629
v 0.053384139 0.013505172 0.209885557
v 0.102627342 -0.000256850 0.203645246
v 0.018641972 0.054035566 0.287309638
v 0.029245098 0.086668529 0.258983172
v 0.069195029 0.030568815 0.261848924
v 0.064109189 0.013551395 0.248147702
v 0.018641972 0.054035566 0.287309638
v 0.069195029 0.030568815 0.261848924
v -0.012199879 0.012325599 0.133289460
v 0.011727080 0.030858873 0.130044383
v -0.012571265 0.020178289 0.125569007
v -0.028460282 -0.002201123 0.158687579
v -0.031784460 0.007588904 0.132402626
v -0.036179344 -0.003573412 0.156941700
v -0.031784460 0.007588904 0.132402626
v -0.028460282 -0.002201123 0.158687579
v -0.023797874 0.010061974 0.131898004
v -0.027901348 0.001652985 0.183919032
v -0.028460282 -0.002201123 0.158687579
v -0.036179344 -0.003573412 0.156941700
v -0.012199879 0.012325599 0.133289460
v -0.012571265 0.020178289 0.125569007
v -0.023797874 0.010061974 0.131898004
v -0.027901348 0.001652985 0.183919032
v -0.036179344 -0.003573412 0.156941700
v -0.048616501 -0.002930913 0.195184865
v -0.027901348 0.001652985 0.183919032
v -0.014243403 0.010572180 0.214917481
v -0.006307341 0.008667504 0.201215090
v 0.011653191 0.027991093 0.206408033
v 0.017995112 0.048021737 0.201770937
v 0.020497527 0.030490514 0.175464670
v 0.014056113 0.073702607 0.219398278
v 0.005411668 0.108906193 0.241198121
v 0.005363434 0.085713336 0.214115422
v 0.053384139 0.013505172 0.209885557
v 0.059905398 0.058213885 0.198999161
v 0.019903199 0.045582265 0.214840326
v 0.059905398 0.058213885 0.198999161
v 0.027472475 0.092760048 0.242347338
v 0.019903199 0.045582265 0.214840326
v 0.027472475 0.092760048 0.242347338
v 0.059905398 0.058213885 0.198999161
v 0.071269222 0.075762563 0.252466695
v 0.119553722 0.068380835 0.246215104
v 0.072156032 0.052181271 0.264160455
v 0.071269222 0.075762563 0.252466695
v 0.029245098 0.086668529 0.258983172
v 0.072156032 0.052181271 0.264160455
v 0.069195029 0.030568815 0.261848924
v 0.072156032 0.052181271 0.264160455
v 0.116415667 0.016407734 0.253575954
v 0.069195029 0.030568815 0.261848924
v 0.116415667 0.016407734 0.253575954
v 0.072156032 0.052181271 0.264160455
v 0.119553722 0.068380835 0.246215104
v 0.002466723 0.108006337 0.249560602
v -0.043982793 0.119224814 0.233781338
v -0.004597257 0.118650042 0.246364918
v -0.043982793 0.119224814 0.233781338
v 0.002466723 0.108006337 0.249560602
v -0.014389507 0.091835209 0.280383833
v -0.012010182 0.023344021 0.260840169
v -0.036721404 0.018196193 0.241493448
v -0.049093409 0.030435529 0.272570179
v -0.016051899 0.019358621 0.126679541
v 0.009857358 0.028476226 0.134126117
v 0.018552343 0.031694626 0.107872456
v 0.018552343 0.031694626 0.107872456
v 0.022941053 0.064690165 0.145449013
v 0.032765807 0.071979062 0.116229358
v 0.022941053 0.064690165 0.145449013
v 0.018552343 0.031694626 0.107872456
v 0.009857358 0.028476226 0.134126117
v 0.012567078 0.102752370 0.152803508
v 0.032765807 0.071979062 0.116229358
v 0.022941053 0.064690165 0.145449013
v 0.032765807 0.071979062 0.116229358
v 0.012567078 0.102752370 0.152803508
v 0.019925075 0.109918529 0.107413119
v -0.019768285 0.012453082 0.093957140
v -0.016051899 0.019358621 0.126679541
v 0.018552343 0.031694626 0.107872456
v -0.016051899 0.019358621 0.126679541
v -0.019768285 0.012453082 0.093957140
v -0.031784460 0.007588904 0.132402626
v -0.023797874 0.010061974 0.131898004
v -0.016051899 0.019358621 0.126679541
v -0.031784460 0.007588904 0.132402626
v -0.016051899 0.019358621 0.126679541
v -0.023797874 0.010061974 0.131898004
v -0.012571265 0.020178289 0.125569007
v 0.017900082 0.073458720 0.185339573
v 0.022941053 0.064690165 0.145449013
v 0.022361939 0.062405518 0.151835588
v 0.022941053 0.064690165 0.145449013
v 0.017900082 0.073458720 0.185339573
v 0.011699118 0.095433498 0.186643415
v -0.122607564 -0.008842021 0.211750929
v -0.133889924 -0.002998634 0.234132412
v -0.095187769 0.000767309 0.223802827
v -0.110913799 -0.009977208 0.167185502
v -0.076809752 -0.018889517 0.143336006
v -0.101596266 -0.007331202 0.136393566
v -0.076809752 -0.018889517 0.143336006
v -0.110913799 -0.009977208 0.167185502
v -0.086135653 -0.016061385 0.175669317
v -0.119491993 0.045023904 0.276443968
v -0.164010109 0.059882553 0.245813606
v -0.138882654 0.074117725 0.249022284
v -0.164010109 0.059882553 0.245813606
v -0.119491993 0.045023904 0.276443968
v -0.147259282 0.033453251 0.258554522
v -0.098906018 0.091331378 0.020356146
v -0.081015177 0.109217999 0.051924880
v -0.102844560 0.069663990 0.044691043
v -0.081015177 0.109217999 0.051924880
v -0.098906018 0.091331378 0.020356146
v -0.065857164 0.129629975 0.029989901
v -0.097092755 0.027571064 0.039203463
v -0.098906018 0.091331378 0.020356146
v -0.102844560 0.069663990 0.044691043
v -0.098906018 0.091331378 0.020356146
v -0.097092755 0.027571064 0.039203463
v -0.101108974 0.038147411 0.012417193
v -0.062840523 0.003982642 0.035076066
v -0.077357552 0.011790779 -0.014355898
v -0.097092755 0.027571064 0.039203463
v -0.077357552 0.011790779 -0.014355898
v -0.062840523 0.003982642 0.035076066
v -0.043578628 0.004092704 -0.012294755
v -0.086135653 -0.016061385 0.175669317
v -0.052897484 -0.011572609 0.149769889
v -0.076809752 -0.018889517 0.143336006
v -0.052897484 -0.011572609 0.149769889
v -0.086135653 -0.016061385 0.175669317
v -0.058826734 -0.007926955 0.174022632
v -0.065857164 0.129629975 0.029989901
v -0.039853948 0.126412093 0.046487017
v -0.081015177 0.109217999 0.051924880
v -0.039853948 0.126412093 0.046487017
v -0.065857164 0.129629975 0.029989901
v -0.012349282 0.137312240 0.018705427
v -0.102467349 0.101015145 0.113319261
v -0.073086583 0.112781909 0.159638921
v -0.118244370 0.097716376 0.156045434
v -0.073086583 0.112781909 0.159638921
v -0.102467349 0.101015145 0.113319261
v -0.064359575 0.117345237 0.125692880
v -0.065857164 0.129629975 0.029989901
v -0.105204886 0.111548217 -0.021941873
v -0.055059031 0.146176210 -0.017729431
v -0.105204886 0.111548217 -0.021941873
v -0.065857164 0.129629975 0.029989901
v -0.098906018 0.091331378 0.020356146
v -0.098906018 0.091331378 0.020356146
v -0.107713327 0.044378254 -0.019546282
v -0.105204886 0.111548217 -0.021941873
v -0.107713327 0.044378254 -0.019546282
v -0.098906018 0.091331378 0.020356146
v -0.101108974 0.038147411 0.012417193
v -0.087396168 0.107012686 0.071751142
v -0.102467349 0.101015145 0.113319261
v -0.119299880 0.082840057 0.106763264
v -0.121432583 0.059925036 0.109805353
v -0.135256297 0.049910250 0.139616370
v -0.104240322 0.024193248 0.104652165
v -0.106723738 0.022417885 0.110527019
v -0.070485677 0.002950341 0.108358977
v -0.104240322 0.024193248 0.104652165
v -0.070485677 0.002950341 0.108358977
v -0.106723738 0.022417885 0.110527019
v -0.071662029 0.005026935 0.103359124
v -0.070485677 0.002950341 0.108358977
v -0.047495922 0.009359471 0.114392805
v -0.045065803 0.010288217 0.117387493
v -0.047495922 0.009359471 0.114392805
v -0.070485677 0.002950341 0.108358977
v -0.071662029 0.005026935 0.103359124
v -0.161399221 -0.015143623 0.162115625
v -0.159596176 0.030633820 0.154299976
v -0.173725352 0.029030962 0.112618173
v -0.184901316 -0.026730995 0.117769077
v -0.212928538 0.029046597 0.091281923
v -0.219088953 -0.022085125 0.088051646
v -0.212928538 0.029046597 0.091281923
v -0.184901316 -0.026730995 0.117769077
v -0.173725352 0.029030962 0.112618173
v -0.210293270 0.042778549 0.178345319
v -0.173725352 0.029030962 0.112618173
v -0.159596176 0.030633820 0.154299976
v -0.173725352 0.029030962 0.112618173
v -0.210293270 0.042778549 0.178345319
v -0.233642133 0.037506522 0.135310382
v -0.173725352 0.029030962 0.112618173
v -0.241719939 0.026315814 0.067542259
v -0.212928538 0.029046597 0.091281923
v -0.241719939 0.026315814 0.067542259
v -0.173725352 0.029030962 0.112618173
v -0.233642133 0.037506522 0.135310382
v -0.192226100 0.047035985 0.206790998
v -0.210293270 0.042778549 0.178345319
v -0.180961458 0.049160290 0.190636693
v -0.210293270 0.042778549 0.178345319
v -0.192226100 0.047035985 0.206790998
v -0.218585131 0.018132933 0.182522226
v -0.233642133 0.037506522 0.135310382
v -0.241834293 -0.017092281 0.075799993
v -0.241719939 0.026315814 0.067542259
v -0.241834293 -0.017092281 0.075799993
v -0.233642133 0.037506522 0.135310382
v -0.234160605 -0.015021982 0.137702021
v -0.198387431 -0.018814071 0.176166267
v -0.184901316 -0.026730995 0.117769077
v -0.234160605 -0.015021982 0.137702021
v -0.234160605 -0.015021982 0.137702021
v -0.219088953 -0.022085125 0.088051646
v -0.241834293 -0.017092281 0.075799993
v -0.219088953 -0.022085125 0.088051646
v -0.234160605 -0.015021982 0.137702021
v -0.184901316 -0.026730995 0.117769077
v -0.199493451 -0.023986269 0.108667453
v -0.132499888 0.025218626 0.110455689
v -0.139569349 -0.017968716 0.114069236
v -0.132499888 0.025218626 0.110455689
v -0.199493451 -0.023986269 0.108667453
v -0.192933712 0.037507799 0.110888031
v -0.139569349 -0.017968716 0.114069236
v -0.091934937 0.016862289 0.115796553
v -0.090002019 -0.017149351 0.114258261
v -0.091934937 0.016862289 0.115796553
v -0.139569349 -0.017968716 0.114069236
v -0.132499888 0.025218626 0.110455689
v -0.192933712 0.037507799 0.110888031
v -0.135787545 0.014380767 0.057573575
v -0.132499888 0.025218626 0.110455689
v -0.135787545 0.014380767 0.057573575
v -0.192933712 0.037507799 0.110888031
v -0.198434391 0.024848662 0.047989383
v -0.132499888 0.025218626 0.110455689
v -0.084989695 0.006144546 0.068450369
v -0.091934937 0.016862289 0.115796553
v -0.084989695 0.006144546 0.068450369
v -0.132499888 0.025218626 0.110455689
v -0.135787545 0.014380767 0.057573575
v -0.198434391 0.024848662 0.047989383
v -0.142017359 -0.020201197 0.060681176
v -0.135787545 0.014380767 0.057573575
v -0.142017359 -0.020201197 0.060681176
v -0.198434391 0.024848662 0.047989383
v -0.203636974 -0.025922770 0.058317368
v -0.135787545 0.014380767 0.057573575
v -0.086397182 -0.016535600 0.070485342
v -0.084989695 0.006144546 0.068450369
v -0.086397182 -0.016535600 0.070485342
v -0.135787545 0.014380767 0.057573575
v -0.142017359 -0.020201197 0.060681176
v -0.203636974 -0.025922770 0.058317368
v -0.139569349 -0.017968716 0.114069236
v -0.142017359 -0.020201197 0.060681176
v -0.139569349 -0.017968716 0.114069236
v -0.203636974 -0.025922770 0.058317368
v -0.199493451 -0.023986269 0.108667453
v -0.142017359 -0.020201197 0.060681176
v -0.090002019 -0.017149351 0.114258261
v -0.086397182 -0.016535600 0.070485342
v -0.090002019 -0.017149351 0.114258261
v -0.142017359 -0.020201197 0.060681176
v -0.139569349 -0.017968716 0.114069236
v -0.241834293 -0.017092281 0.075799993
v -0.199493451 -0.023986269 0.108667453
v -0.203636974 -0.025922770 0.058317368
v -0.199493451 -0.023986269 0.108667453
v -0.241834293 -0.017092281 0.075799993
v -0.219088953 -0.022085125 0.088051646
v -0.219088953 -0.022085125 0.088051646
v -0.192933712 0.037507799 0.110888031
v -0.199493451 -0.023986269 0.108667453
v -0.192933712 0.037507799 0.110888031
v -0.219088953 -0.022085125 0.088051646
v -0.212928538 0.029046597 0.091281923
v -0.241719939 0.026315814 0.067542259
v -0.192933712 0.037507799 0.110888031
v -0.212928538 0.029046597 0.091281923
v -0.192933712 0.037507799 0.110888031
v -0.241719939 0.026315814 0.067542259
v -0.198434391 0.024848662 0.047989383
v -0.198434391 0.024848662 0.047989383
v -0.241834293 -0.017092281 0.075799993
v -0.203636974 -0.025922770 0.058317368
v -0.241834293 -0.017092281 0.075799993
v -0.198434391 0.024848662 0.047989383
v -0.241719939 0.026315814 0.067542259
v -0.184183862 0.021885973 0.249037440
v -0.176101566 -0.000209738 0.243273817
v -0.198387431 -0.018814071 0.176166267
v -0.176101566 -0.000209738 0.243273817
v -0.147259282 0.033453251 0.258554522
v -0.142850593 0.014127174 0.254033202
v -0.147259282 0.033453251 0.258554522
v -0.176101566 -0.000209738 0.243273817
v -0.184183862 0.021885973 0.249037440
v -0.119299880 0.082840057 0.106763264
v -0.118244370 0.097716376 0.156045434
v -0.142253734 0.086369256 0.155030696
v -0.118244370 0.097716376 0.156045434
v -0.119299880 0.082840057 0.106763264
v -0.102467349 0.101015145 0.113319261
v -0.147259282 0.033453251 0.258554522
v -0.119491993 0.045023904 0.276443968
v -0.115363058 0.022359981 0.269577107
v -0.158694549 -0.017301958 0.225811249
v -0.122607564 -0.008842021 0.211750929
v -0.151234744 -0.012075465 0.199523265
v -0.122607564 -0.008842021 0.211750929
v -0.158694549 -0.017301958 0.225811249
v -0.133889924 -0.002998634 0.234132412
v -0.161399221 -0.015143623 0.162115625
v -0.158694549 -0.017301958 0.225811249
v -0.151234744 -0.012075465 0.199523265
v -0.164010109 0.059882553 0.245813606
v -0.135483716 0.090880033 0.204500226
v -0.138882654 0.074117725 0.249022284
v -0.135483716 0.090880033 0.204500226
v -0.095423763 0.088960456 0.259426647
v -0.138882654 0.074117725 0.249022284
v -0.095423763 0.088960456 0.259426647
v -0.135483716 0.090880033 0.204500226
v -0.085527002 0.106794260 0.204310435
v -0.184183862 0.021885973 0.249037440
v -0.164010109 0.059882553 0.245813606
v -0.147259282 0.033453251 0.258554522
v -0.192226100 0.047035985 0.206790998
v -0.172787766 0.066843932 0.204502151
v -0.164010109 0.059882553 0.245813606
v -0.180961458 0.049160290 0.190636693
v -0.142944686 0.027305465 0.172934817
v -0.167669944 0.059181042 0.188441890
v -0.142944686 0.027305465 0.172934817
v -0.180961458 0.049160290 0.190636693
v -0.147949104 0.009520917 0.182053922
v -0.122323729 -0.006588508 0.185350080
v -0.142944686 0.027305465 0.172934817
v -0.147949104 0.009520917 0.182053922
v -0.118986260 0.015690733 0.127184379
v -0.106723738 0.022417885 0.110527019
v -0.127347110 0.028464639 0.138859175
v -0.135256297 0.049910250 0.139616370
v -0.121432583 0.059925036 0.109805353
v -0.141422443 0.067438395 0.143381506
v -0.097092755 0.027571064 0.039203463
v -0.077357552 0.011790779 -0.014355898
v -0.101108974 0.038147411 0.012417193
v -0.101108974 0.038147411 0.012417193
v -0.077357552 0.011790779 -0.014355898
v -0.107713327 0.044378254 -0.019546282
v -0.115363058 0.022359981 0.269577107
v -0.142850593 0.014127174 0.254033202
v -0.147259282 0.033453251 0.258554522
v -0.095187769 0.000767309 0.223802827
v -0.106877314 0.012535467 0.254078813
v -0.048616501 -0.002930913 0.195184865
v -0.043578628 0.004092704 -0.012294755
v -0.004916867 0.006395274 0.047537208
v 0.002326404 0.000497751 -0.011220371
v -0.004916867 0.006395274 0.047537208
v -0.043578628 0.004092704 -0.012294755
v -0.062840523 0.003982642 0.035076066
v -0.012349282 0.137312240 0.018705427
v -0.055059031 0.146176210 -0.017729431
v -0.007995582 0.146581217 -0.012374224
v -0.055059031 0.146176210 -0.017729431
v -0.012349282 0.137312240 0.018705427
v -0.065857164 0.129629975 0.029989901
v -0.096882677 0.059643418 0.285439245
v -0.138882654 0.074117725 0.249022284
v -0.095423763 0.088960456 0.259426647
v -0.019768285 0.012453082 0.093957140
v -0.062840523 0.003982642 0.035076066
v -0.062528417 0.004953908 0.081781596
v -0.062840523 0.003982642 0.035076066
v -0.019768285 0.012453082 0.093957140
v -0.004916867 0.006395274 0.047537208
v -0.062528417 0.004953908 0.081781596
v -0.097092755 0.027571064 0.039203463
v -0.098131302 0.028808737 0.074108167
v -0.097092755 0.027571064 0.039203463
v -0.062528417 0.004953908 0.081781596
v -0.062840523 0.003982642 0.035076066
v -0.098131302 0.028808737 0.074108167
v -0.102844560 0.069663990 0.044691043
v -0.105731938 0.068476406 0.066978131
v -0.102844560 0.069663990 0.044691043
v -0.098131302 0.028808737 0.074108167
v -0.097092755 0.027571064 0.039203463
v -0.102844560 0.069663990 0.044691043
v -0.087396168 0.107012686 0.071751142
v -0.105731938 0.068476406 0.066978131
v -0.087396168 0.107012686 0.071751142
v -0.102844560 0.069663990 0.044691043
v -0.081015177 0.109217999 0.051924880
v -0.081015177 0.109217999 0.051924880
v -0.052054897 0.123916558 0.080082138
v -0.087396168 0.107012686 0.071751142
v -0.052054897 0.123916558 0.080082138
v -0.081015177 0.109217999 0.051924880
v -0.039853948 0.126412093 0.046487017
v -0.115363058 0.022359981 0.269577107
v -0.106877314 0.012535467 0.254078813
v -0.142850593 0.014127174 0.254033202
v -0.106877314 0.012535467 0.254078813
v -0.133889924 -0.002998634 0.234132412
v -0.142850593 0.014127174 0.254033202
v -0.133889924 -0.002998634 0.234132412
v -0.176101566 -0.000209738 0.243273817
v -0.142850593 0.014127174 0.254033202
v -0.176101566 -0.000209738 0.243273817
v -0.133889924 -0.002998634 0.234132412
v -0.158694549 -0.017301958 0.225811249
v -0.161399221 -0.015143623 0.162115625
v -0.176101566 -0.000209738 0.243273817
v -0.158694549 -0.017301958 0.225811249
v -0.176101566 -0.000209738 0.243273817
v -0.161399221 -0.015143623 0.162115625
v -0.198387431 -0.018814071 0.176166267
v -0.198387431 -0.018814071 0.176166267
v -0.161399221 -0.015143623 0.162115625
v -0.184901316 -0.026730995 0.117769077
v -0.234160605 -0.015021982 0.137702021
v -0.213517894 -0.003193031 0.181664789
v -0.198387431 -0.018814071 0.176166267
v -0.105731938 0.068476406 0.066978131
v -0.119299880 0.082840057 0.106763264
v -0.121432583 0.059925036 0.109805353
v -0.169012619 0.071805888 0.196203814
v -0.172787766 0.066843932 0.204502151
v -0.167669944 0.059181042 0.188441890
v -0.141422443 0.067438395 0.143381506
v -0.119299880 0.082840057 0.106763264
v -0.142253734 0.086369256 0.155030696
v -0.119299880 0.082840057 0.106763264
v -0.141422443 0.067438395 0.143381506
v -0.121432583 0.059925036 0.109805353
v -0.119299880 0.082840057 0.106763264
v -0.105731938 0.068476406 0.066978131
v -0.087396168 0.107012686 0.071751142
v -0.096882677 0.059643418 0.285439245
v -0.119491993 0.045023904 0.276443968
v -0.138882654 0.074117725 0.249022284
v -0.135483716 0.090880033 0.204500226
v -0.142253734 0.086369256 0.155030696
v -0.118244370 0.097716376 0.156045434
v -0.142253734 0.086369256 0.155030696
v -0.135483716 0.090880033 0.204500226
v -0.169012619 0.071805888 0.196203814
v -0.142253734 0.086369256 0.155030696
v -0.167669944 0.059181042 0.188441890
v -0.141422443 0.067438395 0.143381506
v -0.167669944 0.059181042 0.188441890
v -0.142253734 0.086369256 0.155030696
v -0.169012619 0.071805888 0.196203814
v -0.167669944 0.059181042 0.188441890
v -0.135256297 0.049910250 0.139616370
v -0.141422443 0.067438395 0.143381506
v -0.135256297 0.049910250 0.139616370
v -0.167669944 0.059181042 0.188441890
v -0.140426875 0.041751892 0.169344603
v -0.140426875 0.041751892 0.169344603
v -0.127347110 0.028464639 0.138859175
v -0.135256297 0.049910250 0.139616370
v -0.127347110 0.028464639 0.138859175
v -0.140426875 0.041751892 0.169344603
v -0.142944686 0.027305465 0.172934817
v -0.123035390 0.004333885 0.156639918
v -0.142944686 0.027305465 0.172934817
v -0.122323729 -0.006588508 0.185350080
v -0.142944686 0.027305465 0.172934817
v -0.123035390 0.004333885 0.156639918
v -0.127347110 0.028464639 0.138859175
v -0.047807829 0.001295113 0.121894598
v -0.076809752 -0.018889517 0.143336006
v -0.052897484 -0.011572609 0.149769889
v -0.076809752 -0.018889517 0.143336006
v -0.047807829 0.001295113 0.121894598
v -0.075101547 -0.005855712 0.109538989
v -0.075101547 -0.005855712 0.109538989
v -0.101596266 -0.007331202 0.136393566
v -0.076809752 -0.018889517 0.143336006
v -0.101596266 -0.007331202 0.136393566
v -0.075101547 -0.005855712 0.109538989
v -0.098060161 0.005016031 0.109966812
v -0.089129719 -0.012625797 0.190953192
v -0.122607564 -0.008842021 0.211750929
v -0.095187769 0.000767309 0.223802827
v -0.122607564 -0.008842021 0.211750929
v -0.089129719 -0.012625797 0.190953192
v -0.122323729 -0.006588508 0.185350080
v -0.122323729 -0.006588508 0.185350080
v -0.151234744 -0.012075465 0.199523265
v -0.122607564 -0.008842021 0.211750929
v -0.151234744 -0.012075465 0.199523265
v -0.122323729 -0.006588508 0.185350080
v -0.147949104 0.009520917 0.182053922
v -0.151234744 -0.012075465 0.199523265
v -0.147949104 0.009520917 0.182053922
v -0.161399221 -0.015143623 0.162115625
v -0.192226100 0.047035985 0.206790998
v -0.167669944 0.059181042 0.188441890
v -0.172787766 0.066843932 0.204502151
v -0.167669944 0.059181042 0.188441890
v -0.192226100 0.047035985 0.206790998
v -0.180961458 0.049160290 0.190636693
v -0.048616501 -0.002930913 0.195184865
v -0.089129719 -0.012625797 0.190953192
v -0.095187769 0.000767309 0.223802827
v -0.071662029 0.005026935 0.103359124
v -0.098060161 0.005016031 0.109966812
v -0.075101547 -0.005855712 0.109538989
v -0.098060161 0.005016031 0.109966812
v -0.071662029 0.005026935 0.103359124
v -0.106723738 0.022417885 0.110527019
v -0.118986260 0.015690733 0.127184379
v -0.123035390 0.004333885 0.156639918
v -0.101596266 -0.007331202 0.136393566
v -0.123035390 0.004333885 0.156639918
v -0.122323729 -0.006588508 0.185350080
v -0.110913799 -0.009977208 0.167185502
v -0.122323729 -0.006588508 0.185350080
v -0.086135653 -0.016061385 0.175669317
v -0.110913799 -0.009977208 0.167185502
v -0.086135653 -0.016061385 0.175669317
v -0.122323729 -0.006588508 0.185350080
v -0.089129719 -0.012625797 0.190953192
v -0.089129719 -0.012625797 0.190953192
v -0.048616501 -0.002930913 0.195184865
v -0.058826734 -0.007926955 0.174022632
v -0.042984819 -0.006700475 0.154039597
v -0.052897484 -0.011572609 0.149769889
v -0.058826734 -0.007926955 0.174022632
v -0.038136058 0.005620350 0.127309657
v -0.052897484 -0.011572609 0.149769889
v -0.042984819 -0.006700475 0.154039597
v -0.052897484 -0.011572609 0.149769889
v -0.038136058 0.005620350 0.127309657
v -0.047807829 0.001295113 0.121894598
v -0.071662029 0.005026935 0.103359124
v -0.075101547 -0.005855712 0.109538989
v -0.047807829 0.001295113 0.121894598
v -0.101596266 -0.007331202 0.136393566
v -0.098060161 0.005016031 0.109966812
v -0.118986260 0.015690733 0.127184379
v -0.127347110 0.028464639 0.138859175
v -0.123035390 0.004333885 0.156639918
v -0.118986260 0.015690733 0.127184379
v -0.098060161 0.005016031 0.109966812
v -0.106723738 0.022417885 0.110527019
v -0.118986260 0.015690733 0.127184379
v -0.064359575 0.117345237 0.125692880
v -0.087396168 0.107012686 0.071751142
v -0.052054897 0.123916558 0.080082138
v -0.087396168 0.107012686 0.071751142
v -0.064359575 0.117345237 0.125692880
v -0.102467349 0.101015145 0.113319261
v -0.085527002 0.106794260 0.204310435
v -0.118244370 0.097716376 0.156045434
v -0.073086583 0.112781909 0.159638921
v -0.118244370 0.097716376 0.156045434
v -0.085527002 0.106794260 0.204310435
v -0.135483716 0.090880033 0.204500226
v -0.164010109 0.059882553 0.245813606
v -0.184183862 0.021885973 0.249037440
v -0.192226100 0.047035985 0.206790998
v -0.173725352 0.029030962 0.112618173
v -0.184901316 -0.026730995 0.117769077
v -0.161399221 -0.015143623 0.162115625
v -0.184183862 0.021885973 0.249037440
v -0.213517894 -0.003193031 0.181664789
v -0.192226100 0.047035985 0.206790998
v -0.198387431 -0.018814071 0.176166267
v -0.213517894 -0.003193031 0.181664789
v -0.184183862 0.021885973 0.249037440
v -0.047807829 0.001295113 0.121894598
v -0.047495922 0.009359471 0.114392805
v -0.071662029 0.005026935 0.103359124
v -0.042984819 -0.006700475 0.154039597
v -0.031784460 0.007588904 0.132402626
v -0.038136058 0.005620350 0.127309657
v -0.031784460 0.007588904 0.132402626
v -0.042984819 -0.006700475 0.154039597
v -0.036179344 -0.003573412 0.156941700
v -0.058826734 -0.007926955 0.174022632
v -0.036179344 -0.003573412 0.156941700
v -0.042984819 -0.006700475 0.154039597
v -0.047807829 0.001295113 0.121894598
v -0.038136058 0.005620350 0.127309657
v -0.047495922 0.009359471 0.114392805
v -0.058826734 -0.007926955 0.174022632
v -0.048616501 -0.002930913 0.195184865
v -0.036179344 -0.003573412 0.156941700
v -0.058826734 -0.007926955 0.174022632
v -0.086135653 -0.016061385 0.175669317
v -0.089129719 -0.012625797 0.190953192
v -0.110913799 -0.009977208 0.167185502
v -0.101596266 -0.007331202 0.136393566
v -0.123035390 0.004333885 0.156639918
v -0.142944686 0.027305465 0.172934817
v -0.140426875 0.041751892 0.169344603
v -0.167669944 0.059181042 0.188441890
v -0.161399221 -0.015143623 0.162115625
v -0.147949104 0.009520917 0.182053922
v -0.159596176 0.030633820 0.154299976
v -0.159596176 0.030633820 0.154299976
v -0.180961458 0.049160290 0.190636693
v -0.210293270 0.042778549 0.178345319
v -0.180961458 0.049160290 0.190636693
v -0.159596176 0.030633820 0.154299976
v -0.147949104 0.009520917 0.182053922
v -0.233642133 0.037506522 0.135310382
v -0.210293270 0.042778549 0.178345319
v -0.218585131 0.018132933 0.182522226
v -0.192226100 0.047035985 0.206790998
v -0.213517894 -0.003193031 0.181664789
v -0.218585131 0.018132933 0.182522226
v -0.218585131 0.018132933 0.182522226
v -0.234160605 -0.015021982 0.137702021
v -0.233642133 0.037506522 0.135310382
v -0.234160605 -0.015021982 0.137702021
v -0.218585131 0.018132933 0.182522226
v -0.213517894 -0.003193031 0.181664789
v -0.172787766 0.066843932 0.204502151
v -0.135483716 0.090880033 0.204500226
v -0.164010109 0.059882553 0.245813606
v -0.135483716 0.090880033 0.204500226
v -0.172787766 0.066843932 0.204502151
v -0.169012619 0.071805888 0.196203814
v -0.133889924 -0.002998634 0.234132412
v -0.106877314 0.012535467 0.254078813
v -0.095187769 0.000767309 0.223802827
v -0.045065803 0.010288217 0.117387493
v -0.062528417 0.004953908 0.081781596
v -0.070485677 0.002950341 0.108358977
v -0.062528417 0.004953908 0.081781596
v -0.104240322 0.024193248 0.104652165
v -0.070485677 0.002950341 0.108358977
v -0.104240322 0.024193248 0.104652165
v -0.062528417 0.004953908 0.081781596
v -0.098131302 0.028808737 0.074108167
v -0.121432583 0.059925036 0.109805353
v -0.098131302 0.028808737 0.074108167
v -0.105731938 0.068476406 0.066978131
v -0.098131302 0.028808737 0.074108167
v -0.121432583 0.059925036 0.109805353
v -0.104240322 0.024193248 0.104652165
v -0.019768285 0.012453082 0.093957140
v -0.062528417 0.004953908 0.081781596
v -0.045065803 0.010288217 0.117387493
v -0.045065803 0.010288217 0.117387493
v -0.031784460 0.007588904 0.132402626
v -0.019768285 0.012453082 0.093957140
v -0.038136058 0.005620350 0.127309657
v -0.045065803 0.010288217 0.117387493
v -0.047495922 0.009359471 0.114392805
v -0.045065803 0.010288217 0.117387493
v -0.038136058 0.005620350 0.127309657
v -0.031784460 0.007588904 0.132402626
v -0.127347110 0.028464639 0.138859175
v -0.104240322 0.024193248 0.104652165
v -0.135256297 0.049910250 0.139616370
v -0.104240322 0.024193248 0.104652165
v -0.127347110 0.028464639 0.138859175
v -0.106723738 0.022417885 0.110527019
v -0.077357552 0.011790779 -0.014355898
v -0.105204886 0.111548217 -0.021941873
v -0.107713327 0.044378254 -0.019546282
v -0.077357552 0.011790779 -0.014355898
v -0.055059031 0.146176210 -0.017729431
v -0.105204886 0.111548217 -0.021941873
v -0.043578628 0.004092704 -0.012294755
v -0.055059031 0.146176210 -0.017729431
v -0.077357552 0.011790779 -0.014355898
v -0.043578628 0.004092704 -0.012294755
v -0.007995582 0.146581217 -0.012374224
v -0.055059031 0.146176210 -0.017729431
v 0.084726109 0.129334311 0.009165487
v 0.078168638 0.025732603 0.013339502
v 0.100099542 0.064564474 0.016943985
v 0.037948088 0.152866589 -0.002705522
v 0.078168638 0.025732603 0.013339502
v 0.084726109 0.129334311 0.009165487
v 0.037948088 0.152866589 -0.002705522
v 0.045282811 0.010484868 0.002059482
v 0.078168638 0.025732603 0.013339502
v -0.007995582 0.146581217 -0.012374224
v 0.045282811 0.010484868 0.002059482
v 0.037948088 0.152866589 -0.002705522
v -0.007995582 0.146581217 -0.012374224
v 0.002326404 0.000497751 -0.011220371
v 0.045282811 0.010484868 0.002059482
v -0.043578628 0.004092704 -0.012294755
v 0.002326404 0.000497751 -0.011220371
v -0.007995582 0.146581217 -0.012374224
v -0.096882677 0.059643418 0.285439245
v -0.074258629 0.038847787 0.234871611
v -0.119491993 0.045023904 0.276443968
v -0.119491993 0.045023904 0.276443968
v -0.074258629 0.038847787 0.234871611
v -0.115363058 0.022359981 0.269577107
v -0.115363058 0.022359981 0.269577107
v -0.074258629 0.038847787 0.234871611
v -0.106877314 0.012535467 0.254078813
v -0.106877314 0.012535467 0.254078813
v -0.074258629 0.038847787 0.234871611
v -0.048616501 -0.002930913 0.195184865
v -0.049093409 0.030435529 0.272570179
v -0.048616501 -0.002930913 0.195184865
v -0.074258629 0.038847787 0.234871611
v -0.096882677 0.059643418 0.285439245
v -0.069396048 0.060542421 0.292475118
v -0.074258629 0.038847787 0.234871611
v -0.056773453 0.040509630 0.288326304
v -0.074258629 0.038847787 0.234871611
v -0.069396048 0.060542421 0.292475118
v -0.049093409 0.030435529 0.272570179
v -0.074258629 0.038847787 0.234871611
v -0.056773453 0.040509630 0.288326304
v -0.084989695 0.006144546 0.068450369
v -0.090002019 -0.017149351 0.114258261
v -0.091934937 0.016862289 0.115796553
v -0.090002019 -0.017149351 0.114258261
v -0.084989695 0.006144546 0.068450369
v -0.086397182 -0.016535600 0.070485342
v 0.178977706 -0.019199484 0.081076671
v 0.223927395 0.005753747 0.091885170
v 0.177645423 0.015071382 0.076804014
v 0.223927395 0.005753747 0.091885170
v 0.178977706 -0.019199484 0.081076671
v 0.220895874 -0.016894411 0.095911014
vt 0.607613981 0.312407970
vt 0.536203027 0.308075011
vt 0.582162023 0.298696995
vt 0.598887980 0.366322994
vt 0.555342972 0.387392044
vt 0.553399026 0.364956975
vt 0.555342972 0.387392044
vt 0.598887980 0.366322994
vt 0.591901004 0.395612001
vt 0.753223002 0.238463998
vt 0.707886994 0.288816988
vt 0.697028995 0.253208041
vt 0.707886994 0.288816988
vt 0.753223002 0.238463998
vt 0.742295980 0.290917993
vt 0.666806996 0.543352008
vt 0.738160014 0.512664974
vt 0.741088986 0.536864996
vt 0.738160014 0.512664974
vt 0.666806996 0.543352008
vt 0.653144002 0.514953017
vt 0.578097999 0.527913988
vt 0.666806996 0.543352008
vt 0.617923975 0.550504982
vt 0.666806996 0.543352008
vt 0.578097999 0.527913988
vt 0.653144002 0.514953017
vt 0.543474019 0.530875027
vt 0.575740993 0.570487976
vt 0.538447976 0.574256003
vt 0.575740993 0.570487976
vt 0.543474019 0.530875027
vt 0.578097999 0.527913988
vt 0.553399026 0.364956975
vt 0.513493001 0.389403999
vt 0.514567971 0.368008018
vt 0.513493001 0.389403999
vt 0.553399026 0.364956975
vt 0.555342972 0.387392044
vt 0.741088986 0.536864996
vt 0.793744028 0.514645994
vt 0.793744028 0.552130997
vt 0.793744028 0.514645994
vt 0.741088986 0.536864996
vt 0.738160014 0.512664974
vt 0.737968028 0.441998959
vt 0.793174028 0.387587011
vt 0.792064011 0.436159968
vt 0.793174028 0.387587011
vt 0.737968028 0.441998959
vt 0.734070003 0.385779023
vt 0.741088986 0.536864996
vt 0.668416977 0.571828008
vt 0.666806996 0.543352008
vt 0.668416977 0.571828008
vt 0.741088986 0.536864996
vt 0.743741989 0.571488976
vt 0.666806996 0.543352008
vt 0.620562971 0.579429984
vt 0.617923975 0.550504982
vt 0.620562971 0.579429984
vt 0.666806996 0.543352008
vt 0.668416977 0.571828008
vt 0.736979008 0.490553975
vt 0.673708975 0.444527030
vt 0.737968028 0.441998959
vt 0.649137020 0.437250018
vt 0.595350981 0.446959972
vt 0.647917986 0.382986009
vt 0.598990023 0.433920026
vt 0.552788973 0.445852995
vt 0.553619027 0.440935016
vt 0.552788973 0.445852995
vt 0.598990023 0.433920026
vt 0.595350981 0.446959972
vt 0.552788973 0.445852995
vt 0.521327019 0.436501026
vt 0.553619027 0.440935016
vt 0.521327019 0.436501026
vt 0.552788973 0.445852995
vt 0.521516979 0.440953016
vt 0.863281012 0.105113983
vt 0.843750000 0.177734017
vt 0.844237983 0.124655008
vt 0.868164003 0.168945014
vt 0.845703006 0.250977039
vt 0.843750000 0.177734017
vt 0.845703006 0.250977039
vt 0.868164003 0.168945014
vt 0.868164003 0.243164003
vt 0.928710997 0.116178989
vt 0.957031012 0.144531012
vt 0.929687023 0.157226980
vt 0.957031012 0.144531012
vt 0.928710997 0.116178989
vt 0.956054986 0.113349974
vt 0.957031012 0.144531012
vt 0.928710997 0.224609017
vt 0.929687023 0.157226980
vt 0.928710997 0.224609017
vt 0.957031012 0.144531012
vt 0.951171994 0.231445014
vt 0.906455994 0.095600009
vt 0.928710997 0.116178989
vt 0.914062023 0.124616981
vt 0.928710997 0.116178989
vt 0.906455994 0.095600009
vt 0.927734017 0.092535019
vt 0.929687023 0.157226980
vt 0.895507991 0.232421994
vt 0.893554986 0.159179986
vt 0.895507991 0.232421994
vt 0.929687023 0.157226980
vt 0.928710997 0.224609017
vt 0.885742009 0.114257991
vt 0.893554986 0.159179986
vt 0.868164003 0.168945014
vt 0.893554986 0.159179986
vt 0.868164003 0.243164003
vt 0.868164003 0.168945014
vt 0.868164003 0.243164003
vt 0.893554986 0.159179986
vt 0.895507991 0.232421994
vt 0.868164003 0.286132991
vt 0.850585997 0.393554986
vt 0.846679986 0.293945014
vt 0.850585997 0.393554986
vt 0.868164003 0.286132991
vt 0.869140983 0.390625000
vt 0.869140983 0.390625000
vt 0.849609017 0.458984017
vt 0.850585997 0.393554986
vt 0.849609017 0.458984017
vt 0.869140983 0.390625000
vt 0.871093988 0.458007991
vt 0.950195014 0.274414003
vt 0.916992009 0.369140983
vt 0.925781012 0.271484017
vt 0.916992009 0.369140983
vt 0.950195014 0.274414003
vt 0.955078006 0.381835997
vt 0.955078006 0.381835997
vt 0.910156012 0.453125000
vt 0.916992009 0.369140983
vt 0.910156012 0.453125000
vt 0.955078006 0.381835997
vt 0.951171994 0.455078006
vt 0.925781012 0.271484017
vt 0.893554986 0.381835997
vt 0.896484017 0.276367009
vt 0.893554986 0.381835997
vt 0.925781012 0.271484017
vt 0.916992009 0.369140983
vt 0.916992009 0.369140983
vt 0.890625000 0.454102039
vt 0.893554986 0.381835997
vt 0.890625000 0.454102039
vt 0.916992009 0.369140983
vt 0.910156012 0.453125000
vt 0.896484017 0.276367009
vt 0.869140983 0.390625000
vt 0.868164003 0.286132991
vt 0.869140983 0.390625000
vt 0.896484017 0.276367009
vt 0.893554986 0.381835997
vt 0.893554986 0.381835997
vt 0.871093988 0.458007991
vt 0.869140983 0.390625000
vt 0.871093988 0.458007991
vt 0.893554986 0.381835997
vt 0.890625000 0.454102039
vt 0.895507991 0.232421994
vt 0.868164003 0.286132991
vt 0.868164003 0.243164003
vt 0.868164003 0.286132991
vt 0.895507991 0.232421994
vt 0.896484017 0.276367009
vt 0.868164003 0.243164003
vt 0.846679986 0.293945014
vt 0.845703006 0.250977039
vt 0.846679986 0.293945014
vt 0.868164003 0.243164003
vt 0.868164003 0.286132991
vt 0.928710997 0.224609017
vt 0.950195014 0.274414003
vt 0.925781012 0.271484017
vt 0.950195014 0.274414003
vt 0.928710997 0.224609017
vt 0.951171994 0.231445014
vt 0.925781012 0.271484017
vt 0.895507991 0.232421994
vt 0.928710997 0.224609017
vt 0.895507991 0.232421994
vt 0.925781012 0.271484017
vt 0.896484017 0.276367009
vt 0.895507991 0.072111011
vt 0.885742009 0.114257991
vt 0.888191998 0.072624981
vt 0.888191998 0.072624981
vt 0.902343988 0.020507991
vt 0.895507991 0.072111011
vt 0.902343988 0.020507991
vt 0.888191998 0.072624981
vt 0.885742009 0.021484017
vt 0.673708975 0.444527030
vt 0.734070003 0.385779023
vt 0.737968028 0.441998959
vt 0.734070003 0.385779023
vt 0.673708975 0.444527030
vt 0.695272028 0.381792009
vt 0.697028995 0.253208041
vt 0.726718009 0.226230979
vt 0.753223002 0.238463998
vt 0.871505022 0.084971011
vt 0.858398020 0.022460997
vt 0.869140983 0.021484017
vt 0.858398020 0.022460997
vt 0.871505022 0.084971011
vt 0.861688018 0.081054986
vt 0.863281012 0.105113983
vt 0.861688018 0.081054986
vt 0.871505022 0.084971011
vt 0.707886994 0.288816988
vt 0.742295980 0.290917993
vt 0.733277977 0.326631010
vt 0.733277977 0.326631010
vt 0.793013990 0.282948971
vt 0.792899013 0.341328025
vt 0.793013990 0.282948971
vt 0.733277977 0.326631010
vt 0.742295980 0.290917993
vt 0.895507991 0.072111011
vt 0.902343988 0.020507991
vt 0.913085997 0.056640983
vt 0.906455994 0.095600009
vt 0.913085997 0.056640983
vt 0.913085997 0.081054986
vt 0.927734017 0.092535019
vt 0.940891981 0.043945014
vt 0.955078006 0.076703012
vt 0.940891981 0.043945014
vt 0.927734017 0.092535019
vt 0.927734017 0.077148020
vt 0.953125000 0.023437977
vt 0.955078006 0.076703012
vt 0.940891981 0.043945014
vt 0.607545018 0.396968007
vt 0.622389972 0.390200019
vt 0.598990023 0.433920026
vt 0.647917986 0.382986009
vt 0.661548018 0.377261996
vt 0.649137020 0.437250018
vt 0.578097999 0.527913988
vt 0.617923975 0.550504982
vt 0.575740993 0.570487976
vt 0.617923975 0.550504982
vt 0.620562971 0.579429984
vt 0.575740993 0.570487976
vt 0.726718009 0.226230979
vt 0.697028995 0.253208041
vt 0.680526018 0.231020987
vt 0.536203027 0.308075011
vt 0.500020027 0.344007015
vt 0.530339003 0.293115020
vt 0.538447976 0.574256003
vt 0.500020027 0.531394005
vt 0.543474019 0.530875027
vt 0.500020027 0.531394005
vt 0.538447976 0.574256003
vt 0.500020027 0.577425003
vt 0.793744028 0.552130997
vt 0.743741989 0.571488976
vt 0.741088986 0.536864996
vt 0.743741989 0.571488976
vt 0.793744028 0.552130997
vt 0.793744028 0.574527025
vt 0.793006003 0.254356027
vt 0.793013990 0.282948971
vt 0.742295980 0.290917993
vt 0.500020027 0.484166980
vt 0.543474019 0.530875027
vt 0.500020027 0.531394005
vt 0.543474019 0.530875027
vt 0.500020027 0.484166980
vt 0.551288009 0.483273029
vt 0.551288009 0.483273029
vt 0.578097999 0.527913988
vt 0.543474019 0.530875027
vt 0.578097999 0.527913988
vt 0.551288009 0.483273029
vt 0.583743989 0.482629001
vt 0.583743989 0.482629001
vt 0.653144002 0.514953017
vt 0.578097999 0.527913988
vt 0.653144002 0.514953017
vt 0.583743989 0.482629001
vt 0.652957022 0.490752995
vt 0.653144002 0.514953017
vt 0.736979008 0.490553975
vt 0.738160014 0.512664974
vt 0.736979008 0.490553975
vt 0.653144002 0.514953017
vt 0.652957022 0.490752995
vt 0.738160014 0.512664974
vt 0.793686986 0.491881967
vt 0.793744028 0.514645994
vt 0.793686986 0.491881967
vt 0.738160014 0.512664974
vt 0.736979008 0.490553975
vt 0.581135988 0.256965041
vt 0.584114015 0.276551008
vt 0.530339003 0.293115020
vt 0.530339003 0.293115020
vt 0.584114015 0.276551008
vt 0.582162023 0.298696995
vt 0.869140983 0.021484017
vt 0.888191998 0.072624981
vt 0.871505022 0.084971011
vt 0.888191998 0.072624981
vt 0.869140983 0.021484017
vt 0.885742009 0.021484017
vt 0.888191998 0.072624981
vt 0.863281012 0.105113983
vt 0.871505022 0.084971011
vt 0.863281012 0.105113983
vt 0.888191998 0.072624981
vt 0.885742009 0.114257991
vt 0.885742009 0.114257991
vt 0.868164003 0.168945014
vt 0.863281012 0.105113983
vt 0.893554986 0.159179986
vt 0.885742009 0.114257991
vt 0.895425975 0.108398020
vt 0.652957022 0.490752995
vt 0.649137020 0.437250018
vt 0.673708975 0.444527030
vt 0.709439993 0.328637004
vt 0.675659001 0.331773996
vt 0.701475978 0.317799985
vt 0.661548018 0.377261996
vt 0.673708975 0.444527030
vt 0.649137020 0.437250018
vt 0.673708975 0.444527030
vt 0.661548018 0.377261996
vt 0.695272028 0.381792009
vt 0.673708975 0.444527030
vt 0.736979008 0.490553975
vt 0.652957022 0.490752995
vt 0.793006003 0.254356027
vt 0.742295980 0.290917993
vt 0.753223002 0.238463998
vt 0.733277977 0.326631010
vt 0.695272028 0.381792009
vt 0.709439993 0.328637004
vt 0.695272028 0.381792009
vt 0.733277977 0.326631010
vt 0.734070003 0.385779023
vt 0.695272028 0.381792009
vt 0.675659001 0.331773996
vt 0.709439993 0.328637004
vt 0.675659001 0.331773996
vt 0.695272028 0.381792009
vt 0.661548018 0.377261996
vt 0.675659001 0.331773996
vt 0.647917986 0.382986009
vt 0.643145978 0.348610044
vt 0.647917986 0.382986009
vt 0.675659001 0.331773996
vt 0.661548018 0.377261996
vt 0.643145978 0.348610044
vt 0.622389972 0.390200019
vt 0.627256989 0.348127961
vt 0.622389972 0.390200019
vt 0.643145978 0.348610044
vt 0.647917986 0.382986009
vt 0.608308971 0.382333040
vt 0.627256989 0.348127961
vt 0.622389972 0.390200019
vt 0.627256989 0.348127961
vt 0.608308971 0.382333040
vt 0.607674003 0.338801026
vt 0.518435001 0.421985030
vt 0.555342972 0.387392044
vt 0.561214030 0.420310020
vt 0.555342972 0.387392044
vt 0.518435001 0.421985030
vt 0.513493001 0.389403999
vt 0.561214030 0.420310020
vt 0.591901004 0.395612001
vt 0.586063027 0.416527033
vt 0.591901004 0.395612001
vt 0.561214030 0.420310020
vt 0.555342972 0.387392044
vt 0.544194996 0.339758992
vt 0.607613981 0.312407970
vt 0.607674003 0.338801026
vt 0.607613981 0.312407970
vt 0.544194996 0.339758992
vt 0.536203027 0.308075011
vt 0.848632991 0.022460997
vt 0.861688018 0.081054986
vt 0.850277007 0.092405975
vt 0.861688018 0.081054986
vt 0.848632991 0.022460997
vt 0.858398020 0.022460997
vt 0.861688018 0.081054986
vt 0.863281012 0.105113983
vt 0.850277007 0.092405975
vt 0.906455994 0.095600009
vt 0.927734017 0.077148020
vt 0.927734017 0.092535019
vt 0.927734017 0.077148020
vt 0.906455994 0.095600009
vt 0.913085997 0.081054986
vt 0.500020027 0.344007015
vt 0.536203027 0.308075011
vt 0.544194996 0.339758992
vt 0.553619027 0.440935016
vt 0.586063027 0.416527033
vt 0.598990023 0.433920026
vt 0.586063027 0.416527033
vt 0.553619027 0.440935016
vt 0.561214030 0.420310020
vt 0.607545018 0.396968007
vt 0.591901004 0.395612001
vt 0.608308971 0.382333040
vt 0.608308971 0.382333040
vt 0.598887980 0.366322994
vt 0.607674003 0.338801026
vt 0.607674003 0.338801026
vt 0.553399026 0.364956975
vt 0.544194996 0.339758992
vt 0.553399026 0.364956975
vt 0.607674003 0.338801026
vt 0.598887980 0.366322994
vt 0.544194996 0.339758992
vt 0.514567971 0.368008018
vt 0.500020027 0.344007015
vt 0.507817984 0.390664995
vt 0.514567971 0.368008018
vt 0.513493001 0.389403999
vt 0.508276999 0.422407985
vt 0.513493001 0.389403999
vt 0.518435001 0.421985030
vt 0.513493001 0.389403999
vt 0.508276999 0.422407985
vt 0.507817984 0.390664995
vt 0.553619027 0.440935016
vt 0.518435001 0.421985030
vt 0.561214030 0.420310020
vt 0.591901004 0.395612001
vt 0.607545018 0.396968007
vt 0.586063027 0.416527033
vt 0.622389972 0.390200019
vt 0.607545018 0.396968007
vt 0.608308971 0.382333040
vt 0.586063027 0.416527033
vt 0.607545018 0.396968007
vt 0.598990023 0.433920026
vt 0.792064011 0.436159968
vt 0.736979008 0.490553975
vt 0.737968028 0.441998959
vt 0.736979008 0.490553975
vt 0.792064011 0.436159968
vt 0.793686986 0.491881967
vt 0.792899013 0.341328025
vt 0.734070003 0.385779023
vt 0.733277977 0.326631010
vt 0.734070003 0.385779023
vt 0.792899013 0.341328025
vt 0.793174028 0.387587011
vt 0.913085997 0.056640983
vt 0.906455994 0.095600009
vt 0.895507991 0.072111011
vt 0.843750000 0.177734017
vt 0.863281012 0.105113983
vt 0.868164003 0.168945014
vt 0.895507991 0.072111011
vt 0.906455994 0.095600009
vt 0.895425975 0.108398020
vt 0.885742009 0.114257991
vt 0.895507991 0.072111011
vt 0.895425975 0.108398020
vt 0.518435001 0.421985030
vt 0.553619027 0.440935016
vt 0.521327019 0.436501026
vt 0.507817984 0.390664995
vt 0.500020027 0.430009961
vt 0.500020027 0.391445041
vt 0.500020027 0.430009961
vt 0.507817984 0.390664995
vt 0.508276999 0.422407985
vt 0.514567971 0.368008018
vt 0.507817984 0.390664995
vt 0.500020027 0.391445041
vt 0.518435001 0.421985030
vt 0.521327019 0.436501026
vt 0.508276999 0.422407985
vt 0.514567971 0.368008018
vt 0.500020027 0.391445041
vt 0.500020027 0.344007015
vt 0.514567971 0.368008018
vt 0.544194996 0.339758992
vt 0.553399026 0.364956975
vt 0.598887980 0.366322994
vt 0.608308971 0.382333040
vt 0.591901004 0.395612001
vt 0.940891981 0.043945014
vt 0.927734017 0.077148020
vt 0.924804986 0.056640983
vt 0.863281012 0.105113983
vt 0.844237983 0.124655008
vt 0.850277007 0.092405975
vt 0.956054986 0.113349974
vt 0.927734017 0.092535019
vt 0.955078006 0.076703012
vt 0.927734017 0.092535019
vt 0.956054986 0.113349974
vt 0.928710997 0.116178989
vt 0.929687023 0.157226980
vt 0.914062023 0.124616981
vt 0.928710997 0.116178989
vt 0.906455994 0.095600009
vt 0.914062023 0.124616981
vt 0.895425975 0.108398020
vt 0.914062023 0.124616981
vt 0.893554986 0.159179986
vt 0.895425975 0.108398020
vt 0.893554986 0.159179986
vt 0.914062023 0.124616981
vt 0.929687023 0.157226980
vt 0.701475978 0.317799985
vt 0.733277977 0.326631010
vt 0.709439993 0.328637004
vt 0.733277977 0.326631010
vt 0.701475978 0.317799985
vt 0.707886994 0.288816988
vt 0.582162023 0.298696995
vt 0.536203027 0.308075011
vt 0.530339003 0.293115020
vt 0.521516979 0.440953016
vt 0.552788973 0.445852995
vt 0.551288009 0.483273029
vt 0.551288009 0.483273029
vt 0.595350981 0.446959972
vt 0.583743989 0.482629001
vt 0.595350981 0.446959972
vt 0.551288009 0.483273029
vt 0.552788973 0.445852995
vt 0.649137020 0.437250018
vt 0.583743989 0.482629001
vt 0.595350981 0.446959972
vt 0.583743989 0.482629001
vt 0.649137020 0.437250018
vt 0.652957022 0.490752995
vt 0.500020027 0.484166980
vt 0.521516979 0.440953016
vt 0.551288009 0.483273029
vt 0.521516979 0.440953016
vt 0.500020027 0.484166980
vt 0.500020027 0.430009961
vt 0.508276999 0.422407985
vt 0.521516979 0.440953016
vt 0.500020027 0.430009961
vt 0.521516979 0.440953016
vt 0.508276999 0.422407985
vt 0.521327019 0.436501026
vt 0.622389972 0.390200019
vt 0.595350981 0.446959972
vt 0.598990023 0.433920026
vt 0.595350981 0.446959972
vt 0.622389972 0.390200019
vt 0.647917986 0.382986009
vt 0.392425001 0.312407970
vt 0.417878002 0.298696995
vt 0.463836014 0.308075011
vt 0.401152015 0.366322994
vt 0.445286006 0.386250973
vt 0.408722997 0.392678022
vt 0.445286006 0.386250973
vt 0.401152015 0.366322994
vt 0.446640998 0.364956975
vt 0.246815994 0.240648031
vt 0.292151988 0.288816988
vt 0.257743001 0.290917993
vt 0.292151988 0.288816988
vt 0.246815994 0.240648031
vt 0.303011000 0.253208041
vt 0.333232999 0.543352008
vt 0.261880010 0.512664974
vt 0.346895993 0.514953017
vt 0.261880010 0.512664974
vt 0.333232999 0.543352008
vt 0.258951008 0.536864996
vt 0.421941996 0.527913988
vt 0.333232999 0.543352008
vt 0.346895993 0.514953017
vt 0.333232999 0.543352008
vt 0.421941996 0.527913988
vt 0.382115990 0.550504982
vt 0.456566006 0.530875027
vt 0.424299002 0.570487976
vt 0.421941996 0.527913988
vt 0.424299002 0.570487976
vt 0.456566006 0.530875027
vt 0.461591005 0.574256003
vt 0.446640998 0.364956975
vt 0.485523999 0.389380991
vt 0.445286006 0.386250973
vt 0.485523999 0.389380991
vt 0.446640998 0.364956975
vt 0.485471994 0.368008018
vt 0.258951008 0.536864996
vt 0.206295997 0.514645994
vt 0.261880010 0.512664974
vt 0.206295997 0.514645994
vt 0.258951008 0.536864996
vt 0.206295997 0.552130997
vt 0.262071997 0.441998959
vt 0.206865996 0.387587011
vt 0.265969008 0.385779023
vt 0.206865996 0.387587011
vt 0.262071997 0.441998959
vt 0.207975000 0.436159968
vt 0.258951008 0.536864996
vt 0.331622988 0.571828008
vt 0.256298006 0.571488976
vt 0.331622988 0.571828008
vt 0.258951008 0.536864996
vt 0.333232999 0.543352008
vt 0.333232999 0.543352008
vt 0.379476994 0.579429984
vt 0.331622988 0.571828008
vt 0.379476994 0.579429984
vt 0.333232999 0.543352008
vt 0.382115990 0.550504982
vt 0.263060004 0.490553975
vt 0.262071997 0.441998959
vt 0.326330990 0.444527030
vt 0.350901991 0.437250018
vt 0.352122009 0.382986009
vt 0.404689014 0.446959972
vt 0.401048988 0.433920026
vt 0.447250992 0.445852995
vt 0.404689014 0.446959972
vt 0.447250992 0.445852995
vt 0.401048988 0.433920026
vt 0.446420997 0.440935016
vt 0.447250992 0.445852995
vt 0.478713006 0.436501026
vt 0.478522986 0.440953016
vt 0.478713006 0.436501026
vt 0.447250992 0.445852995
vt 0.446420997 0.440935016
vt 0.136758000 0.105113983
vt 0.155800998 0.124655008
vt 0.156289995 0.177734017
vt 0.131876007 0.168945014
vt 0.154337004 0.250977039
vt 0.131876007 0.243164003
vt 0.154337004 0.250977039
vt 0.131876007 0.168945014
vt 0.156289995 0.177734017
vt 0.071328998 0.116178989
vt 0.043008000 0.144531012
vt 0.043985002 0.113349974
vt 0.043008000 0.144531012
vt 0.071328998 0.116178989
vt 0.070352003 0.157226980
vt 0.043008000 0.144531012
vt 0.071328998 0.224609017
vt 0.048868001 0.231445014
vt 0.071328998 0.224609017
vt 0.043008000 0.144531012
vt 0.070352003 0.157226980
vt 0.093584001 0.095600009
vt 0.071328998 0.116178989
vt 0.072305001 0.092535019
vt 0.071328998 0.116178989
vt 0.093584001 0.095600009
vt 0.085977003 0.124616981
vt 0.070352003 0.157226980
vt 0.104532003 0.232421994
vt 0.071328998 0.224609017
vt 0.104532003 0.232421994
vt 0.070352003 0.157226980
vt 0.106485002 0.159179986
vt 0.114298001 0.114257991
vt 0.131876007 0.168945014
vt 0.106485002 0.159179986
vt 0.106485002 0.159179986
vt 0.131876007 0.243164003
vt 0.104532003 0.232421994
vt 0.131876007 0.243164003
vt 0.106485002 0.159179986
vt 0.131876007 0.168945014
vt 0.131876007 0.286132991
vt 0.149453998 0.393554986
vt 0.130898997 0.390625000
vt 0.149453998 0.393554986
vt 0.131876007 0.286132991
vt 0.153359994 0.293945014
vt 0.130898997 0.390625000
vt 0.150429994 0.458984017
vt 0.128946006 0.458007991
vt 0.150429994 0.458984017
vt 0.130898997 0.390625000
vt 0.149453998 0.393554986
vt 0.049844000 0.274414003
vt 0.083048001 0.369140983
vt 0.044962000 0.381835997
vt 0.083048001 0.369140983
vt 0.049844000 0.274414003
vt 0.074258000 0.271484017
vt 0.044962000 0.381835997
vt 0.089883000 0.453125000
vt 0.048868001 0.455078006
vt 0.089883000 0.453125000
vt 0.044962000 0.381835997
vt 0.083048001 0.369140983
vt 0.074258000 0.271484017
vt 0.106485002 0.381835997
vt 0.083048001 0.369140983
vt 0.106485002 0.381835997
vt 0.074258000 0.271484017
vt 0.103555001 0.276367009
vt 0.083048001 0.369140983
vt 0.109415002 0.454102039
vt 0.089883000 0.453125000
vt 0.109415002 0.454102039
vt 0.083048001 0.369140983
vt 0.106485002 0.381835997
vt 0.103555001 0.276367009
vt 0.130898997 0.390625000
vt 0.106485002 0.381835997
vt 0.130898997 0.390625000
vt 0.103555001 0.276367009
vt 0.131876007 0.286132991
vt 0.106485002 0.381835997
vt 0.128946006 0.458007991
vt 0.109415002 0.454102039
vt 0.128946006 0.458007991
vt 0.106485002 0.381835997
vt 0.130898997 0.390625000
vt 0.104532003 0.232421994
vt 0.131876007 0.286132991
vt 0.103555001 0.276367009
vt 0.131876007 0.286132991
vt 0.104532003 0.232421994
vt 0.131876007 0.243164003
vt 0.131876007 0.243164003
vt 0.153359994 0.293945014
vt 0.131876007 0.286132991
vt 0.153359994 0.293945014
vt 0.131876007 0.243164003
vt 0.154337004 0.250977039
vt 0.071328998 0.224609017
vt 0.049844000 0.274414003
vt 0.048868001 0.231445014
vt 0.049844000 0.274414003
vt 0.071328998 0.224609017
vt 0.074258000 0.271484017
vt 0.074258000 0.271484017
vt 0.104532003 0.232421994
vt 0.103555001 0.276367009
vt 0.104532003 0.232421994
vt 0.074258000 0.271484017
vt 0.071328998 0.224609017
vt 0.104532003 0.072111011
vt 0.111846998 0.072624981
vt 0.114298001 0.114257991
vt 0.111846998 0.072624981
vt 0.097695999 0.020507991
vt 0.114298001 0.021484017
vt 0.097695999 0.020507991
vt 0.111846998 0.072624981
vt 0.104532003 0.072111011
vt 0.326330990 0.444527030
vt 0.265969008 0.385779023
vt 0.304767013 0.381792009
vt 0.265969008 0.385779023
vt 0.326330990 0.444527030
vt 0.262071997 0.441998959
vt 0.303011000 0.253208041
vt 0.246815994 0.240648031
vt 0.273321003 0.228215992
vt 0.128535002 0.084971011
vt 0.141641006 0.022460997
vt 0.138352007 0.081054986
vt 0.141641006 0.022460997
vt 0.128535002 0.084971011
vt 0.130898997 0.021484017
vt 0.136758000 0.105113983
vt 0.128535002 0.084971011
vt 0.138352007 0.081054986
vt 0.292151988 0.288816988
vt 0.266761988 0.326631010
vt 0.257743001 0.290917993
vt 0.266761988 0.326631010
vt 0.207026005 0.282948971
vt 0.257743001 0.290917993
vt 0.207026005 0.282948971
vt 0.266761988 0.326631010
vt 0.207139999 0.341328025
vt 0.104532003 0.072111011
vt 0.086953998 0.056640983
vt 0.097695999 0.020507991
vt 0.093584001 0.095600009
vt 0.086953998 0.081054986
vt 0.086953998 0.056640983
vt 0.072305001 0.092535019
vt 0.059147999 0.043945014
vt 0.072305001 0.077148020
vt 0.059147999 0.043945014
vt 0.072305001 0.092535019
vt 0.044962000 0.076703012
vt 0.046914998 0.023437977
vt 0.059147999 0.043945014
vt 0.044962000 0.076703012
vt 0.392495006 0.396968007
vt 0.401048988 0.433920026
vt 0.377649009 0.390200019
vt 0.352122009 0.382986009
vt 0.350901991 0.437250018
vt 0.338492006 0.377261996
vt 0.421941996 0.527913988
vt 0.424299002 0.570487976
vt 0.382115990 0.550504982
vt 0.382115990 0.550504982
vt 0.424299002 0.570487976
vt 0.379476994 0.579429984
vt 0.273321003 0.228215992
vt 0.319514006 0.231020987
vt 0.303011000 0.253208041
vt 0.463836014 0.308075011
vt 0.467880011 0.297829986
vt 0.500020027 0.344007015
vt 0.461591005 0.574256003
vt 0.500020027 0.531394005
vt 0.500020027 0.577425003
vt 0.500020027 0.531394005
vt 0.461591005 0.574256003
vt 0.456566006 0.530875027
vt 0.206295997 0.552130997
vt 0.256298006 0.571488976
vt 0.206295997 0.574527025
vt 0.256298006 0.571488976
vt 0.206295997 0.552130997
vt 0.258951008 0.536864996
vt 0.207032993 0.254356027
vt 0.257743001 0.290917993
vt 0.207026005 0.282948971
vt 0.500020027 0.484166980
vt 0.456566006 0.530875027
vt 0.448751986 0.483273029
vt 0.456566006 0.530875027
vt 0.500020027 0.484166980
vt 0.500020027 0.531394005
vt 0.448751986 0.483273029
vt 0.421941996 0.527913988
vt 0.416294992 0.482629001
vt 0.421941996 0.527913988
vt 0.448751986 0.483273029
vt 0.456566006 0.530875027
vt 0.416294992 0.482629001
vt 0.346895993 0.514953017
vt 0.347081989 0.490752995
vt 0.346895993 0.514953017
vt 0.416294992 0.482629001
vt 0.421941996 0.527913988
vt 0.346895993 0.514953017
vt 0.263060004 0.490553975
vt 0.347081989 0.490752995
vt 0.263060004 0.490553975
vt 0.346895993 0.514953017
vt 0.261880010 0.512664974
vt 0.261880010 0.512664974
vt 0.206352994 0.491881967
vt 0.263060004 0.490553975
vt 0.206352994 0.491881967
vt 0.261880010 0.512664974
vt 0.206295997 0.514645994
vt 0.415926009 0.277790010
vt 0.467880011 0.297829986
vt 0.415926009 0.277790010
vt 0.467880011 0.297829986
vt 0.417878002 0.298696995
vt 0.415926009 0.277790010
vt 0.130898997 0.021484017
vt 0.111846998 0.072624981
vt 0.114298001 0.021484017
vt 0.111846998 0.072624981
vt 0.130898997 0.021484017
vt 0.128535002 0.084971011
vt 0.136758000 0.105113983
vt 0.111846998 0.072624981
vt 0.128535002 0.084971011
vt 0.111846998 0.072624981
vt 0.136758000 0.105113983
vt 0.114298001 0.114257991
vt 0.114298001 0.114257991
vt 0.136758000 0.105113983
vt 0.131876007 0.168945014
vt 0.106485002 0.159179986
vt 0.104613997 0.108398020
vt 0.114298001 0.114257991
vt 0.347081989 0.490752995
vt 0.326330990 0.444527030
vt 0.350901991 0.437250018
vt 0.290598989 0.328637004
vt 0.298563987 0.317799985
vt 0.324380994 0.331773996
vt 0.338492006 0.377261996
vt 0.326330990 0.444527030
vt 0.304767013 0.381792009
vt 0.326330990 0.444527030
vt 0.338492006 0.377261996
vt 0.350901991 0.437250018
vt 0.326330990 0.444527030
vt 0.347081989 0.490752995
vt 0.263060004 0.490553975
vt 0.207032993 0.254356027
vt 0.246815994 0.240648031
vt 0.257743001 0.290917993
vt 0.266761988 0.326631010
vt 0.304767013 0.381792009
vt 0.265969008 0.385779023
vt 0.304767013 0.381792009
vt 0.266761988 0.326631010
vt 0.290598989 0.328637004
vt 0.304767013 0.381792009
vt 0.324380994 0.331773996
vt 0.338492006 0.377261996
vt 0.324380994 0.331773996
vt 0.304767013 0.381792009
vt 0.290598989 0.328637004
vt 0.324380994 0.331773996
vt 0.352122009 0.382986009
vt 0.338492006 0.377261996
vt 0.352122009 0.382986009
vt 0.324380994 0.331773996
vt 0.356893986 0.348610044
vt 0.356893986 0.348610044
vt 0.377649009 0.390200019
vt 0.352122009 0.382986009
vt 0.377649009 0.390200019
vt 0.356893986 0.348610044
vt 0.372781992 0.348127961
vt 0.391730011 0.382333040
vt 0.372781992 0.348127961
vt 0.392365992 0.338801026
vt 0.372781992 0.348127961
vt 0.391730011 0.382333040
vt 0.377649009 0.390200019
vt 0.481996000 0.421867013
vt 0.445286006 0.386250973
vt 0.485523999 0.389380991
vt 0.445286006 0.386250973
vt 0.481996000 0.421867013
vt 0.438753009 0.422096014
vt 0.438753009 0.422096014
vt 0.408722997 0.392678022
vt 0.445286006 0.386250973
vt 0.408722997 0.392678022
vt 0.438753009 0.422096014
vt 0.413928002 0.418336034
vt 0.455844015 0.339758992
vt 0.392425001 0.312407970
vt 0.463836014 0.308075011
vt 0.392425001 0.312407970
vt 0.455844015 0.339758992
vt 0.392365992 0.338801026
vt 0.151407003 0.022460997
vt 0.138352007 0.081054986
vt 0.141641006 0.022460997
vt 0.138352007 0.081054986
vt 0.151407003 0.022460997
vt 0.149762005 0.092405975
vt 0.138352007 0.081054986
vt 0.149762005 0.092405975
vt 0.136758000 0.105113983
vt 0.093584001 0.095600009
vt 0.072305001 0.077148020
vt 0.086953998 0.081054986
vt 0.072305001 0.077148020
vt 0.093584001 0.095600009
vt 0.072305001 0.092535019
vt 0.500020027 0.344007015
vt 0.455844015 0.339758992
vt 0.463836014 0.308075011
vt 0.446420997 0.440935016
vt 0.413928002 0.418336034
vt 0.438753009 0.422096014
vt 0.413928002 0.418336034
vt 0.446420997 0.440935016
vt 0.401048988 0.433920026
vt 0.392495006 0.396968007
vt 0.391730011 0.382333040
vt 0.408722997 0.392678022
vt 0.391730011 0.382333040
vt 0.392365992 0.338801026
vt 0.401152015 0.366322994
vt 0.392365992 0.338801026
vt 0.446640998 0.364956975
vt 0.401152015 0.366322994
vt 0.446640998 0.364956975
vt 0.392365992 0.338801026
vt 0.455844015 0.339758992
vt 0.455844015 0.339758992
vt 0.500020027 0.344007015
vt 0.485471994 0.368008018
vt 0.492222011 0.390664995
vt 0.485523999 0.389380991
vt 0.485471994 0.368008018
vt 0.491762996 0.422407985
vt 0.485523999 0.389380991
vt 0.492222011 0.390664995
vt 0.485523999 0.389380991
vt 0.491762996 0.422407985
vt 0.481996000 0.421867013
vt 0.446420997 0.440935016
vt 0.438753009 0.422096014
vt 0.481996000 0.421867013
vt 0.408722997 0.392678022
vt 0.413928002 0.418336034
vt 0.392495006 0.396968007
vt 0.377649009 0.390200019
vt 0.391730011 0.382333040
vt 0.392495006 0.396968007
vt 0.413928002 0.418336034
vt 0.401048988 0.433920026
vt 0.392495006 0.396968007
vt 0.207975000 0.436159968
vt 0.263060004 0.490553975
vt 0.206352994 0.491881967
vt 0.263060004 0.490553975
vt 0.207975000 0.436159968
vt 0.262071997 0.441998959
vt 0.207139999 0.341328025
vt 0.265969008 0.385779023
vt 0.206865996 0.387587011
vt 0.265969008 0.385779023
vt 0.207139999 0.341328025
vt 0.266761988 0.326631010
vt 0.086953998 0.056640983
vt 0.104532003 0.072111011
vt 0.093584001 0.095600009
vt 0.156289995 0.177734017
vt 0.131876007 0.168945014
vt 0.136758000 0.105113983
vt 0.104532003 0.072111011
vt 0.104613997 0.108398020
vt 0.093584001 0.095600009
vt 0.114298001 0.114257991
vt 0.104613997 0.108398020
vt 0.104532003 0.072111011
vt 0.481996000 0.421867013
vt 0.478713006 0.436501026
vt 0.446420997 0.440935016
vt 0.492222011 0.390664995
vt 0.500020027 0.430009961
vt 0.491762996 0.422407985
vt 0.500020027 0.430009961
vt 0.492222011 0.390664995
vt 0.500020027 0.391445041
vt 0.485471994 0.368008018
vt 0.500020027 0.391445041
vt 0.492222011 0.390664995
vt 0.481996000 0.421867013
vt 0.491762996 0.422407985
vt 0.478713006 0.436501026
vt 0.485471994 0.368008018
vt 0.500020027 0.344007015
vt 0.500020027 0.391445041
vt 0.485471994 0.368008018
vt 0.446640998 0.364956975
vt 0.455844015 0.339758992
vt 0.401152015 0.366322994
vt 0.408722997 0.392678022
vt 0.391730011 0.382333040
vt 0.059147999 0.043945014
vt 0.075235002 0.056640983
vt 0.072305001 0.077148020
vt 0.136758000 0.105113983
vt 0.149762005 0.092405975
vt 0.155800998 0.124655008
vt 0.043985002 0.113349974
vt 0.072305001 0.092535019
vt 0.071328998 0.116178989
vt 0.072305001 0.092535019
vt 0.043985002 0.113349974
vt 0.044962000 0.076703012
vt 0.070352003 0.157226980
vt 0.071328998 0.116178989
vt 0.085977003 0.124616981
vt 0.093584001 0.095600009
vt 0.104613997 0.108398020
vt 0.085977003 0.124616981
vt 0.085977003 0.124616981
vt 0.106485002 0.159179986
vt 0.070352003 0.157226980
vt 0.106485002 0.159179986
vt 0.085977003 0.124616981
vt 0.104613997 0.108398020
vt 0.298563987 0.317799985
vt 0.266761988 0.326631010
vt 0.292151988 0.288816988
vt 0.266761988 0.326631010
vt 0.298563987 0.317799985
vt 0.290598989 0.328637004
vt 0.417878002 0.298696995
vt 0.467880011 0.297829986
vt 0.463836014 0.308075011
vt 0.478522986 0.440953016
vt 0.448751986 0.483273029
vt 0.447250992 0.445852995
vt 0.448751986 0.483273029
vt 0.404689014 0.446959972
vt 0.447250992 0.445852995
vt 0.404689014 0.446959972
vt 0.448751986 0.483273029
vt 0.416294992 0.482629001
vt 0.350901991 0.437250018
vt 0.416294992 0.482629001
vt 0.347081989 0.490752995
vt 0.416294992 0.482629001
vt 0.350901991 0.437250018
vt 0.404689014 0.446959972
vt 0.500020027 0.484166980
vt 0.448751986 0.483273029
vt 0.478522986 0.440953016
vt 0.478522986 0.440953016
vt 0.500020027 0.430009961
vt 0.500020027 0.484166980
vt 0.491762996 0.422407985
vt 0.478522986 0.440953016
vt 0.478713006 0.436501026
vt 0.478522986 0.440953016
vt 0.491762996 0.422407985
vt 0.500020027 0.430009961
vt 0.377649009 0.390200019
vt 0.404689014 0.446959972
vt 0.352122009 0.382986009
vt 0.404689014 0.446959972
vt 0.377649009 0.390200019
vt 0.401048988 0.433920026
vt 0.424299002 0.570487976
vt 0.331622988 0.571828008
vt 0.379476994 0.579429984
vt 0.424299002 0.570487976
vt 0.256298006 0.571488976
vt 0.331622988 0.571828008
vt 0.461591005 0.574256003
vt 0.256298006 0.571488976
vt 0.424299002 0.570487976
vt 0.461591005 0.574256003
vt 0.206295997 0.574527025
vt 0.256298006 0.571488976
vt 0.668416977 0.571828008
vt 0.575740993 0.570487976
vt 0.620562971 0.579429984
vt 0.743741989 0.571488976
vt 0.575740993 0.570487976
vt 0.668416977 0.571828008
vt 0.743741989 0.571488976
vt 0.538447976 0.574256003
vt 0.575740993 0.570487976
vt 0.206295997 0.574527025
vt 0.538447976 0.574256003
vt 0.743741989 0.571488976
vt 0.206295997 0.574527025
vt 0.500020027 0.577425003
vt 0.538447976 0.574256003
vt 0.461591005 0.574256003
vt 0.500020027 0.577425003
vt 0.206295997 0.574527025
vt 0.207032993 0.254356027
vt 0.238876998 0.268757999
vt 0.246815994 0.240648031
vt 0.246815994 0.240648031
vt 0.266016990 0.252318978
vt 0.273321003 0.228215992
vt 0.415926009 0.277790010
vt 0.429919988 0.302873969
vt 0.467880011 0.297829986
vt 0.467880011 0.297829986
vt 0.472306013 0.333081007
vt 0.500020027 0.344007015
vt 0.530339003 0.293115020
vt 0.500020027 0.344007015
vt 0.524932027 0.334006011
vt 0.793006003 0.254356027
vt 0.753223002 0.238463998
vt 0.756350994 0.273648024
vt 0.726718009 0.226230979
vt 0.722249985 0.259737015
vt 0.753223002 0.238463998
vt 0.530339003 0.293115020
vt 0.562551975 0.289718032
vt 0.581135988 0.256965041
vt 0.089883000 0.453125000
vt 0.128946006 0.458007991
vt 0.150429994 0.458984017
vt 0.128946006 0.458007991
vt 0.089883000 0.453125000
vt 0.109415002 0.454102039
vt 0.871093988 0.458007991
vt 0.910156012 0.453125000
vt 0.849609017 0.458984017
vt 0.910156012 0.453125000
vt 0.871093988 0.458007991
vt 0.890625000 0.454102039
vn 0.060708328 -0.997676759 -0.030912506
vn 0.073746571 -0.936043182 0.344070639
vn -0.086215005 -0.883713967 0.460018041
vn 0.810619366 -0.522498269 0.264370576
vn 0.603121566 -0.797648168 -0.001333058
vn 0.426090131 -0.864990177 0.265026780
vn 0.603121566 -0.797648168 -0.001333058
vn 0.810619366 -0.522498269 0.264370576
vn 0.927646956 -0.351837358 0.125226190
vn -0.202021178 -0.127528643 0.971042681
vn 0.154011651 0.601421901 0.783946496
vn 0.064866096 -0.059648950 0.996109629
vn 0.154011651 0.601421901 0.783946496
vn -0.202021178 -0.127528643 0.971042681
vn -0.196120355 0.724405210 0.660888718
vn 0.682989021 0.505867711 0.526900234
vn 0.128308042 0.954120168 0.270539742
vn 0.132597887 0.931903189 0.337600722
vn 0.128308042 0.954120168 0.270539742
vn 0.682989021 0.505867711 0.526900234
vn 0.604510603 0.614763950 0.506588804
vn 0.790153082 -0.167160606 0.589674011
vn 0.682989021 0.505867711 0.526900234
vn 0.867176546 -0.104661966 0.486878539
vn 0.682989021 0.505867711 0.526900234
vn 0.790153082 -0.167160606 0.589674011
vn 0.604510603 0.614763950 0.506588804
vn 0.449943372 -0.829612221 0.330597225
vn 0.616790750 -0.394181855 -0.681314785
vn 0.369855543 -0.401774808 -0.837725421
vn 0.616790750 -0.394181855 -0.681314785
vn 0.449943372 -0.829612221 0.330597225
vn 0.790153082 -0.167160606 0.589674011
vn 0.426090131 -0.864990177 0.265026780
vn 0.258317639 -0.963427366 -0.071272076
vn 0.213512462 -0.964822501 0.153394820
vn 0.258317639 -0.963427366 -0.071272076
vn 0.426090131 -0.864990177 0.265026780
vn 0.603121566 -0.797648168 -0.001333058
vn 0.132597887 0.931903189 0.337600722
vn -0.228909100 0.962832189 0.143369452
vn -0.139081995 0.959131872 0.246418854
vn -0.228909100 0.962832189 0.143369452
vn 0.132597887 0.931903189 0.337600722
vn 0.128308042 0.954120168 0.270539742
vn -0.124975342 0.990466312 0.057945221
vn -0.304834583 0.952223696 0.018598651
vn -0.319556642 0.946806992 0.037948295
vn -0.304834583 0.952223696 0.018598651
vn -0.124975342 0.990466312 0.057945221
vn -0.196806224 0.980320513 0.015459652
vn 0.132597887 0.931903189 0.337600722
vn 0.740685759 0.548223834 -0.388375120
vn 0.682989021 0.505867711 0.526900234
vn 0.740685759 0.548223834 -0.388375120
vn 0.132597887 0.931903189 0.337600722
vn 0.271689033 0.348157404 -0.897202035
vn 0.682989021 0.505867711 0.526900234
vn 0.988074262 0.069334326 0.137484557
vn 0.867176546 -0.104661966 0.486878539
vn 0.988074262 0.069334326 0.137484557
vn 0.682989021 0.505867711 0.526900234
vn 0.740685759 0.548223834 -0.388375120
vn 0.105796588 0.987380942 0.117838690
vn 0.447763663 0.892654095 0.051733643
vn -0.124975342 0.990466312 0.057945221
vn 0.911984382 0.369076445 0.179072790
vn 0.980438664 -0.033332506 0.193981879
vn 0.970221742 0.215866828 0.109869397
vn 0.919198935 0.266662363 -0.289766289
vn 0.763937123 -0.626610808 0.154139441
vn 0.545321974 -0.130574092 -0.827994173
vn 0.763937123 -0.626610808 0.154139441
vn 0.919198935 0.266662363 -0.289766289
vn 0.980438664 -0.033332506 0.193981879
vn 0.763937123 -0.626610808 0.154139441
vn 0.218424701 -0.384460355 -0.896928584
vn 0.545321974 -0.130574092 -0.827994173
vn 0.218424701 -0.384460355 -0.896928584
vn 0.763937123 -0.626610808 0.154139441
vn 0.437579128 -0.897254008 0.058819662
vn -0.294252551 -0.741715764 -0.602721463
vn -0.023057494 0.674018703 -0.738354346
vn -0.137566689 0.578142446 -0.804255381
vn -0.098214299 -0.864980273 -0.492100680
vn -0.250051981 0.169305961 -0.953315005
vn -0.023057494 0.674018703 -0.738354346
vn -0.250051981 0.169305961 -0.953315005
vn -0.098214299 -0.864980273 -0.492100680
vn -0.365333661 -0.928626396 -0.064686414
vn 0.224768786 0.974144932 -0.022817616
vn -0.023057494 0.674018703 -0.738354346
vn 0.332388989 0.715297963 0.614708374
vn -0.023057494 0.674018703 -0.738354346
vn 0.224768786 0.974144932 -0.022817616
vn -0.137566689 0.578142446 -0.804255381
vn -0.023057494 0.674018703 -0.738354346
vn 0.321022134 0.927407601 0.191989402
vn 0.332388989 0.715297963 0.614708374
vn 0.321022134 0.927407601 0.191989402
vn -0.023057494 0.674018703 -0.738354346
vn -0.250051981 0.169305961 -0.953315005
vn 0.399799144 0.545558305 0.736564173
vn 0.224768786 0.974144932 -0.022817616
vn 0.187622659 0.167089610 0.967924997
vn 0.224768786 0.974144932 -0.022817616
vn 0.399799144 0.545558305 0.736564173
vn 0.220785060 0.806901755 -0.547871805
vn 0.332388989 0.715297963 0.614708374
vn 0.462847633 -0.335023993 0.820689340
vn 0.185772704 -0.591694288 0.784465660
vn 0.462847633 -0.335023993 0.820689340
vn 0.332388989 0.715297963 0.614708374
vn 0.321022134 0.927407601 0.191989402
vn -0.064308467 -0.900561772 0.429945248
vn 0.185772704 -0.591694288 0.784465660
vn -0.098214299 -0.864980273 -0.492100680
vn 0.185772704 -0.591694288 0.784465660
vn -0.365333661 -0.928626396 -0.064686414
vn -0.098214299 -0.864980273 -0.492100680
vn -0.365333661 -0.928626396 -0.064686414
vn 0.185772704 -0.591694288 0.784465660
vn 0.462847633 -0.335023993 0.820689340
vn -0.773577787 -0.628596288 -0.080275240
vn -0.563970402 0.635763815 -0.527012103
vn -0.393370162 0.853850796 -0.340879353
vn -0.563970402 0.635763815 -0.527012103
vn -0.773577787 -0.628596288 -0.080275240
vn -0.480212833 -0.874663824 -0.066021434
vn -0.480212833 -0.874663824 -0.066021434
vn -0.534955297 0.337236650 -0.774657520
vn -0.563970402 0.635763815 -0.527012103
vn -0.534955297 0.337236650 -0.774657520
vn -0.480212833 -0.874663824 -0.066021434
vn -0.111810184 -0.927301241 -0.357226667
vn -0.393370162 0.853850796 -0.340879353
vn 0.608586529 0.776469498 -0.163455057
vn 0.815351528 0.546367980 0.191530456
vn 0.608586529 0.776469498 -0.163455057
vn -0.393370162 0.853850796 -0.340879353
vn -0.563970402 0.635763815 -0.527012103
vn -0.563970402 0.635763815 -0.527012103
vn 0.501001838 0.627807143 -0.595697364
vn 0.608586529 0.776469498 -0.163455057
vn 0.501001838 0.627807143 -0.595697364
vn -0.563970402 0.635763815 -0.527012103
vn -0.534955297 0.337236650 -0.774657520
vn 0.815351528 0.546367980 0.191530456
vn 0.627389711 -0.715483664 0.307352042
vn 0.482132856 -0.794362317 0.369508349
vn 0.627389711 -0.715483664 0.307352042
vn 0.815351528 0.546367980 0.191530456
vn 0.608586529 0.776469498 -0.163455057
vn 0.608586529 0.776469498 -0.163455057
vn 0.769824283 -0.633428157 0.078353963
vn 0.627389711 -0.715483664 0.307352042
vn 0.769824283 -0.633428157 0.078353963
vn 0.608586529 0.776469498 -0.163455057
vn 0.501001838 0.627807143 -0.595697364
vn 0.482132856 -0.794362317 0.369508349
vn -0.480212833 -0.874663824 -0.066021434
vn -0.773577787 -0.628596288 -0.080275240
vn -0.480212833 -0.874663824 -0.066021434
vn 0.482132856 -0.794362317 0.369508349
vn 0.627389711 -0.715483664 0.307352042
vn 0.627389711 -0.715483664 0.307352042
vn -0.111810184 -0.927301241 -0.357226667
vn -0.480212833 -0.874663824 -0.066021434
vn -0.111810184 -0.927301241 -0.357226667
vn 0.627389711 -0.715483664 0.307352042
vn 0.769824283 -0.633428157 0.078353963
vn 0.462847633 -0.335023993 0.820689340
vn -0.773577787 -0.628596288 -0.080275240
vn -0.365333661 -0.928626396 -0.064686414
vn -0.773577787 -0.628596288 -0.080275240
vn 0.462847633 -0.335023993 0.820689340
vn 0.482132856 -0.794362317 0.369508349
vn -0.365333661 -0.928626396 -0.064686414
vn -0.393370162 0.853850796 -0.340879353
vn -0.250051981 0.169305961 -0.953315005
vn -0.393370162 0.853850796 -0.340879353
vn -0.365333661 -0.928626396 -0.064686414
vn -0.773577787 -0.628596288 -0.080275240
vn 0.321022134 0.927407601 0.191989402
vn -0.393370162 0.853850796 -0.340879353
vn 0.815351528 0.546367980 0.191530456
vn -0.393370162 0.853850796 -0.340879353
vn 0.321022134 0.927407601 0.191989402
vn -0.250051981 0.169305961 -0.953315005
vn 0.815351528 0.546367980 0.191530456
vn 0.462847633 -0.335023993 0.820689340
vn 0.321022134 0.927407601 0.191989402
vn 0.462847633 -0.335023993 0.820689340
vn 0.815351528 0.546367980 0.191530456
vn 0.482132856 -0.794362317 0.369508349
vn 0.355197666 0.109921707 0.928305896
vn -0.064308467 -0.900561772 0.429945248
vn 0.054061746 -0.758596915 0.649313521
vn 0.054061746 -0.758596915 0.649313521
vn 0.064866096 -0.059648950 0.996109629
vn 0.355197666 0.109921707 0.928305896
vn 0.064866096 -0.059648950 0.996109629
vn 0.054061746 -0.758596915 0.649313521
vn 0.036932788 -0.618135179 0.785203712
vn 0.447763663 0.892654095 0.051733643
vn -0.196806224 0.980320513 0.015459652
vn -0.124975342 0.990466312 0.057945221
vn -0.196806224 0.980320513 0.015459652
vn 0.447763663 0.892654095 0.051733643
vn 0.240388910 0.968977523 0.057408474
vn 0.064866096 -0.059648950 0.996109629
vn -0.336926408 -0.615745238 0.712276911
vn -0.202021178 -0.127528643 0.971042681
vn 0.020862318 -0.979517201 0.200276850
vn 0.060708328 -0.997676759 -0.030912506
vn -0.086215005 -0.883713967 0.460018041
vn 0.060708328 -0.997676759 -0.030912506
vn 0.020862318 -0.979517201 0.200276850
vn -0.401808965 -0.694687310 -0.596623078
vn -0.294252551 -0.741715764 -0.602721463
vn -0.401808965 -0.694687310 -0.596623078
vn 0.020862318 -0.979517201 0.200276850
vn 0.154011651 0.601421901 0.783946496
vn -0.196120355 0.724405210 0.660888718
vn -0.202660710 0.934840067 0.291552201
vn -0.202660710 0.934840067 0.291552201
vn -0.361982971 0.842361983 0.399242555
vn -0.325907472 0.939049229 0.109411447
vn -0.361982971 0.842361983 0.399242555
vn -0.202660710 0.934840067 0.291552201
vn -0.196120355 0.724405210 0.660888718
vn 0.355197666 0.109921707 0.928305896
vn 0.064866096 -0.059648950 0.996109629
vn 0.154011651 0.601421901 0.783946496
vn 0.399799144 0.545558305 0.736564173
vn 0.154011651 0.601421901 0.783946496
vn 0.186387699 0.786795740 0.588397900
vn 0.220785060 0.806901755 -0.547871805
vn 0.875327230 0.332247067 -0.351303469
vn -0.374514998 0.062077901 -0.925140449
vn 0.875327230 0.332247067 -0.351303469
vn 0.220785060 0.806901755 -0.547871805
vn 0.834028523 0.547262895 -0.069998189
vn 0.689306394 -0.723634822 -0.034775565
vn -0.374514998 0.062077901 -0.925140449
vn 0.875327230 0.332247067 -0.351303469
vn 0.989645624 0.058227873 0.131190904
vn 0.948733275 0.280251378 0.146165451
vn 0.919198935 0.266662363 -0.289766289
vn 0.970221742 0.215866828 0.109869397
vn 0.818858482 0.571836350 0.049739075
vn 0.911984382 0.369076445 0.179072790
vn 0.790153082 -0.167160606 0.589674011
vn 0.867176546 -0.104661966 0.486878539
vn 0.616790750 -0.394181855 -0.681314785
vn 0.867176546 -0.104661966 0.486878539
vn 0.988074262 0.069334326 0.137484557
vn 0.616790750 -0.394181855 -0.681314785
vn -0.336926408 -0.615745238 0.712276911
vn 0.064866096 -0.059648950 0.996109629
vn 0.036932788 -0.618135179 0.785203712
vn 0.073746571 -0.936043182 0.344070639
vn 0.128008002 -0.883340699 0.450913696
vn -0.334505002 -0.852480079 0.401726423
vn 0.369855543 -0.401774808 -0.837725421
vn 0.123621566 -0.983222868 0.134128669
vn 0.449943372 -0.829612221 0.330597225
vn 0.123621566 -0.983222868 0.134128669
vn 0.369855543 -0.401774808 -0.837725421
vn 0.174097132 -0.383749742 -0.906877238
vn -0.139081995 0.959131872 0.246418854
vn 0.271689033 0.348157404 -0.897202035
vn 0.132597887 0.931903189 0.337600722
vn 0.271689033 0.348157404 -0.897202035
vn -0.139081995 0.959131872 0.246418854
vn 0.151433114 0.102556344 -0.983132854
vn -0.298714419 0.082772458 0.950746242
vn -0.361982971 0.842361983 0.399242555
vn -0.196120355 0.724405210 0.660888718
vn 0.220597918 -0.963457834 0.151939333
vn 0.449943372 -0.829612221 0.330597225
vn 0.123621566 -0.983222868 0.134128669
vn 0.449943372 -0.829612221 0.330597225
vn 0.220597918 -0.963457834 0.151939333
vn 0.636887360 -0.661651975 0.395716002
vn 0.636887360 -0.661651975 0.395716002
vn 0.790153082 -0.167160606 0.589674011
vn 0.449943372 -0.829612221 0.330597225
vn 0.790153082 -0.167160606 0.589674011
vn 0.636887360 -0.661651975 0.395716002
vn 0.866270457 0.088294261 0.491710910
vn 0.866270457 0.088294261 0.491710910
vn 0.604510603 0.614763950 0.506588804
vn 0.790153082 -0.167160606 0.589674011
vn 0.604510603 0.614763950 0.506588804
vn 0.866270457 0.088294261 0.491710910
vn 0.710624887 0.653918522 0.259620562
vn 0.604510603 0.614763950 0.506588804
vn 0.105796588 0.987380942 0.117838690
vn 0.128308042 0.954120168 0.270539742
vn 0.105796588 0.987380942 0.117838690
vn 0.604510603 0.614763950 0.506588804
vn 0.710624887 0.653918522 0.259620562
vn 0.128308042 0.954120168 0.270539742
vn -0.307995664 0.951365775 0.006467819
vn -0.228909100 0.962832189 0.143369452
vn -0.307995664 0.951365775 0.006467819
vn 0.128308042 0.954120168 0.270539742
vn 0.105796588 0.987380942 0.117838690
vn -0.336926408 -0.615745238 0.712276911
vn 0.036932788 -0.618135179 0.785203712
vn -0.334505002 -0.852480079 0.401726423
vn -0.334505002 -0.852480079 0.401726423
vn 0.036932788 -0.618135179 0.785203712
vn -0.086215005 -0.883713967 0.460018041
vn -0.086215005 -0.883713967 0.460018041
vn 0.054061746 -0.758596915 0.649313521
vn 0.020862318 -0.979517201 0.200276850
vn 0.054061746 -0.758596915 0.649313521
vn -0.086215005 -0.883713967 0.460018041
vn 0.036932788 -0.618135179 0.785203712
vn 0.054061746 -0.758596915 0.649313521
vn -0.294252551 -0.741715764 -0.602721463
vn 0.020862318 -0.979517201 0.200276850
vn -0.294252551 -0.741715764 -0.602721463
vn 0.054061746 -0.758596915 0.649313521
vn -0.064308467 -0.900561772 0.429945248
vn -0.064308467 -0.900561772 0.429945248
vn -0.098214299 -0.864980273 -0.492100680
vn -0.294252551 -0.741715764 -0.602721463
vn 0.185772704 -0.591694288 0.784465660
vn -0.064308467 -0.900561772 0.429945248
vn 0.248780363 -0.093450486 0.964041149
vn 0.710624887 0.653918522 0.259620562
vn 0.911984382 0.369076445 0.179072790
vn 0.447763663 0.892654095 0.051733643
vn 0.150650340 0.940366713 0.304983475
vn 0.834028523 0.547262895 -0.069998189
vn 0.186387699 0.786795740 0.588397900
vn 0.818858482 0.571836350 0.049739075
vn 0.447763663 0.892654095 0.051733643
vn 0.911984382 0.369076445 0.179072790
vn 0.447763663 0.892654095 0.051733643
vn 0.818858482 0.571836350 0.049739075
vn 0.240388910 0.968977523 0.057408474
vn 0.447763663 0.892654095 0.051733643
vn 0.105796588 0.987380942 0.117838690
vn 0.710624887 0.653918522 0.259620562
vn -0.298714419 0.082772458 0.950746242
vn -0.196120355 0.724405210 0.660888718
vn -0.202021178 -0.127528643 0.971042681
vn -0.202660710 0.934840067 0.291552201
vn 0.240388910 0.968977523 0.057408474
vn 0.150650340 0.940366713 0.304983475
vn 0.240388910 0.968977523 0.057408474
vn -0.202660710 0.934840067 0.291552201
vn -0.196806224 0.980320513 0.015459652
vn 0.240388910 0.968977523 0.057408474
vn 0.834028523 0.547262895 -0.069998189
vn 0.150650340 0.940366713 0.304983475
vn 0.834028523 0.547262895 -0.069998189
vn 0.240388910 0.968977523 0.057408474
vn 0.818858482 0.571836350 0.049739075
vn 0.834028523 0.547262895 -0.069998189
vn 0.970221742 0.215866828 0.109869397
vn 0.972161408 0.221337542 0.076888809
vn 0.970221742 0.215866828 0.109869397
vn 0.834028523 0.547262895 -0.069998189
vn 0.818858482 0.571836350 0.049739075
vn 0.972161408 0.221337542 0.076888809
vn 0.948733275 0.280251378 0.146165451
vn 0.875327230 0.332247067 -0.351303469
vn 0.948733275 0.280251378 0.146165451
vn 0.972161408 0.221337542 0.076888809
vn 0.970221742 0.215866828 0.109869397
vn 0.968760751 -0.064742486 0.239397196
vn 0.875327230 0.332247067 -0.351303469
vn 0.948733275 0.280251378 0.146165451
vn 0.875327230 0.332247067 -0.351303469
vn 0.968760751 -0.064742486 0.239397196
vn 0.689306394 -0.723634822 -0.034775565
vn 0.360005199 -0.823037245 -0.439324425
vn 0.603121566 -0.797648168 -0.001333058
vn 0.730989500 -0.633828823 -0.252814900
vn 0.603121566 -0.797648168 -0.001333058
vn 0.360005199 -0.823037245 -0.439324425
vn 0.258317639 -0.963427366 -0.071272076
vn 0.730989500 -0.633828823 -0.252814900
vn 0.927646956 -0.351837358 0.125226190
vn 0.978474334 -0.105401094 -0.177422060
vn 0.927646956 -0.351837358 0.125226190
vn 0.730989500 -0.633828823 -0.252814900
vn 0.603121566 -0.797648168 -0.001333058
vn 0.294839753 -0.908011668 0.297631200
vn 0.060708328 -0.997676759 -0.030912506
vn 0.689306394 -0.723634822 -0.034775565
vn 0.060708328 -0.997676759 -0.030912506
vn 0.294839753 -0.908011668 0.297631200
vn 0.073746571 -0.936043182 0.344070639
vn 0.689306394 -0.723634822 -0.034775565
vn -0.401808965 -0.694687310 -0.596623078
vn -0.374514998 0.062077901 -0.925140449
vn -0.401808965 -0.694687310 -0.596623078
vn 0.689306394 -0.723634822 -0.034775565
vn 0.060708328 -0.997676759 -0.030912506
vn -0.401808965 -0.694687310 -0.596623078
vn -0.294252551 -0.741715764 -0.602721463
vn -0.374514998 0.062077901 -0.925140449
vn 0.399799144 0.545558305 0.736564173
vn 0.834028523 0.547262895 -0.069998189
vn 0.220785060 0.806901755 -0.547871805
vn 0.834028523 0.547262895 -0.069998189
vn 0.399799144 0.545558305 0.736564173
vn 0.186387699 0.786795740 0.588397900
vn 0.128008002 -0.883340699 0.450913696
vn 0.073746571 -0.936043182 0.344070639
vn 0.294839753 -0.908011668 0.297631200
vn 0.545321974 -0.130574092 -0.827994173
vn 0.978474334 -0.105401094 -0.177422060
vn 0.919198935 0.266662363 -0.289766289
vn 0.978474334 -0.105401094 -0.177422060
vn 0.545321974 -0.130574092 -0.827994173
vn 0.730989500 -0.633828823 -0.252814900
vn 0.989645624 0.058227873 0.131190904
vn 0.927646956 -0.351837358 0.125226190
vn 0.968760751 -0.064742486 0.239397196
vn 0.968760751 -0.064742486 0.239397196
vn 0.810619366 -0.522498269 0.264370576
vn 0.689306394 -0.723634822 -0.034775565
vn 0.689306394 -0.723634822 -0.034775565
vn 0.426090131 -0.864990177 0.265026780
vn 0.294839753 -0.908011668 0.297631200
vn 0.426090131 -0.864990177 0.265026780
vn 0.689306394 -0.723634822 -0.034775565
vn 0.810619366 -0.522498269 0.264370576
vn 0.294839753 -0.908011668 0.297631200
vn 0.213512462 -0.964822501 0.153394820
vn 0.128008002 -0.883340699 0.450913696
vn 0.201786865 -0.962637746 -0.180584136
vn 0.213512462 -0.964822501 0.153394820
vn 0.258317639 -0.963427366 -0.071272076
vn 0.216018475 -0.862566289 -0.457510017
vn 0.258317639 -0.963427366 -0.071272076
vn 0.360005199 -0.823037245 -0.439324425
vn 0.258317639 -0.963427366 -0.071272076
vn 0.216018475 -0.862566289 -0.457510017
vn 0.201786865 -0.962637746 -0.180584136
vn 0.545321974 -0.130574092 -0.827994173
vn 0.360005199 -0.823037245 -0.439324425
vn 0.730989500 -0.633828823 -0.252814900
vn 0.927646956 -0.351837358 0.125226190
vn 0.989645624 0.058227873 0.131190904
vn 0.978474334 -0.105401094 -0.177422060
vn 0.948733275 0.280251378 0.146165451
vn 0.989645624 0.058227873 0.131190904
vn 0.968760751 -0.064742486 0.239397196
vn 0.978474334 -0.105401094 -0.177422060
vn 0.989645624 0.058227873 0.131190904
vn 0.919198935 0.266662363 -0.289766289
vn -0.319556642 0.946806992 0.037948295
vn 0.105796588 0.987380942 0.117838690
vn -0.124975342 0.990466312 0.057945221
vn 0.105796588 0.987380942 0.117838690
vn -0.319556642 0.946806992 0.037948295
vn -0.307995664 0.951365775 0.006467819
vn -0.325907472 0.939049229 0.109411447
vn -0.196806224 0.980320513 0.015459652
vn -0.202660710 0.934840067 0.291552201
vn -0.196806224 0.980320513 0.015459652
vn -0.325907472 0.939049229 0.109411447
vn -0.304834583 0.952223696 0.018598651
vn 0.154011651 0.601421901 0.783946496
vn 0.399799144 0.545558305 0.736564173
vn 0.355197666 0.109921707 0.928305896
vn -0.023057494 0.674018703 -0.738354346
vn -0.294252551 -0.741715764 -0.602721463
vn -0.098214299 -0.864980273 -0.492100680
vn 0.355197666 0.109921707 0.928305896
vn 0.399799144 0.545558305 0.736564173
vn 0.248780363 -0.093450486 0.964041149
vn -0.064308467 -0.900561772 0.429945248
vn 0.355197666 0.109921707 0.928305896
vn 0.248780363 -0.093450486 0.964041149
vn 0.360005199 -0.823037245 -0.439324425
vn 0.545321974 -0.130574092 -0.827994173
vn 0.218424701 -0.384460355 -0.896928584
vn 0.201786865 -0.962637746 -0.180584136
vn 0.346641466 -0.918669001 -0.189438538
vn 0.286668431 -0.957525185 0.031092281
vn 0.346641466 -0.918669001 -0.189438538
vn 0.201786865 -0.962637746 -0.180584136
vn 0.216018475 -0.862566289 -0.457510017
vn 0.213512462 -0.964822501 0.153394820
vn 0.201786865 -0.962637746 -0.180584136
vn 0.286668431 -0.957525185 0.031092281
vn 0.360005199 -0.823037245 -0.439324425
vn 0.218424701 -0.384460355 -0.896928584
vn 0.216018475 -0.862566289 -0.457510017
vn 0.213512462 -0.964822501 0.153394820
vn 0.286668431 -0.957525185 0.031092281
vn 0.128008002 -0.883340699 0.450913696
vn 0.213512462 -0.964822501 0.153394820
vn 0.294839753 -0.908011668 0.297631200
vn 0.426090131 -0.864990177 0.265026780
vn 0.810619366 -0.522498269 0.264370576
vn 0.968760751 -0.064742486 0.239397196
vn 0.927646956 -0.351837358 0.125226190
vn 0.875327230 0.332247067 -0.351303469
vn 0.834028523 0.547262895 -0.069998189
vn 0.972161408 0.221337542 0.076888809
vn -0.294252551 -0.741715764 -0.602721463
vn -0.137566689 0.578142446 -0.804255381
vn -0.374514998 0.062077901 -0.925140449
vn -0.137566689 0.578142446 -0.804255381
vn 0.220785060 0.806901755 -0.547871805
vn -0.374514998 0.062077901 -0.925140449
vn 0.220785060 0.806901755 -0.547871805
vn -0.137566689 0.578142446 -0.804255381
vn 0.224768786 0.974144932 -0.022817616
vn 0.332388989 0.715297963 0.614708374
vn 0.187622659 0.167089610 0.967924997
vn 0.224768786 0.974144932 -0.022817616
vn 0.399799144 0.545558305 0.736564173
vn 0.187622659 0.167089610 0.967924997
vn 0.248780363 -0.093450486 0.964041149
vn 0.187622659 0.167089610 0.967924997
vn 0.185772704 -0.591694288 0.784465660
vn 0.248780363 -0.093450486 0.964041149
vn 0.185772704 -0.591694288 0.784465660
vn 0.187622659 0.167089610 0.967924997
vn 0.332388989 0.715297963 0.614708374
vn 0.186387699 0.786795740 0.588397900
vn -0.202660710 0.934840067 0.291552201
vn 0.150650340 0.940366713 0.304983475
vn -0.202660710 0.934840067 0.291552201
vn 0.186387699 0.786795740 0.588397900
vn 0.154011651 0.601421901 0.783946496
vn -0.086215005 -0.883713967 0.460018041
vn 0.073746571 -0.936043182 0.344070639
vn -0.334505002 -0.852480079 0.401726423
vn 0.437579128 -0.897254008 0.058819662
vn 0.763937123 -0.626610808 0.154139441
vn 0.636887360 -0.661651975 0.395716002
vn 0.636887360 -0.661651975 0.395716002
vn 0.980438664 -0.033332506 0.193981879
vn 0.866270457 0.088294261 0.491710910
vn 0.980438664 -0.033332506 0.193981879
vn 0.636887360 -0.661651975 0.395716002
vn 0.763937123 -0.626610808 0.154139441
vn 0.911984382 0.369076445 0.179072790
vn 0.866270457 0.088294261 0.491710910
vn 0.980438664 -0.033332506 0.193981879
vn 0.866270457 0.088294261 0.491710910
vn 0.911984382 0.369076445 0.179072790
vn 0.710624887 0.653918522 0.259620562
vn 0.220597918 -0.963457834 0.151939333
vn 0.437579128 -0.897254008 0.058819662
vn 0.636887360 -0.661651975 0.395716002
vn 0.437579128 -0.897254008 0.058819662
vn 0.220597918 -0.963457834 0.151939333
vn 0.346641466 -0.918669001 -0.189438538
vn 0.216018475 -0.862566289 -0.457510017
vn 0.437579128 -0.897254008 0.058819662
vn 0.346641466 -0.918669001 -0.189438538
vn 0.437579128 -0.897254008 0.058819662
vn 0.216018475 -0.862566289 -0.457510017
vn 0.218424701 -0.384460355 -0.896928584
vn 0.948733275 0.280251378 0.146165451
vn 0.980438664 -0.033332506 0.193981879
vn 0.919198935 0.266662363 -0.289766289
vn 0.980438664 -0.033332506 0.193981879
vn 0.948733275 0.280251378 0.146165451
vn 0.970221742 0.215866828 0.109869397
vn 0.138301249 -0.979231096 0.148253920
vn 0.150548078 -0.818713824 0.554114564
vn 0.176582026 -0.900361515 0.397703319
vn -0.413317980 -0.901644672 -0.127299380
vn 0.009642466 -0.981493760 -0.191251203
vn -0.505519882 -0.795798232 -0.333398895
vn 0.009642466 -0.981493760 -0.191251203
vn -0.413317980 -0.901644672 -0.127299380
vn 0.020625005 -0.990593454 0.135274605
vn -0.118007003 -0.114927470 0.986339710
vn -0.598203788 0.582369814 0.550452202
vn -0.442565354 0.700407481 0.559968988
vn -0.598203788 0.582369814 0.550452202
vn -0.118007003 -0.114927470 0.986339710
vn -0.354970281 -0.108588326 0.928549770
vn -0.953814771 0.240560377 0.179911331
vn -0.649686471 0.753336481 0.101939376
vn -0.986281239 0.150759799 -0.067236900
vn -0.649686471 0.753336481 0.101939376
vn -0.953814771 0.240560377 0.179911331
vn -0.468855082 0.832622430 0.294813165
vn -0.825455482 -0.564377375 -0.010071071
vn -0.953814771 0.240560377 0.179911331
vn -0.986281239 0.150759799 -0.067236900
vn -0.953814771 0.240560377 0.179911331
vn -0.825455482 -0.564377375 -0.010071071
vn -0.951244005 -0.295816559 0.087335028
vn -0.166469888 -0.985495456 0.032961836
vn -0.164364564 -0.389280783 -0.906335899
vn -0.825455482 -0.564377375 -0.010071071
vn -0.164364564 -0.389280783 -0.906335899
vn -0.166469888 -0.985495456 0.032961836
vn 0.035845688 -0.395259389 -0.917869872
vn 0.020625005 -0.990593454 0.135274605
vn 0.363355037 -0.930889305 -0.037659253
vn 0.009642466 -0.981493760 -0.191251203
vn 0.363355037 -0.930889305 -0.037659253
vn 0.020625005 -0.990593454 0.135274605
vn 0.274059208 -0.946066585 0.172770276
vn -0.468855082 0.832622430 0.294813165
vn -0.228909100 0.962832189 0.143369452
vn -0.649686471 0.753336481 0.101939376
vn -0.228909100 0.962832189 0.143369452
vn -0.468855082 0.832622430 0.294813165
vn -0.139081995 0.959131872 0.246418854
vn -0.469342412 0.880819579 -0.062246037
vn -0.304834583 0.952223696 0.018598651
vn -0.383899422 0.921898173 -0.052201463
vn -0.304834583 0.952223696 0.018598651
vn -0.469342412 0.880819579 -0.062246037
vn -0.319556642 0.946806992 0.037948295
vn -0.468855082 0.832622430 0.294813165
vn -0.599069530 0.395359882 -0.696280304
vn -0.016004363 0.343710286 -0.938939348
vn -0.599069530 0.395359882 -0.696280304
vn -0.468855082 0.832622430 0.294813165
vn -0.953814771 0.240560377 0.179911331
vn -0.953814771 0.240560377 0.179911331
vn -0.960256889 -0.160483559 -0.228367541
vn -0.599069530 0.395359882 -0.696280304
vn -0.960256889 -0.160483559 -0.228367541
vn -0.953814771 0.240560377 0.179911331
vn -0.951244005 -0.295816559 0.087335028
vn -0.649672789 0.746915474 -0.141571686
vn -0.469342412 0.880819579 -0.062246037
vn -0.793364060 0.494633326 -0.354839881
vn -0.892180042 -0.209375401 -0.400220833
vn -0.824947930 -0.353405731 -0.441095570
vn -0.732339079 -0.581531588 -0.354260476
vn -0.594374059 -0.185673610 -0.782460727
vn -0.260024539 -0.954020021 -0.149107475
vn -0.732339079 -0.581531588 -0.354260476
vn -0.260024539 -0.954020021 -0.149107475
vn -0.594374059 -0.185673610 -0.782460727
vn 0.147746792 -0.248767693 -0.957228040
vn -0.260024539 -0.954020021 -0.149107475
vn 0.532218495 -0.328254673 -0.780379615
vn 0.158414796 -0.987139109 -0.021473976
vn 0.532218495 -0.328254673 -0.780379615
vn -0.260024539 -0.954020021 -0.149107475
vn 0.147746792 -0.248767693 -0.957228040
vn 0.630034651 -0.758801777 -0.165155085
vn 0.700340142 0.656286329 -0.280734642
vn 0.557194300 0.694323084 -0.455466758
vn 0.456306932 -0.776366098 -0.434786920
vn 0.478595165 -0.267673019 -0.836240290
vn -0.401239595 -0.899144873 0.174772094
vn 0.478595165 -0.267673019 -0.836240290
vn 0.456306932 -0.776366098 -0.434786920
vn 0.557194300 0.694323084 -0.455466758
vn -0.145949872 0.987383678 -0.061417487
vn 0.557194300 0.694323084 -0.455466758
vn 0.700340142 0.656286329 -0.280734642
vn 0.557194300 0.694323084 -0.455466758
vn -0.145949872 0.987383678 -0.061417487
vn -0.754646798 0.652609995 0.067885238
vn 0.557194300 0.694323084 -0.455466758
vn -0.497138459 0.806763756 -0.319351834
vn 0.478595165 -0.267673019 -0.836240290
vn -0.497138459 0.806763756 -0.319351834
vn 0.557194300 0.694323084 -0.455466758
vn -0.754646798 0.652609995 0.067885238
vn -0.830592275 0.440546890 0.340638973
vn -0.145949872 0.987383678 -0.061417487
vn 0.068928194 0.834037652 -0.547384781
vn -0.145949872 0.987383678 -0.061417487
vn -0.830592275 0.440546890 0.340638973
vn -0.884428227 0.068833322 0.461571971
vn -0.754646798 0.652609995 0.067885238
vn -0.882843837 -0.362802726 -0.298263210
vn -0.497138459 0.806763756 -0.319351834
vn -0.882843837 -0.362802726 -0.298263210
vn -0.754646798 0.652609995 0.067885238
vn -0.752378817 -0.614506752 0.237292155
vn -0.240925003 -0.925399040 0.292560694
vn 0.456306932 -0.776366098 -0.434786920
vn -0.752378817 -0.614506752 0.237292155
vn -0.752378817 -0.614506752 0.237292155
vn -0.401239595 -0.899144873 0.174772094
vn -0.882843837 -0.362802726 -0.298263210
vn -0.401239595 -0.899144873 0.174772094
vn -0.752378817 -0.614506752 0.237292155
vn 0.456306932 -0.776366098 -0.434786920
vn -0.172368757 -0.500963802 0.848129872
vn 0.114249852 0.774936168 0.621627628
vn 0.016433313 -0.802334773 0.596648019
vn 0.114249852 0.774936168 0.621627628
vn -0.172368757 -0.500963802 0.848129872
vn -0.105135400 0.918847012 0.380350781
vn 0.016433313 -0.802334773 0.596648019
vn 0.420905546 0.490670849 0.762942095
vn 0.448125165 -0.829741787 0.332734735
vn 0.420905546 0.490670849 0.762942095
vn 0.016433313 -0.802334773 0.596648019
vn 0.114249852 0.774936168 0.621627628
vn -0.105135400 0.918847012 0.380350781
vn 0.236058684 0.754071437 -0.612905022
vn 0.114249852 0.774936168 0.621627628
vn 0.236058684 0.754071437 -0.612905022
vn -0.105135400 0.918847012 0.380350781
vn -0.062409418 0.436512053 -0.897531221
vn 0.114249852 0.774936168 0.621627628
vn 0.617365917 0.729560545 -0.294280030
vn 0.420905546 0.490670849 0.762942095
vn 0.617365917 0.729560545 -0.294280030
vn 0.114249852 0.774936168 0.621627628
vn 0.236058684 0.754071437 -0.612905022
vn -0.062409418 0.436512053 -0.897531221
vn 0.112311369 -0.800258257 -0.589044038
vn 0.236058684 0.754071437 -0.612905022
vn 0.112311369 -0.800258257 -0.589044038
vn -0.062409418 0.436512053 -0.897531221
vn -0.059400407 -0.887183512 -0.457577324
vn 0.236058684 0.754071437 -0.612905022
vn 0.385595220 -0.638134939 -0.666408378
vn 0.617365917 0.729560545 -0.294280030
vn 0.385595220 -0.638134939 -0.666408378
vn 0.236058684 0.754071437 -0.612905022
vn 0.112311369 -0.800258257 -0.589044038
vn -0.059400407 -0.887183512 -0.457577324
vn 0.016433313 -0.802334773 0.596648019
vn 0.112311369 -0.800258257 -0.589044038
vn 0.016433313 -0.802334773 0.596648019
vn -0.059400407 -0.887183512 -0.457577324
vn -0.172368757 -0.500963802 0.848129872
vn 0.112311369 -0.800258257 -0.589044038
vn 0.448125165 -0.829741787 0.332734735
vn 0.385595220 -0.638134939 -0.666408378
vn 0.448125165 -0.829741787 0.332734735
vn 0.112311369 -0.800258257 -0.589044038
vn 0.016433313 -0.802334773 0.596648019
vn -0.882843837 -0.362802726 -0.298263210
vn -0.172368757 -0.500963802 0.848129872
vn -0.059400407 -0.887183512 -0.457577324
vn -0.172368757 -0.500963802 0.848129872
vn -0.882843837 -0.362802726 -0.298263210
vn -0.401239595 -0.899144873 0.174772094
vn -0.401239595 -0.899144873 0.174772094
vn -0.105135400 0.918847012 0.380350781
vn -0.172368757 -0.500963802 0.848129872
vn -0.105135400 0.918847012 0.380350781
vn -0.401239595 -0.899144873 0.174772094
vn 0.478595165 -0.267673019 -0.836240290
vn -0.497138459 0.806763756 -0.319351834
vn -0.105135400 0.918847012 0.380350781
vn 0.478595165 -0.267673019 -0.836240290
vn -0.105135400 0.918847012 0.380350781
vn -0.497138459 0.806763756 -0.319351834
vn -0.062409418 0.436512053 -0.897531221
vn -0.062409418 0.436512053 -0.897531221
vn -0.882843837 -0.362802726 -0.298263210
vn -0.059400407 -0.887183512 -0.457577324
vn -0.882843837 -0.362802726 -0.298263210
vn -0.062409418 0.436512053 -0.897531221
vn -0.497138459 0.806763756 -0.319351834
vn -0.800811951 -0.028671174 0.598229206
vn -0.259344199 -0.806649737 0.531090188
vn -0.240925003 -0.925399040 0.292560694
vn -0.259344199 -0.806649737 0.531090188
vn -0.354970281 -0.108588326 0.928549770
vn -0.095320655 -0.636563143 0.765311269
vn -0.354970281 -0.108588326 0.928549770
vn -0.259344199 -0.806649737 0.531090188
vn -0.800811951 -0.028671174 0.598229206
vn -0.793364060 0.494633326 -0.354839881
vn -0.383899422 0.921898173 -0.052201463
vn -0.672229180 0.695095531 -0.254853158
vn -0.383899422 0.921898173 -0.052201463
vn -0.793364060 0.494633326 -0.354839881
vn -0.469342412 0.880819579 -0.062246037
vn -0.354970281 -0.108588326 0.928549770
vn -0.118007003 -0.114927470 0.986339710
vn 0.246503343 -0.418323286 0.874209203
vn -0.083118562 -0.973150375 0.214638423
vn 0.138301249 -0.979231096 0.148253920
vn 0.359488995 -0.879124957 -0.312900899
vn 0.138301249 -0.979231096 0.148253920
vn -0.083118562 -0.973150375 0.214638423
vn 0.150548078 -0.818713824 0.554114564
vn 0.630034651 -0.758801777 -0.165155085
vn -0.083118562 -0.973150375 0.214638423
vn 0.359488995 -0.879124957 -0.312900899
vn -0.598203788 0.582369814 0.550452202
vn -0.405658370 0.899073535 0.164645270
vn -0.442565354 0.700407481 0.559968988
vn -0.405658370 0.899073535 0.164645270
vn -0.361982971 0.842361983 0.399242555
vn -0.442565354 0.700407481 0.559968988
vn -0.361982971 0.842361983 0.399242555
vn -0.405658370 0.899073535 0.164645270
vn -0.325907472 0.939049229 0.109411447
vn -0.800811951 -0.028671174 0.598229206
vn -0.598203788 0.582369814 0.550452202
vn -0.354970281 -0.108588326 0.928549770
vn -0.830592275 0.440546890 0.340638973
vn -0.630397171 0.762582220 0.145147390
vn -0.598203788 0.582369814 0.550452202
vn 0.068928194 0.834037652 -0.547384781
vn -0.683312500 -0.287104162 -0.671308593
vn -0.801962738 0.026494766 -0.596786222
vn -0.683312500 -0.287104162 -0.671308593
vn 0.068928194 0.834037652 -0.547384781
vn 0.697197787 -0.112240051 -0.708037723
vn -0.350177400 -0.885585715 -0.305145423
vn -0.683312500 -0.287104162 -0.671308593
vn 0.697197787 -0.112240051 -0.708037723
vn -0.762181341 -0.484446405 -0.429408063
vn -0.594374059 -0.185673610 -0.782460727
vn -0.871384833 -0.276066180 -0.405556331
vn -0.824947930 -0.353405731 -0.441095570
vn -0.892180042 -0.209375401 -0.400220833
vn -0.872904147 0.042730371 -0.486016940
vn -0.825455482 -0.564377375 -0.010071071
vn -0.164364564 -0.389280783 -0.906335899
vn -0.951244005 -0.295816559 0.087335028
vn -0.951244005 -0.295816559 0.087335028
vn -0.164364564 -0.389280783 -0.906335899
vn -0.960256889 -0.160483559 -0.228367541
vn 0.246503343 -0.418323286 0.874209203
vn -0.095320655 -0.636563143 0.765311269
vn -0.354970281 -0.108588326 0.928549770
vn 0.176582026 -0.900361515 0.397703319
vn 0.405520563 -0.647637470 0.645072694
vn 0.128008002 -0.883340699 0.450913696
vn 0.035845688 -0.395259389 -0.917869872
vn 0.123621566 -0.983222868 0.134128669
vn 0.174097132 -0.383749742 -0.906877238
vn 0.123621566 -0.983222868 0.134128669
vn 0.035845688 -0.395259389 -0.917869872
vn -0.166469888 -0.985495456 0.032961836
vn -0.139081995 0.959131872 0.246418854
vn -0.016004363 0.343710286 -0.938939348
vn 0.151433114 0.102556344 -0.983132854
vn -0.016004363 0.343710286 -0.938939348
vn -0.139081995 0.959131872 0.246418854
vn -0.468855082 0.832622430 0.294813165
vn -0.298714419 0.082772458 0.950746242
vn -0.442565354 0.700407481 0.559968988
vn -0.361982971 0.842361983 0.399242555
vn 0.220597918 -0.963457834 0.151939333
vn -0.166469888 -0.985495456 0.032961836
vn -0.262142165 -0.964323431 -0.036902661
vn -0.166469888 -0.985495456 0.032961836
vn 0.220597918 -0.963457834 0.151939333
vn 0.123621566 -0.983222868 0.134128669
vn -0.262142165 -0.964323431 -0.036902661
vn -0.825455482 -0.564377375 -0.010071071
vn -0.857822776 -0.479129724 -0.185942984
vn -0.825455482 -0.564377375 -0.010071071
vn -0.262142165 -0.964323431 -0.036902661
vn -0.166469888 -0.985495456 0.032961836
vn -0.857822776 -0.479129724 -0.185942984
vn -0.986281239 0.150759799 -0.067236900
vn -0.938923303 0.102477356 -0.328513962
vn -0.986281239 0.150759799 -0.067236900
vn -0.857822776 -0.479129724 -0.185942984
vn -0.825455482 -0.564377375 -0.010071071
vn -0.986281239 0.150759799 -0.067236900
vn -0.649672789 0.746915474 -0.141571686
vn -0.938923303 0.102477356 -0.328513962
vn -0.649672789 0.746915474 -0.141571686
vn -0.986281239 0.150759799 -0.067236900
vn -0.649686471 0.753336481 0.101939376
vn -0.649686471 0.753336481 0.101939376
vn -0.307995664 0.951365775 0.006467819
vn -0.649672789 0.746915474 -0.141571686
vn -0.307995664 0.951365775 0.006467819
vn -0.649686471 0.753336481 0.101939376
vn -0.228909100 0.962832189 0.143369452
vn 0.246503343 -0.418323286 0.874209203
vn 0.405520563 -0.647637470 0.645072694
vn -0.095320655 -0.636563143 0.765311269
vn 0.405520563 -0.647637470 0.645072694
vn 0.150548078 -0.818713824 0.554114564
vn -0.095320655 -0.636563143 0.765311269
vn 0.150548078 -0.818713824 0.554114564
vn -0.259344199 -0.806649737 0.531090188
vn -0.095320655 -0.636563143 0.765311269
vn -0.259344199 -0.806649737 0.531090188
vn 0.150548078 -0.818713824 0.554114564
vn -0.083118562 -0.973150375 0.214638423
vn 0.630034651 -0.758801777 -0.165155085
vn -0.259344199 -0.806649737 0.531090188
vn -0.083118562 -0.973150375 0.214638423
vn -0.259344199 -0.806649737 0.531090188
vn 0.630034651 -0.758801777 -0.165155085
vn -0.240925003 -0.925399040 0.292560694
vn -0.240925003 -0.925399040 0.292560694
vn 0.630034651 -0.758801777 -0.165155085
vn 0.456306932 -0.776366098 -0.434786920
vn -0.752378817 -0.614506752 0.237292155
vn -0.828672125 -0.239149918 0.506072946
vn -0.240925003 -0.925399040 0.292560694
vn -0.938923303 0.102477356 -0.328513962
vn -0.793364060 0.494633326 -0.354839881
vn -0.892180042 -0.209375401 -0.400220833
vn -0.665565843 0.736618612 -0.120063020
vn -0.630397171 0.762582220 0.145147390
vn -0.801962738 0.026494766 -0.596786222
vn -0.872904147 0.042730371 -0.486016940
vn -0.793364060 0.494633326 -0.354839881
vn -0.672229180 0.695095531 -0.254853158
vn -0.793364060 0.494633326 -0.354839881
vn -0.872904147 0.042730371 -0.486016940
vn -0.892180042 -0.209375401 -0.400220833
vn -0.793364060 0.494633326 -0.354839881
vn -0.938923303 0.102477356 -0.328513962
vn -0.649672789 0.746915474 -0.141571686
vn -0.298714419 0.082772458 0.950746242
vn -0.118007003 -0.114927470 0.986339710
vn -0.442565354 0.700407481 0.559968988
vn -0.405658370 0.899073535 0.164645270
vn -0.672229180 0.695095531 -0.254853158
vn -0.383899422 0.921898173 -0.052201463
vn -0.672229180 0.695095531 -0.254853158
vn -0.405658370 0.899073535 0.164645270
vn -0.665565843 0.736618612 -0.120063020
vn -0.672229180 0.695095531 -0.254853158
vn -0.801962738 0.026494766 -0.596786222
vn -0.872904147 0.042730371 -0.486016940
vn -0.801962738 0.026494766 -0.596786222
vn -0.672229180 0.695095531 -0.254853158
vn -0.665565843 0.736618612 -0.120063020
vn -0.801962738 0.026494766 -0.596786222
vn -0.824947930 -0.353405731 -0.441095570
vn -0.872904147 0.042730371 -0.486016940
vn -0.824947930 -0.353405731 -0.441095570
vn -0.801962738 0.026494766 -0.596786222
vn -0.819818321 -0.367916436 -0.438788579
vn -0.819818321 -0.367916436 -0.438788579
vn -0.871384833 -0.276066180 -0.405556331
vn -0.824947930 -0.353405731 -0.441095570
vn -0.871384833 -0.276066180 -0.405556331
vn -0.819818321 -0.367916436 -0.438788579
vn -0.683312500 -0.287104162 -0.671308593
vn -0.765650288 -0.573231844 -0.291864507
vn -0.683312500 -0.287104162 -0.671308593
vn -0.350177400 -0.885585715 -0.305145423
vn -0.683312500 -0.287104162 -0.671308593
vn -0.765650288 -0.573231844 -0.291864507
vn -0.871384833 -0.276066180 -0.405556331
vn 0.419318684 -0.804663334 -0.420343621
vn 0.009642466 -0.981493760 -0.191251203
vn 0.363355037 -0.930889305 -0.037659253
vn 0.009642466 -0.981493760 -0.191251203
vn 0.419318684 -0.804663334 -0.420343621
vn -0.026277179 -0.868412053 -0.495146459
vn -0.026277179 -0.868412053 -0.495146459
vn -0.505519882 -0.795798232 -0.333398895
vn 0.009642466 -0.981493760 -0.191251203
vn -0.505519882 -0.795798232 -0.333398895
vn -0.026277179 -0.868412053 -0.495146459
vn -0.505290351 -0.565036176 -0.652239052
vn 0.091782665 -0.964747272 0.246654908
vn 0.138301249 -0.979231096 0.148253920
vn 0.176582026 -0.900361515 0.397703319
vn 0.138301249 -0.979231096 0.148253920
vn 0.091782665 -0.964747272 0.246654908
vn -0.350177400 -0.885585715 -0.305145423
vn -0.350177400 -0.885585715 -0.305145423
vn 0.359488995 -0.879124957 -0.312900899
vn 0.138301249 -0.979231096 0.148253920
vn 0.359488995 -0.879124957 -0.312900899
vn -0.350177400 -0.885585715 -0.305145423
vn 0.697197787 -0.112240051 -0.708037723
vn 0.359488995 -0.879124957 -0.312900899
vn 0.697197787 -0.112240051 -0.708037723
vn 0.630034651 -0.758801777 -0.165155085
vn -0.830592275 0.440546890 0.340638973
vn -0.801962738 0.026494766 -0.596786222
vn -0.630397171 0.762582220 0.145147390
vn -0.801962738 0.026494766 -0.596786222
vn -0.830592275 0.440546890 0.340638973
vn 0.068928194 0.834037652 -0.547384781
vn 0.128008002 -0.883340699 0.450913696
vn 0.091782665 -0.964747272 0.246654908
vn 0.176582026 -0.900361515 0.397703319
vn 0.147746792 -0.248767693 -0.957228040
vn -0.505290351 -0.565036176 -0.652239052
vn -0.026277179 -0.868412053 -0.495146459
vn -0.505290351 -0.565036176 -0.652239052
vn 0.147746792 -0.248767693 -0.957228040
vn -0.594374059 -0.185673610 -0.782460727
vn -0.762181341 -0.484446405 -0.429408063
vn -0.765650288 -0.573231844 -0.291864507
vn -0.505519882 -0.795798232 -0.333398895
vn -0.765650288 -0.573231844 -0.291864507
vn -0.350177400 -0.885585715 -0.305145423
vn -0.413317980 -0.901644672 -0.127299380
vn -0.350177400 -0.885585715 -0.305145423
vn 0.020625005 -0.990593454 0.135274605
vn -0.413317980 -0.901644672 -0.127299380
vn 0.020625005 -0.990593454 0.135274605
vn -0.350177400 -0.885585715 -0.305145423
vn 0.091782665 -0.964747272 0.246654908
vn 0.091782665 -0.964747272 0.246654908
vn 0.128008002 -0.883340699 0.450913696
vn 0.274059208 -0.946066585 0.172770276
vn 0.459143267 -0.882914901 -0.098227993
vn 0.363355037 -0.930889305 -0.037659253
vn 0.274059208 -0.946066585 0.172770276
vn 0.544500385 -0.761558606 -0.351493699
vn 0.363355037 -0.930889305 -0.037659253
vn 0.459143267 -0.882914901 -0.098227993
vn 0.363355037 -0.930889305 -0.037659253
vn 0.544500385 -0.761558606 -0.351493699
vn 0.419318684 -0.804663334 -0.420343621
vn 0.147746792 -0.248767693 -0.957228040
vn -0.026277179 -0.868412053 -0.495146459
vn 0.419318684 -0.804663334 -0.420343621
vn -0.505519882 -0.795798232 -0.333398895
vn -0.505290351 -0.565036176 -0.652239052
vn -0.762181341 -0.484446405 -0.429408063
vn -0.871384833 -0.276066180 -0.405556331
vn -0.765650288 -0.573231844 -0.291864507
vn -0.762181341 -0.484446405 -0.429408063
vn -0.505290351 -0.565036176 -0.652239052
vn -0.594374059 -0.185673610 -0.782460727
vn -0.762181341 -0.484446405 -0.429408063
vn -0.319556642 0.946806992 0.037948295
vn -0.649672789 0.746915474 -0.141571686
vn -0.307995664 0.951365775 0.006467819
vn -0.649672789 0.746915474 -0.141571686
vn -0.319556642 0.946806992 0.037948295
vn -0.469342412 0.880819579 -0.062246037
vn -0.325907472 0.939049229 0.109411447
vn -0.383899422 0.921898173 -0.052201463
vn -0.304834583 0.952223696 0.018598651
vn -0.383899422 0.921898173 -0.052201463
vn -0.325907472 0.939049229 0.109411447
vn -0.405658370 0.899073535 0.164645270
vn -0.598203788 0.582369814 0.550452202
vn -0.800811951 -0.028671174 0.598229206
vn -0.830592275 0.440546890 0.340638973
vn 0.557194300 0.694323084 -0.455466758
vn 0.456306932 -0.776366098 -0.434786920
vn 0.630034651 -0.758801777 -0.165155085
vn -0.800811951 -0.028671174 0.598229206
vn -0.828672125 -0.239149918 0.506072946
vn -0.830592275 0.440546890 0.340638973
vn -0.240925003 -0.925399040 0.292560694
vn -0.828672125 -0.239149918 0.506072946
vn -0.800811951 -0.028671174 0.598229206
vn 0.419318684 -0.804663334 -0.420343621
vn 0.532218495 -0.328254673 -0.780379615
vn 0.147746792 -0.248767693 -0.957228040
vn 0.459143267 -0.882914901 -0.098227993
vn 0.346641466 -0.918669001 -0.189438538
vn 0.544500385 -0.761558606 -0.351493699
vn 0.346641466 -0.918669001 -0.189438538
vn 0.459143267 -0.882914901 -0.098227993
vn 0.286668431 -0.957525185 0.031092281
vn 0.274059208 -0.946066585 0.172770276
vn 0.286668431 -0.957525185 0.031092281
vn 0.459143267 -0.882914901 -0.098227993
vn 0.419318684 -0.804663334 -0.420343621
vn 0.544500385 -0.761558606 -0.351493699
vn 0.532218495 -0.328254673 -0.780379615
vn 0.274059208 -0.946066585 0.172770276
vn 0.128008002 -0.883340699 0.450913696
vn 0.286668431 -0.957525185 0.031092281
vn 0.274059208 -0.946066585 0.172770276
vn 0.020625005 -0.990593454 0.135274605
vn 0.091782665 -0.964747272 0.246654908
vn -0.413317980 -0.901644672 -0.127299380
vn -0.505519882 -0.795798232 -0.333398895
vn -0.765650288 -0.573231844 -0.291864507
vn -0.683312500 -0.287104162 -0.671308593
vn -0.819818321 -0.367916436 -0.438788579
vn -0.801962738 0.026494766 -0.596786222
vn 0.630034651 -0.758801777 -0.165155085
vn 0.697197787 -0.112240051 -0.708037723
vn 0.700340142 0.656286329 -0.280734642
vn 0.700340142 0.656286329 -0.280734642
vn 0.068928194 0.834037652 -0.547384781
vn -0.145949872 0.987383678 -0.061417487
vn 0.068928194 0.834037652 -0.547384781
vn 0.700340142 0.656286329 -0.280734642
vn 0.697197787 -0.112240051 -0.708037723
vn -0.754646798 0.652609995 0.067885238
vn -0.145949872 0.987383678 -0.061417487
vn -0.884428227 0.068833322 0.461571971
vn -0.830592275 0.440546890 0.340638973
vn -0.828672125 -0.239149918 0.506072946
vn -0.884428227 0.068833322 0.461571971
vn -0.884428227 0.068833322 0.461571971
vn -0.752378817 -0.614506752 0.237292155
vn -0.754646798 0.652609995 0.067885238
vn -0.752378817 -0.614506752 0.237292155
vn -0.884428227 0.068833322 0.461571971
vn -0.828672125 -0.239149918 0.506072946
vn -0.630397171 0.762582220 0.145147390
vn -0.405658370 0.899073535 0.164645270
vn -0.598203788 0.582369814 0.550452202
vn -0.405658370 0.899073535 0.164645270
vn -0.630397171 0.762582220 0.145147390
vn -0.665565843 0.736618612 -0.120063020
vn 0.150548078 -0.818713824 0.554114564
vn 0.405520563 -0.647637470 0.645072694
vn 0.176582026 -0.900361515 0.397703319
vn 0.158414796 -0.987139109 -0.021473976
vn -0.262142165 -0.964323431 -0.036902661
vn -0.260024539 -0.954020021 -0.149107475
vn -0.262142165 -0.964323431 -0.036902661
vn -0.732339079 -0.581531588 -0.354260476
vn -0.260024539 -0.954020021 -0.149107475
vn -0.732339079 -0.581531588 -0.354260476
vn -0.262142165 -0.964323431 -0.036902661
vn -0.857822776 -0.479129724 -0.185942984
vn -0.892180042 -0.209375401 -0.400220833
vn -0.857822776 -0.479129724 -0.185942984
vn -0.938923303 0.102477356 -0.328513962
vn -0.857822776 -0.479129724 -0.185942984
vn -0.892180042 -0.209375401 -0.400220833
vn -0.732339079 -0.581531588 -0.354260476
vn 0.220597918 -0.963457834 0.151939333
vn -0.262142165 -0.964323431 -0.036902661
vn 0.158414796 -0.987139109 -0.021473976
vn 0.158414796 -0.987139109 -0.021473976
vn 0.346641466 -0.918669001 -0.189438538
vn 0.220597918 -0.963457834 0.151939333
vn 0.544500385 -0.761558606 -0.351493699
vn 0.158414796 -0.987139109 -0.021473976
vn 0.532218495 -0.328254673 -0.780379615
vn 0.158414796 -0.987139109 -0.021473976
vn 0.544500385 -0.761558606 -0.351493699
vn 0.346641466 -0.918669001 -0.189438538
vn -0.871384833 -0.276066180 -0.405556331
vn -0.732339079 -0.581531588 -0.354260476
vn -0.824947930 -0.353405731 -0.441095570
vn -0.732339079 -0.581531588 -0.354260476
vn -0.871384833 -0.276066180 -0.405556331
vn -0.594374059 -0.185673610 -0.782460727
vn -0.164364564 -0.389280783 -0.906335899
vn -0.599069530 0.395359882 -0.696280304
vn -0.960256889 -0.160483559 -0.228367541
vn -0.164364564 -0.389280783 -0.906335899
vn -0.016004363 0.343710286 -0.938939348
vn -0.599069530 0.395359882 -0.696280304
vn 0.035845688 -0.395259389 -0.917869872
vn -0.016004363 0.343710286 -0.938939348
vn -0.164364564 -0.389280783 -0.906335899
vn 0.035845688 -0.395259389 -0.917869872
vn 0.151433114 0.102556344 -0.983132854
vn -0.016004363 0.343710286 -0.938939348
vn 0.740685759 0.548223834 -0.388375120
vn 0.616790750 -0.394181855 -0.681314785
vn 0.988074262 0.069334326 0.137484557
vn 0.271689033 0.348157404 -0.897202035
vn 0.616790750 -0.394181855 -0.681314785
vn 0.740685759 0.548223834 -0.388375120
vn 0.271689033 0.348157404 -0.897202035
vn 0.369855543 -0.401774808 -0.837725421
vn 0.616790750 -0.394181855 -0.681314785
vn 0.151433114 0.102556344 -0.983132854
vn 0.369855543 -0.401774808 -0.837725421
vn 0.271689033 0.348157404 -0.897202035
vn 0.151433114 0.102556344 -0.983132854
vn 0.174097132 -0.383749742 -0.906877238
vn 0.369855543 -0.401774808 -0.837725421
vn 0.035845688 -0.395259389 -0.917869872
vn 0.174097132 -0.383749742 -0.906877238
vn 0.151433114 0.102556344 -0.983132854
vn -0.298714419 0.082772458 0.950746242
vn 0.031219788 -0.765136669 0.643110568
vn -0.118007003 -0.114927470 0.986339710
vn -0.118007003 -0.114927470 0.986339710
vn 0.031219788 -0.765136669 0.643110568
vn 0.246503343 -0.418323286 0.874209203
vn 0.246503343 -0.418323286 0.874209203
vn 0.031219788 -0.765136669 0.643110568
vn 0.405520563 -0.647637470 0.645072694
vn 0.405520563 -0.647637470 0.645072694
vn 0.031219788 -0.765136669 0.643110568
vn 0.128008002 -0.883340699 0.450913696
vn -0.334505002 -0.852480079 0.401726423
vn 0.128008002 -0.883340699 0.450913696
vn 0.031219788 -0.765136669 0.643110568
vn -0.298714419 0.082772458 0.950746242
vn -0.202021178 -0.127528643 0.971042681
vn 0.031219788 -0.765136669 0.643110568
vn -0.336926408 -0.615745238 0.712276911
vn 0.031219788 -0.765136669 0.643110568
vn -0.202021178 -0.127528643 0.971042681
vn -0.334505002 -0.852480079 0.401726423
vn 0.031219788 -0.765136669 0.643110568
vn -0.336926408 -0.615745238 0.712276911
vn 0.617365917 0.729560545 -0.294280030
vn 0.448125165 -0.829741787 0.332734735
vn 0.420905546 0.490670849 0.762942095
vn 0.448125165 -0.829741787 0.332734735
vn 0.617365917 0.729560545 -0.294280030
vn 0.385595220 -0.638134939 -0.666408378
vn -0.111810184 -0.927301241 -0.357226667
vn 0.501001838 0.627807143 -0.595697364
vn -0.534955297 0.337236650 -0.774657520
vn 0.501001838 0.627807143 -0.595697364
vn -0.111810184 -0.927301241 -0.357226667
vn 0.769824283 -0.633428157 0.078353963
f 3/3/3 2/2/2 1/1/1
f 6/6/6 5/5/5 4/4/4
f 9/9/9 8/8/8 7/7/7
f 12/12/12 11/11/11 10/10/10
f 15/15/15 14/14/14 13/13/13
f 18/18/18 17/17/17 16/16/16
f 21/21/21 20/20/20 19/19/19
f 24/24/24 23/23/23 22/22/22
f 27/27/27 26/26/26 25/25/25
f 30/30/30 29/29/29 28/28/28
f 33/33/33 32/32/32 31/31/31
f 36/36/36 35/35/35 34/34/34
f 39/39/39 38/38/38 37/37/37
f 42/42/42 41/41/41 40/40/40
f 45/45/45 44/44/44 43/43/43
f 48/48/48 47/47/47 46/46/46
f 51/51/51 50/50/50 49/49/49
f 54/54/54 53/53/53 52/52/52
f 57/57/57 56/56/56 55/55/55
f 60/60/60 59/59/59 58/58/58
f 63/63/63 62/62/62 61/61/61
f 66/66/66 65/65/65 64/64/64
f 69/69/69 68/68/68 67/67/67
f 72/72/72 71/71/71 70/70/70
f 75/75/75 74/74/74 73/73/73
f 78/78/78 77/77/77 76/76/76
f 81/81/81 80/80/80 79/79/79
f 84/84/84 83/83/83 82/82/82
f 87/87/87 86/86/86 85/85/85
f 90/90/90 89/89/89 88/88/88
f 93/93/93 92/92/92 91/91/91
f 96/96/96 95/95/95 94/94/94
f 99/99/99 98/98/98 97/97/97
f 102/102/102 101/101/101 100/100/100
f 105/105/105 104/104/104 103/103/103
f 108/108/108 107/107/107 106/106/106
f 111/111/111 110/110/110 109/109/109
f 114/114/114 113/113/113 112/112/112
f 117/117/117 116/116/116 115/115/115
f 120/120/120 119/119/119 118/118/118
f 123/123/123 122/122/122 121/121/121
f 126/126/126 125/125/125 124/124/124
f 129/129/129 128/128/128 127/127/127
f 132/132/132 131/131/131 130/130/130
f 135/135/135 134/134/134 133/133/133
f 138/138/138 137/137/137 136/136/136
f 141/141/141 140/140/140 139/139/139
f 144/144/144 143/143/143 142/142/142
f 147/147/147 146/146/146 145/145/145
f 150/150/150 149/149/149 148/148/148
f 153/153/153 152/152/152 151/151/151
f 156/156/156 155/155/155 154/154/154
f 159/159/159 158/158/158 157/157/157
f 162/162/162 161/161/161 160/160/160
f 165/165/165 164/164/164 163/163/163
f 168/168/168 167/167/167 166/166/166
f 171/171/171 170/170/170 169/169/169
f 174/174/174 173/173/173 172/172/172
f 177/177/177 176/176/176 175/175/175
f 180/180/180 179/179/179 178/178/178
f 183/183/183 182/182/182 181/181/181
f 186/186/186 185/185/185 184/184/184
f 189/189/189 188/188/188 187/187/187
f 192/192/192 191/191/191 190/190/190
f 195/195/195 194/194/194 193/193/193
f 198/198/198 197/197/197 196/196/196
f 201/201/201 200/200/200 199/199/199
f 204/204/204 203/203/203 202/202/202
f 207/207/207 206/206/206 205/205/205
f 210/210/210 209/209/209 208/208/208
f 213/213/213 212/212/212 211/211/211
f 216/216/216 215/215/215 214/214/214
f 219/219/219 218/218/218 217/217/217
f 222/222/222 221/221/221 220/220/220
f 225/225/225 224/224/224 223/223/223
f 228/228/228 227/227/227 226/226/226
f 231/231/231 230/230/230 229/229/229
f 234/234/234 233/233/233 232/232/232
f 237/237/237 236/236/236 235/235/235
f 240/240/240 239/239/239 238/238/238
f 243/243/243 242/242/242 241/241/241
f 246/246/246 245/245/245 244/244/244
f 249/249/249 248/248/248 247/247/247
f 252/252/252 251/251/251 250/250/250
f 255/255/255 254/254/254 253/253/253
f 258/258/258 257/257/257 256/256/256
f 261/261/261 260/260/260 259/259/259
f 264/264/264 263/263/263 262/262/262
f 267/267/267 266/266/266 265/265/265
f 270/270/270 269/269/269 268/268/268
f 273/273/273 272/272/272 271/271/271
f 276/276/276 275/275/275 274/274/274
f 279/279/279 278/278/278 277/277/277
f 282/282/282 281/281/281 280/280/280
f 285/285/285 284/284/284 283/283/283
f 288/288/288 287/287/287 286/286/286
f 291/291/291 290/290/290 289/289/289
f 294/294/294 293/293/293 292/292/292
f 297/297/297 296/296/296 295/295/295
f 300/300/300 299/299/299 298/298/298
f 303/303/303 302/302/302 301/301/301
f 306/306/306 305/305/305 304/304/304
f 309/309/309 308/308/308 307/307/307
f 312/312/312 311/311/311 310/310/310
f 315/315/315 314/314/314 313/313/313
f 318/318/318 317/317/317 316/316/316
f 321/321/321 320/320/320 319/319/319
f 324/324/324 323/323/323 322/322/322
f 327/327/327 326/326/326 325/325/325
f 330/330/330 329/329/329 328/328/328
f 333/333/333 332/332/332 331/331/331
f 336/336/336 335/335/335 334/334/334
f 339/339/339 338/338/338 337/337/337
f 342/342/342 341/341/341 340/340/340
f 345/345/345 344/344/344 343/343/343
f 348/348/348 347/347/347 346/346/346
f 351/351/351 350/350/350 349/349/349
f 354/354/354 353/353/353 352/352/352
f 357/357/357 356/356/356 355/355/355
f 360/360/360 359/359/359 358/358/358
f 363/363/363 362/362/362 361/361/361
f 366/366/366 365/365/365 364/364/364
f 369/369/369 368/368/368 367/367/367
f 372/372/372 371/371/371 370/370/370
f 375/375/375 374/374/374 373/373/373
f 378/378/378 377/377/377 376/376/376
f 381/381/381 380/380/380 379/379/379
f 384/384/384 383/383/383 382/382/382
f 387/387/387 386/386/386 385/385/385
f 390/390/390 389/389/389 388/388/388
f 393/393/393 392/392/392 391/391/391
f 396/396/396 395/395/395 394/394/394
f 399/399/399 398/398/398 397/397/397
f 402/402/402 401/401/401 400/400/400
f 405/405/405 404/404/404 403/403/403
f 408/408/408 407/407/407 406/406/406
f 411/411/411 410/410/410 409/409/409
f 414/414/414 413/413/413 412/412/412
f 417/417/417 416/416/416 415/415/415
f 420/420/420 419/419/419 418/418/418
f 423/423/423 422/422/422 421/421/421
f 426/426/426 425/425/425 424/424/424
f 429/429/429 428/428/428 427/427/427
f 432/432/432 431/431/431 430/430/430
f 435/435/435 434/434/434 433/433/433
f 438/438/438 437/437/437 436/436/436
f 441/441/441 440/440/440 439/439/439
f 444/444/444 443/443/443 442/442/442
f 447/447/447 446/446/446 445/445/445
f 450/450/450 449/449/449 448/448/448
f 453/453/453 452/452/452 451/451/451
f 456/456/456 455/455/455 454/454/454
f 459/459/459 458/458/458 457/457/457
f 462/462/462 461/461/461 460/460/460
f 465/465/465 464/464/464 463/463/463
f 468/468/468 467/467/467 466/466/466
f 471/471/471 470/470/470 469/469/469
f 474/474/474 473/473/473 472/472/472
f 477/477/477 476/476/476 475/475/475
f 480/480/480 479/479/479 478/478/478
f 483/483/483 482/482/482 481/481/481
f 486/486/486 485/485/485 484/484/484
f 489/489/489 488/488/488 487/487/487
f 492/492/492 491/491/491 490/490/490
f 495/495/495 494/494/494 493/493/493
f 498/498/498 497/497/497 496/496/496
f 501/501/501 500/500/500 499/499/499
f 504/504/504 503/503/503 502/502/502
f 507/507/507 506/506/506 505/505/505
f 510/510/510 509/509/509 508/508/508
f 513/513/513 512/512/512 511/511/511
f 516/516/516 515/515/515 514/514/514
f 519/519/519 518/518/518 517/517/517
f 522/522/522 521/521/521 520/520/520
f 525/525/525 524/524/524 523/523/523
f 528/528/528 527/527/527 526/526/526
f 531/531/531 530/530/530 529/529/529
f 534/534/534 533/533/533 532/532/532
f 537/537/537 536/536/536 535/535/535
f 540/540/540 539/539/539 538/538/538
f 543/543/543 542/542/542 541/541/541
f 546/546/546 545/545/545 544/544/544
f 549/549/549 548/548/548 547/547/547
f 552/552/552 551/551/551 550/550/550
f 555/555/555 554/554/554 553/553/553
f 558/558/558 557/557/557 556/556/556
f 561/561/561 560/560/560 559/559/559
f 564/564/564 563/563/563 562/562/562
f 567/567/567 566/566/566 565/565/565
f 570/570/570 569/569/569 568/568/568
f 573/573/573 572/572/572 571/571/571
f 576/576/576 575/575/575 574/574/574
f 579/579/579 578/578/578 577/577/577
f 582/582/582 581/581/581 580/580/580
f 585/585/585 584/584/584 583/583/583
f 588/588/588 587/587/587 586/586/586
f 591/591/591 590/590/590 589/589/589
f 594/594/594 593/593/593 592/592/592
f 597/597/597 596/596/596 595/595/595
f 600/600/600 599/599/599 598/598/598
f 603/603/603 602/602/602 601/601/601
f 606/606/606 605/605/605 604/604/604
f 609/609/609 608/608/608 607/607/607
f 612/612/612 611/611/611 610/610/610
f 615/615/615 614/614/614 613/613/613
f 618/618/618 617/617/617 616/616/616
f 621/621/621 620/620/620 619/619/619
f 624/624/624 623/623/623 622/622/622
f 627/627/627 626/626/626 625/625/625
f 630/630/630 629/629/629 628/628/628
f 633/633/633 632/632/632 631/631/631
f 636/636/636 635/635/635 634/634/634
f 639/639/639 638/638/638 637/637/637
f 642/642/642 641/641/641 640/640/640
f 645/645/645 644/644/644 643/643/643
f 648/648/648 647/647/647 646/646/646
f 651/651/651 650/650/650 649/649/649
f 654/654/654 653/653/653 652/652/652
f 657/657/657 656/656/656 655/655/655
f 660/660/660 659/659/659 658/658/658
f 663/663/663 662/662/662 661/661/661
f 666/666/666 665/665/665 664/664/664
f 669/669/669 668/668/668 667/667/667
f 672/672/672 671/671/671 670/670/670
f 675/675/675 674/674/674 673/673/673
f 678/678/678 677/677/677 676/676/676
f 681/681/681 680/680/680 679/679/679
f 684/684/684 683/683/683 682/682/682
f 687/687/687 686/686/686 685/685/685
f 690/690/690 689/689/689 688/688/688
f 693/693/693 692/692/692 691/691/691
f 696/696/696 695/695/695 694/694/694
f 699/699/699 698/698/698 697/697/697
f 702/702/702 701/701/701 700/700/700
f 705/705/705 704/704/704 703/703/703
f 708/708/708 707/707/707 706/706/706
f 711/711/711 710/710/710 709/709/709
f 714/714/714 713/713/713 712/712/712
f 717/717/717 716/716/716 715/715/715
f 720/720/720 719/719/719 718/718/718
f 723/723/723 722/722/722 721/721/721
f 726/726/726 725/725/725 724/724/724
f 729/729/729 728/728/728 727/727/727
f 732/732/732 731/731/731 730/730/730
f 735/735/735 734/734/734 733/733/733
f 738/738/738 737/737/737 736/736/736
f 741/741/741 740/740/740 739/739/739
f 744/744/744 743/743/743 742/742/742
f 747/747/747 746/746/746 745/745/745
f 750/750/750 749/749/749 748/748/748
f 753/753/753 752/752/752 751/751/751
f 756/756/756 755/755/755 754/754/754
f 759/759/759 758/758/758 757/757/757
f 762/762/762 761/761/761 760/760/760
f 765/765/765 764/764/764 763/763/763
f 768/768/768 767/767/767 766/766/766
f 771/771/771 770/770/770 769/769/769
f 774/774/774 773/773/773 772/772/772
f 777/777/777 776/776/776 775/775/775
f 780/780/780 779/779/779 778/778/778
f 783/783/783 782/782/782 781/781/781
f 786/786/786 785/785/785 784/784/784
f 789/789/789 788/788/788 787/787/787
f 792/792/792 791/791/791 790/790/790
f 795/795/795 794/794/794 793/793/793
f 798/798/798 797/797/797 796/796/796
f 801/801/801 800/800/800 799/799/799
f 804/804/804 803/803/803 802/802/802
f 807/807/807 806/806/806 805/805/805
f 810/810/810 809/809/809 808/808/808
f 813/813/813 812/812/812 811/811/811
f 816/816/816 815/815/815 814/814/814
f 819/819/819 818/818/818 817/817/817
f 822/822/822 821/821/821 820/820/820
f 825/825/825 824/824/824 823/823/823
f 828/828/828 827/827/827 826/826/826
f 831/831/831 830/830/830 829/829/829
f 834/834/834 833/833/833 832/832/832
f 837/837/837 836/836/836 835/835/835
f 840/840/840 839/839/839 838/838/838
f 843/843/843 842/842/842 841/841/841
f 846/846/846 845/845/845 844/844/844
f 849/849/849 848/848/848 847/847/847
f 852/852/852 851/851/851 850/850/850
f 855/855/855 854/854/854 853/853/853
f 858/858/858 857/857/857 856/856/856
f 861/861/861 860/860/860 859/859/859
f 864/864/864 863/863/863 862/862/862
f 867/867/867 866/866/866 865/865/865
f 870/870/870 869/869/869 868/868/868
f 873/873/873 872/872/872 871/871/871
f 876/876/876 875/875/875 874/874/874
f 879/879/879 878/878/878 877/877/877
f 882/882/882 881/881/881 880/880/880
f 885/885/885 884/884/884 883/883/883
f 888/888/888 887/887/887 886/886/886
f 891/891/891 890/890/890 889/889/889
f 894/894/894 893/893/893 892/892/892
f 897/897/897 896/896/896 895/895/895
f 900/900/900 899/899/899 898/898/898
f 903/903/903 902/902/902 901/901/901
f 906/906/906 905/905/905 904/904/904
f 909/909/909 908/908/908 907/907/907
f 912/912/912 911/911/911 910/910/910
f 915/915/915 914/914/914 913/913/913
f 918/918/918 917/917/917 916/916/916
f 921/921/921 920/920/920 919/919/919
f 924/924/924 923/923/923 922/922/922
f 927/927/927 926/926/926 925/925/925
f 930/930/930 929/929/929 928/928/928
f 933/933/933 932/932/932 931/931/931
f 936/936/936 935/935/935 934/934/934
f 939/939/939 938/938/938 937/937/937
f 942/942/942 941/941/941 940/940/940
f 945/945/945 944/944/944 943/943/943
f 948/948/948 947/947/947 946/946/946
f 951/951/951 950/950/950 949/949/949
f 954/954/954 953/953/953 952/952/952
f 957/957/957 956/956/956 955/955/955
f 960/960/960 959/959/959 958/958/958
f 963/963/963 962/962/962 961/961/961
f 966/966/966 965/965/965 964/964/964
f 969/969/969 968/968/968 967/967/967
f 972/972/972 971/971/971 970/970/970
f 975/975/975 974/974/974 973/973/973
f 978/978/978 977/977/977 976/976/976
f 981/981/981 980/980/980 979/979/979
f 984/984/984 983/983/983 982/982/982
f 987/987/987 986/986/986 985/985/985
f 990/990/990 989/989/989 988/988/988
f 993/993/993 992/992/992 991/991/991
f 996/996/996 995/995/995 994/994/994
f 999/999/999 998/998/998 997/997/997
f 1002/1002/1002 1001/1001/1001 1000/1000/1000
f 1005/1005/1005 1004/1004/1004 1003/1003/1003
f 1008/1008/1008 1007/1007/1007 1006/1006/1006
f 1011/1011/1011 1010/1010/1010 1009/1009/1009
f 1014/1014/1014 1013/1013/1013 1012/1012/1012
f 1017/1017/1017 1016/1016/1016 1015/1015/1015
f 1020/1020/1020 1019/1019/1019 1018/1018/1018
f 1023/1023/1023 1022/1022/1022 1021/1021/1021
f 1026/1026/1026 1025/1025/1025 1024/1024/1024
f 1029/1029/1029 1028/1028/1028 1027/1027/1027
f 1032/1032/1032 1031/1031/1031 1030/1030/1030
f 1035/1035/1035 1034/1034/1034 1033/1033/1033
f 1038/1038/1038 1037/1037/1037 1036/1036/1036
f 1041/1041/1041 1040/1040/1040 1039/1039/1039
f 1044/1044/1044 1043/1043/1043 1042/1042/1042
f 1047/1047/1047 1046/1046/1046 1045/1045/1045
f 1050/1050/1050 1049/1049/1049 1048/1048/1048
f 1053/1053/1053 1052/1052/1052 1051/1051/1051
f 1056/1056/1056 1055/1055/1055 1054/1054/1054
f 1059/1059/1059 1058/1058/1058 1057/1057/1057
f 1062/1062/1062 1061/1061/1061 1060/1060/1060
f 1065/1065/1065 1064/1064/1064 1063/1063/1063
f 1068/1068/1068 1067/1067/1067 1066/1066/1066
f 1071/1071/1071 1070/1070/1070 1069/1069/1069
f 1074/1074/1074 1073/1073/1073 1072/1072/1072
f 1077/1077/1077 1076/1076/1076 1075/1075/1075
f 1080/1080/1080 1079/1079/1079 1078/1078/1078
f 1083/1083/1083 1082/1082/1082 1081/1081/1081
f 1086/1086/1086 1085/1085/1085 1084/1084/1084
f 1089/1089/1089 1088/1088/1088 1087/1087/1087
f 1092/1092/1092 1091/1091/1091 1090/1090/1090
f 1095/1095/1095 1094/1094/1094 1093/1093/1093
f 1098/1098/1098 1097/1097/1097 1096/1096/1096
f 1101/1101/1101 1100/1100/1100 1099/1099/1099
f 1104/1104/1104 1103/1103/1103 1102/1102/1102
f 1107/1107/1107 1106/1106/1106 1105/1105/1105
f 1110/1110/1110 1109/1109/1109 1108/1108/1108
f 1113/1113/1113 1112/1112/1112 1111/1111/1111
f 1116/1116/1116 1115/1115/1115 1114/1114/1114
f 1119/1119/1119 1118/1118/1118 1117/1117/1117
f 1122/1122/1122 1121/1121/1121 1120/1120/1120
f 1125/1125/1125 1124/1124/1124 1123/1123/1123
f 1128/1128/1128 1127/1127/1127 1126/1126/1126
f 1131/1131/1131 1130/1130/1130 1129/1129/1129
f 1134/1134/1134 1133/1133/1133 1132/1132/1132
f 1137/1137/1137 1136/1136/1136 1135/1135/1135
f 1140/1140/1140 1139/1139/1139 1138/1138/1138
f 1143/1143/1143 1142/1142/1142 1141/1141/1141
f 1146/1146/1146 1145/1145/1145 1144/1144/1144
f 1149/1149/1149 1148/1148/1148 1147/1147/1147
f 1152/1152/1152 1151/1151/1151 1150/1150/1150
f 1155/1155/1155 1154/1154/1154 1153/1153/1153
f 1158/1158/1158 1157/1157/1157 1156/1156/1156
f 1161/1161/1161 1160/1160/1160 1159/1159/1159
f 1164/1164/1164 1163/1163/1163 1162/1162/1162
f 1167/1167/1167 1166/1166/1166 1165/1165/1165
f 1170/1170/1170 1169/1169/1169 1168/1168/1168
f 1173/1173/1173 1172/1172/1172 1171/1171/1171
f 1176/1176/1176 1175/1175/1175 1174/1174/1174
f 1179/1179/1179 1178/1178/1178 1177/1177/1177
f 1182/1182/1182 1181/1181/1181 1180/1180/1180
f 1185/1185/1185 1184/1184/1184 1183/1183/1183
f 1188/1188/1188 1187/1187/1187 1186/1186/1186
f 1191/1191/1191 1190/1190/1190 1189/1189/1189
f 1194/1194/1194 1193/1193/1193 1192/1192/1192
f 1197/1197/1197 1196/1196/1196 1195/1195/1195
f 1200/1200/1200 1199/1199/1199 1198/1198/1198
f 1203/1203/1203 1202/1202/1202 1201/1201/1201
f 1206/1206/1206 1205/1205/1205 1204/1204/1204
f 1209/1209/1209 1208/1208/1208 1207/1207/1207
f 1212/1212/1212 1211/1211/1211 1210/1210/1210
