# Static pose baked from local Project Zomboid assets
o Body
v 0.007083947 0.114468427 -0.286224390
v -0.020849716 0.115315001 -0.261118920
v -0.035774272 0.099116113 -0.287151728
v -0.020849716 0.115315001 -0.261118920
v 0.007083947 0.114468427 -0.286224390
v 0.025023777 0.118139664 -0.271168103
v 0.037900306 0.118374447 -0.253210727
v 0.025101239 0.135613155 -0.206764694
v -0.003075045 0.132378085 -0.234443836
v 0.025101239 0.135613155 -0.206764694
v 0.037900306 0.118374447 -0.253210727
v 0.058423122 0.104359933 -0.220694136
v -0.041040986 0.061769277 -0.306305675
v 0.011540698 0.039999432 -0.304660106
v -0.002819001 0.070997110 -0.308273808
v 0.011540698 0.039999432 -0.304660106
v -0.041040986 0.061769277 -0.306305675
v -0.016677700 0.032058418 -0.295672233
v 0.070864680 0.014174939 -0.041078083
v 0.028487536 0.005966684 -0.048439011
v 0.025606107 0.000717498 -0.031435240
v 0.028487536 0.005966684 -0.048439011
v 0.070864680 0.014174939 -0.041078083
v 0.065547185 0.020021697 -0.055792936
v 0.071387292 0.074690442 -0.065796934
v 0.070864680 0.014174939 -0.041078083
v 0.080971866 0.055632344 -0.034097994
v 0.070864680 0.014174939 -0.041078083
v 0.071387292 0.074690442 -0.065796934
v 0.065547185 0.020021697 -0.055792936
v 0.050607211 0.110509720 -0.065539118
v 0.073070270 0.092328655 -0.016833777
v 0.048587138 0.108659923 -0.009546209
v 0.073070270 0.092328655 -0.016833777
v 0.050607211 0.110509720 -0.065539118
v 0.071387292 0.074690442 -0.065796934
v -0.003075045 0.132378085 -0.234443836
v -0.025388714 0.143510252 -0.188817880
v -0.042016186 0.133863359 -0.221528282
v -0.025388714 0.143510252 -0.188817880
v -0.003075045 0.132378085 -0.234443836
v 0.025101239 0.135613155 -0.206764694
v 0.025606107 0.000717498 -0.031435240
v -0.013247867 0.015039830 -0.044863172
v -0.015174319 0.010848229 -0.027098940
v -0.013247867 0.015039830 -0.044863172
v 0.025606107 0.000717498 -0.031435240
v 0.028487536 0.005966684 -0.048439011
v 0.031076092 0.009570972 -0.165826102
v -0.027945307 0.002571922 -0.190880617
v -0.019192333 0.008458859 -0.153380062
v -0.027945307 0.002571922 -0.190880617
v 0.031076092 0.009570972 -0.165826102
v 0.025276711 0.006573078 -0.210470961
v 0.051437763 0.115341190 0.031752342
v 0.094866170 0.114325016 0.135361182
v 0.052719990 0.135294751 0.129078990
v 0.094866170 0.114325016 0.135361182
v 0.051437763 0.115341190 0.031752342
v 0.088843034 0.082861989 0.039171906
v 0.094866170 0.114325016 0.135361182
v 0.051821995 0.154952291 0.226529989
v 0.052719990 0.135294751 0.129078990
v 0.051821995 0.154952291 0.226529989
v 0.094866170 0.114325016 0.135361182
v 0.087480544 0.116600370 0.228882343
v 0.003526241 0.086191766 0.036763300
v 0.028972801 0.030636799 0.149044492
v 0.010368751 0.014928526 0.073447933
v 0.028972801 0.030636799 0.149044492
v 0.003526241 0.086191766 0.036763300
v 0.009956283 0.102881682 0.135246265
v 0.009956283 0.102881682 0.135246265
v 0.040760876 0.070108604 0.229663064
v 0.028972801 0.030636799 0.149044492
v 0.040760876 0.070108604 0.229663064
v 0.009956283 0.102881682 0.135246265
v 0.031047961 0.110667720 0.231055866
v 0.010368751 0.014928526 0.073447933
v 0.106108783 0.051453051 0.146130971
v 0.087378615 0.027744845 0.068005649
v 0.106108783 0.051453051 0.146130971
v 0.010368751 0.014928526 0.073447933
v 0.028972801 0.030636799 0.149044492
v 0.028972801 0.030636799 0.149044492
v 0.080829617 0.076957613 0.226197015
v 0.106108783 0.051453051 0.146130971
v 0.080829617 0.076957613 0.226197015
v 0.028972801 0.030636799 0.149044492
v 0.040760876 0.070108604 0.229663064
v 0.087378615 0.027744845 0.068005649
v 0.094866170 0.114325016 0.135361182
v 0.088843034 0.082861989 0.039171906
v 0.094866170 0.114325016 0.135361182
v 0.087378615 0.027744845 0.068005649
v 0.106108783 0.051453051 0.146130971
v 0.106108783 0.051453051 0.146130971
v 0.087480544 0.116600370 0.228882343
v 0.094866170 0.114325016 0.135361182
v 0.087480544 0.116600370 0.228882343
v 0.106108783 0.051453051 0.146130971
v 0.080829617 0.076957613 0.226197015
v 0.113159333 0.046227909 0.489847182
v 0.087221714 -0.008088246 0.486833590
v 0.070245291 0.036087326 0.498820897
v 0.087221714 -0.008088246 0.486833590
v 0.113159333 0.046227909 0.489847182
v 0.119889742 0.002279055 0.480477413
v 0.060128089 0.121783601 0.284817952
v 0.096994732 0.080803402 0.351930008
v 0.063671868 0.104197869 0.356714715
v 0.096994732 0.080803402 0.351930008
v 0.060128089 0.121783601 0.284817952
v 0.095590414 0.098796468 0.279429526
v 0.063671868 0.104197869 0.356714715
v 0.093647552 0.060266303 0.427545824
v 0.069150621 0.083763572 0.434414749
v 0.093647552 0.060266303 0.427545824
v 0.063671868 0.104197869 0.356714715
v 0.096994732 0.080803402 0.351930008
v 0.023958749 0.088542038 0.298646304
v 0.041748380 0.035500452 0.337717490
v 0.032684366 0.040025081 0.272632217
v 0.041748380 0.035500452 0.337717490
v 0.023958749 0.088542038 0.298646304
v 0.038475023 0.074713313 0.354622123
v 0.038475023 0.074713313 0.354622123
v 0.064960948 0.033101186 0.415022518
v 0.041748380 0.035500452 0.337717490
v 0.064960948 0.033101186 0.415022518
v 0.038475023 0.074713313 0.354622123
v 0.059970958 0.053018079 0.440220282
v 0.032684366 0.040025081 0.272632217
v 0.103041215 0.045449614 0.337814926
v 0.103322643 0.052596279 0.263612645
v 0.103041215 0.045449614 0.337814926
v 0.032684366 0.040025081 0.272632217
v 0.041748380 0.035500452 0.337717490
v 0.041748380 0.035500452 0.337717490
v 0.087659385 0.039151031 0.408429972
v 0.103041215 0.045449614 0.337814926
v 0.087659385 0.039151031 0.408429972
v 0.041748380 0.035500452 0.337717490
v 0.064960948 0.033101186 0.415022518
v 0.103322643 0.052596279 0.263612645
v 0.096994732 0.080803402 0.351930008
v 0.095590414 0.098796468 0.279429526
v 0.096994732 0.080803402 0.351930008
v 0.103322643 0.052596279 0.263612645
v 0.103041215 0.045449614 0.337814926
v 0.103041215 0.045449614 0.337814926
v 0.093647552 0.060266303 0.427545824
v 0.096994732 0.080803402 0.351930008
v 0.093647552 0.060266303 0.427545824
v 0.103041215 0.045449614 0.337814926
v 0.087659385 0.039151031 0.408429972
v 0.088843034 0.082861989 0.039171906
v 0.073070270 0.092328655 -0.016833777
v 0.087208678 0.054936290 -0.004815340
v 0.073070270 0.092328655 -0.016833777
v 0.088843034 0.082861989 0.039171906
v 0.051437763 0.115341190 0.031752342
v 0.048587138 0.108659923 -0.009546209
v 0.010088747 0.123644323 0.032408515
v 0.011407278 0.130388626 -0.004183451
v 0.010088747 0.123644323 0.032408515
v 0.048587138 0.108659923 -0.009546209
v 0.003526241 0.086191766 0.036763300
v 0.025606107 0.000717498 -0.031435240
v 0.077684465 0.003567842 0.011127876
v 0.070864680 0.014174939 -0.041078083
v 0.077684465 0.003567842 0.011127876
v 0.025606107 0.000717498 -0.031435240
v 0.023830871 -0.008354067 0.017424210
v 0.023830871 -0.008354067 0.017424210
v 0.082173802 0.019484126 0.057176682
v 0.077684465 0.003567842 0.011127876
v 0.082173802 0.019484126 0.057176682
v 0.023830871 -0.008354067 0.017424210
v 0.033859299 0.001506117 0.058831414
v 0.033859299 0.001506117 0.058831414
v 0.087378615 0.027744845 0.068005649
v 0.082173802 0.019484126 0.057176682
v 0.087378615 0.027744845 0.068005649
v 0.033859299 0.001506117 0.058831414
v 0.010368751 0.014928526 0.073447933
v 0.060128089 0.121783601 0.284817952
v 0.087480544 0.116600370 0.228882343
v 0.095590414 0.098796468 0.279429526
v 0.087480544 0.116600370 0.228882343
v 0.060128089 0.121783601 0.284817952
v 0.051821995 0.154952291 0.226529989
v 0.095590414 0.098796468 0.279429526
v 0.080829617 0.076957613 0.226197015
v 0.103322643 0.052596279 0.263612645
v 0.080829617 0.076957613 0.226197015
v 0.095590414 0.098796468 0.279429526
v 0.087480544 0.116600370 0.228882343
v 0.080829617 0.076957613 0.226197015
v 0.032684366 0.040025081 0.272632217
v 0.103322643 0.052596279 0.263612645
v 0.032684366 0.040025081 0.272632217
v 0.080829617 0.076957613 0.226197015
v 0.040760876 0.070108604 0.229663064
v 0.040760876 0.070108604 0.229663064
v 0.023958749 0.088542038 0.298646304
v 0.032684366 0.040025081 0.272632217
v 0.023958749 0.088542038 0.298646304
v 0.040760876 0.070108604 0.229663064
v 0.031047961 0.110667720 0.231055866
v 0.070864680 0.014174939 -0.041078083
v 0.087208678 0.054936290 -0.004815340
v 0.080971866 0.055632344 -0.034097994
v 0.087208678 0.054936290 -0.004815340
v 0.070864680 0.014174939 -0.041078083
v 0.077684465 0.003567842 0.011127876
v 0.077684465 0.003567842 0.011127876
v 0.088843034 0.082861989 0.039171906
v 0.087208678 0.054936290 -0.004815340
v 0.088843034 0.082861989 0.039171906
v 0.077684465 0.003567842 0.011127876
v 0.082173802 0.019484126 0.057176682
v 0.082173802 0.019484126 0.057176682
v 0.087378615 0.027744845 0.068005649
v 0.088843034 0.082861989 0.039171906
v 0.035523245 0.014402086 -0.113697750
v 0.062850221 0.025532407 -0.172809956
v 0.031076092 0.009570972 -0.165826102
v 0.073523658 0.041794463 -0.180960156
v 0.066418216 0.086862179 -0.125927989
v 0.069630776 0.095482716 -0.183965603
v 0.066418216 0.086862179 -0.125927989
v 0.073523658 0.041794463 -0.180960156
v 0.068990046 0.036274753 -0.121960163
v 0.066418216 0.086862179 -0.125927989
v 0.039498179 0.133037375 -0.174103254
v 0.069630776 0.095482716 -0.183965603
v 0.039498179 0.133037375 -0.174103254
v 0.066418216 0.086862179 -0.125927989
v 0.048178666 0.118352399 -0.119398622
v -0.010174646 0.142342123 -0.162205696
v 0.048178666 0.118352399 -0.119398622
v 0.002441410 0.128298701 -0.105554136
v 0.048178666 0.118352399 -0.119398622
v -0.010174646 0.142342123 -0.162205696
v 0.039498179 0.133037375 -0.174103254
v 0.084197541 0.105804440 -0.290035421
v 0.127987224 0.080952046 -0.295493686
v 0.055308226 0.083161468 -0.250686860
v 0.127987224 0.080952046 -0.295493686
v 0.140607498 0.011601738 -0.268142953
v 0.108238701 0.052170700 -0.246794852
v 0.140607498 0.011601738 -0.268142953
v 0.127987224 0.080952046 -0.295493686
v 0.159316999 0.036191706 -0.305410176
v 0.040314354 0.034490042 -0.284126216
v 0.108238701 0.052170700 -0.246794852
v 0.082089400 0.005093028 -0.285075194
v 0.108238701 0.052170700 -0.246794852
v 0.149763056 -0.010776506 -0.272015171
v 0.082089400 0.005093028 -0.285075194
v 0.149763056 -0.010776506 -0.272015171
v 0.108238701 0.052170700 -0.246794852
v 0.140607498 0.011601738 -0.268142953
v 0.039392835 0.033512550 -0.295378538
v 0.101589130 0.034022273 -0.333928156
v 0.058538717 0.058116128 -0.327665605
v 0.039392835 0.033512550 -0.295378538
v 0.082089400 0.005093028 -0.285075194
v 0.101589130 0.034022273 -0.333928156
v 0.039392835 0.033512550 -0.295378538
v 0.040314354 0.034490042 -0.284126216
v 0.082089400 0.005093028 -0.285075194
v 0.082089400 0.005093028 -0.285075194
v 0.168693817 0.013812509 -0.308964972
v 0.101589130 0.034022273 -0.333928156
v 0.168693817 0.013812509 -0.308964972
v 0.082089400 0.005093028 -0.285075194
v 0.149763056 -0.010776506 -0.272015171
v 0.074578437 0.089119193 -0.312953469
v 0.101589130 0.034022273 -0.333928156
v 0.127987224 0.080952046 -0.295493686
v 0.101589130 0.034022273 -0.333928156
v 0.159316999 0.036191706 -0.305410176
v 0.127987224 0.080952046 -0.295493686
v 0.159316999 0.036191706 -0.305410176
v 0.101589130 0.034022273 -0.333928156
v 0.168693817 0.013812509 -0.308964972
v 0.132797134 0.047484160 -0.317023519
v 0.091954409 0.076055984 -0.255142360
v 0.106204835 0.020181836 -0.274037676
v 0.091954409 0.076055984 -0.255142360
v 0.132797134 0.047484160 -0.317023519
v 0.109447257 0.091188223 -0.283644974
v 0.109447257 0.091188223 -0.283644974
v 0.083063643 0.112776381 -0.238674399
v 0.091954409 0.076055984 -0.255142360
v 0.083063643 0.112776381 -0.238674399
v 0.109447257 0.091188223 -0.283644974
v 0.093849412 0.129064223 -0.254834480
v 0.106204835 0.020181836 -0.274037676
v 0.144084203 0.078752909 -0.231707751
v 0.159607939 0.016202440 -0.242764157
v 0.144084203 0.078752909 -0.231707751
v 0.106204835 0.020181836 -0.274037676
v 0.091954409 0.076055984 -0.255142360
v 0.091954409 0.076055984 -0.255142360
v 0.117841402 0.116800644 -0.220542666
v 0.144084203 0.078752909 -0.231707751
v 0.117841402 0.116800644 -0.220542666
v 0.091954409 0.076055984 -0.255142360
v 0.083063643 0.112776381 -0.238674399
v 0.159607939 0.016202440 -0.242764157
v 0.157285034 0.090094518 -0.253870137
v 0.185773256 0.043461411 -0.285575630
v 0.157285034 0.090094518 -0.253870137
v 0.159607939 0.016202440 -0.242764157
v 0.144084203 0.078752909 -0.231707751
v 0.144084203 0.078752909 -0.231707751
v 0.125275596 0.129802503 -0.233956158
v 0.157285034 0.090094518 -0.253870137
v 0.125275596 0.129802503 -0.233956158
v 0.144084203 0.078752909 -0.231707751
v 0.117841402 0.116800644 -0.220542666
v 0.185773256 0.043461411 -0.285575630
v 0.109447257 0.091188223 -0.283644974
v 0.132797134 0.047484160 -0.317023519
v 0.109447257 0.091188223 -0.283644974
v 0.185773256 0.043461411 -0.285575630
v 0.157285034 0.090094518 -0.253870137
v 0.157285034 0.090094518 -0.253870137
v 0.093849412 0.129064223 -0.254834480
v 0.109447257 0.091188223 -0.283644974
v 0.093849412 0.129064223 -0.254834480
v 0.157285034 0.090094518 -0.253870137
v 0.125275596 0.129802503 -0.233956158
v 0.036962865 0.236364300 -0.209239955
v 0.064359655 0.202758351 -0.172134950
v 0.030076916 0.216403915 -0.203073142
v 0.064359655 0.202758351 -0.172134950
v 0.036962865 0.236364300 -0.209239955
v 0.070772044 0.222461040 -0.178602338
v 0.031483207 0.185216426 -0.244779087
v 0.043212191 0.197055581 -0.246431576
v 0.034304620 0.195095290 -0.240276935
v 0.043212191 0.197055581 -0.246431576
v 0.031483207 0.185216426 -0.244779087
v 0.037119739 0.186467493 -0.254916554
v 0.093649825 0.138025623 -0.197244991
v 0.058941671 0.171936694 -0.233168847
v 0.088813546 0.174301989 -0.189725979
v 0.058941671 0.171936694 -0.233168847
v 0.093649825 0.138025623 -0.197244991
v 0.057754347 0.137221277 -0.231638932
v 0.093649825 0.138025623 -0.197244991
v 0.097069743 0.190426544 -0.198087583
v 0.117564173 0.156317434 -0.220157098
v 0.097069743 0.190426544 -0.198087583
v 0.093649825 0.138025623 -0.197244991
v 0.088813546 0.174301989 -0.189725979
v 0.080966374 0.155194566 -0.257053313
v 0.097069743 0.190426544 -0.198087583
v 0.068842787 0.187677817 -0.240286844
v 0.097069743 0.190426544 -0.198087583
v 0.080966374 0.155194566 -0.257053313
v 0.117564173 0.156317434 -0.220157098
v 0.168693817 0.013812509 -0.308964972
v 0.132797134 0.047484160 -0.317023519
v 0.159316999 0.036191706 -0.305410176
v 0.132797134 0.047484160 -0.317023519
v 0.168693817 0.013812509 -0.308964972
v 0.185773256 0.043461411 -0.285575630
v 0.159316999 0.036191706 -0.305410176
v 0.106204835 0.020181836 -0.274037676
v 0.140607498 0.011601738 -0.268142953
v 0.106204835 0.020181836 -0.274037676
v 0.159316999 0.036191706 -0.305410176
v 0.132797134 0.047484160 -0.317023519
v 0.149763056 -0.010776506 -0.272015171
v 0.106204835 0.020181836 -0.274037676
v 0.159607939 0.016202440 -0.242764157
v 0.106204835 0.020181836 -0.274037676
v 0.149763056 -0.010776506 -0.272015171
v 0.140607498 0.011601738 -0.268142953
v 0.159607939 0.016202440 -0.242764157
v 0.168693817 0.013812509 -0.308964972
v 0.149763056 -0.010776506 -0.272015171
v 0.168693817 0.013812509 -0.308964972
v 0.159607939 0.016202440 -0.242764157
v 0.185773256 0.043461411 -0.285575630
v 0.024498177 0.068923959 -0.322556475
v 0.074578437 0.089119193 -0.312953469
v 0.026914820 0.098610036 -0.325196904
v 0.074578437 0.089119193 -0.312953469
v 0.024498177 0.068923959 -0.322556475
v 0.058538717 0.058116128 -0.327665605
v 0.026914820 0.098610036 -0.325196904
v -0.002819001 0.070997110 -0.308273808
v 0.024498177 0.068923959 -0.322556475
v -0.002819001 0.070997110 -0.308273808
v 0.026914820 0.098610036 -0.325196904
v -0.002552088 0.093391747 -0.304777892
v 0.062850221 0.025532407 -0.172809956
v 0.025276711 0.006573078 -0.210470961
v 0.031076092 0.009570972 -0.165826102
v 0.025276711 0.006573078 -0.210470961
v 0.062850221 0.025532407 -0.172809956
v 0.059109963 0.023609383 -0.225302436
v -0.002819001 0.070997110 -0.308273808
v -0.030232852 0.087767546 -0.303280775
v -0.041040986 0.061769277 -0.306305675
v 0.030564347 0.119184649 -0.305720162
v 0.025023777 0.118139664 -0.271168103
v 0.007083947 0.114468427 -0.286224390
v 0.025023777 0.118139664 -0.271168103
v 0.030564347 0.119184649 -0.305720162
v 0.048505483 0.114188940 -0.278818635
v 0.084197541 0.105804440 -0.290035421
v 0.048505483 0.114188940 -0.278818635
v 0.030564347 0.119184649 -0.305720162
v 0.043809346 0.033669093 -0.275078325
v -0.016677700 0.032058418 -0.295672233
v 0.012847796 0.014213113 -0.250434568
v 0.043809346 0.033669093 -0.275078325
v 0.011540698 0.039999432 -0.304660106
v -0.016677700 0.032058418 -0.295672233
v 0.043809346 0.033669093 -0.275078325
v 0.044266613 0.037654861 -0.280362423
v 0.011540698 0.039999432 -0.304660106
v -0.039161649 0.008791555 -0.225058712
v -0.016677700 0.032058418 -0.295672233
v -0.059013317 0.036051850 -0.274753773
v -0.016677700 0.032058418 -0.295672233
v -0.039161649 0.008791555 -0.225058712
v 0.012847796 0.014213113 -0.250434568
v 0.024498177 0.068923959 -0.322556475
v -0.002819001 0.070997110 -0.308273808
v 0.011540698 0.039999432 -0.304660106
v 0.058538717 0.058116128 -0.327665605
v 0.044266613 0.037654861 -0.280362423
v 0.039392835 0.033512550 -0.295378538
v 0.058538717 0.058116128 -0.327665605
v 0.011540698 0.039999432 -0.304660106
v 0.044266613 0.037654861 -0.280362423
v 0.058538717 0.058116128 -0.327665605
v 0.024498177 0.068923959 -0.322556475
v 0.011540698 0.039999432 -0.304660106
v 0.041468437 0.089568145 -0.250610026
v 0.040314354 0.034490042 -0.284126216
v 0.048736264 0.046935281 -0.272343092
v 0.040314354 0.034490042 -0.284126216
v 0.041468437 0.089568145 -0.250610026
v 0.055308226 0.083161468 -0.250686860
v 0.069630776 0.095482716 -0.183965603
v 0.062646159 0.055559899 -0.222716766
v 0.073523658 0.041794463 -0.180960156
v 0.062646159 0.055559899 -0.222716766
v 0.069630776 0.095482716 -0.183965603
v 0.057697589 0.089984455 -0.217196359
v 0.037900306 0.118374447 -0.253210727
v 0.055308226 0.083161468 -0.250686860
v 0.041468437 0.089568145 -0.250610026
v 0.058423122 0.104359933 -0.220694136
v 0.057697589 0.089984455 -0.217196359
v 0.069630776 0.095482716 -0.183965603
v 0.062646159 0.055559899 -0.222716766
v 0.066540176 0.039706837 -0.227195474
v 0.073523658 0.041794463 -0.180960156
v 0.093849412 0.129064223 -0.254834480
v 0.057754347 0.137221277 -0.231638932
v 0.083063643 0.112776381 -0.238674399
v 0.057754347 0.137221277 -0.231638932
v 0.093849412 0.129064223 -0.254834480
v 0.080966374 0.155194566 -0.257053313
v 0.093849412 0.129064223 -0.254834480
v 0.117564173 0.156317434 -0.220157098
v 0.080966374 0.155194566 -0.257053313
v 0.117564173 0.156317434 -0.220157098
v 0.093849412 0.129064223 -0.254834480
v 0.125275596 0.129802503 -0.233956158
v 0.125275596 0.129802503 -0.233956158
v 0.093649825 0.138025623 -0.197244991
v 0.117564173 0.156317434 -0.220157098
v 0.093649825 0.138025623 -0.197244991
v 0.125275596 0.129802503 -0.233956158
v 0.117841402 0.116800644 -0.220542666
v 0.093649825 0.138025623 -0.197244991
v 0.083063643 0.112776381 -0.238674399
v 0.057754347 0.137221277 -0.231638932
v 0.083063643 0.112776381 -0.238674399
v 0.093649825 0.138025623 -0.197244991
v 0.117841402 0.116800644 -0.220542666
v -0.041040986 0.061769277 -0.306305675
v -0.040940318 0.084836478 -0.321287044
v -0.043129517 0.064232088 -0.320998975
v -0.040940318 0.084836478 -0.321287044
v -0.041040986 0.061769277 -0.306305675
v -0.030232852 0.087767546 -0.303280775
v -0.043129517 0.064232088 -0.320998975
v -0.068816369 0.056610435 -0.297988556
v -0.041040986 0.061769277 -0.306305675
v -0.068816369 0.056610435 -0.297988556
v -0.043129517 0.064232088 -0.320998975
v -0.063761197 0.050483795 -0.318317574
v 0.088813546 0.174301989 -0.189725979
v 0.030076916 0.216403915 -0.203073142
v 0.064359655 0.202758351 -0.172134950
v 0.030076916 0.216403915 -0.203073142
v 0.088813546 0.174301989 -0.189725979
v 0.058941671 0.171936694 -0.233168847
v 0.058941671 0.171936694 -0.233168847
v 0.036962865 0.236364300 -0.209239955
v 0.030076916 0.216403915 -0.203073142
v 0.036962865 0.236364300 -0.209239955
v 0.058941671 0.171936694 -0.233168847
v 0.068842787 0.187677817 -0.240286844
v 0.036962865 0.236364300 -0.209239955
v 0.097069743 0.190426544 -0.198087583
v 0.070772044 0.222461040 -0.178602338
v 0.097069743 0.190426544 -0.198087583
v 0.036962865 0.236364300 -0.209239955
v 0.068842787 0.187677817 -0.240286844
v 0.070772044 0.222461040 -0.178602338
v 0.088813546 0.174301989 -0.189725979
v 0.064359655 0.202758351 -0.172134950
v 0.088813546 0.174301989 -0.189725979
v 0.070772044 0.222461040 -0.178602338
v 0.097069743 0.190426544 -0.198087583
v 0.080966374 0.155194566 -0.257053313
v 0.034359350 0.166709705 -0.237890161
v 0.057754347 0.137221277 -0.231638932
v 0.034359350 0.166709705 -0.237890161
v 0.080966374 0.155194566 -0.257053313
v 0.051923584 0.173175159 -0.255797862
v 0.034359350 0.166709705 -0.237890161
v 0.058941671 0.171936694 -0.233168847
v 0.057754347 0.137221277 -0.231638932
v 0.058941671 0.171936694 -0.233168847
v 0.034359350 0.166709705 -0.237890161
v 0.042962864 0.180932959 -0.231525431
v 0.058941671 0.171936694 -0.233168847
v 0.065526997 0.182975831 -0.241139784
v 0.068842787 0.187677817 -0.240286844
v 0.065526997 0.182975831 -0.241139784
v 0.058941671 0.171936694 -0.233168847
v 0.042962864 0.180932959 -0.231525431
v 0.065526997 0.182975831 -0.241139784
v 0.080966374 0.155194566 -0.257053313
v 0.068842787 0.187677817 -0.240286844
v 0.080966374 0.155194566 -0.257053313
v 0.065526997 0.182975831 -0.241139784
v 0.051923584 0.173175159 -0.255797862
v 0.051923584 0.173175159 -0.255797862
v 0.031483207 0.185216426 -0.244779087
v 0.034359350 0.166709705 -0.237890161
v 0.031483207 0.185216426 -0.244779087
v 0.051923584 0.173175159 -0.255797862
v 0.037119739 0.186467493 -0.254916554
v 0.034359350 0.166709705 -0.237890161
v 0.034304620 0.195095290 -0.240276935
v 0.042962864 0.180932959 -0.231525431
v 0.034304620 0.195095290 -0.240276935
v 0.034359350 0.166709705 -0.237890161
v 0.031483207 0.185216426 -0.244779087
v 0.042962864 0.180932959 -0.231525431
v 0.043212191 0.197055581 -0.246431576
v 0.065526997 0.182975831 -0.241139784
v 0.043212191 0.197055581 -0.246431576
v 0.042962864 0.180932959 -0.231525431
v 0.034304620 0.195095290 -0.240276935
v 0.065526997 0.182975831 -0.241139784
v 0.037119739 0.186467493 -0.254916554
v 0.051923584 0.173175159 -0.255797862
v 0.037119739 0.186467493 -0.254916554
v 0.065526997 0.182975831 -0.241139784
v 0.043212191 0.197055581 -0.246431576
v 0.094894115 0.124074318 0.485569334
v 0.060667960 0.153772645 0.522055089
v 0.056742512 0.149720181 0.502885667
v 0.060667960 0.153772645 0.522055089
v 0.094894115 0.124074318 0.485569334
v 0.103532256 0.128840566 0.506866732
v 0.073054711 0.006495810 0.458025958
v 0.070245291 0.036087326 0.498820897
v 0.087221714 -0.008088246 0.486833590
v 0.070245291 0.036087326 0.498820897
v 0.073054711 0.006495810 0.458025958
v 0.062333495 0.042301016 0.475800500
v 0.064960948 0.033101186 0.415022518
v 0.111200523 0.019567749 0.447585285
v 0.087659385 0.039151031 0.408429972
v 0.111200523 0.019567749 0.447585285
v 0.064960948 0.033101186 0.415022518
v 0.073054711 0.006495810 0.458025958
v 0.113159333 0.046227909 0.489847182
v 0.111200523 0.019567749 0.447585285
v 0.119889742 0.002279055 0.480477413
v 0.111200523 0.019567749 0.447585285
v 0.113159333 0.046227909 0.489847182
v 0.105228711 0.054809263 0.456799920
v 0.069150621 0.083763572 0.434414749
v 0.094894115 0.124074318 0.485569334
v 0.056742512 0.149720181 0.502885667
v 0.094894115 0.124074318 0.485569334
v 0.069150621 0.083763572 0.434414749
v 0.093647552 0.060266303 0.427545824
v 0.070245291 0.036087326 0.498820897
v 0.034231184 0.131379802 0.508471353
v 0.030432834 0.133784906 0.526106878
v 0.034231184 0.131379802 0.508471353
v 0.070245291 0.036087326 0.498820897
v 0.062333495 0.042301016 0.475800500
v 0.070245291 0.036087326 0.498820897
v 0.103532256 0.128840566 0.506866732
v 0.113159333 0.046227909 0.489847182
v 0.103532256 0.128840566 0.506866732
v 0.070245291 0.036087326 0.498820897
v 0.030432834 0.133784906 0.526106878
v 0.113159333 0.046227909 0.489847182
v 0.094894115 0.124074318 0.485569334
v 0.105228711 0.054809263 0.456799920
v 0.094894115 0.124074318 0.485569334
v 0.113159333 0.046227909 0.489847182
v 0.103532256 0.128840566 0.506866732
v 0.048587138 0.108659923 -0.009546209
v 0.051437763 0.115341190 0.031752342
v 0.003526241 0.086191766 0.036763300
v 0.073070270 0.092328655 -0.016833777
v 0.051437763 0.115341190 0.031752342
v 0.048587138 0.108659923 -0.009546209
v 0.051437763 0.115341190 0.031752342
v 0.052719990 0.135294751 0.129078990
v 0.009956283 0.102881682 0.135246265
v 0.052719990 0.135294751 0.129078990
v 0.031047961 0.110667720 0.231055866
v 0.009956283 0.102881682 0.135246265
v 0.031047961 0.110667720 0.231055866
v 0.052719990 0.135294751 0.129078990
v 0.051821995 0.154952291 0.226529989
v 0.051821995 0.154952291 0.226529989
v 0.023958749 0.088542038 0.298646304
v 0.031047961 0.110667720 0.231055866
v 0.023958749 0.088542038 0.298646304
v 0.051821995 0.154952291 0.226529989
v 0.060128089 0.121783601 0.284817952
v 0.023958749 0.088542038 0.298646304
v 0.063671868 0.104197869 0.356714715
v 0.038475023 0.074713313 0.354622123
v 0.063671868 0.104197869 0.356714715
v 0.023958749 0.088542038 0.298646304
v 0.060128089 0.121783601 0.284817952
v 0.038475023 0.074713313 0.354622123
v 0.069150621 0.083763572 0.434414749
v 0.059970958 0.053018079 0.440220282
v 0.069150621 0.083763572 0.434414749
v 0.038475023 0.074713313 0.354622123
v 0.063671868 0.104197869 0.356714715
v 0.059970958 0.053018079 0.440220282
v 0.056742512 0.149720181 0.502885667
v 0.034231184 0.131379802 0.508471353
v 0.056742512 0.149720181 0.502885667
v 0.059970958 0.053018079 0.440220282
v 0.069150621 0.083763572 0.434414749
v 0.056742512 0.149720181 0.502885667
v 0.030432834 0.133784906 0.526106878
v 0.034231184 0.131379802 0.508471353
v 0.030432834 0.133784906 0.526106878
v 0.056742512 0.149720181 0.502885667
v 0.060667960 0.153772645 0.522055089
v 0.034231184 0.131379802 0.508471353
v 0.062333495 0.042301016 0.475800500
v 0.059970958 0.053018079 0.440220282
v 0.059970958 0.053018079 0.440220282
v 0.073054711 0.006495810 0.458025958
v 0.064960948 0.033101186 0.415022518
v 0.073054711 0.006495810 0.458025958
v 0.059970958 0.053018079 0.440220282
v 0.062333495 0.042301016 0.475800500
v 0.111200523 0.019567749 0.447585285
v 0.087221714 -0.008088246 0.486833590
v 0.119889742 0.002279055 0.480477413
v 0.087221714 -0.008088246 0.486833590
v 0.111200523 0.019567749 0.447585285
v 0.073054711 0.006495810 0.458025958
v 0.087659385 0.039151031 0.408429972
v 0.105228711 0.054809263 0.456799920
v 0.093647552 0.060266303 0.427545824
v 0.105228711 0.054809263 0.456799920
v 0.087659385 0.039151031 0.408429972
v 0.111200523 0.019567749 0.447585285
v 0.105228711 0.054809263 0.456799920
v 0.094894115 0.124074318 0.485569334
v 0.093647552 0.060266303 0.427545824
v 0.071387292 0.074690442 -0.065796934
v 0.080971866 0.055632344 -0.034097994
v 0.073070270 0.092328655 -0.016833777
v 0.080971866 0.055632344 -0.034097994
v 0.087208678 0.054936290 -0.004815340
v 0.073070270 0.092328655 -0.016833777
v 0.003526241 0.086191766 0.036763300
v 0.000032962 0.077753836 0.054697315
v 0.010088747 0.123644323 0.032408515
v -0.043265029 0.123738477 -0.318348244
v -0.067050091 0.124583551 -0.305789233
v -0.061729630 0.132465319 -0.311756542
v -0.067050091 0.124583551 -0.305789233
v -0.043265029 0.123738477 -0.318348244
v -0.052042877 0.098001356 -0.317208436
v -0.036083811 0.103812071 -0.341356787
v -0.043129517 0.064232088 -0.320998975
v -0.040940318 0.084836478 -0.321287044
v -0.043129517 0.064232088 -0.320998975
v -0.036083811 0.103812071 -0.341356787
v -0.030159772 0.084644924 -0.354776274
v -0.082765895 0.136470185 -0.453268334
v -0.114331516 0.143467419 -0.441551858
v -0.098360757 0.124671271 -0.458367819
v -0.095460659 0.171163041 -0.379215707
v -0.112656718 0.165321022 -0.377507642
v -0.095626078 0.166904471 -0.408620607
v -0.043265029 0.123738477 -0.318348244
v -0.061047157 0.141805618 -0.330959722
v -0.039184800 0.128430317 -0.346065920
v -0.061047157 0.141805618 -0.330959722
v -0.043265029 0.123738477 -0.318348244
v -0.061729630 0.132465319 -0.311756542
v -0.039899864 0.117715138 -0.331047015
v -0.039184800 0.128430317 -0.346065920
v -0.030523320 0.121304286 -0.383456202
v -0.039184800 0.128430317 -0.346065920
v -0.039899864 0.117715138 -0.331047015
v -0.043265029 0.123738477 -0.318348244
v -0.045068697 0.140146213 -0.389411630
v -0.075604099 0.164006810 -0.417872995
v -0.052533326 0.149761407 -0.424576141
v -0.075604099 0.164006810 -0.417872995
v -0.045068697 0.140146213 -0.389411630
v -0.064599502 0.156971187 -0.380583038
v -0.045068697 0.140146213 -0.389411630
v -0.052533326 0.149761407 -0.424576141
v -0.030523320 0.121304286 -0.383456202
v -0.030159772 0.084644924 -0.354776274
v -0.022752906 0.107964529 -0.390091671
v -0.019125075 0.086921078 -0.402017222
v -0.022752906 0.107964529 -0.390091671
v -0.030159772 0.084644924 -0.354776274
v -0.036083811 0.103812071 -0.341356787
v -0.042499361 0.053856687 -0.406028643
v -0.035680482 0.099298961 -0.445891879
v -0.054882625 0.071055602 -0.450531606
v -0.035680482 0.099298961 -0.445891879
v -0.042499361 0.053856687 -0.406028643
v -0.019125075 0.086921078 -0.402017222
v -0.039899864 0.117715138 -0.331047015
v -0.052042877 0.098001356 -0.317208436
v -0.043265029 0.123738477 -0.318348244
v -0.075604099 0.164006810 -0.417872995
v -0.095460659 0.171163041 -0.379215707
v -0.095626078 0.166904471 -0.408620607
v -0.061572698 0.153002947 -0.358433358
v -0.076105236 0.144918554 -0.319340674
v -0.086894998 0.160789521 -0.349745176
v -0.061729630 0.132465319 -0.311756542
v -0.067050091 0.124583551 -0.305789233
v -0.092526708 0.140856014 -0.293518933
v -0.092526708 0.140856014 -0.293518933
v -0.099834482 0.118827838 -0.290699929
v -0.113199568 0.135122539 -0.289017336
v -0.099834482 0.118827838 -0.290699929
v -0.092526708 0.140856014 -0.293518933
v -0.067050091 0.124583551 -0.305789233
v -0.095308663 0.160356363 -0.429341423
v -0.075604099 0.164006810 -0.417872995
v -0.095626078 0.166904471 -0.408620607
v -0.066364350 0.147027337 -0.442643762
v -0.035546226 0.122802594 -0.439523000
v -0.052533326 0.149761407 -0.424576141
v -0.035546226 0.122802594 -0.439523000
v -0.066364350 0.147027337 -0.442643762
v -0.053071413 0.123587042 -0.455464270
v -0.054882625 0.071055602 -0.450531606
v -0.062908740 0.108696339 -0.462498274
v -0.074993959 0.096378579 -0.465608028
v -0.075604099 0.164006810 -0.417872995
v -0.066364350 0.147027337 -0.442643762
v -0.052533326 0.149761407 -0.424576141
v -0.063761197 0.050483795 -0.318317574
v -0.030159772 0.084644924 -0.354776274
v -0.046415181 0.056834328 -0.366153724
v -0.030159772 0.084644924 -0.354776274
v -0.063761197 0.050483795 -0.318317574
v -0.043129517 0.064232088 -0.320998975
v -0.046415181 0.056834328 -0.366153724
v -0.019125075 0.086921078 -0.402017222
v -0.042499361 0.053856687 -0.406028643
v -0.019125075 0.086921078 -0.402017222
v -0.046415181 0.056834328 -0.366153724
v -0.030159772 0.084644924 -0.354776274
v -0.035680482 0.099298961 -0.445891879
v -0.019125075 0.086921078 -0.402017222
v -0.035546226 0.122802594 -0.439523000
v -0.053071413 0.123587042 -0.455464270
v -0.035680482 0.099298961 -0.445891879
v -0.035546226 0.122802594 -0.439523000
v -0.035668768 0.132896100 -0.376496442
v -0.022295546 0.126867751 -0.378247948
v -0.036358882 0.132150357 -0.348484042
v -0.022295546 0.126867751 -0.378247948
v -0.035668768 0.132896100 -0.376496442
v -0.031531379 0.134015219 -0.395608034
v -0.039184800 0.128430317 -0.346065920
v -0.022295546 0.126867751 -0.378247948
v -0.030523320 0.121304286 -0.383456202
v -0.022295546 0.126867751 -0.378247948
v -0.039184800 0.128430317 -0.346065920
v -0.036358882 0.132150357 -0.348484042
v -0.030523320 0.121304286 -0.383456202
v -0.031531379 0.134015219 -0.395608034
v -0.045068697 0.140146213 -0.389411630
v -0.031531379 0.134015219 -0.395608034
v -0.030523320 0.121304286 -0.383456202
v -0.022295546 0.126867751 -0.378247948
v -0.045068697 0.140146213 -0.389411630
v -0.035668768 0.132896100 -0.376496442
v -0.046746717 0.141859312 -0.364359138
v -0.035668768 0.132896100 -0.376496442
v -0.045068697 0.140146213 -0.389411630
v -0.031531379 0.134015219 -0.395608034
v -0.046746717 0.141859312 -0.364359138
v -0.036358882 0.132150357 -0.348484042
v -0.039184800 0.128430317 -0.346065920
v -0.036358882 0.132150357 -0.348484042
v -0.046746717 0.141859312 -0.364359138
v -0.035668768 0.132896100 -0.376496442
v -0.089086755 0.164018273 -0.371657070
v -0.061572698 0.153002947 -0.358433358
v -0.086894998 0.160789521 -0.349745176
v -0.061572698 0.153002947 -0.358433358
v -0.089086755 0.164018273 -0.371657070
v -0.064599502 0.156971187 -0.380583038
v -0.061572698 0.153002947 -0.358433358
v -0.045068697 0.140146213 -0.389411630
v -0.046746717 0.141859312 -0.364359138
v -0.045068697 0.140146213 -0.389411630
v -0.061572698 0.153002947 -0.358433358
v -0.064599502 0.156971187 -0.380583038
v -0.052042877 0.098001356 -0.317208436
v -0.030232852 0.087767546 -0.303280775
v -0.035774272 0.099116113 -0.287151728
v -0.030232852 0.087767546 -0.303280775
v -0.052042877 0.098001356 -0.317208436
v -0.040940318 0.084836478 -0.321287044
v -0.030232852 0.087767546 -0.303280775
v -0.002819001 0.070997110 -0.308273808
v -0.002552088 0.093391747 -0.304777892
v -0.040940318 0.084836478 -0.321287044
v -0.039899864 0.117715138 -0.331047015
v -0.036083811 0.103812071 -0.341356787
v -0.039899864 0.117715138 -0.331047015
v -0.040940318 0.084836478 -0.321287044
v -0.052042877 0.098001356 -0.317208436
v -0.039899864 0.117715138 -0.331047015
v -0.030523320 0.121304286 -0.383456202
v -0.036083811 0.103812071 -0.341356787
v -0.058709346 0.117215845 -0.267139644
v -0.020849716 0.115315001 -0.261118920
v -0.050550272 0.123049064 -0.244877518
v -0.020849716 0.115315001 -0.261118920
v -0.058709346 0.117215845 -0.267139644
v -0.035774272 0.099116113 -0.287151728
v 0.048587138 0.108659923 -0.009546209
v 0.009071160 0.123126427 -0.062448497
v 0.050607211 0.110509720 -0.065539118
v 0.009071160 0.123126427 -0.062448497
v 0.048587138 0.108659923 -0.009546209
v 0.011407278 0.130388626 -0.004183451
v -0.015174319 0.010848229 -0.027098940
v 0.023830871 -0.008354067 0.017424210
v 0.025606107 0.000717498 -0.031435240
v 0.023830871 -0.008354067 0.017424210
v -0.015174319 0.010848229 -0.027098940
v -0.017026977 0.001461700 0.020155982
v 0.023830871 -0.008354067 0.017424210
v -0.014765227 0.010965092 0.053037507
v 0.033859299 0.001506117 0.058831414
v -0.014765227 0.010965092 0.053037507
v 0.023830871 -0.008354067 0.017424210
v -0.017026977 0.001461700 0.020155982
v -0.014765227 0.010965092 0.053037507
v 0.010368751 0.014928526 0.073447933
v 0.033859299 0.001506117 0.058831414
v 0.010368751 0.014928526 0.073447933
v -0.014765227 0.010965092 0.053037507
v -0.011239026 0.018118081 0.070024119
v -0.078969957 0.111527980 -0.301034913
v -0.035774272 0.099116113 -0.287151728
v -0.058709346 0.117215845 -0.267139644
v -0.035774272 0.099116113 -0.287151728
v -0.078969957 0.111527980 -0.301034913
v -0.052042877 0.098001356 -0.317208436
v -0.011239026 0.018118081 0.070024119
v 0.000032962 0.077753836 0.054697315
v 0.010368751 0.014928526 0.073447933
v 0.010368751 0.014928526 0.073447933
v 0.000032962 0.077753836 0.054697315
v 0.003526241 0.086191766 0.036763300
v -0.062908740 0.108696339 -0.462498274
v -0.098360757 0.124671271 -0.458367819
v -0.074993959 0.096378579 -0.465608028
v -0.098360757 0.124671271 -0.458367819
v -0.062908740 0.108696339 -0.462498274
v -0.082765895 0.136470185 -0.453268334
v -0.098050049 0.149974058 -0.323687100
v -0.110162041 0.153865756 -0.345133935
v -0.086894998 0.160789521 -0.349745176
v -0.110162041 0.153865756 -0.345133935
v -0.098050049 0.149974058 -0.323687100
v -0.109355227 0.152745276 -0.335578201
v -0.067050091 0.124583551 -0.305789233
v -0.078969957 0.111527980 -0.301034913
v -0.099834482 0.118827838 -0.290699929
v -0.078969957 0.111527980 -0.301034913
v -0.067050091 0.124583551 -0.305789233
v -0.052042877 0.098001356 -0.317208436
v -0.121221548 0.151387658 -0.430160478
v -0.114331516 0.143467419 -0.441551858
v -0.095308663 0.160356363 -0.429341423
v -0.121221548 0.151387658 -0.430160478
v -0.095626078 0.166904471 -0.408620607
v -0.127586576 0.158103188 -0.406457934
v -0.095626078 0.166904471 -0.408620607
v -0.121221548 0.151387658 -0.430160478
v -0.095308663 0.160356363 -0.429341423
v -0.086894998 0.160789521 -0.349745176
v -0.107720733 0.155651756 -0.370322553
v -0.089086755 0.164018273 -0.371657070
v -0.107720733 0.155651756 -0.370322553
v -0.086894998 0.160789521 -0.349745176
v -0.110162041 0.153865756 -0.345133935
v 0.108238701 0.052170700 -0.246794852
v 0.040314354 0.034490042 -0.284126216
v 0.055308226 0.083161468 -0.250686860
v 0.055308226 0.083161468 -0.250686860
v 0.127987224 0.080952046 -0.295493686
v 0.108238701 0.052170700 -0.246794852
v 0.048178666 0.118352399 -0.119398622
v 0.071387292 0.074690442 -0.065796934
v 0.050607211 0.110509720 -0.065539118
v 0.071387292 0.074690442 -0.065796934
v 0.048178666 0.118352399 -0.119398622
v 0.066418216 0.086862179 -0.125927989
v 0.066418216 0.086862179 -0.125927989
v 0.065547185 0.020021697 -0.055792936
v 0.071387292 0.074690442 -0.065796934
v 0.065547185 0.020021697 -0.055792936
v 0.066418216 0.086862179 -0.125927989
v 0.068990046 0.036274753 -0.121960163
v 0.065547185 0.020021697 -0.055792936
v 0.035523245 0.014402086 -0.113697750
v 0.028487536 0.005966684 -0.048439011
v 0.035523245 0.014402086 -0.113697750
v 0.065547185 0.020021697 -0.055792936
v 0.068990046 0.036274753 -0.121960163
v 0.028487536 0.005966684 -0.048439011
v -0.010414679 0.017245597 -0.103691147
v -0.013247867 0.015039830 -0.044863172
v -0.010414679 0.017245597 -0.103691147
v 0.028487536 0.005966684 -0.048439011
v 0.035523245 0.014402086 -0.113697750
v -0.030232852 0.087767546 -0.303280775
v -0.002552088 0.093391747 -0.304777892
v -0.035774272 0.099116113 -0.287151728
v -0.035774272 0.099116113 -0.287151728
v -0.002552088 0.093391747 -0.304777892
v 0.007083947 0.114468427 -0.286224390
v 0.007083947 0.114468427 -0.286224390
v 0.026914820 0.098610036 -0.325196904
v 0.030564347 0.119184649 -0.305720162
v 0.026914820 0.098610036 -0.325196904
v 0.007083947 0.114468427 -0.286224390
v -0.002552088 0.093391747 -0.304777892
v 0.030564347 0.119184649 -0.305720162
v 0.074578437 0.089119193 -0.312953469
v 0.084197541 0.105804440 -0.290035421
v 0.074578437 0.089119193 -0.312953469
v 0.030564347 0.119184649 -0.305720162
v 0.026914820 0.098610036 -0.325196904
v 0.074578437 0.089119193 -0.312953469
v 0.127987224 0.080952046 -0.295493686
v 0.084197541 0.105804440 -0.290035421
v 0.101589130 0.034022273 -0.333928156
v 0.074578437 0.089119193 -0.312953469
v 0.058538717 0.058116128 -0.327665605
v 0.051437763 0.115341190 0.031752342
v 0.009956283 0.102881682 0.135246265
v 0.003526241 0.086191766 0.036763300
v -0.095460659 0.171163041 -0.379215707
v -0.064599502 0.156971187 -0.380583038
v -0.089086755 0.164018273 -0.371657070
v -0.107720733 0.155651756 -0.370322553
v -0.095460659 0.171163041 -0.379215707
v -0.089086755 0.164018273 -0.371657070
v -0.095460659 0.171163041 -0.379215707
v -0.107720733 0.155651756 -0.370322553
v -0.112656718 0.165321022 -0.377507642
v -0.095460659 0.171163041 -0.379215707
v -0.075604099 0.164006810 -0.417872995
v -0.064599502 0.156971187 -0.380583038
v 0.103532256 0.128840566 0.506866732
v 0.030432834 0.133784906 0.526106878
v 0.060667960 0.153772645 0.522055089
v -0.092526708 0.140856014 -0.293518933
v -0.107943069 0.148594712 -0.314312347
v -0.097812716 0.148448771 -0.317257419
v -0.076105236 0.144918554 -0.319340674
v -0.061572698 0.153002947 -0.358433358
v -0.061047157 0.141805618 -0.330959722
v -0.092526708 0.140856014 -0.293518933
v -0.076105236 0.144918554 -0.319340674
v -0.061729630 0.132465319 -0.311756542
v -0.097812716 0.148448771 -0.317257419
v -0.106223396 0.146439174 -0.319652825
v -0.098050049 0.149974058 -0.323687100
v -0.106223396 0.146439174 -0.319652825
v -0.097812716 0.148448771 -0.317257419
v -0.107943069 0.148594712 -0.314312347
v -0.110162041 0.153865756 -0.345133935
v -0.122303369 0.148333081 -0.334151177
v -0.128888848 0.156713035 -0.341015198
v -0.106223396 0.146439174 -0.319652825
v -0.109762513 0.150516554 -0.322739727
v -0.098050049 0.149974058 -0.323687100
v -0.115610216 0.139497954 -0.320200496
v -0.107943069 0.148594712 -0.314312347
v -0.118707362 0.142944000 -0.312576758
v -0.107943069 0.148594712 -0.314312347
v -0.115610216 0.139497954 -0.320200496
v -0.106223396 0.146439174 -0.319652825
v -0.076105236 0.144918554 -0.319340674
v -0.097812716 0.148448771 -0.317257419
v -0.098050049 0.149974058 -0.323687100
v -0.097812716 0.148448771 -0.317257419
v -0.076105236 0.144918554 -0.319340674
v -0.092526708 0.140856014 -0.293518933
v -0.076105236 0.144918554 -0.319340674
v -0.061047157 0.141805618 -0.330959722
v -0.061729630 0.132465319 -0.311756542
v -0.039184800 0.128430317 -0.346065920
v -0.061572698 0.153002947 -0.358433358
v -0.046746717 0.141859312 -0.364359138
v -0.061572698 0.153002947 -0.358433358
v -0.039184800 0.128430317 -0.346065920
v -0.061047157 0.141805618 -0.330959722
v -0.086894998 0.160789521 -0.349745176
v -0.076105236 0.144918554 -0.319340674
v -0.098050049 0.149974058 -0.323687100
v -0.127586576 0.158103188 -0.406457934
v -0.112656718 0.165321022 -0.377507642
v -0.129852003 0.159479634 -0.375799548
v -0.112656718 0.165321022 -0.377507642
v -0.127586576 0.158103188 -0.406457934
v -0.095626078 0.166904471 -0.408620607
v -0.112656718 0.165321022 -0.377507642
v -0.126635554 0.155146466 -0.367180038
v -0.129852003 0.159479634 -0.375799548
v -0.126635554 0.155146466 -0.367180038
v -0.112656718 0.165321022 -0.377507642
v -0.107720733 0.155651756 -0.370322553
v -0.126635554 0.155146466 -0.367180038
v -0.110162041 0.153865756 -0.345133935
v -0.128888848 0.156713035 -0.341015198
v -0.110162041 0.153865756 -0.345133935
v -0.126635554 0.155146466 -0.367180038
v -0.107720733 0.155651756 -0.370322553
v -0.109355227 0.152745276 -0.335578201
v -0.098050049 0.149974058 -0.323687100
v -0.109762513 0.150516554 -0.322739727
v 0.068990046 0.036274753 -0.121960163
v 0.073523658 0.041794463 -0.180960156
v 0.062850221 0.025532407 -0.172809956
v 0.043809346 0.033669093 -0.275078325
v 0.048736264 0.046935281 -0.272343092
v 0.044266613 0.037654861 -0.280362423
v 0.073523658 0.041794463 -0.180960156
v 0.059109963 0.023609383 -0.225302436
v 0.062850221 0.025532407 -0.172809956
v 0.059109963 0.023609383 -0.225302436
v 0.073523658 0.041794463 -0.180960156
v 0.066540176 0.039706837 -0.227195474
v 0.062850221 0.025532407 -0.172809956
v 0.035523245 0.014402086 -0.113697750
v 0.068990046 0.036274753 -0.121960163
v -0.107943069 0.148594712 -0.314312347
v -0.113199568 0.135122539 -0.289017336
v -0.118707362 0.142944000 -0.312576758
v -0.068816369 0.056610435 -0.297988556
v -0.016677700 0.032058418 -0.295672233
v -0.041040986 0.061769277 -0.306305675
v -0.109762513 0.150516554 -0.322739727
v -0.115610216 0.139497954 -0.320200496
v -0.120955048 0.146151507 -0.322533852
v -0.115610216 0.139497954 -0.320200496
v -0.109762513 0.150516554 -0.322739727
v -0.106223396 0.146439174 -0.319652825
v -0.122303369 0.148333081 -0.334151177
v -0.109762513 0.150516554 -0.322739727
v -0.120955048 0.146151507 -0.322533852
v -0.109762513 0.150516554 -0.322739727
v -0.122303369 0.148333081 -0.334151177
v -0.109355227 0.152745276 -0.335578201
v 0.025276711 0.006573078 -0.210470961
v -0.039161649 0.008791555 -0.225058712
v -0.027945307 0.002571922 -0.190880617
v -0.039161649 0.008791555 -0.225058712
v 0.025276711 0.006573078 -0.210470961
v 0.012847796 0.014213113 -0.250434568
v 0.012847796 0.014213113 -0.250434568
v 0.059109963 0.023609383 -0.225302436
v 0.043809346 0.033669093 -0.275078325
v 0.059109963 0.023609383 -0.225302436
v 0.012847796 0.014213113 -0.250434568
v 0.025276711 0.006573078 -0.210470961
v 0.059109963 0.023609383 -0.225302436
v 0.048736264 0.046935281 -0.272343092
v 0.043809346 0.033669093 -0.275078325
v 0.048736264 0.046935281 -0.272343092
v 0.059109963 0.023609383 -0.225302436
v 0.066540176 0.039706837 -0.227195474
v 0.048736264 0.046935281 -0.272343092
v 0.062646159 0.055559899 -0.222716766
v 0.036318632 0.072585061 -0.251476537
v 0.062646159 0.055559899 -0.222716766
v 0.048736264 0.046935281 -0.272343092
v 0.066540176 0.039706837 -0.227195474
v 0.036318632 0.072585061 -0.251476537
v 0.057697589 0.089984455 -0.217196359
v 0.041468437 0.089568145 -0.250610026
v 0.057697589 0.089984455 -0.217196359
v 0.036318632 0.072585061 -0.251476537
v 0.062646159 0.055559899 -0.222716766
v 0.058423122 0.104359933 -0.220694136
v 0.041468437 0.089568145 -0.250610026
v 0.057697589 0.089984455 -0.217196359
v 0.041468437 0.089568145 -0.250610026
v 0.058423122 0.104359933 -0.220694136
v 0.037900306 0.118374447 -0.253210727
v 0.025101239 0.135613155 -0.206764694
v -0.010174646 0.142342123 -0.162205696
v -0.025388714 0.143510252 -0.188817880
v -0.010174646 0.142342123 -0.162205696
v 0.025101239 0.135613155 -0.206764694
v 0.039498179 0.133037375 -0.174103254
v 0.039498179 0.133037375 -0.174103254
v 0.058423122 0.104359933 -0.220694136
v 0.069630776 0.095482716 -0.183965603
v 0.058423122 0.104359933 -0.220694136
v 0.039498179 0.133037375 -0.174103254
v 0.025101239 0.135613155 -0.206764694
v -0.003075045 0.132378085 -0.234443836
v 0.025023777 0.118139664 -0.271168103
v 0.037900306 0.118374447 -0.253210727
v 0.025023777 0.118139664 -0.271168103
v -0.003075045 0.132378085 -0.234443836
v -0.020849716 0.115315001 -0.261118920
v 0.037900306 0.118374447 -0.253210727
v 0.048505483 0.114188940 -0.278818635
v 0.055308226 0.083161468 -0.250686860
v 0.048505483 0.114188940 -0.278818635
v 0.037900306 0.118374447 -0.253210727
v 0.025023777 0.118139664 -0.271168103
v 0.048505483 0.114188940 -0.278818635
v 0.084197541 0.105804440 -0.290035421
v 0.055308226 0.083161468 -0.250686860
v 0.039392835 0.033512550 -0.295378538
v 0.048736264 0.046935281 -0.272343092
v 0.040314354 0.034490042 -0.284126216
v 0.048736264 0.046935281 -0.272343092
v 0.039392835 0.033512550 -0.295378538
v 0.044266613 0.037654861 -0.280362423
v -0.020849716 0.115315001 -0.261118920
v -0.042016186 0.133863359 -0.221528282
v -0.050550272 0.123049064 -0.244877518
v -0.042016186 0.133863359 -0.221528282
v -0.020849716 0.115315001 -0.261118920
v -0.003075045 0.132378085 -0.234443836
v -0.022752906 0.107964529 -0.390091671
v -0.052533326 0.149761407 -0.424576141
v -0.035546226 0.122802594 -0.439523000
v -0.036083811 0.103812071 -0.341356787
v -0.030523320 0.121304286 -0.383456202
v -0.022752906 0.107964529 -0.390091671
v -0.052533326 0.149761407 -0.424576141
v -0.022752906 0.107964529 -0.390091671
v -0.030523320 0.121304286 -0.383456202
v -0.035546226 0.122802594 -0.439523000
v -0.019125075 0.086921078 -0.402017222
v -0.022752906 0.107964529 -0.390091671
v -0.095308663 0.160356363 -0.429341423
v -0.082765895 0.136470185 -0.453268334
v -0.066364350 0.147027337 -0.442643762
v -0.082765895 0.136470185 -0.453268334
v -0.053071413 0.123587042 -0.455464270
v -0.066364350 0.147027337 -0.442643762
v -0.053071413 0.123587042 -0.455464270
v -0.082765895 0.136470185 -0.453268334
v -0.062908740 0.108696339 -0.462498274
v -0.062908740 0.108696339 -0.462498274
v -0.035680482 0.099298961 -0.445891879
v -0.053071413 0.123587042 -0.455464270
v -0.066364350 0.147027337 -0.442643762
v -0.075604099 0.164006810 -0.417872995
v -0.095308663 0.160356363 -0.429341423
v -0.019192333 0.008458859 -0.153380062
v 0.035523245 0.014402086 -0.113697750
v 0.031076092 0.009570972 -0.165826102
v 0.035523245 0.014402086 -0.113697750
v -0.019192333 0.008458859 -0.153380062
v -0.010414679 0.017245597 -0.103691147
v -0.068816369 0.056610435 -0.297988556
v -0.059013317 0.036051850 -0.274753773
v -0.016677700 0.032058418 -0.295672233
v 0.050607211 0.110509720 -0.065539118
v 0.002441410 0.128298701 -0.105554136
v 0.048178666 0.118352399 -0.119398622
v 0.002441410 0.128298701 -0.105554136
v 0.050607211 0.110509720 -0.065539118
v 0.009071160 0.123126427 -0.062448497
v -0.107943069 0.148594712 -0.314312347
v -0.092526708 0.140856014 -0.293518933
v -0.113199568 0.135122539 -0.289017336
v -0.122303369 0.148333081 -0.334151177
v -0.110162041 0.153865756 -0.345133935
v -0.109355227 0.152745276 -0.335578201
v -0.082765895 0.136470185 -0.453268334
v -0.095308663 0.160356363 -0.429341423
v -0.114331516 0.143467419 -0.441551858
v -0.062908740 0.108696339 -0.462498274
v -0.054882625 0.071055602 -0.450531606
v -0.035680482 0.099298961 -0.445891879
v 0.060128089 0.121783601 0.284817952
v 0.043113985 0.162702459 0.348473578
v 0.030363210 0.160152418 0.274192842
v 0.043113985 0.162702459 0.348473578
v 0.060128089 0.121783601 0.284817952
v 0.063671868 0.104197869 0.356714715
v 0.051821995 0.154952291 0.226529989
v 0.030363210 0.160152418 0.274192842
v 0.025980977 0.157004178 0.215424685
v 0.030363210 0.160152418 0.274192842
v 0.051821995 0.154952291 0.226529989
v 0.060128089 0.121783601 0.284817952
v 0.052719990 0.135294751 0.129078990
v 0.025980977 0.157004178 0.215424685
v 0.012983264 0.134842803 0.123861499
v 0.025980977 0.157004178 0.215424685
v 0.052719990 0.135294751 0.129078990
v 0.051821995 0.154952291 0.226529989
v 0.051437763 0.115341190 0.031752342
v 0.012983264 0.134842803 0.123861499
v 0.007914774 0.120702069 0.036327014
v 0.012983264 0.134842803 0.123861499
v 0.051437763 0.115341190 0.031752342
v 0.052719990 0.135294751 0.129078990
v 0.007914774 0.120702069 0.036327014
v 0.048587138 0.108659923 -0.009546209
v 0.051437763 0.115341190 0.031752342
v 0.045165666 0.167803666 0.418853536
v 0.063671868 0.104197869 0.356714715
v 0.069150621 0.083763572 0.434414749
v 0.063671868 0.104197869 0.356714715
v 0.045165666 0.167803666 0.418853536
v 0.043113985 0.162702459 0.348473578
v 0.050345123 0.013161961 0.341769405
v 0.015339906 0.029028230 0.426989253
v 0.058138461 0.000009058 0.410257718
v 0.015339906 0.029028230 0.426989253
v 0.050345123 0.013161961 0.341769405
v 0.008508847 0.038959378 0.354605310
v 0.002606506 0.056641515 0.288943018
v 0.050345123 0.013161961 0.341769405
v 0.039159786 0.026959026 0.271390370
v 0.050345123 0.013161961 0.341769405
v 0.002606506 0.056641515 0.288943018
v 0.008508847 0.038959378 0.354605310
v -0.002596707 0.067543069 0.230214695
v 0.039159786 0.026959026 0.271390370
v 0.038416157 0.039512784 0.230973158
v 0.039159786 0.026959026 0.271390370
v -0.002596707 0.067543069 0.230214695
v 0.002606506 0.056641515 0.288943018
v 0.030324805 0.015894050 0.151200810
v -0.002596707 0.067543069 0.230214695
v 0.038416157 0.039512784 0.230973158
v -0.002596707 0.067543069 0.230214695
v 0.030324805 0.015894050 0.151200810
v -0.004915540 0.034757991 0.147905998
v 0.030324805 0.015894050 0.151200810
v -0.013928457 0.015579021 0.080368580
v -0.004915540 0.034757991 0.147905998
v 0.041468437 0.089568145 -0.250610026
v 0.048736264 0.046935281 -0.272343092
v 0.036318632 0.072585061 -0.251476537
v -0.124140500 0.096521215 -0.235941232
v -0.083012851 0.113227596 -0.237431620
v -0.127021267 0.100049765 -0.212955114
v -0.083012851 0.113227596 -0.237431620
v -0.124140500 0.096521215 -0.235941232
v -0.088218581 0.097576533 -0.267220778
v -0.121808516 0.111808922 -0.192251704
v -0.076806982 0.136362864 -0.173037281
v -0.112624032 0.105618278 -0.164084591
v -0.076806982 0.136362864 -0.173037281
v -0.121808516 0.111808922 -0.192251704
v -0.079515263 0.129811263 -0.205316245
v -0.095299054 0.060290973 -0.285712823
v -0.128931846 0.031336741 -0.249974027
v -0.104213811 0.029119002 -0.262316546
v -0.128931846 0.031336741 -0.249974027
v -0.095299054 0.060290973 -0.285712823
v -0.117584016 0.053299173 -0.262595068
v -0.091888595 0.050216357 -0.040299792
v -0.055323318 0.023262365 -0.045414546
v -0.083991735 0.050881392 -0.050396555
v -0.055323318 0.023262365 -0.045414546
v -0.091888595 0.050216357 -0.040299792
v -0.056456894 0.018890201 -0.031042813
v -0.067808564 0.103415684 -0.060773802
v -0.091888595 0.050216357 -0.040299792
v -0.083991735 0.050881392 -0.050396555
v -0.091888595 0.050216357 -0.040299792
v -0.067808564 0.103415684 -0.060773802
v -0.083484141 0.092050830 -0.033311560
v -0.034228968 0.128016992 -0.062477652
v -0.063288168 0.121039039 -0.016189075
v -0.067808564 0.103415684 -0.060773802
v -0.063288168 0.121039039 -0.016189075
v -0.034228968 0.128016992 -0.062477652
v -0.031517339 0.126398915 -0.009163147
v -0.079515263 0.129811263 -0.205316245
v -0.025388714 0.143510252 -0.188817880
v -0.076806982 0.136362864 -0.173037281
v -0.025388714 0.143510252 -0.188817880
v -0.079515263 0.129811263 -0.205316245
v -0.042016186 0.133863359 -0.221528282
v -0.056456894 0.018890201 -0.031042813
v -0.013247867 0.015039830 -0.044863172
v -0.055323318 0.023262365 -0.045414546
v -0.013247867 0.015039830 -0.044863172
v -0.056456894 0.018890201 -0.031042813
v -0.015174319 0.010848229 -0.027098940
v -0.068414139 0.015369368 -0.139098576
v -0.027945307 0.002571922 -0.190880617
v -0.082260370 0.007364198 -0.174880627
v -0.027945307 0.002571922 -0.190880617
v -0.068414139 0.015369368 -0.139098576
v -0.019192333 0.008458859 -0.153380062
v -0.069692971 0.134798056 0.034074695
v -0.123480694 0.099860452 0.132172441
v -0.094342241 0.091957612 0.037167041
v -0.123480694 0.099860452 0.132172441
v -0.069692971 0.134798056 0.034074695
v -0.097264731 0.139450724 0.131261285
v -0.123480694 0.099860452 0.132172441
v -0.113647082 0.148823068 0.226983169
v -0.125427912 0.097448691 0.226026619
v -0.113647082 0.148823068 0.226983169
v -0.123480694 0.099860452 0.132172441
v -0.097264731 0.139450724 0.131261285
v -0.023118609 0.129335919 0.043208197
v -0.025711446 0.059179633 0.150036679
v -0.044621396 0.132191309 0.140923447
v -0.025711446 0.059179633 0.150036679
v -0.023118609 0.129335919 0.043208197
v -0.007585899 0.044328222 0.074808693
v -0.044621396 0.132191309 0.140923447
v -0.061964704 0.079941794 0.231939633
v -0.074009130 0.120193871 0.233994537
v -0.061964704 0.079941794 0.231939633
v -0.044621396 0.132191309 0.140923447
v -0.025711446 0.059179633 0.150036679
v -0.007585899 0.044328222 0.074808693
v -0.102360606 0.039063944 0.139452206
v -0.025711446 0.059179633 0.150036679
v -0.102360606 0.039063944 0.139452206
v -0.007585899 0.044328222 0.074808693
v -0.080874179 0.042268271 0.064609459
v -0.025711446 0.059179633 0.150036679
v -0.099611998 0.066184039 0.224332690
v -0.061964704 0.079941794 0.231939633
v -0.099611998 0.066184039 0.224332690
v -0.025711446 0.059179633 0.150036679
v -0.102360606 0.039063944 0.139452206
v -0.080874179 0.042268271 0.064609459
v -0.123480694 0.099860452 0.132172441
v -0.102360606 0.039063944 0.139452206
v -0.123480694 0.099860452 0.132172441
v -0.080874179 0.042268271 0.064609459
v -0.094342241 0.091957612 0.037167041
v -0.102360606 0.039063944 0.139452206
v -0.125427912 0.097448691 0.226026619
v -0.099611998 0.066184039 0.224332690
v -0.125427912 0.097448691 0.226026619
v -0.102360606 0.039063944 0.139452206
v -0.123480694 0.099860452 0.132172441
v -0.117136174 0.022529955 0.493088078
v -0.058529422 0.010194825 0.486366498
v -0.086839179 -0.009933963 0.483455901
v -0.058529422 0.010194825 0.486366498
v -0.117136174 0.022529955 0.493088078
v -0.082673073 0.051110218 0.497608844
v -0.110579653 0.115865043 0.283953409
v -0.129973475 0.062661803 0.349800564
v -0.129403208 0.078330732 0.276751244
v -0.129973475 0.062661803 0.349800564
v -0.110579653 0.115865043 0.283953409
v -0.113131740 0.099489808 0.356177367
v -0.113131740 0.099489808 0.356177367
v -0.124573011 0.045426934 0.427555979
v -0.129973475 0.062661803 0.349800564
v -0.124573011 0.045426934 0.427555979
v -0.113131740 0.099489808 0.356177367
v -0.119349430 0.078948348 0.434142045
v -0.064592407 0.104912796 0.303180235
v -0.058431966 0.050363159 0.343712067
v -0.076681560 0.086246581 0.358322523
v -0.058431966 0.050363159 0.343712067
v -0.064592407 0.104912796 0.303180235
v -0.045483248 0.058162080 0.279601008
v -0.076681560 0.086246581 0.358322523
v -0.085035682 0.041225541 0.416834402
v -0.094491698 0.065704462 0.438671822
v -0.085035682 0.041225541 0.416834402
v -0.076681560 0.086246581 0.358322523
v -0.058431966 0.050363159 0.343712067
v -0.045483248 0.058162080 0.279601008
v -0.116323773 0.028793936 0.337457884
v -0.058431966 0.050363159 0.343712067
v -0.116323773 0.028793936 0.337457884
v -0.045483248 0.058162080 0.279601008
v -0.111715120 0.034180327 0.263249527
v -0.058431966 0.050363159 0.343712067
v -0.106562521 0.032144199 0.409367513
v -0.085035682 0.041225541 0.416834402
v -0.106562521 0.032144199 0.409367513
v -0.058431966 0.050363159 0.343712067
v -0.116323773 0.028793936 0.337457884
v -0.111715120 0.034180327 0.263249527
v -0.129973475 0.062661803 0.349800564
v -0.116323773 0.028793936 0.337457884
v -0.129973475 0.062661803 0.349800564
v -0.111715120 0.034180327 0.263249527
v -0.129403208 0.078330732 0.276751244
v -0.116323773 0.028793936 0.337457884
v -0.124573011 0.045426934 0.427555979
v -0.106562521 0.032144199 0.409367513
v -0.124573011 0.045426934 0.427555979
v -0.116323773 0.028793936 0.337457884
v -0.129973475 0.062661803 0.349800564
v -0.094342241 0.091957612 0.037167041
v -0.063288168 0.121039039 -0.016189075
v -0.069692971 0.134798056 0.034074695
v -0.063288168 0.121039039 -0.016189075
v -0.094342241 0.091957612 0.037167041
v -0.089164492 0.093993809 -0.003971918
v 0.010088747 0.123644323 0.032408515
v -0.031517339 0.126398915 -0.009163147
v 0.011407278 0.130388626 -0.004183451
v -0.031517339 0.126398915 -0.009163147
v 0.010088747 0.123644323 0.032408515
v -0.023118609 0.129335919 0.043208197
v -0.056456894 0.018890201 -0.031042813
v -0.102072681 0.043374737 0.011987480
v -0.058232130 0.009818636 0.017816638
v -0.102072681 0.043374737 0.011987480
v -0.056456894 0.018890201 -0.031042813
v -0.091888595 0.050216357 -0.040299792
v -0.058232130 0.009818636 0.017816638
v -0.085378757 0.043939455 0.055440705
v -0.044413683 0.023520238 0.058530900
v -0.085378757 0.043939455 0.055440705
v -0.058232130 0.009818636 0.017816638
v -0.102072681 0.043374737 0.011987480
v -0.044413683 0.023520238 0.058530900
v -0.080874179 0.042268271 0.064609459
v -0.007585899 0.044328222 0.074808693
v -0.080874179 0.042268271 0.064609459
v -0.044413683 0.023520238 0.058530900
v -0.085378757 0.043939455 0.055440705
v -0.110579653 0.115865043 0.283953409
v -0.125427912 0.097448691 0.226026619
v -0.113647082 0.148823068 0.226983169
v -0.125427912 0.097448691 0.226026619
v -0.110579653 0.115865043 0.283953409
v -0.129403208 0.078330732 0.276751244
v -0.129403208 0.078330732 0.276751244
v -0.099611998 0.066184039 0.224332690
v -0.125427912 0.097448691 0.226026619
v -0.099611998 0.066184039 0.224332690
v -0.129403208 0.078330732 0.276751244
v -0.111715120 0.034180327 0.263249527
v -0.099611998 0.066184039 0.224332690
v -0.045483248 0.058162080 0.279601008
v -0.061964704 0.079941794 0.231939633
v -0.045483248 0.058162080 0.279601008
v -0.099611998 0.066184039 0.224332690
v -0.111715120 0.034180327 0.263249527
v -0.061964704 0.079941794 0.231939633
v -0.064592407 0.104912796 0.303180235
v -0.074009130 0.120193871 0.233994537
v -0.064592407 0.104912796 0.303180235
v -0.061964704 0.079941794 0.231939633
v -0.045483248 0.058162080 0.279601008
v -0.091888595 0.050216357 -0.040299792
v -0.089164492 0.093993809 -0.003971918
v -0.102072681 0.043374737 0.011987480
v -0.089164492 0.093993809 -0.003971918
v -0.091888595 0.050216357 -0.040299792
v -0.083484141 0.092050830 -0.033311560
v -0.102072681 0.043374737 0.011987480
v -0.094342241 0.091957612 0.037167041
v -0.085378757 0.043939455 0.055440705
v -0.094342241 0.091957612 0.037167041
v -0.102072681 0.043374737 0.011987480
v -0.089164492 0.093993809 -0.003971918
v -0.085378757 0.043939455 0.055440705
v -0.094342241 0.091957612 0.037167041
v -0.080874179 0.042268271 0.064609459
v -0.056164052 0.024192088 -0.095102588
v -0.068414139 0.015369368 -0.139098576
v -0.097171616 0.034858648 -0.129820934
v -0.108449544 0.052400053 -0.132074015
v -0.072333011 0.101677479 -0.097787760
v -0.084472161 0.052660833 -0.090836390
v -0.072333011 0.101677479 -0.097787760
v -0.108449544 0.052400053 -0.132074015
v -0.099969701 0.105367210 -0.138403330
v -0.072333011 0.101677479 -0.097787760
v -0.064467947 0.139096630 -0.146173303
v -0.046277442 0.128438044 -0.100241915
v -0.064467947 0.139096630 -0.146173303
v -0.072333011 0.101677479 -0.097787760
v -0.099969701 0.105367210 -0.138403330
v -0.010174646 0.142342123 -0.162205696
v -0.046277442 0.128438044 -0.100241915
v -0.064467947 0.139096630 -0.146173303
v -0.046277442 0.128438044 -0.100241915
v -0.010174646 0.142342123 -0.162205696
v 0.002441410 0.128298701 -0.105554136
v -0.176491326 0.084017107 -0.219095129
v -0.147698924 0.063437958 -0.178559992
v -0.225853518 0.076934142 -0.210253465
v -0.225853518 0.076934142 -0.210253465
v -0.259554330 0.047819294 -0.146810228
v -0.276125612 0.064161054 -0.189467694
v -0.259554330 0.047819294 -0.146810228
v -0.225853518 0.076934142 -0.210253465
v -0.205148011 0.056800107 -0.157757344
v -0.157367848 0.005740055 -0.195571061
v -0.205236909 -0.004947079 -0.181268038
v -0.205148011 0.056800107 -0.157757344
v -0.205148011 0.056800107 -0.157757344
v -0.255939439 -0.002909337 -0.166996220
v -0.259554330 0.047819294 -0.146810228
v -0.255939439 -0.002909337 -0.166996220
v -0.205148011 0.056800107 -0.157757344
v -0.205236909 -0.004947079 -0.181268038
v -0.159532496 0.001556096 -0.205877764
v -0.205236909 -0.004947079 -0.181268038
v -0.157367848 0.005740055 -0.195571061
v -0.159532496 0.001556096 -0.205877764
v -0.225704283 0.015184291 -0.233989577
v -0.205236909 -0.004947079 -0.181268038
v -0.159532496 0.001556096 -0.205877764
v -0.177067528 0.022083074 -0.241731880
v -0.225704283 0.015184291 -0.233989577
v -0.205236909 -0.004947079 -0.181268038
v -0.272494566 0.013327260 -0.209526373
v -0.255939439 -0.002909337 -0.166996220
v -0.272494566 0.013327260 -0.209526373
v -0.205236909 -0.004947079 -0.181268038
v -0.225704283 0.015184291 -0.233989577
v -0.178445016 0.059533137 -0.236208854
v -0.225853518 0.076934142 -0.210253465
v -0.225704283 0.015184291 -0.233989577
v -0.225704283 0.015184291 -0.233989577
v -0.276125612 0.064161054 -0.189467694
v -0.272494566 0.013327260 -0.209526373
v -0.276125612 0.064161054 -0.189467694
v -0.225704283 0.015184291 -0.233989577
v -0.225853518 0.076934142 -0.210253465
v -0.299521818 0.070848774 -0.182355193
v -0.342499454 0.053825179 -0.117725587
v -0.350312320 0.066823529 -0.151154015
v -0.342499454 0.053825179 -0.117725587
v -0.299521818 0.070848774 -0.182355193
v -0.283380669 0.050693571 -0.131036698
v -0.350312320 0.066823529 -0.151154015
v -0.382076632 0.047514004 -0.105914140
v -0.393759046 0.060443734 -0.127204855
v -0.382076632 0.047514004 -0.105914140
v -0.350312320 0.066823529 -0.151154015
v -0.342499454 0.053825179 -0.117725587
v -0.283380669 0.050693571 -0.131036698
v -0.348631964 0.003555261 -0.144358136
v -0.342499454 0.053825179 -0.117725587
v -0.348631964 0.003555261 -0.144358136
v -0.283380669 0.050693571 -0.131036698
v -0.287028245 -0.008318032 -0.152293796
v -0.342499454 0.053825179 -0.117725587
v -0.392316444 0.018022068 -0.128332375
v -0.382076632 0.047514004 -0.105914140
v -0.392316444 0.018022068 -0.128332375
v -0.342499454 0.053825179 -0.117725587
v -0.348631964 0.003555261 -0.144358136
v -0.287028245 -0.008318032 -0.152293796
v -0.354306288 0.013849532 -0.169968592
v -0.348631964 0.003555261 -0.144358136
v -0.354306288 0.013849532 -0.169968592
v -0.287028245 -0.008318032 -0.152293796
v -0.303077292 0.011570927 -0.203410805
v -0.348631964 0.003555261 -0.144358136
v -0.398808534 0.025660027 -0.140157339
v -0.392316444 0.018022068 -0.128332375
v -0.398808534 0.025660027 -0.140157339
v -0.348631964 0.003555261 -0.144358136
v -0.354306288 0.013849532 -0.169968592
v -0.303077292 0.011570927 -0.203410805
v -0.350312320 0.066823529 -0.151154015
v -0.354306288 0.013849532 -0.169968592
v -0.350312320 0.066823529 -0.151154015
v -0.303077292 0.011570927 -0.203410805
v -0.299521818 0.070848774 -0.182355193
v -0.354306288 0.013849532 -0.169968592
v -0.393759046 0.060443734 -0.127204855
v -0.398808534 0.025660027 -0.140157339
v -0.393759046 0.060443734 -0.127204855
v -0.354306288 0.013849532 -0.169968592
v -0.350312320 0.066823529 -0.151154015
v -0.497269883 0.086241501 -0.054298229
v -0.491582717 0.035205729 -0.079192666
v -0.505172682 0.050951963 -0.085398391
v -0.491582717 0.035205729 -0.079192666
v -0.497269883 0.086241501 -0.054298229
v -0.483259609 0.070635542 -0.047662766
v -0.441364001 0.078805472 -0.051081821
v -0.450849782 0.087344853 -0.061924533
v -0.438157673 0.089497263 -0.054473717
v -0.450849782 0.087344853 -0.061924533
v -0.441364001 0.078805472 -0.051081821
v -0.452027538 0.079283575 -0.054528865
v -0.427473349 0.016833255 -0.110958010
v -0.432422204 0.068568394 -0.080231366
v -0.404861434 0.047411296 -0.078930502
v -0.432422204 0.068568394 -0.080231366
v -0.427473349 0.016833255 -0.110958010
v -0.461120462 0.032058345 -0.105303938
v -0.427473349 0.016833255 -0.110958010
v -0.470017049 0.047436531 -0.114383852
v -0.461120462 0.032058345 -0.105303938
v -0.470017049 0.047436531 -0.114383852
v -0.427473349 0.016833255 -0.110958010
v -0.430777349 0.043931392 -0.137153931
v -0.406427051 0.076419395 -0.104694970
v -0.470017049 0.047436531 -0.114383852
v -0.430777349 0.043931392 -0.137153931
v -0.470017049 0.047436531 -0.114383852
v -0.406427051 0.076419395 -0.104694970
v -0.441821004 0.082573144 -0.090814875
v -0.272494566 0.013327260 -0.209526373
v -0.299521818 0.070848774 -0.182355193
v -0.303077292 0.011570927 -0.203410805
v -0.299521818 0.070848774 -0.182355193
v -0.272494566 0.013327260 -0.209526373
v -0.276125612 0.064161054 -0.189467694
v -0.276125612 0.064161054 -0.189467694
v -0.283380669 0.050693571 -0.131036698
v -0.299521818 0.070848774 -0.182355193
v -0.283380669 0.050693571 -0.131036698
v -0.276125612 0.064161054 -0.189467694
v -0.259554330 0.047819294 -0.146810228
v -0.255939439 -0.002909337 -0.166996220
v -0.283380669 0.050693571 -0.131036698
v -0.259554330 0.047819294 -0.146810228
v -0.283380669 0.050693571 -0.131036698
v -0.255939439 -0.002909337 -0.166996220
v -0.287028245 -0.008318032 -0.152293796
v -0.287028245 -0.008318032 -0.152293796
v -0.272494566 0.013327260 -0.209526373
v -0.303077292 0.011570927 -0.203410805
v -0.272494566 0.013327260 -0.209526373
v -0.287028245 -0.008318032 -0.152293796
v -0.255939439 -0.002909337 -0.166996220
v -0.143210090 0.035796712 -0.257764350
v -0.178445016 0.059533137 -0.236208854
v -0.177067528 0.022083074 -0.241731880
v -0.178445016 0.059533137 -0.236208854
v -0.143210090 0.035796712 -0.257764350
v -0.157871423 0.061576021 -0.254030937
v -0.157871423 0.061576021 -0.254030937
v -0.117584016 0.053299173 -0.262595068
v -0.123601006 0.075461707 -0.258288021
v -0.117584016 0.053299173 -0.262595068
v -0.157871423 0.061576021 -0.254030937
v -0.143210090 0.035796712 -0.257764350
v -0.097171616 0.034858648 -0.129820934
v -0.082260370 0.007364198 -0.174880627
v -0.117884947 0.024911484 -0.166724430
v -0.082260370 0.007364198 -0.174880627
v -0.097171616 0.034858648 -0.129820934
v -0.068414139 0.015369368 -0.139098576
v -0.117584016 0.053299173 -0.262595068
v -0.095299054 0.060290973 -0.285712823
v -0.102597601 0.085900354 -0.275840787
v -0.154395104 0.082256452 -0.235347819
v -0.127021267 0.100049765 -0.212955114
v -0.147613053 0.078309941 -0.207015037
v -0.127021267 0.100049765 -0.212955114
v -0.154395104 0.082256452 -0.235347819
v -0.124140500 0.096521215 -0.235941232
v -0.176491326 0.084017107 -0.219095129
v -0.154395104 0.082256452 -0.235347819
v -0.147613053 0.078309941 -0.207015037
v -0.136448100 0.023928397 -0.203580134
v -0.128931846 0.031336741 -0.249974027
v -0.140443579 0.027231718 -0.207108810
v -0.136448100 0.023928397 -0.203580134
v -0.104213811 0.029119002 -0.262316546
v -0.128931846 0.031336741 -0.249974027
v -0.136448100 0.023928397 -0.203580134
v -0.095081217 0.010588914 -0.209308153
v -0.104213811 0.029119002 -0.262316546
v -0.039161649 0.008791555 -0.225058712
v -0.104213811 0.029119002 -0.262316546
v -0.095081217 0.010588914 -0.209308153
v -0.104213811 0.029119002 -0.262316546
v -0.039161649 0.008791555 -0.225058712
v -0.059013317 0.036051850 -0.274753773
v -0.143210090 0.035796712 -0.257764350
v -0.128931846 0.031336741 -0.249974027
v -0.117584016 0.053299173 -0.262595068
v -0.177067528 0.022083074 -0.241731880
v -0.128931846 0.031336741 -0.249974027
v -0.143210090 0.035796712 -0.257764350
v -0.177067528 0.022083074 -0.241731880
v -0.140443579 0.027231718 -0.207108810
v -0.128931846 0.031336741 -0.249974027
v -0.177067528 0.022083074 -0.241731880
v -0.159532496 0.001556096 -0.205877764
v -0.140443579 0.027231718 -0.207108810
v -0.120468186 0.078294482 -0.188203062
v -0.157367848 0.005740055 -0.195571061
v -0.147698924 0.063437958 -0.178559992
v -0.157367848 0.005740055 -0.195571061
v -0.120468186 0.078294482 -0.188203062
v -0.136905559 0.033874914 -0.199217852
v -0.099969701 0.105367210 -0.138403330
v -0.118385004 0.056891694 -0.162802926
v -0.110266237 0.091220117 -0.161607268
v -0.118385004 0.056891694 -0.162802926
v -0.099969701 0.105367210 -0.138403330
v -0.108449544 0.052400053 -0.132074015
v -0.121808516 0.111808922 -0.192251704
v -0.120468186 0.078294482 -0.188203062
v -0.147698924 0.063437958 -0.178559992
v -0.112624032 0.105618278 -0.164084591
v -0.099969701 0.105367210 -0.138403330
v -0.110266237 0.091220117 -0.161607268
v -0.118385004 0.056891694 -0.162802926
v -0.108449544 0.052400053 -0.132074015
v -0.124588214 0.041112914 -0.163939869
v -0.393759046 0.060443734 -0.127204855
v -0.404861434 0.047411296 -0.078930502
v -0.406427051 0.076419395 -0.104694970
v -0.404861434 0.047411296 -0.078930502
v -0.393759046 0.060443734 -0.127204855
v -0.382076632 0.047514004 -0.105914140
v -0.393759046 0.060443734 -0.127204855
v -0.430777349 0.043931392 -0.137153931
v -0.398808534 0.025660027 -0.140157339
v -0.430777349 0.043931392 -0.137153931
v -0.393759046 0.060443734 -0.127204855
v -0.406427051 0.076419395 -0.104694970
v -0.398808534 0.025660027 -0.140157339
v -0.427473349 0.016833255 -0.110958010
v -0.392316444 0.018022068 -0.128332375
v -0.427473349 0.016833255 -0.110958010
v -0.398808534 0.025660027 -0.140157339
v -0.430777349 0.043931392 -0.137153931
v -0.427473349 0.016833255 -0.110958010
v -0.382076632 0.047514004 -0.105914140
v -0.392316444 0.018022068 -0.128332375
v -0.382076632 0.047514004 -0.105914140
v -0.427473349 0.016833255 -0.110958010
v -0.404861434 0.047411296 -0.078930502
v -0.095299054 0.060290973 -0.285712823
v -0.101872021 0.067405941 -0.309244562
v -0.102597601 0.085900354 -0.275840787
v -0.101872021 0.067405941 -0.309244562
v -0.095299054 0.060290973 -0.285712823
v -0.088206482 0.051337065 -0.312090008
v -0.088206482 0.051337065 -0.312090008
v -0.068816369 0.056610435 -0.297988556
v -0.063761197 0.050483795 -0.318317574
v -0.068816369 0.056610435 -0.297988556
v -0.088206482 0.051337065 -0.312090008
v -0.095299054 0.060290973 -0.285712823
v -0.461120462 0.032058345 -0.105303938
v -0.483259609 0.070635542 -0.047662766
v -0.432422204 0.068568394 -0.080231366
v -0.483259609 0.070635542 -0.047662766
v -0.461120462 0.032058345 -0.105303938
v -0.491582717 0.035205729 -0.079192666
v -0.432422204 0.068568394 -0.080231366
v -0.497269883 0.086241501 -0.054298229
v -0.441821004 0.082573144 -0.090814875
v -0.497269883 0.086241501 -0.054298229
v -0.432422204 0.068568394 -0.080231366
v -0.483259609 0.070635542 -0.047662766
v -0.497269883 0.086241501 -0.054298229
v -0.470017049 0.047436531 -0.114383852
v -0.441821004 0.082573144 -0.090814875
v -0.470017049 0.047436531 -0.114383852
v -0.497269883 0.086241501 -0.054298229
v -0.505172682 0.050951963 -0.085398391
v -0.505172682 0.050951963 -0.085398391
v -0.461120462 0.032058345 -0.105303938
v -0.470017049 0.047436531 -0.114383852
v -0.461120462 0.032058345 -0.105303938
v -0.505172682 0.050951963 -0.085398391
v -0.491582717 0.035205729 -0.079192666
v -0.406427051 0.076419395 -0.104694970
v -0.426955729 0.065818495 -0.055768905
v -0.424732584 0.087918093 -0.069097670
v -0.426955729 0.065818495 -0.055768905
v -0.406427051 0.076419395 -0.104694970
v -0.404861434 0.047411296 -0.078930502
v -0.426955729 0.065818495 -0.055768905
v -0.432422204 0.068568394 -0.080231366
v -0.441987434 0.067514306 -0.065149911
v -0.432422204 0.068568394 -0.080231366
v -0.426955729 0.065818495 -0.055768905
v -0.404861434 0.047411296 -0.078930502
v -0.432422204 0.068568394 -0.080231366
v -0.438689945 0.081418657 -0.085188496
v -0.441987434 0.067514306 -0.065149911
v -0.438689945 0.081418657 -0.085188496
v -0.432422204 0.068568394 -0.080231366
v -0.441821004 0.082573144 -0.090814875
v -0.438689945 0.081418657 -0.085188496
v -0.406427051 0.076419395 -0.104694970
v -0.424732584 0.087918093 -0.069097670
v -0.406427051 0.076419395 -0.104694970
v -0.438689945 0.081418657 -0.085188496
v -0.441821004 0.082573144 -0.090814875
v -0.424732584 0.087918093 -0.069097670
v -0.441364001 0.078805472 -0.051081821
v -0.438157673 0.089497263 -0.054473717
v -0.441364001 0.078805472 -0.051081821
v -0.424732584 0.087918093 -0.069097670
v -0.426955729 0.065818495 -0.055768905
v -0.426955729 0.065818495 -0.055768905
v -0.452027538 0.079283575 -0.054528865
v -0.441364001 0.078805472 -0.051081821
v -0.452027538 0.079283575 -0.054528865
v -0.426955729 0.065818495 -0.055768905
v -0.441987434 0.067514306 -0.065149911
v -0.441987434 0.067514306 -0.065149911
v -0.450849782 0.087344853 -0.061924533
v -0.452027538 0.079283575 -0.054528865
v -0.450849782 0.087344853 -0.061924533
v -0.441987434 0.067514306 -0.065149911
v -0.438689945 0.081418657 -0.085188496
v -0.438689945 0.081418657 -0.085188496
v -0.438157673 0.089497263 -0.054473717
v -0.450849782 0.087344853 -0.061924533
v -0.438157673 0.089497263 -0.054473717
v -0.438689945 0.081418657 -0.085188496
v -0.424732584 0.087918093 -0.069097670
v -0.168595615 0.083727859 0.488760937
v -0.168999585 0.131207528 0.522378617
v -0.175942805 0.081111138 0.510898808
v -0.168999585 0.131207528 0.522378617
v -0.168595615 0.083727859 0.488760937
v -0.164880713 0.130645629 0.502833349
v -0.063873432 0.028393040 0.456642015
v -0.082673073 0.051110218 0.497608844
v -0.084646757 0.059660768 0.474068713
v -0.082673073 0.051110218 0.497608844
v -0.063873432 0.028393040 0.456642015
v -0.058529422 0.010194825 0.486366498
v -0.085035682 0.041225541 0.416834402
v -0.097930887 0.005276832 0.450261032
v -0.063873432 0.028393040 0.456642015
v -0.097930887 0.005276832 0.450261032
v -0.085035682 0.041225541 0.416834402
v -0.106562521 0.032144199 0.409367513
v -0.117136174 0.022529955 0.493088078
v -0.097930887 0.005276832 0.450261032
v -0.121751342 0.031875778 0.459621500
v -0.097930887 0.005276832 0.450261032
v -0.117136174 0.022529955 0.493088078
v -0.086839179 -0.009933963 0.483455901
v -0.119349430 0.078948348 0.434142045
v -0.168595615 0.083727859 0.488760937
v -0.124573011 0.045426934 0.427555979
v -0.168595615 0.083727859 0.488760937
v -0.119349430 0.078948348 0.434142045
v -0.164880713 0.130645629 0.502833349
v -0.082673073 0.051110218 0.497608844
v -0.136353566 0.137841029 0.505792641
v -0.084646757 0.059660768 0.474068713
v -0.136353566 0.137841029 0.505792641
v -0.082673073 0.051110218 0.497608844
v -0.134651651 0.143450678 0.523022239
v -0.082673073 0.051110218 0.497608844
v -0.175942805 0.081111138 0.510898808
v -0.134651651 0.143450678 0.523022239
v -0.175942805 0.081111138 0.510898808
v -0.082673073 0.051110218 0.497608844
v -0.117136174 0.022529955 0.493088078
v -0.117136174 0.022529955 0.493088078
v -0.168595615 0.083727859 0.488760937
v -0.175942805 0.081111138 0.510898808
v -0.168595615 0.083727859 0.488760937
v -0.117136174 0.022529955 0.493088078
v -0.121751342 0.031875778 0.459621500
v -0.031517339 0.126398915 -0.009163147
v -0.023118609 0.129335919 0.043208197
v -0.069692971 0.134798056 0.034074695
v -0.063288168 0.121039039 -0.016189075
v -0.031517339 0.126398915 -0.009163147
v -0.069692971 0.134798056 0.034074695
v -0.069692971 0.134798056 0.034074695
v -0.044621396 0.132191309 0.140923447
v -0.097264731 0.139450724 0.131261285
v -0.097264731 0.139450724 0.131261285
v -0.074009130 0.120193871 0.233994537
v -0.113647082 0.148823068 0.226983169
v -0.074009130 0.120193871 0.233994537
v -0.097264731 0.139450724 0.131261285
v -0.044621396 0.132191309 0.140923447
v -0.113647082 0.148823068 0.226983169
v -0.064592407 0.104912796 0.303180235
v -0.110579653 0.115865043 0.283953409
v -0.064592407 0.104912796 0.303180235
v -0.113647082 0.148823068 0.226983169
v -0.074009130 0.120193871 0.233994537
v -0.064592407 0.104912796 0.303180235
v -0.113131740 0.099489808 0.356177367
v -0.110579653 0.115865043 0.283953409
v -0.113131740 0.099489808 0.356177367
v -0.064592407 0.104912796 0.303180235
v -0.076681560 0.086246581 0.358322523
v -0.076681560 0.086246581 0.358322523
v -0.119349430 0.078948348 0.434142045
v -0.113131740 0.099489808 0.356177367
v -0.119349430 0.078948348 0.434142045
v -0.076681560 0.086246581 0.358322523
v -0.094491698 0.065704462 0.438671822
v -0.094491698 0.065704462 0.438671822
v -0.164880713 0.130645629 0.502833349
v -0.119349430 0.078948348 0.434142045
v -0.164880713 0.130645629 0.502833349
v -0.094491698 0.065704462 0.438671822
v -0.136353566 0.137841029 0.505792641
v -0.164880713 0.130645629 0.502833349
v -0.134651651 0.143450678 0.523022239
v -0.168999585 0.131207528 0.522378617
v -0.134651651 0.143450678 0.523022239
v -0.164880713 0.130645629 0.502833349
v -0.136353566 0.137841029 0.505792641
v -0.136353566 0.137841029 0.505792641
v -0.094491698 0.065704462 0.438671822
v -0.084646757 0.059660768 0.474068713
v -0.094491698 0.065704462 0.438671822
v -0.063873432 0.028393040 0.456642015
v -0.084646757 0.059660768 0.474068713
v -0.063873432 0.028393040 0.456642015
v -0.094491698 0.065704462 0.438671822
v -0.085035682 0.041225541 0.416834402
v -0.097930887 0.005276832 0.450261032
v -0.058529422 0.010194825 0.486366498
v -0.063873432 0.028393040 0.456642015
v -0.058529422 0.010194825 0.486366498
v -0.097930887 0.005276832 0.450261032
v -0.086839179 -0.009933963 0.483455901
v -0.106562521 0.032144199 0.409367513
v -0.121751342 0.031875778 0.459621500
v -0.097930887 0.005276832 0.450261032
v -0.121751342 0.031875778 0.459621500
v -0.106562521 0.032144199 0.409367513
v -0.124573011 0.045426934 0.427555979
v -0.121751342 0.031875778 0.459621500
v -0.124573011 0.045426934 0.427555979
v -0.168595615 0.083727859 0.488760937
v -0.067808564 0.103415684 -0.060773802
v -0.063288168 0.121039039 -0.016189075
v -0.083484141 0.092050830 -0.033311560
v -0.083484141 0.092050830 -0.033311560
v -0.063288168 0.121039039 -0.016189075
v -0.089164492 0.093993809 -0.003971918
v -0.023118609 0.129335919 0.043208197
v 0.010088747 0.123644323 0.032408515
v 0.000032962 0.077753836 0.054697315
v -0.114673228 0.065443324 -0.321007546
v -0.111324415 0.088439545 -0.307438046
v -0.099241886 0.084499287 -0.307880070
v -0.111324415 0.088439545 -0.307438046
v -0.114673228 0.065443324 -0.321007546
v -0.119833387 0.085031447 -0.313920376
v -0.095568960 0.055250478 -0.343572065
v -0.088206482 0.051337065 -0.312090008
v -0.077385818 0.046091235 -0.356535013
v -0.088206482 0.051337065 -0.312090008
v -0.095568960 0.055250478 -0.343572065
v -0.101872021 0.067405941 -0.309244562
v -0.113244852 0.111588232 -0.454403397
v -0.098360757 0.124671271 -0.458367819
v -0.114331516 0.143467419 -0.441551858
v -0.147986180 0.128283045 -0.381171803
v -0.142471156 0.128661790 -0.410365158
v -0.138918705 0.143881655 -0.378485661
v -0.114673228 0.065443324 -0.321007546
v -0.128255420 0.086939145 -0.333462615
v -0.119833387 0.085031447 -0.313920376
v -0.128255420 0.086939145 -0.333462615
v -0.114673228 0.065443324 -0.321007546
v -0.118841102 0.063401703 -0.349032388
v -0.108879780 0.061402350 -0.333615886
v -0.118841102 0.063401703 -0.349032388
v -0.114673228 0.065443324 -0.321007546
v -0.118841102 0.063401703 -0.349032388
v -0.108879780 0.061402350 -0.333615886
v -0.111920305 0.054854637 -0.386487495
v -0.127202839 0.073094777 -0.392470376
v -0.143208813 0.108816689 -0.420390652
v -0.140178214 0.095271373 -0.383397654
v -0.143208813 0.108816689 -0.420390652
v -0.127202839 0.073094777 -0.392470376
v -0.133558633 0.083615184 -0.427593592
v -0.127202839 0.073094777 -0.392470376
v -0.111920305 0.054854637 -0.386487495
v -0.133558633 0.083615184 -0.427593592
v -0.077385818 0.046091235 -0.356535013
v -0.100112560 0.044810817 -0.392972611
v -0.095568960 0.055250478 -0.343572065
v -0.100112560 0.044810817 -0.392972611
v -0.077385818 0.046091235 -0.356535013
v -0.079702022 0.037468181 -0.404273159
v -0.042499361 0.053856687 -0.406028643
v -0.086562886 0.057760348 -0.447786784
v -0.079702022 0.037468181 -0.404273159
v -0.086562886 0.057760348 -0.447786784
v -0.042499361 0.053856687 -0.406028643
v -0.054882625 0.071055602 -0.450531606
v -0.108879780 0.061402350 -0.333615886
v -0.114673228 0.065443324 -0.321007546
v -0.099241886 0.084499287 -0.307880070
v -0.143208813 0.108816689 -0.420390652
v -0.142471156 0.128661790 -0.410365158
v -0.147986180 0.128283045 -0.381171803
v -0.137885468 0.090703875 -0.361275311
v -0.140853020 0.116740081 -0.351754619
v -0.128822790 0.101881790 -0.321303921
v -0.119833387 0.085031447 -0.313920376
v -0.122728460 0.116200362 -0.294643672
v -0.111324415 0.088439545 -0.307438046
v -0.122728460 0.116200362 -0.294643672
v -0.099834482 0.118827838 -0.290699929
v -0.111324415 0.088439545 -0.307438046
v -0.099834482 0.118827838 -0.290699929
v -0.122728460 0.116200362 -0.294643672
v -0.113199568 0.135122539 -0.289017336
v -0.135198761 0.127791485 -0.430826964
v -0.142471156 0.128661790 -0.410365158
v -0.143208813 0.108816689 -0.420390652
v -0.127320718 0.097264693 -0.444913829
v -0.109882917 0.062116723 -0.442291362
v -0.106448693 0.080011699 -0.457452086
v -0.109882917 0.062116723 -0.442291362
v -0.127320718 0.097264693 -0.444913829
v -0.133558633 0.083615184 -0.427593592
v -0.054882625 0.071055602 -0.450531606
v -0.074993959 0.096378579 -0.465608028
v -0.089598153 0.086908037 -0.463492210
v -0.143208813 0.108816689 -0.420390652
v -0.133558633 0.083615184 -0.427593592
v -0.127320718 0.097264693 -0.444913829
v -0.063761197 0.050483795 -0.318317574
v -0.077385818 0.046091235 -0.356535013
v -0.088206482 0.051337065 -0.312090008
v -0.077385818 0.046091235 -0.356535013
v -0.063761197 0.050483795 -0.318317574
v -0.046415181 0.056834328 -0.366153724
v -0.046415181 0.056834328 -0.366153724
v -0.079702022 0.037468181 -0.404273159
v -0.077385818 0.046091235 -0.356535013
v -0.079702022 0.037468181 -0.404273159
v -0.046415181 0.056834328 -0.366153724
v -0.042499361 0.053856687 -0.406028643
v -0.086562886 0.057760348 -0.447786784
v -0.109882917 0.062116723 -0.442291362
v -0.079702022 0.037468181 -0.404273159
v -0.106448693 0.080011699 -0.457452086
v -0.109882917 0.062116723 -0.442291362
v -0.086562886 0.057760348 -0.447786784
v -0.119106230 0.047834899 -0.381853260
v -0.122554164 0.061965906 -0.379732128
v -0.122862535 0.061531805 -0.351705512
v -0.122554164 0.061965906 -0.379732128
v -0.119106230 0.047834899 -0.381853260
v -0.123478533 0.058952784 -0.399032225
v -0.118841102 0.063401703 -0.349032388
v -0.119106230 0.047834899 -0.381853260
v -0.122862535 0.061531805 -0.351705512
v -0.119106230 0.047834899 -0.381853260
v -0.118841102 0.063401703 -0.349032388
v -0.111920305 0.054854637 -0.386487495
v -0.111920305 0.054854637 -0.386487495
v -0.123478533 0.058952784 -0.399032225
v -0.119106230 0.047834899 -0.381853260
v -0.123478533 0.058952784 -0.399032225
v -0.111920305 0.054854637 -0.386487495
v -0.127202839 0.073094777 -0.392470376
v -0.127202839 0.073094777 -0.392470376
v -0.122554164 0.061965906 -0.379732128
v -0.123478533 0.058952784 -0.399032225
v -0.122554164 0.061965906 -0.379732128
v -0.127202839 0.073094777 -0.392470376
v -0.129664472 0.074168160 -0.367447066
v -0.129664472 0.074168160 -0.367447066
v -0.122862535 0.061531805 -0.351705512
v -0.122554164 0.061965906 -0.379732128
v -0.122862535 0.061531805 -0.351705512
v -0.129664472 0.074168160 -0.367447066
v -0.118841102 0.063401703 -0.349032388
v -0.142598768 0.120332939 -0.373649904
v -0.137885468 0.090703875 -0.361275311
v -0.140178214 0.095271373 -0.383397654
v -0.137885468 0.090703875 -0.361275311
v -0.142598768 0.120332939 -0.373649904
v -0.140853020 0.116740081 -0.351754619
v -0.137885468 0.090703875 -0.361275311
v -0.127202839 0.073094777 -0.392470376
v -0.140178214 0.095271373 -0.383397654
v -0.127202839 0.073094777 -0.392470376
v -0.137885468 0.090703875 -0.361275311
v -0.129664472 0.074168160 -0.367447066
v -0.099241886 0.084499287 -0.307880070
v -0.102597601 0.085900354 -0.275840787
v -0.101872021 0.067405941 -0.309244562
v -0.102597601 0.085900354 -0.275840787
v -0.099241886 0.084499287 -0.307880070
v -0.088218581 0.097576533 -0.267220778
v -0.102597601 0.085900354 -0.275840787
v -0.123601006 0.075461707 -0.258288021
v -0.117584016 0.053299173 -0.262595068
v -0.101872021 0.067405941 -0.309244562
v -0.108879780 0.061402350 -0.333615886
v -0.099241886 0.084499287 -0.307880070
v -0.108879780 0.061402350 -0.333615886
v -0.101872021 0.067405941 -0.309244562
v -0.095568960 0.055250478 -0.343572065
v -0.108879780 0.061402350 -0.333615886
v -0.095568960 0.055250478 -0.343572065
v -0.111920305 0.054854637 -0.386487495
v -0.058709346 0.117215845 -0.267139644
v -0.083012851 0.113227596 -0.237431620
v -0.088218581 0.097576533 -0.267220778
v -0.083012851 0.113227596 -0.237431620
v -0.058709346 0.117215845 -0.267139644
v -0.050550272 0.123049064 -0.244877518
v -0.031517339 0.126398915 -0.009163147
v 0.009071160 0.123126427 -0.062448497
v 0.011407278 0.130388626 -0.004183451
v 0.009071160 0.123126427 -0.062448497
v -0.031517339 0.126398915 -0.009163147
v -0.034228968 0.128016992 -0.062477652
v -0.015174319 0.010848229 -0.027098940
v -0.058232130 0.009818636 0.017816638
v -0.017026977 0.001461700 0.020155982
v -0.058232130 0.009818636 0.017816638
v -0.015174319 0.010848229 -0.027098940
v -0.056456894 0.018890201 -0.031042813
v -0.058232130 0.009818636 0.017816638
v -0.014765227 0.010965092 0.053037507
v -0.017026977 0.001461700 0.020155982
v -0.014765227 0.010965092 0.053037507
v -0.058232130 0.009818636 0.017816638
v -0.044413683 0.023520238 0.058530900
v -0.014765227 0.010965092 0.053037507
v -0.007585899 0.044328222 0.074808693
v -0.011239026 0.018118081 0.070024119
v -0.007585899 0.044328222 0.074808693
v -0.014765227 0.010965092 0.053037507
v -0.044413683 0.023520238 0.058530900
v -0.078969957 0.111527980 -0.301034913
v -0.088218581 0.097576533 -0.267220778
v -0.099241886 0.084499287 -0.307880070
v -0.088218581 0.097576533 -0.267220778
v -0.078969957 0.111527980 -0.301034913
v -0.058709346 0.117215845 -0.267139644
v -0.011239026 0.018118081 0.070024119
v -0.007585899 0.044328222 0.074808693
v 0.000032962 0.077753836 0.054697315
v -0.007585899 0.044328222 0.074808693
v -0.023118609 0.129335919 0.043208197
v 0.000032962 0.077753836 0.054697315
v -0.089598153 0.086908037 -0.463492210
v -0.098360757 0.124671271 -0.458367819
v -0.113244852 0.111588232 -0.454403397
v -0.098360757 0.124671271 -0.458367819
v -0.089598153 0.086908037 -0.463492210
v -0.074993959 0.096378579 -0.465608028
v -0.129207315 0.124538356 -0.324847423
v -0.129647142 0.137958802 -0.345859577
v -0.129137668 0.136595585 -0.336314915
v -0.129647142 0.137958802 -0.345859577
v -0.129207315 0.124538356 -0.324847423
v -0.140853020 0.116740081 -0.351754619
v -0.111324415 0.088439545 -0.307438046
v -0.078969957 0.111527980 -0.301034913
v -0.099241886 0.084499287 -0.307880070
v -0.078969957 0.111527980 -0.301034913
v -0.111324415 0.088439545 -0.307438046
v -0.099834482 0.118827838 -0.290699929
v -0.121221548 0.151387658 -0.430160478
v -0.135198761 0.127791485 -0.430826964
v -0.114331516 0.143467419 -0.441551858
v -0.121221548 0.151387658 -0.430160478
v -0.142471156 0.128661790 -0.410365158
v -0.135198761 0.127791485 -0.430826964
v -0.142471156 0.128661790 -0.410365158
v -0.121221548 0.151387658 -0.430160478
v -0.127586576 0.158103188 -0.406457934
v -0.140853020 0.116740081 -0.351754619
v -0.130756885 0.136845848 -0.371180439
v -0.129647142 0.137958802 -0.345859577
v -0.130756885 0.136845848 -0.371180439
v -0.140853020 0.116740081 -0.351754619
v -0.142598768 0.120332939 -0.373649904
v -0.205148011 0.056800107 -0.157757344
v -0.147698924 0.063437958 -0.178559992
v -0.157367848 0.005740055 -0.195571061
v -0.147698924 0.063437958 -0.178559992
v -0.205148011 0.056800107 -0.157757344
v -0.225853518 0.076934142 -0.210253465
v -0.046277442 0.128438044 -0.100241915
v -0.067808564 0.103415684 -0.060773802
v -0.072333011 0.101677479 -0.097787760
v -0.067808564 0.103415684 -0.060773802
v -0.046277442 0.128438044 -0.100241915
v -0.034228968 0.128016992 -0.062477652
v -0.072333011 0.101677479 -0.097787760
v -0.083991735 0.050881392 -0.050396555
v -0.084472161 0.052660833 -0.090836390
v -0.083991735 0.050881392 -0.050396555
v -0.072333011 0.101677479 -0.097787760
v -0.067808564 0.103415684 -0.060773802
v -0.083991735 0.050881392 -0.050396555
v -0.056164052 0.024192088 -0.095102588
v -0.084472161 0.052660833 -0.090836390
v -0.056164052 0.024192088 -0.095102588
v -0.083991735 0.050881392 -0.050396555
v -0.055323318 0.023262365 -0.045414546
v -0.055323318 0.023262365 -0.045414546
v -0.010414679 0.017245597 -0.103691147
v -0.056164052 0.024192088 -0.095102588
v -0.010414679 0.017245597 -0.103691147
v -0.055323318 0.023262365 -0.045414546
v -0.013247867 0.015039830 -0.044863172
v -0.102597601 0.085900354 -0.275840787
v -0.088218581 0.097576533 -0.267220778
v -0.123601006 0.075461707 -0.258288021
v -0.088218581 0.097576533 -0.267220778
v -0.124140500 0.096521215 -0.235941232
v -0.123601006 0.075461707 -0.258288021
v -0.124140500 0.096521215 -0.235941232
v -0.157871423 0.061576021 -0.254030937
v -0.123601006 0.075461707 -0.258288021
v -0.157871423 0.061576021 -0.254030937
v -0.124140500 0.096521215 -0.235941232
v -0.154395104 0.082256452 -0.235347819
v -0.154395104 0.082256452 -0.235347819
v -0.178445016 0.059533137 -0.236208854
v -0.157871423 0.061576021 -0.254030937
v -0.178445016 0.059533137 -0.236208854
v -0.154395104 0.082256452 -0.235347819
v -0.176491326 0.084017107 -0.219095129
v -0.178445016 0.059533137 -0.236208854
v -0.176491326 0.084017107 -0.219095129
v -0.225853518 0.076934142 -0.210253465
v -0.225704283 0.015184291 -0.233989577
v -0.177067528 0.022083074 -0.241731880
v -0.178445016 0.059533137 -0.236208854
v -0.069692971 0.134798056 0.034074695
v -0.023118609 0.129335919 0.043208197
v -0.044621396 0.132191309 0.140923447
v -0.147986180 0.128283045 -0.381171803
v -0.142598768 0.120332939 -0.373649904
v -0.140178214 0.095271373 -0.383397654
v -0.130756885 0.136845848 -0.371180439
v -0.147986180 0.128283045 -0.381171803
v -0.138918705 0.143881655 -0.378485661
v -0.147986180 0.128283045 -0.381171803
v -0.130756885 0.136845848 -0.371180439
v -0.142598768 0.120332939 -0.373649904
v -0.147986180 0.128283045 -0.381171803
v -0.140178214 0.095271373 -0.383397654
v -0.143208813 0.108816689 -0.420390652
v -0.175942805 0.081111138 0.510898808
v -0.168999585 0.131207528 0.522378617
v -0.134651651 0.143450678 0.523022239
v -0.122728460 0.116200362 -0.294643672
v -0.128048537 0.123765305 -0.318383427
v -0.126305398 0.133604349 -0.314996176
v -0.128822790 0.101881790 -0.321303921
v -0.128255420 0.086939145 -0.333462615
v -0.137885468 0.090703875 -0.361275311
v -0.122728460 0.116200362 -0.294643672
v -0.119833387 0.085031447 -0.313920376
v -0.128822790 0.101881790 -0.321303921
v -0.128048537 0.123765305 -0.318383427
v -0.124299226 0.131682700 -0.320325984
v -0.126305398 0.133604349 -0.314996176
v -0.124299226 0.131682700 -0.320325984
v -0.128048537 0.123765305 -0.318383427
v -0.129207315 0.124538356 -0.324847423
v -0.129647142 0.137958802 -0.345859577
v -0.128888848 0.156713035 -0.341015198
v -0.122303369 0.148333081 -0.334151177
v -0.124299226 0.131682700 -0.320325984
v -0.129207315 0.124538356 -0.324847423
v -0.127448084 0.136078674 -0.323398353
v -0.115610216 0.139497954 -0.320200496
v -0.126305398 0.133604349 -0.314996176
v -0.124299226 0.131682700 -0.320325984
v -0.126305398 0.133604349 -0.314996176
v -0.115610216 0.139497954 -0.320200496
v -0.118707362 0.142944000 -0.312576758
v -0.128822790 0.101881790 -0.321303921
v -0.128048537 0.123765305 -0.318383427
v -0.122728460 0.116200362 -0.294643672
v -0.128048537 0.123765305 -0.318383427
v -0.128822790 0.101881790 -0.321303921
v -0.129207315 0.124538356 -0.324847423
v -0.128822790 0.101881790 -0.321303921
v -0.119833387 0.085031447 -0.313920376
v -0.128255420 0.086939145 -0.333462615
v -0.118841102 0.063401703 -0.349032388
v -0.137885468 0.090703875 -0.361275311
v -0.128255420 0.086939145 -0.333462615
v -0.137885468 0.090703875 -0.361275311
v -0.118841102 0.063401703 -0.349032388
v -0.129664472 0.074168160 -0.367447066
v -0.140853020 0.116740081 -0.351754619
v -0.129207315 0.124538356 -0.324847423
v -0.128822790 0.101881790 -0.321303921
v -0.127586576 0.158103188 -0.406457934
v -0.138918705 0.143881655 -0.378485661
v -0.142471156 0.128661790 -0.410365158
v -0.138918705 0.143881655 -0.378485661
v -0.127586576 0.158103188 -0.406457934
v -0.129852003 0.159479634 -0.375799548
v -0.138918705 0.143881655 -0.378485661
v -0.126635554 0.155146466 -0.367180038
v -0.130756885 0.136845848 -0.371180439
v -0.126635554 0.155146466 -0.367180038
v -0.138918705 0.143881655 -0.378485661
v -0.129852003 0.159479634 -0.375799548
v -0.126635554 0.155146466 -0.367180038
v -0.129647142 0.137958802 -0.345859577
v -0.130756885 0.136845848 -0.371180439
v -0.129647142 0.137958802 -0.345859577
v -0.126635554 0.155146466 -0.367180038
v -0.128888848 0.156713035 -0.341015198
v -0.129137668 0.136595585 -0.336314915
v -0.127448084 0.136078674 -0.323398353
v -0.129207315 0.124538356 -0.324847423
v -0.084472161 0.052660833 -0.090836390
v -0.097171616 0.034858648 -0.129820934
v -0.108449544 0.052400053 -0.132074015
v -0.136448100 0.023928397 -0.203580134
v -0.140443579 0.027231718 -0.207108810
v -0.136905559 0.033874914 -0.199217852
v -0.108449544 0.052400053 -0.132074015
v -0.117884947 0.024911484 -0.166724430
v -0.124588214 0.041112914 -0.163939869
v -0.117884947 0.024911484 -0.166724430
v -0.108449544 0.052400053 -0.132074015
v -0.097171616 0.034858648 -0.129820934
v -0.097171616 0.034858648 -0.129820934
v -0.084472161 0.052660833 -0.090836390
v -0.056164052 0.024192088 -0.095102588
v -0.126305398 0.133604349 -0.314996176
v -0.118707362 0.142944000 -0.312576758
v -0.113199568 0.135122539 -0.289017336
v -0.068816369 0.056610435 -0.297988556
v -0.095299054 0.060290973 -0.285712823
v -0.104213811 0.029119002 -0.262316546
v -0.127448084 0.136078674 -0.323398353
v -0.115610216 0.139497954 -0.320200496
v -0.124299226 0.131682700 -0.320325984
v -0.115610216 0.139497954 -0.320200496
v -0.127448084 0.136078674 -0.323398353
v -0.120955048 0.146151507 -0.322533852
v -0.122303369 0.148333081 -0.334151177
v -0.127448084 0.136078674 -0.323398353
v -0.129137668 0.136595585 -0.336314915
v -0.127448084 0.136078674 -0.323398353
v -0.122303369 0.148333081 -0.334151177
v -0.120955048 0.146151507 -0.322533852
v -0.082260370 0.007364198 -0.174880627
v -0.039161649 0.008791555 -0.225058712
v -0.095081217 0.010588914 -0.209308153
v -0.039161649 0.008791555 -0.225058712
v -0.082260370 0.007364198 -0.174880627
v -0.027945307 0.002571922 -0.190880617
v -0.095081217 0.010588914 -0.209308153
v -0.117884947 0.024911484 -0.166724430
v -0.082260370 0.007364198 -0.174880627
v -0.117884947 0.024911484 -0.166724430
v -0.095081217 0.010588914 -0.209308153
v -0.136448100 0.023928397 -0.203580134
v -0.117884947 0.024911484 -0.166724430
v -0.136905559 0.033874914 -0.199217852
v -0.124588214 0.041112914 -0.163939869
v -0.136905559 0.033874914 -0.199217852
v -0.117884947 0.024911484 -0.166724430
v -0.136448100 0.023928397 -0.203580134
v -0.136905559 0.033874914 -0.199217852
v -0.118385004 0.056891694 -0.162802926
v -0.124588214 0.041112914 -0.163939869
v -0.118385004 0.056891694 -0.162802926
v -0.136905559 0.033874914 -0.199217852
v -0.116169551 0.061990333 -0.191476635
v -0.116169551 0.061990333 -0.191476635
v -0.110266237 0.091220117 -0.161607268
v -0.118385004 0.056891694 -0.162802926
v -0.110266237 0.091220117 -0.161607268
v -0.116169551 0.061990333 -0.191476635
v -0.120468186 0.078294482 -0.188203062
v -0.112624032 0.105618278 -0.164084591
v -0.120468186 0.078294482 -0.188203062
v -0.121808516 0.111808922 -0.192251704
v -0.120468186 0.078294482 -0.188203062
v -0.112624032 0.105618278 -0.164084591
v -0.110266237 0.091220117 -0.161607268
v -0.076806982 0.136362864 -0.173037281
v -0.010174646 0.142342123 -0.162205696
v -0.064467947 0.139096630 -0.146173303
v -0.010174646 0.142342123 -0.162205696
v -0.076806982 0.136362864 -0.173037281
v -0.025388714 0.143510252 -0.188817880
v -0.064467947 0.139096630 -0.146173303
v -0.112624032 0.105618278 -0.164084591
v -0.076806982 0.136362864 -0.173037281
v -0.112624032 0.105618278 -0.164084591
v -0.064467947 0.139096630 -0.146173303
v -0.099969701 0.105367210 -0.138403330
v -0.079515263 0.129811263 -0.205316245
v -0.127021267 0.100049765 -0.212955114
v -0.083012851 0.113227596 -0.237431620
v -0.127021267 0.100049765 -0.212955114
v -0.079515263 0.129811263 -0.205316245
v -0.121808516 0.111808922 -0.192251704
v -0.121808516 0.111808922 -0.192251704
v -0.147613053 0.078309941 -0.207015037
v -0.127021267 0.100049765 -0.212955114
v -0.147613053 0.078309941 -0.207015037
v -0.121808516 0.111808922 -0.192251704
v -0.147698924 0.063437958 -0.178559992
v -0.147613053 0.078309941 -0.207015037
v -0.147698924 0.063437958 -0.178559992
v -0.176491326 0.084017107 -0.219095129
v -0.159532496 0.001556096 -0.205877764
v -0.136905559 0.033874914 -0.199217852
v -0.140443579 0.027231718 -0.207108810
v -0.136905559 0.033874914 -0.199217852
v -0.159532496 0.001556096 -0.205877764
v -0.157367848 0.005740055 -0.195571061
v -0.083012851 0.113227596 -0.237431620
v -0.042016186 0.133863359 -0.221528282
v -0.079515263 0.129811263 -0.205316245
v -0.042016186 0.133863359 -0.221528282
v -0.083012851 0.113227596 -0.237431620
v -0.050550272 0.123049064 -0.244877518
v -0.100112560 0.044810817 -0.392972611
v -0.109882917 0.062116723 -0.442291362
v -0.133558633 0.083615184 -0.427593592
v -0.095568960 0.055250478 -0.343572065
v -0.100112560 0.044810817 -0.392972611
v -0.111920305 0.054854637 -0.386487495
v -0.133558633 0.083615184 -0.427593592
v -0.111920305 0.054854637 -0.386487495
v -0.100112560 0.044810817 -0.392972611
v -0.109882917 0.062116723 -0.442291362
v -0.100112560 0.044810817 -0.392972611
v -0.079702022 0.037468181 -0.404273159
v -0.135198761 0.127791485 -0.430826964
v -0.127320718 0.097264693 -0.444913829
v -0.113244852 0.111588232 -0.454403397
v -0.113244852 0.111588232 -0.454403397
v -0.106448693 0.080011699 -0.457452086
v -0.089598153 0.086908037 -0.463492210
v -0.106448693 0.080011699 -0.457452086
v -0.113244852 0.111588232 -0.454403397
v -0.127320718 0.097264693 -0.444913829
v -0.089598153 0.086908037 -0.463492210
v -0.106448693 0.080011699 -0.457452086
v -0.086562886 0.057760348 -0.447786784
v -0.127320718 0.097264693 -0.444913829
v -0.135198761 0.127791485 -0.430826964
v -0.143208813 0.108816689 -0.420390652
v -0.019192333 0.008458859 -0.153380062
v -0.056164052 0.024192088 -0.095102588
v -0.010414679 0.017245597 -0.103691147
v -0.056164052 0.024192088 -0.095102588
v -0.019192333 0.008458859 -0.153380062
v -0.068414139 0.015369368 -0.139098576
v -0.068816369 0.056610435 -0.297988556
v -0.104213811 0.029119002 -0.262316546
v -0.059013317 0.036051850 -0.274753773
v 0.002441410 0.128298701 -0.105554136
v -0.034228968 0.128016992 -0.062477652
v -0.046277442 0.128438044 -0.100241915
v -0.034228968 0.128016992 -0.062477652
v 0.002441410 0.128298701 -0.105554136
v 0.009071160 0.123126427 -0.062448497
v -0.126305398 0.133604349 -0.314996176
v -0.113199568 0.135122539 -0.289017336
v -0.122728460 0.116200362 -0.294643672
v -0.122303369 0.148333081 -0.334151177
v -0.129137668 0.136595585 -0.336314915
v -0.129647142 0.137958802 -0.345859577
v -0.113244852 0.111588232 -0.454403397
v -0.114331516 0.143467419 -0.441551858
v -0.135198761 0.127791485 -0.430826964
v -0.089598153 0.086908037 -0.463492210
v -0.086562886 0.057760348 -0.447786784
v -0.054882625 0.071055602 -0.450531606
v -0.038649546 0.157894577 0.278941056
v 0.001797424 0.173196602 0.347491157
v -0.047932197 0.155619828 0.354074292
v 0.001797424 0.173196602 0.347491157
v -0.038649546 0.157894577 0.278941056
v 0.003095961 0.163299711 0.272136730
v -0.050821693 0.165130411 0.220849850
v 0.003095961 0.163299711 0.272136730
v -0.038649546 0.157894577 0.278941056
v 0.003095961 0.163299711 0.272136730
v -0.050821693 0.165130411 0.220849850
v 0.003325785 0.163846240 0.214769623
v -0.030640733 0.152219875 0.129523637
v 0.003325785 0.163846240 0.214769623
v -0.050821693 0.165130411 0.220849850
v 0.003325785 0.163846240 0.214769623
v -0.030640733 0.152219875 0.129523637
v 0.001941103 0.144702390 0.125774544
v -0.019531014 0.144285382 0.041514990
v 0.001941103 0.144702390 0.125774544
v -0.030640733 0.152219875 0.129523637
v 0.001941103 0.144702390 0.125774544
v -0.019531014 0.144285382 0.041514990
v 0.001883857 0.131931972 0.040836837
v 0.011407278 0.130388626 -0.004183451
v -0.019531014 0.144285382 0.041514990
v -0.031517339 0.126398915 -0.009163147
v -0.047932197 0.155619828 0.354074292
v -0.000560581 0.185184741 0.411236151
v -0.052806225 0.159733620 0.424711719
v -0.000560581 0.185184741 0.411236151
v -0.047932197 0.155619828 0.354074292
v 0.001797424 0.173196602 0.347491157
v -0.047442981 0.017904313 0.423348063
v -0.116323773 0.028793936 0.337457884
v -0.106549185 0.032148567 0.409368018
v -0.116323773 0.028793936 0.337457884
v -0.047442981 0.017904313 0.423348063
v -0.046917158 0.032092204 0.349375928
v -0.046917158 0.032092204 0.349375928
v -0.111715120 0.034180327 0.263249527
v -0.116323773 0.028793936 0.337457884
v -0.111715120 0.034180327 0.263249527
v -0.046917158 0.032092204 0.349375928
v -0.047816694 0.040999338 0.280425089
v -0.043381857 0.050696233 0.232683322
v -0.111715120 0.034180327 0.263249527
v -0.047816694 0.040999338 0.280425089
v -0.111715120 0.034180327 0.263249527
v -0.043381857 0.050696233 0.232683322
v -0.099611998 0.066184039 0.224332690
v -0.043381857 0.050696233 0.232683322
v -0.102360606 0.039063944 0.139452206
v -0.099611998 0.066184039 0.224332690
v -0.102360606 0.039063944 0.139452206
v -0.043381857 0.050696233 0.232683322
v -0.018762986 0.043331752 0.152664340
v -0.014765227 0.010965092 0.053037507
v -0.044413683 0.023520238 0.058530900
v -0.013928457 0.015579021 0.080368580
v -0.044413683 0.023520238 0.058530900
v -0.018762986 0.043331752 0.152664340
v -0.013928457 0.015579021 0.080368580
v -0.120468186 0.078294482 -0.188203062
v -0.116169551 0.061990333 -0.191476635
v -0.136905559 0.033874914 -0.199217852
v -0.031517339 0.126398915 -0.009163147
v -0.019531014 0.144285382 0.041514990
v -0.069692971 0.134798056 0.034074695
v -0.019531014 0.144285382 0.041514990
v 0.011407278 0.130388626 -0.004183451
v 0.001883857 0.131931972 0.040836837
v -0.030640733 0.152219875 0.129523637
v -0.069692971 0.134798056 0.034074695
v -0.019531014 0.144285382 0.041514990
v -0.069692971 0.134798056 0.034074695
v -0.030640733 0.152219875 0.129523637
v -0.097264731 0.139450724 0.131261285
v -0.050821693 0.165130411 0.220849850
v -0.097264731 0.139450724 0.131261285
v -0.030640733 0.152219875 0.129523637
v -0.097264731 0.139450724 0.131261285
v -0.050821693 0.165130411 0.220849850
v -0.113647082 0.148823068 0.226983169
v -0.038649546 0.157894577 0.278941056
v -0.113647082 0.148823068 0.226983169
v -0.050821693 0.165130411 0.220849850
v -0.113647082 0.148823068 0.226983169
v -0.038649546 0.157894577 0.278941056
v -0.110579653 0.115865043 0.283953409
v -0.047932197 0.155619828 0.354074292
v -0.110579653 0.115865043 0.283953409
v -0.038649546 0.157894577 0.278941056
v -0.110579653 0.115865043 0.283953409
v -0.047932197 0.155619828 0.354074292
v -0.113131740 0.099489808 0.356177367
v -0.052806225 0.159733620 0.424711719
v -0.113131740 0.099489808 0.356177367
v -0.047932197 0.155619828 0.354074292
v -0.113131740 0.099489808 0.356177367
v -0.052806225 0.159733620 0.424711719
v -0.119349430 0.078948348 0.434142045
v 0.011407278 0.130388626 -0.004183451
v 0.007914774 0.120702069 0.036327014
v 0.001883857 0.131931972 0.040836837
v 0.007914774 0.120702069 0.036327014
v 0.011407278 0.130388626 -0.004183451
v 0.048587138 0.108659923 -0.009546209
v 0.001941103 0.144702390 0.125774544
v 0.007914774 0.120702069 0.036327014
v 0.012983264 0.134842803 0.123861499
v 0.007914774 0.120702069 0.036327014
v 0.001941103 0.144702390 0.125774544
v 0.001883857 0.131931972 0.040836837
v 0.003325785 0.163846240 0.214769623
v 0.012983264 0.134842803 0.123861499
v 0.025980977 0.157004178 0.215424685
v 0.012983264 0.134842803 0.123861499
v 0.003325785 0.163846240 0.214769623
v 0.001941103 0.144702390 0.125774544
v 0.003095961 0.163299711 0.272136730
v 0.025980977 0.157004178 0.215424685
v 0.030363210 0.160152418 0.274192842
v 0.025980977 0.157004178 0.215424685
v 0.003095961 0.163299711 0.272136730
v 0.003325785 0.163846240 0.214769623
v 0.001797424 0.173196602 0.347491157
v 0.030363210 0.160152418 0.274192842
v 0.043113985 0.162702459 0.348473578
v 0.030363210 0.160152418 0.274192842
v 0.001797424 0.173196602 0.347491157
v 0.003095961 0.163299711 0.272136730
v -0.000560581 0.185184741 0.411236151
v 0.043113985 0.162702459 0.348473578
v 0.045165666 0.167803666 0.418853536
v 0.043113985 0.162702459 0.348473578
v -0.000560581 0.185184741 0.411236151
v 0.001797424 0.173196602 0.347491157
v 0.087378615 0.027744845 0.068005649
v 0.030324805 0.015894050 0.151200810
v 0.106108783 0.051453051 0.146130971
v 0.030324805 0.015894050 0.151200810
v 0.087378615 0.027744845 0.068005649
v 0.033859299 0.001506117 0.058831414
v 0.106108783 0.051453051 0.146130971
v 0.038416157 0.039512784 0.230973158
v 0.080829617 0.076957613 0.226197015
v 0.038416157 0.039512784 0.230973158
v 0.106108783 0.051453051 0.146130971
v 0.030324805 0.015894050 0.151200810
v 0.038416157 0.039512784 0.230973158
v 0.103322643 0.052596279 0.263612645
v 0.080829617 0.076957613 0.226197015
v 0.103322643 0.052596279 0.263612645
v 0.038416157 0.039512784 0.230973158
v 0.039159786 0.026959026 0.271390370
v 0.050345123 0.013161961 0.341769405
v 0.103322643 0.052596279 0.263612645
v 0.039159786 0.026959026 0.271390370
v 0.103322643 0.052596279 0.263612645
v 0.050345123 0.013161961 0.341769405
v 0.103041215 0.045449614 0.337814926
v 0.058138461 0.000009058 0.410257718
v 0.103041215 0.045449614 0.337814926
v 0.050345123 0.013161961 0.341769405
v 0.103041215 0.045449614 0.337814926
v 0.058138461 0.000009058 0.410257718
v 0.087659385 0.039151031 0.408429972
v -0.013928457 0.015579021 0.080368580
v -0.018762986 0.043331752 0.152664340
v -0.004915540 0.034757991 0.147905998
v -0.002596707 0.067543069 0.230214695
v -0.018762986 0.043331752 0.152664340
v -0.043381857 0.050696233 0.232683322
v -0.018762986 0.043331752 0.152664340
v -0.002596707 0.067543069 0.230214695
v -0.004915540 0.034757991 0.147905998
v -0.047816694 0.040999338 0.280425089
v -0.002596707 0.067543069 0.230214695
v -0.043381857 0.050696233 0.232683322
v -0.002596707 0.067543069 0.230214695
v -0.047816694 0.040999338 0.280425089
v 0.002606506 0.056641515 0.288943018
v -0.046917158 0.032092204 0.349375928
v 0.002606506 0.056641515 0.288943018
v -0.047816694 0.040999338 0.280425089
v 0.002606506 0.056641515 0.288943018
v -0.046917158 0.032092204 0.349375928
v 0.008508847 0.038959378 0.354605310
v 0.015339906 0.029028230 0.426989253
v -0.046917158 0.032092204 0.349375928
v -0.047442981 0.017904313 0.423348063
v -0.046917158 0.032092204 0.349375928
v 0.015339906 0.029028230 0.426989253
v 0.008508847 0.038959378 0.354605310
v 0.030324805 0.015894050 0.151200810
v 0.033859299 0.001506117 0.058831414
v -0.013928457 0.015579021 0.080368580
v 0.033859299 0.001506117 0.058831414
v -0.014765227 0.010965092 0.053037507
v -0.013928457 0.015579021 0.080368580
v -0.080874179 0.042268271 0.064609459
v -0.018762986 0.043331752 0.152664340
v -0.044413683 0.023520238 0.058530900
v -0.018762986 0.043331752 0.152664340
v -0.080874179 0.042268271 0.064609459
v -0.102360606 0.039063944 0.139452206
vt 0.603976011 0.300641000
vt 0.536068976 0.310338974
vt 0.529668987 0.295027971
vt 0.536068976 0.310338974
vt 0.603976011 0.300641000
vt 0.607192993 0.314764977
vt 0.606712997 0.341150999
vt 0.557678998 0.388221025
vt 0.542762995 0.342918038
vt 0.557678998 0.388221025
vt 0.606712997 0.341150999
vt 0.608641028 0.390578985
vt 0.752331018 0.240095973
vt 0.690639973 0.291936994
vt 0.695101976 0.256255984
vt 0.690639973 0.291936994
vt 0.752331018 0.240095973
vt 0.741757989 0.289667010
vt 0.654361010 0.548597991
vt 0.737609982 0.533146977
vt 0.740584016 0.545212984
vt 0.737609982 0.533146977
vt 0.654361010 0.548597991
vt 0.651573002 0.534998000
vt 0.579219997 0.533981025
vt 0.654361010 0.548597991
vt 0.617273986 0.557916999
vt 0.654361010 0.548597991
vt 0.579219997 0.533981025
vt 0.651573002 0.534998000
vt 0.542595029 0.531789005
vt 0.576694012 0.571959019
vt 0.538973987 0.574681997
vt 0.576694012 0.571959019
vt 0.542595029 0.531789005
vt 0.579219997 0.533981025
vt 0.542762995 0.342918038
vt 0.500000000 0.388388038
vt 0.500000000 0.343245029
vt 0.500000000 0.388388038
vt 0.542762995 0.342918038
vt 0.557678998 0.388221025
vt 0.740584016 0.545212984
vt 0.792007029 0.531039000
vt 0.792030990 0.544524014
vt 0.792007029 0.531039000
vt 0.740584016 0.545212984
vt 0.737609982 0.533146977
vt 0.737048984 0.443035960
vt 0.792944014 0.388496041
vt 0.792720973 0.437319040
vt 0.792944014 0.388496041
vt 0.737048984 0.443035960
vt 0.733702004 0.387537003
vt 0.571017981 0.613689005
vt 0.619428992 0.710861981
vt 0.582275987 0.710684001
vt 0.619428992 0.710861981
vt 0.571017981 0.613689005
vt 0.616055012 0.614360988
vt 0.619428992 0.710861981
vt 0.594380975 0.772230983
vt 0.582275987 0.710684001
vt 0.594380975 0.772230983
vt 0.619428992 0.710861981
vt 0.633001983 0.775141001
vt 0.782419980 0.616153002
vt 0.728985012 0.700932980
vt 0.737744987 0.630078018
vt 0.728985012 0.700932980
vt 0.782419980 0.616153002
vt 0.775128007 0.709927976
vt 0.775128007 0.709927976
vt 0.721726000 0.771574020
vt 0.728985012 0.700932980
vt 0.721726000 0.771574020
vt 0.775128007 0.709927976
vt 0.769495010 0.770716012
vt 0.737744987 0.630078018
vt 0.676342010 0.704289973
vt 0.679853976 0.629830003
vt 0.676342010 0.704289973
vt 0.737744987 0.630078018
vt 0.728985012 0.700932980
vt 0.728985012 0.700932980
vt 0.676729977 0.770331025
vt 0.676342010 0.704289973
vt 0.676729977 0.770331025
vt 0.728985012 0.700932980
vt 0.721726000 0.771574020
vt 0.679853976 0.629830003
vt 0.619428992 0.710861981
vt 0.616055012 0.614360988
vt 0.619428992 0.710861981
vt 0.679853976 0.629830003
vt 0.676342010 0.704289973
vt 0.676342010 0.704289973
vt 0.633001983 0.775141001
vt 0.619428992 0.710861981
vt 0.633001983 0.775141001
vt 0.676342010 0.704289973
vt 0.676729977 0.770331025
vt 0.659991026 0.210754037
vt 0.631344974 0.176485002
vt 0.627485991 0.213065982
vt 0.631344974 0.176485002
vt 0.659991026 0.210754037
vt 0.656580985 0.176687002
vt 0.605289996 0.831888020
vt 0.658253014 0.895501018
vt 0.619111001 0.899585009
vt 0.658253014 0.895501018
vt 0.605289996 0.831888020
vt 0.645672977 0.828966975
vt 0.619111001 0.899585009
vt 0.666010976 0.980310023
vt 0.637030005 0.980409026
vt 0.666010976 0.980310023
vt 0.619111001 0.899585009
vt 0.658253014 0.895501018
vt 0.759644985 0.827989995
vt 0.721626997 0.896407008
vt 0.724049985 0.825830996
vt 0.721626997 0.896407008
vt 0.759644985 0.827989995
vt 0.750765979 0.897616982
vt 0.750765979 0.897616982
vt 0.708325982 0.980181992
vt 0.721626997 0.896407008
vt 0.708325982 0.980181992
vt 0.750765979 0.897616982
vt 0.738193989 0.980190992
vt 0.724049985 0.825830996
vt 0.680141985 0.887456000
vt 0.676602006 0.820834994
vt 0.680141985 0.887456000
vt 0.724049985 0.825830996
vt 0.721626997 0.896407008
vt 0.721626997 0.896407008
vt 0.686766982 0.980015993
vt 0.680141985 0.887456000
vt 0.686766982 0.980015993
vt 0.721626997 0.896407008
vt 0.708325982 0.980181992
vt 0.676602006 0.820834994
vt 0.658253014 0.895501018
vt 0.645672977 0.828966975
vt 0.658253014 0.895501018
vt 0.676602006 0.820834994
vt 0.680141985 0.887456000
vt 0.680141985 0.887456000
vt 0.666010976 0.980310023
vt 0.658253014 0.895501018
vt 0.666010976 0.980310023
vt 0.680141985 0.887456000
vt 0.686766982 0.980015993
vt 0.616055012 0.614360988
vt 0.576694012 0.571959019
vt 0.621698022 0.580618978
vt 0.576694012 0.571959019
vt 0.616055012 0.614360988
vt 0.571017981 0.613689005
vt 0.538973987 0.574681997
vt 0.500000000 0.602496028
vt 0.500000000 0.577818990
vt 0.500000000 0.602496028
vt 0.538973987 0.574681997
vt 0.524038017 0.615773022
vt 0.740584016 0.545212984
vt 0.678378999 0.585349977
vt 0.654361010 0.548597991
vt 0.678378999 0.585349977
vt 0.740584016 0.545212984
vt 0.743906021 0.578772008
vt 0.743906021 0.578772008
vt 0.681523025 0.613546014
vt 0.678378999 0.585349977
vt 0.681523025 0.613546014
vt 0.743906021 0.578772008
vt 0.741110027 0.611717999
vt 0.741110027 0.611717999
vt 0.679853976 0.629830003
vt 0.681523025 0.613546014
vt 0.679853976 0.629830003
vt 0.741110027 0.611717999
vt 0.737744987 0.630078018
vt 0.605289996 0.831888020
vt 0.633001983 0.775141001
vt 0.645672977 0.828966975
vt 0.633001983 0.775141001
vt 0.605289996 0.831888020
vt 0.594380975 0.772230983
vt 0.645672977 0.828966975
vt 0.676729977 0.770331025
vt 0.676602006 0.820834994
vt 0.676729977 0.770331025
vt 0.645672977 0.828966975
vt 0.633001983 0.775141001
vt 0.676729977 0.770331025
vt 0.724049985 0.825830996
vt 0.676602006 0.820834994
vt 0.724049985 0.825830996
vt 0.676729977 0.770331025
vt 0.721726000 0.771574020
vt 0.721726000 0.771574020
vt 0.759644985 0.827989995
vt 0.724049985 0.825830996
vt 0.759644985 0.827989995
vt 0.721726000 0.771574020
vt 0.769495010 0.770716012
vt 0.654361010 0.548597991
vt 0.621698022 0.580618978
vt 0.617273986 0.557916999
vt 0.621698022 0.580618978
vt 0.654361010 0.548597991
vt 0.678378999 0.585349977
vt 0.678378999 0.585349977
vt 0.616055012 0.614360988
vt 0.621698022 0.580618978
vt 0.616055012 0.614360988
vt 0.678378999 0.585349977
vt 0.681523025 0.613546014
vt 0.681523025 0.613546014
vt 0.679853976 0.629830003
vt 0.616055012 0.614360988
vt 0.736606002 0.492236972
vt 0.670074999 0.445484996
vt 0.737048984 0.443035960
vt 0.648630023 0.437633991
vt 0.585056007 0.484302044
vt 0.602129996 0.430189013
vt 0.585056007 0.484302044
vt 0.648630023 0.437633991
vt 0.652464986 0.490355968
vt 0.585056007 0.484302044
vt 0.557969987 0.421974003
vt 0.602129996 0.430189013
vt 0.557969987 0.421974003
vt 0.585056007 0.484302044
vt 0.551734984 0.483642995
vt 0.500000000 0.421841025
vt 0.551734984 0.483642995
vt 0.499976993 0.485785961
vt 0.551734984 0.483642995
vt 0.500000000 0.421841025
vt 0.557969987 0.421974003
vt 0.860759974 0.111948013
vt 0.866550028 0.170342982
vt 0.843231022 0.111030996
vt 0.866550028 0.170342982
vt 0.842415988 0.253648996
vt 0.841543972 0.177954018
vt 0.842415988 0.253648996
vt 0.866550028 0.170342982
vt 0.864912987 0.245065987
vt 0.925984979 0.112119019
vt 0.954276025 0.147803009
vt 0.927102983 0.159317017
vt 0.954276025 0.147803009
vt 0.926385999 0.225605965
vt 0.927102983 0.159317017
vt 0.926385999 0.225605965
vt 0.954276025 0.147803009
vt 0.948863029 0.233502984
vt 0.912585020 0.119895995
vt 0.891726971 0.161409974
vt 0.899125993 0.115993977
vt 0.912585020 0.119895995
vt 0.927102983 0.159317017
vt 0.891726971 0.161409974
vt 0.912585020 0.119895995
vt 0.925984979 0.112119019
vt 0.927102983 0.159317017
vt 0.927102983 0.159317017
vt 0.893097997 0.233857036
vt 0.891726971 0.161409974
vt 0.893097997 0.233857036
vt 0.927102983 0.159317017
vt 0.926385999 0.225605965
vt 0.885675013 0.117033005
vt 0.891726971 0.161409974
vt 0.866550028 0.170342982
vt 0.891726971 0.161409974
vt 0.864912987 0.245065987
vt 0.866550028 0.170342982
vt 0.864912987 0.245065987
vt 0.891726971 0.161409974
vt 0.893097997 0.233857036
vt 0.864821017 0.288259029
vt 0.847931027 0.394559979
vt 0.844277024 0.292554021
vt 0.847931027 0.394559979
vt 0.864821017 0.288259029
vt 0.866639018 0.393311024
vt 0.866639018 0.393311024
vt 0.848022997 0.457370996
vt 0.847931027 0.394559979
vt 0.848022997 0.457370996
vt 0.866639018 0.393311024
vt 0.863941014 0.456586957
vt 0.949962974 0.277244985
vt 0.913601995 0.368503988
vt 0.923420012 0.273869991
vt 0.913601995 0.368503988
vt 0.949962974 0.277244985
vt 0.953837991 0.381232977
vt 0.953837991 0.381232977
vt 0.906608999 0.451595008
vt 0.913601995 0.368503988
vt 0.906608999 0.451595008
vt 0.953837991 0.381232977
vt 0.949084997 0.455731988
vt 0.923420012 0.273869991
vt 0.890681982 0.381986022
vt 0.893499970 0.278527021
vt 0.890681982 0.381986022
vt 0.923420012 0.273869991
vt 0.913601995 0.368503988
vt 0.913601995 0.368503988
vt 0.885541022 0.453016043
vt 0.890681982 0.381986022
vt 0.885541022 0.453016043
vt 0.913601995 0.368503988
vt 0.906608999 0.451595008
vt 0.893499970 0.278527021
vt 0.866639018 0.393311024
vt 0.864821017 0.288259029
vt 0.866639018 0.393311024
vt 0.893499970 0.278527021
vt 0.890681982 0.381986022
vt 0.890681982 0.381986022
vt 0.863941014 0.456586957
vt 0.866639018 0.393311024
vt 0.863941014 0.456586957
vt 0.890681982 0.381986022
vt 0.885541022 0.453016043
vt 0.947019994 0.590393007
vt 0.913837016 0.561038971
vt 0.945515990 0.578119993
vt 0.913837016 0.561038971
vt 0.947019994 0.590393007
vt 0.915340006 0.594199002
vt 0.990878999 0.528138995
vt 0.974825978 0.551985025
vt 0.972593009 0.535726011
vt 0.974825978 0.551985025
vt 0.990878999 0.528138995
vt 0.993366003 0.540642023
vt 0.906225026 0.484459043
vt 0.948725998 0.517603993
vt 0.911664009 0.519618988
vt 0.948725998 0.517603993
vt 0.906225026 0.484459043
vt 0.963095009 0.491746008
vt 0.906225026 0.484459043
vt 0.894511998 0.525538981
vt 0.889348984 0.487635970
vt 0.894511998 0.525538981
vt 0.906225026 0.484459043
vt 0.911664009 0.519618988
vt 0.849484026 0.491533041
vt 0.894511998 0.525538981
vt 0.855082989 0.524864018
vt 0.894511998 0.525538981
vt 0.849484026 0.491533041
vt 0.889348984 0.487635970
vt 0.893097997 0.233857036
vt 0.864821017 0.288259029
vt 0.864912987 0.245065987
vt 0.864821017 0.288259029
vt 0.893097997 0.233857036
vt 0.893499970 0.278527021
vt 0.864912987 0.245065987
vt 0.844277024 0.292554021
vt 0.842415988 0.253648996
vt 0.844277024 0.292554021
vt 0.864912987 0.245065987
vt 0.864821017 0.288259029
vt 0.926385999 0.225605965
vt 0.949962974 0.277244985
vt 0.923420012 0.273869991
vt 0.949962974 0.277244985
vt 0.926385999 0.225605965
vt 0.948863029 0.233502984
vt 0.923420012 0.273869991
vt 0.893097997 0.233857036
vt 0.926385999 0.225605965
vt 0.893097997 0.233857036
vt 0.923420012 0.273869991
vt 0.893499970 0.278527021
vt 0.897534013 0.059441984
vt 0.885675013 0.117033005
vt 0.886667013 0.065150976
vt 0.885675013 0.117033005
vt 0.897534013 0.059441984
vt 0.899125993 0.115993977
vt 0.886667013 0.065150976
vt 0.899981022 0.024266005
vt 0.897534013 0.059441984
vt 0.899981022 0.024266005
vt 0.886667013 0.065150976
vt 0.884509981 0.024361014
vt 0.670074999 0.445484996
vt 0.733702004 0.387537003
vt 0.737048984 0.443035960
vt 0.733702004 0.387537003
vt 0.670074999 0.445484996
vt 0.696238995 0.383486986
vt 0.695101976 0.256255984
vt 0.725718975 0.226604998
vt 0.752331018 0.240095973
vt 0.865660012 0.066430986
vt 0.856742978 0.024578989
vt 0.867962003 0.024353027
vt 0.856742978 0.024578989
vt 0.865660012 0.066430986
vt 0.854628980 0.084885001
vt 0.860759974 0.111948013
vt 0.854628980 0.084885001
vt 0.865660012 0.066430986
vt 0.701421022 0.329308033
vt 0.741757989 0.289667010
vt 0.732649028 0.332749009
vt 0.701421022 0.329308033
vt 0.690639973 0.291936994
vt 0.741757989 0.289667010
vt 0.701421022 0.329308033
vt 0.692811012 0.310135007
vt 0.690639973 0.291936994
vt 0.792513013 0.341719031
vt 0.741757989 0.289667010
vt 0.792044997 0.285057008
vt 0.741757989 0.289667010
vt 0.792513013 0.341719031
vt 0.732649028 0.332749009
vt 0.897534013 0.059441984
vt 0.899981022 0.024266005
vt 0.911262989 0.059193969
vt 0.899125993 0.115993977
vt 0.910251021 0.082895994
vt 0.912585020 0.119895995
vt 0.899125993 0.115993977
vt 0.911262989 0.059193969
vt 0.910251021 0.082895994
vt 0.899125993 0.115993977
vt 0.897534013 0.059441984
vt 0.911262989 0.059193969
vt 0.935782015 0.047048986
vt 0.925984979 0.112119019
vt 0.924805999 0.080877006
vt 0.925984979 0.112119019
vt 0.935782015 0.047048986
vt 0.953871012 0.104737997
vt 0.602129996 0.430189013
vt 0.647809029 0.384287000
vt 0.648630023 0.437633991
vt 0.647809029 0.384287000
vt 0.602129996 0.430189013
vt 0.621985018 0.395148993
vt 0.950465977 0.024371982
vt 0.953871012 0.104737997
vt 0.935782015 0.047048986
vt 0.608641028 0.390578985
vt 0.621985018 0.395148993
vt 0.602129996 0.430189013
vt 0.647809029 0.384287000
vt 0.660687029 0.378998041
vt 0.648630023 0.437633991
vt 0.863941014 0.456586957
vt 0.827436984 0.477723002
vt 0.848022997 0.457370996
vt 0.827436984 0.477723002
vt 0.863941014 0.456586957
vt 0.849484026 0.491533041
vt 0.863941014 0.456586957
vt 0.889348984 0.487635970
vt 0.849484026 0.491533041
vt 0.889348984 0.487635970
vt 0.863941014 0.456586957
vt 0.885541022 0.453016043
vt 0.885541022 0.453016043
vt 0.906225026 0.484459043
vt 0.889348984 0.487635970
vt 0.906225026 0.484459043
vt 0.885541022 0.453016043
vt 0.906608999 0.451595008
vt 0.906225026 0.484459043
vt 0.949084997 0.455731988
vt 0.963095009 0.491746008
vt 0.949084997 0.455731988
vt 0.906225026 0.484459043
vt 0.906608999 0.451595008
vt 0.752331018 0.240095973
vt 0.726108015 0.194010973
vt 0.758665025 0.187623978
vt 0.726108015 0.194010973
vt 0.752331018 0.240095973
vt 0.725718975 0.226604998
vt 0.758665025 0.187623978
vt 0.792037010 0.252308965
vt 0.752331018 0.240095973
vt 0.792037010 0.252308965
vt 0.758665025 0.187623978
vt 0.790367007 0.188973010
vt 0.911664009 0.519618988
vt 0.945515990 0.578119993
vt 0.913837016 0.561038971
vt 0.945515990 0.578119993
vt 0.911664009 0.519618988
vt 0.948725998 0.517603993
vt 0.948725998 0.517603993
vt 0.947019994 0.590393007
vt 0.945515990 0.578119993
vt 0.947019994 0.590393007
vt 0.948725998 0.517603993
vt 0.956781030 0.521565974
vt 0.862737000 0.582302988
vt 0.894511998 0.525538981
vt 0.896704018 0.570371985
vt 0.894511998 0.525538981
vt 0.862737000 0.582302988
vt 0.855082989 0.524864018
vt 0.896704018 0.570371985
vt 0.911664009 0.519618988
vt 0.913837016 0.561038971
vt 0.911664009 0.519618988
vt 0.896704018 0.570371985
vt 0.894511998 0.525538981
vt 0.849484026 0.491533041
vt 0.809557021 0.530247986
vt 0.827436984 0.477723002
vt 0.809557021 0.530247986
vt 0.849484026 0.491533041
vt 0.827428997 0.528226972
vt 0.980786026 0.511497021
vt 0.948725998 0.517603993
vt 0.963095009 0.491746008
vt 0.948725998 0.517603993
vt 0.980786026 0.511497021
vt 0.958566010 0.518580973
vt 0.948725998 0.517603993
vt 0.960182011 0.537021995
vt 0.956781030 0.521565974
vt 0.960182011 0.537021995
vt 0.948725998 0.517603993
vt 0.958566010 0.518580973
vt 0.847352982 0.524357975
vt 0.849484026 0.491533041
vt 0.855082989 0.524864018
vt 0.849484026 0.491533041
vt 0.847352982 0.524357975
vt 0.827428997 0.528226972
vt 0.827428997 0.528226972
vt 0.803723991 0.566487014
vt 0.809557021 0.530247986
vt 0.803723991 0.566487014
vt 0.827428997 0.528226972
vt 0.814042985 0.565304995
vt 0.980786026 0.511497021
vt 0.972593009 0.535726011
vt 0.958566010 0.518580973
vt 0.972593009 0.535726011
vt 0.980786026 0.511497021
vt 0.990878999 0.528138995
vt 0.958566010 0.518580973
vt 0.974825978 0.551985025
vt 0.960182011 0.537021995
vt 0.974825978 0.551985025
vt 0.958566010 0.518580973
vt 0.972593009 0.535726011
vt 0.847352982 0.524357975
vt 0.814042985 0.565304995
vt 0.827428997 0.528226972
vt 0.814042985 0.565304995
vt 0.847352982 0.524357975
vt 0.836148977 0.564929008
vt 0.700509012 0.125324011
vt 0.666845024 0.162234008
vt 0.664617002 0.143037021
vt 0.666845024 0.162234008
vt 0.700509012 0.125324011
vt 0.704505980 0.137108982
vt 0.645563006 0.016730011
vt 0.622542977 0.051984012
vt 0.638709009 0.006841004
vt 0.622542977 0.051984012
vt 0.645563006 0.016730011
vt 0.633219004 0.054341018
vt 0.654720008 0.032428980
vt 0.688863993 0.017224014
vt 0.682134986 0.032922029
vt 0.688863993 0.017224014
vt 0.654720008 0.032428980
vt 0.645563006 0.016730011
vt 0.717269003 0.049130976
vt 0.688863993 0.017224014
vt 0.696709991 0.007089972
vt 0.688863993 0.017224014
vt 0.717269003 0.049130976
vt 0.703477979 0.051429987
vt 0.664988995 0.072890997
vt 0.700509012 0.125324011
vt 0.664617002 0.143037021
vt 0.700509012 0.125324011
vt 0.664988995 0.072890997
vt 0.684459984 0.053728998
vt 0.622542977 0.051984012
vt 0.631882012 0.137354970
vt 0.621232986 0.152845979
vt 0.631882012 0.137354970
vt 0.622542977 0.051984012
vt 0.633219004 0.054341018
vt 0.627485991 0.213065982
vt 0.668534994 0.274127007
vt 0.659991026 0.210754037
vt 0.668534994 0.274127007
vt 0.627485991 0.213065982
vt 0.617308021 0.294521987
vt 0.717269003 0.049130976
vt 0.700509012 0.125324011
vt 0.703477979 0.051429987
vt 0.700509012 0.125324011
vt 0.717269003 0.049130976
vt 0.704505980 0.137108982
vt 0.538973987 0.574681997
vt 0.571017981 0.613689005
vt 0.524038017 0.615773022
vt 0.576694012 0.571959019
vt 0.571017981 0.613689005
vt 0.538973987 0.574681997
vt 0.571017981 0.613689005
vt 0.582275987 0.710684001
vt 0.537025988 0.709985018
vt 0.582275987 0.710684001
vt 0.551537991 0.772795022
vt 0.537025988 0.709985018
vt 0.551537991 0.772795022
vt 0.582275987 0.710684001
vt 0.594380975 0.772230983
vt 0.594380975 0.772230983
vt 0.567259014 0.843859017
vt 0.551537991 0.772795022
vt 0.567259014 0.843859017
vt 0.594380975 0.772230983
vt 0.605289996 0.831888020
vt 0.567259014 0.843859017
vt 0.619111001 0.899585009
vt 0.584356010 0.906571984
vt 0.619111001 0.899585009
vt 0.567259014 0.843859017
vt 0.605289996 0.831888020
vt 0.584356010 0.906571984
vt 0.637030005 0.980409026
vt 0.614733994 0.980624020
vt 0.637030005 0.980409026
vt 0.584356010 0.906571984
vt 0.619111001 0.899585009
vt 0.652844012 0.056697011
vt 0.664617002 0.143037021
vt 0.631882012 0.137354970
vt 0.664617002 0.143037021
vt 0.652844012 0.056697011
vt 0.664988995 0.072890997
vt 0.664617002 0.143037021
vt 0.621232986 0.152845979
vt 0.631882012 0.137354970
vt 0.621232986 0.152845979
vt 0.664617002 0.143037021
vt 0.666845024 0.162234008
vt 0.631882012 0.137354970
vt 0.633219004 0.054341018
vt 0.652844012 0.056697011
vt 0.652844012 0.056697011
vt 0.645563006 0.016730011
vt 0.654720008 0.032428980
vt 0.645563006 0.016730011
vt 0.652844012 0.056697011
vt 0.633219004 0.054341018
vt 0.688863993 0.017224014
vt 0.638709009 0.006841004
vt 0.696709991 0.007089972
vt 0.638709009 0.006841004
vt 0.688863993 0.017224014
vt 0.645563006 0.016730011
vt 0.682134986 0.032922029
vt 0.703477979 0.051429987
vt 0.684459984 0.053728998
vt 0.703477979 0.051429987
vt 0.682134986 0.032922029
vt 0.688863993 0.017224014
vt 0.703477979 0.051429987
vt 0.700509012 0.125324011
vt 0.684459984 0.053728998
vt 0.579219997 0.533981025
vt 0.617273986 0.557916999
vt 0.576694012 0.571959019
vt 0.617273986 0.557916999
vt 0.621698022 0.580618978
vt 0.576694012 0.571959019
vt 0.524038017 0.615773022
vt 0.500000000 0.638948023
vt 0.500000000 0.602496028
vt 0.562316000 0.205682993
vt 0.522961974 0.236338019
vt 0.545615971 0.210825980
vt 0.522961974 0.236338019
vt 0.562316000 0.205682993
vt 0.532091022 0.248248994
vt 0.725623012 0.153679967
vt 0.758665025 0.187623978
vt 0.726108015 0.194010973
vt 0.758665025 0.187623978
vt 0.725623012 0.153679967
vt 0.757957995 0.150404990
vt 0.537733018 0.033433974
vt 0.500000000 0.037517011
vt 0.519697011 0.023832977
vt 0.526030004 0.122592986
vt 0.512315989 0.122561991
vt 0.529613972 0.090340972
vt 0.562316000 0.205682993
vt 0.548268974 0.184270024
vt 0.562951028 0.184630036
vt 0.548268974 0.184270024
vt 0.562316000 0.205682993
vt 0.545615971 0.210825980
vt 0.572061002 0.201584995
vt 0.562951028 0.184630036
vt 0.590829015 0.158701003
vt 0.562951028 0.184630036
vt 0.572061002 0.201584995
vt 0.562316000 0.205682993
vt 0.565259993 0.140246034
vt 0.546765029 0.089712024
vt 0.572127998 0.085044980
vt 0.546765029 0.089712024
vt 0.565259993 0.140246034
vt 0.549417973 0.127691031
vt 0.565259993 0.140246034
vt 0.572127998 0.085044980
vt 0.590829015 0.158701003
vt 0.757957995 0.150404990
vt 0.722715020 0.111654997
vt 0.760532022 0.105126023
vt 0.722715020 0.111654997
vt 0.757957995 0.150404990
vt 0.725623012 0.153679967
vt 0.792172015 0.104547977
vt 0.757852018 0.056806982
vt 0.792194009 0.057250977
vt 0.757852018 0.056806982
vt 0.792172015 0.104547977
vt 0.760532022 0.105126023
vt 0.572061002 0.201584995
vt 0.532091022 0.248248994
vt 0.562316000 0.205682993
vt 0.546765029 0.089712024
vt 0.526030004 0.122592986
vt 0.529613972 0.090340972
vt 0.550921023 0.157712996
vt 0.533182025 0.182667017
vt 0.529642999 0.157741010
vt 0.545615971 0.210825980
vt 0.522961974 0.236338019
vt 0.519909978 0.217513978
vt 0.519909978 0.217513978
vt 0.500000000 0.238044977
vt 0.500000000 0.219855011
vt 0.500000000 0.238044977
vt 0.519909978 0.217513978
vt 0.522961974 0.236338019
vt 0.523229003 0.064009011
vt 0.546765029 0.089712024
vt 0.529613972 0.090340972
vt 0.555768013 0.043035030
vt 0.609094977 0.102577984
vt 0.572127998 0.085044980
vt 0.609094977 0.102577984
vt 0.555768013 0.043035030
vt 0.572103024 0.039586008
vt 0.792194009 0.057250977
vt 0.763413012 0.025640011
vt 0.792180002 0.027225018
vt 0.546765029 0.089712024
vt 0.555768013 0.043035030
vt 0.572127998 0.085044980
vt 0.790367007 0.188973010
vt 0.757957995 0.150404990
vt 0.792127013 0.138513982
vt 0.757957995 0.150404990
vt 0.790367007 0.188973010
vt 0.758665025 0.187623978
vt 0.792127013 0.138513982
vt 0.760532022 0.105126023
vt 0.792172015 0.104547977
vt 0.760532022 0.105126023
vt 0.792127013 0.138513982
vt 0.757957995 0.150404990
vt 0.757852018 0.056806982
vt 0.760532022 0.105126023
vt 0.730504990 0.052276969
vt 0.738515019 0.024055004
vt 0.757852018 0.056806982
vt 0.730504990 0.052276969
vt 0.603246987 0.024298012
vt 0.622412026 0.024070978
vt 0.602396011 0.060792983
vt 0.622412026 0.024070978
vt 0.603246987 0.024298012
vt 0.611253023 0.002442002
vt 0.562951028 0.184630036
vt 0.578305006 0.159103990
vt 0.590829015 0.158701003
vt 0.578305006 0.159103990
vt 0.562951028 0.184630036
vt 0.567039013 0.175696015
vt 0.590829015 0.158701003
vt 0.573078990 0.153051019
vt 0.565259993 0.140246034
vt 0.573078990 0.153051019
vt 0.590829015 0.158701003
vt 0.578305006 0.159103990
vt 0.592545986 0.003422022
vt 0.603246987 0.024298012
vt 0.578734994 0.028079987
vt 0.603246987 0.024298012
vt 0.592545986 0.003422022
vt 0.611253023 0.002442002
vt 0.578734994 0.028079987
vt 0.602396011 0.060792983
vt 0.593653023 0.061379015
vt 0.602396011 0.060792983
vt 0.578734994 0.028079987
vt 0.603246987 0.024298012
vt 0.527319014 0.135592997
vt 0.550921023 0.157712996
vt 0.529642999 0.157741010
vt 0.550921023 0.157712996
vt 0.527319014 0.135592997
vt 0.549417973 0.127691031
vt 0.550921023 0.157712996
vt 0.565259993 0.140246034
vt 0.563502014 0.161336005
vt 0.565259993 0.140246034
vt 0.550921023 0.157712996
vt 0.549417973 0.127691031
vt 0.532091022 0.248248994
vt 0.581167996 0.257534027
vt 0.529668987 0.295027971
vt 0.581167996 0.257534027
vt 0.532091022 0.248248994
vt 0.583747983 0.233466983
vt 0.725718975 0.226604998
vt 0.695101976 0.256255984
vt 0.681759000 0.232972026
vt 0.583747983 0.233466983
vt 0.572061002 0.201584995
vt 0.598864019 0.200098991
vt 0.572061002 0.201584995
vt 0.583747983 0.233466983
vt 0.532091022 0.248248994
vt 0.572061002 0.201584995
vt 0.590829015 0.158701003
vt 0.598864019 0.200098991
vt 0.500000000 0.297576010
vt 0.536068976 0.310338974
vt 0.500000000 0.316850007
vt 0.536068976 0.310338974
vt 0.500000000 0.297576010
vt 0.529668987 0.295027971
vt 0.538973987 0.574681997
vt 0.500000000 0.531428993
vt 0.542595029 0.531789005
vt 0.500000000 0.531428993
vt 0.538973987 0.574681997
vt 0.500000000 0.577818990
vt 0.792030990 0.544524014
vt 0.743906021 0.578772008
vt 0.740584016 0.545212984
vt 0.743906021 0.578772008
vt 0.792030990 0.544524014
vt 0.792667985 0.574760020
vt 0.743906021 0.578772008
vt 0.792647004 0.590300024
vt 0.741110027 0.611717999
vt 0.792647004 0.590300024
vt 0.743906021 0.578772008
vt 0.792667985 0.574760020
vt 0.792647004 0.590300024
vt 0.737744987 0.630078018
vt 0.741110027 0.611717999
vt 0.737744987 0.630078018
vt 0.792647004 0.590300024
vt 0.784551978 0.602587998
vt 0.500000000 0.268146038
vt 0.529668987 0.295027971
vt 0.500000000 0.297576010
vt 0.529668987 0.295027971
vt 0.500000000 0.268146038
vt 0.532091022 0.248248994
vt 0.784551978 0.602587998
vt 0.783649027 0.610276997
vt 0.737744987 0.630078018
vt 0.737744987 0.630078018
vt 0.783649027 0.610276997
vt 0.782419980 0.616153002
vt 0.560427010 0.030529976
vt 0.519697011 0.023832977
vt 0.548750997 0.021474004
vt 0.519697011 0.023832977
vt 0.560427010 0.030529976
vt 0.537733018 0.033433974
vt 0.519041002 0.182017982
vt 0.507188022 0.161729991
vt 0.529642999 0.157741010
vt 0.507188022 0.161729991
vt 0.519041002 0.182017982
vt 0.512548029 0.168717980
vt 0.522961974 0.236338019
vt 0.500000000 0.268146038
vt 0.500000000 0.238044977
vt 0.500000000 0.268146038
vt 0.522961974 0.236338019
vt 0.532091022 0.248248994
vt 0.500000000 0.066680014
vt 0.500000000 0.037517011
vt 0.523229003 0.064009011
vt 0.500000000 0.066680014
vt 0.529613972 0.090340972
vt 0.500000000 0.090003014
vt 0.529613972 0.090340972
vt 0.500000000 0.066680014
vt 0.523229003 0.064009011
vt 0.529642999 0.157741010
vt 0.507748008 0.137097001
vt 0.527319014 0.135592997
vt 0.507748008 0.137097001
vt 0.529642999 0.157741010
vt 0.507188022 0.161729991
vt 0.954276025 0.147803009
vt 0.925984979 0.112119019
vt 0.953871012 0.104737997
vt 0.843231022 0.111030996
vt 0.866550028 0.170342982
vt 0.841543972 0.177954018
vt 0.551734984 0.483642995
vt 0.579219997 0.533981025
vt 0.542595029 0.531789005
vt 0.579219997 0.533981025
vt 0.551734984 0.483642995
vt 0.585056007 0.484302044
vt 0.585056007 0.484302044
vt 0.651573002 0.534998000
vt 0.579219997 0.533981025
vt 0.651573002 0.534998000
vt 0.585056007 0.484302044
vt 0.652464986 0.490355968
vt 0.651573002 0.534998000
vt 0.736606002 0.492236972
vt 0.737609982 0.533146977
vt 0.736606002 0.492236972
vt 0.651573002 0.534998000
vt 0.652464986 0.490355968
vt 0.737609982 0.533146977
vt 0.792720020 0.493587971
vt 0.792007029 0.531039000
vt 0.792720020 0.493587971
vt 0.737609982 0.533146977
vt 0.736606002 0.492236972
vt 0.581167996 0.257534027
vt 0.585162997 0.277191043
vt 0.529668987 0.295027971
vt 0.529668987 0.295027971
vt 0.585162997 0.277191043
vt 0.603976011 0.300641000
vt 0.867962003 0.024353027
vt 0.886667013 0.065150976
vt 0.865660012 0.066430986
vt 0.886667013 0.065150976
vt 0.867962003 0.024353027
vt 0.884509981 0.024361014
vt 0.865660012 0.066430986
vt 0.885675013 0.117033005
vt 0.860759974 0.111948013
vt 0.885675013 0.117033005
vt 0.865660012 0.066430986
vt 0.886667013 0.065150976
vt 0.885675013 0.117033005
vt 0.866550028 0.170342982
vt 0.860759974 0.111948013
vt 0.891726971 0.161409974
vt 0.885675013 0.117033005
vt 0.899125993 0.115993977
vt 0.571017981 0.613689005
vt 0.537025988 0.709985018
vt 0.524038017 0.615773022
vt 0.526030004 0.122592986
vt 0.549417973 0.127691031
vt 0.527319014 0.135592997
vt 0.507748008 0.137097001
vt 0.526030004 0.122592986
vt 0.527319014 0.135592997
vt 0.526030004 0.122592986
vt 0.507748008 0.137097001
vt 0.512315989 0.122561991
vt 0.526030004 0.122592986
vt 0.546765029 0.089712024
vt 0.549417973 0.127691031
vt 0.668534994 0.274127007
vt 0.617308021 0.294521987
vt 0.642605007 0.302402020
vt 0.519909978 0.217513978
vt 0.507930994 0.190608978
vt 0.519033015 0.188458979
vt 0.533182025 0.182667017
vt 0.550921023 0.157712996
vt 0.548268974 0.184270024
vt 0.519909978 0.217513978
vt 0.533182025 0.182667017
vt 0.545615971 0.210825980
vt 0.519033015 0.188458979
vt 0.507910013 0.186345994
vt 0.519041002 0.182017982
vt 0.507910013 0.186345994
vt 0.519033015 0.188458979
vt 0.507930994 0.190608978
vt 0.507188022 0.161729991
vt 0.500000000 0.168871999
vt 0.500000000 0.160709977
vt 0.507910013 0.186345994
vt 0.508017004 0.181959987
vt 0.519041002 0.182017982
vt 0.500000000 0.186758995
vt 0.507930994 0.190608978
vt 0.500000000 0.190831006
vt 0.507930994 0.190608978
vt 0.500000000 0.186758995
vt 0.507910013 0.186345994
vt 0.533182025 0.182667017
vt 0.519033015 0.188458979
vt 0.519041002 0.182017982
vt 0.519033015 0.188458979
vt 0.533182025 0.182667017
vt 0.519909978 0.217513978
vt 0.533182025 0.182667017
vt 0.548268974 0.184270024
vt 0.545615971 0.210825980
vt 0.562951028 0.184630036
vt 0.550921023 0.157712996
vt 0.563502014 0.161336005
vt 0.550921023 0.157712996
vt 0.562951028 0.184630036
vt 0.548268974 0.184270024
vt 0.529642999 0.157741010
vt 0.533182025 0.182667017
vt 0.519041002 0.182017982
vt 0.500000000 0.090003014
vt 0.512315989 0.122561991
vt 0.500000000 0.122532010
vt 0.512315989 0.122561991
vt 0.500000000 0.090003014
vt 0.529613972 0.090340972
vt 0.512315989 0.122561991
vt 0.500000000 0.137086034
vt 0.500000000 0.122532010
vt 0.500000000 0.137086034
vt 0.512315989 0.122561991
vt 0.507748008 0.137097001
vt 0.500000000 0.137086034
vt 0.507188022 0.161729991
vt 0.500000000 0.160709977
vt 0.507188022 0.161729991
vt 0.500000000 0.137086034
vt 0.507748008 0.137097001
vt 0.512548029 0.168717980
vt 0.519041002 0.182017982
vt 0.508017004 0.181959987
vt 0.652464986 0.490355968
vt 0.648630023 0.437633991
vt 0.670074999 0.445484996
vt 0.701421022 0.329308033
vt 0.674300015 0.332125008
vt 0.692811012 0.310135007
vt 0.648630023 0.437633991
vt 0.696238995 0.383486986
vt 0.670074999 0.445484996
vt 0.696238995 0.383486986
vt 0.648630023 0.437633991
vt 0.660687029 0.378998041
vt 0.670074999 0.445484996
vt 0.736606002 0.492236972
vt 0.652464986 0.490355968
vt 0.507930994 0.190608978
vt 0.500000000 0.219855011
vt 0.500000000 0.190831006
vt 0.792037010 0.252308965
vt 0.741757989 0.289667010
vt 0.752331018 0.240095973
vt 0.508017004 0.181959987
vt 0.500000000 0.186758995
vt 0.500000000 0.183108985
vt 0.500000000 0.186758995
vt 0.508017004 0.181959987
vt 0.507910013 0.186345994
vt 0.500000000 0.168871999
vt 0.508017004 0.181959987
vt 0.500000000 0.183108985
vt 0.508017004 0.181959987
vt 0.500000000 0.168871999
vt 0.512548029 0.168717980
vt 0.733702004 0.387537003
vt 0.792513013 0.341719031
vt 0.792944014 0.388496041
vt 0.792513013 0.341719031
vt 0.733702004 0.387537003
vt 0.732649028 0.332749009
vt 0.732649028 0.332749009
vt 0.696238995 0.383486986
vt 0.701421022 0.329308033
vt 0.696238995 0.383486986
vt 0.732649028 0.332749009
vt 0.733702004 0.387537003
vt 0.696238995 0.383486986
vt 0.674300015 0.332125008
vt 0.701421022 0.329308033
vt 0.674300015 0.332125008
vt 0.696238995 0.383486986
vt 0.660687029 0.378998041
vt 0.674300015 0.332125008
vt 0.647809029 0.384287000
vt 0.641807020 0.349591017
vt 0.647809029 0.384287000
vt 0.674300015 0.332125008
vt 0.660687029 0.378998041
vt 0.641807020 0.349591017
vt 0.621985018 0.395148993
vt 0.625855029 0.350170016
vt 0.621985018 0.395148993
vt 0.641807020 0.349591017
vt 0.647809029 0.384287000
vt 0.608641028 0.390578985
vt 0.625855029 0.350170016
vt 0.621985018 0.395148993
vt 0.625855029 0.350170016
vt 0.608641028 0.390578985
vt 0.606712997 0.341150999
vt 0.557678998 0.388221025
vt 0.500000000 0.421841025
vt 0.500000000 0.388388038
vt 0.500000000 0.421841025
vt 0.557678998 0.388221025
vt 0.557969987 0.421974003
vt 0.557969987 0.421974003
vt 0.608641028 0.390578985
vt 0.602129996 0.430189013
vt 0.608641028 0.390578985
vt 0.557969987 0.421974003
vt 0.557678998 0.388221025
vt 0.542762995 0.342918038
vt 0.607192993 0.314764977
vt 0.606712997 0.341150999
vt 0.607192993 0.314764977
vt 0.542762995 0.342918038
vt 0.536068976 0.310338974
vt 0.847256005 0.024641991
vt 0.854628980 0.084885001
vt 0.843231022 0.111030996
vt 0.854628980 0.084885001
vt 0.847256005 0.024641991
vt 0.856742978 0.024578989
vt 0.854628980 0.084885001
vt 0.860759974 0.111948013
vt 0.843231022 0.111030996
vt 0.912585020 0.119895995
vt 0.924805999 0.080877006
vt 0.925984979 0.112119019
vt 0.924805999 0.080877006
vt 0.912585020 0.119895995
vt 0.910251021 0.082895994
vt 0.536068976 0.310338974
vt 0.500000000 0.343245029
vt 0.500000000 0.316850007
vt 0.500000000 0.343245029
vt 0.536068976 0.310338974
vt 0.542762995 0.342918038
vt 0.608303010 0.159126997
vt 0.572127998 0.085044980
vt 0.609094977 0.102577984
vt 0.598864019 0.200098991
vt 0.590829015 0.158701003
vt 0.608303010 0.159126997
vt 0.572127998 0.085044980
vt 0.608303010 0.159126997
vt 0.590829015 0.158701003
vt 0.730504990 0.052276969
vt 0.760532022 0.105126023
vt 0.722715020 0.111654997
vt 0.523229003 0.064009011
vt 0.537733018 0.033433974
vt 0.555768013 0.043035030
vt 0.537733018 0.033433974
vt 0.572103024 0.039586008
vt 0.555768013 0.043035030
vt 0.572103024 0.039586008
vt 0.537733018 0.033433974
vt 0.560427010 0.030529976
vt 0.763413012 0.025640011
vt 0.757852018 0.056806982
vt 0.738515019 0.024055004
vt 0.555768013 0.043035030
vt 0.546765029 0.089712024
vt 0.523229003 0.064009011
vt 0.792720973 0.437319040
vt 0.736606002 0.492236972
vt 0.737048984 0.443035960
vt 0.736606002 0.492236972
vt 0.792720973 0.437319040
vt 0.792720020 0.493587971
vt 0.792037010 0.252308965
vt 0.792044997 0.285057008
vt 0.741757989 0.289667010
vt 0.542595029 0.531789005
vt 0.499976993 0.485785961
vt 0.551734984 0.483642995
vt 0.499976993 0.485785961
vt 0.542595029 0.531789005
vt 0.500000000 0.531428993
vt 0.507930994 0.190608978
vt 0.519909978 0.217513978
vt 0.500000000 0.219855011
vt 0.500000000 0.168871999
vt 0.507188022 0.161729991
vt 0.512548029 0.168717980
vt 0.537733018 0.033433974
vt 0.523229003 0.064009011
vt 0.500000000 0.037517011
vt 0.763413012 0.025640011
vt 0.792194009 0.057250977
vt 0.757852018 0.056806982
vt 0.198927000 0.849821985
vt 0.160914004 0.913613975
vt 0.147477999 0.849821985
vt 0.160914004 0.913613975
vt 0.198927000 0.849821985
vt 0.204245999 0.913613975
vt 0.193029001 0.793536007
vt 0.147477999 0.849821985
vt 0.148796007 0.793536007
vt 0.147477999 0.849821985
vt 0.193029001 0.793536007
vt 0.198927000 0.849821985
vt 0.185433000 0.736311972
vt 0.148796007 0.793536007
vt 0.132120997 0.736311972
vt 0.148796007 0.793536007
vt 0.185433000 0.736311972
vt 0.193029001 0.793536007
vt 0.170993999 0.676407993
vt 0.132120997 0.736311972
vt 0.124278001 0.685754001
vt 0.132120997 0.736311972
vt 0.170993999 0.676407993
vt 0.185433000 0.736311972
vt 0.124278001 0.685754001
vt 0.153174996 0.639822006
vt 0.170993999 0.676407993
vt 0.164989993 0.988445997
vt 0.204245999 0.913613975
vt 0.212116003 0.989525020
vt 0.204245999 0.913613975
vt 0.164989993 0.988445997
vt 0.160914004 0.913613975
vt 0.846893013 0.896000028
vt 0.895636022 0.980961025
vt 0.848824978 0.980961025
vt 0.895636022 0.980961025
vt 0.846893013 0.896000028
vt 0.895636022 0.896000028
vt 0.895636022 0.825999975
vt 0.846893013 0.896000028
vt 0.850614011 0.825999975
vt 0.846893013 0.896000028
vt 0.895636022 0.825999975
vt 0.895636022 0.896000028
vt 0.895636022 0.772000015
vt 0.850614011 0.825999975
vt 0.850766003 0.772000015
vt 0.850614011 0.825999975
vt 0.895636022 0.772000015
vt 0.895636022 0.825999975
vt 0.856828988 0.698459983
vt 0.895636022 0.772000015
vt 0.850766003 0.772000015
vt 0.895636022 0.772000015
vt 0.856828988 0.698459983
vt 0.895636022 0.696080983
vt 0.856828988 0.698459983
vt 0.895636022 0.662880003
vt 0.895636022 0.696080983
vt 0.935782015 0.047048986
vt 0.924805999 0.080877006
vt 0.922097981 0.058954000
vt 0.396023989 0.300641000
vt 0.463930994 0.310338974
vt 0.392807007 0.314764977
vt 0.463930994 0.310338974
vt 0.396023989 0.300641000
vt 0.470331013 0.295027971
vt 0.393287003 0.341150999
vt 0.442321002 0.388221025
vt 0.391359001 0.390578985
vt 0.442321002 0.388221025
vt 0.393287003 0.341150999
vt 0.457237005 0.342918038
vt 0.247668996 0.240095973
vt 0.309359998 0.291936994
vt 0.258242011 0.289667010
vt 0.309359998 0.291936994
vt 0.247668996 0.240095973
vt 0.304897994 0.256255984
vt 0.345638990 0.548597991
vt 0.262389988 0.533146977
vt 0.348426998 0.534998000
vt 0.262389988 0.533146977
vt 0.345638990 0.548597991
vt 0.259416014 0.545212984
vt 0.420780003 0.533981025
vt 0.345638990 0.548597991
vt 0.348426998 0.534998000
vt 0.345638990 0.548597991
vt 0.420780003 0.533981025
vt 0.382726014 0.557916999
vt 0.457405001 0.531789005
vt 0.423305988 0.571959019
vt 0.420780003 0.533981025
vt 0.423305988 0.571959019
vt 0.457405001 0.531789005
vt 0.461026013 0.574681997
vt 0.457237005 0.342918038
vt 0.500000000 0.388388038
vt 0.442321002 0.388221025
vt 0.500000000 0.388388038
vt 0.457237005 0.342918038
vt 0.500000000 0.343245029
vt 0.259416014 0.545212984
vt 0.207993001 0.531039000
vt 0.262389988 0.533146977
vt 0.207993001 0.531039000
vt 0.259416014 0.545212984
vt 0.207968995 0.544524014
vt 0.262950987 0.443035960
vt 0.207056001 0.388496041
vt 0.266297996 0.387537003
vt 0.207056001 0.388496041
vt 0.262950987 0.443035960
vt 0.207278997 0.437319040
vt 0.428981990 0.613689005
vt 0.380571008 0.710861981
vt 0.383944988 0.614360988
vt 0.380571008 0.710861981
vt 0.428981990 0.613689005
vt 0.417724013 0.710684001
vt 0.380571008 0.710861981
vt 0.405618995 0.772230983
vt 0.366997987 0.775141001
vt 0.405618995 0.772230983
vt 0.380571008 0.710861981
vt 0.417724013 0.710684001
vt 0.217580006 0.616153002
vt 0.271014988 0.700932980
vt 0.224871993 0.709927976
vt 0.271014988 0.700932980
vt 0.217580006 0.616153002
vt 0.262255013 0.630078018
vt 0.224871993 0.709927976
vt 0.278274000 0.771574020
vt 0.230505005 0.770716012
vt 0.278274000 0.771574020
vt 0.224871993 0.709927976
vt 0.271014988 0.700932980
vt 0.262255013 0.630078018
vt 0.323657990 0.704289973
vt 0.271014988 0.700932980
vt 0.323657990 0.704289973
vt 0.262255013 0.630078018
vt 0.320145994 0.629830003
vt 0.271014988 0.700932980
vt 0.323269993 0.770331025
vt 0.278274000 0.771574020
vt 0.323269993 0.770331025
vt 0.271014988 0.700932980
vt 0.323657990 0.704289973
vt 0.320145994 0.629830003
vt 0.380571008 0.710861981
vt 0.323657990 0.704289973
vt 0.380571008 0.710861981
vt 0.320145994 0.629830003
vt 0.383944988 0.614360988
vt 0.323657990 0.704289973
vt 0.366997987 0.775141001
vt 0.323269993 0.770331025
vt 0.366997987 0.775141001
vt 0.323657990 0.704289973
vt 0.380571008 0.710861981
vt 0.340009004 0.210754037
vt 0.368656009 0.176485002
vt 0.343418986 0.176687002
vt 0.368656009 0.176485002
vt 0.340009004 0.210754037
vt 0.372514009 0.213065982
vt 0.394710004 0.831888020
vt 0.341746986 0.895501018
vt 0.354328007 0.828966975
vt 0.341746986 0.895501018
vt 0.394710004 0.831888020
vt 0.380888999 0.899585009
vt 0.380888999 0.899585009
vt 0.333988994 0.980310023
vt 0.341746986 0.895501018
vt 0.333988994 0.980310023
vt 0.380888999 0.899585009
vt 0.362969995 0.980409026
vt 0.240355000 0.827989995
vt 0.278373003 0.896407008
vt 0.249234006 0.897616982
vt 0.278373003 0.896407008
vt 0.240355000 0.827989995
vt 0.275950015 0.825830996
vt 0.249234006 0.897616982
vt 0.291673988 0.980181992
vt 0.261806011 0.980190992
vt 0.291673988 0.980181992
vt 0.249234006 0.897616982
vt 0.278373003 0.896407008
vt 0.275950015 0.825830996
vt 0.319858015 0.887456000
vt 0.278373003 0.896407008
vt 0.319858015 0.887456000
vt 0.275950015 0.825830996
vt 0.323397994 0.820834994
vt 0.278373003 0.896407008
vt 0.313232988 0.980015993
vt 0.291673988 0.980181992
vt 0.313232988 0.980015993
vt 0.278373003 0.896407008
vt 0.319858015 0.887456000
vt 0.323397994 0.820834994
vt 0.341746986 0.895501018
vt 0.319858015 0.887456000
vt 0.341746986 0.895501018
vt 0.323397994 0.820834994
vt 0.354328007 0.828966975
vt 0.319858015 0.887456000
vt 0.333988994 0.980310023
vt 0.313232988 0.980015993
vt 0.333988994 0.980310023
vt 0.319858015 0.887456000
vt 0.341746986 0.895501018
vt 0.383944988 0.614360988
vt 0.423305988 0.571959019
vt 0.428981990 0.613689005
vt 0.423305988 0.571959019
vt 0.383944988 0.614360988
vt 0.378302008 0.580618978
vt 0.500000000 0.602496028
vt 0.461026013 0.574681997
vt 0.500000000 0.577818990
vt 0.461026013 0.574681997
vt 0.500000000 0.602496028
vt 0.475962013 0.615773022
vt 0.259416014 0.545212984
vt 0.321621001 0.585349977
vt 0.256094009 0.578772008
vt 0.321621001 0.585349977
vt 0.259416014 0.545212984
vt 0.345638990 0.548597991
vt 0.256094009 0.578772008
vt 0.318477005 0.613546014
vt 0.258890003 0.611717999
vt 0.318477005 0.613546014
vt 0.256094009 0.578772008
vt 0.321621001 0.585349977
vt 0.258890003 0.611717999
vt 0.320145994 0.629830003
vt 0.262255013 0.630078018
vt 0.320145994 0.629830003
vt 0.258890003 0.611717999
vt 0.318477005 0.613546014
vt 0.394710004 0.831888020
vt 0.366997987 0.775141001
vt 0.405618995 0.772230983
vt 0.366997987 0.775141001
vt 0.394710004 0.831888020
vt 0.354328007 0.828966975
vt 0.354328007 0.828966975
vt 0.323269993 0.770331025
vt 0.366997987 0.775141001
vt 0.323269993 0.770331025
vt 0.354328007 0.828966975
vt 0.323397994 0.820834994
vt 0.323269993 0.770331025
vt 0.275950015 0.825830996
vt 0.278274000 0.771574020
vt 0.275950015 0.825830996
vt 0.323269993 0.770331025
vt 0.323397994 0.820834994
vt 0.278274000 0.771574020
vt 0.240355000 0.827989995
vt 0.230505005 0.770716012
vt 0.240355000 0.827989995
vt 0.278274000 0.771574020
vt 0.275950015 0.825830996
vt 0.345638990 0.548597991
vt 0.378302008 0.580618978
vt 0.321621001 0.585349977
vt 0.378302008 0.580618978
vt 0.345638990 0.548597991
vt 0.382726014 0.557916999
vt 0.321621001 0.585349977
vt 0.383944988 0.614360988
vt 0.318477005 0.613546014
vt 0.383944988 0.614360988
vt 0.321621001 0.585349977
vt 0.378302008 0.580618978
vt 0.318477005 0.613546014
vt 0.383944988 0.614360988
vt 0.320145994 0.629830003
vt 0.263393998 0.492236972
vt 0.262950987 0.443035960
vt 0.329925001 0.445484996
vt 0.351370007 0.437633991
vt 0.414943993 0.484302044
vt 0.347535014 0.490355968
vt 0.414943993 0.484302044
vt 0.351370007 0.437633991
vt 0.397870004 0.430189013
vt 0.414943993 0.484302044
vt 0.442030013 0.421974003
vt 0.448264986 0.483642995
vt 0.442030013 0.421974003
vt 0.414943993 0.484302044
vt 0.397870004 0.430189013
vt 0.500000000 0.421841025
vt 0.448264986 0.483642995
vt 0.442030013 0.421974003
vt 0.448264986 0.483642995
vt 0.500000000 0.421841025
vt 0.499976993 0.485785961
vt 0.139239997 0.111948013
vt 0.156769007 0.111030996
vt 0.133450001 0.170342982
vt 0.133450001 0.170342982
vt 0.157583997 0.253648996
vt 0.135086998 0.245065987
vt 0.157583997 0.253648996
vt 0.133450001 0.170342982
vt 0.158455998 0.177954018
vt 0.074014999 0.112119019
vt 0.072897002 0.159317017
vt 0.045724001 0.147803009
vt 0.045724001 0.147803009
vt 0.073614001 0.225605965
vt 0.051135998 0.233502984
vt 0.073614001 0.225605965
vt 0.045724001 0.147803009
vt 0.072897002 0.159317017
vt 0.087415002 0.119895995
vt 0.072897002 0.159317017
vt 0.074014999 0.112119019
vt 0.087415002 0.119895995
vt 0.108273000 0.161409974
vt 0.072897002 0.159317017
vt 0.087415002 0.119895995
vt 0.100873999 0.115993977
vt 0.108273000 0.161409974
vt 0.072897002 0.159317017
vt 0.106902003 0.233857036
vt 0.073614001 0.225605965
vt 0.106902003 0.233857036
vt 0.072897002 0.159317017
vt 0.108273000 0.161409974
vt 0.114325002 0.117033005
vt 0.133450001 0.170342982
vt 0.108273000 0.161409974
vt 0.108273000 0.161409974
vt 0.135086998 0.245065987
vt 0.106902003 0.233857036
vt 0.135086998 0.245065987
vt 0.108273000 0.161409974
vt 0.133450001 0.170342982
vt 0.135178998 0.288259029
vt 0.152069002 0.394559979
vt 0.133360997 0.393311024
vt 0.152069002 0.394559979
vt 0.135178998 0.288259029
vt 0.155723006 0.292554021
vt 0.133360997 0.393311024
vt 0.151977003 0.457370996
vt 0.136059001 0.456586957
vt 0.151977003 0.457370996
vt 0.133360997 0.393311024
vt 0.152069002 0.394559979
vt 0.050037000 0.277244985
vt 0.086397998 0.368503988
vt 0.046162002 0.381232977
vt 0.086397998 0.368503988
vt 0.050037000 0.277244985
vt 0.076580003 0.273869991
vt 0.046162002 0.381232977
vt 0.093391001 0.451595008
vt 0.050914999 0.455731988
vt 0.093391001 0.451595008
vt 0.046162002 0.381232977
vt 0.086397998 0.368503988
vt 0.076580003 0.273869991
vt 0.109318003 0.381986022
vt 0.086397998 0.368503988
vt 0.109318003 0.381986022
vt 0.076580003 0.273869991
vt 0.106500000 0.278527021
vt 0.086397998 0.368503988
vt 0.114459001 0.453016043
vt 0.093391001 0.451595008
vt 0.114459001 0.453016043
vt 0.086397998 0.368503988
vt 0.109318003 0.381986022
vt 0.106500000 0.278527021
vt 0.133360997 0.393311024
vt 0.109318003 0.381986022
vt 0.133360997 0.393311024
vt 0.106500000 0.278527021
vt 0.135178998 0.288259029
vt 0.109318003 0.381986022
vt 0.136059001 0.456586957
vt 0.114459001 0.453016043
vt 0.136059001 0.456586957
vt 0.109318003 0.381986022
vt 0.133360997 0.393311024
vt 0.052979998 0.588018000
vt 0.086162999 0.555826008
vt 0.084660001 0.594199002
vt 0.086162999 0.555826008
vt 0.052979998 0.588018000
vt 0.054483999 0.578119993
vt 0.009121000 0.528138995
vt 0.025173999 0.551985025
vt 0.006634000 0.540642023
vt 0.025173999 0.551985025
vt 0.009121000 0.528138995
vt 0.027407000 0.535726011
vt 0.093774997 0.484459043
vt 0.051274002 0.517603993
vt 0.036905002 0.491746008
vt 0.051274002 0.517603993
vt 0.093774997 0.484459043
vt 0.088335998 0.520736992
vt 0.093774997 0.484459043
vt 0.105488002 0.525538981
vt 0.088335998 0.520736992
vt 0.105488002 0.525538981
vt 0.093774997 0.484459043
vt 0.110651001 0.487635970
vt 0.150516003 0.491533041
vt 0.105488002 0.525538981
vt 0.110651001 0.487635970
vt 0.105488002 0.525538981
vt 0.150516003 0.491533041
vt 0.144916996 0.524864018
vt 0.106902003 0.233857036
vt 0.135178998 0.288259029
vt 0.106500000 0.278527021
vt 0.135178998 0.288259029
vt 0.106902003 0.233857036
vt 0.135086998 0.245065987
vt 0.135086998 0.245065987
vt 0.155723006 0.292554021
vt 0.135178998 0.288259029
vt 0.155723006 0.292554021
vt 0.135086998 0.245065987
vt 0.157583997 0.253648996
vt 0.073614001 0.225605965
vt 0.050037000 0.277244985
vt 0.051135998 0.233502984
vt 0.050037000 0.277244985
vt 0.073614001 0.225605965
vt 0.076580003 0.273869991
vt 0.076580003 0.273869991
vt 0.106902003 0.233857036
vt 0.106500000 0.278527021
vt 0.106902003 0.233857036
vt 0.076580003 0.273869991
vt 0.073614001 0.225605965
vt 0.102466002 0.059441984
vt 0.114325002 0.117033005
vt 0.100873999 0.115993977
vt 0.114325002 0.117033005
vt 0.102466002 0.059441984
vt 0.113333002 0.065150976
vt 0.113333002 0.065150976
vt 0.100019000 0.024266005
vt 0.115489997 0.024361014
vt 0.100019000 0.024266005
vt 0.113333002 0.065150976
vt 0.102466002 0.059441984
vt 0.329925001 0.445484996
vt 0.266297996 0.387537003
vt 0.303761005 0.383486986
vt 0.266297996 0.387537003
vt 0.329925001 0.445484996
vt 0.262950987 0.443035960
vt 0.304897994 0.256255984
vt 0.247668996 0.240095973
vt 0.274280995 0.226604998
vt 0.134340003 0.066430986
vt 0.143257007 0.024578989
vt 0.145371005 0.084885001
vt 0.143257007 0.024578989
vt 0.134340003 0.066430986
vt 0.132037997 0.024353027
vt 0.139239997 0.111948013
vt 0.134340003 0.066430986
vt 0.145371005 0.084885001
vt 0.298579007 0.329308033
vt 0.309359998 0.291936994
vt 0.307188988 0.310135007
vt 0.298579007 0.329308033
vt 0.258242011 0.289667010
vt 0.309359998 0.291936994
vt 0.298579007 0.329308033
vt 0.267351002 0.332749009
vt 0.258242011 0.289667010
vt 0.207487002 0.341719031
vt 0.258242011 0.289667010
vt 0.267351002 0.332749009
vt 0.258242011 0.289667010
vt 0.207487002 0.341719031
vt 0.207955003 0.285057008
vt 0.102466002 0.059441984
vt 0.088737004 0.059193969
vt 0.100019000 0.024266005
vt 0.100873999 0.115993977
vt 0.088737004 0.059193969
vt 0.102466002 0.059441984
vt 0.100873999 0.115993977
vt 0.089749001 0.082895994
vt 0.088737004 0.059193969
vt 0.100873999 0.115993977
vt 0.087415002 0.119895995
vt 0.089749001 0.082895994
vt 0.064218000 0.047048986
vt 0.074014999 0.112119019
vt 0.046128999 0.104737997
vt 0.074014999 0.112119019
vt 0.064218000 0.047048986
vt 0.075194001 0.080877006
vt 0.397870004 0.430189013
vt 0.352191001 0.384287000
vt 0.378015012 0.395148993
vt 0.352191001 0.384287000
vt 0.397870004 0.430189013
vt 0.351370007 0.437633991
vt 0.049534000 0.024371982
vt 0.064218000 0.047048986
vt 0.046128999 0.104737997
vt 0.391359001 0.390578985
vt 0.397870004 0.430189013
vt 0.378015012 0.395148993
vt 0.352191001 0.384287000
vt 0.351370007 0.437633991
vt 0.339313000 0.378998041
vt 0.136059001 0.456586957
vt 0.172563002 0.477723002
vt 0.150516003 0.491533041
vt 0.172563002 0.477723002
vt 0.136059001 0.456586957
vt 0.151977003 0.457370996
vt 0.136059001 0.456586957
vt 0.110651001 0.487635970
vt 0.114459001 0.453016043
vt 0.110651001 0.487635970
vt 0.136059001 0.456586957
vt 0.150516003 0.491533041
vt 0.114459001 0.453016043
vt 0.093774997 0.484459043
vt 0.093391001 0.451595008
vt 0.093774997 0.484459043
vt 0.114459001 0.453016043
vt 0.110651001 0.487635970
vt 0.093774997 0.484459043
vt 0.050914999 0.455731988
vt 0.093391001 0.451595008
vt 0.050914999 0.455731988
vt 0.093774997 0.484459043
vt 0.036905002 0.491746008
vt 0.247668996 0.240095973
vt 0.273891985 0.194010973
vt 0.274280995 0.226604998
vt 0.273891985 0.194010973
vt 0.247668996 0.240095973
vt 0.241336003 0.187623978
vt 0.241336003 0.187623978
vt 0.207963005 0.252308965
vt 0.209632993 0.188973010
vt 0.207963005 0.252308965
vt 0.241336003 0.187623978
vt 0.247668996 0.240095973
vt 0.088335998 0.520736992
vt 0.054483999 0.578119993
vt 0.051274002 0.517603993
vt 0.054483999 0.578119993
vt 0.088335998 0.520736992
vt 0.086162999 0.555826008
vt 0.051274002 0.517603993
vt 0.052979998 0.588018000
vt 0.045844998 0.522935987
vt 0.052979998 0.588018000
vt 0.051274002 0.517603993
vt 0.054483999 0.578119993
vt 0.137263000 0.582302988
vt 0.105488002 0.525538981
vt 0.144916996 0.524864018
vt 0.105488002 0.525538981
vt 0.137263000 0.582302988
vt 0.103295997 0.563939989
vt 0.103295997 0.563939989
vt 0.088335998 0.520736992
vt 0.105488002 0.525538981
vt 0.088335998 0.520736992
vt 0.103295997 0.563939989
vt 0.086162999 0.555826008
vt 0.150516003 0.491533041
vt 0.190442994 0.530247986
vt 0.172571003 0.528226972
vt 0.190442994 0.530247986
vt 0.150516003 0.491533041
vt 0.172563002 0.477723002
vt 0.019214001 0.511497021
vt 0.051274002 0.517603993
vt 0.041434001 0.518580973
vt 0.051274002 0.517603993
vt 0.019214001 0.511497021
vt 0.036905002 0.491746008
vt 0.051274002 0.517603993
vt 0.039818000 0.537021995
vt 0.041434001 0.518580973
vt 0.039818000 0.537021995
vt 0.051274002 0.517603993
vt 0.045844998 0.522935987
vt 0.152648002 0.524357975
vt 0.150516003 0.491533041
vt 0.172571003 0.528226972
vt 0.150516003 0.491533041
vt 0.152648002 0.524357975
vt 0.144916996 0.524864018
vt 0.172571003 0.528226972
vt 0.196275994 0.566487014
vt 0.185957000 0.565304995
vt 0.196275994 0.566487014
vt 0.172571003 0.528226972
vt 0.190442994 0.530247986
vt 0.019214001 0.511497021
vt 0.027407000 0.535726011
vt 0.009121000 0.528138995
vt 0.027407000 0.535726011
vt 0.019214001 0.511497021
vt 0.041434001 0.518580973
vt 0.041434001 0.518580973
vt 0.025173999 0.551985025
vt 0.027407000 0.535726011
vt 0.025173999 0.551985025
vt 0.041434001 0.518580973
vt 0.039818000 0.537021995
vt 0.152648002 0.524357975
vt 0.185957000 0.565304995
vt 0.163850993 0.564929008
vt 0.185957000 0.565304995
vt 0.152648002 0.524357975
vt 0.172571003 0.528226972
vt 0.299490988 0.125324011
vt 0.333155006 0.162234008
vt 0.295493990 0.137108982
vt 0.333155006 0.162234008
vt 0.299490988 0.125324011
vt 0.335382998 0.143037021
vt 0.354436994 0.016730011
vt 0.377456993 0.051984012
vt 0.366780996 0.054341018
vt 0.377456993 0.051984012
vt 0.354436994 0.016730011
vt 0.361290991 0.006841004
vt 0.345279992 0.032428980
vt 0.311136007 0.017224014
vt 0.354436994 0.016730011
vt 0.311136007 0.017224014
vt 0.345279992 0.032428980
vt 0.317865014 0.032922029
vt 0.282730997 0.049130976
vt 0.311136007 0.017224014
vt 0.296521991 0.051429987
vt 0.311136007 0.017224014
vt 0.282730997 0.049130976
vt 0.303290009 0.007089972
vt 0.335011005 0.072890997
vt 0.299490988 0.125324011
vt 0.315539986 0.053728998
vt 0.299490988 0.125324011
vt 0.335011005 0.072890997
vt 0.335382998 0.143037021
vt 0.377456993 0.051984012
vt 0.368117988 0.137354970
vt 0.366780996 0.054341018
vt 0.368117988 0.137354970
vt 0.377456993 0.051984012
vt 0.378767014 0.152845979
vt 0.372514009 0.213065982
vt 0.331465006 0.274127007
vt 0.382692993 0.294521987
vt 0.331465006 0.274127007
vt 0.372514009 0.213065982
vt 0.340009004 0.210754037
vt 0.282730997 0.049130976
vt 0.299490988 0.125324011
vt 0.295493990 0.137108982
vt 0.299490988 0.125324011
vt 0.282730997 0.049130976
vt 0.296521991 0.051429987
vt 0.461026013 0.574681997
vt 0.475962013 0.615773022
vt 0.428981990 0.613689005
vt 0.423305988 0.571959019
vt 0.461026013 0.574681997
vt 0.428981990 0.613689005
vt 0.428981990 0.613689005
vt 0.462974012 0.709985018
vt 0.417724013 0.710684001
vt 0.417724013 0.710684001
vt 0.448462009 0.772795022
vt 0.405618995 0.772230983
vt 0.448462009 0.772795022
vt 0.417724013 0.710684001
vt 0.462974012 0.709985018
vt 0.405618995 0.772230983
vt 0.432740986 0.843859017
vt 0.394710004 0.831888020
vt 0.432740986 0.843859017
vt 0.405618995 0.772230983
vt 0.448462009 0.772795022
vt 0.432740986 0.843859017
vt 0.380888999 0.899585009
vt 0.394710004 0.831888020
vt 0.380888999 0.899585009
vt 0.432740986 0.843859017
vt 0.415643990 0.906571984
vt 0.415643990 0.906571984
vt 0.362969995 0.980409026
vt 0.380888999 0.899585009
vt 0.362969995 0.980409026
vt 0.415643990 0.906571984
vt 0.385266006 0.980624020
vt 0.347155988 0.056697011
vt 0.335382998 0.143037021
vt 0.335011005 0.072890997
vt 0.335382998 0.143037021
vt 0.347155988 0.056697011
vt 0.368117988 0.137354970
vt 0.335382998 0.143037021
vt 0.378767014 0.152845979
vt 0.333155006 0.162234008
vt 0.378767014 0.152845979
vt 0.335382998 0.143037021
vt 0.368117988 0.137354970
vt 0.368117988 0.137354970
vt 0.347155988 0.056697011
vt 0.366780996 0.054341018
vt 0.347155988 0.056697011
vt 0.354436994 0.016730011
vt 0.366780996 0.054341018
vt 0.354436994 0.016730011
vt 0.347155988 0.056697011
vt 0.345279992 0.032428980
vt 0.311136007 0.017224014
vt 0.361290991 0.006841004
vt 0.354436994 0.016730011
vt 0.361290991 0.006841004
vt 0.311136007 0.017224014
vt 0.303290009 0.007089972
vt 0.317865014 0.032922029
vt 0.296521991 0.051429987
vt 0.311136007 0.017224014
vt 0.296521991 0.051429987
vt 0.317865014 0.032922029
vt 0.315539986 0.053728998
vt 0.296521991 0.051429987
vt 0.315539986 0.053728998
vt 0.299490988 0.125324011
vt 0.420780003 0.533981025
vt 0.423305988 0.571959019
vt 0.382726014 0.557916999
vt 0.382726014 0.557916999
vt 0.423305988 0.571959019
vt 0.378302008 0.580618978
vt 0.475962013 0.615773022
vt 0.500000000 0.602496028
vt 0.500000000 0.638948023
vt 0.437684000 0.205682993
vt 0.477037996 0.236338019
vt 0.467909008 0.248248994
vt 0.477037996 0.236338019
vt 0.437684000 0.205682993
vt 0.454383999 0.210825980
vt 0.274376988 0.153679967
vt 0.241336003 0.187623978
vt 0.242042005 0.150404990
vt 0.241336003 0.187623978
vt 0.274376988 0.153679967
vt 0.273891985 0.194010973
vt 0.462267011 0.033433974
vt 0.480302989 0.023832977
vt 0.500000000 0.037517011
vt 0.473969996 0.122592986
vt 0.470385998 0.090340972
vt 0.487684011 0.122561991
vt 0.437684000 0.205682993
vt 0.451732010 0.184270024
vt 0.454383999 0.210825980
vt 0.451732010 0.184270024
vt 0.437684000 0.205682993
vt 0.437050015 0.184630036
vt 0.427938998 0.201584995
vt 0.437050015 0.184630036
vt 0.437684000 0.205682993
vt 0.437050015 0.184630036
vt 0.427938998 0.201584995
vt 0.409170985 0.158701003
vt 0.434740007 0.140246034
vt 0.453235000 0.089712024
vt 0.450581998 0.127691031
vt 0.453235000 0.089712024
vt 0.434740007 0.140246034
vt 0.427872002 0.085044980
vt 0.434740007 0.140246034
vt 0.409170985 0.158701003
vt 0.427872002 0.085044980
vt 0.242042005 0.150404990
vt 0.277285010 0.111654997
vt 0.274376988 0.153679967
vt 0.277285010 0.111654997
vt 0.242042005 0.150404990
vt 0.239467993 0.105126023
vt 0.207828000 0.104547977
vt 0.242147997 0.056806982
vt 0.239467993 0.105126023
vt 0.242147997 0.056806982
vt 0.207828000 0.104547977
vt 0.207806006 0.057250977
vt 0.427938998 0.201584995
vt 0.437684000 0.205682993
vt 0.467909008 0.248248994
vt 0.453235000 0.089712024
vt 0.470385998 0.090340972
vt 0.473969996 0.122592986
vt 0.449079007 0.157712996
vt 0.470358014 0.157741010
vt 0.466818005 0.182667017
vt 0.454383999 0.210825980
vt 0.480089992 0.217513978
vt 0.477037996 0.236338019
vt 0.480089992 0.217513978
vt 0.500000000 0.238044977
vt 0.477037996 0.236338019
vt 0.500000000 0.238044977
vt 0.480089992 0.217513978
vt 0.500000000 0.219855011
vt 0.476772010 0.064009011
vt 0.470385998 0.090340972
vt 0.453235000 0.089712024
vt 0.444231987 0.043035030
vt 0.390904993 0.102577984
vt 0.427897006 0.039586008
vt 0.390904993 0.102577984
vt 0.444231987 0.043035030
vt 0.427872002 0.085044980
vt 0.207806006 0.057250977
vt 0.207819998 0.027225018
vt 0.236587003 0.025640011
vt 0.453235000 0.089712024
vt 0.427872002 0.085044980
vt 0.444231987 0.043035030
vt 0.209632993 0.188973010
vt 0.242042005 0.150404990
vt 0.241336003 0.187623978
vt 0.242042005 0.150404990
vt 0.209632993 0.188973010
vt 0.207873002 0.138513982
vt 0.207873002 0.138513982
vt 0.239467993 0.105126023
vt 0.242042005 0.150404990
vt 0.239467993 0.105126023
vt 0.207873002 0.138513982
vt 0.207828000 0.104547977
vt 0.242147997 0.056806982
vt 0.269495010 0.052276969
vt 0.239467993 0.105126023
vt 0.261485010 0.024055004
vt 0.269495010 0.052276969
vt 0.242147997 0.056806982
vt 0.377588004 0.024070978
vt 0.396753013 0.024298012
vt 0.397603989 0.060792983
vt 0.396753013 0.024298012
vt 0.377588004 0.024070978
vt 0.388747007 0.002442002
vt 0.437050015 0.184630036
vt 0.421696007 0.159103990
vt 0.432960987 0.175696015
vt 0.421696007 0.159103990
vt 0.437050015 0.184630036
vt 0.409170985 0.158701003
vt 0.409170985 0.158701003
vt 0.426921010 0.153051019
vt 0.421696007 0.159103990
vt 0.426921010 0.153051019
vt 0.409170985 0.158701003
vt 0.434740007 0.140246034
vt 0.407454014 0.003422022
vt 0.396753013 0.024298012
vt 0.388747007 0.002442002
vt 0.396753013 0.024298012
vt 0.407454014 0.003422022
vt 0.421265006 0.028079987
vt 0.421265006 0.028079987
vt 0.397603989 0.060792983
vt 0.396753013 0.024298012
vt 0.397603989 0.060792983
vt 0.421265006 0.028079987
vt 0.406347007 0.061379015
vt 0.472680986 0.135592997
vt 0.449079007 0.157712996
vt 0.450581998 0.127691031
vt 0.449079007 0.157712996
vt 0.472680986 0.135592997
vt 0.470358014 0.157741010
vt 0.449079007 0.157712996
vt 0.434740007 0.140246034
vt 0.450581998 0.127691031
vt 0.434740007 0.140246034
vt 0.449079007 0.157712996
vt 0.436499000 0.161336005
vt 0.467909008 0.248248994
vt 0.418832004 0.257534027
vt 0.416251987 0.233466983
vt 0.418832004 0.257534027
vt 0.467909008 0.248248994
vt 0.470331013 0.295027971
vt 0.274280995 0.226604998
vt 0.318241000 0.232972026
vt 0.304897994 0.256255984
vt 0.416251987 0.233466983
vt 0.427938998 0.201584995
vt 0.467909008 0.248248994
vt 0.427938998 0.201584995
vt 0.416251987 0.233466983
vt 0.401136011 0.200098991
vt 0.427938998 0.201584995
vt 0.401136011 0.200098991
vt 0.409170985 0.158701003
vt 0.500000000 0.297576010
vt 0.463930994 0.310338974
vt 0.470331013 0.295027971
vt 0.463930994 0.310338974
vt 0.500000000 0.297576010
vt 0.500000000 0.316850007
vt 0.461026013 0.574681997
vt 0.500000000 0.531428993
vt 0.500000000 0.577818990
vt 0.500000000 0.531428993
vt 0.461026013 0.574681997
vt 0.457405001 0.531789005
vt 0.207968995 0.544524014
vt 0.256094009 0.578772008
vt 0.207332000 0.574760020
vt 0.256094009 0.578772008
vt 0.207968995 0.544524014
vt 0.259416014 0.545212984
vt 0.256094009 0.578772008
vt 0.207352996 0.590300024
vt 0.207332000 0.574760020
vt 0.207352996 0.590300024
vt 0.256094009 0.578772008
vt 0.258890003 0.611717999
vt 0.207352996 0.590300024
vt 0.262255013 0.630078018
vt 0.215449005 0.602587998
vt 0.262255013 0.630078018
vt 0.207352996 0.590300024
vt 0.258890003 0.611717999
vt 0.500000000 0.268146038
vt 0.470331013 0.295027971
vt 0.467909008 0.248248994
vt 0.470331013 0.295027971
vt 0.500000000 0.268146038
vt 0.500000000 0.297576010
vt 0.215449005 0.602587998
vt 0.262255013 0.630078018
vt 0.216351002 0.610276997
vt 0.262255013 0.630078018
vt 0.217580006 0.616153002
vt 0.216351002 0.610276997
vt 0.439572990 0.030529976
vt 0.480302989 0.023832977
vt 0.462267011 0.033433974
vt 0.480302989 0.023832977
vt 0.439572990 0.030529976
vt 0.451249003 0.021474004
vt 0.480958998 0.182017982
vt 0.492812008 0.161729991
vt 0.487452000 0.168717980
vt 0.492812008 0.161729991
vt 0.480958998 0.182017982
vt 0.470358014 0.157741010
vt 0.477037996 0.236338019
vt 0.500000000 0.268146038
vt 0.467909008 0.248248994
vt 0.500000000 0.268146038
vt 0.477037996 0.236338019
vt 0.500000000 0.238044977
vt 0.500000000 0.066680014
vt 0.476772010 0.064009011
vt 0.500000000 0.037517011
vt 0.500000000 0.066680014
vt 0.470385998 0.090340972
vt 0.476772010 0.064009011
vt 0.470385998 0.090340972
vt 0.500000000 0.066680014
vt 0.500000000 0.090003014
vt 0.470358014 0.157741010
vt 0.492251992 0.137097001
vt 0.492812008 0.161729991
vt 0.492251992 0.137097001
vt 0.470358014 0.157741010
vt 0.472680986 0.135592997
vt 0.045724001 0.147803009
vt 0.046128999 0.104737997
vt 0.074014999 0.112119019
vt 0.156769007 0.111030996
vt 0.158455998 0.177954018
vt 0.133450001 0.170342982
vt 0.448264986 0.483642995
vt 0.420780003 0.533981025
vt 0.414943993 0.484302044
vt 0.420780003 0.533981025
vt 0.448264986 0.483642995
vt 0.457405001 0.531789005
vt 0.414943993 0.484302044
vt 0.348426998 0.534998000
vt 0.347535014 0.490355968
vt 0.348426998 0.534998000
vt 0.414943993 0.484302044
vt 0.420780003 0.533981025
vt 0.348426998 0.534998000
vt 0.263393998 0.492236972
vt 0.347535014 0.490355968
vt 0.263393998 0.492236972
vt 0.348426998 0.534998000
vt 0.262389988 0.533146977
vt 0.262389988 0.533146977
vt 0.207279995 0.493587971
vt 0.263393998 0.492236972
vt 0.207279995 0.493587971
vt 0.262389988 0.533146977
vt 0.207993001 0.531039000
vt 0.418832004 0.257534027
vt 0.470331013 0.295027971
vt 0.414837003 0.277191043
vt 0.470331013 0.295027971
vt 0.396023989 0.300641000
vt 0.414837003 0.277191043
vt 0.132037997 0.024353027
vt 0.113333002 0.065150976
vt 0.115489997 0.024361014
vt 0.113333002 0.065150976
vt 0.132037997 0.024353027
vt 0.134340003 0.066430986
vt 0.134340003 0.066430986
vt 0.114325002 0.117033005
vt 0.113333002 0.065150976
vt 0.114325002 0.117033005
vt 0.134340003 0.066430986
vt 0.139239997 0.111948013
vt 0.114325002 0.117033005
vt 0.139239997 0.111948013
vt 0.133450001 0.170342982
vt 0.108273000 0.161409974
vt 0.100873999 0.115993977
vt 0.114325002 0.117033005
vt 0.428981990 0.613689005
vt 0.475962013 0.615773022
vt 0.462974012 0.709985018
vt 0.473969996 0.122592986
vt 0.472680986 0.135592997
vt 0.450581998 0.127691031
vt 0.492251992 0.137097001
vt 0.473969996 0.122592986
vt 0.487684011 0.122561991
vt 0.473969996 0.122592986
vt 0.492251992 0.137097001
vt 0.472680986 0.135592997
vt 0.473969996 0.122592986
vt 0.450581998 0.127691031
vt 0.453235000 0.089712024
vt 0.331465006 0.274127007
vt 0.357394993 0.302402020
vt 0.382692993 0.294521987
vt 0.480089992 0.217513978
vt 0.480966985 0.188458979
vt 0.492069989 0.190608978
vt 0.466818005 0.182667017
vt 0.451732010 0.184270024
vt 0.449079007 0.157712996
vt 0.480089992 0.217513978
vt 0.454383999 0.210825980
vt 0.466818005 0.182667017
vt 0.480966985 0.188458979
vt 0.492089987 0.186345994
vt 0.492069989 0.190608978
vt 0.492089987 0.186345994
vt 0.480966985 0.188458979
vt 0.480958998 0.182017982
vt 0.492812008 0.161729991
vt 0.500000000 0.160709977
vt 0.500000000 0.168871999
vt 0.492089987 0.186345994
vt 0.480958998 0.182017982
vt 0.491982996 0.181959987
vt 0.500000000 0.186758995
vt 0.492069989 0.190608978
vt 0.492089987 0.186345994
vt 0.492069989 0.190608978
vt 0.500000000 0.186758995
vt 0.500000000 0.190831006
vt 0.466818005 0.182667017
vt 0.480966985 0.188458979
vt 0.480089992 0.217513978
vt 0.480966985 0.188458979
vt 0.466818005 0.182667017
vt 0.480958998 0.182017982
vt 0.466818005 0.182667017
vt 0.454383999 0.210825980
vt 0.451732010 0.184270024
vt 0.437050015 0.184630036
vt 0.449079007 0.157712996
vt 0.451732010 0.184270024
vt 0.449079007 0.157712996
vt 0.437050015 0.184630036
vt 0.436499000 0.161336005
vt 0.470358014 0.157741010
vt 0.480958998 0.182017982
vt 0.466818005 0.182667017
vt 0.500000000 0.090003014
vt 0.487684011 0.122561991
vt 0.470385998 0.090340972
vt 0.487684011 0.122561991
vt 0.500000000 0.090003014
vt 0.500000000 0.122532010
vt 0.487684011 0.122561991
vt 0.500000000 0.137086034
vt 0.492251992 0.137097001
vt 0.500000000 0.137086034
vt 0.487684011 0.122561991
vt 0.500000000 0.122532010
vt 0.500000000 0.137086034
vt 0.492812008 0.161729991
vt 0.492251992 0.137097001
vt 0.492812008 0.161729991
vt 0.500000000 0.137086034
vt 0.500000000 0.160709977
vt 0.487452000 0.168717980
vt 0.491982996 0.181959987
vt 0.480958998 0.182017982
vt 0.347535014 0.490355968
vt 0.329925001 0.445484996
vt 0.351370007 0.437633991
vt 0.298579007 0.329308033
vt 0.307188988 0.310135007
vt 0.325700015 0.332125008
vt 0.351370007 0.437633991
vt 0.303761005 0.383486986
vt 0.339313000 0.378998041
vt 0.303761005 0.383486986
vt 0.351370007 0.437633991
vt 0.329925001 0.445484996
vt 0.329925001 0.445484996
vt 0.347535014 0.490355968
vt 0.263393998 0.492236972
vt 0.492069989 0.190608978
vt 0.500000000 0.190831006
vt 0.500000000 0.219855011
vt 0.207963005 0.252308965
vt 0.247668996 0.240095973
vt 0.258242011 0.289667010
vt 0.491982996 0.181959987
vt 0.500000000 0.186758995
vt 0.492089987 0.186345994
vt 0.500000000 0.186758995
vt 0.491982996 0.181959987
vt 0.500000000 0.183108985
vt 0.500000000 0.168871999
vt 0.491982996 0.181959987
vt 0.487452000 0.168717980
vt 0.491982996 0.181959987
vt 0.500000000 0.168871999
vt 0.500000000 0.183108985
vt 0.266297996 0.387537003
vt 0.207487002 0.341719031
vt 0.267351002 0.332749009
vt 0.207487002 0.341719031
vt 0.266297996 0.387537003
vt 0.207056001 0.388496041
vt 0.267351002 0.332749009
vt 0.303761005 0.383486986
vt 0.266297996 0.387537003
vt 0.303761005 0.383486986
vt 0.267351002 0.332749009
vt 0.298579007 0.329308033
vt 0.303761005 0.383486986
vt 0.325700015 0.332125008
vt 0.339313000 0.378998041
vt 0.325700015 0.332125008
vt 0.303761005 0.383486986
vt 0.298579007 0.329308033
vt 0.325700015 0.332125008
vt 0.352191001 0.384287000
vt 0.339313000 0.378998041
vt 0.352191001 0.384287000
vt 0.325700015 0.332125008
vt 0.358193010 0.349591017
vt 0.358193010 0.349591017
vt 0.378015012 0.395148993
vt 0.352191001 0.384287000
vt 0.378015012 0.395148993
vt 0.358193010 0.349591017
vt 0.374145001 0.350170016
vt 0.391359001 0.390578985
vt 0.374145001 0.350170016
vt 0.393287003 0.341150999
vt 0.374145001 0.350170016
vt 0.391359001 0.390578985
vt 0.378015012 0.395148993
vt 0.442321002 0.388221025
vt 0.500000000 0.421841025
vt 0.442030013 0.421974003
vt 0.500000000 0.421841025
vt 0.442321002 0.388221025
vt 0.500000000 0.388388038
vt 0.442030013 0.421974003
vt 0.391359001 0.390578985
vt 0.442321002 0.388221025
vt 0.391359001 0.390578985
vt 0.442030013 0.421974003
vt 0.397870004 0.430189013
vt 0.457237005 0.342918038
vt 0.392807007 0.314764977
vt 0.463930994 0.310338974
vt 0.392807007 0.314764977
vt 0.457237005 0.342918038
vt 0.393287003 0.341150999
vt 0.152743995 0.024641991
vt 0.145371005 0.084885001
vt 0.143257007 0.024578989
vt 0.145371005 0.084885001
vt 0.152743995 0.024641991
vt 0.156769007 0.111030996
vt 0.145371005 0.084885001
vt 0.156769007 0.111030996
vt 0.139239997 0.111948013
vt 0.087415002 0.119895995
vt 0.075194001 0.080877006
vt 0.089749001 0.082895994
vt 0.075194001 0.080877006
vt 0.087415002 0.119895995
vt 0.074014999 0.112119019
vt 0.463930994 0.310338974
vt 0.500000000 0.343245029
vt 0.457237005 0.342918038
vt 0.500000000 0.343245029
vt 0.463930994 0.310338974
vt 0.500000000 0.316850007
vt 0.391696990 0.159126997
vt 0.390904993 0.102577984
vt 0.427872002 0.085044980
vt 0.401136011 0.200098991
vt 0.391696990 0.159126997
vt 0.409170985 0.158701003
vt 0.427872002 0.085044980
vt 0.409170985 0.158701003
vt 0.391696990 0.159126997
vt 0.269495010 0.052276969
vt 0.277285010 0.111654997
vt 0.239467993 0.105126023
vt 0.476772010 0.064009011
vt 0.444231987 0.043035030
vt 0.462267011 0.033433974
vt 0.462267011 0.033433974
vt 0.427897006 0.039586008
vt 0.439572990 0.030529976
vt 0.427897006 0.039586008
vt 0.462267011 0.033433974
vt 0.444231987 0.043035030
vt 0.236587003 0.025640011
vt 0.261485010 0.024055004
vt 0.242147997 0.056806982
vt 0.444231987 0.043035030
vt 0.476772010 0.064009011
vt 0.453235000 0.089712024
vt 0.207278997 0.437319040
vt 0.263393998 0.492236972
vt 0.207279995 0.493587971
vt 0.263393998 0.492236972
vt 0.207278997 0.437319040
vt 0.262950987 0.443035960
vt 0.207963005 0.252308965
vt 0.258242011 0.289667010
vt 0.207955003 0.285057008
vt 0.499976993 0.485785961
vt 0.457405001 0.531789005
vt 0.448264986 0.483642995
vt 0.457405001 0.531789005
vt 0.499976993 0.485785961
vt 0.500000000 0.531428993
vt 0.492069989 0.190608978
vt 0.500000000 0.219855011
vt 0.480089992 0.217513978
vt 0.500000000 0.168871999
vt 0.487452000 0.168717980
vt 0.492812008 0.161729991
vt 0.462267011 0.033433974
vt 0.500000000 0.037517011
vt 0.476772010 0.064009011
vt 0.236587003 0.025640011
vt 0.242147997 0.056806982
vt 0.207806006 0.057250977
vt 0.080286004 0.849821985
vt 0.113692999 0.913613975
vt 0.069265999 0.913613975
vt 0.113692999 0.913613975
vt 0.080286004 0.849821985
vt 0.113692999 0.849821985
vt 0.077211000 0.793536007
vt 0.113692999 0.849821985
vt 0.080286004 0.849821985
vt 0.113692999 0.849821985
vt 0.077211000 0.793536007
vt 0.113692999 0.793536007
vt 0.093217999 0.736311972
vt 0.113692999 0.793536007
vt 0.077211000 0.793536007
vt 0.113692999 0.793536007
vt 0.093217999 0.736311972
vt 0.113692999 0.736311972
vt 0.102254003 0.685582995
vt 0.113692999 0.736311972
vt 0.093217999 0.736311972
vt 0.113692999 0.736311972
vt 0.102254003 0.685582995
vt 0.113692999 0.687839985
vt 0.113692999 0.639822006
vt 0.102254003 0.685582995
vt 0.074210003 0.639822006
vt 0.069265999 0.913613975
vt 0.113692999 0.987275004
vt 0.064565003 0.988395989
vt 0.113692999 0.987275004
vt 0.069265999 0.913613975
vt 0.113692999 0.913613975
vt 0.939951003 0.980961025
vt 0.979875028 0.896000028
vt 0.979875028 0.980961025
vt 0.979875028 0.896000028
vt 0.939951003 0.980961025
vt 0.941048980 0.896000028
vt 0.941048980 0.896000028
vt 0.979875028 0.825999975
vt 0.979875028 0.896000028
vt 0.979875028 0.825999975
vt 0.941048980 0.896000028
vt 0.940590978 0.825999975
vt 0.940344989 0.772000015
vt 0.979875028 0.825999975
vt 0.940590978 0.825999975
vt 0.979875028 0.825999975
vt 0.940344989 0.772000015
vt 0.979875028 0.772000015
vt 0.940344989 0.772000015
vt 0.979875028 0.700999975
vt 0.979875028 0.772000015
vt 0.979875028 0.700999975
vt 0.940344989 0.772000015
vt 0.929916024 0.698194027
vt 0.895636022 0.642176986
vt 0.932272017 0.644189000
vt 0.895636022 0.662880003
vt 0.932272017 0.644189000
vt 0.929916024 0.698194027
vt 0.895636022 0.662880003
vt 0.064218000 0.047048986
vt 0.077901997 0.058954000
vt 0.075194001 0.080877006
vt 0.074210003 0.639822006
vt 0.102254003 0.685582995
vt 0.056391999 0.676407993
vt 0.102254003 0.685582995
vt 0.113692999 0.639822006
vt 0.113692999 0.687839985
vt 0.093217999 0.736311972
vt 0.056391999 0.676407993
vt 0.102254003 0.685582995
vt 0.056391999 0.676407993
vt 0.093217999 0.736311972
vt 0.041953001 0.736311972
vt 0.077211000 0.793536007
vt 0.041953001 0.736311972
vt 0.093217999 0.736311972
vt 0.041953001 0.736311972
vt 0.077211000 0.793536007
vt 0.034357000 0.793536007
vt 0.080286004 0.849821985
vt 0.034357000 0.793536007
vt 0.077211000 0.793536007
vt 0.034357000 0.793536007
vt 0.080286004 0.849821985
vt 0.028458999 0.849821985
vt 0.069265999 0.913613975
vt 0.028458999 0.849821985
vt 0.080286004 0.849821985
vt 0.028458999 0.849821985
vt 0.069265999 0.913613975
vt 0.023140000 0.913613975
vt 0.064565003 0.988395989
vt 0.023140000 0.913613975
vt 0.069265999 0.913613975
vt 0.023140000 0.913613975
vt 0.064565003 0.988395989
vt 0.015270000 0.989525020
vt 0.113692999 0.639822006
vt 0.124278001 0.685754001
vt 0.113692999 0.687839985
vt 0.124278001 0.685754001
vt 0.113692999 0.639822006
vt 0.153174996 0.639822006
vt 0.113692999 0.736311972
vt 0.124278001 0.685754001
vt 0.132120997 0.736311972
vt 0.124278001 0.685754001
vt 0.113692999 0.736311972
vt 0.113692999 0.687839985
vt 0.113692999 0.793536007
vt 0.132120997 0.736311972
vt 0.148796007 0.793536007
vt 0.132120997 0.736311972
vt 0.113692999 0.793536007
vt 0.113692999 0.736311972
vt 0.113692999 0.849821985
vt 0.148796007 0.793536007
vt 0.147477999 0.849821985
vt 0.148796007 0.793536007
vt 0.113692999 0.849821985
vt 0.113692999 0.793536007
vt 0.113692999 0.913613975
vt 0.147477999 0.849821985
vt 0.160914004 0.913613975
vt 0.147477999 0.849821985
vt 0.113692999 0.913613975
vt 0.113692999 0.849821985
vt 0.113692999 0.987275004
vt 0.160914004 0.913613975
vt 0.164989993 0.988445997
vt 0.160914004 0.913613975
vt 0.113692999 0.987275004
vt 0.113692999 0.913613975
vt 0.811397016 0.647997022
vt 0.856828988 0.698459983
vt 0.811397016 0.700999975
vt 0.856828988 0.698459983
vt 0.811397016 0.647997022
vt 0.858726978 0.644180000
vt 0.811397016 0.700999975
vt 0.850766003 0.772000015
vt 0.811397016 0.772000015
vt 0.850766003 0.772000015
vt 0.811397016 0.700999975
vt 0.856828988 0.698459983
vt 0.850766003 0.772000015
vt 0.811397016 0.825999975
vt 0.811397016 0.772000015
vt 0.811397016 0.825999975
vt 0.850766003 0.772000015
vt 0.850614011 0.825999975
vt 0.846893013 0.896000028
vt 0.811397016 0.825999975
vt 0.850614011 0.825999975
vt 0.811397016 0.825999975
vt 0.846893013 0.896000028
vt 0.811397016 0.896000028
vt 0.848824978 0.980961025
vt 0.811397016 0.896000028
vt 0.846893013 0.896000028
vt 0.811397016 0.896000028
vt 0.848824978 0.980961025
vt 0.811397016 0.980961025
vt 0.895636022 0.662880003
vt 0.929916024 0.698194027
vt 0.895636022 0.696080983
vt 0.895636022 0.772000015
vt 0.929916024 0.698194027
vt 0.940344989 0.772000015
vt 0.929916024 0.698194027
vt 0.895636022 0.772000015
vt 0.895636022 0.696080983
vt 0.940590978 0.825999975
vt 0.895636022 0.772000015
vt 0.940344989 0.772000015
vt 0.895636022 0.772000015
vt 0.940590978 0.825999975
vt 0.895636022 0.825999975
vt 0.941048980 0.896000028
vt 0.895636022 0.825999975
vt 0.940590978 0.825999975
vt 0.895636022 0.825999975
vt 0.941048980 0.896000028
vt 0.895636022 0.896000028
vt 0.895636022 0.980961025
vt 0.941048980 0.896000028
vt 0.939951003 0.980961025
vt 0.941048980 0.896000028
vt 0.895636022 0.980961025
vt 0.895636022 0.896000028
vt 0.856828988 0.698459983
vt 0.858726978 0.644180000
vt 0.895636022 0.662880003
vt 0.858726978 0.644180000
vt 0.895636022 0.642176986
vt 0.895636022 0.662880003
vt 0.979875028 0.647997022
vt 0.929916024 0.698194027
vt 0.932272017 0.644189000
vt 0.929916024 0.698194027
vt 0.979875028 0.647997022
vt 0.979875028 0.700999975
vn -0.336368639 0.841643122 -0.422484312
vn -0.083782694 0.906466862 -0.413881973
vn 0.089408978 0.879097969 -0.468180302
vn -0.083782694 0.906466862 -0.413881973
vn -0.336368639 0.841643122 -0.422484312
vn -0.001516803 0.980466612 -0.196679747
vn 0.580836056 0.803884686 -0.128058143
vn 0.322333004 0.935081058 -0.147393518
vn 0.025139493 0.947539172 -0.318649531
vn 0.322333004 0.935081058 -0.147393518
vn 0.580836056 0.803884686 -0.128058143
vn 0.805623423 0.544067545 -0.234438491
vn 0.068730461 -0.341979386 -0.937190601
vn -0.048268670 -0.647657625 -0.760401037
vn -0.283568802 -0.030934344 -0.958452816
vn -0.048268670 -0.647657625 -0.760401037
vn 0.068730461 -0.341979386 -0.937190601
vn -0.097131943 -0.857139653 -0.505842862
vn 0.770306830 -0.561527246 -0.302182959
vn 0.021517578 -0.988562721 -0.149267349
vn 0.042255239 -0.974881051 -0.218681115
vn 0.021517578 -0.988562721 -0.149267349
vn 0.770306830 -0.561527246 -0.302182959
vn 0.859099688 -0.495402428 -0.128546332
vn 0.965454295 0.223085419 -0.134651028
vn 0.770306830 -0.561527246 -0.302182959
vn 0.970452483 0.046086707 -0.236850150
vn 0.770306830 -0.561527246 -0.302182959
vn 0.965454295 0.223085419 -0.134651028
vn 0.859099688 -0.495402428 -0.128546332
vn 0.541660804 0.840239088 0.024532586
vn 0.811221045 0.568985252 -0.134819136
vn 0.397605620 0.912867446 0.092643387
vn 0.811221045 0.568985252 -0.134819136
vn 0.541660804 0.840239088 0.024532586
vn 0.965454295 0.223085419 -0.134651028
vn 0.025139493 0.947539172 -0.318649531
vn -0.048345180 0.990308723 -0.130197450
vn -0.161394105 0.925747394 -0.341970328
vn -0.048345180 0.990308723 -0.130197450
vn 0.025139493 0.947539172 -0.318649531
vn 0.322333004 0.935081058 -0.147393518
vn 0.042255239 -0.974881051 -0.218681115
vn -0.206584856 -0.969395805 -0.132644153
vn -0.212730594 -0.956302351 -0.200577933
vn -0.206584856 -0.969395805 -0.132644153
vn 0.042255239 -0.974881051 -0.218681115
vn 0.021517578 -0.988562721 -0.149267349
vn 0.196405879 -0.977966259 0.070758231
vn -0.009011428 -0.998791801 0.048308726
vn -0.031885415 -0.985875182 0.164418511
vn -0.009011428 -0.998791801 0.048308726
vn 0.196405879 -0.977966259 0.070758231
vn 0.207052235 -0.973511001 -0.096983003
vn 0.034246302 0.981226561 -0.189793641
vn 0.857819565 0.498691270 -0.124308530
vn -0.201130769 0.966258875 -0.160904319
vn 0.857819565 0.498691270 -0.124308530
vn 0.034246302 0.981226561 -0.189793641
vn 0.964953628 0.232085429 -0.122477954
vn 0.857819565 0.498691270 -0.124308530
vn 0.076451246 0.994479573 0.071872016
vn -0.201130769 0.966258875 -0.160904319
vn 0.076451246 0.994479573 0.071872016
vn 0.857819565 0.498691270 -0.124308530
vn 0.915680814 0.378228994 0.135909804
vn -0.918870666 0.332839880 0.211882781
vn -0.612132865 -0.714750990 0.338266726
vn -0.156911683 -0.864653859 0.477234144
vn -0.612132865 -0.714750990 0.338266726
vn -0.918870666 0.332839880 0.211882781
vn -0.945309938 0.316569106 0.078569216
vn -0.945309938 0.316569106 0.078569216
vn -0.875323296 -0.472922177 0.100765777
vn -0.612132865 -0.714750990 0.338266726
vn -0.875323296 -0.472922177 0.100765777
vn -0.945309938 0.316569106 0.078569216
vn -0.943038458 0.331642344 0.026302525
vn -0.156911683 -0.864653859 0.477234144
vn 0.634067559 -0.740359473 0.223217789
vn 0.712311340 -0.691439594 0.120514908
vn 0.634067559 -0.740359473 0.223217789
vn -0.156911683 -0.864653859 0.477234144
vn -0.612132865 -0.714750990 0.338266726
vn -0.612132865 -0.714750990 0.338266726
vn 0.604434496 -0.795825601 0.036339409
vn 0.634067559 -0.740359473 0.223217789
vn 0.604434496 -0.795825601 0.036339409
vn -0.612132865 -0.714750990 0.338266726
vn -0.875323296 -0.472922177 0.100765777
vn 0.712311340 -0.691439594 0.120514908
vn 0.857819565 0.498691270 -0.124308530
vn 0.964953628 0.232085429 -0.122477954
vn 0.857819565 0.498691270 -0.124308530
vn 0.712311340 -0.691439594 0.120514908
vn 0.634067559 -0.740359473 0.223217789
vn 0.634067559 -0.740359473 0.223217789
vn 0.915680814 0.378228994 0.135909804
vn 0.857819565 0.498691270 -0.124308530
vn 0.915680814 0.378228994 0.135909804
vn 0.634067559 -0.740359473 0.223217789
vn 0.604434496 -0.795825601 0.036339409
vn 0.849680177 0.021599462 0.526855824
vn -0.021842454 -0.819804456 0.572226844
vn -0.212534125 -0.326324758 0.921054503
vn -0.021842454 -0.819804456 0.572226844
vn 0.849680177 0.021599462 0.526855824
vn 0.873032920 -0.429694086 0.230600332
vn 0.527489472 0.822399000 0.213107348
vn 0.847727598 0.514481192 0.129100823
vn 0.612587978 0.772353194 0.167947948
vn 0.847727598 0.514481192 0.129100823
vn 0.527489472 0.822399000 0.213107348
vn 0.897053745 0.441707828 -0.013739449
vn 0.612587978 0.772353194 0.167947948
vn 0.888475492 0.453697969 -0.069061230
vn 0.206492029 0.947177950 -0.245387394
vn 0.888475492 0.453697969 -0.069061230
vn 0.612587978 0.772353194 0.167947948
vn 0.847727598 0.514481192 0.129100823
vn -0.951787823 0.271816138 0.142182723
vn -0.497843296 -0.864136460 0.073622212
vn -0.263186900 -0.926513943 -0.268895091
vn -0.497843296 -0.864136460 0.073622212
vn -0.951787823 0.271816138 0.142182723
vn -0.951501907 0.146286796 0.270636832
vn -0.951501907 0.146286796 0.270636832
vn -0.665251931 -0.743120366 -0.072194114
vn -0.497843296 -0.864136460 0.073622212
vn -0.665251931 -0.743120366 -0.072194114
vn -0.951501907 0.146286796 0.270636832
vn -0.990573788 -0.001804280 -0.136968302
vn -0.263186900 -0.926513943 -0.268895091
vn 0.588649901 -0.806865441 -0.049592878
vn 0.610179979 -0.738464997 -0.286966620
vn 0.588649901 -0.806865441 -0.049592878
vn -0.263186900 -0.926513943 -0.268895091
vn -0.497843296 -0.864136460 0.073622212
vn -0.497843296 -0.864136460 0.073622212
vn 0.634050571 -0.766220062 -0.104339301
vn 0.588649901 -0.806865441 -0.049592878
vn 0.634050571 -0.766220062 -0.104339301
vn -0.497843296 -0.864136460 0.073622212
vn -0.665251931 -0.743120366 -0.072194114
vn 0.610179979 -0.738464997 -0.286966620
vn 0.847727598 0.514481192 0.129100823
vn 0.897053745 0.441707828 -0.013739449
vn 0.847727598 0.514481192 0.129100823
vn 0.610179979 -0.738464997 -0.286966620
vn 0.588649901 -0.806865441 -0.049592878
vn 0.588649901 -0.806865441 -0.049592878
vn 0.888475492 0.453697969 -0.069061230
vn 0.847727598 0.514481192 0.129100823
vn 0.888475492 0.453697969 -0.069061230
vn 0.588649901 -0.806865441 -0.049592878
vn 0.634050571 -0.766220062 -0.104339301
vn 0.964953628 0.232085429 -0.122477954
vn 0.811221045 0.568985252 -0.134819136
vn 0.991228390 -0.037764581 -0.126649578
vn 0.811221045 0.568985252 -0.134819136
vn 0.964953628 0.232085429 -0.122477954
vn 0.034246302 0.981226561 -0.189793641
vn 0.397605620 0.912867446 0.092643387
vn 0.516588963 0.702231271 0.489905181
vn 0.275831217 0.961124702 -0.012507844
vn 0.516588963 0.702231271 0.489905181
vn 0.397605620 0.912867446 0.092643387
vn -0.918870666 0.332839880 0.211882781
vn 0.042255239 -0.974881051 -0.218681115
vn 0.748964797 -0.660706538 -0.050185686
vn 0.770306830 -0.561527246 -0.302182959
vn 0.748964797 -0.660706538 -0.050185686
vn 0.042255239 -0.974881051 -0.218681115
vn 0.011533753 -0.998277477 0.057524347
vn 0.011533753 -0.998277477 0.057524347
vn 0.705058674 -0.699154790 0.118637459
vn 0.748964797 -0.660706538 -0.050185686
vn 0.705058674 -0.699154790 0.118637459
vn 0.011533753 -0.998277477 0.057524347
vn 0.089378004 -0.960309169 0.264230718
vn 0.089378004 -0.960309169 0.264230718
vn 0.712311340 -0.691439594 0.120514908
vn 0.705058674 -0.699154790 0.118637459
vn 0.712311340 -0.691439594 0.120514908
vn 0.089378004 -0.960309169 0.264230718
vn -0.156911683 -0.864653859 0.477234144
vn 0.527489472 0.822399000 0.213107348
vn 0.915680814 0.378228994 0.135909804
vn 0.897053745 0.441707828 -0.013739449
vn 0.915680814 0.378228994 0.135909804
vn 0.527489472 0.822399000 0.213107348
vn 0.076451246 0.994479573 0.071872016
vn 0.897053745 0.441707828 -0.013739449
vn 0.604434496 -0.795825601 0.036339409
vn 0.610179979 -0.738464997 -0.286966620
vn 0.604434496 -0.795825601 0.036339409
vn 0.897053745 0.441707828 -0.013739449
vn 0.915680814 0.378228994 0.135909804
vn 0.604434496 -0.795825601 0.036339409
vn -0.263186900 -0.926513943 -0.268895091
vn 0.610179979 -0.738464997 -0.286966620
vn -0.263186900 -0.926513943 -0.268895091
vn 0.604434496 -0.795825601 0.036339409
vn -0.875323296 -0.472922177 0.100765777
vn -0.875323296 -0.472922177 0.100765777
vn -0.951787823 0.271816138 0.142182723
vn -0.263186900 -0.926513943 -0.268895091
vn -0.951787823 0.271816138 0.142182723
vn -0.875323296 -0.472922177 0.100765777
vn -0.943038458 0.331642344 0.026302525
vn 0.770306830 -0.561527246 -0.302182959
vn 0.991228390 -0.037764581 -0.126649578
vn 0.970452483 0.046086707 -0.236850150
vn 0.991228390 -0.037764581 -0.126649578
vn 0.770306830 -0.561527246 -0.302182959
vn 0.748964797 -0.660706538 -0.050185686
vn 0.748964797 -0.660706538 -0.050185686
vn 0.964953628 0.232085429 -0.122477954
vn 0.991228390 -0.037764581 -0.126649578
vn 0.964953628 0.232085429 -0.122477954
vn 0.748964797 -0.660706538 -0.050185686
vn 0.705058674 -0.699154790 0.118637459
vn 0.705058674 -0.699154790 0.118637459
vn 0.712311340 -0.691439594 0.120514908
vn 0.964953628 0.232085429 -0.122477954
vn 0.244707076 -0.969571632 -0.007021218
vn 0.570918558 -0.820470047 0.029679998
vn 0.196405879 -0.977966259 0.070758231
vn 0.997241256 -0.068782968 -0.027906640
vn 0.975785934 0.215014330 0.040132894
vn 0.948930816 0.309183777 -0.062735152
vn 0.975785934 0.215014330 0.040132894
vn 0.997241256 -0.068782968 -0.027906640
vn 0.917830923 -0.396366589 0.021907175
vn 0.975785934 0.215014330 0.040132894
vn 0.610011612 0.791382032 0.040003904
vn 0.948930816 0.309183777 -0.062735152
vn 0.610011612 0.791382032 0.040003904
vn 0.975785934 0.215014330 0.040132894
vn 0.561626563 0.818980632 0.117670418
vn 0.099739426 0.985580317 0.136687544
vn 0.561626563 0.818980632 0.117670418
vn 0.161814179 0.977665185 0.134115464
vn 0.561626563 0.818980632 0.117670418
vn 0.099739426 0.985580317 0.136687544
vn 0.610011612 0.791382032 0.040003904
vn 0.449194368 0.885552203 0.118413329
vn 0.684668147 0.726510072 0.058417842
vn 0.248168638 0.349843242 0.903339379
vn 0.684668147 0.726510072 0.058417842
vn 0.907122452 0.188791891 0.376146884
vn 0.056764760 -0.124229051 0.990628540
vn 0.907122452 0.188791891 0.376146884
vn 0.684668147 0.726510072 0.058417842
vn 0.628700143 -0.024670484 -0.777256391
vn -0.351499828 -0.501983856 0.790227865
vn 0.056764760 -0.124229051 0.990628540
vn -0.307819232 -0.951171686 0.022797874
vn 0.056764760 -0.124229051 0.990628540
vn -0.032526081 -0.914552572 0.403157101
vn -0.307819232 -0.951171686 0.022797874
vn -0.032526081 -0.914552572 0.403157101
vn 0.056764760 -0.124229051 0.990628540
vn 0.907122452 0.188791891 0.376146884
vn -0.515854301 -0.632245609 -0.578065593
vn 0.061878365 -0.212207030 -0.975263679
vn -0.184359136 -0.291932009 -0.938502750
vn -0.515854301 -0.632245609 -0.578065593
vn -0.307819232 -0.951171686 0.022797874
vn 0.061878365 -0.212207030 -0.975263679
vn -0.515854301 -0.632245609 -0.578065593
vn -0.351499828 -0.501983856 0.790227865
vn -0.307819232 -0.951171686 0.022797874
vn -0.307819232 -0.951171686 0.022797874
vn 0.408018832 -0.715440607 -0.567155508
vn 0.061878365 -0.212207030 -0.975263679
vn 0.408018832 -0.715440607 -0.567155508
vn -0.307819232 -0.951171686 0.022797874
vn -0.032526081 -0.914552572 0.403157101
vn 0.258433408 0.478599629 -0.839139184
vn 0.061878365 -0.212207030 -0.975263679
vn 0.684668147 0.726510072 0.058417842
vn 0.061878365 -0.212207030 -0.975263679
vn 0.628700143 -0.024670484 -0.777256391
vn 0.684668147 0.726510072 0.058417842
vn 0.628700143 -0.024670484 -0.777256391
vn 0.061878365 -0.212207030 -0.975263679
vn 0.408018832 -0.715440607 -0.567155508
vn -0.327169421 0.171127080 -0.929341537
vn -0.898003322 -0.352322915 0.263549989
vn -0.716142651 -0.627905058 0.304753904
vn -0.898003322 -0.352322915 0.263549989
vn -0.327169421 0.171127080 -0.929341537
vn -0.003332433 0.608188018 -0.793786010
vn -0.003332433 0.608188018 -0.793786010
vn -0.798893498 -0.579463490 0.161217998
vn -0.898003322 -0.352322915 0.263549989
vn -0.798893498 -0.579463490 0.161217998
vn -0.003332433 0.608188018 -0.793786010
vn 0.159295787 0.436058131 -0.885707716
vn -0.716142651 -0.627905058 0.304753904
vn -0.075925458 -0.240067227 0.967782543
vn 0.478206017 -0.380158071 0.791706288
vn -0.075925458 -0.240067227 0.967782543
vn -0.716142651 -0.627905058 0.304753904
vn -0.898003322 -0.352322915 0.263549989
vn -0.898003322 -0.352322915 0.263549989
vn -0.084891017 -0.460223535 0.883735149
vn -0.075925458 -0.240067227 0.967782543
vn -0.084891017 -0.460223535 0.883735149
vn -0.898003322 -0.352322915 0.263549989
vn -0.798893498 -0.579463490 0.161217998
vn 0.478206017 -0.380158071 0.791706288
vn 0.798949719 0.588421312 -0.124256612
vn 0.826217032 0.437100793 -0.355398807
vn 0.798949719 0.588421312 -0.124256612
vn 0.478206017 -0.380158071 0.791706288
vn -0.075925458 -0.240067227 0.967782543
vn -0.075925458 -0.240067227 0.967782543
vn 0.862301361 0.491377125 0.122412761
vn 0.798949719 0.588421312 -0.124256612
vn 0.862301361 0.491377125 0.122412761
vn -0.075925458 -0.240067227 0.967782543
vn -0.084891017 -0.460223535 0.883735149
vn 0.826217032 0.437100793 -0.355398807
vn -0.003332433 0.608188018 -0.793786010
vn -0.327169421 0.171127080 -0.929341537
vn -0.003332433 0.608188018 -0.793786010
vn 0.826217032 0.437100793 -0.355398807
vn 0.798949719 0.588421312 -0.124256612
vn 0.798949719 0.588421312 -0.124256612
vn 0.159295787 0.436058131 -0.885707716
vn -0.003332433 0.608188018 -0.793786010
vn 0.159295787 0.436058131 -0.885707716
vn 0.798949719 0.588421312 -0.124256612
vn 0.862301361 0.491377125 0.122412761
vn 0.087713349 0.875811055 -0.474617071
vn -0.494251075 -0.143332589 0.857421509
vn -0.771545035 -0.537686094 0.340017533
vn -0.494251075 -0.143332589 0.857421509
vn 0.087713349 0.875811055 -0.474617071
vn 0.607156737 0.650657979 0.456075533
vn -0.830081100 -0.157004000 -0.535084210
vn 0.224817984 0.972464752 0.061393644
vn -0.637142923 0.375351327 0.673171804
vn 0.224817984 0.972464752 0.061393644
vn -0.830081100 -0.157004000 -0.535084210
vn 0.123429010 0.401042797 -0.907705874
vn -0.109944332 -0.373408780 0.921128724
vn -0.851403977 -0.302690249 0.428357188
vn -0.435093081 -0.560122808 0.704951382
vn -0.851403977 -0.302690249 0.428357188
vn -0.109944332 -0.373408780 0.921128724
vn -0.849849945 -0.521008804 0.079403380
vn -0.109944332 -0.373408780 0.921128724
vn 0.771520547 0.601404757 -0.207529188
vn 0.879347294 0.429887779 -0.204804380
vn 0.771520547 0.601404757 -0.207529188
vn -0.109944332 -0.373408780 0.921128724
vn -0.435093081 -0.560122808 0.704951382
vn 0.307895174 0.264782126 -0.913833129
vn 0.771520547 0.601404757 -0.207529188
vn 0.433378769 0.621449580 -0.652673932
vn 0.771520547 0.601404757 -0.207529188
vn 0.307895174 0.264782126 -0.913833129
vn 0.879347294 0.429887779 -0.204804380
vn 0.408018832 -0.715440607 -0.567155508
vn -0.327169421 0.171127080 -0.929341537
vn 0.628700143 -0.024670484 -0.777256391
vn -0.327169421 0.171127080 -0.929341537
vn 0.408018832 -0.715440607 -0.567155508
vn 0.826217032 0.437100793 -0.355398807
vn 0.628700143 -0.024670484 -0.777256391
vn -0.716142651 -0.627905058 0.304753904
vn 0.907122452 0.188791891 0.376146884
vn -0.716142651 -0.627905058 0.304753904
vn 0.628700143 -0.024670484 -0.777256391
vn -0.327169421 0.171127080 -0.929341537
vn -0.032526081 -0.914552572 0.403157101
vn -0.716142651 -0.627905058 0.304753904
vn 0.478206017 -0.380158071 0.791706288
vn -0.716142651 -0.627905058 0.304753904
vn -0.032526081 -0.914552572 0.403157101
vn 0.907122452 0.188791891 0.376146884
vn 0.478206017 -0.380158071 0.791706288
vn 0.408018832 -0.715440607 -0.567155508
vn -0.032526081 -0.914552572 0.403157101
vn 0.408018832 -0.715440607 -0.567155508
vn 0.478206017 -0.380158071 0.791706288
vn 0.826217032 0.437100793 -0.355398807
vn -0.159924042 -0.082893375 -0.983642714
vn 0.258433408 0.478599629 -0.839139184
vn -0.209069188 0.376509686 -0.902513452
vn 0.258433408 0.478599629 -0.839139184
vn -0.159924042 -0.082893375 -0.983642714
vn -0.184359136 -0.291932009 -0.938502750
vn -0.209069188 0.376509686 -0.902513452
vn -0.283568802 -0.030934344 -0.958452816
vn -0.159924042 -0.082893375 -0.983642714
vn -0.283568802 -0.030934344 -0.958452816
vn -0.209069188 0.376509686 -0.902513452
vn -0.363422199 0.552808356 -0.749884809
vn 0.570918558 -0.820470047 0.029679998
vn 0.207052235 -0.973511001 -0.096983003
vn 0.196405879 -0.977966259 0.070758231
vn 0.207052235 -0.973511001 -0.096983003
vn 0.570918558 -0.820470047 0.029679998
vn 0.596171726 -0.775943490 -0.206133389
vn -0.283568802 -0.030934344 -0.958452816
vn 0.269977766 0.415969832 -0.868378434
vn 0.068730461 -0.341979386 -0.937190601
vn 0.138916673 0.894645703 -0.424630691
vn -0.001516803 0.980466612 -0.196679747
vn -0.336368639 0.841643122 -0.422484312
vn -0.001516803 0.980466612 -0.196679747
vn 0.138916673 0.894645703 -0.424630691
vn 0.425859120 0.856125956 0.292732568
vn 0.449194368 0.885552203 0.118413329
vn 0.425859120 0.856125956 0.292732568
vn 0.138916673 0.894645703 -0.424630691
vn 0.335851136 -0.855773838 -0.393516394
vn -0.097131943 -0.857139653 -0.505842862
vn 0.130809077 -0.938831277 -0.318566819
vn 0.335851136 -0.855773838 -0.393516394
vn -0.048268670 -0.647657625 -0.760401037
vn -0.097131943 -0.857139653 -0.505842862
vn 0.335851136 -0.855773838 -0.393516394
vn 0.081810883 -0.893616490 -0.441312302
vn -0.048268670 -0.647657625 -0.760401037
vn -0.081829504 -0.956072714 -0.281476284
vn -0.097131943 -0.857139653 -0.505842862
vn -0.159928473 -0.854066894 -0.494967296
vn -0.097131943 -0.857139653 -0.505842862
vn -0.081829504 -0.956072714 -0.281476284
vn 0.130809077 -0.938831277 -0.318566819
vn -0.159924042 -0.082893375 -0.983642714
vn -0.283568802 -0.030934344 -0.958452816
vn -0.048268670 -0.647657625 -0.760401037
vn -0.184359136 -0.291932009 -0.938502750
vn 0.081810883 -0.893616490 -0.441312302
vn -0.515854301 -0.632245609 -0.578065593
vn -0.184359136 -0.291932009 -0.938502750
vn -0.048268670 -0.647657625 -0.760401037
vn 0.081810883 -0.893616490 -0.441312302
vn -0.184359136 -0.291932009 -0.938502750
vn -0.159924042 -0.082893375 -0.983642714
vn -0.048268670 -0.647657625 -0.760401037
vn 0.981435323 -0.191758128 -0.003678018
vn -0.351499828 -0.501983856 0.790227865
vn 0.920115886 0.182977033 -0.346274692
vn -0.351499828 -0.501983856 0.790227865
vn 0.981435323 -0.191758128 -0.003678018
vn 0.248168638 0.349843242 0.903339379
vn 0.948930816 0.309183777 -0.062735152
vn 0.902900711 0.262100034 -0.340696167
vn 0.997241256 -0.068782968 -0.027906640
vn 0.902900711 0.262100034 -0.340696167
vn 0.948930816 0.309183777 -0.062735152
vn 0.887294323 0.050512257 -0.458429161
vn 0.580836056 0.803884686 -0.128058143
vn 0.248168638 0.349843242 0.903339379
vn 0.981435323 -0.191758128 -0.003678018
vn 0.805623423 0.544067545 -0.234438491
vn 0.887294323 0.050512257 -0.458429161
vn 0.948930816 0.309183777 -0.062735152
vn 0.902900711 0.262100034 -0.340696167
vn 0.960430686 -0.084828925 -0.265286546
vn 0.997241256 -0.068782968 -0.027906640
vn 0.159295787 0.436058131 -0.885707716
vn -0.849849945 -0.521008804 0.079403380
vn -0.798893498 -0.579463490 0.161217998
vn -0.849849945 -0.521008804 0.079403380
vn 0.159295787 0.436058131 -0.885707716
vn 0.307895174 0.264782126 -0.913833129
vn 0.159295787 0.436058131 -0.885707716
vn 0.879347294 0.429887779 -0.204804380
vn 0.307895174 0.264782126 -0.913833129
vn 0.879347294 0.429887779 -0.204804380
vn 0.159295787 0.436058131 -0.885707716
vn 0.862301361 0.491377125 0.122412761
vn 0.862301361 0.491377125 0.122412761
vn -0.109944332 -0.373408780 0.921128724
vn 0.879347294 0.429887779 -0.204804380
vn -0.109944332 -0.373408780 0.921128724
vn 0.862301361 0.491377125 0.122412761
vn -0.084891017 -0.460223535 0.883735149
vn -0.109944332 -0.373408780 0.921128724
vn -0.798893498 -0.579463490 0.161217998
vn -0.849849945 -0.521008804 0.079403380
vn -0.798893498 -0.579463490 0.161217998
vn -0.109944332 -0.373408780 0.921128724
vn -0.084891017 -0.460223535 0.883735149
vn 0.068730461 -0.341979386 -0.937190601
vn 0.996664037 0.063908777 0.050758896
vn 0.837099307 -0.539811499 0.088703411
vn 0.996664037 0.063908777 0.050758896
vn 0.068730461 -0.341979386 -0.937190601
vn 0.269977766 0.415969832 -0.868378434
vn 0.837099307 -0.539811499 0.088703411
vn -0.143713243 -0.848726172 -0.508930632
vn 0.068730461 -0.341979386 -0.937190601
vn -0.143713243 -0.848726172 -0.508930632
vn 0.837099307 -0.539811499 0.088703411
vn 0.467084632 -0.877799931 0.106297829
vn -0.435093081 -0.560122808 0.704951382
vn -0.771545035 -0.537686094 0.340017533
vn -0.494251075 -0.143332589 0.857421509
vn -0.771545035 -0.537686094 0.340017533
vn -0.435093081 -0.560122808 0.704951382
vn -0.851403977 -0.302690249 0.428357188
vn -0.851403977 -0.302690249 0.428357188
vn 0.087713349 0.875811055 -0.474617071
vn -0.771545035 -0.537686094 0.340017533
vn 0.087713349 0.875811055 -0.474617071
vn -0.851403977 -0.302690249 0.428357188
vn 0.433378769 0.621449580 -0.652673932
vn 0.087713349 0.875811055 -0.474617071
vn 0.771520547 0.601404757 -0.207529188
vn 0.607156737 0.650657979 0.456075533
vn 0.771520547 0.601404757 -0.207529188
vn 0.087713349 0.875811055 -0.474617071
vn 0.433378769 0.621449580 -0.652673932
vn 0.607156737 0.650657979 0.456075533
vn -0.435093081 -0.560122808 0.704951382
vn -0.494251075 -0.143332589 0.857421509
vn -0.435093081 -0.560122808 0.704951382
vn 0.607156737 0.650657979 0.456075533
vn 0.771520547 0.601404757 -0.207529188
vn 0.307895174 0.264782126 -0.913833129
vn -0.766137621 -0.611023592 -0.199206717
vn -0.849849945 -0.521008804 0.079403380
vn -0.766137621 -0.611023592 -0.199206717
vn 0.307895174 0.264782126 -0.913833129
vn -0.172432070 -0.078663400 -0.981875374
vn -0.766137621 -0.611023592 -0.199206717
vn -0.851403977 -0.302690249 0.428357188
vn -0.849849945 -0.521008804 0.079403380
vn -0.851403977 -0.302690249 0.428357188
vn -0.766137621 -0.611023592 -0.199206717
vn 0.026016136 0.352077282 0.935609292
vn -0.851403977 -0.302690249 0.428357188
vn 0.423012669 0.798854107 -0.427659208
vn 0.433378769 0.621449580 -0.652673932
vn 0.423012669 0.798854107 -0.427659208
vn -0.851403977 -0.302690249 0.428357188
vn 0.026016136 0.352077282 0.935609292
vn 0.423012669 0.798854107 -0.427659208
vn 0.307895174 0.264782126 -0.913833129
vn 0.433378769 0.621449580 -0.652673932
vn 0.307895174 0.264782126 -0.913833129
vn 0.423012669 0.798854107 -0.427659208
vn -0.172432070 -0.078663400 -0.981875374
vn -0.172432070 -0.078663400 -0.981875374
vn -0.830081100 -0.157004000 -0.535084210
vn -0.766137621 -0.611023592 -0.199206717
vn -0.830081100 -0.157004000 -0.535084210
vn -0.172432070 -0.078663400 -0.981875374
vn 0.123429010 0.401042797 -0.907705874
vn -0.766137621 -0.611023592 -0.199206717
vn -0.637142923 0.375351327 0.673171804
vn 0.026016136 0.352077282 0.935609292
vn -0.637142923 0.375351327 0.673171804
vn -0.766137621 -0.611023592 -0.199206717
vn -0.830081100 -0.157004000 -0.535084210
vn 0.026016136 0.352077282 0.935609292
vn 0.224817984 0.972464752 0.061393644
vn 0.423012669 0.798854107 -0.427659208
vn 0.224817984 0.972464752 0.061393644
vn 0.026016136 0.352077282 0.935609292
vn -0.637142923 0.375351327 0.673171804
vn 0.423012669 0.798854107 -0.427659208
vn 0.123429010 0.401042797 -0.907705874
vn -0.172432070 -0.078663400 -0.981875374
vn 0.123429010 0.401042797 -0.907705874
vn 0.423012669 0.798854107 -0.427659208
vn 0.224817984 0.972464752 0.061393644
vn 0.673549840 0.552196437 -0.491334620
vn 0.355015716 0.863752570 0.357624577
vn -0.416748752 0.657265005 -0.627951584
vn 0.355015716 0.863752570 0.357624577
vn 0.673549840 0.552196437 -0.491334620
vn 0.425959339 -0.062414628 0.902586869
vn -0.695704344 -0.695020717 -0.181498402
vn -0.212534125 -0.326324758 0.921054503
vn -0.021842454 -0.819804456 0.572226844
vn -0.212534125 -0.326324758 0.921054503
vn -0.695704344 -0.695020717 -0.181498402
vn -0.943775922 -0.322589955 0.072268460
vn -0.665251931 -0.743120366 -0.072194114
vn 0.661413121 -0.518328238 -0.542096413
vn 0.634050571 -0.766220062 -0.104339301
vn 0.661413121 -0.518328238 -0.542096413
vn -0.665251931 -0.743120366 -0.072194114
vn -0.695704344 -0.695020717 -0.181498402
vn 0.849680177 0.021599462 0.526855824
vn 0.661413121 -0.518328238 -0.542096413
vn 0.873032920 -0.429694086 0.230600332
vn 0.661413121 -0.518328238 -0.542096413
vn 0.849680177 0.021599462 0.526855824
vn 0.935068750 0.223704895 -0.274959184
vn 0.206492029 0.947177950 -0.245387394
vn 0.673549840 0.552196437 -0.491334620
vn -0.416748752 0.657265005 -0.627951584
vn 0.673549840 0.552196437 -0.491334620
vn 0.206492029 0.947177950 -0.245387394
vn 0.888475492 0.453697969 -0.069061230
vn -0.212534125 -0.326324758 0.921054503
vn -0.970692893 -0.083401018 -0.225387617
vn -0.029816455 -0.139259611 0.989806920
vn -0.970692893 -0.083401018 -0.225387617
vn -0.212534125 -0.326324758 0.921054503
vn -0.943775922 -0.322589955 0.072268460
vn -0.212534125 -0.326324758 0.921054503
vn 0.425959339 -0.062414628 0.902586869
vn 0.849680177 0.021599462 0.526855824
vn 0.425959339 -0.062414628 0.902586869
vn -0.212534125 -0.326324758 0.921054503
vn -0.029816455 -0.139259611 0.989806920
vn 0.849680177 0.021599462 0.526855824
vn 0.673549840 0.552196437 -0.491334620
vn 0.935068750 0.223704895 -0.274959184
vn 0.673549840 0.552196437 -0.491334620
vn 0.849680177 0.021599462 0.526855824
vn 0.425959339 -0.062414628 0.902586869
vn 0.397605620 0.912867446 0.092643387
vn 0.034246302 0.981226561 -0.189793641
vn -0.918870666 0.332839880 0.211882781
vn 0.811221045 0.568985252 -0.134819136
vn 0.034246302 0.981226561 -0.189793641
vn 0.397605620 0.912867446 0.092643387
vn 0.034246302 0.981226561 -0.189793641
vn -0.201130769 0.966258875 -0.160904319
vn -0.945309938 0.316569106 0.078569216
vn -0.201130769 0.966258875 -0.160904319
vn -0.943038458 0.331642344 0.026302525
vn -0.945309938 0.316569106 0.078569216
vn -0.943038458 0.331642344 0.026302525
vn -0.201130769 0.966258875 -0.160904319
vn 0.076451246 0.994479573 0.071872016
vn 0.076451246 0.994479573 0.071872016
vn -0.951787823 0.271816138 0.142182723
vn -0.943038458 0.331642344 0.026302525
vn -0.951787823 0.271816138 0.142182723
vn 0.076451246 0.994479573 0.071872016
vn 0.527489472 0.822399000 0.213107348
vn -0.951787823 0.271816138 0.142182723
vn 0.612587978 0.772353194 0.167947948
vn -0.951501907 0.146286796 0.270636832
vn 0.612587978 0.772353194 0.167947948
vn -0.951787823 0.271816138 0.142182723
vn 0.527489472 0.822399000 0.213107348
vn -0.951501907 0.146286796 0.270636832
vn 0.206492029 0.947177950 -0.245387394
vn -0.990573788 -0.001804280 -0.136968302
vn 0.206492029 0.947177950 -0.245387394
vn -0.951501907 0.146286796 0.270636832
vn 0.612587978 0.772353194 0.167947948
vn -0.990573788 -0.001804280 -0.136968302
vn -0.416748752 0.657265005 -0.627951584
vn -0.970692893 -0.083401018 -0.225387617
vn -0.416748752 0.657265005 -0.627951584
vn -0.990573788 -0.001804280 -0.136968302
vn 0.206492029 0.947177950 -0.245387394
vn -0.416748752 0.657265005 -0.627951584
vn -0.029816455 -0.139259611 0.989806920
vn -0.970692893 -0.083401018 -0.225387617
vn -0.029816455 -0.139259611 0.989806920
vn -0.416748752 0.657265005 -0.627951584
vn 0.355015716 0.863752570 0.357624577
vn -0.970692893 -0.083401018 -0.225387617
vn -0.943775922 -0.322589955 0.072268460
vn -0.990573788 -0.001804280 -0.136968302
vn -0.990573788 -0.001804280 -0.136968302
vn -0.695704344 -0.695020717 -0.181498402
vn -0.665251931 -0.743120366 -0.072194114
vn -0.695704344 -0.695020717 -0.181498402
vn -0.990573788 -0.001804280 -0.136968302
vn -0.943775922 -0.322589955 0.072268460
vn 0.661413121 -0.518328238 -0.542096413
vn -0.021842454 -0.819804456 0.572226844
vn 0.873032920 -0.429694086 0.230600332
vn -0.021842454 -0.819804456 0.572226844
vn 0.661413121 -0.518328238 -0.542096413
vn -0.695704344 -0.695020717 -0.181498402
vn 0.634050571 -0.766220062 -0.104339301
vn 0.935068750 0.223704895 -0.274959184
vn 0.888475492 0.453697969 -0.069061230
vn 0.935068750 0.223704895 -0.274959184
vn 0.634050571 -0.766220062 -0.104339301
vn 0.661413121 -0.518328238 -0.542096413
vn 0.935068750 0.223704895 -0.274959184
vn 0.673549840 0.552196437 -0.491334620
vn 0.888475492 0.453697969 -0.069061230
vn 0.965454295 0.223085419 -0.134651028
vn 0.970452483 0.046086707 -0.236850150
vn 0.811221045 0.568985252 -0.134819136
vn 0.970452483 0.046086707 -0.236850150
vn 0.991228390 -0.037764581 -0.126649578
vn 0.811221045 0.568985252 -0.134819136
vn -0.918870666 0.332839880 0.211882781
vn 0.578936263 0.270362461 0.769244398
vn 0.516588963 0.702231271 0.489905181
vn 0.728554061 0.360158712 0.582661722
vn 0.462559579 -0.009324584 0.886539163
vn 0.508213922 0.664310020 0.548097443
vn 0.462559579 -0.009324584 0.886539163
vn 0.728554061 0.360158712 0.582661722
vn 0.746519109 0.557812528 0.362704292
vn 0.955555556 0.115780187 0.271124561
vn 0.837099307 -0.539811499 0.088703411
vn 0.996664037 0.063908777 0.050758896
vn 0.837099307 -0.539811499 0.088703411
vn 0.955555556 0.115780187 0.271124561
vn 0.914706202 -0.354023809 0.194883830
vn -0.002291028 0.557400296 -0.830240725
vn -0.382504243 0.503875221 -0.774467731
vn -0.187420225 0.272628040 -0.943688302
vn 0.155556310 0.977064884 0.145418179
vn -0.265892444 0.958277955 0.104902669
vn -0.205984591 0.955357364 -0.211808063
vn 0.728554061 0.360158712 0.582661722
vn 0.556732252 0.771100404 0.308955283
vn 0.822576844 0.467303130 0.324029505
vn 0.556732252 0.771100404 0.308955283
vn 0.728554061 0.360158712 0.582661722
vn 0.508213922 0.664310020 0.548097443
vn 0.934556747 0.098566393 0.341889386
vn 0.822576844 0.467303130 0.324029505
vn 0.971674584 0.228815000 0.059094827
vn 0.822576844 0.467303130 0.324029505
vn 0.934556747 0.098566393 0.341889386
vn 0.728554061 0.360158712 0.582661722
vn 0.635500827 0.772036014 -0.009954465
vn 0.399367848 0.907388976 -0.130960179
vn 0.727068549 0.674532951 -0.127971183
vn 0.399367848 0.907388976 -0.130960179
vn 0.635500827 0.772036014 -0.009954465
vn 0.510983925 0.857162875 0.064554125
vn 0.635500827 0.772036014 -0.009954465
vn 0.727068549 0.674532951 -0.127971183
vn 0.971674584 0.228815000 0.059094827
vn 0.914706202 -0.354023809 0.194883830
vn 0.937767444 0.343202701 0.052954008
vn 0.950810001 -0.295470509 -0.093045798
vn 0.937767444 0.343202701 0.052954008
vn 0.914706202 -0.354023809 0.194883830
vn 0.955555556 0.115780187 0.271124561
vn 0.613803012 -0.739232872 -0.277093167
vn 0.779740746 -0.259004708 -0.570018359
vn 0.461667014 -0.533175375 -0.708934121
vn 0.779740746 -0.259004708 -0.570018359
vn 0.613803012 -0.739232872 -0.277093167
vn 0.950810001 -0.295470509 -0.093045798
vn 0.934556747 0.098566393 0.341889386
vn 0.746519109 0.557812528 0.362704292
vn 0.728554061 0.360158712 0.582661722
vn 0.399367848 0.907388976 -0.130960179
vn 0.155556310 0.977064884 0.145418179
vn -0.205984591 0.955357364 -0.211808063
vn 0.500071776 0.842230054 0.201436725
vn 0.329110875 0.874588713 0.356062656
vn 0.048908428 0.965465288 0.255899869
vn 0.508213922 0.664310020 0.548097443
vn 0.462559579 -0.009324584 0.886539163
vn 0.311224575 0.629869348 0.711620593
vn 0.311224575 0.629869348 0.711620593
vn 0.182301305 -0.266483286 0.946442229
vn -0.439020445 0.503838946 0.743913548
vn 0.182301305 -0.266483286 0.946442229
vn 0.311224575 0.629869348 0.711620593
vn 0.462559579 -0.009324584 0.886539163
vn -0.077259700 0.811135623 -0.579732645
vn 0.399367848 0.907388976 -0.130960179
vn -0.205984591 0.955357364 -0.211808063
vn 0.317263054 0.721885702 -0.615000153
vn 0.848431274 0.420293494 -0.321741748
vn 0.727068549 0.674532951 -0.127971183
vn 0.848431274 0.420293494 -0.321741748
vn 0.317263054 0.721885702 -0.615000153
vn 0.423870627 0.392568803 -0.816225108
vn 0.461667014 -0.533175375 -0.708934121
vn 0.290727740 0.086681060 -0.952871332
vn 0.093556841 -0.069294055 -0.993199603
vn 0.399367848 0.907388976 -0.130960179
vn 0.317263054 0.721885702 -0.615000153
vn 0.727068549 0.674532951 -0.127971183
vn 0.467084632 -0.877799931 0.106297829
vn 0.914706202 -0.354023809 0.194883830
vn 0.623482293 -0.769930629 0.135928866
vn 0.914706202 -0.354023809 0.194883830
vn 0.467084632 -0.877799931 0.106297829
vn 0.837099307 -0.539811499 0.088703411
vn 0.623482293 -0.769930629 0.135928866
vn 0.950810001 -0.295470509 -0.093045798
vn 0.613803012 -0.739232872 -0.277093167
vn 0.950810001 -0.295470509 -0.093045798
vn 0.623482293 -0.769930629 0.135928866
vn 0.914706202 -0.354023809 0.194883830
vn 0.779740746 -0.259004708 -0.570018359
vn 0.950810001 -0.295470509 -0.093045798
vn 0.848431274 0.420293494 -0.321741748
vn 0.423870627 0.392568803 -0.816225108
vn 0.779740746 -0.259004708 -0.570018359
vn 0.848431274 0.420293494 -0.321741748
vn 0.525329678 0.848559250 0.063054968
vn 0.972543077 0.168748985 0.160261486
vn 0.587485751 0.788144994 0.183542801
vn 0.972543077 0.168748985 0.160261486
vn 0.525329678 0.848559250 0.063054968
vn 0.605708950 0.589640917 -0.534266092
vn 0.822576844 0.467303130 0.324029505
vn 0.972543077 0.168748985 0.160261486
vn 0.971674584 0.228815000 0.059094827
vn 0.972543077 0.168748985 0.160261486
vn 0.822576844 0.467303130 0.324029505
vn 0.587485751 0.788144994 0.183542801
vn 0.971674584 0.228815000 0.059094827
vn 0.605708950 0.589640917 -0.534266092
vn 0.635500827 0.772036014 -0.009954465
vn 0.605708950 0.589640917 -0.534266092
vn 0.971674584 0.228815000 0.059094827
vn 0.972543077 0.168748985 0.160261486
vn 0.635500827 0.772036014 -0.009954465
vn 0.525329678 0.848559250 0.063054968
vn 0.596519780 0.794695827 0.112350769
vn 0.525329678 0.848559250 0.063054968
vn 0.635500827 0.772036014 -0.009954465
vn 0.605708950 0.589640917 -0.534266092
vn 0.596519780 0.794695827 0.112350769
vn 0.587485751 0.788144994 0.183542801
vn 0.822576844 0.467303130 0.324029505
vn 0.587485751 0.788144994 0.183542801
vn 0.596519780 0.794695827 0.112350769
vn 0.525329678 0.848559250 0.063054968
vn 0.134769994 0.955355797 0.262930315
vn 0.500071776 0.842230054 0.201436725
vn 0.048908428 0.965465288 0.255899869
vn 0.500071776 0.842230054 0.201436725
vn 0.134769994 0.955355797 0.262930315
vn 0.510983925 0.857162875 0.064554125
vn 0.500071776 0.842230054 0.201436725
vn 0.635500827 0.772036014 -0.009954465
vn 0.596519780 0.794695827 0.112350769
vn 0.635500827 0.772036014 -0.009954465
vn 0.500071776 0.842230054 0.201436725
vn 0.510983925 0.857162875 0.064554125
vn 0.746519109 0.557812528 0.362704292
vn 0.269977766 0.415969832 -0.868378434
vn 0.089408978 0.879097969 -0.468180302
vn 0.269977766 0.415969832 -0.868378434
vn 0.746519109 0.557812528 0.362704292
vn 0.996664037 0.063908777 0.050758896
vn 0.269977766 0.415969832 -0.868378434
vn -0.283568802 -0.030934344 -0.958452816
vn -0.363422199 0.552808356 -0.749884809
vn 0.996664037 0.063908777 0.050758896
vn 0.934556747 0.098566393 0.341889386
vn 0.955555556 0.115780187 0.271124561
vn 0.934556747 0.098566393 0.341889386
vn 0.996664037 0.063908777 0.050758896
vn 0.746519109 0.557812528 0.362704292
vn 0.934556747 0.098566393 0.341889386
vn 0.971674584 0.228815000 0.059094827
vn 0.955555556 0.115780187 0.271124561
vn -0.135283872 0.951166545 -0.277453559
vn -0.083782694 0.906466862 -0.413881973
vn -0.143257306 0.945431018 -0.292638913
vn -0.083782694 0.906466862 -0.413881973
vn -0.135283872 0.951166545 -0.277453559
vn 0.089408978 0.879097969 -0.468180302
vn 0.397605620 0.912867446 0.092643387
vn 0.209094422 0.977837437 -0.010652183
vn 0.541660804 0.840239088 0.024532586
vn 0.209094422 0.977837437 -0.010652183
vn 0.397605620 0.912867446 0.092643387
vn 0.275831217 0.961124702 -0.012507844
vn -0.212730594 -0.956302351 -0.200577933
vn 0.011533753 -0.998277477 0.057524347
vn 0.042255239 -0.974881051 -0.218681115
vn 0.011533753 -0.998277477 0.057524347
vn -0.212730594 -0.956302351 -0.200577933
vn -0.216198026 -0.976346263 0.002527486
vn 0.011533753 -0.998277477 0.057524347
vn -0.258988896 -0.892731716 0.368720539
vn 0.089378004 -0.960309169 0.264230718
vn -0.258988896 -0.892731716 0.368720539
vn 0.011533753 -0.998277477 0.057524347
vn -0.216198026 -0.976346263 0.002527486
vn -0.258988896 -0.892731716 0.368720539
vn -0.156911683 -0.864653859 0.477234144
vn 0.089378004 -0.960309169 0.264230718
vn -0.156911683 -0.864653859 0.477234144
vn -0.258988896 -0.892731716 0.368720539
vn 0.025731995 -0.030533152 0.999202478
vn -0.044667350 0.910726047 0.410588475
vn 0.089408978 0.879097969 -0.468180302
vn -0.135283872 0.951166545 -0.277453559
vn 0.089408978 0.879097969 -0.468180302
vn -0.044667350 0.910726047 0.410588475
vn 0.746519109 0.557812528 0.362704292
vn 0.025731995 -0.030533152 0.999202478
vn 0.578936263 0.270362461 0.769244398
vn -0.156911683 -0.864653859 0.477234144
vn -0.156911683 -0.864653859 0.477234144
vn 0.578936263 0.270362461 0.769244398
vn -0.918870666 0.332839880 0.211882781
vn 0.290727740 0.086681060 -0.952871332
vn -0.187420225 0.272628040 -0.943688302
vn 0.093556841 -0.069294055 -0.993199603
vn -0.187420225 0.272628040 -0.943688302
vn 0.290727740 0.086681060 -0.952871332
vn -0.002291028 0.557400296 -0.830240725
vn -0.004967883 0.940891956 0.338670412
vn -0.083805573 0.985063044 0.150424154
vn 0.048908428 0.965465288 0.255899869
vn -0.083805573 0.985063044 0.150424154
vn -0.004967883 0.940891956 0.338670412
vn -0.130572449 0.980190113 0.148923396
vn 0.462559579 -0.009324584 0.886539163
vn -0.044667350 0.910726047 0.410588475
vn 0.182301305 -0.266483286 0.946442229
vn -0.044667350 0.910726047 0.410588475
vn 0.462559579 -0.009324584 0.886539163
vn 0.746519109 0.557812528 0.362704292
vn -0.562322934 0.708281385 -0.426767382
vn -0.382504243 0.503875221 -0.774467731
vn -0.077259700 0.811135623 -0.579732645
vn -0.562322934 0.708281385 -0.426767382
vn -0.205984591 0.955357364 -0.211808063
vn -0.615593893 0.763052172 -0.196965838
vn -0.205984591 0.955357364 -0.211808063
vn -0.562322934 0.708281385 -0.426767382
vn -0.077259700 0.811135623 -0.579732645
vn 0.048908428 0.965465288 0.255899869
vn -0.196998363 0.918806093 0.342033635
vn 0.134769994 0.955355797 0.262930315
vn -0.196998363 0.918806093 0.342033635
vn 0.048908428 0.965465288 0.255899869
vn -0.083805573 0.985063044 0.150424154
vn 0.056764760 -0.124229051 0.990628540
vn -0.351499828 -0.501983856 0.790227865
vn 0.248168638 0.349843242 0.903339379
vn 0.248168638 0.349843242 0.903339379
vn 0.684668147 0.726510072 0.058417842
vn 0.056764760 -0.124229051 0.990628540
vn 0.561626563 0.818980632 0.117670418
vn 0.965454295 0.223085419 -0.134651028
vn 0.541660804 0.840239088 0.024532586
vn 0.965454295 0.223085419 -0.134651028
vn 0.561626563 0.818980632 0.117670418
vn 0.975785934 0.215014330 0.040132894
vn 0.975785934 0.215014330 0.040132894
vn 0.859099688 -0.495402428 -0.128546332
vn 0.965454295 0.223085419 -0.134651028
vn 0.859099688 -0.495402428 -0.128546332
vn 0.975785934 0.215014330 0.040132894
vn 0.917830923 -0.396366589 0.021907175
vn 0.859099688 -0.495402428 -0.128546332
vn 0.244707076 -0.969571632 -0.007021218
vn 0.021517578 -0.988562721 -0.149267349
vn 0.244707076 -0.969571632 -0.007021218
vn 0.859099688 -0.495402428 -0.128546332
vn 0.917830923 -0.396366589 0.021907175
vn 0.021517578 -0.988562721 -0.149267349
vn -0.131526098 -0.991210263 0.014251319
vn -0.206584856 -0.969395805 -0.132644153
vn -0.131526098 -0.991210263 0.014251319
vn 0.021517578 -0.988562721 -0.149267349
vn 0.244707076 -0.969571632 -0.007021218
vn 0.269977766 0.415969832 -0.868378434
vn -0.363422199 0.552808356 -0.749884809
vn 0.089408978 0.879097969 -0.468180302
vn 0.089408978 0.879097969 -0.468180302
vn -0.363422199 0.552808356 -0.749884809
vn -0.336368639 0.841643122 -0.422484312
vn -0.336368639 0.841643122 -0.422484312
vn -0.209069188 0.376509686 -0.902513452
vn 0.138916673 0.894645703 -0.424630691
vn -0.209069188 0.376509686 -0.902513452
vn -0.336368639 0.841643122 -0.422484312
vn -0.363422199 0.552808356 -0.749884809
vn 0.138916673 0.894645703 -0.424630691
vn 0.258433408 0.478599629 -0.839139184
vn 0.449194368 0.885552203 0.118413329
vn 0.258433408 0.478599629 -0.839139184
vn 0.138916673 0.894645703 -0.424630691
vn -0.209069188 0.376509686 -0.902513452
vn 0.258433408 0.478599629 -0.839139184
vn 0.684668147 0.726510072 0.058417842
vn 0.449194368 0.885552203 0.118413329
vn 0.061878365 -0.212207030 -0.975263679
vn 0.258433408 0.478599629 -0.839139184
vn -0.184359136 -0.291932009 -0.938502750
vn 0.034246302 0.981226561 -0.189793641
vn -0.945309938 0.316569106 0.078569216
vn -0.918870666 0.332839880 0.211882781
vn 0.155556310 0.977064884 0.145418179
vn 0.510983925 0.857162875 0.064554125
vn 0.134769994 0.955355797 0.262930315
vn -0.196998363 0.918806093 0.342033635
vn 0.155556310 0.977064884 0.145418179
vn 0.134769994 0.955355797 0.262930315
vn 0.155556310 0.977064884 0.145418179
vn -0.196998363 0.918806093 0.342033635
vn -0.265892444 0.958277955 0.104902669
vn 0.155556310 0.977064884 0.145418179
vn 0.399367848 0.907388976 -0.130960179
vn 0.510983925 0.857162875 0.064554125
vn 0.425959339 -0.062414628 0.902586869
vn -0.029816455 -0.139259611 0.989806920
vn 0.355015716 0.863752570 0.357624577
vn 0.311224575 0.629869348 0.711620593
vn -0.211662590 0.941796199 0.261187417
vn 0.121631847 0.965102721 0.231910398
vn 0.329110875 0.874588713 0.356062656
vn 0.500071776 0.842230054 0.201436725
vn 0.556732252 0.771100404 0.308955283
vn 0.311224575 0.629869348 0.711620593
vn 0.329110875 0.874588713 0.356062656
vn 0.508213922 0.664310020 0.548097443
vn 0.121631847 0.965102721 0.231910398
vn -0.313720765 0.906965773 0.281055808
vn -0.004967883 0.940891956 0.338670412
vn -0.313720765 0.906965773 0.281055808
vn 0.121631847 0.965102721 0.231910398
vn -0.211662590 0.941796199 0.261187417
vn -0.083805573 0.985063044 0.150424154
vn -0.594145116 0.710601068 0.376878897
vn -0.619828857 0.748502252 0.235704405
vn -0.313720765 0.906965773 0.281055808
vn -0.194631790 0.863930988 0.464480048
vn -0.004967883 0.940891956 0.338670412
vn -0.605954529 0.727588045 0.321612726
vn -0.211662590 0.941796199 0.261187417
vn -0.628167912 0.762374386 0.155532538
vn -0.211662590 0.941796199 0.261187417
vn -0.605954529 0.727588045 0.321612726
vn -0.313720765 0.906965773 0.281055808
vn 0.329110875 0.874588713 0.356062656
vn 0.121631847 0.965102721 0.231910398
vn -0.004967883 0.940891956 0.338670412
vn 0.121631847 0.965102721 0.231910398
vn 0.329110875 0.874588713 0.356062656
vn 0.311224575 0.629869348 0.711620593
vn 0.329110875 0.874588713 0.356062656
vn 0.556732252 0.771100404 0.308955283
vn 0.508213922 0.664310020 0.548097443
vn 0.822576844 0.467303130 0.324029505
vn 0.500071776 0.842230054 0.201436725
vn 0.596519780 0.794695827 0.112350769
vn 0.500071776 0.842230054 0.201436725
vn 0.822576844 0.467303130 0.324029505
vn 0.556732252 0.771100404 0.308955283
vn 0.048908428 0.965465288 0.255899869
vn 0.329110875 0.874588713 0.356062656
vn -0.004967883 0.940891956 0.338670412
vn -0.615593893 0.763052172 -0.196965838
vn -0.265892444 0.958277955 0.104902669
vn -0.632328246 0.771218849 0.073365366
vn -0.265892444 0.958277955 0.104902669
vn -0.615593893 0.763052172 -0.196965838
vn -0.205984591 0.955357364 -0.211808063
vn -0.265892444 0.958277955 0.104902669
vn -0.614979462 0.741014644 0.269624848
vn -0.632328246 0.771218849 0.073365366
vn -0.614979462 0.741014644 0.269624848
vn -0.265892444 0.958277955 0.104902669
vn -0.196998363 0.918806093 0.342033635
vn -0.614979462 0.741014644 0.269624848
vn -0.083805573 0.985063044 0.150424154
vn -0.619828857 0.748502252 0.235704405
vn -0.083805573 0.985063044 0.150424154
vn -0.614979462 0.741014644 0.269624848
vn -0.196998363 0.918806093 0.342033635
vn -0.130572449 0.980190113 0.148923396
vn -0.004967883 0.940891956 0.338670412
vn -0.194631790 0.863930988 0.464480048
vn 0.917830923 -0.396366589 0.021907175
vn 0.997241256 -0.068782968 -0.027906640
vn 0.570918558 -0.820470047 0.029679998
vn 0.335851136 -0.855773838 -0.393516394
vn 0.920115886 0.182977033 -0.346274692
vn 0.081810883 -0.893616490 -0.441312302
vn 0.997241256 -0.068782968 -0.027906640
vn 0.596171726 -0.775943490 -0.206133389
vn 0.570918558 -0.820470047 0.029679998
vn 0.596171726 -0.775943490 -0.206133389
vn 0.997241256 -0.068782968 -0.027906640
vn 0.960430686 -0.084828925 -0.265286546
vn 0.570918558 -0.820470047 0.029679998
vn 0.244707076 -0.969571632 -0.007021218
vn 0.917830923 -0.396366589 0.021907175
vn -0.211662590 0.941796199 0.261187417
vn -0.439020445 0.503838946 0.743913548
vn -0.628167912 0.762374386 0.155532538
vn -0.143713243 -0.848726172 -0.508930632
vn -0.097131943 -0.857139653 -0.505842862
vn 0.068730461 -0.341979386 -0.937190601
vn -0.194631790 0.863930988 0.464480048
vn -0.605954529 0.727588045 0.321612726
vn -0.509230219 0.595430336 0.621407514
vn -0.605954529 0.727588045 0.321612726
vn -0.194631790 0.863930988 0.464480048
vn -0.313720765 0.906965773 0.281055808
vn -0.594145116 0.710601068 0.376878897
vn -0.194631790 0.863930988 0.464480048
vn -0.509230219 0.595430336 0.621407514
vn -0.194631790 0.863930988 0.464480048
vn -0.594145116 0.710601068 0.376878897
vn -0.130572449 0.980190113 0.148923396
vn 0.207052235 -0.973511001 -0.096983003
vn -0.081829504 -0.956072714 -0.281476284
vn -0.009011428 -0.998791801 0.048308726
vn -0.081829504 -0.956072714 -0.281476284
vn 0.207052235 -0.973511001 -0.096983003
vn 0.130809077 -0.938831277 -0.318566819
vn 0.130809077 -0.938831277 -0.318566819
vn 0.596171726 -0.775943490 -0.206133389
vn 0.335851136 -0.855773838 -0.393516394
vn 0.596171726 -0.775943490 -0.206133389
vn 0.130809077 -0.938831277 -0.318566819
vn 0.207052235 -0.973511001 -0.096983003
vn 0.596171726 -0.775943490 -0.206133389
vn 0.920115886 0.182977033 -0.346274692
vn 0.335851136 -0.855773838 -0.393516394
vn 0.920115886 0.182977033 -0.346274692
vn 0.596171726 -0.775943490 -0.206133389
vn 0.960430686 -0.084828925 -0.265286546
vn 0.920115886 0.182977033 -0.346274692
vn 0.902900711 0.262100034 -0.340696167
vn 0.896075517 0.267381928 -0.354338218
vn 0.902900711 0.262100034 -0.340696167
vn 0.920115886 0.182977033 -0.346274692
vn 0.960430686 -0.084828925 -0.265286546
vn 0.896075517 0.267381928 -0.354338218
vn 0.887294323 0.050512257 -0.458429161
vn 0.981435323 -0.191758128 -0.003678018
vn 0.887294323 0.050512257 -0.458429161
vn 0.896075517 0.267381928 -0.354338218
vn 0.902900711 0.262100034 -0.340696167
vn 0.805623423 0.544067545 -0.234438491
vn 0.981435323 -0.191758128 -0.003678018
vn 0.887294323 0.050512257 -0.458429161
vn 0.981435323 -0.191758128 -0.003678018
vn 0.805623423 0.544067545 -0.234438491
vn 0.580836056 0.803884686 -0.128058143
vn 0.322333004 0.935081058 -0.147393518
vn 0.099739426 0.985580317 0.136687544
vn -0.048345180 0.990308723 -0.130197450
vn 0.099739426 0.985580317 0.136687544
vn 0.322333004 0.935081058 -0.147393518
vn 0.610011612 0.791382032 0.040003904
vn 0.610011612 0.791382032 0.040003904
vn 0.805623423 0.544067545 -0.234438491
vn 0.948930816 0.309183777 -0.062735152
vn 0.805623423 0.544067545 -0.234438491
vn 0.610011612 0.791382032 0.040003904
vn 0.322333004 0.935081058 -0.147393518
vn 0.025139493 0.947539172 -0.318649531
vn -0.001516803 0.980466612 -0.196679747
vn 0.580836056 0.803884686 -0.128058143
vn -0.001516803 0.980466612 -0.196679747
vn 0.025139493 0.947539172 -0.318649531
vn -0.083782694 0.906466862 -0.413881973
vn 0.580836056 0.803884686 -0.128058143
vn 0.425859120 0.856125956 0.292732568
vn 0.248168638 0.349843242 0.903339379
vn 0.425859120 0.856125956 0.292732568
vn 0.580836056 0.803884686 -0.128058143
vn -0.001516803 0.980466612 -0.196679747
vn 0.425859120 0.856125956 0.292732568
vn 0.449194368 0.885552203 0.118413329
vn 0.248168638 0.349843242 0.903339379
vn -0.515854301 -0.632245609 -0.578065593
vn 0.920115886 0.182977033 -0.346274692
vn -0.351499828 -0.501983856 0.790227865
vn 0.920115886 0.182977033 -0.346274692
vn -0.515854301 -0.632245609 -0.578065593
vn 0.081810883 -0.893616490 -0.441312302
vn -0.083782694 0.906466862 -0.413881973
vn -0.161394105 0.925747394 -0.341970328
vn -0.143257306 0.945431018 -0.292638913
vn -0.161394105 0.925747394 -0.341970328
vn -0.083782694 0.906466862 -0.413881973
vn 0.025139493 0.947539172 -0.318649531
vn 0.937767444 0.343202701 0.052954008
vn 0.727068549 0.674532951 -0.127971183
vn 0.848431274 0.420293494 -0.321741748
vn 0.955555556 0.115780187 0.271124561
vn 0.971674584 0.228815000 0.059094827
vn 0.937767444 0.343202701 0.052954008
vn 0.727068549 0.674532951 -0.127971183
vn 0.937767444 0.343202701 0.052954008
vn 0.971674584 0.228815000 0.059094827
vn 0.848431274 0.420293494 -0.321741748
vn 0.950810001 -0.295470509 -0.093045798
vn 0.937767444 0.343202701 0.052954008
vn -0.077259700 0.811135623 -0.579732645
vn -0.002291028 0.557400296 -0.830240725
vn 0.317263054 0.721885702 -0.615000153
vn -0.002291028 0.557400296 -0.830240725
vn 0.423870627 0.392568803 -0.816225108
vn 0.317263054 0.721885702 -0.615000153
vn 0.423870627 0.392568803 -0.816225108
vn -0.002291028 0.557400296 -0.830240725
vn 0.290727740 0.086681060 -0.952871332
vn 0.290727740 0.086681060 -0.952871332
vn 0.779740746 -0.259004708 -0.570018359
vn 0.423870627 0.392568803 -0.816225108
vn 0.317263054 0.721885702 -0.615000153
vn 0.399367848 0.907388976 -0.130960179
vn -0.077259700 0.811135623 -0.579732645
vn -0.031885415 -0.985875182 0.164418511
vn 0.244707076 -0.969571632 -0.007021218
vn 0.196405879 -0.977966259 0.070758231
vn 0.244707076 -0.969571632 -0.007021218
vn -0.031885415 -0.985875182 0.164418511
vn -0.131526098 -0.991210263 0.014251319
vn -0.143713243 -0.848726172 -0.508930632
vn -0.159928473 -0.854066894 -0.494967296
vn -0.097131943 -0.857139653 -0.505842862
vn 0.541660804 0.840239088 0.024532586
vn 0.161814179 0.977665185 0.134115464
vn 0.561626563 0.818980632 0.117670418
vn 0.161814179 0.977665185 0.134115464
vn 0.541660804 0.840239088 0.024532586
vn 0.209094422 0.977837437 -0.010652183
vn -0.211662590 0.941796199 0.261187417
vn 0.311224575 0.629869348 0.711620593
vn -0.439020445 0.503838946 0.743913548
vn -0.594145116 0.710601068 0.376878897
vn -0.083805573 0.985063044 0.150424154
vn -0.130572449 0.980190113 0.148923396
vn -0.002291028 0.557400296 -0.830240725
vn -0.077259700 0.811135623 -0.579732645
vn -0.382504243 0.503875221 -0.774467731
vn 0.290727740 0.086681060 -0.952871332
vn 0.461667014 -0.533175375 -0.708934121
vn 0.779740746 -0.259004708 -0.570018359
vn 0.527489472 0.822399000 0.213107348
vn 0.704039433 0.705384091 -0.082229926
vn 0.458552358 0.887571553 -0.044118865
vn 0.704039433 0.705384091 -0.082229926
vn 0.527489472 0.822399000 0.213107348
vn 0.612587978 0.772353194 0.167947948
vn 0.076451246 0.994479573 0.071872016
vn 0.458552358 0.887571553 -0.044118865
vn 0.145754453 0.975093162 -0.167179440
vn 0.458552358 0.887571553 -0.044118865
vn 0.076451246 0.994479573 0.071872016
vn 0.527489472 0.822399000 0.213107348
vn -0.201130769 0.966258875 -0.160904319
vn 0.145754453 0.975093162 -0.167179440
vn 0.179567750 0.961194554 -0.209428873
vn 0.145754453 0.975093162 -0.167179440
vn -0.201130769 0.966258875 -0.160904319
vn 0.076451246 0.994479573 0.071872016
vn 0.034246302 0.981226561 -0.189793641
vn 0.179567750 0.961194554 -0.209428873
vn 0.389932637 0.917985013 -0.072498655
vn 0.179567750 0.961194554 -0.209428873
vn 0.034246302 0.981226561 -0.189793641
vn -0.201130769 0.966258875 -0.160904319
vn 0.389932637 0.917985013 -0.072498655
vn 0.397605620 0.912867446 0.092643387
vn 0.034246302 0.981226561 -0.189793641
vn 0.875287288 0.482340853 -0.034920828
vn 0.612587978 0.772353194 0.167947948
vn 0.206492029 0.947177950 -0.245387394
vn 0.612587978 0.772353194 0.167947948
vn 0.875287288 0.482340853 -0.034920828
vn 0.704039433 0.705384091 -0.082229926
vn -0.091691400 -0.983327436 -0.157034520
vn -0.182834238 -0.973771622 -0.135426988
vn 0.293726980 -0.951256960 -0.093992852
vn -0.182834238 -0.973771622 -0.135426988
vn -0.091691400 -0.983327436 -0.157034520
vn -0.201235970 -0.963919598 -0.174250089
vn -0.188717510 -0.967335888 -0.169254193
vn -0.091691400 -0.983327436 -0.157034520
vn -0.190791780 -0.960743896 -0.201419125
vn -0.091691400 -0.983327436 -0.157034520
vn -0.188717510 -0.967335888 -0.169254193
vn -0.201235970 -0.963919598 -0.174250089
vn -0.219977092 -0.970824153 0.095449166
vn -0.190791780 -0.960743896 -0.201419125
vn 0.255301494 -0.963590980 0.079457978
vn -0.190791780 -0.960743896 -0.201419125
vn -0.219977092 -0.970824153 0.095449166
vn -0.188717510 -0.967335888 -0.169254193
vn 0.061673133 -0.969107723 0.238802524
vn -0.219977092 -0.970824153 0.095449166
vn 0.255301494 -0.963590980 0.079457978
vn -0.219977092 -0.970824153 0.095449166
vn 0.061673133 -0.969107723 0.238802524
vn -0.454525247 -0.830367662 0.322329560
vn 0.061673133 -0.969107723 0.238802524
vn -0.345625827 -0.910618886 0.226530421
vn -0.454525247 -0.830367662 0.322329560
vn 0.981435323 -0.191758128 -0.003678018
vn 0.920115886 0.182977033 -0.346274692
vn 0.896075517 0.267381928 -0.354338218
vn -0.409392760 0.784448569 -0.465873386
vn -0.384006258 0.864697968 -0.323784832
vn -0.513441469 0.831011121 -0.214005548
vn -0.384006258 0.864697968 -0.323784832
vn -0.409392760 0.784448569 -0.465873386
vn -0.580077352 0.784174471 -0.220410221
vn -0.661009064 0.721545225 0.206008510
vn -0.328046624 0.944077569 0.033210794
vn -0.758651492 0.557398003 0.337276416
vn -0.328046624 0.944077569 0.033210794
vn -0.661009064 0.721545225 0.206008510
vn -0.330905123 0.902530698 -0.275572383
vn -0.692589176 -0.485594285 -0.533402684
vn -0.131273069 -0.885479067 -0.445751280
vn -0.187481923 -0.867159171 -0.461395169
vn -0.131273069 -0.885479067 -0.445751280
vn -0.692589176 -0.485594285 -0.533402684
vn -0.427622276 -0.025645453 -0.903593659
vn -0.929949595 -0.188662218 -0.315595181
vn -0.364692515 -0.926337513 -0.094330168
vn -0.972816015 -0.224406673 -0.057189562
vn -0.364692515 -0.926337513 -0.094330168
vn -0.929949595 -0.188662218 -0.315595181
vn -0.451957720 -0.865852302 -0.214555381
vn -0.802748543 0.585864279 -0.111165749
vn -0.929949595 -0.188662218 -0.315595181
vn -0.972816015 -0.224406673 -0.057189562
vn -0.929949595 -0.188662218 -0.315595181
vn -0.802748543 0.585864279 -0.111165749
vn -0.864206646 0.435041590 -0.252756183
vn -0.174876170 0.984472749 0.015222728
vn -0.605573226 0.774577344 -0.182513031
vn -0.802748543 0.585864279 -0.111165749
vn -0.605573226 0.774577344 -0.182513031
vn -0.174876170 0.984472749 0.015222728
vn -0.025103386 0.992665274 -0.118260192
vn -0.330905123 0.902530698 -0.275572383
vn -0.048345180 0.990308723 -0.130197450
vn -0.328046624 0.944077569 0.033210794
vn -0.048345180 0.990308723 -0.130197450
vn -0.330905123 0.902530698 -0.275572383
vn -0.161394105 0.925747394 -0.341970328
vn -0.451957720 -0.865852302 -0.214555381
vn -0.206584856 -0.969395805 -0.132644153
vn -0.364692515 -0.926337513 -0.094330168
vn -0.206584856 -0.969395805 -0.132644153
vn -0.451957720 -0.865852302 -0.214555381
vn -0.212730594 -0.956302351 -0.200577933
vn -0.189193185 -0.949839806 0.249018636
vn -0.009011428 -0.998791801 0.048308726
vn -0.210625446 -0.968812686 0.130533142
vn -0.009011428 -0.998791801 0.048308726
vn -0.189193185 -0.949839806 0.249018636
vn -0.031885415 -0.985875182 0.164418511
vn -0.309234861 0.936415030 -0.165833329
vn -0.976544808 0.078927291 -0.200326534
vn -0.974711624 0.159275582 -0.156743544
vn -0.976544808 0.078927291 -0.200326534
vn -0.309234861 0.936415030 -0.165833329
vn -0.195483443 0.975691388 -0.099058263
vn -0.976544808 0.078927291 -0.200326534
vn -0.391226766 0.911456919 0.127231690
vn -0.989947819 -0.137212152 0.034294904
vn -0.391226766 0.911456919 0.127231690
vn -0.976544808 0.078927291 -0.200326534
vn -0.195483443 0.975691388 -0.099058263
vn 0.741838639 0.627666570 0.236029893
vn 0.860776873 -0.364243024 0.355513986
vn 0.668018220 0.714734882 0.207136926
vn 0.860776873 -0.364243024 0.355513986
vn 0.741838639 0.627666570 0.236029893
vn 0.581045443 -0.700679058 0.414047161
vn 0.668018220 0.714734882 0.207136926
vn 0.982612103 0.003618000 0.185635032
vn 0.648209323 0.749908499 0.132143547
vn 0.982612103 0.003618000 0.185635032
vn 0.668018220 0.714734882 0.207136926
vn 0.860776873 -0.364243024 0.355513986
vn 0.581045443 -0.700679058 0.414047161
vn -0.245462486 -0.963520580 0.106659547
vn 0.860776873 -0.364243024 0.355513986
vn -0.245462486 -0.963520580 0.106659547
vn 0.581045443 -0.700679058 0.414047161
vn -0.477858599 -0.878394238 -0.008644138
vn 0.860776873 -0.364243024 0.355513986
vn -0.139999023 -0.989494262 -0.036074621
vn 0.982612103 0.003618000 0.185635032
vn -0.139999023 -0.989494262 -0.036074621
vn 0.860776873 -0.364243024 0.355513986
vn -0.245462486 -0.963520580 0.106659547
vn -0.477858599 -0.878394238 -0.008644138
vn -0.976544808 0.078927291 -0.200326534
vn -0.245462486 -0.963520580 0.106659547
vn -0.976544808 0.078927291 -0.200326534
vn -0.477858599 -0.878394238 -0.008644138
vn -0.974711624 0.159275582 -0.156743544
vn -0.245462486 -0.963520580 0.106659547
vn -0.989947819 -0.137212152 0.034294904
vn -0.139999023 -0.989494262 -0.036074621
vn -0.989947819 -0.137212152 0.034294904
vn -0.245462486 -0.963520580 0.106659547
vn -0.976544808 0.078927291 -0.200326534
vn -0.485741178 -0.628435798 0.607555723
vn 0.710381876 -0.440135765 0.549215894
vn -0.162498023 -0.938339403 0.305145140
vn 0.710381876 -0.440135765 0.549215894
vn -0.485741178 -0.628435798 0.607555723
vn 0.457701471 0.031644081 0.888542636
vn -0.611908818 0.762850729 0.208869249
vn -0.999346583 0.029683563 0.020622650
vn -0.990169553 -0.061326771 -0.125711108
vn -0.999346583 0.029683563 0.020622650
vn -0.611908818 0.762850729 0.208869249
vn -0.617856616 0.775615383 0.129127764
vn -0.617856616 0.775615383 0.129127764
vn -0.976445196 -0.173129778 -0.128766682
vn -0.999346583 0.029683563 0.020622650
vn -0.976445196 -0.173129778 -0.128766682
vn -0.617856616 0.775615383 0.129127764
vn -0.579507728 0.803658474 -0.135291720
vn 0.677980542 0.703333919 0.213690859
vn 0.848597930 -0.497846273 0.178971063
vn 0.696800882 0.630491929 0.341977277
vn 0.848597930 -0.497846273 0.178971063
vn 0.677980542 0.703333919 0.213690859
vn 0.710743848 -0.680325611 -0.178886126
vn 0.696800882 0.630491929 0.341977277
vn 0.982324971 -0.186046273 -0.020601837
vn 0.673286725 0.715159104 -0.187703068
vn 0.982324971 -0.186046273 -0.020601837
vn 0.696800882 0.630491929 0.341977277
vn 0.848597930 -0.497846273 0.178971063
vn 0.710743848 -0.680325611 -0.178886126
vn -0.059363533 -0.997013294 -0.049401046
vn 0.848597930 -0.497846273 0.178971063
vn -0.059363533 -0.997013294 -0.049401046
vn 0.710743848 -0.680325611 -0.178886126
vn -0.140024227 -0.952832436 -0.269264862
vn 0.848597930 -0.497846273 0.178971063
vn -0.007218069 -0.994278840 -0.106571512
vn 0.982324971 -0.186046273 -0.020601837
vn -0.007218069 -0.994278840 -0.106571512
vn 0.848597930 -0.497846273 0.178971063
vn -0.059363533 -0.997013294 -0.049401046
vn -0.140024227 -0.952832436 -0.269264862
vn -0.999346583 0.029683563 0.020622650
vn -0.059363533 -0.997013294 -0.049401046
vn -0.999346583 0.029683563 0.020622650
vn -0.140024227 -0.952832436 -0.269264862
vn -0.990169553 -0.061326771 -0.125711108
vn -0.059363533 -0.997013294 -0.049401046
vn -0.976445196 -0.173129778 -0.128766682
vn -0.007218069 -0.994278840 -0.106571512
vn -0.976445196 -0.173129778 -0.128766682
vn -0.059363533 -0.997013294 -0.049401046
vn -0.999346583 0.029683563 0.020622650
vn -0.974711624 0.159275582 -0.156743544
vn -0.605573226 0.774577344 -0.182513031
vn -0.309234861 0.936415030 -0.165833329
vn -0.605573226 0.774577344 -0.182513031
vn -0.974711624 0.159275582 -0.156743544
vn -0.924521634 0.352490086 -0.144949946
vn 0.516588963 0.702231271 0.489905181
vn -0.025103386 0.992665274 -0.118260192
vn 0.275831217 0.961124702 -0.012507844
vn -0.025103386 0.992665274 -0.118260192
vn 0.516588963 0.702231271 0.489905181
vn 0.741838639 0.627666570 0.236029893
vn -0.451957720 -0.865852302 -0.214555381
vn -0.913402540 -0.406382331 -0.023435016
vn -0.402427976 -0.911264059 0.087461649
vn -0.913402540 -0.406382331 -0.023435016
vn -0.451957720 -0.865852302 -0.214555381
vn -0.929949595 -0.188662218 -0.315595181
vn -0.402427976 -0.911264059 0.087461649
vn -0.738032191 -0.569835284 0.361381008
vn -0.352405672 -0.825504099 0.440855107
vn -0.738032191 -0.569835284 0.361381008
vn -0.402427976 -0.911264059 0.087461649
vn -0.913402540 -0.406382331 -0.023435016
vn -0.352405672 -0.825504099 0.440855107
vn -0.477858599 -0.878394238 -0.008644138
vn 0.581045443 -0.700679058 0.414047161
vn -0.477858599 -0.878394238 -0.008644138
vn -0.352405672 -0.825504099 0.440855107
vn -0.738032191 -0.569835284 0.361381008
vn -0.611908818 0.762850729 0.208869249
vn -0.989947819 -0.137212152 0.034294904
vn -0.391226766 0.911456919 0.127231690
vn -0.989947819 -0.137212152 0.034294904
vn -0.611908818 0.762850729 0.208869249
vn -0.990169553 -0.061326771 -0.125711108
vn -0.990169553 -0.061326771 -0.125711108
vn -0.139999023 -0.989494262 -0.036074621
vn -0.989947819 -0.137212152 0.034294904
vn -0.139999023 -0.989494262 -0.036074621
vn -0.990169553 -0.061326771 -0.125711108
vn -0.140024227 -0.952832436 -0.269264862
vn -0.139999023 -0.989494262 -0.036074621
vn 0.710743848 -0.680325611 -0.178886126
vn 0.982612103 0.003618000 0.185635032
vn 0.710743848 -0.680325611 -0.178886126
vn -0.139999023 -0.989494262 -0.036074621
vn -0.140024227 -0.952832436 -0.269264862
vn 0.982612103 0.003618000 0.185635032
vn 0.677980542 0.703333919 0.213690859
vn 0.648209323 0.749908499 0.132143547
vn 0.677980542 0.703333919 0.213690859
vn 0.982612103 0.003618000 0.185635032
vn 0.710743848 -0.680325611 -0.178886126
vn -0.929949595 -0.188662218 -0.315595181
vn -0.924521634 0.352490086 -0.144949946
vn -0.913402540 -0.406382331 -0.023435016
vn -0.924521634 0.352490086 -0.144949946
vn -0.929949595 -0.188662218 -0.315595181
vn -0.864206646 0.435041590 -0.252756183
vn -0.913402540 -0.406382331 -0.023435016
vn -0.974711624 0.159275582 -0.156743544
vn -0.738032191 -0.569835284 0.361381008
vn -0.974711624 0.159275582 -0.156743544
vn -0.913402540 -0.406382331 -0.023435016
vn -0.924521634 0.352490086 -0.144949946
vn -0.738032191 -0.569835284 0.361381008
vn -0.974711624 0.159275582 -0.156743544
vn -0.477858599 -0.878394238 -0.008644138
vn -0.385817211 -0.906783481 0.169967050
vn -0.189193185 -0.949839806 0.249018636
vn -0.537169357 -0.728615984 0.424932735
vn -0.865551732 0.069324857 0.495998250
vn -0.828464685 0.441970262 0.343960105
vn -0.921226469 -0.207201221 0.329255898
vn -0.828464685 0.441970262 0.343960105
vn -0.865551732 0.069324857 0.495998250
vn -0.794990371 0.410479716 0.446650550
vn -0.828464685 0.441970262 0.343960105
vn -0.403289941 0.869942274 0.283826820
vn -0.257749139 0.942463934 0.212901654
vn -0.403289941 0.869942274 0.283826820
vn -0.828464685 0.441970262 0.343960105
vn -0.794990371 0.410479716 0.446650550
vn 0.099739426 0.985580317 0.136687544
vn -0.257749139 0.942463934 0.212901654
vn -0.403289941 0.869942274 0.283826820
vn -0.257749139 0.942463934 0.212901654
vn 0.099739426 0.985580317 0.136687544
vn 0.161814179 0.977665185 0.134115464
vn -0.138986305 0.990290449 -0.002762798
vn 0.109127429 0.531161364 0.840213550
vn -0.239032117 0.957913143 -0.158953003
vn -0.239032117 0.957913143 -0.158953003
vn 0.162043065 0.619901171 0.767765969
vn -0.260350136 0.809510479 -0.526222948
vn 0.162043065 0.619901171 0.767765969
vn -0.239032117 0.957913143 -0.158953003
vn 0.250385671 0.128704176 0.959553152
vn 0.417508447 -0.386342078 0.822451515
vn 0.108669606 -0.949652910 0.293854158
vn 0.250385671 0.128704176 0.959553152
vn 0.250385671 0.128704176 0.959553152
vn 0.271071066 -0.671251764 0.689885169
vn 0.162043065 0.619901171 0.767765969
vn 0.271071066 -0.671251764 0.689885169
vn 0.250385671 0.128704176 0.959553152
vn 0.108669606 -0.949652910 0.293854158
vn 0.212584360 -0.896341058 -0.389076596
vn 0.108669606 -0.949652910 0.293854158
vn 0.417508447 -0.386342078 0.822451515
vn 0.212584360 -0.896341058 -0.389076596
vn -0.325206568 -0.291450128 -0.899609644
vn 0.108669606 -0.949652910 0.293854158
vn 0.212584360 -0.896341058 -0.389076596
vn 0.052393986 -0.641455333 -0.765369144
vn -0.325206568 -0.291450128 -0.899609644
vn 0.108669606 -0.949652910 0.293854158
vn -0.242068940 -0.602930394 -0.760182589
vn 0.271071066 -0.671251764 0.689885169
vn -0.242068940 -0.602930394 -0.760182589
vn 0.108669606 -0.949652910 0.293854158
vn -0.325206568 -0.291450128 -0.899609644
vn -0.376458414 0.307104078 -0.874051570
vn -0.239032117 0.957913143 -0.158953003
vn -0.325206568 -0.291450128 -0.899609644
vn -0.325206568 -0.291450128 -0.899609644
vn -0.260350136 0.809510479 -0.526222948
vn -0.242068940 -0.602930394 -0.760182589
vn -0.260350136 0.809510479 -0.526222948
vn -0.325206568 -0.291450128 -0.899609644
vn -0.239032117 0.957913143 -0.158953003
vn -0.142181114 0.909716258 -0.390129287
vn 0.226994489 0.284438505 0.931433432
vn -0.427373166 0.710336899 -0.559261716
vn 0.226994489 0.284438505 0.931433432
vn -0.142181114 0.909716258 -0.390129287
vn 0.311619492 0.139325470 0.939937075
vn -0.427373166 0.710336899 -0.559261716
vn 0.473287616 0.021674604 0.880641269
vn -0.107573729 0.755587203 -0.646154681
vn 0.473287616 0.021674604 0.880641269
vn -0.427373166 0.710336899 -0.559261716
vn 0.226994489 0.284438505 0.931433432
vn 0.311619492 0.139325470 0.939937075
vn -0.006053387 -0.709436686 0.704743176
vn 0.226994489 0.284438505 0.931433432
vn -0.006053387 -0.709436686 0.704743176
vn 0.311619492 0.139325470 0.939937075
vn -0.000904805 -0.965478374 0.260481653
vn 0.226994489 0.284438505 0.931433432
vn 0.174101362 -0.736150381 0.654042301
vn 0.473287616 0.021674604 0.880641269
vn 0.174101362 -0.736150381 0.654042301
vn 0.226994489 0.284438505 0.931433432
vn -0.006053387 -0.709436686 0.704743176
vn -0.000904805 -0.965478374 0.260481653
vn -0.532701558 -0.308804721 -0.787952216
vn -0.006053387 -0.709436686 0.704743176
vn -0.532701558 -0.308804721 -0.787952216
vn -0.000904805 -0.965478374 0.260481653
vn -0.462990567 -0.177884320 -0.868329951
vn -0.006053387 -0.709436686 0.704743176
vn -0.422230297 -0.388919636 -0.818818107
vn 0.174101362 -0.736150381 0.654042301
vn -0.422230297 -0.388919636 -0.818818107
vn -0.006053387 -0.709436686 0.704743176
vn -0.532701558 -0.308804721 -0.787952216
vn -0.462990567 -0.177884320 -0.868329951
vn -0.427373166 0.710336899 -0.559261716
vn -0.532701558 -0.308804721 -0.787952216
vn -0.427373166 0.710336899 -0.559261716
vn -0.462990567 -0.177884320 -0.868329951
vn -0.142181114 0.909716258 -0.390129287
vn -0.532701558 -0.308804721 -0.787952216
vn -0.107573729 0.755587203 -0.646154681
vn -0.422230297 -0.388919636 -0.818818107
vn -0.107573729 0.755587203 -0.646154681
vn -0.532701558 -0.308804721 -0.787952216
vn -0.427373166 0.710336899 -0.559261716
vn -0.468954713 0.876271782 -0.110585896
vn -0.315960435 -0.753516393 0.576525844
vn -0.842238503 -0.057301275 -0.536051180
vn -0.315960435 -0.753516393 0.576525844
vn -0.468954713 0.876271782 -0.110585896
vn 0.313560710 -0.531525082 0.786867694
vn 0.305338369 0.251191306 0.918515873
vn -0.901841876 0.378266590 -0.208795636
vn -0.000922700 0.997082785 0.076322138
vn -0.901841876 0.378266590 -0.208795636
vn 0.305338369 0.251191306 0.918515873
vn -0.648874428 -0.579109172 0.493552979
vn -0.153315557 -0.943110238 0.295021047
vn 0.073486075 -0.482115951 0.873020049
vn 0.526193440 -0.266902047 0.807393189
vn 0.073486075 -0.482115951 0.873020049
vn -0.153315557 -0.943110238 0.295021047
vn 0.096304029 -0.863961058 0.494263921
vn -0.153315557 -0.943110238 0.295021047
vn -0.434755056 0.452767939 -0.778453103
vn 0.096304029 -0.863961058 0.494263921
vn -0.434755056 0.452767939 -0.778453103
vn -0.153315557 -0.943110238 0.295021047
vn -0.345017861 0.221143723 -0.912172204
vn 0.284614461 0.891093385 -0.353478695
vn -0.434755056 0.452767939 -0.778453103
vn -0.345017861 0.221143723 -0.912172204
vn -0.434755056 0.452767939 -0.778453103
vn 0.284614461 0.891093385 -0.353478695
vn -0.182326343 0.855409891 -0.484799982
vn -0.242068940 -0.602930394 -0.760182589
vn -0.142181114 0.909716258 -0.390129287
vn -0.462990567 -0.177884320 -0.868329951
vn -0.142181114 0.909716258 -0.390129287
vn -0.242068940 -0.602930394 -0.760182589
vn -0.260350136 0.809510479 -0.526222948
vn -0.260350136 0.809510479 -0.526222948
vn 0.311619492 0.139325470 0.939937075
vn -0.142181114 0.909716258 -0.390129287
vn 0.311619492 0.139325470 0.939937075
vn -0.260350136 0.809510479 -0.526222948
vn 0.162043065 0.619901171 0.767765969
vn 0.271071066 -0.671251764 0.689885169
vn 0.311619492 0.139325470 0.939937075
vn 0.162043065 0.619901171 0.767765969
vn 0.311619492 0.139325470 0.939937075
vn 0.271071066 -0.671251764 0.689885169
vn -0.000904805 -0.965478374 0.260481653
vn -0.000904805 -0.965478374 0.260481653
vn -0.242068940 -0.602930394 -0.760182589
vn -0.462990567 -0.177884320 -0.868329951
vn -0.242068940 -0.602930394 -0.760182589
vn -0.000904805 -0.965478374 0.260481653
vn 0.271071066 -0.671251764 0.689885169
vn -0.315604223 -0.201696664 -0.927206789
vn -0.376458414 0.307104078 -0.874051570
vn 0.052393986 -0.641455333 -0.765369144
vn -0.376458414 0.307104078 -0.874051570
vn -0.315604223 -0.201696664 -0.927206789
vn -0.395640347 0.362881923 -0.843673767
vn -0.395640347 0.362881923 -0.843673767
vn -0.427622276 -0.025645453 -0.903593659
vn -0.477389158 0.507595592 -0.717249125
vn -0.427622276 -0.025645453 -0.903593659
vn -0.395640347 0.362881923 -0.843673767
vn -0.315604223 -0.201696664 -0.927206789
vn -0.537169357 -0.728615984 0.424932735
vn -0.210625446 -0.968812686 0.130533142
vn -0.534413957 -0.775345969 0.336512036
vn -0.210625446 -0.968812686 0.130533142
vn -0.537169357 -0.728615984 0.424932735
vn -0.189193185 -0.949839806 0.249018636
vn -0.427622276 -0.025645453 -0.903593659
vn -0.692589176 -0.485594285 -0.533402684
vn -0.893916346 0.244164968 -0.375894979
vn -0.445437993 0.831945421 -0.330835021
vn -0.513441469 0.831011121 -0.214005548
vn -0.528358548 0.814965444 0.238051613
vn -0.513441469 0.831011121 -0.214005548
vn -0.445437993 0.831945421 -0.330835021
vn -0.409392760 0.784448569 -0.465873386
vn -0.138986305 0.990290449 -0.002762798
vn -0.445437993 0.831945421 -0.330835021
vn -0.528358548 0.814965444 0.238051613
vn -0.359657126 -0.930564036 -0.068537047
vn -0.131273069 -0.885479067 -0.445751280
vn 0.375087710 -0.888273657 -0.265102093
vn -0.359657126 -0.930564036 -0.068537047
vn -0.187481923 -0.867159171 -0.461395169
vn -0.131273069 -0.885479067 -0.445751280
vn -0.359657126 -0.930564036 -0.068537047
vn -0.224634333 -0.965514506 -0.131609859
vn -0.187481923 -0.867159171 -0.461395169
vn -0.081829504 -0.956072714 -0.281476284
vn -0.187481923 -0.867159171 -0.461395169
vn -0.224634333 -0.965514506 -0.131609859
vn -0.187481923 -0.867159171 -0.461395169
vn -0.081829504 -0.956072714 -0.281476284
vn -0.159928473 -0.854066894 -0.494967296
vn -0.315604223 -0.201696664 -0.927206789
vn -0.131273069 -0.885479067 -0.445751280
vn -0.427622276 -0.025645453 -0.903593659
vn 0.052393986 -0.641455333 -0.765369144
vn -0.131273069 -0.885479067 -0.445751280
vn -0.315604223 -0.201696664 -0.927206789
vn 0.052393986 -0.641455333 -0.765369144
vn 0.375087710 -0.888273657 -0.265102093
vn -0.131273069 -0.885479067 -0.445751280
vn 0.052393986 -0.641455333 -0.765369144
vn 0.212584360 -0.896341058 -0.389076596
vn 0.375087710 -0.888273657 -0.265102093
vn -0.052582004 -0.245518752 0.967964708
vn 0.417508447 -0.386342078 0.822451515
vn 0.109127429 0.531161364 0.840213550
vn 0.417508447 -0.386342078 0.822451515
vn -0.052582004 -0.245518752 0.967964708
vn -0.644811798 -0.152235354 0.749027464
vn -0.794990371 0.410479716 0.446650550
vn -0.930028441 0.306428089 0.202851977
vn -0.964272095 0.064545943 0.256930240
vn -0.930028441 0.306428089 0.202851977
vn -0.794990371 0.410479716 0.446650550
vn -0.865551732 0.069324857 0.495998250
vn -0.661009064 0.721545225 0.206008510
vn -0.052582004 -0.245518752 0.967964708
vn 0.109127429 0.531161364 0.840213550
vn -0.758651492 0.557398003 0.337276416
vn -0.794990371 0.410479716 0.446650550
vn -0.964272095 0.064545943 0.256930240
vn -0.930028441 0.306428089 0.202851977
vn -0.865551732 0.069324857 0.495998250
vn -0.912397901 -0.063842425 0.404294714
vn -0.107573729 0.755587203 -0.646154681
vn 0.526193440 -0.266902047 0.807393189
vn 0.284614461 0.891093385 -0.353478695
vn 0.526193440 -0.266902047 0.807393189
vn -0.107573729 0.755587203 -0.646154681
vn 0.473287616 0.021674604 0.880641269
vn -0.107573729 0.755587203 -0.646154681
vn -0.345017861 0.221143723 -0.912172204
vn -0.422230297 -0.388919636 -0.818818107
vn -0.345017861 0.221143723 -0.912172204
vn -0.107573729 0.755587203 -0.646154681
vn 0.284614461 0.891093385 -0.353478695
vn -0.422230297 -0.388919636 -0.818818107
vn -0.153315557 -0.943110238 0.295021047
vn 0.174101362 -0.736150381 0.654042301
vn -0.153315557 -0.943110238 0.295021047
vn -0.422230297 -0.388919636 -0.818818107
vn -0.345017861 0.221143723 -0.912172204
vn -0.153315557 -0.943110238 0.295021047
vn 0.473287616 0.021674604 0.880641269
vn 0.174101362 -0.736150381 0.654042301
vn 0.473287616 0.021674604 0.880641269
vn -0.153315557 -0.943110238 0.295021047
vn 0.526193440 -0.266902047 0.807393189
vn -0.692589176 -0.485594285 -0.533402684
vn -0.892915372 -0.433768689 0.120610379
vn -0.893916346 0.244164968 -0.375894979
vn -0.892915372 -0.433768689 0.120610379
vn -0.692589176 -0.485594285 -0.533402684
vn -0.322644997 -0.935592842 0.143409345
vn -0.322644997 -0.935592842 0.143409345
vn -0.143713243 -0.848726172 -0.508930632
vn 0.467084632 -0.877799931 0.106297829
vn -0.143713243 -0.848726172 -0.508930632
vn -0.322644997 -0.935592842 0.143409345
vn -0.692589176 -0.485594285 -0.533402684
vn 0.096304029 -0.863961058 0.494263921
vn 0.313560710 -0.531525082 0.786867694
vn 0.073486075 -0.482115951 0.873020049
vn 0.313560710 -0.531525082 0.786867694
vn 0.096304029 -0.863961058 0.494263921
vn -0.315960435 -0.753516393 0.576525844
vn 0.073486075 -0.482115951 0.873020049
vn -0.468954713 0.876271782 -0.110585896
vn -0.182326343 0.855409891 -0.484799982
vn -0.468954713 0.876271782 -0.110585896
vn 0.073486075 -0.482115951 0.873020049
vn 0.313560710 -0.531525082 0.786867694
vn -0.468954713 0.876271782 -0.110585896
vn -0.434755056 0.452767939 -0.778453103
vn -0.182326343 0.855409891 -0.484799982
vn -0.434755056 0.452767939 -0.778453103
vn -0.468954713 0.876271782 -0.110585896
vn -0.842238503 -0.057301275 -0.536051180
vn -0.842238503 -0.057301275 -0.536051180
vn 0.096304029 -0.863961058 0.494263921
vn -0.434755056 0.452767939 -0.778453103
vn 0.096304029 -0.863961058 0.494263921
vn -0.842238503 -0.057301275 -0.536051180
vn -0.315960435 -0.753516393 0.576525844
vn 0.284614461 0.891093385 -0.353478695
vn 0.691411111 -0.160592886 0.704386684
vn 0.608389162 0.750216596 0.258916368
vn 0.691411111 -0.160592886 0.704386684
vn 0.284614461 0.891093385 -0.353478695
vn 0.526193440 -0.266902047 0.807393189
vn 0.691411111 -0.160592886 0.704386684
vn 0.073486075 -0.482115951 0.873020049
vn -0.693952585 -0.689079166 -0.208805441
vn 0.073486075 -0.482115951 0.873020049
vn 0.691411111 -0.160592886 0.704386684
vn 0.526193440 -0.266902047 0.807393189
vn 0.073486075 -0.482115951 0.873020049
vn -0.414230524 0.814509042 -0.406187265
vn -0.693952585 -0.689079166 -0.208805441
vn -0.414230524 0.814509042 -0.406187265
vn 0.073486075 -0.482115951 0.873020049
vn -0.182326343 0.855409891 -0.484799982
vn -0.414230524 0.814509042 -0.406187265
vn 0.284614461 0.891093385 -0.353478695
vn 0.608389162 0.750216596 0.258916368
vn 0.284614461 0.891093385 -0.353478695
vn -0.414230524 0.814509042 -0.406187265
vn -0.182326343 0.855409891 -0.484799982
vn 0.608389162 0.750216596 0.258916368
vn 0.305338369 0.251191306 0.918515873
vn -0.000922700 0.997082785 0.076322138
vn 0.305338369 0.251191306 0.918515873
vn 0.608389162 0.750216596 0.258916368
vn 0.691411111 -0.160592886 0.704386684
vn 0.691411111 -0.160592886 0.704386684
vn -0.648874428 -0.579109172 0.493552979
vn 0.305338369 0.251191306 0.918515873
vn -0.648874428 -0.579109172 0.493552979
vn 0.691411111 -0.160592886 0.704386684
vn -0.693952585 -0.689079166 -0.208805441
vn -0.693952585 -0.689079166 -0.208805441
vn -0.901841876 0.378266590 -0.208795636
vn -0.648874428 -0.579109172 0.493552979
vn -0.901841876 0.378266590 -0.208795636
vn -0.693952585 -0.689079166 -0.208805441
vn -0.414230524 0.814509042 -0.406187265
vn -0.414230524 0.814509042 -0.406187265
vn -0.000922700 0.997082785 0.076322138
vn -0.901841876 0.378266590 -0.208795636
vn -0.000922700 0.997082785 0.076322138
vn -0.414230524 0.814509042 -0.406187265
vn 0.608389162 0.750216596 0.258916368
vn -0.879209827 -0.193274179 -0.435471208
vn -0.873957935 0.261839573 0.409435667
vn -0.136402865 -0.317975983 0.938235329
vn -0.873957935 0.261839573 0.409435667
vn -0.879209827 -0.193274179 -0.435471208
vn -0.322797317 0.688992143 -0.648915803
vn 0.952993785 0.122800098 -0.276989136
vn 0.457701471 0.031644081 0.888542636
vn 0.827772012 0.560403774 -0.027223257
vn 0.457701471 0.031644081 0.888542636
vn 0.952993785 0.122800098 -0.276989136
vn 0.710381876 -0.440135765 0.549215894
vn 0.982324971 -0.186046273 -0.020601837
vn -0.057719037 -0.886388022 -0.459330804
vn 0.952993785 0.122800098 -0.276989136
vn -0.057719037 -0.886388022 -0.459330804
vn 0.982324971 -0.186046273 -0.020601837
vn -0.007218069 -0.994278840 -0.106571512
vn -0.485741178 -0.628435798 0.607555723
vn -0.057719037 -0.886388022 -0.459330804
vn -0.762924193 -0.628408411 -0.151820762
vn -0.057719037 -0.886388022 -0.459330804
vn -0.485741178 -0.628435798 0.607555723
vn -0.162498023 -0.938339403 0.305145140
vn -0.579507728 0.803658474 -0.135291720
vn -0.879209827 -0.193274179 -0.435471208
vn -0.976445196 -0.173129778 -0.128766682
vn -0.879209827 -0.193274179 -0.435471208
vn -0.579507728 0.803658474 -0.135291720
vn -0.322797317 0.688992143 -0.648915803
vn 0.457701471 0.031644081 0.888542636
vn 0.630468209 0.706841227 -0.320757411
vn 0.827772012 0.560403774 -0.027223257
vn 0.630468209 0.706841227 -0.320757411
vn 0.457701471 0.031644081 0.888542636
vn 0.204400122 0.003653231 0.978880608
vn 0.457701471 0.031644081 0.888542636
vn -0.136402865 -0.317975983 0.938235329
vn 0.204400122 0.003653231 0.978880608
vn -0.136402865 -0.317975983 0.938235329
vn 0.457701471 0.031644081 0.888542636
vn -0.485741178 -0.628435798 0.607555723
vn -0.485741178 -0.628435798 0.607555723
vn -0.879209827 -0.193274179 -0.435471208
vn -0.136402865 -0.317975983 0.938235329
vn -0.879209827 -0.193274179 -0.435471208
vn -0.485741178 -0.628435798 0.607555723
vn -0.762924193 -0.628408411 -0.151820762
vn -0.025103386 0.992665274 -0.118260192
vn 0.741838639 0.627666570 0.236029893
vn -0.309234861 0.936415030 -0.165833329
vn -0.605573226 0.774577344 -0.182513031
vn -0.025103386 0.992665274 -0.118260192
vn -0.309234861 0.936415030 -0.165833329
vn -0.309234861 0.936415030 -0.165833329
vn 0.668018220 0.714734882 0.207136926
vn -0.195483443 0.975691388 -0.099058263
vn -0.195483443 0.975691388 -0.099058263
vn 0.648209323 0.749908499 0.132143547
vn -0.391226766 0.911456919 0.127231690
vn 0.648209323 0.749908499 0.132143547
vn -0.195483443 0.975691388 -0.099058263
vn 0.668018220 0.714734882 0.207136926
vn -0.391226766 0.911456919 0.127231690
vn 0.677980542 0.703333919 0.213690859
vn -0.611908818 0.762850729 0.208869249
vn 0.677980542 0.703333919 0.213690859
vn -0.391226766 0.911456919 0.127231690
vn 0.648209323 0.749908499 0.132143547
vn 0.677980542 0.703333919 0.213690859
vn -0.617856616 0.775615383 0.129127764
vn -0.611908818 0.762850729 0.208869249
vn -0.617856616 0.775615383 0.129127764
vn 0.677980542 0.703333919 0.213690859
vn 0.696800882 0.630491929 0.341977277
vn 0.696800882 0.630491929 0.341977277
vn -0.579507728 0.803658474 -0.135291720
vn -0.617856616 0.775615383 0.129127764
vn -0.579507728 0.803658474 -0.135291720
vn 0.696800882 0.630491929 0.341977277
vn 0.673286725 0.715159104 -0.187703068
vn 0.673286725 0.715159104 -0.187703068
vn -0.322797317 0.688992143 -0.648915803
vn -0.579507728 0.803658474 -0.135291720
vn -0.322797317 0.688992143 -0.648915803
vn 0.673286725 0.715159104 -0.187703068
vn 0.630468209 0.706841227 -0.320757411
vn -0.322797317 0.688992143 -0.648915803
vn 0.204400122 0.003653231 0.978880608
vn -0.873957935 0.261839573 0.409435667
vn 0.204400122 0.003653231 0.978880608
vn -0.322797317 0.688992143 -0.648915803
vn 0.630468209 0.706841227 -0.320757411
vn 0.630468209 0.706841227 -0.320757411
vn 0.673286725 0.715159104 -0.187703068
vn 0.827772012 0.560403774 -0.027223257
vn 0.673286725 0.715159104 -0.187703068
vn 0.952993785 0.122800098 -0.276989136
vn 0.827772012 0.560403774 -0.027223257
vn 0.952993785 0.122800098 -0.276989136
vn 0.673286725 0.715159104 -0.187703068
vn 0.982324971 -0.186046273 -0.020601837
vn -0.057719037 -0.886388022 -0.459330804
vn 0.710381876 -0.440135765 0.549215894
vn 0.952993785 0.122800098 -0.276989136
vn 0.710381876 -0.440135765 0.549215894
vn -0.057719037 -0.886388022 -0.459330804
vn -0.162498023 -0.938339403 0.305145140
vn -0.007218069 -0.994278840 -0.106571512
vn -0.762924193 -0.628408411 -0.151820762
vn -0.057719037 -0.886388022 -0.459330804
vn -0.762924193 -0.628408411 -0.151820762
vn -0.007218069 -0.994278840 -0.106571512
vn -0.976445196 -0.173129778 -0.128766682
vn -0.762924193 -0.628408411 -0.151820762
vn -0.976445196 -0.173129778 -0.128766682
vn -0.879209827 -0.193274179 -0.435471208
vn -0.802748543 0.585864279 -0.111165749
vn -0.605573226 0.774577344 -0.182513031
vn -0.864206646 0.435041590 -0.252756183
vn -0.864206646 0.435041590 -0.252756183
vn -0.605573226 0.774577344 -0.182513031
vn -0.924521634 0.352490086 -0.144949946
vn 0.741838639 0.627666570 0.236029893
vn 0.516588963 0.702231271 0.489905181
vn 0.578936263 0.270362461 0.769244398
vn -0.566626957 -0.653108091 0.502378058
vn -0.063070512 -0.465507874 0.882793594
vn -0.872340185 0.339160042 0.352126494
vn -0.063070512 -0.465507874 0.882793594
vn -0.566626957 -0.653108091 0.502378058
vn -0.776016954 -0.384091192 0.500271569
vn -0.449492536 -0.879024930 0.158970542
vn -0.322644997 -0.935592842 0.143409345
vn 0.020601958 -0.992731996 0.118569568
vn -0.322644997 -0.935592842 0.143409345
vn -0.449492536 -0.879024930 0.158970542
vn -0.892915372 -0.433768689 0.120610379
vn -0.508133916 0.144447837 -0.849078763
vn -0.187420225 0.272628040 -0.943688302
vn -0.382504243 0.503875221 -0.774467731
vn -0.993971384 0.038630682 0.102608760
vn -0.884764625 0.401225099 -0.237086438
vn -0.889836236 0.448912088 0.081666455
vn -0.566626957 -0.653108091 0.502378058
vn -0.879542586 -0.401424184 0.255467150
vn -0.776016954 -0.384091192 0.500271569
vn -0.879542586 -0.401424184 0.255467150
vn -0.566626957 -0.653108091 0.502378058
vn -0.637995053 -0.721802407 0.268260318
vn -0.376921214 -0.887908489 0.263721279
vn -0.637995053 -0.721802407 0.268260318
vn -0.566626957 -0.653108091 0.502378058
vn -0.637995053 -0.721802407 0.268260318
vn -0.376921214 -0.887908489 0.263721279
vn -0.422571767 -0.906289404 0.008521644
vn -0.881798097 -0.466994031 -0.065944604
vn -0.961976469 -0.203964943 -0.181657849
vn -0.943767944 -0.330445711 0.010377882
vn -0.961976469 -0.203964943 -0.181657849
vn -0.881798097 -0.466994031 -0.065944604
vn -0.799419411 -0.571638490 -0.184818943
vn -0.881798097 -0.466994031 -0.065944604
vn -0.422571767 -0.906289404 0.008521644
vn -0.799419411 -0.571638490 -0.184818943
vn 0.020601958 -0.992731996 0.118569568
vn -0.525105587 -0.851035721 -0.001524677
vn -0.449492536 -0.879024930 0.158970542
vn -0.525105587 -0.851035721 -0.001524677
vn 0.020601958 -0.992731996 0.118569568
vn 0.104045726 -0.986739226 -0.124580041
vn 0.613803012 -0.739232872 -0.277093167
vn 0.123717597 -0.794559051 -0.594449216
vn 0.104045726 -0.986739226 -0.124580041
vn 0.123717597 -0.794559051 -0.594449216
vn 0.613803012 -0.739232872 -0.277093167
vn 0.461667014 -0.533175375 -0.708934121
vn -0.376921214 -0.887908489 0.263721279
vn -0.566626957 -0.653108091 0.502378058
vn -0.872340185 0.339160042 0.352126494
vn -0.961976469 -0.203964943 -0.181657849
vn -0.884764625 0.401225099 -0.237086438
vn -0.993971384 0.038630682 0.102608760
vn -0.933089094 -0.327752393 0.148064555
vn -0.966310173 0.136676342 0.218092245
vn -0.937623815 -0.159529201 0.308888354
vn -0.776016954 -0.384091192 0.500271569
vn -0.710372079 -0.204126455 0.673575459
vn -0.063070512 -0.465507874 0.882793594
vn -0.710372079 -0.204126455 0.673575459
vn 0.182301305 -0.266483286 0.946442229
vn -0.063070512 -0.465507874 0.882793594
vn 0.182301305 -0.266483286 0.946442229
vn -0.710372079 -0.204126455 0.673575459
vn -0.439020445 0.503838946 0.743913548
vn -0.752784591 0.259660720 -0.604889800
vn -0.884764625 0.401225099 -0.237086438
vn -0.961976469 -0.203964943 -0.181657849
vn -0.742410302 -0.143194602 -0.654463329
vn -0.566048662 -0.734438499 -0.374418218
vn -0.432271050 -0.306355351 -0.848108565
vn -0.566048662 -0.734438499 -0.374418218
vn -0.742410302 -0.143194602 -0.654463329
vn -0.799419411 -0.571638490 -0.184818943
vn 0.461667014 -0.533175375 -0.708934121
vn 0.093556841 -0.069294055 -0.993199603
vn -0.100203797 -0.232461786 -0.967429955
vn -0.961976469 -0.203964943 -0.181657849
vn -0.799419411 -0.571638490 -0.184818943
vn -0.742410302 -0.143194602 -0.654463329
vn 0.467084632 -0.877799931 0.106297829
vn 0.020601958 -0.992731996 0.118569568
vn -0.322644997 -0.935592842 0.143409345
vn 0.020601958 -0.992731996 0.118569568
vn 0.467084632 -0.877799931 0.106297829
vn 0.623482293 -0.769930629 0.135928866
vn 0.623482293 -0.769930629 0.135928866
vn 0.104045726 -0.986739226 -0.124580041
vn 0.020601958 -0.992731996 0.118569568
vn 0.104045726 -0.986739226 -0.124580041
vn 0.623482293 -0.769930629 0.135928866
vn 0.613803012 -0.739232872 -0.277093167
vn 0.123717597 -0.794559051 -0.594449216
vn -0.566048662 -0.734438499 -0.374418218
vn 0.104045726 -0.986739226 -0.124580041
vn -0.432271050 -0.306355351 -0.848108565
vn -0.566048662 -0.734438499 -0.374418218
vn 0.123717597 -0.794559051 -0.594449216
vn -0.370775398 -0.922436472 0.107872885
vn -0.935881875 -0.352231950 0.007600591
vn -0.894298761 -0.428708515 0.128213633
vn -0.935881875 -0.352231950 0.007600591
vn -0.370775398 -0.922436472 0.107872885
vn -0.674399734 -0.459196368 -0.578207311
vn -0.637995053 -0.721802407 0.268260318
vn -0.370775398 -0.922436472 0.107872885
vn -0.894298761 -0.428708515 0.128213633
vn -0.370775398 -0.922436472 0.107872885
vn -0.637995053 -0.721802407 0.268260318
vn -0.422571767 -0.906289404 0.008521644
vn -0.422571767 -0.906289404 0.008521644
vn -0.674399734 -0.459196368 -0.578207311
vn -0.370775398 -0.922436472 0.107872885
vn -0.674399734 -0.459196368 -0.578207311
vn -0.422571767 -0.906289404 0.008521644
vn -0.881798097 -0.466994031 -0.065944604
vn -0.881798097 -0.466994031 -0.065944604
vn -0.935881875 -0.352231950 0.007600591
vn -0.674399734 -0.459196368 -0.578207311
vn -0.935881875 -0.352231950 0.007600591
vn -0.881798097 -0.466994031 -0.065944604
vn -0.901034513 -0.430051250 0.056504239
vn -0.901034513 -0.430051250 0.056504239
vn -0.894298761 -0.428708515 0.128213633
vn -0.935881875 -0.352231950 0.007600591
vn -0.894298761 -0.428708515 0.128213633
vn -0.901034513 -0.430051250 0.056504239
vn -0.637995053 -0.721802407 0.268260318
vn -0.973827362 0.050335694 0.221645185
vn -0.933089094 -0.327752393 0.148064555
vn -0.943767944 -0.330445711 0.010377882
vn -0.933089094 -0.327752393 0.148064555
vn -0.973827362 0.050335694 0.221645185
vn -0.966310173 0.136676342 0.218092245
vn -0.933089094 -0.327752393 0.148064555
vn -0.881798097 -0.466994031 -0.065944604
vn -0.943767944 -0.330445711 0.010377882
vn -0.881798097 -0.466994031 -0.065944604
vn -0.933089094 -0.327752393 0.148064555
vn -0.901034513 -0.430051250 0.056504239
vn -0.872340185 0.339160042 0.352126494
vn -0.893916346 0.244164968 -0.375894979
vn -0.892915372 -0.433768689 0.120610379
vn -0.893916346 0.244164968 -0.375894979
vn -0.872340185 0.339160042 0.352126494
vn -0.580077352 0.784174471 -0.220410221
vn -0.893916346 0.244164968 -0.375894979
vn -0.477389158 0.507595592 -0.717249125
vn -0.427622276 -0.025645453 -0.903593659
vn -0.892915372 -0.433768689 0.120610379
vn -0.376921214 -0.887908489 0.263721279
vn -0.872340185 0.339160042 0.352126494
vn -0.376921214 -0.887908489 0.263721279
vn -0.892915372 -0.433768689 0.120610379
vn -0.449492536 -0.879024930 0.158970542
vn -0.376921214 -0.887908489 0.263721279
vn -0.449492536 -0.879024930 0.158970542
vn -0.422571767 -0.906289404 0.008521644
vn -0.135283872 0.951166545 -0.277453559
vn -0.384006258 0.864697968 -0.323784832
vn -0.580077352 0.784174471 -0.220410221
vn -0.384006258 0.864697968 -0.323784832
vn -0.135283872 0.951166545 -0.277453559
vn -0.143257306 0.945431018 -0.292638913
vn -0.025103386 0.992665274 -0.118260192
vn 0.209094422 0.977837437 -0.010652183
vn 0.275831217 0.961124702 -0.012507844
vn 0.209094422 0.977837437 -0.010652183
vn -0.025103386 0.992665274 -0.118260192
vn -0.174876170 0.984472749 0.015222728
vn -0.212730594 -0.956302351 -0.200577933
vn -0.402427976 -0.911264059 0.087461649
vn -0.216198026 -0.976346263 0.002527486
vn -0.402427976 -0.911264059 0.087461649
vn -0.212730594 -0.956302351 -0.200577933
vn -0.451957720 -0.865852302 -0.214555381
vn -0.402427976 -0.911264059 0.087461649
vn -0.258988896 -0.892731716 0.368720539
vn -0.216198026 -0.976346263 0.002527486
vn -0.258988896 -0.892731716 0.368720539
vn -0.402427976 -0.911264059 0.087461649
vn -0.352405672 -0.825504099 0.440855107
vn -0.258988896 -0.892731716 0.368720539
vn 0.581045443 -0.700679058 0.414047161
vn 0.025731995 -0.030533152 0.999202478
vn 0.581045443 -0.700679058 0.414047161
vn -0.258988896 -0.892731716 0.368720539
vn -0.352405672 -0.825504099 0.440855107
vn -0.044667350 0.910726047 0.410588475
vn -0.580077352 0.784174471 -0.220410221
vn -0.872340185 0.339160042 0.352126494
vn -0.580077352 0.784174471 -0.220410221
vn -0.044667350 0.910726047 0.410588475
vn -0.135283872 0.951166545 -0.277453559
vn 0.025731995 -0.030533152 0.999202478
vn 0.581045443 -0.700679058 0.414047161
vn 0.578936263 0.270362461 0.769244398
vn 0.581045443 -0.700679058 0.414047161
vn 0.741838639 0.627666570 0.236029893
vn 0.578936263 0.270362461 0.769244398
vn -0.100203797 -0.232461786 -0.967429955
vn -0.187420225 0.272628040 -0.943688302
vn -0.508133916 0.144447837 -0.849078763
vn -0.187420225 0.272628040 -0.943688302
vn -0.100203797 -0.232461786 -0.967429955
vn 0.093556841 -0.069294055 -0.993199603
vn -0.935220624 0.181466169 0.304026997
vn -0.954354203 0.274377610 0.118004161
vn -0.940202890 0.319236160 0.118772051
vn -0.954354203 0.274377610 0.118004161
vn -0.935220624 0.181466169 0.304026997
vn -0.966310173 0.136676342 0.218092245
vn -0.063070512 -0.465507874 0.882793594
vn -0.044667350 0.910726047 0.410588475
vn -0.872340185 0.339160042 0.352126494
vn -0.044667350 0.910726047 0.410588475
vn -0.063070512 -0.465507874 0.882793594
vn 0.182301305 -0.266483286 0.946442229
vn -0.562322934 0.708281385 -0.426767382
vn -0.752784591 0.259660720 -0.604889800
vn -0.382504243 0.503875221 -0.774467731
vn -0.562322934 0.708281385 -0.426767382
vn -0.884764625 0.401225099 -0.237086438
vn -0.752784591 0.259660720 -0.604889800
vn -0.884764625 0.401225099 -0.237086438
vn -0.562322934 0.708281385 -0.426767382
vn -0.615593893 0.763052172 -0.196965838
vn -0.966310173 0.136676342 0.218092245
vn -0.875505702 0.364896454 0.316765438
vn -0.954354203 0.274377610 0.118004161
vn -0.875505702 0.364896454 0.316765438
vn -0.966310173 0.136676342 0.218092245
vn -0.973827362 0.050335694 0.221645185
vn 0.250385671 0.128704176 0.959553152
vn 0.109127429 0.531161364 0.840213550
vn 0.417508447 -0.386342078 0.822451515
vn 0.109127429 0.531161364 0.840213550
vn 0.250385671 0.128704176 0.959553152
vn -0.239032117 0.957913143 -0.158953003
vn -0.257749139 0.942463934 0.212901654
vn -0.802748543 0.585864279 -0.111165749
vn -0.828464685 0.441970262 0.343960105
vn -0.802748543 0.585864279 -0.111165749
vn -0.257749139 0.942463934 0.212901654
vn -0.174876170 0.984472749 0.015222728
vn -0.828464685 0.441970262 0.343960105
vn -0.972816015 -0.224406673 -0.057189562
vn -0.921226469 -0.207201221 0.329255898
vn -0.972816015 -0.224406673 -0.057189562
vn -0.828464685 0.441970262 0.343960105
vn -0.802748543 0.585864279 -0.111165749
vn -0.972816015 -0.224406673 -0.057189562
vn -0.385817211 -0.906783481 0.169967050
vn -0.921226469 -0.207201221 0.329255898
vn -0.385817211 -0.906783481 0.169967050
vn -0.972816015 -0.224406673 -0.057189562
vn -0.364692515 -0.926337513 -0.094330168
vn -0.364692515 -0.926337513 -0.094330168
vn -0.131526098 -0.991210263 0.014251319
vn -0.385817211 -0.906783481 0.169967050
vn -0.131526098 -0.991210263 0.014251319
vn -0.364692515 -0.926337513 -0.094330168
vn -0.206584856 -0.969395805 -0.132644153
vn -0.893916346 0.244164968 -0.375894979
vn -0.580077352 0.784174471 -0.220410221
vn -0.477389158 0.507595592 -0.717249125
vn -0.580077352 0.784174471 -0.220410221
vn -0.409392760 0.784448569 -0.465873386
vn -0.477389158 0.507595592 -0.717249125
vn -0.409392760 0.784448569 -0.465873386
vn -0.395640347 0.362881923 -0.843673767
vn -0.477389158 0.507595592 -0.717249125
vn -0.395640347 0.362881923 -0.843673767
vn -0.409392760 0.784448569 -0.465873386
vn -0.445437993 0.831945421 -0.330835021
vn -0.445437993 0.831945421 -0.330835021
vn -0.376458414 0.307104078 -0.874051570
vn -0.395640347 0.362881923 -0.843673767
vn -0.376458414 0.307104078 -0.874051570
vn -0.445437993 0.831945421 -0.330835021
vn -0.138986305 0.990290449 -0.002762798
vn -0.376458414 0.307104078 -0.874051570
vn -0.138986305 0.990290449 -0.002762798
vn -0.239032117 0.957913143 -0.158953003
vn -0.325206568 -0.291450128 -0.899609644
vn 0.052393986 -0.641455333 -0.765369144
vn -0.376458414 0.307104078 -0.874051570
vn -0.309234861 0.936415030 -0.165833329
vn 0.741838639 0.627666570 0.236029893
vn 0.668018220 0.714734882 0.207136926
vn -0.993971384 0.038630682 0.102608760
vn -0.973827362 0.050335694 0.221645185
vn -0.943767944 -0.330445711 0.010377882
vn -0.875505702 0.364896454 0.316765438
vn -0.993971384 0.038630682 0.102608760
vn -0.889836236 0.448912088 0.081666455
vn -0.993971384 0.038630682 0.102608760
vn -0.875505702 0.364896454 0.316765438
vn -0.973827362 0.050335694 0.221645185
vn -0.993971384 0.038630682 0.102608760
vn -0.943767944 -0.330445711 0.010377882
vn -0.961976469 -0.203964943 -0.181657849
vn -0.136402865 -0.317975983 0.938235329
vn -0.873957935 0.261839573 0.409435667
vn 0.204400122 0.003653231 0.978880608
vn -0.710372079 -0.204126455 0.673575459
vn -0.979367283 0.066285545 0.190908230
vn -0.891480978 0.386816268 0.235870392
vn -0.937623815 -0.159529201 0.308888354
vn -0.879542586 -0.401424184 0.255467150
vn -0.933089094 -0.327752393 0.148064555
vn -0.710372079 -0.204126455 0.673575459
vn -0.776016954 -0.384091192 0.500271569
vn -0.937623815 -0.159529201 0.308888354
vn -0.979367283 0.066285545 0.190908230
vn -0.837945444 0.479007102 0.261533229
vn -0.891480978 0.386816268 0.235870392
vn -0.837945444 0.479007102 0.261533229
vn -0.979367283 0.066285545 0.190908230
vn -0.935220624 0.181466169 0.304026997
vn -0.954354203 0.274377610 0.118004161
vn -0.619828857 0.748502252 0.235704405
vn -0.594145116 0.710601068 0.376878897
vn -0.837945444 0.479007102 0.261533229
vn -0.935220624 0.181466169 0.304026997
vn -0.827725223 0.347095670 0.440903109
vn -0.605954529 0.727588045 0.321612726
vn -0.891480978 0.386816268 0.235870392
vn -0.837945444 0.479007102 0.261533229
vn -0.891480978 0.386816268 0.235870392
vn -0.605954529 0.727588045 0.321612726
vn -0.628167912 0.762374386 0.155532538
vn -0.937623815 -0.159529201 0.308888354
vn -0.979367283 0.066285545 0.190908230
vn -0.710372079 -0.204126455 0.673575459
vn -0.979367283 0.066285545 0.190908230
vn -0.937623815 -0.159529201 0.308888354
vn -0.935220624 0.181466169 0.304026997
vn -0.937623815 -0.159529201 0.308888354
vn -0.776016954 -0.384091192 0.500271569
vn -0.879542586 -0.401424184 0.255467150
vn -0.637995053 -0.721802407 0.268260318
vn -0.933089094 -0.327752393 0.148064555
vn -0.879542586 -0.401424184 0.255467150
vn -0.933089094 -0.327752393 0.148064555
vn -0.637995053 -0.721802407 0.268260318
vn -0.901034513 -0.430051250 0.056504239
vn -0.966310173 0.136676342 0.218092245
vn -0.935220624 0.181466169 0.304026997
vn -0.937623815 -0.159529201 0.308888354
vn -0.615593893 0.763052172 -0.196965838
vn -0.889836236 0.448912088 0.081666455
vn -0.884764625 0.401225099 -0.237086438
vn -0.889836236 0.448912088 0.081666455
vn -0.615593893 0.763052172 -0.196965838
vn -0.632328246 0.771218849 0.073365366
vn -0.889836236 0.448912088 0.081666455
vn -0.614979462 0.741014644 0.269624848
vn -0.875505702 0.364896454 0.316765438
vn -0.614979462 0.741014644 0.269624848
vn -0.889836236 0.448912088 0.081666455
vn -0.632328246 0.771218849 0.073365366
vn -0.614979462 0.741014644 0.269624848
vn -0.954354203 0.274377610 0.118004161
vn -0.875505702 0.364896454 0.316765438
vn -0.954354203 0.274377610 0.118004161
vn -0.614979462 0.741014644 0.269624848
vn -0.619828857 0.748502252 0.235704405
vn -0.940202890 0.319236160 0.118772051
vn -0.827725223 0.347095670 0.440903109
vn -0.935220624 0.181466169 0.304026997
vn -0.921226469 -0.207201221 0.329255898
vn -0.537169357 -0.728615984 0.424932735
vn -0.865551732 0.069324857 0.495998250
vn -0.359657126 -0.930564036 -0.068537047
vn 0.375087710 -0.888273657 -0.265102093
vn -0.644811798 -0.152235354 0.749027464
vn -0.865551732 0.069324857 0.495998250
vn -0.534413957 -0.775345969 0.336512036
vn -0.912397901 -0.063842425 0.404294714
vn -0.534413957 -0.775345969 0.336512036
vn -0.865551732 0.069324857 0.495998250
vn -0.537169357 -0.728615984 0.424932735
vn -0.537169357 -0.728615984 0.424932735
vn -0.921226469 -0.207201221 0.329255898
vn -0.385817211 -0.906783481 0.169967050
vn -0.891480978 0.386816268 0.235870392
vn -0.628167912 0.762374386 0.155532538
vn -0.439020445 0.503838946 0.743913548
vn -0.143713243 -0.848726172 -0.508930632
vn -0.692589176 -0.485594285 -0.533402684
vn -0.187481923 -0.867159171 -0.461395169
vn -0.827725223 0.347095670 0.440903109
vn -0.605954529 0.727588045 0.321612726
vn -0.837945444 0.479007102 0.261533229
vn -0.605954529 0.727588045 0.321612726
vn -0.827725223 0.347095670 0.440903109
vn -0.509230219 0.595430336 0.621407514
vn -0.594145116 0.710601068 0.376878897
vn -0.827725223 0.347095670 0.440903109
vn -0.940202890 0.319236160 0.118772051
vn -0.827725223 0.347095670 0.440903109
vn -0.594145116 0.710601068 0.376878897
vn -0.509230219 0.595430336 0.621407514
vn -0.210625446 -0.968812686 0.130533142
vn -0.081829504 -0.956072714 -0.281476284
vn -0.224634333 -0.965514506 -0.131609859
vn -0.081829504 -0.956072714 -0.281476284
vn -0.210625446 -0.968812686 0.130533142
vn -0.009011428 -0.998791801 0.048308726
vn -0.224634333 -0.965514506 -0.131609859
vn -0.534413957 -0.775345969 0.336512036
vn -0.210625446 -0.968812686 0.130533142
vn -0.534413957 -0.775345969 0.336512036
vn -0.224634333 -0.965514506 -0.131609859
vn -0.359657126 -0.930564036 -0.068537047
vn -0.534413957 -0.775345969 0.336512036
vn -0.644811798 -0.152235354 0.749027464
vn -0.912397901 -0.063842425 0.404294714
vn -0.644811798 -0.152235354 0.749027464
vn -0.534413957 -0.775345969 0.336512036
vn -0.359657126 -0.930564036 -0.068537047
vn -0.644811798 -0.152235354 0.749027464
vn -0.930028441 0.306428089 0.202851977
vn -0.912397901 -0.063842425 0.404294714
vn -0.930028441 0.306428089 0.202851977
vn -0.644811798 -0.152235354 0.749027464
vn -0.927290432 0.245314838 0.282759766
vn -0.927290432 0.245314838 0.282759766
vn -0.964272095 0.064545943 0.256930240
vn -0.930028441 0.306428089 0.202851977
vn -0.964272095 0.064545943 0.256930240
vn -0.927290432 0.245314838 0.282759766
vn -0.052582004 -0.245518752 0.967964708
vn -0.758651492 0.557398003 0.337276416
vn -0.052582004 -0.245518752 0.967964708
vn -0.661009064 0.721545225 0.206008510
vn -0.052582004 -0.245518752 0.967964708
vn -0.758651492 0.557398003 0.337276416
vn -0.964272095 0.064545943 0.256930240
vn -0.328046624 0.944077569 0.033210794
vn 0.099739426 0.985580317 0.136687544
vn -0.403289941 0.869942274 0.283826820
vn 0.099739426 0.985580317 0.136687544
vn -0.328046624 0.944077569 0.033210794
vn -0.048345180 0.990308723 -0.130197450
vn -0.403289941 0.869942274 0.283826820
vn -0.758651492 0.557398003 0.337276416
vn -0.328046624 0.944077569 0.033210794
vn -0.758651492 0.557398003 0.337276416
vn -0.403289941 0.869942274 0.283826820
vn -0.794990371 0.410479716 0.446650550
vn -0.330905123 0.902530698 -0.275572383
vn -0.513441469 0.831011121 -0.214005548
vn -0.384006258 0.864697968 -0.323784832
vn -0.513441469 0.831011121 -0.214005548
vn -0.330905123 0.902530698 -0.275572383
vn -0.661009064 0.721545225 0.206008510
vn -0.661009064 0.721545225 0.206008510
vn -0.528358548 0.814965444 0.238051613
vn -0.513441469 0.831011121 -0.214005548
vn -0.528358548 0.814965444 0.238051613
vn -0.661009064 0.721545225 0.206008510
vn 0.109127429 0.531161364 0.840213550
vn -0.528358548 0.814965444 0.238051613
vn 0.109127429 0.531161364 0.840213550
vn -0.138986305 0.990290449 -0.002762798
vn 0.212584360 -0.896341058 -0.389076596
vn -0.644811798 -0.152235354 0.749027464
vn 0.375087710 -0.888273657 -0.265102093
vn -0.644811798 -0.152235354 0.749027464
vn 0.212584360 -0.896341058 -0.389076596
vn 0.417508447 -0.386342078 0.822451515
vn -0.384006258 0.864697968 -0.323784832
vn -0.161394105 0.925747394 -0.341970328
vn -0.330905123 0.902530698 -0.275572383
vn -0.161394105 0.925747394 -0.341970328
vn -0.384006258 0.864697968 -0.323784832
vn -0.143257306 0.945431018 -0.292638913
vn -0.525105587 -0.851035721 -0.001524677
vn -0.566048662 -0.734438499 -0.374418218
vn -0.799419411 -0.571638490 -0.184818943
vn -0.449492536 -0.879024930 0.158970542
vn -0.525105587 -0.851035721 -0.001524677
vn -0.422571767 -0.906289404 0.008521644
vn -0.799419411 -0.571638490 -0.184818943
vn -0.422571767 -0.906289404 0.008521644
vn -0.525105587 -0.851035721 -0.001524677
vn -0.566048662 -0.734438499 -0.374418218
vn -0.525105587 -0.851035721 -0.001524677
vn 0.104045726 -0.986739226 -0.124580041
vn -0.752784591 0.259660720 -0.604889800
vn -0.742410302 -0.143194602 -0.654463329
vn -0.508133916 0.144447837 -0.849078763
vn -0.508133916 0.144447837 -0.849078763
vn -0.432271050 -0.306355351 -0.848108565
vn -0.100203797 -0.232461786 -0.967429955
vn -0.432271050 -0.306355351 -0.848108565
vn -0.508133916 0.144447837 -0.849078763
vn -0.742410302 -0.143194602 -0.654463329
vn -0.100203797 -0.232461786 -0.967429955
vn -0.432271050 -0.306355351 -0.848108565
vn 0.123717597 -0.794559051 -0.594449216
vn -0.742410302 -0.143194602 -0.654463329
vn -0.752784591 0.259660720 -0.604889800
vn -0.961976469 -0.203964943 -0.181657849
vn -0.031885415 -0.985875182 0.164418511
vn -0.385817211 -0.906783481 0.169967050
vn -0.131526098 -0.991210263 0.014251319
vn -0.385817211 -0.906783481 0.169967050
vn -0.031885415 -0.985875182 0.164418511
vn -0.189193185 -0.949839806 0.249018636
vn -0.143713243 -0.848726172 -0.508930632
vn -0.187481923 -0.867159171 -0.461395169
vn -0.159928473 -0.854066894 -0.494967296
vn 0.161814179 0.977665185 0.134115464
vn -0.174876170 0.984472749 0.015222728
vn -0.257749139 0.942463934 0.212901654
vn -0.174876170 0.984472749 0.015222728
vn 0.161814179 0.977665185 0.134115464
vn 0.209094422 0.977837437 -0.010652183
vn -0.891480978 0.386816268 0.235870392
vn -0.439020445 0.503838946 0.743913548
vn -0.710372079 -0.204126455 0.673575459
vn -0.594145116 0.710601068 0.376878897
vn -0.940202890 0.319236160 0.118772051
vn -0.954354203 0.274377610 0.118004161
vn -0.508133916 0.144447837 -0.849078763
vn -0.382504243 0.503875221 -0.774467731
vn -0.752784591 0.259660720 -0.604889800
vn -0.100203797 -0.232461786 -0.967429955
vn 0.123717597 -0.794559051 -0.594449216
vn 0.461667014 -0.533175375 -0.708934121
vn -0.344375667 0.931534212 0.116830697
vn -0.070422367 0.990691189 -0.116497463
vn -0.524964395 0.850613203 -0.029488354
vn -0.070422367 0.990691189 -0.116497463
vn -0.344375667 0.931534212 0.116830697
vn 0.013036899 0.999542881 -0.027277628
vn -0.145875415 0.987461300 -0.060336929
vn 0.013036899 0.999542881 -0.027277628
vn -0.344375667 0.931534212 0.116830697
vn 0.013036899 0.999542881 -0.027277628
vn -0.145875415 0.987461300 -0.060336929
vn 0.166455648 0.976928612 -0.133802107
vn -0.069860891 0.988351780 -0.135204347
vn 0.166455648 0.976928612 -0.133802107
vn -0.145875415 0.987461300 -0.060336929
vn 0.166455648 0.976928612 -0.133802107
vn -0.069860891 0.988351780 -0.135204347
vn 0.430640198 0.891349478 -0.141580818
vn 0.066533165 0.984994581 -0.159245136
vn 0.430640198 0.891349478 -0.141580818
vn -0.069860891 0.988351780 -0.135204347
vn 0.430640198 0.891349478 -0.141580818
vn 0.066533165 0.984994581 -0.159245136
vn 0.647280334 0.761367546 -0.036710061
vn 0.275831217 0.961124702 -0.012507844
vn 0.066533165 0.984994581 -0.159245136
vn -0.025103386 0.992665274 -0.118260192
vn -0.524964395 0.850613203 -0.029488354
vn -0.086816913 0.987136722 -0.134253179
vn -0.666396909 0.745596636 -0.000903518
vn -0.086816913 0.987136722 -0.134253179
vn -0.524964395 0.850613203 -0.029488354
vn -0.070422367 0.990691189 -0.116497463
vn 0.015471924 -0.993874705 -0.109424361
vn -0.059363533 -0.997013294 -0.049401046
vn -0.251205918 -0.964692183 0.079149087
vn -0.059363533 -0.997013294 -0.049401046
vn 0.015471924 -0.993874705 -0.109424361
vn 0.143399343 -0.977169235 -0.156770262
vn 0.143399343 -0.977169235 -0.156770262
vn -0.140024227 -0.952832436 -0.269264862
vn -0.059363533 -0.997013294 -0.049401046
vn -0.140024227 -0.952832436 -0.269264862
vn 0.143399343 -0.977169235 -0.156770262
vn 0.245349124 -0.956827624 -0.155835507
vn 0.045041424 -0.998973813 0.004752988
vn -0.140024227 -0.952832436 -0.269264862
vn 0.245349124 -0.956827624 -0.155835507
vn -0.140024227 -0.952832436 -0.269264862
vn 0.045041424 -0.998973813 0.004752988
vn -0.139999023 -0.989494262 -0.036074621
vn 0.045041424 -0.998973813 0.004752988
vn -0.245462486 -0.963520580 0.106659547
vn -0.139999023 -0.989494262 -0.036074621
vn -0.245462486 -0.963520580 0.106659547
vn 0.045041424 -0.998973813 0.004752988
vn -0.075022665 -0.983892553 0.162256107
vn -0.258988896 -0.892731716 0.368720539
vn -0.352405672 -0.825504099 0.440855107
vn -0.345625827 -0.910618886 0.226530421
vn -0.352405672 -0.825504099 0.440855107
vn -0.075022665 -0.983892553 0.162256107
vn -0.345625827 -0.910618886 0.226530421
vn -0.052582004 -0.245518752 0.967964708
vn -0.927290432 0.245314838 0.282759766
vn -0.644811798 -0.152235354 0.749027464
vn -0.025103386 0.992665274 -0.118260192
vn 0.066533165 0.984994581 -0.159245136
vn -0.309234861 0.936415030 -0.165833329
vn 0.066533165 0.984994581 -0.159245136
vn 0.275831217 0.961124702 -0.012507844
vn 0.647280334 0.761367546 -0.036710061
vn -0.069860891 0.988351780 -0.135204347
vn -0.309234861 0.936415030 -0.165833329
vn 0.066533165 0.984994581 -0.159245136
vn -0.309234861 0.936415030 -0.165833329
vn -0.069860891 0.988351780 -0.135204347
vn -0.195483443 0.975691388 -0.099058263
vn -0.145875415 0.987461300 -0.060336929
vn -0.195483443 0.975691388 -0.099058263
vn -0.069860891 0.988351780 -0.135204347
vn -0.195483443 0.975691388 -0.099058263
vn -0.145875415 0.987461300 -0.060336929
vn -0.391226766 0.911456919 0.127231690
vn -0.344375667 0.931534212 0.116830697
vn -0.391226766 0.911456919 0.127231690
vn -0.145875415 0.987461300 -0.060336929
vn -0.391226766 0.911456919 0.127231690
vn -0.344375667 0.931534212 0.116830697
vn -0.611908818 0.762850729 0.208869249
vn -0.524964395 0.850613203 -0.029488354
vn -0.611908818 0.762850729 0.208869249
vn -0.344375667 0.931534212 0.116830697
vn -0.611908818 0.762850729 0.208869249
vn -0.524964395 0.850613203 -0.029488354
vn -0.617856616 0.775615383 0.129127764
vn -0.666396909 0.745596636 -0.000903518
vn -0.617856616 0.775615383 0.129127764
vn -0.524964395 0.850613203 -0.029488354
vn -0.617856616 0.775615383 0.129127764
vn -0.666396909 0.745596636 -0.000903518
vn -0.579507728 0.803658474 -0.135291720
vn 0.275831217 0.961124702 -0.012507844
vn 0.389932637 0.917985013 -0.072498655
vn 0.647280334 0.761367546 -0.036710061
vn 0.389932637 0.917985013 -0.072498655
vn 0.275831217 0.961124702 -0.012507844
vn 0.397605620 0.912867446 0.092643387
vn 0.430640198 0.891349478 -0.141580818
vn 0.389932637 0.917985013 -0.072498655
vn 0.179567750 0.961194554 -0.209428873
vn 0.389932637 0.917985013 -0.072498655
vn 0.430640198 0.891349478 -0.141580818
vn 0.647280334 0.761367546 -0.036710061
vn 0.166455648 0.976928612 -0.133802107
vn 0.179567750 0.961194554 -0.209428873
vn 0.145754453 0.975093162 -0.167179440
vn 0.179567750 0.961194554 -0.209428873
vn 0.166455648 0.976928612 -0.133802107
vn 0.430640198 0.891349478 -0.141580818
vn 0.013036899 0.999542881 -0.027277628
vn 0.145754453 0.975093162 -0.167179440
vn 0.458552358 0.887571553 -0.044118865
vn 0.145754453 0.975093162 -0.167179440
vn 0.013036899 0.999542881 -0.027277628
vn 0.166455648 0.976928612 -0.133802107
vn -0.070422367 0.990691189 -0.116497463
vn 0.458552358 0.887571553 -0.044118865
vn 0.704039433 0.705384091 -0.082229926
vn 0.458552358 0.887571553 -0.044118865
vn -0.070422367 0.990691189 -0.116497463
vn 0.013036899 0.999542881 -0.027277628
vn -0.086816913 0.987136722 -0.134253179
vn 0.704039433 0.705384091 -0.082229926
vn 0.875287288 0.482340853 -0.034920828
vn 0.704039433 0.705384091 -0.082229926
vn -0.086816913 0.987136722 -0.134253179
vn -0.070422367 0.990691189 -0.116497463
vn 0.712311340 -0.691439594 0.120514908
vn 0.061673133 -0.969107723 0.238802524
vn 0.634067559 -0.740359473 0.223217789
vn 0.061673133 -0.969107723 0.238802524
vn 0.712311340 -0.691439594 0.120514908
vn 0.089378004 -0.960309169 0.264230718
vn 0.634067559 -0.740359473 0.223217789
vn 0.255301494 -0.963590980 0.079457978
vn 0.604434496 -0.795825601 0.036339409
vn 0.255301494 -0.963590980 0.079457978
vn 0.634067559 -0.740359473 0.223217789
vn 0.061673133 -0.969107723 0.238802524
vn 0.255301494 -0.963590980 0.079457978
vn 0.610179979 -0.738464997 -0.286966620
vn 0.604434496 -0.795825601 0.036339409
vn 0.610179979 -0.738464997 -0.286966620
vn 0.255301494 -0.963590980 0.079457978
vn -0.190791780 -0.960743896 -0.201419125
vn -0.091691400 -0.983327436 -0.157034520
vn 0.610179979 -0.738464997 -0.286966620
vn -0.190791780 -0.960743896 -0.201419125
vn 0.610179979 -0.738464997 -0.286966620
vn -0.091691400 -0.983327436 -0.157034520
vn 0.588649901 -0.806865441 -0.049592878
vn 0.293726980 -0.951256960 -0.093992852
vn 0.588649901 -0.806865441 -0.049592878
vn -0.091691400 -0.983327436 -0.157034520
vn 0.588649901 -0.806865441 -0.049592878
vn 0.293726980 -0.951256960 -0.093992852
vn 0.634050571 -0.766220062 -0.104339301
vn -0.345625827 -0.910618886 0.226530421
vn -0.075022665 -0.983892553 0.162256107
vn -0.454525247 -0.830367662 0.322329560
vn -0.219977092 -0.970824153 0.095449166
vn -0.075022665 -0.983892553 0.162256107
vn 0.045041424 -0.998973813 0.004752988
vn -0.075022665 -0.983892553 0.162256107
vn -0.219977092 -0.970824153 0.095449166
vn -0.454525247 -0.830367662 0.322329560
vn 0.245349124 -0.956827624 -0.155835507
vn -0.219977092 -0.970824153 0.095449166
vn 0.045041424 -0.998973813 0.004752988
vn -0.219977092 -0.970824153 0.095449166
vn 0.245349124 -0.956827624 -0.155835507
vn -0.188717510 -0.967335888 -0.169254193
vn 0.143399343 -0.977169235 -0.156770262
vn -0.188717510 -0.967335888 -0.169254193
vn 0.245349124 -0.956827624 -0.155835507
vn -0.188717510 -0.967335888 -0.169254193
vn 0.143399343 -0.977169235 -0.156770262
vn -0.201235970 -0.963919598 -0.174250089
vn -0.182834238 -0.973771622 -0.135426988
vn 0.143399343 -0.977169235 -0.156770262
vn 0.015471924 -0.993874705 -0.109424361
vn 0.143399343 -0.977169235 -0.156770262
vn -0.182834238 -0.973771622 -0.135426988
vn -0.201235970 -0.963919598 -0.174250089
vn 0.061673133 -0.969107723 0.238802524
vn 0.089378004 -0.960309169 0.264230718
vn -0.345625827 -0.910618886 0.226530421
vn 0.089378004 -0.960309169 0.264230718
vn -0.258988896 -0.892731716 0.368720539
vn -0.345625827 -0.910618886 0.226530421
vn -0.477858599 -0.878394238 -0.008644138
vn -0.075022665 -0.983892553 0.162256107
vn -0.352405672 -0.825504099 0.440855107
vn -0.075022665 -0.983892553 0.162256107
vn -0.477858599 -0.878394238 -0.008644138
vn -0.245462486 -0.963520580 0.106659547
f 3/3/3 2/2/2 1/1/1
f 6/6/6 5/5/5 4/4/4
f 9/9/9 8/8/8 7/7/7
f 12/12/12 11/11/11 10/10/10
f 15/15/15 14/14/14 13/13/13
f 18/18/18 17/17/17 16/16/16
f 21/21/21 20/20/20 19/19/19
f 24/24/24 23/23/23 22/22/22
f 27/27/27 26/26/26 25/25/25
f 30/30/30 29/29/29 28/28/28
f 33/33/33 32/32/32 31/31/31
f 36/36/36 35/35/35 34/34/34
f 39/39/39 38/38/38 37/37/37
f 42/42/42 41/41/41 40/40/40
f 45/45/45 44/44/44 43/43/43
f 48/48/48 47/47/47 46/46/46
f 51/51/51 50/50/50 49/49/49
f 54/54/54 53/53/53 52/52/52
f 57/57/57 56/56/56 55/55/55
f 60/60/60 59/59/59 58/58/58
f 63/63/63 62/62/62 61/61/61
f 66/66/66 65/65/65 64/64/64
f 69/69/69 68/68/68 67/67/67
f 72/72/72 71/71/71 70/70/70
f 75/75/75 74/74/74 73/73/73
f 78/78/78 77/77/77 76/76/76
f 81/81/81 80/80/80 79/79/79
f 84/84/84 83/83/83 82/82/82
f 87/87/87 86/86/86 85/85/85
f 90/90/90 89/89/89 88/88/88
f 93/93/93 92/92/92 91/91/91
f 96/96/96 95/95/95 94/94/94
f 99/99/99 98/98/98 97/97/97
f 102/102/102 101/101/101 100/100/100
f 105/105/105 104/104/104 103/103/103
f 108/108/108 107/107/107 106/106/106
f 111/111/111 110/110/110 109/109/109
f 114/114/114 113/113/113 112/112/112
f 117/117/117 116/116/116 115/115/115
f 120/120/120 119/119/119 118/118/118
f 123/123/123 122/122/122 121/121/121
f 126/126/126 125/125/125 124/124/124
f 129/129/129 128/128/128 127/127/127
f 132/132/132 131/131/131 130/130/130
f 135/135/135 134/134/134 133/133/133
f 138/138/138 137/137/137 136/136/136
f 141/141/141 140/140/140 139/139/139
f 144/144/144 143/143/143 142/142/142
f 147/147/147 146/146/146 145/145/145
f 150/150/150 149/149/149 148/148/148
f 153/153/153 152/152/152 151/151/151
f 156/156/156 155/155/155 154/154/154
f 159/159/159 158/158/158 157/157/157
f 162/162/162 161/161/161 160/160/160
f 165/165/165 164/164/164 163/163/163
f 168/168/168 167/167/167 166/166/166
f 171/171/171 170/170/170 169/169/169
f 174/174/174 173/173/173 172/172/172
f 177/177/177 176/176/176 175/175/175
f 180/180/180 179/179/179 178/178/178
f 183/183/183 182/182/182 181/181/181
f 186/186/186 185/185/185 184/184/184
f 189/189/189 188/188/188 187/187/187
f 192/192/192 191/191/191 190/190/190
f 195/195/195 194/194/194 193/193/193
f 198/198/198 197/197/197 196/196/196
f 201/201/201 200/200/200 199/199/199
f 204/204/204 203/203/203 202/202/202
f 207/207/207 206/206/206 205/205/205
f 210/210/210 209/209/209 208/208/208
f 213/213/213 212/212/212 211/211/211
f 216/216/216 215/215/215 214/214/214
f 219/219/219 218/218/218 217/217/217
f 222/222/222 221/221/221 220/220/220
f 225/225/225 224/224/224 223/223/223
f 228/228/228 227/227/227 226/226/226
f 231/231/231 230/230/230 229/229/229
f 234/234/234 233/233/233 232/232/232
f 237/237/237 236/236/236 235/235/235
f 240/240/240 239/239/239 238/238/238
f 243/243/243 242/242/242 241/241/241
f 246/246/246 245/245/245 244/244/244
f 249/249/249 248/248/248 247/247/247
f 252/252/252 251/251/251 250/250/250
f 255/255/255 254/254/254 253/253/253
f 258/258/258 257/257/257 256/256/256
f 261/261/261 260/260/260 259/259/259
f 264/264/264 263/263/263 262/262/262
f 267/267/267 266/266/266 265/265/265
f 270/270/270 269/269/269 268/268/268
f 273/273/273 272/272/272 271/271/271
f 276/276/276 275/275/275 274/274/274
f 279/279/279 278/278/278 277/277/277
f 282/282/282 281/281/281 280/280/280
f 285/285/285 284/284/284 283/283/283
f 288/288/288 287/287/287 286/286/286
f 291/291/291 290/290/290 289/289/289
f 294/294/294 293/293/293 292/292/292
f 297/297/297 296/296/296 295/295/295
f 300/300/300 299/299/299 298/298/298
f 303/303/303 302/302/302 301/301/301
f 306/306/306 305/305/305 304/304/304
f 309/309/309 308/308/308 307/307/307
f 312/312/312 311/311/311 310/310/310
f 315/315/315 314/314/314 313/313/313
f 318/318/318 317/317/317 316/316/316
f 321/321/321 320/320/320 319/319/319
f 324/324/324 323/323/323 322/322/322
f 327/327/327 326/326/326 325/325/325
f 330/330/330 329/329/329 328/328/328
f 333/333/333 332/332/332 331/331/331
f 336/336/336 335/335/335 334/334/334
f 339/339/339 338/338/338 337/337/337
f 342/342/342 341/341/341 340/340/340
f 345/345/345 344/344/344 343/343/343
f 348/348/348 347/347/347 346/346/346
f 351/351/351 350/350/350 349/349/349
f 354/354/354 353/353/353 352/352/352
f 357/357/357 356/356/356 355/355/355
f 360/360/360 359/359/359 358/358/358
f 363/363/363 362/362/362 361/361/361
f 366/366/366 365/365/365 364/364/364
f 369/369/369 368/368/368 367/367/367
f 372/372/372 371/371/371 370/370/370
f 375/375/375 374/374/374 373/373/373
f 378/378/378 377/377/377 376/376/376
f 381/381/381 380/380/380 379/379/379
f 384/384/384 383/383/383 382/382/382
f 387/387/387 386/386/386 385/385/385
f 390/390/390 389/389/389 388/388/388
f 393/393/393 392/392/392 391/391/391
f 396/396/396 395/395/395 394/394/394
f 399/399/399 398/398/398 397/397/397
f 402/402/402 401/401/401 400/400/400
f 405/405/405 404/404/404 403/403/403
f 408/408/408 407/407/407 406/406/406
f 411/411/411 410/410/410 409/409/409
f 414/414/414 413/413/413 412/412/412
f 417/417/417 416/416/416 415/415/415
f 420/420/420 419/419/419 418/418/418
f 423/423/423 422/422/422 421/421/421
f 426/426/426 425/425/425 424/424/424
f 429/429/429 428/428/428 427/427/427
f 432/432/432 431/431/431 430/430/430
f 435/435/435 434/434/434 433/433/433
f 438/438/438 437/437/437 436/436/436
f 441/441/441 440/440/440 439/439/439
f 444/444/444 443/443/443 442/442/442
f 447/447/447 446/446/446 445/445/445
f 450/450/450 449/449/449 448/448/448
f 453/453/453 452/452/452 451/451/451
f 456/456/456 455/455/455 454/454/454
f 459/459/459 458/458/458 457/457/457
f 462/462/462 461/461/461 460/460/460
f 465/465/465 464/464/464 463/463/463
f 468/468/468 467/467/467 466/466/466
f 471/471/471 470/470/470 469/469/469
f 474/474/474 473/473/473 472/472/472
f 477/477/477 476/476/476 475/475/475
f 480/480/480 479/479/479 478/478/478
f 483/483/483 482/482/482 481/481/481
f 486/486/486 485/485/485 484/484/484
f 489/489/489 488/488/488 487/487/487
f 492/492/492 491/491/491 490/490/490
f 495/495/495 494/494/494 493/493/493
f 498/498/498 497/497/497 496/496/496
f 501/501/501 500/500/500 499/499/499
f 504/504/504 503/503/503 502/502/502
f 507/507/507 506/506/506 505/505/505
f 510/510/510 509/509/509 508/508/508
f 513/513/513 512/512/512 511/511/511
f 516/516/516 515/515/515 514/514/514
f 519/519/519 518/518/518 517/517/517
f 522/522/522 521/521/521 520/520/520
f 525/525/525 524/524/524 523/523/523
f 528/528/528 527/527/527 526/526/526
f 531/531/531 530/530/530 529/529/529
f 534/534/534 533/533/533 532/532/532
f 537/537/537 536/536/536 535/535/535
f 540/540/540 539/539/539 538/538/538
f 543/543/543 542/542/542 541/541/541
f 546/546/546 545/545/545 544/544/544
f 549/549/549 548/548/548 547/547/547
f 552/552/552 551/551/551 550/550/550
f 555/555/555 554/554/554 553/553/553
f 558/558/558 557/557/557 556/556/556
f 561/561/561 560/560/560 559/559/559
f 564/564/564 563/563/563 562/562/562
f 567/567/567 566/566/566 565/565/565
f 570/570/570 569/569/569 568/568/568
f 573/573/573 572/572/572 571/571/571
f 576/576/576 575/575/575 574/574/574
f 579/579/579 578/578/578 577/577/577
f 582/582/582 581/581/581 580/580/580
f 585/585/585 584/584/584 583/583/583
f 588/588/588 587/587/587 586/586/586
f 591/591/591 590/590/590 589/589/589
f 594/594/594 593/593/593 592/592/592
f 597/597/597 596/596/596 595/595/595
f 600/600/600 599/599/599 598/598/598
f 603/603/603 602/602/602 601/601/601
f 606/606/606 605/605/605 604/604/604
f 609/609/609 608/608/608 607/607/607
f 612/612/612 611/611/611 610/610/610
f 615/615/615 614/614/614 613/613/613
f 618/618/618 617/617/617 616/616/616
f 621/621/621 620/620/620 619/619/619
f 624/624/624 623/623/623 622/622/622
f 627/627/627 626/626/626 625/625/625
f 630/630/630 629/629/629 628/628/628
f 633/633/633 632/632/632 631/631/631
f 636/636/636 635/635/635 634/634/634
f 639/639/639 638/638/638 637/637/637
f 642/642/642 641/641/641 640/640/640
f 645/645/645 644/644/644 643/643/643
f 648/648/648 647/647/647 646/646/646
f 651/651/651 650/650/650 649/649/649
f 654/654/654 653/653/653 652/652/652
f 657/657/657 656/656/656 655/655/655
f 660/660/660 659/659/659 658/658/658
f 663/663/663 662/662/662 661/661/661
f 666/666/666 665/665/665 664/664/664
f 669/669/669 668/668/668 667/667/667
f 672/672/672 671/671/671 670/670/670
f 675/675/675 674/674/674 673/673/673
f 678/678/678 677/677/677 676/676/676
f 681/681/681 680/680/680 679/679/679
f 684/684/684 683/683/683 682/682/682
f 687/687/687 686/686/686 685/685/685
f 690/690/690 689/689/689 688/688/688
f 693/693/693 692/692/692 691/691/691
f 696/696/696 695/695/695 694/694/694
f 699/699/699 698/698/698 697/697/697
f 702/702/702 701/701/701 700/700/700
f 705/705/705 704/704/704 703/703/703
f 708/708/708 707/707/707 706/706/706
f 711/711/711 710/710/710 709/709/709
f 714/714/714 713/713/713 712/712/712
f 717/717/717 716/716/716 715/715/715
f 720/720/720 719/719/719 718/718/718
f 723/723/723 722/722/722 721/721/721
f 726/726/726 725/725/725 724/724/724
f 729/729/729 728/728/728 727/727/727
f 732/732/732 731/731/731 730/730/730
f 735/735/735 734/734/734 733/733/733
f 738/738/738 737/737/737 736/736/736
f 741/741/741 740/740/740 739/739/739
f 744/744/744 743/743/743 742/742/742
f 747/747/747 746/746/746 745/745/745
f 750/750/750 749/749/749 748/748/748
f 753/753/753 752/752/752 751/751/751
f 756/756/756 755/755/755 754/754/754
f 759/759/759 758/758/758 757/757/757
f 762/762/762 761/761/761 760/760/760
f 765/765/765 764/764/764 763/763/763
f 768/768/768 767/767/767 766/766/766
f 771/771/771 770/770/770 769/769/769
f 774/774/774 773/773/773 772/772/772
f 777/777/777 776/776/776 775/775/775
f 780/780/780 779/779/779 778/778/778
f 783/783/783 782/782/782 781/781/781
f 786/786/786 785/785/785 784/784/784
f 789/789/789 788/788/788 787/787/787
f 792/792/792 791/791/791 790/790/790
f 795/795/795 794/794/794 793/793/793
f 798/798/798 797/797/797 796/796/796
f 801/801/801 800/800/800 799/799/799
f 804/804/804 803/803/803 802/802/802
f 807/807/807 806/806/806 805/805/805
f 810/810/810 809/809/809 808/808/808
f 813/813/813 812/812/812 811/811/811
f 816/816/816 815/815/815 814/814/814
f 819/819/819 818/818/818 817/817/817
f 822/822/822 821/821/821 820/820/820
f 825/825/825 824/824/824 823/823/823
f 828/828/828 827/827/827 826/826/826
f 831/831/831 830/830/830 829/829/829
f 834/834/834 833/833/833 832/832/832
f 837/837/837 836/836/836 835/835/835
f 840/840/840 839/839/839 838/838/838
f 843/843/843 842/842/842 841/841/841
f 846/846/846 845/845/845 844/844/844
f 849/849/849 848/848/848 847/847/847
f 852/852/852 851/851/851 850/850/850
f 855/855/855 854/854/854 853/853/853
f 858/858/858 857/857/857 856/856/856
f 861/861/861 860/860/860 859/859/859
f 864/864/864 863/863/863 862/862/862
f 867/867/867 866/866/866 865/865/865
f 870/870/870 869/869/869 868/868/868
f 873/873/873 872/872/872 871/871/871
f 876/876/876 875/875/875 874/874/874
f 879/879/879 878/878/878 877/877/877
f 882/882/882 881/881/881 880/880/880
f 885/885/885 884/884/884 883/883/883
f 888/888/888 887/887/887 886/886/886
f 891/891/891 890/890/890 889/889/889
f 894/894/894 893/893/893 892/892/892
f 897/897/897 896/896/896 895/895/895
f 900/900/900 899/899/899 898/898/898
f 903/903/903 902/902/902 901/901/901
f 906/906/906 905/905/905 904/904/904
f 909/909/909 908/908/908 907/907/907
f 912/912/912 911/911/911 910/910/910
f 915/915/915 914/914/914 913/913/913
f 918/918/918 917/917/917 916/916/916
f 921/921/921 920/920/920 919/919/919
f 924/924/924 923/923/923 922/922/922
f 927/927/927 926/926/926 925/925/925
f 930/930/930 929/929/929 928/928/928
f 933/933/933 932/932/932 931/931/931
f 936/936/936 935/935/935 934/934/934
f 939/939/939 938/938/938 937/937/937
f 942/942/942 941/941/941 940/940/940
f 945/945/945 944/944/944 943/943/943
f 948/948/948 947/947/947 946/946/946
f 951/951/951 950/950/950 949/949/949
f 954/954/954 953/953/953 952/952/952
f 957/957/957 956/956/956 955/955/955
f 960/960/960 959/959/959 958/958/958
f 963/963/963 962/962/962 961/961/961
f 966/966/966 965/965/965 964/964/964
f 969/969/969 968/968/968 967/967/967
f 972/972/972 971/971/971 970/970/970
f 975/975/975 974/974/974 973/973/973
f 978/978/978 977/977/977 976/976/976
f 981/981/981 980/980/980 979/979/979
f 984/984/984 983/983/983 982/982/982
f 987/987/987 986/986/986 985/985/985
f 990/990/990 989/989/989 988/988/988
f 993/993/993 992/992/992 991/991/991
f 996/996/996 995/995/995 994/994/994
f 999/999/999 998/998/998 997/997/997
f 1002/1002/1002 1001/1001/1001 1000/1000/1000
f 1005/1005/1005 1004/1004/1004 1003/1003/1003
f 1008/1008/1008 1007/1007/1007 1006/1006/1006
f 1011/1011/1011 1010/1010/1010 1009/1009/1009
f 1014/1014/1014 1013/1013/1013 1012/1012/1012
f 1017/1017/1017 1016/1016/1016 1015/1015/1015
f 1020/1020/1020 1019/1019/1019 1018/1018/1018
f 1023/1023/1023 1022/1022/1022 1021/1021/1021
f 1026/1026/1026 1025/1025/1025 1024/1024/1024
f 1029/1029/1029 1028/1028/1028 1027/1027/1027
f 1032/1032/1032 1031/1031/1031 1030/1030/1030
f 1035/1035/1035 1034/1034/1034 1033/1033/1033
f 1038/1038/1038 1037/1037/1037 1036/1036/1036
f 1041/1041/1041 1040/1040/1040 1039/1039/1039
f 1044/1044/1044 1043/1043/1043 1042/1042/1042
f 1047/1047/1047 1046/1046/1046 1045/1045/1045
f 1050/1050/1050 1049/1049/1049 1048/1048/1048
f 1053/1053/1053 1052/1052/1052 1051/1051/1051
f 1056/1056/1056 1055/1055/1055 1054/1054/1054
f 1059/1059/1059 1058/1058/1058 1057/1057/1057
f 1062/1062/1062 1061/1061/1061 1060/1060/1060
f 1065/1065/1065 1064/1064/1064 1063/1063/1063
f 1068/1068/1068 1067/1067/1067 1066/1066/1066
f 1071/1071/1071 1070/1070/1070 1069/1069/1069
f 1074/1074/1074 1073/1073/1073 1072/1072/1072
f 1077/1077/1077 1076/1076/1076 1075/1075/1075
f 1080/1080/1080 1079/1079/1079 1078/1078/1078
f 1083/1083/1083 1082/1082/1082 1081/1081/1081
f 1086/1086/1086 1085/1085/1085 1084/1084/1084
f 1089/1089/1089 1088/1088/1088 1087/1087/1087
f 1092/1092/1092 1091/1091/1091 1090/1090/1090
f 1095/1095/1095 1094/1094/1094 1093/1093/1093
f 1098/1098/1098 1097/1097/1097 1096/1096/1096
f 1101/1101/1101 1100/1100/1100 1099/1099/1099
f 1104/1104/1104 1103/1103/1103 1102/1102/1102
f 1107/1107/1107 1106/1106/1106 1105/1105/1105
f 1110/1110/1110 1109/1109/1109 1108/1108/1108
f 1113/1113/1113 1112/1112/1112 1111/1111/1111
f 1116/1116/1116 1115/1115/1115 1114/1114/1114
f 1119/1119/1119 1118/1118/1118 1117/1117/1117
f 1122/1122/1122 1121/1121/1121 1120/1120/1120
f 1125/1125/1125 1124/1124/1124 1123/1123/1123
f 1128/1128/1128 1127/1127/1127 1126/1126/1126
f 1131/1131/1131 1130/1130/1130 1129/1129/1129
f 1134/1134/1134 1133/1133/1133 1132/1132/1132
f 1137/1137/1137 1136/1136/1136 1135/1135/1135
f 1140/1140/1140 1139/1139/1139 1138/1138/1138
f 1143/1143/1143 1142/1142/1142 1141/1141/1141
f 1146/1146/1146 1145/1145/1145 1144/1144/1144
f 1149/1149/1149 1148/1148/1148 1147/1147/1147
f 1152/1152/1152 1151/1151/1151 1150/1150/1150
f 1155/1155/1155 1154/1154/1154 1153/1153/1153
f 1158/1158/1158 1157/1157/1157 1156/1156/1156
f 1161/1161/1161 1160/1160/1160 1159/1159/1159
f 1164/1164/1164 1163/1163/1163 1162/1162/1162
f 1167/1167/1167 1166/1166/1166 1165/1165/1165
f 1170/1170/1170 1169/1169/1169 1168/1168/1168
f 1173/1173/1173 1172/1172/1172 1171/1171/1171
f 1176/1176/1176 1175/1175/1175 1174/1174/1174
f 1179/1179/1179 1178/1178/1178 1177/1177/1177
f 1182/1182/1182 1181/1181/1181 1180/1180/1180
f 1185/1185/1185 1184/1184/1184 1183/1183/1183
f 1188/1188/1188 1187/1187/1187 1186/1186/1186
f 1191/1191/1191 1190/1190/1190 1189/1189/1189
f 1194/1194/1194 1193/1193/1193 1192/1192/1192
f 1197/1197/1197 1196/1196/1196 1195/1195/1195
f 1200/1200/1200 1199/1199/1199 1198/1198/1198
f 1203/1203/1203 1202/1202/1202 1201/1201/1201
f 1206/1206/1206 1205/1205/1205 1204/1204/1204
f 1209/1209/1209 1208/1208/1208 1207/1207/1207
f 1212/1212/1212 1211/1211/1211 1210/1210/1210
f 1215/1215/1215 1214/1214/1214 1213/1213/1213
f 1218/1218/1218 1217/1217/1217 1216/1216/1216
f 1221/1221/1221 1220/1220/1220 1219/1219/1219
f 1224/1224/1224 1223/1223/1223 1222/1222/1222
f 1227/1227/1227 1226/1226/1226 1225/1225/1225
f 1230/1230/1230 1229/1229/1229 1228/1228/1228
f 1233/1233/1233 1232/1232/1232 1231/1231/1231
f 1236/1236/1236 1235/1235/1235 1234/1234/1234
f 1239/1239/1239 1238/1238/1238 1237/1237/1237
f 1242/1242/1242 1241/1241/1241 1240/1240/1240
f 1245/1245/1245 1244/1244/1244 1243/1243/1243
f 1248/1248/1248 1247/1247/1247 1246/1246/1246
f 1251/1251/1251 1250/1250/1250 1249/1249/1249
f 1254/1254/1254 1253/1253/1253 1252/1252/1252
f 1257/1257/1257 1256/1256/1256 1255/1255/1255
f 1260/1260/1260 1259/1259/1259 1258/1258/1258
f 1263/1263/1263 1262/1262/1262 1261/1261/1261
f 1266/1266/1266 1265/1265/1265 1264/1264/1264
f 1269/1269/1269 1268/1268/1268 1267/1267/1267
f 1272/1272/1272 1271/1271/1271 1270/1270/1270
f 1275/1275/1275 1274/1274/1274 1273/1273/1273
f 1278/1278/1278 1277/1277/1277 1276/1276/1276
f 1281/1281/1281 1280/1280/1280 1279/1279/1279
f 1284/1284/1284 1283/1283/1283 1282/1282/1282
f 1287/1287/1287 1286/1286/1286 1285/1285/1285
f 1290/1290/1290 1289/1289/1289 1288/1288/1288
f 1293/1293/1293 1292/1292/1292 1291/1291/1291
f 1296/1296/1296 1295/1295/1295 1294/1294/1294
f 1299/1299/1299 1298/1298/1298 1297/1297/1297
f 1302/1302/1302 1301/1301/1301 1300/1300/1300
f 1305/1305/1305 1304/1304/1304 1303/1303/1303
f 1308/1308/1308 1307/1307/1307 1306/1306/1306
f 1311/1311/1311 1310/1310/1310 1309/1309/1309
f 1314/1314/1314 1313/1313/1313 1312/1312/1312
f 1317/1317/1317 1316/1316/1316 1315/1315/1315
f 1320/1320/1320 1319/1319/1319 1318/1318/1318
f 1323/1323/1323 1322/1322/1322 1321/1321/1321
f 1326/1326/1326 1325/1325/1325 1324/1324/1324
f 1329/1329/1329 1328/1328/1328 1327/1327/1327
f 1332/1332/1332 1331/1331/1331 1330/1330/1330
f 1335/1335/1335 1334/1334/1334 1333/1333/1333
f 1338/1338/1338 1337/1337/1337 1336/1336/1336
f 1341/1341/1341 1340/1340/1340 1339/1339/1339
f 1344/1344/1344 1343/1343/1343 1342/1342/1342
f 1347/1347/1347 1346/1346/1346 1345/1345/1345
f 1350/1350/1350 1349/1349/1349 1348/1348/1348
f 1353/1353/1353 1352/1352/1352 1351/1351/1351
f 1356/1356/1356 1355/1355/1355 1354/1354/1354
f 1359/1359/1359 1358/1358/1358 1357/1357/1357
f 1362/1362/1362 1361/1361/1361 1360/1360/1360
f 1365/1365/1365 1364/1364/1364 1363/1363/1363
f 1368/1368/1368 1367/1367/1367 1366/1366/1366
f 1371/1371/1371 1370/1370/1370 1369/1369/1369
f 1374/1374/1374 1373/1373/1373 1372/1372/1372
f 1377/1377/1377 1376/1376/1376 1375/1375/1375
f 1380/1380/1380 1379/1379/1379 1378/1378/1378
f 1383/1383/1383 1382/1382/1382 1381/1381/1381
f 1386/1386/1386 1385/1385/1385 1384/1384/1384
f 1389/1389/1389 1388/1388/1388 1387/1387/1387
f 1392/1392/1392 1391/1391/1391 1390/1390/1390
f 1395/1395/1395 1394/1394/1394 1393/1393/1393
f 1398/1398/1398 1397/1397/1397 1396/1396/1396
f 1401/1401/1401 1400/1400/1400 1399/1399/1399
f 1404/1404/1404 1403/1403/1403 1402/1402/1402
f 1407/1407/1407 1406/1406/1406 1405/1405/1405
f 1410/1410/1410 1409/1409/1409 1408/1408/1408
f 1413/1413/1413 1412/1412/1412 1411/1411/1411
f 1416/1416/1416 1415/1415/1415 1414/1414/1414
f 1419/1419/1419 1418/1418/1418 1417/1417/1417
f 1422/1422/1422 1421/1421/1421 1420/1420/1420
f 1425/1425/1425 1424/1424/1424 1423/1423/1423
f 1428/1428/1428 1427/1427/1427 1426/1426/1426
f 1431/1431/1431 1430/1430/1430 1429/1429/1429
f 1434/1434/1434 1433/1433/1433 1432/1432/1432
f 1437/1437/1437 1436/1436/1436 1435/1435/1435
f 1440/1440/1440 1439/1439/1439 1438/1438/1438
f 1443/1443/1443 1442/1442/1442 1441/1441/1441
f 1446/1446/1446 1445/1445/1445 1444/1444/1444
f 1449/1449/1449 1448/1448/1448 1447/1447/1447
f 1452/1452/1452 1451/1451/1451 1450/1450/1450
f 1455/1455/1455 1454/1454/1454 1453/1453/1453
f 1458/1458/1458 1457/1457/1457 1456/1456/1456
f 1461/1461/1461 1460/1460/1460 1459/1459/1459
f 1464/1464/1464 1463/1463/1463 1462/1462/1462
f 1467/1467/1467 1466/1466/1466 1465/1465/1465
f 1470/1470/1470 1469/1469/1469 1468/1468/1468
f 1473/1473/1473 1472/1472/1472 1471/1471/1471
f 1476/1476/1476 1475/1475/1475 1474/1474/1474
f 1479/1479/1479 1478/1478/1478 1477/1477/1477
f 1482/1482/1482 1481/1481/1481 1480/1480/1480
f 1485/1485/1485 1484/1484/1484 1483/1483/1483
f 1488/1488/1488 1487/1487/1487 1486/1486/1486
f 1491/1491/1491 1490/1490/1490 1489/1489/1489
f 1494/1494/1494 1493/1493/1493 1492/1492/1492
f 1497/1497/1497 1496/1496/1496 1495/1495/1495
f 1500/1500/1500 1499/1499/1499 1498/1498/1498
f 1503/1503/1503 1502/1502/1502 1501/1501/1501
f 1506/1506/1506 1505/1505/1505 1504/1504/1504
f 1509/1509/1509 1508/1508/1508 1507/1507/1507
f 1512/1512/1512 1511/1511/1511 1510/1510/1510
f 1515/1515/1515 1514/1514/1514 1513/1513/1513
f 1518/1518/1518 1517/1517/1517 1516/1516/1516
f 1521/1521/1521 1520/1520/1520 1519/1519/1519
f 1524/1524/1524 1523/1523/1523 1522/1522/1522
f 1527/1527/1527 1526/1526/1526 1525/1525/1525
f 1530/1530/1530 1529/1529/1529 1528/1528/1528
f 1533/1533/1533 1532/1532/1532 1531/1531/1531
f 1536/1536/1536 1535/1535/1535 1534/1534/1534
f 1539/1539/1539 1538/1538/1538 1537/1537/1537
f 1542/1542/1542 1541/1541/1541 1540/1540/1540
f 1545/1545/1545 1544/1544/1544 1543/1543/1543
f 1548/1548/1548 1547/1547/1547 1546/1546/1546
f 1551/1551/1551 1550/1550/1550 1549/1549/1549
f 1554/1554/1554 1553/1553/1553 1552/1552/1552
f 1557/1557/1557 1556/1556/1556 1555/1555/1555
f 1560/1560/1560 1559/1559/1559 1558/1558/1558
f 1563/1563/1563 1562/1562/1562 1561/1561/1561
f 1566/1566/1566 1565/1565/1565 1564/1564/1564
f 1569/1569/1569 1568/1568/1568 1567/1567/1567
f 1572/1572/1572 1571/1571/1571 1570/1570/1570
f 1575/1575/1575 1574/1574/1574 1573/1573/1573
f 1578/1578/1578 1577/1577/1577 1576/1576/1576
f 1581/1581/1581 1580/1580/1580 1579/1579/1579
f 1584/1584/1584 1583/1583/1583 1582/1582/1582
f 1587/1587/1587 1586/1586/1586 1585/1585/1585
f 1590/1590/1590 1589/1589/1589 1588/1588/1588
f 1593/1593/1593 1592/1592/1592 1591/1591/1591
f 1596/1596/1596 1595/1595/1595 1594/1594/1594
f 1599/1599/1599 1598/1598/1598 1597/1597/1597
f 1602/1602/1602 1601/1601/1601 1600/1600/1600
f 1605/1605/1605 1604/1604/1604 1603/1603/1603
f 1608/1608/1608 1607/1607/1607 1606/1606/1606
f 1611/1611/1611 1610/1610/1610 1609/1609/1609
f 1614/1614/1614 1613/1613/1613 1612/1612/1612
f 1617/1617/1617 1616/1616/1616 1615/1615/1615
f 1620/1620/1620 1619/1619/1619 1618/1618/1618
f 1623/1623/1623 1622/1622/1622 1621/1621/1621
f 1626/1626/1626 1625/1625/1625 1624/1624/1624
f 1629/1629/1629 1628/1628/1628 1627/1627/1627
f 1632/1632/1632 1631/1631/1631 1630/1630/1630
f 1635/1635/1635 1634/1634/1634 1633/1633/1633
f 1638/1638/1638 1637/1637/1637 1636/1636/1636
f 1641/1641/1641 1640/1640/1640 1639/1639/1639
f 1644/1644/1644 1643/1643/1643 1642/1642/1642
f 1647/1647/1647 1646/1646/1646 1645/1645/1645
f 1650/1650/1650 1649/1649/1649 1648/1648/1648
f 1653/1653/1653 1652/1652/1652 1651/1651/1651
f 1656/1656/1656 1655/1655/1655 1654/1654/1654
f 1659/1659/1659 1658/1658/1658 1657/1657/1657
f 1662/1662/1662 1661/1661/1661 1660/1660/1660
f 1665/1665/1665 1664/1664/1664 1663/1663/1663
f 1668/1668/1668 1667/1667/1667 1666/1666/1666
f 1671/1671/1671 1670/1670/1670 1669/1669/1669
f 1674/1674/1674 1673/1673/1673 1672/1672/1672
f 1677/1677/1677 1676/1676/1676 1675/1675/1675
f 1680/1680/1680 1679/1679/1679 1678/1678/1678
f 1683/1683/1683 1682/1682/1682 1681/1681/1681
f 1686/1686/1686 1685/1685/1685 1684/1684/1684
f 1689/1689/1689 1688/1688/1688 1687/1687/1687
f 1692/1692/1692 1691/1691/1691 1690/1690/1690
f 1695/1695/1695 1694/1694/1694 1693/1693/1693
f 1698/1698/1698 1697/1697/1697 1696/1696/1696
f 1701/1701/1701 1700/1700/1700 1699/1699/1699
f 1704/1704/1704 1703/1703/1703 1702/1702/1702
f 1707/1707/1707 1706/1706/1706 1705/1705/1705
f 1710/1710/1710 1709/1709/1709 1708/1708/1708
f 1713/1713/1713 1712/1712/1712 1711/1711/1711
f 1716/1716/1716 1715/1715/1715 1714/1714/1714
f 1719/1719/1719 1718/1718/1718 1717/1717/1717
f 1722/1722/1722 1721/1721/1721 1720/1720/1720
f 1725/1725/1725 1724/1724/1724 1723/1723/1723
f 1728/1728/1728 1727/1727/1727 1726/1726/1726
f 1731/1731/1731 1730/1730/1730 1729/1729/1729
f 1734/1734/1734 1733/1733/1733 1732/1732/1732
f 1737/1737/1737 1736/1736/1736 1735/1735/1735
f 1740/1740/1740 1739/1739/1739 1738/1738/1738
f 1743/1743/1743 1742/1742/1742 1741/1741/1741
f 1746/1746/1746 1745/1745/1745 1744/1744/1744
f 1749/1749/1749 1748/1748/1748 1747/1747/1747
f 1752/1752/1752 1751/1751/1751 1750/1750/1750
f 1755/1755/1755 1754/1754/1754 1753/1753/1753
f 1758/1758/1758 1757/1757/1757 1756/1756/1756
f 1761/1761/1761 1760/1760/1760 1759/1759/1759
f 1764/1764/1764 1763/1763/1763 1762/1762/1762
f 1767/1767/1767 1766/1766/1766 1765/1765/1765
f 1770/1770/1770 1769/1769/1769 1768/1768/1768
f 1773/1773/1773 1772/1772/1772 1771/1771/1771
f 1776/1776/1776 1775/1775/1775 1774/1774/1774
f 1779/1779/1779 1778/1778/1778 1777/1777/1777
f 1782/1782/1782 1781/1781/1781 1780/1780/1780
f 1785/1785/1785 1784/1784/1784 1783/1783/1783
f 1788/1788/1788 1787/1787/1787 1786/1786/1786
f 1791/1791/1791 1790/1790/1790 1789/1789/1789
f 1794/1794/1794 1793/1793/1793 1792/1792/1792
f 1797/1797/1797 1796/1796/1796 1795/1795/1795
f 1800/1800/1800 1799/1799/1799 1798/1798/1798
f 1803/1803/1803 1802/1802/1802 1801/1801/1801
f 1806/1806/1806 1805/1805/1805 1804/1804/1804
f 1809/1809/1809 1808/1808/1808 1807/1807/1807
f 1812/1812/1812 1811/1811/1811 1810/1810/1810
f 1815/1815/1815 1814/1814/1814 1813/1813/1813
f 1818/1818/1818 1817/1817/1817 1816/1816/1816
f 1821/1821/1821 1820/1820/1820 1819/1819/1819
f 1824/1824/1824 1823/1823/1823 1822/1822/1822
f 1827/1827/1827 1826/1826/1826 1825/1825/1825
f 1830/1830/1830 1829/1829/1829 1828/1828/1828
f 1833/1833/1833 1832/1832/1832 1831/1831/1831
f 1836/1836/1836 1835/1835/1835 1834/1834/1834
f 1839/1839/1839 1838/1838/1838 1837/1837/1837
f 1842/1842/1842 1841/1841/1841 1840/1840/1840
f 1845/1845/1845 1844/1844/1844 1843/1843/1843
f 1848/1848/1848 1847/1847/1847 1846/1846/1846
f 1851/1851/1851 1850/1850/1850 1849/1849/1849
f 1854/1854/1854 1853/1853/1853 1852/1852/1852
f 1857/1857/1857 1856/1856/1856 1855/1855/1855
f 1860/1860/1860 1859/1859/1859 1858/1858/1858
f 1863/1863/1863 1862/1862/1862 1861/1861/1861
f 1866/1866/1866 1865/1865/1865 1864/1864/1864
f 1869/1869/1869 1868/1868/1868 1867/1867/1867
f 1872/1872/1872 1871/1871/1871 1870/1870/1870
f 1875/1875/1875 1874/1874/1874 1873/1873/1873
f 1878/1878/1878 1877/1877/1877 1876/1876/1876
f 1881/1881/1881 1880/1880/1880 1879/1879/1879
f 1884/1884/1884 1883/1883/1883 1882/1882/1882
f 1887/1887/1887 1886/1886/1886 1885/1885/1885
f 1890/1890/1890 1889/1889/1889 1888/1888/1888
f 1893/1893/1893 1892/1892/1892 1891/1891/1891
f 1896/1896/1896 1895/1895/1895 1894/1894/1894
f 1899/1899/1899 1898/1898/1898 1897/1897/1897
f 1902/1902/1902 1901/1901/1901 1900/1900/1900
f 1905/1905/1905 1904/1904/1904 1903/1903/1903
f 1908/1908/1908 1907/1907/1907 1906/1906/1906
f 1911/1911/1911 1910/1910/1910 1909/1909/1909
f 1914/1914/1914 1913/1913/1913 1912/1912/1912
f 1917/1917/1917 1916/1916/1916 1915/1915/1915
f 1920/1920/1920 1919/1919/1919 1918/1918/1918
f 1923/1923/1923 1922/1922/1922 1921/1921/1921
f 1926/1926/1926 1925/1925/1925 1924/1924/1924
f 1929/1929/1929 1928/1928/1928 1927/1927/1927
f 1932/1932/1932 1931/1931/1931 1930/1930/1930
f 1935/1935/1935 1934/1934/1934 1933/1933/1933
f 1938/1938/1938 1937/1937/1937 1936/1936/1936
f 1941/1941/1941 1940/1940/1940 1939/1939/1939
f 1944/1944/1944 1943/1943/1943 1942/1942/1942
f 1947/1947/1947 1946/1946/1946 1945/1945/1945
f 1950/1950/1950 1949/1949/1949 1948/1948/1948
f 1953/1953/1953 1952/1952/1952 1951/1951/1951
f 1956/1956/1956 1955/1955/1955 1954/1954/1954
f 1959/1959/1959 1958/1958/1958 1957/1957/1957
f 1962/1962/1962 1961/1961/1961 1960/1960/1960
f 1965/1965/1965 1964/1964/1964 1963/1963/1963
f 1968/1968/1968 1967/1967/1967 1966/1966/1966
f 1971/1971/1971 1970/1970/1970 1969/1969/1969
f 1974/1974/1974 1973/1973/1973 1972/1972/1972
f 1977/1977/1977 1976/1976/1976 1975/1975/1975
f 1980/1980/1980 1979/1979/1979 1978/1978/1978
f 1983/1983/1983 1982/1982/1982 1981/1981/1981
f 1986/1986/1986 1985/1985/1985 1984/1984/1984
f 1989/1989/1989 1988/1988/1988 1987/1987/1987
f 1992/1992/1992 1991/1991/1991 1990/1990/1990
f 1995/1995/1995 1994/1994/1994 1993/1993/1993
f 1998/1998/1998 1997/1997/1997 1996/1996/1996
f 2001/2001/2001 2000/2000/2000 1999/1999/1999
f 2004/2004/2004 2003/2003/2003 2002/2002/2002
f 2007/2007/2007 2006/2006/2006 2005/2005/2005
f 2010/2010/2010 2009/2009/2009 2008/2008/2008
f 2013/2013/2013 2012/2012/2012 2011/2011/2011
f 2016/2016/2016 2015/2015/2015 2014/2014/2014
f 2019/2019/2019 2018/2018/2018 2017/2017/2017
f 2022/2022/2022 2021/2021/2021 2020/2020/2020
f 2025/2025/2025 2024/2024/2024 2023/2023/2023
f 2028/2028/2028 2027/2027/2027 2026/2026/2026
f 2031/2031/2031 2030/2030/2030 2029/2029/2029
f 2034/2034/2034 2033/2033/2033 2032/2032/2032
f 2037/2037/2037 2036/2036/2036 2035/2035/2035
f 2040/2040/2040 2039/2039/2039 2038/2038/2038
f 2043/2043/2043 2042/2042/2042 2041/2041/2041
f 2046/2046/2046 2045/2045/2045 2044/2044/2044
f 2049/2049/2049 2048/2048/2048 2047/2047/2047
f 2052/2052/2052 2051/2051/2051 2050/2050/2050
f 2055/2055/2055 2054/2054/2054 2053/2053/2053
f 2058/2058/2058 2057/2057/2057 2056/2056/2056
f 2061/2061/2061 2060/2060/2060 2059/2059/2059
f 2064/2064/2064 2063/2063/2063 2062/2062/2062
f 2067/2067/2067 2066/2066/2066 2065/2065/2065
f 2070/2070/2070 2069/2069/2069 2068/2068/2068
f 2073/2073/2073 2072/2072/2072 2071/2071/2071
f 2076/2076/2076 2075/2075/2075 2074/2074/2074
f 2079/2079/2079 2078/2078/2078 2077/2077/2077
f 2082/2082/2082 2081/2081/2081 2080/2080/2080
f 2085/2085/2085 2084/2084/2084 2083/2083/2083
f 2088/2088/2088 2087/2087/2087 2086/2086/2086
f 2091/2091/2091 2090/2090/2090 2089/2089/2089
f 2094/2094/2094 2093/2093/2093 2092/2092/2092
f 2097/2097/2097 2096/2096/2096 2095/2095/2095
f 2100/2100/2100 2099/2099/2099 2098/2098/2098
f 2103/2103/2103 2102/2102/2102 2101/2101/2101
f 2106/2106/2106 2105/2105/2105 2104/2104/2104
f 2109/2109/2109 2108/2108/2108 2107/2107/2107
f 2112/2112/2112 2111/2111/2111 2110/2110/2110
f 2115/2115/2115 2114/2114/2114 2113/2113/2113
f 2118/2118/2118 2117/2117/2117 2116/2116/2116
f 2121/2121/2121 2120/2120/2120 2119/2119/2119
f 2124/2124/2124 2123/2123/2123 2122/2122/2122
f 2127/2127/2127 2126/2126/2126 2125/2125/2125
f 2130/2130/2130 2129/2129/2129 2128/2128/2128
f 2133/2133/2133 2132/2132/2132 2131/2131/2131
f 2136/2136/2136 2135/2135/2135 2134/2134/2134
f 2139/2139/2139 2138/2138/2138 2137/2137/2137
f 2142/2142/2142 2141/2141/2141 2140/2140/2140
f 2145/2145/2145 2144/2144/2144 2143/2143/2143
f 2148/2148/2148 2147/2147/2147 2146/2146/2146
f 2151/2151/2151 2150/2150/2150 2149/2149/2149
f 2154/2154/2154 2153/2153/2153 2152/2152/2152
f 2157/2157/2157 2156/2156/2156 2155/2155/2155
f 2160/2160/2160 2159/2159/2159 2158/2158/2158
f 2163/2163/2163 2162/2162/2162 2161/2161/2161
f 2166/2166/2166 2165/2165/2165 2164/2164/2164
f 2169/2169/2169 2168/2168/2168 2167/2167/2167
f 2172/2172/2172 2171/2171/2171 2170/2170/2170
f 2175/2175/2175 2174/2174/2174 2173/2173/2173
f 2178/2178/2178 2177/2177/2177 2176/2176/2176
f 2181/2181/2181 2180/2180/2180 2179/2179/2179
f 2184/2184/2184 2183/2183/2183 2182/2182/2182
f 2187/2187/2187 2186/2186/2186 2185/2185/2185
f 2190/2190/2190 2189/2189/2189 2188/2188/2188
f 2193/2193/2193 2192/2192/2192 2191/2191/2191
f 2196/2196/2196 2195/2195/2195 2194/2194/2194
f 2199/2199/2199 2198/2198/2198 2197/2197/2197
f 2202/2202/2202 2201/2201/2201 2200/2200/2200
f 2205/2205/2205 2204/2204/2204 2203/2203/2203
f 2208/2208/2208 2207/2207/2207 2206/2206/2206
f 2211/2211/2211 2210/2210/2210 2209/2209/2209
f 2214/2214/2214 2213/2213/2213 2212/2212/2212
f 2217/2217/2217 2216/2216/2216 2215/2215/2215
f 2220/2220/2220 2219/2219/2219 2218/2218/2218
f 2223/2223/2223 2222/2222/2222 2221/2221/2221
f 2226/2226/2226 2225/2225/2225 2224/2224/2224
f 2229/2229/2229 2228/2228/2228 2227/2227/2227
f 2232/2232/2232 2231/2231/2231 2230/2230/2230
f 2235/2235/2235 2234/2234/2234 2233/2233/2233
f 2238/2238/2238 2237/2237/2237 2236/2236/2236
f 2241/2241/2241 2240/2240/2240 2239/2239/2239
f 2244/2244/2244 2243/2243/2243 2242/2242/2242
f 2247/2247/2247 2246/2246/2246 2245/2245/2245
f 2250/2250/2250 2249/2249/2249 2248/2248/2248
f 2253/2253/2253 2252/2252/2252 2251/2251/2251
f 2256/2256/2256 2255/2255/2255 2254/2254/2254
f 2259/2259/2259 2258/2258/2258 2257/2257/2257
f 2262/2262/2262 2261/2261/2261 2260/2260/2260
f 2265/2265/2265 2264/2264/2264 2263/2263/2263
f 2268/2268/2268 2267/2267/2267 2266/2266/2266
f 2271/2271/2271 2270/2270/2270 2269/2269/2269
f 2274/2274/2274 2273/2273/2273 2272/2272/2272
f 2277/2277/2277 2276/2276/2276 2275/2275/2275
f 2280/2280/2280 2279/2279/2279 2278/2278/2278
f 2283/2283/2283 2282/2282/2282 2281/2281/2281
f 2286/2286/2286 2285/2285/2285 2284/2284/2284
f 2289/2289/2289 2288/2288/2288 2287/2287/2287
f 2292/2292/2292 2291/2291/2291 2290/2290/2290
f 2295/2295/2295 2294/2294/2294 2293/2293/2293
f 2298/2298/2298 2297/2297/2297 2296/2296/2296
f 2301/2301/2301 2300/2300/2300 2299/2299/2299
f 2304/2304/2304 2303/2303/2303 2302/2302/2302
f 2307/2307/2307 2306/2306/2306 2305/2305/2305
f 2310/2310/2310 2309/2309/2309 2308/2308/2308
f 2313/2313/2313 2312/2312/2312 2311/2311/2311
f 2316/2316/2316 2315/2315/2315 2314/2314/2314
f 2319/2319/2319 2318/2318/2318 2317/2317/2317
f 2322/2322/2322 2321/2321/2321 2320/2320/2320
f 2325/2325/2325 2324/2324/2324 2323/2323/2323
f 2328/2328/2328 2327/2327/2327 2326/2326/2326
f 2331/2331/2331 2330/2330/2330 2329/2329/2329
f 2334/2334/2334 2333/2333/2333 2332/2332/2332
f 2337/2337/2337 2336/2336/2336 2335/2335/2335
f 2340/2340/2340 2339/2339/2339 2338/2338/2338
f 2343/2343/2343 2342/2342/2342 2341/2341/2341
f 2346/2346/2346 2345/2345/2345 2344/2344/2344
f 2349/2349/2349 2348/2348/2348 2347/2347/2347
f 2352/2352/2352 2351/2351/2351 2350/2350/2350
f 2355/2355/2355 2354/2354/2354 2353/2353/2353
f 2358/2358/2358 2357/2357/2357 2356/2356/2356
f 2361/2361/2361 2360/2360/2360 2359/2359/2359
f 2364/2364/2364 2363/2363/2363 2362/2362/2362
f 2367/2367/2367 2366/2366/2366 2365/2365/2365
f 2370/2370/2370 2369/2369/2369 2368/2368/2368
f 2373/2373/2373 2372/2372/2372 2371/2371/2371
f 2376/2376/2376 2375/2375/2375 2374/2374/2374
f 2379/2379/2379 2378/2378/2378 2377/2377/2377
f 2382/2382/2382 2381/2381/2381 2380/2380/2380
f 2385/2385/2385 2384/2384/2384 2383/2383/2383
f 2388/2388/2388 2387/2387/2387 2386/2386/2386
f 2391/2391/2391 2390/2390/2390 2389/2389/2389
f 2394/2394/2394 2393/2393/2393 2392/2392/2392
f 2397/2397/2397 2396/2396/2396 2395/2395/2395
f 2400/2400/2400 2399/2399/2399 2398/2398/2398
f 2403/2403/2403 2402/2402/2402 2401/2401/2401
f 2406/2406/2406 2405/2405/2405 2404/2404/2404
f 2409/2409/2409 2408/2408/2408 2407/2407/2407
f 2412/2412/2412 2411/2411/2411 2410/2410/2410
f 2415/2415/2415 2414/2414/2414 2413/2413/2413
f 2418/2418/2418 2417/2417/2417 2416/2416/2416
f 2421/2421/2421 2420/2420/2420 2419/2419/2419
f 2424/2424/2424 2423/2423/2423 2422/2422/2422
f 2427/2427/2427 2426/2426/2426 2425/2425/2425
f 2430/2430/2430 2429/2429/2429 2428/2428/2428
f 2433/2433/2433 2432/2432/2432 2431/2431/2431
f 2436/2436/2436 2435/2435/2435 2434/2434/2434
f 2439/2439/2439 2438/2438/2438 2437/2437/2437
f 2442/2442/2442 2441/2441/2441 2440/2440/2440
f 2445/2445/2445 2444/2444/2444 2443/2443/2443
f 2448/2448/2448 2447/2447/2447 2446/2446/2446
f 2451/2451/2451 2450/2450/2450 2449/2449/2449
f 2454/2454/2454 2453/2453/2453 2452/2452/2452
f 2457/2457/2457 2456/2456/2456 2455/2455/2455
f 2460/2460/2460 2459/2459/2459 2458/2458/2458
f 2463/2463/2463 2462/2462/2462 2461/2461/2461
f 2466/2466/2466 2465/2465/2465 2464/2464/2464
f 2469/2469/2469 2468/2468/2468 2467/2467/2467
f 2472/2472/2472 2471/2471/2471 2470/2470/2470
f 2475/2475/2475 2474/2474/2474 2473/2473/2473
f 2478/2478/2478 2477/2477/2477 2476/2476/2476
f 2481/2481/2481 2480/2480/2480 2479/2479/2479
f 2484/2484/2484 2483/2483/2483 2482/2482/2482
f 2487/2487/2487 2486/2486/2486 2485/2485/2485
f 2490/2490/2490 2489/2489/2489 2488/2488/2488
f 2493/2493/2493 2492/2492/2492 2491/2491/2491
f 2496/2496/2496 2495/2495/2495 2494/2494/2494
f 2499/2499/2499 2498/2498/2498 2497/2497/2497
f 2502/2502/2502 2501/2501/2501 2500/2500/2500
f 2505/2505/2505 2504/2504/2504 2503/2503/2503
f 2508/2508/2508 2507/2507/2507 2506/2506/2506
f 2511/2511/2511 2510/2510/2510 2509/2509/2509
f 2514/2514/2514 2513/2513/2513 2512/2512/2512
f 2517/2517/2517 2516/2516/2516 2515/2515/2515
f 2520/2520/2520 2519/2519/2519 2518/2518/2518
f 2523/2523/2523 2522/2522/2522 2521/2521/2521
f 2526/2526/2526 2525/2525/2525 2524/2524/2524
f 2529/2529/2529 2528/2528/2528 2527/2527/2527
f 2532/2532/2532 2531/2531/2531 2530/2530/2530
f 2535/2535/2535 2534/2534/2534 2533/2533/2533
f 2538/2538/2538 2537/2537/2537 2536/2536/2536
f 2541/2541/2541 2540/2540/2540 2539/2539/2539
f 2544/2544/2544 2543/2543/2543 2542/2542/2542
f 2547/2547/2547 2546/2546/2546 2545/2545/2545
f 2550/2550/2550 2549/2549/2549 2548/2548/2548
f 2553/2553/2553 2552/2552/2552 2551/2551/2551
f 2556/2556/2556 2555/2555/2555 2554/2554/2554
f 2559/2559/2559 2558/2558/2558 2557/2557/2557
f 2562/2562/2562 2561/2561/2561 2560/2560/2560
f 2565/2565/2565 2564/2564/2564 2563/2563/2563
f 2568/2568/2568 2567/2567/2567 2566/2566/2566
f 2571/2571/2571 2570/2570/2570 2569/2569/2569
f 2574/2574/2574 2573/2573/2573 2572/2572/2572
f 2577/2577/2577 2576/2576/2576 2575/2575/2575
f 2580/2580/2580 2579/2579/2579 2578/2578/2578
f 2583/2583/2583 2582/2582/2582 2581/2581/2581
f 2586/2586/2586 2585/2585/2585 2584/2584/2584
f 2589/2589/2589 2588/2588/2588 2587/2587/2587
f 2592/2592/2592 2591/2591/2591 2590/2590/2590
f 2595/2595/2595 2594/2594/2594 2593/2593/2593
f 2598/2598/2598 2597/2597/2597 2596/2596/2596
f 2601/2601/2601 2600/2600/2600 2599/2599/2599
f 2604/2604/2604 2603/2603/2603 2602/2602/2602
f 2607/2607/2607 2606/2606/2606 2605/2605/2605
f 2610/2610/2610 2609/2609/2609 2608/2608/2608
f 2613/2613/2613 2612/2612/2612 2611/2611/2611
f 2616/2616/2616 2615/2615/2615 2614/2614/2614
f 2619/2619/2619 2618/2618/2618 2617/2617/2617
f 2622/2622/2622 2621/2621/2621 2620/2620/2620
f 2625/2625/2625 2624/2624/2624 2623/2623/2623
f 2628/2628/2628 2627/2627/2627 2626/2626/2626
f 2631/2631/2631 2630/2630/2630 2629/2629/2629
f 2634/2634/2634 2633/2633/2633 2632/2632/2632
f 2637/2637/2637 2636/2636/2636 2635/2635/2635
f 2640/2640/2640 2639/2639/2639 2638/2638/2638
f 2643/2643/2643 2642/2642/2642 2641/2641/2641
f 2646/2646/2646 2645/2645/2645 2644/2644/2644
f 2649/2649/2649 2648/2648/2648 2647/2647/2647
f 2652/2652/2652 2651/2651/2651 2650/2650/2650
f 2655/2655/2655 2654/2654/2654 2653/2653/2653
f 2658/2658/2658 2657/2657/2657 2656/2656/2656
f 2661/2661/2661 2660/2660/2660 2659/2659/2659
f 2664/2664/2664 2663/2663/2663 2662/2662/2662
f 2667/2667/2667 2666/2666/2666 2665/2665/2665
f 2670/2670/2670 2669/2669/2669 2668/2668/2668
f 2673/2673/2673 2672/2672/2672 2671/2671/2671
f 2676/2676/2676 2675/2675/2675 2674/2674/2674
f 2679/2679/2679 2678/2678/2678 2677/2677/2677
f 2682/2682/2682 2681/2681/2681 2680/2680/2680
f 2685/2685/2685 2684/2684/2684 2683/2683/2683
f 2688/2688/2688 2687/2687/2687 2686/2686/2686
f 2691/2691/2691 2690/2690/2690 2689/2689/2689
f 2694/2694/2694 2693/2693/2693 2692/2692/2692
f 2697/2697/2697 2696/2696/2696 2695/2695/2695
f 2700/2700/2700 2699/2699/2699 2698/2698/2698
f 2703/2703/2703 2702/2702/2702 2701/2701/2701
f 2706/2706/2706 2705/2705/2705 2704/2704/2704
f 2709/2709/2709 2708/2708/2708 2707/2707/2707
f 2712/2712/2712 2711/2711/2711 2710/2710/2710
f 2715/2715/2715 2714/2714/2714 2713/2713/2713
f 2718/2718/2718 2717/2717/2717 2716/2716/2716
f 2721/2721/2721 2720/2720/2720 2719/2719/2719
f 2724/2724/2724 2723/2723/2723 2722/2722/2722
f 2727/2727/2727 2726/2726/2726 2725/2725/2725
f 2730/2730/2730 2729/2729/2729 2728/2728/2728
f 2733/2733/2733 2732/2732/2732 2731/2731/2731
f 2736/2736/2736 2735/2735/2735 2734/2734/2734
f 2739/2739/2739 2738/2738/2738 2737/2737/2737
f 2742/2742/2742 2741/2741/2741 2740/2740/2740
f 2745/2745/2745 2744/2744/2744 2743/2743/2743
f 2748/2748/2748 2747/2747/2747 2746/2746/2746
