# Static pose baked from local Project Zomboid assets
o Bob_Jacket
v 0.003725552 0.121395120 -0.288139456
v -0.022179715 0.129407566 -0.266168749
v -0.030593899 0.111280992 -0.297275084
v -0.022179715 0.129407566 -0.266168749
v 0.003725552 0.121395120 -0.288139456
v 0.024531833 0.125786455 -0.272361365
v 0.053219843 0.121937648 -0.246486405
v 0.028112333 0.142285259 -0.209651024
v -0.003151139 0.139364817 -0.238276238
v 0.028112333 0.142285259 -0.209651024
v 0.053219843 0.121937648 -0.246486405
v 0.066378085 0.105970010 -0.223568521
v -0.041571877 0.057326205 -0.319144107
v 0.011992659 0.032597876 -0.311571835
v -0.006151497 0.071161980 -0.322206831
v 0.011992659 0.032597876 -0.311571835
v -0.041571877 0.057326205 -0.319144107
v -0.017962893 0.023703017 -0.301453123
v 0.081432169 0.008854400 -0.051934673
v 0.029401852 -0.016688528 -0.050906509
v 0.022434612 -0.017261566 -0.033844422
v 0.029401852 -0.016688528 -0.050906509
v 0.081432169 0.008854400 -0.051934673
v 0.078314485 0.011564001 -0.061500130
v 0.085904839 0.075936455 -0.069191347
v 0.081432169 0.008854400 -0.051934673
v 0.093305492 0.056004566 -0.036606741
v 0.081432169 0.008854400 -0.051934673
v 0.085904839 0.075936455 -0.069191347
v 0.078314485 0.011564001 -0.061500130
v 0.057644082 0.119808282 -0.067051577
v 0.082216541 0.106462661 -0.015846177
v 0.053076067 0.130808688 -0.013430672
v 0.082216541 0.106462661 -0.015846177
v 0.057644082 0.119808282 -0.067051577
v 0.085904839 0.075936455 -0.069191347
v -0.003151139 0.139364817 -0.238276238
v -0.025793741 0.151058299 -0.190316541
v -0.043437351 0.141017444 -0.224627450
v -0.025793741 0.151058299 -0.190316541
v -0.003151139 0.139364817 -0.238276238
v 0.028112333 0.142285259 -0.209651024
v 0.022434612 -0.017261566 -0.033844422
v -0.016770806 -0.011121632 -0.044614435
v -0.019796883 -0.012398918 -0.027049248
v -0.016770806 -0.011121632 -0.044614435
v 0.022434612 -0.017261566 -0.033844422
v 0.029401852 -0.016688528 -0.050906509
v 0.032836703 -0.004070920 -0.165525335
v -0.028108509 -0.007683099 -0.190962943
v -0.019878281 -0.005640889 -0.152433761
v -0.028108509 -0.007683099 -0.190962943
v 0.032836703 -0.004070920 -0.165525335
v 0.027411231 -0.003378161 -0.211079251
v 0.022434612 -0.017261566 -0.033844422
v 0.087598834 -0.011010919 0.012370027
v 0.081432169 0.008854400 -0.051934673
v 0.087598834 -0.011010919 0.012370027
v 0.022434612 -0.017261566 -0.033844422
v 0.027043670 -0.025515984 0.019587256
v 0.081432169 0.008854400 -0.051934673
v 0.101118555 0.053371003 -0.006497503
v 0.093305492 0.056004566 -0.036606741
v 0.101118555 0.053371003 -0.006497503
v 0.081432169 0.008854400 -0.051934673
v 0.087598834 -0.011010919 0.012370027
v 0.037661064 -0.012761920 -0.110382521
v 0.068477692 0.015049173 -0.172694966
v 0.032836703 -0.004070920 -0.165525335
v 0.081939904 0.037083067 -0.181716074
v 0.078717027 0.086043521 -0.125309372
v 0.077868612 0.097293348 -0.184790797
v 0.078717027 0.086043521 -0.125309372
v 0.081939904 0.037083067 -0.181716074
v 0.080379479 0.019958283 -0.112506959
v 0.078717027 0.086043521 -0.125309372
v 0.041355479 0.133246610 -0.174974617
v 0.077868612 0.097293348 -0.184790797
v 0.041355479 0.133246610 -0.174974617
v 0.078717027 0.086043521 -0.125309372
v 0.055858498 0.127761412 -0.119600199
v -0.011874185 0.144493315 -0.159638694
v 0.055858498 0.127761412 -0.119600199
v 0.004829813 0.136851562 -0.107435325
v 0.055858498 0.127761412 -0.119600199
v -0.011874185 0.144493315 -0.159638694
v 0.041355479 0.133246610 -0.174974617
v 0.088291691 0.112561953 -0.290401765
v 0.132571846 0.087265212 -0.297734570
v 0.055958265 0.082896856 -0.242558401
v 0.132571846 0.087265212 -0.297734570
v 0.137036171 0.010301607 -0.263077902
v 0.108647852 0.052376833 -0.238690844
v 0.137036171 0.010301607 -0.263077902
v 0.132571846 0.087265212 -0.297734570
v 0.160656289 0.041293216 -0.310253288
v 0.035406759 0.027267532 -0.280165631
v 0.108647852 0.052376833 -0.238690844
v 0.077430778 -0.003751243 -0.284522239
v 0.108647852 0.052376833 -0.238690844
v 0.149150187 -0.016798036 -0.267279401
v 0.077430778 -0.003751243 -0.284522239
v 0.149150187 -0.016798036 -0.267279401
v 0.108647852 0.052376833 -0.238690844
v 0.137036171 0.010301607 -0.263077902
v 0.040672080 0.023888441 -0.298064551
v 0.100953871 0.031266720 -0.343528086
v 0.056492922 0.055355434 -0.337120215
v 0.040672080 0.023888441 -0.298064551
v 0.077430778 -0.003751243 -0.284522239
v 0.100953871 0.031266720 -0.343528086
v 0.040672080 0.023888441 -0.298064551
v 0.035406759 0.027267532 -0.280165631
v 0.077430778 -0.003751243 -0.284522239
v 0.077430778 -0.003751243 -0.284522239
v 0.173032631 0.014121946 -0.313812135
v 0.100953871 0.031266720 -0.343528086
v 0.173032631 0.014121946 -0.313812135
v 0.077430778 -0.003751243 -0.284522239
v 0.149150187 -0.016798036 -0.267279401
v 0.077898042 0.092154357 -0.320833499
v 0.100953871 0.031266720 -0.343528086
v 0.132571846 0.087265212 -0.297734570
v 0.100953871 0.031266720 -0.343528086
v 0.160656289 0.041293216 -0.310253288
v 0.132571846 0.087265212 -0.297734570
v 0.160656289 0.041293216 -0.310253288
v 0.100953871 0.031266720 -0.343528086
v 0.173032631 0.014121946 -0.313812135
v 0.131783235 0.050356280 -0.324549724
v 0.084734837 0.073295601 -0.252479664
v 0.099326841 0.016241658 -0.272165257
v 0.084734837 0.073295601 -0.252479664
v 0.131783235 0.050356280 -0.324549724
v 0.107563092 0.095372341 -0.290302243
v 0.107563092 0.095372341 -0.290302243
v 0.066679019 0.104607600 -0.237191862
v 0.084734837 0.073295601 -0.252479664
v 0.066679019 0.104607600 -0.237191862
v 0.107563092 0.095372341 -0.290302243
v 0.091376190 0.132658227 -0.270455110
v 0.099326841 0.016241658 -0.272165257
v 0.148148903 0.078465793 -0.222465056
v 0.162523134 0.013110323 -0.234077692
v 0.148148903 0.078465793 -0.222465056
v 0.099326841 0.016241658 -0.272165257
v 0.084734837 0.073295601 -0.252479664
v 0.084734837 0.073295601 -0.252479664
v 0.125836532 0.113017504 -0.202006889
v 0.148148903 0.078465793 -0.222465056
v 0.125836532 0.113017504 -0.202006889
v 0.084734837 0.073295601 -0.252479664
v 0.066679019 0.104607600 -0.237191862
v 0.162523134 0.013110323 -0.234077692
v 0.165726517 0.095360351 -0.253174143
v 0.194645569 0.046900845 -0.286367864
v 0.165726517 0.095360351 -0.253174143
v 0.162523134 0.013110323 -0.234077692
v 0.148148903 0.078465793 -0.222465056
v 0.148148903 0.078465793 -0.222465056
v 0.142347362 0.135591848 -0.230427179
v 0.165726517 0.095360351 -0.253174143
v 0.142347362 0.135591848 -0.230427179
v 0.148148903 0.078465793 -0.222465056
v 0.125836532 0.113017504 -0.202006889
v 0.194645569 0.046900845 -0.286367864
v 0.107563092 0.095372341 -0.290302243
v 0.131783235 0.050356280 -0.324549724
v 0.107563092 0.095372341 -0.290302243
v 0.194645569 0.046900845 -0.286367864
v 0.165726517 0.095360351 -0.253174143
v 0.165726517 0.095360351 -0.253174143
v 0.091376190 0.132658227 -0.270455110
v 0.107563092 0.095372341 -0.290302243
v 0.091376190 0.132658227 -0.270455110
v 0.165726517 0.095360351 -0.253174143
v 0.142347362 0.135591848 -0.230427179
v 0.173032631 0.014121946 -0.313812135
v 0.131783235 0.050356280 -0.324549724
v 0.160656289 0.041293216 -0.310253288
v 0.131783235 0.050356280 -0.324549724
v 0.173032631 0.014121946 -0.313812135
v 0.194645569 0.046900845 -0.286367864
v 0.160656289 0.041293216 -0.310253288
v 0.099326841 0.016241658 -0.272165257
v 0.137036171 0.010301607 -0.263077902
v 0.099326841 0.016241658 -0.272165257
v 0.160656289 0.041293216 -0.310253288
v 0.131783235 0.050356280 -0.324549724
v 0.149150187 -0.016798036 -0.267279401
v 0.099326841 0.016241658 -0.272165257
v 0.162523134 0.013110323 -0.234077692
v 0.099326841 0.016241658 -0.272165257
v 0.149150187 -0.016798036 -0.267279401
v 0.137036171 0.010301607 -0.263077902
v 0.162523134 0.013110323 -0.234077692
v 0.173032631 0.014121946 -0.313812135
v 0.149150187 -0.016798036 -0.267279401
v 0.173032631 0.014121946 -0.313812135
v 0.162523134 0.013110323 -0.234077692
v 0.194645569 0.046900845 -0.286367864
v 0.021483513 0.065824495 -0.331193083
v 0.077898042 0.092154357 -0.320833499
v 0.024292449 0.100326522 -0.333600176
v 0.077898042 0.092154357 -0.320833499
v 0.021483513 0.065824495 -0.331193083
v 0.056492922 0.055355434 -0.337120215
v 0.024292449 0.100326522 -0.333600176
v -0.006151497 0.071161980 -0.322206831
v 0.021483513 0.065824495 -0.331193083
v -0.006151497 0.071161980 -0.322206831
v 0.024292449 0.100326522 -0.333600176
v -0.005892942 0.096244243 -0.312386223
v 0.068477692 0.015049173 -0.172694966
v 0.027411231 -0.003378161 -0.211079251
v 0.032836703 -0.004070920 -0.165525335
v 0.027411231 -0.003378161 -0.211079251
v 0.068477692 0.015049173 -0.172694966
v 0.065229033 0.015972733 -0.226464433
v -0.006151497 0.071161980 -0.322206831
v -0.028224651 0.091430674 -0.315423403
v -0.041571877 0.057326205 -0.319144107
v 0.028082308 0.125933564 -0.309024879
v 0.024531833 0.125786455 -0.272361365
v 0.003725552 0.121395120 -0.288139456
v 0.024531833 0.125786455 -0.272361365
v 0.028082308 0.125933564 -0.309024879
v 0.050311693 0.120880111 -0.276202926
v 0.088291691 0.112561953 -0.290401765
v 0.050311693 0.120880111 -0.276202926
v 0.028082308 0.125933564 -0.309024879
v 0.048547103 0.025888724 -0.279268830
v -0.017962893 0.023703017 -0.301453123
v 0.014040656 0.004403936 -0.253403140
v 0.048547103 0.025888724 -0.279268830
v 0.011992659 0.032597876 -0.311571835
v -0.017962893 0.023703017 -0.301453123
v 0.048547103 0.025888724 -0.279268830
v 0.048020132 0.028488851 -0.282171512
v 0.011992659 0.032597876 -0.311571835
v -0.039941638 -0.001098459 -0.227977193
v -0.017962893 0.023703017 -0.301453123
v -0.060843194 0.023173173 -0.280690876
v -0.017962893 0.023703017 -0.301453123
v -0.039941638 -0.001098459 -0.227977193
v 0.014040656 0.004403936 -0.253403140
v 0.021483513 0.065824495 -0.331193083
v -0.006151497 0.071161980 -0.322206831
v 0.011992659 0.032597876 -0.311571835
v 0.056492922 0.055355434 -0.337120215
v 0.048020132 0.028488851 -0.282171512
v 0.040672080 0.023888441 -0.298064551
v 0.056492922 0.055355434 -0.337120215
v 0.011992659 0.032597876 -0.311571835
v 0.048020132 0.028488851 -0.282171512
v 0.056492922 0.055355434 -0.337120215
v 0.021483513 0.065824495 -0.331193083
v 0.011992659 0.032597876 -0.311571835
v 0.064234764 0.085095199 -0.245493637
v 0.035406759 0.027267532 -0.280165631
v 0.055175981 0.041806529 -0.268303765
v 0.035406759 0.027267532 -0.280165631
v 0.064234764 0.085095199 -0.245493637
v 0.055958265 0.082896856 -0.242558401
v 0.077868612 0.097293348 -0.184790797
v 0.074300621 0.056618023 -0.227775600
v 0.081939904 0.037083067 -0.181716074
v 0.074300621 0.056618023 -0.227775600
v 0.077868612 0.097293348 -0.184790797
v 0.070671658 0.089052706 -0.222104684
v 0.053219843 0.121937648 -0.246486405
v 0.055958265 0.082896856 -0.242558401
v 0.064234764 0.085095199 -0.245493637
v 0.066378085 0.105970010 -0.223568521
v 0.070671658 0.089052706 -0.222104684
v 0.077868612 0.097293348 -0.184790797
v 0.074300621 0.056618023 -0.227775600
v 0.075119272 0.037644968 -0.229461474
v 0.081939904 0.037083067 -0.181716074
v 0.085904839 0.075936455 -0.069191347
v 0.093305492 0.056004566 -0.036606741
v 0.082216541 0.106462661 -0.015846177
v 0.093305492 0.056004566 -0.036606741
v 0.101118555 0.053371003 -0.006497503
v 0.082216541 0.106462661 -0.015846177
v -0.028224651 0.091430674 -0.315423403
v -0.006151497 0.071161980 -0.322206831
v -0.005892942 0.096244243 -0.312386223
v -0.022179715 0.129407566 -0.266168749
v -0.043437351 0.141017444 -0.224627450
v -0.030593899 0.111280992 -0.297275084
v 0.053076067 0.130808688 -0.013430672
v 0.012278174 0.135624137 -0.061605792
v 0.057644082 0.119808282 -0.067051577
v 0.012278174 0.135624137 -0.061605792
v 0.053076067 0.130808688 -0.013430672
v 0.015726662 0.149923116 -0.006184161
v -0.019796883 -0.012398918 -0.027049248
v 0.027043670 -0.025515984 0.019587256
v 0.022434612 -0.017261566 -0.033844422
v 0.027043670 -0.025515984 0.019587256
v -0.019796883 -0.012398918 -0.027049248
v -0.020597752 -0.014720502 0.022178664
v 0.108647852 0.052376833 -0.238690844
v 0.035406759 0.027267532 -0.280165631
v 0.055958265 0.082896856 -0.242558401
v 0.055958265 0.082896856 -0.242558401
v 0.132571846 0.087265212 -0.297734570
v 0.108647852 0.052376833 -0.238690844
v 0.055858498 0.127761412 -0.119600199
v 0.085904839 0.075936455 -0.069191347
v 0.057644082 0.119808282 -0.067051577
v 0.085904839 0.075936455 -0.069191347
v 0.055858498 0.127761412 -0.119600199
v 0.078717027 0.086043521 -0.125309372
v 0.078717027 0.086043521 -0.125309372
v 0.078314485 0.011564001 -0.061500130
v 0.085904839 0.075936455 -0.069191347
v 0.078314485 0.011564001 -0.061500130
v 0.078717027 0.086043521 -0.125309372
v 0.080379479 0.019958283 -0.112506959
v 0.078314485 0.011564001 -0.061500130
v 0.037661064 -0.012761920 -0.110382521
v 0.029401852 -0.016688528 -0.050906509
v 0.037661064 -0.012761920 -0.110382521
v 0.078314485 0.011564001 -0.061500130
v 0.080379479 0.019958283 -0.112506959
v 0.029401852 -0.016688528 -0.050906509
v -0.014125502 -0.009199171 -0.100514304
v -0.016770806 -0.011121632 -0.044614435
v -0.014125502 -0.009199171 -0.100514304
v 0.029401852 -0.016688528 -0.050906509
v 0.037661064 -0.012761920 -0.110382521
v -0.028224651 0.091430674 -0.315423403
v -0.005892942 0.096244243 -0.312386223
v -0.030593899 0.111280992 -0.297275084
v -0.030593899 0.111280992 -0.297275084
v -0.005892942 0.096244243 -0.312386223
v 0.003725552 0.121395120 -0.288139456
v 0.003725552 0.121395120 -0.288139456
v 0.024292449 0.100326522 -0.333600176
v 0.028082308 0.125933564 -0.309024879
v 0.024292449 0.100326522 -0.333600176
v 0.003725552 0.121395120 -0.288139456
v -0.005892942 0.096244243 -0.312386223
v 0.028082308 0.125933564 -0.309024879
v 0.077898042 0.092154357 -0.320833499
v 0.088291691 0.112561953 -0.290401765
v 0.077898042 0.092154357 -0.320833499
v 0.028082308 0.125933564 -0.309024879
v 0.024292449 0.100326522 -0.333600176
v 0.077898042 0.092154357 -0.320833499
v 0.132571846 0.087265212 -0.297734570
v 0.088291691 0.112561953 -0.290401765
v 0.100953871 0.031266720 -0.343528086
v 0.077898042 0.092154357 -0.320833499
v 0.056492922 0.055355434 -0.337120215
v 0.080379479 0.019958283 -0.112506959
v 0.081939904 0.037083067 -0.181716074
v 0.068477692 0.015049173 -0.172694966
v 0.048547103 0.025888724 -0.279268830
v 0.055175981 0.041806529 -0.268303765
v 0.048020132 0.028488851 -0.282171512
v 0.081939904 0.037083067 -0.181716074
v 0.065229033 0.015972733 -0.226464433
v 0.068477692 0.015049173 -0.172694966
v 0.065229033 0.015972733 -0.226464433
v 0.081939904 0.037083067 -0.181716074
v 0.075119272 0.037644968 -0.229461474
v 0.068477692 0.015049173 -0.172694966
v 0.037661064 -0.012761920 -0.110382521
v 0.080379479 0.019958283 -0.112506959
v -0.072502006 0.045982646 -0.308359810
v -0.017962893 0.023703017 -0.301453123
v -0.041571877 0.057326205 -0.319144107
v 0.027411231 -0.003378161 -0.211079251
v -0.039941638 -0.001098459 -0.227977193
v -0.028108509 -0.007683099 -0.190962943
v -0.039941638 -0.001098459 -0.227977193
v 0.027411231 -0.003378161 -0.211079251
v 0.014040656 0.004403936 -0.253403140
v 0.014040656 0.004403936 -0.253403140
v 0.065229033 0.015972733 -0.226464433
v 0.048547103 0.025888724 -0.279268830
v 0.065229033 0.015972733 -0.226464433
v 0.014040656 0.004403936 -0.253403140
v 0.027411231 -0.003378161 -0.211079251
v 0.065229033 0.015972733 -0.226464433
v 0.055175981 0.041806529 -0.268303765
v 0.048547103 0.025888724 -0.279268830
v 0.055175981 0.041806529 -0.268303765
v 0.065229033 0.015972733 -0.226464433
v 0.075119272 0.037644968 -0.229461474
v 0.055175981 0.041806529 -0.268303765
v 0.074300621 0.056618023 -0.227775600
v 0.061648544 0.069533911 -0.250473654
v 0.074300621 0.056618023 -0.227775600
v 0.055175981 0.041806529 -0.268303765
v 0.075119272 0.037644968 -0.229461474
v 0.061648544 0.069533911 -0.250473654
v 0.070671658 0.089052706 -0.222104684
v 0.064234764 0.085095199 -0.245493637
v 0.070671658 0.089052706 -0.222104684
v 0.061648544 0.069533911 -0.250473654
v 0.074300621 0.056618023 -0.227775600
v 0.066378085 0.105970010 -0.223568521
v 0.064234764 0.085095199 -0.245493637
v 0.070671658 0.089052706 -0.222104684
v 0.064234764 0.085095199 -0.245493637
v 0.066378085 0.105970010 -0.223568521
v 0.053219843 0.121937648 -0.246486405
v 0.028112333 0.142285259 -0.209651024
v -0.011874185 0.144493315 -0.159638694
v -0.025793741 0.151058299 -0.190316541
v -0.011874185 0.144493315 -0.159638694
v 0.028112333 0.142285259 -0.209651024
v 0.041355479 0.133246610 -0.174974617
v 0.041355479 0.133246610 -0.174974617
v 0.066378085 0.105970010 -0.223568521
v 0.077868612 0.097293348 -0.184790797
v 0.066378085 0.105970010 -0.223568521
v 0.041355479 0.133246610 -0.174974617
v 0.028112333 0.142285259 -0.209651024
v -0.003151139 0.139364817 -0.238276238
v 0.024531833 0.125786455 -0.272361365
v 0.053219843 0.121937648 -0.246486405
v 0.024531833 0.125786455 -0.272361365
v -0.003151139 0.139364817 -0.238276238
v -0.022179715 0.129407566 -0.266168749
v 0.053219843 0.121937648 -0.246486405
v 0.050311693 0.120880111 -0.276202926
v 0.055958265 0.082896856 -0.242558401
v 0.050311693 0.120880111 -0.276202926
v 0.053219843 0.121937648 -0.246486405
v 0.024531833 0.125786455 -0.272361365
v 0.050311693 0.120880111 -0.276202926
v 0.088291691 0.112561953 -0.290401765
v 0.055958265 0.082896856 -0.242558401
v 0.040672080 0.023888441 -0.298064551
v 0.055175981 0.041806529 -0.268303765
v 0.035406759 0.027267532 -0.280165631
v 0.055175981 0.041806529 -0.268303765
v 0.040672080 0.023888441 -0.298064551
v 0.048020132 0.028488851 -0.282171512
v -0.003151139 0.139364817 -0.238276238
v -0.043437351 0.141017444 -0.224627450
v -0.022179715 0.129407566 -0.266168749
v -0.019878281 -0.005640889 -0.152433761
v 0.037661064 -0.012761920 -0.110382521
v 0.032836703 -0.004070920 -0.165525335
v 0.037661064 -0.012761920 -0.110382521
v -0.019878281 -0.005640889 -0.152433761
v -0.014125502 -0.009199171 -0.100514304
v -0.072502006 0.045982646 -0.308359810
v -0.060843194 0.023173173 -0.280690876
v -0.017962893 0.023703017 -0.301453123
v 0.057644082 0.119808282 -0.067051577
v 0.004829813 0.136851562 -0.107435325
v 0.055858498 0.127761412 -0.119600199
v 0.004829813 0.136851562 -0.107435325
v 0.057644082 0.119808282 -0.067051577
v 0.012278174 0.135624137 -0.061605792
v 0.064234764 0.085095199 -0.245493637
v 0.055175981 0.041806529 -0.268303765
v 0.061648544 0.069533911 -0.250473654
v -0.124969117 0.103757304 -0.238852953
v -0.086205240 0.127257623 -0.241771784
v -0.129220865 0.107346127 -0.213511516
v -0.086205240 0.127257623 -0.241771784
v -0.124969117 0.103757304 -0.238852953
v -0.099460223 0.109259319 -0.271103108
v -0.129387090 0.114977167 -0.176938065
v -0.080804135 0.143086526 -0.173604171
v -0.120685752 0.107346185 -0.161658115
v -0.080804135 0.143086526 -0.173604171
v -0.129387090 0.114977167 -0.176938065
v -0.082415770 0.136703153 -0.208072403
v -0.103276765 0.055645007 -0.295724924
v -0.133109918 0.023684008 -0.255089505
v -0.106610461 0.020726279 -0.267673915
v -0.133109918 0.023684008 -0.255089505
v -0.103276765 0.055645007 -0.295724924
v -0.121769307 0.051566199 -0.270868177
v -0.099854627 0.044224927 -0.042538299
v -0.061423943 0.000669754 -0.045473839
v -0.096612157 0.045280542 -0.051702355
v -0.061423943 0.000669754 -0.045473839
v -0.099854627 0.044224927 -0.042538299
v -0.059830255 0.000355079 -0.032204112
v -0.079146684 0.107092563 -0.059781115
v -0.099854627 0.044224927 -0.042538299
v -0.096612157 0.045280542 -0.051702355
v -0.099854627 0.044224927 -0.042538299
v -0.079146684 0.107092563 -0.059781115
v -0.094524007 0.097599068 -0.035708535
v -0.037458941 0.139867800 -0.064189671
v -0.074036807 0.134306572 -0.015190741
v -0.079146684 0.107092563 -0.059781115
v -0.074036807 0.134306572 -0.015190741
v -0.037458941 0.139867800 -0.064189671
v -0.037341845 0.151900446 -0.012099708
v -0.082415770 0.136703153 -0.208072403
v -0.025793741 0.151058299 -0.190316541
v -0.080804135 0.143086526 -0.173604171
v -0.025793741 0.151058299 -0.190316541
v -0.082415770 0.136703153 -0.208072403
v -0.043437351 0.141017444 -0.224627450
v -0.059830255 0.000355079 -0.032204112
v -0.016770806 -0.011121632 -0.044614435
v -0.061423943 0.000669754 -0.045473839
v -0.016770806 -0.011121632 -0.044614435
v -0.059830255 0.000355079 -0.032204112
v -0.019796883 -0.012398918 -0.027049248
v -0.071465780 0.002007939 -0.137505024
v -0.028108509 -0.007683099 -0.190962943
v -0.084571575 -0.002554335 -0.174017566
v -0.028108509 -0.007683099 -0.190962943
v -0.071465780 0.002007939 -0.137505024
v -0.019878281 -0.005640889 -0.152433761
v -0.059830255 0.000355079 -0.032204112
v -0.117197436 0.034340844 0.013349368
v -0.062112235 -0.004725663 0.019714885
v -0.117197436 0.034340844 0.013349368
v -0.059830255 0.000355079 -0.032204112
v -0.099854627 0.044224927 -0.042538299
v -0.099854627 0.044224927 -0.042538299
v -0.102444596 0.098449695 -0.005524059
v -0.117197436 0.034340844 0.013349368
v -0.102444596 0.098449695 -0.005524059
v -0.099854627 0.044224927 -0.042538299
v -0.094524007 0.097599068 -0.035708535
v -0.065442176 -0.000437942 -0.092028556
v -0.071465780 0.002007939 -0.137505024
v -0.103230773 0.025056523 -0.126566393
v -0.116620104 0.048655353 -0.128373976
v -0.082035010 0.105166807 -0.096508854
v -0.099110696 0.046034132 -0.088516269
v -0.082035010 0.105166807 -0.096508854
v -0.116620104 0.048655353 -0.128373976
v -0.107210199 0.108079936 -0.135070351
v -0.082035010 0.105166807 -0.096508854
v -0.066270394 0.139251036 -0.145880998
v -0.051171990 0.138084613 -0.096393072
v -0.066270394 0.139251036 -0.145880998
v -0.082035010 0.105166807 -0.096508854
v -0.107210199 0.108079936 -0.135070351
v -0.011874185 0.144493315 -0.159638694
v -0.051171990 0.138084613 -0.096393072
v -0.066270394 0.139251036 -0.145880998
v -0.051171990 0.138084613 -0.096393072
v -0.011874185 0.144493315 -0.159638694
v 0.004829813 0.136851562 -0.107435325
v -0.178198130 0.091461414 -0.221151651
v -0.146428060 0.065592001 -0.170794083
v -0.228601029 0.083673075 -0.213849884
v -0.228601029 0.083673075 -0.213849884
v -0.256600024 0.050429839 -0.139730224
v -0.277373818 0.070933353 -0.193791325
v -0.256600024 0.050429839 -0.139730224
v -0.228601029 0.083673075 -0.213849884
v -0.203512974 0.059275523 -0.150201965
v -0.154198905 -0.001474239 -0.190107824
v -0.203627647 -0.014408121 -0.178416994
v -0.203512974 0.059275523 -0.150201965
v -0.203512974 0.059275523 -0.150201965
v -0.254369848 -0.012295997 -0.163950745
v -0.256600024 0.050429839 -0.139730224
v -0.254369848 -0.012295997 -0.163950745
v -0.203512974 0.059275523 -0.150201965
v -0.203627647 -0.014408121 -0.178416994
v -0.164396884 -0.007223511 -0.205022918
v -0.203627647 -0.014408121 -0.178416994
v -0.154198905 -0.001474239 -0.190107824
v -0.164396884 -0.007223511 -0.205022918
v -0.228297682 0.009964064 -0.242124609
v -0.203627647 -0.014408121 -0.178416994
v -0.164396884 -0.007223511 -0.205022918
v -0.178333175 0.016367111 -0.249912480
v -0.228297682 0.009964064 -0.242124609
v -0.203627647 -0.014408121 -0.178416994
v -0.275249657 0.008017306 -0.217554646
v -0.254369848 -0.012295997 -0.163950745
v -0.275249657 0.008017306 -0.217554646
v -0.203627647 -0.014408121 -0.178416994
v -0.228297682 0.009964064 -0.242124609
v -0.182422556 0.061396498 -0.244148237
v -0.228601029 0.083673075 -0.213849884
v -0.228297682 0.009964064 -0.242124609
v -0.228297682 0.009964064 -0.242124609
v -0.277373818 0.070933353 -0.193791325
v -0.275249657 0.008017306 -0.217554646
v -0.277373818 0.070933353 -0.193791325
v -0.228297682 0.009964064 -0.242124609
v -0.228601029 0.083673075 -0.213849884
v -0.300675556 0.077657134 -0.186624017
v -0.340641678 0.055923382 -0.110045869
v -0.352966706 0.073719041 -0.154435816
v -0.340641678 0.055923382 -0.110045869
v -0.300675556 0.077657134 -0.186624017
v -0.280185776 0.052997657 -0.123906901
v -0.352966706 0.073719041 -0.154435816
v -0.373999037 0.049054077 -0.088998605
v -0.389587014 0.073771578 -0.129364627
v -0.373999037 0.049054077 -0.088998605
v -0.352966706 0.073719041 -0.154435816
v -0.340641678 0.055923382 -0.110045869
v -0.280185776 0.052997657 -0.123906901
v -0.350278523 -0.006086998 -0.141838768
v -0.340641678 0.055923382 -0.110045869
v -0.350278523 -0.006086998 -0.141838768
v -0.280185776 0.052997657 -0.123906901
v -0.286141895 -0.017639120 -0.148838468
v -0.340641678 0.055923382 -0.110045869
v -0.396074519 0.001084374 -0.129993399
v -0.373999037 0.049054077 -0.088998605
v -0.396074519 0.001084374 -0.129993399
v -0.340641678 0.055923382 -0.110045869
v -0.350278523 -0.006086998 -0.141838768
v -0.286141895 -0.017639120 -0.148838468
v -0.359313482 0.008807208 -0.176966802
v -0.350278523 -0.006086998 -0.141838768
v -0.359313482 0.008807208 -0.176966802
v -0.286141895 -0.017639120 -0.148838468
v -0.306250980 0.006625142 -0.211470917
v -0.350278523 -0.006086998 -0.141838768
v -0.406231864 0.020916952 -0.155741195
v -0.396074519 0.001084374 -0.129993399
v -0.406231864 0.020916952 -0.155741195
v -0.350278523 -0.006086998 -0.141838768
v -0.359313482 0.008807208 -0.176966802
v -0.306250980 0.006625142 -0.211470917
v -0.352966706 0.073719041 -0.154435816
v -0.359313482 0.008807208 -0.176966802
v -0.352966706 0.073719041 -0.154435816
v -0.306250980 0.006625142 -0.211470917
v -0.300675556 0.077657134 -0.186624017
v -0.359313482 0.008807208 -0.176966802
v -0.389587014 0.073771578 -0.129364627
v -0.406231864 0.020916952 -0.155741195
v -0.389587014 0.073771578 -0.129364627
v -0.359313482 0.008807208 -0.176966802
v -0.352966706 0.073719041 -0.154435816
v -0.275249657 0.008017306 -0.217554646
v -0.300675556 0.077657134 -0.186624017
v -0.306250980 0.006625142 -0.211470917
v -0.300675556 0.077657134 -0.186624017
v -0.275249657 0.008017306 -0.217554646
v -0.277373818 0.070933353 -0.193791325
v -0.277373818 0.070933353 -0.193791325
v -0.280185776 0.052997657 -0.123906901
v -0.300675556 0.077657134 -0.186624017
v -0.280185776 0.052997657 -0.123906901
v -0.277373818 0.070933353 -0.193791325
v -0.256600024 0.050429839 -0.139730224
v -0.254369848 -0.012295997 -0.163950745
v -0.280185776 0.052997657 -0.123906901
v -0.256600024 0.050429839 -0.139730224
v -0.280185776 0.052997657 -0.123906901
v -0.254369848 -0.012295997 -0.163950745
v -0.286141895 -0.017639120 -0.148838468
v -0.286141895 -0.017639120 -0.148838468
v -0.275249657 0.008017306 -0.217554646
v -0.306250980 0.006625142 -0.211470917
v -0.275249657 0.008017306 -0.217554646
v -0.286141895 -0.017639120 -0.148838468
v -0.254369848 -0.012295997 -0.163950745
v -0.145539636 0.032801335 -0.266650687
v -0.182422556 0.061396498 -0.244148237
v -0.178333175 0.016367111 -0.249912480
v -0.182422556 0.061396498 -0.244148237
v -0.145539636 0.032801335 -0.266650687
v -0.162153627 0.062864560 -0.261815799
v -0.162153627 0.062864560 -0.261815799
v -0.121769307 0.051566199 -0.270868177
v -0.127121334 0.078229924 -0.265840270
v -0.121769307 0.051566199 -0.270868177
v -0.162153627 0.062864560 -0.261815799
v -0.145539636 0.032801335 -0.266650687
v -0.103230773 0.025056523 -0.126566393
v -0.084571575 -0.002554335 -0.174017566
v -0.123661403 0.017362346 -0.163949498
v -0.084571575 -0.002554335 -0.174017566
v -0.103230773 0.025056523 -0.126566393
v -0.071465780 0.002007939 -0.137505024
v -0.121769307 0.051566199 -0.270868177
v -0.103276765 0.055645007 -0.295724924
v -0.112389487 0.089259011 -0.283508940
v -0.157125665 0.088939093 -0.238784041
v -0.129220865 0.107346127 -0.213511516
v -0.149237882 0.085141633 -0.204198914
v -0.129220865 0.107346127 -0.213511516
v -0.157125665 0.088939093 -0.238784041
v -0.124969117 0.103757304 -0.238852953
v -0.178198130 0.091461414 -0.221151651
v -0.157125665 0.088939093 -0.238784041
v -0.149237882 0.085141633 -0.204198914
v -0.142465266 0.015883515 -0.203664626
v -0.133109918 0.023684008 -0.255089505
v -0.144166310 0.017868444 -0.205863999
v -0.142465266 0.015883515 -0.203664626
v -0.106610461 0.020726279 -0.267673915
v -0.133109918 0.023684008 -0.255089505
v -0.142465266 0.015883515 -0.203664626
v -0.097368429 0.000662878 -0.210950641
v -0.106610461 0.020726279 -0.267673915
v -0.039941638 -0.001098459 -0.227977193
v -0.106610461 0.020726279 -0.267673915
v -0.097368429 0.000662878 -0.210950641
v -0.106610461 0.020726279 -0.267673915
v -0.039941638 -0.001098459 -0.227977193
v -0.060843194 0.023173173 -0.280690876
v -0.145539636 0.032801335 -0.266650687
v -0.133109918 0.023684008 -0.255089505
v -0.121769307 0.051566199 -0.270868177
v -0.178333175 0.016367111 -0.249912480
v -0.133109918 0.023684008 -0.255089505
v -0.145539636 0.032801335 -0.266650687
v -0.178333175 0.016367111 -0.249912480
v -0.144166310 0.017868444 -0.205863999
v -0.133109918 0.023684008 -0.255089505
v -0.178333175 0.016367111 -0.249912480
v -0.164396884 -0.007223511 -0.205022918
v -0.144166310 0.017868444 -0.205863999
v -0.133801083 0.071835737 -0.169494201
v -0.154198905 -0.001474239 -0.190107824
v -0.146428060 0.065592001 -0.170794083
v -0.154198905 -0.001474239 -0.190107824
v -0.133801083 0.071835737 -0.169494201
v -0.138997491 0.026434595 -0.184004031
v -0.107210199 0.108079936 -0.135070351
v -0.130614996 0.058125528 -0.159956993
v -0.123801412 0.090483389 -0.157742128
v -0.130614996 0.058125528 -0.159956993
v -0.107210199 0.108079936 -0.135070351
v -0.116620104 0.048655353 -0.128373976
v -0.129387090 0.114977167 -0.176938065
v -0.133801083 0.071835737 -0.169494201
v -0.146428060 0.065592001 -0.170794083
v -0.120685752 0.107346185 -0.161658115
v -0.107210199 0.108079936 -0.135070351
v -0.123801412 0.090483389 -0.157742128
v -0.130614996 0.058125528 -0.159956993
v -0.116620104 0.048655353 -0.128373976
v -0.132867392 0.039175066 -0.160626476
v -0.079146684 0.107092563 -0.059781115
v -0.074036807 0.134306572 -0.015190741
v -0.094524007 0.097599068 -0.035708535
v -0.094524007 0.097599068 -0.035708535
v -0.074036807 0.134306572 -0.015190741
v -0.102444596 0.098449695 -0.005524059
v -0.112389487 0.089259011 -0.283508940
v -0.127121334 0.078229924 -0.265840270
v -0.121769307 0.051566199 -0.270868177
v -0.086205240 0.127257623 -0.241771784
v -0.099460223 0.109259319 -0.271103108
v -0.043437351 0.141017444 -0.224627450
v -0.037341845 0.151900446 -0.012099708
v 0.012278174 0.135624137 -0.061605792
v 0.015726662 0.149923116 -0.006184161
v 0.012278174 0.135624137 -0.061605792
v -0.037341845 0.151900446 -0.012099708
v -0.037458941 0.139867800 -0.064189671
v -0.019796883 -0.012398918 -0.027049248
v -0.062112235 -0.004725663 0.019714885
v -0.020597752 -0.014720502 0.022178664
v -0.062112235 -0.004725663 0.019714885
v -0.019796883 -0.012398918 -0.027049248
v -0.059830255 0.000355079 -0.032204112
v -0.203512974 0.059275523 -0.150201965
v -0.146428060 0.065592001 -0.170794083
v -0.154198905 -0.001474239 -0.190107824
v -0.146428060 0.065592001 -0.170794083
v -0.203512974 0.059275523 -0.150201965
v -0.228601029 0.083673075 -0.213849884
v -0.051171990 0.138084613 -0.096393072
v -0.079146684 0.107092563 -0.059781115
v -0.082035010 0.105166807 -0.096508854
v -0.079146684 0.107092563 -0.059781115
v -0.051171990 0.138084613 -0.096393072
v -0.037458941 0.139867800 -0.064189671
v -0.082035010 0.105166807 -0.096508854
v -0.096612157 0.045280542 -0.051702355
v -0.099110696 0.046034132 -0.088516269
v -0.096612157 0.045280542 -0.051702355
v -0.082035010 0.105166807 -0.096508854
v -0.079146684 0.107092563 -0.059781115
v -0.096612157 0.045280542 -0.051702355
v -0.065442176 -0.000437942 -0.092028556
v -0.099110696 0.046034132 -0.088516269
v -0.065442176 -0.000437942 -0.092028556
v -0.096612157 0.045280542 -0.051702355
v -0.061423943 0.000669754 -0.045473839
v -0.061423943 0.000669754 -0.045473839
v -0.014125502 -0.009199171 -0.100514304
v -0.065442176 -0.000437942 -0.092028556
v -0.014125502 -0.009199171 -0.100514304
v -0.061423943 0.000669754 -0.045473839
v -0.016770806 -0.011121632 -0.044614435
v -0.112389487 0.089259011 -0.283508940
v -0.099460223 0.109259319 -0.271103108
v -0.127121334 0.078229924 -0.265840270
v -0.099460223 0.109259319 -0.271103108
v -0.124969117 0.103757304 -0.238852953
v -0.127121334 0.078229924 -0.265840270
v -0.124969117 0.103757304 -0.238852953
v -0.162153627 0.062864560 -0.261815799
v -0.127121334 0.078229924 -0.265840270
v -0.162153627 0.062864560 -0.261815799
v -0.124969117 0.103757304 -0.238852953
v -0.157125665 0.088939093 -0.238784041
v -0.157125665 0.088939093 -0.238784041
v -0.182422556 0.061396498 -0.244148237
v -0.162153627 0.062864560 -0.261815799
v -0.182422556 0.061396498 -0.244148237
v -0.157125665 0.088939093 -0.238784041
v -0.178198130 0.091461414 -0.221151651
v -0.182422556 0.061396498 -0.244148237
v -0.178198130 0.091461414 -0.221151651
v -0.228601029 0.083673075 -0.213849884
v -0.228297682 0.009964064 -0.242124609
v -0.178333175 0.016367111 -0.249912480
v -0.182422556 0.061396498 -0.244148237
v -0.099110696 0.046034132 -0.088516269
v -0.103230773 0.025056523 -0.126566393
v -0.116620104 0.048655353 -0.128373976
v -0.142465266 0.015883515 -0.203664626
v -0.144166310 0.017868444 -0.205863999
v -0.138997491 0.026434595 -0.184004031
v -0.116620104 0.048655353 -0.128373976
v -0.123661403 0.017362346 -0.163949498
v -0.132867392 0.039175066 -0.160626476
v -0.123661403 0.017362346 -0.163949498
v -0.116620104 0.048655353 -0.128373976
v -0.103230773 0.025056523 -0.126566393
v -0.103230773 0.025056523 -0.126566393
v -0.099110696 0.046034132 -0.088516269
v -0.065442176 -0.000437942 -0.092028556
v -0.072502006 0.045982646 -0.308359810
v -0.103276765 0.055645007 -0.295724924
v -0.106610461 0.020726279 -0.267673915
v -0.084571575 -0.002554335 -0.174017566
v -0.039941638 -0.001098459 -0.227977193
v -0.097368429 0.000662878 -0.210950641
v -0.039941638 -0.001098459 -0.227977193
v -0.084571575 -0.002554335 -0.174017566
v -0.028108509 -0.007683099 -0.190962943
v -0.097368429 0.000662878 -0.210950641
v -0.123661403 0.017362346 -0.163949498
v -0.084571575 -0.002554335 -0.174017566
v -0.123661403 0.017362346 -0.163949498
v -0.097368429 0.000662878 -0.210950641
v -0.142465266 0.015883515 -0.203664626
v -0.123661403 0.017362346 -0.163949498
v -0.138997491 0.026434595 -0.184004031
v -0.132867392 0.039175066 -0.160626476
v -0.138997491 0.026434595 -0.184004031
v -0.123661403 0.017362346 -0.163949498
v -0.142465266 0.015883515 -0.203664626
v -0.138997491 0.026434595 -0.184004031
v -0.130614996 0.058125528 -0.159956993
v -0.132867392 0.039175066 -0.160626476
v -0.130614996 0.058125528 -0.159956993
v -0.138997491 0.026434595 -0.184004031
v -0.136086770 0.056978159 -0.172398537
v -0.136086770 0.056978159 -0.172398537
v -0.123801412 0.090483389 -0.157742128
v -0.130614996 0.058125528 -0.159956993
v -0.123801412 0.090483389 -0.157742128
v -0.136086770 0.056978159 -0.172398537
v -0.133801083 0.071835737 -0.169494201
v -0.120685752 0.107346185 -0.161658115
v -0.133801083 0.071835737 -0.169494201
v -0.129387090 0.114977167 -0.176938065
v -0.133801083 0.071835737 -0.169494201
v -0.120685752 0.107346185 -0.161658115
v -0.123801412 0.090483389 -0.157742128
v -0.080804135 0.143086526 -0.173604171
v -0.011874185 0.144493315 -0.159638694
v -0.066270394 0.139251036 -0.145880998
v -0.011874185 0.144493315 -0.159638694
v -0.080804135 0.143086526 -0.173604171
v -0.025793741 0.151058299 -0.190316541
v -0.066270394 0.139251036 -0.145880998
v -0.120685752 0.107346185 -0.161658115
v -0.080804135 0.143086526 -0.173604171
v -0.120685752 0.107346185 -0.161658115
v -0.066270394 0.139251036 -0.145880998
v -0.107210199 0.108079936 -0.135070351
v -0.082415770 0.136703153 -0.208072403
v -0.129220865 0.107346127 -0.213511516
v -0.086205240 0.127257623 -0.241771784
v -0.129220865 0.107346127 -0.213511516
v -0.082415770 0.136703153 -0.208072403
v -0.129387090 0.114977167 -0.176938065
v -0.129387090 0.114977167 -0.176938065
v -0.149237882 0.085141633 -0.204198914
v -0.129220865 0.107346127 -0.213511516
v -0.149237882 0.085141633 -0.204198914
v -0.129387090 0.114977167 -0.176938065
v -0.146428060 0.065592001 -0.170794083
v -0.149237882 0.085141633 -0.204198914
v -0.146428060 0.065592001 -0.170794083
v -0.178198130 0.091461414 -0.221151651
v -0.164396884 -0.007223511 -0.205022918
v -0.138997491 0.026434595 -0.184004031
v -0.144166310 0.017868444 -0.205863999
v -0.138997491 0.026434595 -0.184004031
v -0.164396884 -0.007223511 -0.205022918
v -0.154198905 -0.001474239 -0.190107824
v -0.043437351 0.141017444 -0.224627450
v -0.082415770 0.136703153 -0.208072403
v -0.086205240 0.127257623 -0.241771784
v -0.019878281 -0.005640889 -0.152433761
v -0.065442176 -0.000437942 -0.092028556
v -0.014125502 -0.009199171 -0.100514304
v -0.065442176 -0.000437942 -0.092028556
v -0.019878281 -0.005640889 -0.152433761
v -0.071465780 0.002007939 -0.137505024
v -0.072502006 0.045982646 -0.308359810
v -0.106610461 0.020726279 -0.267673915
v -0.060843194 0.023173173 -0.280690876
v 0.004829813 0.136851562 -0.107435325
v -0.037458941 0.139867800 -0.064189671
v -0.051171990 0.138084613 -0.096393072
v -0.037458941 0.139867800 -0.064189671
v 0.004829813 0.136851562 -0.107435325
v 0.012278174 0.135624137 -0.061605792
v -0.133801083 0.071835737 -0.169494201
v -0.136086770 0.056978159 -0.172398537
v -0.138997491 0.026434595 -0.184004031
v -0.396074519 0.001084374 -0.129993399
v -0.389587014 0.073771578 -0.129364627
v -0.373999037 0.049054077 -0.088998605
v -0.389587014 0.073771578 -0.129364627
v -0.396074519 0.001084374 -0.129993399
v -0.406231864 0.020916952 -0.155741195
v 0.091376190 0.132658227 -0.270455110
v 0.125836532 0.113017504 -0.202006889
v 0.066679019 0.104607600 -0.237191862
v 0.125836532 0.113017504 -0.202006889
v 0.091376190 0.132658227 -0.270455110
v 0.142347362 0.135591848 -0.230427179
v -0.117197436 0.034340844 0.013349368
v -0.020597752 -0.014720502 0.022178664
v -0.062112235 -0.004725663 0.019714885
v -0.102444596 0.098449695 -0.005524059
v -0.020597752 -0.014720502 0.022178664
v -0.117197436 0.034340844 0.013349368
v -0.074036807 0.134306572 -0.015190741
v -0.020597752 -0.014720502 0.022178664
v -0.102444596 0.098449695 -0.005524059
v -0.037341845 0.151900446 -0.012099708
v -0.020597752 -0.014720502 0.022178664
v -0.074036807 0.134306572 -0.015190741
v 0.015726662 0.149923116 -0.006184161
v -0.020597752 -0.014720502 0.022178664
v -0.037341845 0.151900446 -0.012099708
v -0.020597752 -0.014720502 0.022178664
v 0.087598834 -0.011010919 0.012370027
v 0.027043670 -0.025515984 0.019587256
v -0.020597752 -0.014720502 0.022178664
v 0.101118555 0.053371003 -0.006497503
v 0.087598834 -0.011010919 0.012370027
v -0.020597752 -0.014720502 0.022178664
v 0.082216541 0.106462661 -0.015846177
v 0.101118555 0.053371003 -0.006497503
v -0.020597752 -0.014720502 0.022178664
v 0.053076067 0.130808688 -0.013430672
v 0.082216541 0.106462661 -0.015846177
v 0.015726662 0.149923116 -0.006184161
v 0.053076067 0.130808688 -0.013430672
v -0.020597752 -0.014720502 0.022178664
v -0.072502006 0.045982646 -0.308359810
v -0.049073254 0.079989863 -0.244810552
v -0.103276765 0.055645007 -0.295724924
v -0.103276765 0.055645007 -0.295724924
v -0.049073254 0.079989863 -0.244810552
v -0.112389487 0.089259011 -0.283508940
v -0.112389487 0.089259011 -0.283508940
v -0.049073254 0.079989863 -0.244810552
v -0.099460223 0.109259319 -0.271103108
v -0.099460223 0.109259319 -0.271103108
v -0.049073254 0.079989863 -0.244810552
v -0.043437351 0.141017444 -0.224627450
v -0.041571877 0.057326205 -0.319144107
v -0.049073254 0.079989863 -0.244810552
v -0.072502006 0.045982646 -0.308359810
v -0.028224651 0.091430674 -0.315423403
v -0.049073254 0.079989863 -0.244810552
v -0.041571877 0.057326205 -0.319144107
v -0.030593899 0.111280992 -0.297275084
v -0.049073254 0.079989863 -0.244810552
v -0.028224651 0.091430674 -0.315423403
v -0.043437351 0.141017444 -0.224627450
v -0.049073254 0.079989863 -0.244810552
v -0.030593899 0.111280992 -0.297275084
vt 0.603976011 0.300641000
vt 0.535688996 0.312111974
vt 0.534528017 0.296684980
vt 0.535688996 0.312111974
vt 0.603976011 0.300641000
vt 0.607192993 0.314764977
vt 0.610871017 0.355998993
vt 0.557678998 0.388221025
vt 0.542762995 0.342918038
vt 0.557678998 0.388221025
vt 0.610871017 0.355998993
vt 0.608641028 0.390578985
vt 0.752331018 0.240095973
vt 0.690639973 0.291936994
vt 0.695101976 0.256255984
vt 0.690639973 0.291936994
vt 0.752331018 0.240095973
vt 0.741757989 0.289667010
vt 0.654361010 0.548597991
vt 0.741535008 0.533851981
vt 0.743856013 0.546953976
vt 0.741535008 0.533851981
vt 0.654361010 0.548597991
vt 0.651573002 0.534998000
vt 0.579219997 0.533981025
vt 0.654361010 0.548597991
vt 0.617273986 0.557916999
vt 0.654361010 0.548597991
vt 0.579219997 0.533981025
vt 0.651573002 0.534998000
vt 0.542595029 0.531789005
vt 0.576694012 0.571959019
vt 0.538973987 0.574681997
vt 0.576694012 0.571959019
vt 0.542595029 0.531789005
vt 0.579219997 0.533981025
vt 0.542762995 0.342918038
vt 0.500000000 0.388388038
vt 0.500000000 0.345978975
vt 0.500000000 0.388388038
vt 0.542762995 0.342918038
vt 0.557678998 0.388221025
vt 0.743856013 0.546953976
vt 0.792635977 0.531741023
vt 0.792668998 0.545962989
vt 0.792635977 0.531741023
vt 0.743856013 0.546953976
vt 0.741535008 0.533851981
vt 0.737048984 0.443035960
vt 0.792944014 0.388496041
vt 0.792720973 0.437319040
vt 0.792944014 0.388496041
vt 0.737048984 0.443035960
vt 0.733702004 0.387537003
vt 0.743856013 0.546953976
vt 0.678378999 0.585349977
vt 0.654361010 0.548597991
vt 0.678378999 0.585349977
vt 0.743856013 0.546953976
vt 0.743906021 0.578772008
vt 0.654361010 0.548597991
vt 0.621698022 0.580618978
vt 0.617273986 0.557916999
vt 0.621698022 0.580618978
vt 0.654361010 0.548597991
vt 0.678378999 0.585349977
vt 0.741281986 0.490468025
vt 0.670074999 0.445484996
vt 0.737048984 0.443035960
vt 0.648630023 0.437633991
vt 0.585056007 0.484302044
vt 0.602129996 0.430189013
vt 0.585056007 0.484302044
vt 0.648630023 0.437633991
vt 0.652464986 0.490355968
vt 0.585056007 0.484302044
vt 0.557969987 0.421974003
vt 0.602129996 0.430189013
vt 0.557969987 0.421974003
vt 0.585056007 0.484302044
vt 0.551734984 0.483642995
vt 0.500000000 0.421841025
vt 0.551734984 0.483642995
vt 0.499976993 0.485785961
vt 0.551734984 0.483642995
vt 0.500000000 0.421841025
vt 0.557969987 0.421974003
vt 0.860759974 0.111948013
vt 0.866550028 0.170342982
vt 0.843231022 0.111030996
vt 0.866550028 0.170342982
vt 0.842415988 0.253648996
vt 0.841543972 0.177954018
vt 0.842415988 0.253648996
vt 0.866550028 0.170342982
vt 0.864912987 0.245065987
vt 0.925984979 0.112119019
vt 0.954276025 0.147803009
vt 0.927102983 0.159317017
vt 0.954276025 0.147803009
vt 0.926385999 0.225605965
vt 0.927102983 0.159317017
vt 0.926385999 0.225605965
vt 0.954276025 0.147803009
vt 0.948863029 0.233502984
vt 0.912585020 0.119895995
vt 0.891726971 0.161409974
vt 0.899125993 0.115993977
vt 0.912585020 0.119895995
vt 0.927102983 0.159317017
vt 0.891726971 0.161409974
vt 0.912585020 0.119895995
vt 0.925984979 0.112119019
vt 0.927102983 0.159317017
vt 0.927102983 0.159317017
vt 0.893097997 0.233857036
vt 0.891726971 0.161409974
vt 0.893097997 0.233857036
vt 0.927102983 0.159317017
vt 0.926385999 0.225605965
vt 0.885675013 0.117033005
vt 0.891726971 0.161409974
vt 0.866550028 0.170342982
vt 0.891726971 0.161409974
vt 0.864912987 0.245065987
vt 0.866550028 0.170342982
vt 0.864912987 0.245065987
vt 0.891726971 0.161409974
vt 0.893097997 0.233857036
vt 0.864821017 0.288259029
vt 0.847931027 0.394559979
vt 0.844277024 0.292554021
vt 0.847931027 0.394559979
vt 0.864821017 0.288259029
vt 0.866639018 0.393311024
vt 0.866639018 0.393311024
vt 0.848022997 0.457370996
vt 0.847931027 0.394559979
vt 0.848022997 0.457370996
vt 0.866639018 0.393311024
vt 0.863941014 0.456586957
vt 0.949962974 0.277244985
vt 0.913601995 0.368503988
vt 0.923420012 0.273869991
vt 0.913601995 0.368503988
vt 0.949962974 0.277244985
vt 0.953837991 0.381232977
vt 0.953837991 0.381232977
vt 0.906608999 0.451595008
vt 0.913601995 0.368503988
vt 0.906608999 0.451595008
vt 0.953837991 0.381232977
vt 0.949084997 0.455731988
vt 0.923420012 0.273869991
vt 0.890681982 0.381986022
vt 0.893499970 0.278527021
vt 0.890681982 0.381986022
vt 0.923420012 0.273869991
vt 0.913601995 0.368503988
vt 0.913601995 0.368503988
vt 0.885541022 0.453016043
vt 0.890681982 0.381986022
vt 0.885541022 0.453016043
vt 0.913601995 0.368503988
vt 0.906608999 0.451595008
vt 0.893499970 0.278527021
vt 0.866639018 0.393311024
vt 0.864821017 0.288259029
vt 0.866639018 0.393311024
vt 0.893499970 0.278527021
vt 0.890681982 0.381986022
vt 0.890681982 0.381986022
vt 0.863941014 0.456586957
vt 0.866639018 0.393311024
vt 0.863941014 0.456586957
vt 0.890681982 0.381986022
vt 0.885541022 0.453016043
vt 0.893097997 0.233857036
vt 0.864821017 0.288259029
vt 0.864912987 0.245065987
vt 0.864821017 0.288259029
vt 0.893097997 0.233857036
vt 0.893499970 0.278527021
vt 0.864912987 0.245065987
vt 0.844277024 0.292554021
vt 0.842415988 0.253648996
vt 0.844277024 0.292554021
vt 0.864912987 0.245065987
vt 0.864821017 0.288259029
vt 0.926385999 0.225605965
vt 0.949962974 0.277244985
vt 0.923420012 0.273869991
vt 0.949962974 0.277244985
vt 0.926385999 0.225605965
vt 0.948863029 0.233502984
vt 0.923420012 0.273869991
vt 0.893097997 0.233857036
vt 0.926385999 0.225605965
vt 0.893097997 0.233857036
vt 0.923420012 0.273869991
vt 0.893499970 0.278527021
vt 0.897534013 0.059441984
vt 0.885675013 0.117033005
vt 0.886667013 0.065150976
vt 0.885675013 0.117033005
vt 0.897534013 0.059441984
vt 0.899125993 0.115993977
vt 0.886667013 0.065150976
vt 0.899981022 0.024266005
vt 0.897534013 0.059441984
vt 0.899981022 0.024266005
vt 0.886667013 0.065150976
vt 0.884509981 0.024361014
vt 0.670074999 0.445484996
vt 0.733702004 0.387537003
vt 0.737048984 0.443035960
vt 0.733702004 0.387537003
vt 0.670074999 0.445484996
vt 0.696238995 0.383486986
vt 0.695101976 0.256255984
vt 0.725718975 0.226604998
vt 0.752331018 0.240095973
vt 0.865660012 0.066430986
vt 0.856742978 0.024578989
vt 0.867962003 0.024353027
vt 0.856742978 0.024578989
vt 0.865660012 0.066430986
vt 0.854628980 0.084885001
vt 0.860759974 0.111948013
vt 0.854628980 0.084885001
vt 0.865660012 0.066430986
vt 0.701421022 0.329308033
vt 0.741757989 0.289667010
vt 0.732649028 0.332749009
vt 0.701421022 0.329308033
vt 0.690639973 0.291936994
vt 0.741757989 0.289667010
vt 0.701421022 0.329308033
vt 0.692811012 0.310135007
vt 0.690639973 0.291936994
vt 0.792513013 0.341719031
vt 0.741757989 0.289667010
vt 0.791697025 0.285986006
vt 0.741757989 0.289667010
vt 0.792513013 0.341719031
vt 0.732649028 0.332749009
vt 0.897534013 0.059441984
vt 0.899981022 0.024266005
vt 0.911262989 0.059193969
vt 0.899125993 0.115993977
vt 0.910251021 0.082895994
vt 0.912585020 0.119895995
vt 0.899125993 0.115993977
vt 0.911262989 0.059193969
vt 0.910251021 0.082895994
vt 0.899125993 0.115993977
vt 0.897534013 0.059441984
vt 0.911262989 0.059193969
vt 0.935548007 0.047254980
vt 0.925984979 0.112119019
vt 0.924805999 0.080877006
vt 0.925984979 0.112119019
vt 0.935548007 0.047254980
vt 0.953871012 0.104737997
vt 0.602129996 0.430189013
vt 0.647809029 0.384287000
vt 0.648630023 0.437633991
vt 0.647809029 0.384287000
vt 0.602129996 0.430189013
vt 0.621985018 0.395148993
vt 0.964044988 0.046155989
vt 0.953871012 0.104737997
vt 0.935548007 0.047254980
vt 0.608641028 0.390578985
vt 0.621985018 0.395148993
vt 0.602129996 0.430189013
vt 0.647809029 0.384287000
vt 0.660687029 0.378998041
vt 0.648630023 0.437633991
vt 0.579219997 0.533981025
vt 0.617273986 0.557916999
vt 0.576694012 0.571959019
vt 0.617273986 0.557916999
vt 0.621698022 0.580618978
vt 0.576694012 0.571959019
vt 0.725718975 0.226604998
vt 0.695101976 0.256255984
vt 0.681759000 0.232972026
vt 0.535688996 0.312111974
vt 0.500000000 0.345978975
vt 0.534528017 0.296684980
vt 0.538973987 0.574681997
vt 0.500000000 0.531428993
vt 0.542595029 0.531789005
vt 0.500000000 0.531428993
vt 0.538973987 0.574681997
vt 0.500000000 0.577818990
vt 0.792668998 0.545962989
vt 0.743906021 0.578772008
vt 0.743856013 0.546953976
vt 0.743906021 0.578772008
vt 0.792668998 0.545962989
vt 0.792667985 0.574760020
vt 0.954276025 0.147803009
vt 0.925984979 0.112119019
vt 0.953871012 0.104737997
vt 0.843231022 0.111030996
vt 0.866550028 0.170342982
vt 0.841543972 0.177954018
vt 0.551734984 0.483642995
vt 0.579219997 0.533981025
vt 0.542595029 0.531789005
vt 0.579219997 0.533981025
vt 0.551734984 0.483642995
vt 0.585056007 0.484302044
vt 0.585056007 0.484302044
vt 0.651573002 0.534998000
vt 0.579219997 0.533981025
vt 0.651573002 0.534998000
vt 0.585056007 0.484302044
vt 0.652464986 0.490355968
vt 0.651573002 0.534998000
vt 0.741281986 0.490468025
vt 0.741535008 0.533851981
vt 0.741281986 0.490468025
vt 0.651573002 0.534998000
vt 0.652464986 0.490355968
vt 0.741535008 0.533851981
vt 0.793290019 0.492604971
vt 0.792635977 0.531741023
vt 0.793290019 0.492604971
vt 0.741535008 0.533851981
vt 0.741281986 0.490468025
vt 0.581167996 0.257534027
vt 0.585162997 0.277191043
vt 0.534528017 0.296684980
vt 0.534528017 0.296684980
vt 0.585162997 0.277191043
vt 0.603976011 0.300641000
vt 0.867962003 0.024353027
vt 0.886667013 0.065150976
vt 0.865660012 0.066430986
vt 0.886667013 0.065150976
vt 0.867962003 0.024353027
vt 0.884509981 0.024361014
vt 0.865660012 0.066430986
vt 0.885675013 0.117033005
vt 0.860759974 0.111948013
vt 0.885675013 0.117033005
vt 0.865660012 0.066430986
vt 0.886667013 0.065150976
vt 0.885675013 0.117033005
vt 0.866550028 0.170342982
vt 0.860759974 0.111948013
vt 0.891726971 0.161409974
vt 0.885675013 0.117033005
vt 0.899125993 0.115993977
vt 0.652464986 0.490355968
vt 0.648630023 0.437633991
vt 0.670074999 0.445484996
vt 0.701421022 0.329308033
vt 0.674300015 0.332125008
vt 0.692811012 0.310135007
vt 0.648630023 0.437633991
vt 0.696238995 0.383486986
vt 0.670074999 0.445484996
vt 0.696238995 0.383486986
vt 0.648630023 0.437633991
vt 0.660687029 0.378998041
vt 0.670074999 0.445484996
vt 0.741281986 0.490468025
vt 0.652464986 0.490355968
vt 0.791822016 0.254308999
vt 0.741757989 0.289667010
vt 0.752331018 0.240095973
vt 0.733702004 0.387537003
vt 0.792513013 0.341719031
vt 0.792944014 0.388496041
vt 0.792513013 0.341719031
vt 0.733702004 0.387537003
vt 0.732649028 0.332749009
vt 0.732649028 0.332749009
vt 0.696238995 0.383486986
vt 0.701421022 0.329308033
vt 0.696238995 0.383486986
vt 0.732649028 0.332749009
vt 0.733702004 0.387537003
vt 0.696238995 0.383486986
vt 0.674300015 0.332125008
vt 0.701421022 0.329308033
vt 0.674300015 0.332125008
vt 0.696238995 0.383486986
vt 0.660687029 0.378998041
vt 0.674300015 0.332125008
vt 0.647809029 0.384287000
vt 0.642271996 0.359522998
vt 0.647809029 0.384287000
vt 0.674300015 0.332125008
vt 0.660687029 0.378998041
vt 0.642271996 0.359522998
vt 0.621985018 0.395148993
vt 0.630401015 0.361163020
vt 0.621985018 0.395148993
vt 0.642271996 0.359522998
vt 0.647809029 0.384287000
vt 0.608641028 0.390578985
vt 0.630401015 0.361163020
vt 0.621985018 0.395148993
vt 0.630401015 0.361163020
vt 0.608641028 0.390578985
vt 0.610871017 0.355998993
vt 0.557678998 0.388221025
vt 0.500000000 0.421841025
vt 0.500000000 0.388388038
vt 0.500000000 0.421841025
vt 0.557678998 0.388221025
vt 0.557969987 0.421974003
vt 0.557969987 0.421974003
vt 0.608641028 0.390578985
vt 0.602129996 0.430189013
vt 0.608641028 0.390578985
vt 0.557969987 0.421974003
vt 0.557678998 0.388221025
vt 0.542762995 0.342918038
vt 0.607192993 0.314764977
vt 0.610871017 0.355998993
vt 0.607192993 0.314764977
vt 0.542762995 0.342918038
vt 0.535688996 0.312111974
vt 0.841925025 0.054974973
vt 0.854628980 0.084885001
vt 0.843231022 0.111030996
vt 0.854628980 0.084885001
vt 0.841925025 0.054974973
vt 0.856742978 0.024578989
vt 0.854628980 0.084885001
vt 0.860759974 0.111948013
vt 0.843231022 0.111030996
vt 0.912585020 0.119895995
vt 0.924805999 0.080877006
vt 0.925984979 0.112119019
vt 0.924805999 0.080877006
vt 0.912585020 0.119895995
vt 0.910251021 0.082895994
vt 0.542762995 0.342918038
vt 0.500000000 0.345978975
vt 0.535688996 0.312111974
vt 0.792720973 0.437319040
vt 0.741281986 0.490468025
vt 0.737048984 0.443035960
vt 0.741281986 0.490468025
vt 0.792720973 0.437319040
vt 0.793290019 0.492604971
vt 0.791822016 0.254308999
vt 0.791697025 0.285986006
vt 0.741757989 0.289667010
vt 0.542595029 0.531789005
vt 0.499976993 0.485785961
vt 0.551734984 0.483642995
vt 0.499976993 0.485785961
vt 0.542595029 0.531789005
vt 0.500000000 0.531428993
vt 0.935548007 0.047254980
vt 0.924805999 0.080877006
vt 0.912096977 0.056493998
vt 0.396023989 0.300641000
vt 0.464455009 0.312301040
vt 0.392807007 0.314764977
vt 0.464455009 0.312301040
vt 0.396023989 0.300641000
vt 0.467204005 0.296949029
vt 0.389115006 0.356135011
vt 0.442321002 0.388221025
vt 0.391359001 0.390578985
vt 0.442321002 0.388221025
vt 0.389115006 0.356135011
vt 0.457237005 0.342918038
vt 0.247668996 0.240095973
vt 0.309359998 0.291936994
vt 0.258242011 0.289667010
vt 0.309359998 0.291936994
vt 0.247668996 0.240095973
vt 0.304897994 0.256255984
vt 0.345638990 0.548597991
vt 0.258446991 0.533842981
vt 0.348426998 0.534998000
vt 0.258446991 0.533842981
vt 0.345638990 0.548597991
vt 0.256424993 0.546688974
vt 0.420780003 0.533981025
vt 0.345638990 0.548597991
vt 0.348426998 0.534998000
vt 0.345638990 0.548597991
vt 0.420780003 0.533981025
vt 0.382726014 0.557916999
vt 0.457405001 0.531789005
vt 0.423305988 0.571959019
vt 0.420780003 0.533981025
vt 0.423305988 0.571959019
vt 0.457405001 0.531789005
vt 0.461026013 0.574681997
vt 0.457237005 0.342918038
vt 0.500000000 0.388388038
vt 0.442321002 0.388221025
vt 0.500000000 0.388388038
vt 0.457237005 0.342918038
vt 0.500000000 0.345978975
vt 0.256424993 0.546688974
vt 0.207439005 0.531753004
vt 0.258446991 0.533842981
vt 0.207439005 0.531753004
vt 0.256424993 0.546688974
vt 0.207432002 0.545928001
vt 0.262950987 0.443035960
vt 0.207056001 0.388496041
vt 0.266297996 0.387537003
vt 0.207056001 0.388496041
vt 0.262950987 0.443035960
vt 0.207278997 0.437319040
vt 0.256424993 0.546688974
vt 0.321621001 0.585349977
vt 0.256094009 0.578772008
vt 0.321621001 0.585349977
vt 0.256424993 0.546688974
vt 0.345638990 0.548597991
vt 0.345638990 0.548597991
vt 0.378302008 0.580618978
vt 0.321621001 0.585349977
vt 0.378302008 0.580618978
vt 0.345638990 0.548597991
vt 0.382726014 0.557916999
vt 0.258354008 0.490774035
vt 0.262950987 0.443035960
vt 0.329925001 0.445484996
vt 0.351370007 0.437633991
vt 0.414943993 0.484302044
vt 0.347535014 0.490355968
vt 0.414943993 0.484302044
vt 0.351370007 0.437633991
vt 0.397870004 0.430189013
vt 0.414943993 0.484302044
vt 0.442030013 0.421974003
vt 0.448264986 0.483642995
vt 0.442030013 0.421974003
vt 0.414943993 0.484302044
vt 0.397870004 0.430189013
vt 0.500000000 0.421841025
vt 0.448264986 0.483642995
vt 0.442030013 0.421974003
vt 0.448264986 0.483642995
vt 0.500000000 0.421841025
vt 0.499976993 0.485785961
vt 0.139239997 0.111948013
vt 0.156769007 0.111030996
vt 0.133450001 0.170342982
vt 0.133450001 0.170342982
vt 0.157583997 0.253648996
vt 0.135086998 0.245065987
vt 0.157583997 0.253648996
vt 0.133450001 0.170342982
vt 0.158455998 0.177954018
vt 0.074014999 0.112119019
vt 0.072897002 0.159317017
vt 0.045724001 0.147803009
vt 0.045724001 0.147803009
vt 0.073614001 0.225605965
vt 0.051135998 0.233502984
vt 0.073614001 0.225605965
vt 0.045724001 0.147803009
vt 0.072897002 0.159317017
vt 0.087415002 0.119895995
vt 0.072897002 0.159317017
vt 0.074014999 0.112119019
vt 0.087415002 0.119895995
vt 0.108273000 0.161409974
vt 0.072897002 0.159317017
vt 0.087415002 0.119895995
vt 0.100873999 0.115993977
vt 0.108273000 0.161409974
vt 0.072897002 0.159317017
vt 0.106902003 0.233857036
vt 0.073614001 0.225605965
vt 0.106902003 0.233857036
vt 0.072897002 0.159317017
vt 0.108273000 0.161409974
vt 0.114325002 0.117033005
vt 0.133450001 0.170342982
vt 0.108273000 0.161409974
vt 0.108273000 0.161409974
vt 0.135086998 0.245065987
vt 0.106902003 0.233857036
vt 0.135086998 0.245065987
vt 0.108273000 0.161409974
vt 0.133450001 0.170342982
vt 0.135178998 0.288259029
vt 0.152069002 0.394559979
vt 0.133360997 0.393311024
vt 0.152069002 0.394559979
vt 0.135178998 0.288259029
vt 0.155723006 0.292554021
vt 0.133360997 0.393311024
vt 0.151977003 0.457370996
vt 0.136059001 0.456586957
vt 0.151977003 0.457370996
vt 0.133360997 0.393311024
vt 0.152069002 0.394559979
vt 0.050037000 0.277244985
vt 0.086397998 0.368503988
vt 0.046162002 0.381232977
vt 0.086397998 0.368503988
vt 0.050037000 0.277244985
vt 0.076580003 0.273869991
vt 0.046162002 0.381232977
vt 0.093391001 0.451595008
vt 0.050914999 0.455731988
vt 0.093391001 0.451595008
vt 0.046162002 0.381232977
vt 0.086397998 0.368503988
vt 0.076580003 0.273869991
vt 0.109318003 0.381986022
vt 0.086397998 0.368503988
vt 0.109318003 0.381986022
vt 0.076580003 0.273869991
vt 0.106500000 0.278527021
vt 0.086397998 0.368503988
vt 0.114459001 0.453016043
vt 0.093391001 0.451595008
vt 0.114459001 0.453016043
vt 0.086397998 0.368503988
vt 0.109318003 0.381986022
vt 0.106500000 0.278527021
vt 0.133360997 0.393311024
vt 0.109318003 0.381986022
vt 0.133360997 0.393311024
vt 0.106500000 0.278527021
vt 0.135178998 0.288259029
vt 0.109318003 0.381986022
vt 0.136059001 0.456586957
vt 0.114459001 0.453016043
vt 0.136059001 0.456586957
vt 0.109318003 0.381986022
vt 0.133360997 0.393311024
vt 0.106902003 0.233857036
vt 0.135178998 0.288259029
vt 0.106500000 0.278527021
vt 0.135178998 0.288259029
vt 0.106902003 0.233857036
vt 0.135086998 0.245065987
vt 0.135086998 0.245065987
vt 0.155723006 0.292554021
vt 0.135178998 0.288259029
vt 0.155723006 0.292554021
vt 0.135086998 0.245065987
vt 0.157583997 0.253648996
vt 0.073614001 0.225605965
vt 0.050037000 0.277244985
vt 0.051135998 0.233502984
vt 0.050037000 0.277244985
vt 0.073614001 0.225605965
vt 0.076580003 0.273869991
vt 0.076580003 0.273869991
vt 0.106902003 0.233857036
vt 0.106500000 0.278527021
vt 0.106902003 0.233857036
vt 0.076580003 0.273869991
vt 0.073614001 0.225605965
vt 0.102466002 0.059441984
vt 0.114325002 0.117033005
vt 0.100873999 0.115993977
vt 0.114325002 0.117033005
vt 0.102466002 0.059441984
vt 0.113333002 0.065150976
vt 0.113333002 0.065150976
vt 0.100019000 0.024266005
vt 0.115489997 0.024361014
vt 0.100019000 0.024266005
vt 0.113333002 0.065150976
vt 0.102466002 0.059441984
vt 0.329925001 0.445484996
vt 0.266297996 0.387537003
vt 0.303761005 0.383486986
vt 0.266297996 0.387537003
vt 0.329925001 0.445484996
vt 0.262950987 0.443035960
vt 0.304897994 0.256255984
vt 0.247668996 0.240095973
vt 0.274280995 0.226604998
vt 0.134340003 0.066430986
vt 0.143257007 0.024578989
vt 0.145371005 0.084885001
vt 0.143257007 0.024578989
vt 0.134340003 0.066430986
vt 0.132037997 0.024353027
vt 0.139239997 0.111948013
vt 0.134340003 0.066430986
vt 0.145371005 0.084885001
vt 0.298579007 0.329308033
vt 0.309359998 0.291936994
vt 0.307188988 0.310135007
vt 0.298579007 0.329308033
vt 0.258242011 0.289667010
vt 0.309359998 0.291936994
vt 0.298579007 0.329308033
vt 0.267351002 0.332749009
vt 0.258242011 0.289667010
vt 0.207487002 0.341719031
vt 0.258242011 0.289667010
vt 0.267351002 0.332749009
vt 0.258242011 0.289667010
vt 0.207487002 0.341719031
vt 0.208268002 0.286002040
vt 0.102466002 0.059441984
vt 0.088737004 0.059193969
vt 0.100019000 0.024266005
vt 0.100873999 0.115993977
vt 0.088737004 0.059193969
vt 0.102466002 0.059441984
vt 0.100873999 0.115993977
vt 0.089749001 0.082895994
vt 0.088737004 0.059193969
vt 0.100873999 0.115993977
vt 0.087415002 0.119895995
vt 0.089749001 0.082895994
vt 0.068429001 0.051310003
vt 0.074014999 0.112119019
vt 0.046128999 0.104737997
vt 0.074014999 0.112119019
vt 0.068429001 0.051310003
vt 0.076572001 0.084110022
vt 0.397870004 0.430189013
vt 0.352191001 0.384287000
vt 0.378015012 0.395148993
vt 0.352191001 0.384287000
vt 0.397870004 0.430189013
vt 0.351370007 0.437633991
vt 0.046535999 0.049862027
vt 0.068429001 0.051310003
vt 0.046128999 0.104737997
vt 0.391359001 0.390578985
vt 0.397870004 0.430189013
vt 0.378015012 0.395148993
vt 0.352191001 0.384287000
vt 0.351370007 0.437633991
vt 0.339313000 0.378998041
vt 0.420780003 0.533981025
vt 0.423305988 0.571959019
vt 0.382726014 0.557916999
vt 0.382726014 0.557916999
vt 0.423305988 0.571959019
vt 0.378302008 0.580618978
vt 0.274280995 0.226604998
vt 0.318241000 0.232972026
vt 0.304897994 0.256255984
vt 0.464455009 0.312301040
vt 0.467204005 0.296949029
vt 0.500000000 0.345978975
vt 0.461026013 0.574681997
vt 0.500000000 0.531428993
vt 0.500000000 0.577818990
vt 0.500000000 0.531428993
vt 0.461026013 0.574681997
vt 0.457405001 0.531789005
vt 0.207432002 0.545928001
vt 0.256094009 0.578772008
vt 0.207332000 0.574760020
vt 0.256094009 0.578772008
vt 0.207432002 0.545928001
vt 0.256424993 0.546688974
vt 0.045724001 0.147803009
vt 0.046128999 0.104737997
vt 0.074014999 0.112119019
vt 0.156769007 0.111030996
vt 0.158455998 0.177954018
vt 0.133450001 0.170342982
vt 0.448264986 0.483642995
vt 0.420780003 0.533981025
vt 0.414943993 0.484302044
vt 0.420780003 0.533981025
vt 0.448264986 0.483642995
vt 0.457405001 0.531789005
vt 0.414943993 0.484302044
vt 0.348426998 0.534998000
vt 0.347535014 0.490355968
vt 0.348426998 0.534998000
vt 0.414943993 0.484302044
vt 0.420780003 0.533981025
vt 0.348426998 0.534998000
vt 0.258354008 0.490774035
vt 0.347535014 0.490355968
vt 0.258354008 0.490774035
vt 0.348426998 0.534998000
vt 0.258446991 0.533842981
vt 0.258446991 0.533842981
vt 0.206678003 0.492614985
vt 0.258354008 0.490774035
vt 0.206678003 0.492614985
vt 0.258446991 0.533842981
vt 0.207439005 0.531753004
vt 0.418832004 0.257534027
vt 0.467204005 0.296949029
vt 0.414837003 0.277191043
vt 0.467204005 0.296949029
vt 0.396023989 0.300641000
vt 0.414837003 0.277191043
vt 0.132037997 0.024353027
vt 0.113333002 0.065150976
vt 0.115489997 0.024361014
vt 0.113333002 0.065150976
vt 0.132037997 0.024353027
vt 0.134340003 0.066430986
vt 0.134340003 0.066430986
vt 0.114325002 0.117033005
vt 0.113333002 0.065150976
vt 0.114325002 0.117033005
vt 0.134340003 0.066430986
vt 0.139239997 0.111948013
vt 0.114325002 0.117033005
vt 0.139239997 0.111948013
vt 0.133450001 0.170342982
vt 0.108273000 0.161409974
vt 0.100873999 0.115993977
vt 0.114325002 0.117033005
vt 0.347535014 0.490355968
vt 0.329925001 0.445484996
vt 0.351370007 0.437633991
vt 0.298579007 0.329308033
vt 0.307188988 0.310135007
vt 0.321146011 0.348260999
vt 0.351370007 0.437633991
vt 0.303761005 0.383486986
vt 0.339313000 0.378998041
vt 0.303761005 0.383486986
vt 0.351370007 0.437633991
vt 0.329925001 0.445484996
vt 0.329925001 0.445484996
vt 0.347535014 0.490355968
vt 0.258354008 0.490774035
vt 0.207821995 0.254350007
vt 0.247668996 0.240095973
vt 0.258242011 0.289667010
vt 0.266297996 0.387537003
vt 0.207487002 0.341719031
vt 0.267351002 0.332749009
vt 0.207487002 0.341719031
vt 0.266297996 0.387537003
vt 0.207056001 0.388496041
vt 0.267351002 0.332749009
vt 0.303761005 0.383486986
vt 0.266297996 0.387537003
vt 0.303761005 0.383486986
vt 0.267351002 0.332749009
vt 0.298579007 0.329308033
vt 0.303761005 0.383486986
vt 0.321146011 0.348260999
vt 0.339313000 0.378998041
vt 0.321146011 0.348260999
vt 0.303761005 0.383486986
vt 0.298579007 0.329308033
vt 0.321146011 0.348260999
vt 0.352191001 0.384287000
vt 0.339313000 0.378998041
vt 0.352191001 0.384287000
vt 0.321146011 0.348260999
vt 0.356211007 0.361407995
vt 0.356211007 0.361407995
vt 0.378015012 0.395148993
vt 0.352191001 0.384287000
vt 0.378015012 0.395148993
vt 0.356211007 0.361407995
vt 0.373277992 0.363389015
vt 0.391359001 0.390578985
vt 0.373277992 0.363389015
vt 0.389115006 0.356135011
vt 0.373277992 0.363389015
vt 0.391359001 0.390578985
vt 0.378015012 0.395148993
vt 0.442321002 0.388221025
vt 0.500000000 0.421841025
vt 0.442030013 0.421974003
vt 0.500000000 0.421841025
vt 0.442321002 0.388221025
vt 0.500000000 0.388388038
vt 0.442030013 0.421974003
vt 0.391359001 0.390578985
vt 0.442321002 0.388221025
vt 0.391359001 0.390578985
vt 0.442030013 0.421974003
vt 0.397870004 0.430189013
vt 0.457237005 0.342918038
vt 0.392807007 0.314764977
vt 0.464455009 0.312301040
vt 0.392807007 0.314764977
vt 0.457237005 0.342918038
vt 0.389115006 0.356135011
vt 0.157878995 0.035984993
vt 0.145371005 0.084885001
vt 0.143257007 0.024578989
vt 0.145371005 0.084885001
vt 0.157878995 0.035984993
vt 0.156769007 0.111030996
vt 0.145371005 0.084885001
vt 0.156769007 0.111030996
vt 0.139239997 0.111948013
vt 0.087415002 0.119895995
vt 0.076572001 0.084110022
vt 0.089749001 0.082895994
vt 0.076572001 0.084110022
vt 0.087415002 0.119895995
vt 0.074014999 0.112119019
vt 0.500000000 0.345978975
vt 0.457237005 0.342918038
vt 0.464455009 0.312301040
vt 0.207278997 0.437319040
vt 0.258354008 0.490774035
vt 0.206678003 0.492614985
vt 0.258354008 0.490774035
vt 0.207278997 0.437319040
vt 0.262950987 0.443035960
vt 0.207821995 0.254350007
vt 0.258242011 0.289667010
vt 0.208268002 0.286002040
vt 0.499976993 0.485785961
vt 0.457405001 0.531789005
vt 0.448264986 0.483642995
vt 0.457405001 0.531789005
vt 0.499976993 0.485785961
vt 0.500000000 0.531428993
vt 0.068429001 0.051310003
vt 0.070969000 0.061758995
vt 0.076572001 0.084110022
vt 0.091627002 0.350187004
vt 0.134295002 0.355179012
vt 0.150214002 0.355962992
vt 0.134295002 0.355179012
vt 0.091627002 0.350187004
vt 0.112695001 0.351606965
vt 0.862178028 0.355179012
vt 0.904846013 0.350187004
vt 0.846258998 0.355962992
vt 0.904846013 0.350187004
vt 0.862178028 0.355179012
vt 0.883777976 0.351606965
vt 0.319858015 0.483940959
vt 0.205568001 0.473351955
vt 0.254330993 0.477364004
vt 0.376538992 0.479210973
vt 0.205568001 0.473351955
vt 0.319858015 0.483940959
vt 0.421541989 0.470551014
vt 0.205568001 0.473351955
vt 0.376538992 0.479210973
vt 0.459262997 0.473273993
vt 0.205568001 0.473351955
vt 0.421541989 0.470551014
vt 0.498236001 0.476410031
vt 0.205568001 0.473351955
vt 0.459262997 0.473273993
vt 0.790903986 0.473351955
vt 0.676615000 0.483940959
vt 0.742142022 0.477364004
vt 0.790903986 0.473351955
vt 0.619934022 0.479210973
vt 0.676615000 0.483940959
vt 0.790903986 0.473351955
vt 0.574931026 0.470551014
vt 0.619934022 0.479210973
vt 0.790903986 0.473351955
vt 0.537209988 0.473273993
vt 0.574931026 0.470551014
vt 0.498236001 0.476410031
vt 0.537209988 0.473273993
vt 0.790903986 0.473351955
vt 0.207821995 0.254350007
vt 0.229282007 0.259953976
vt 0.247668996 0.240095973
vt 0.247668996 0.240095973
vt 0.263552010 0.246096969
vt 0.274280995 0.226604998
vt 0.418832004 0.257534027
vt 0.430368990 0.284291983
vt 0.467204005 0.296949029
vt 0.467204005 0.296949029
vt 0.470382005 0.329998016
vt 0.500000000 0.345978975
vt 0.752331018 0.240095973
vt 0.764449000 0.263674974
vt 0.791822016 0.254308999
vt 0.725718975 0.226604998
vt 0.728157997 0.255044997
vt 0.752331018 0.240095973
vt 0.534528017 0.296684980
vt 0.565195978 0.285703003
vt 0.581167996 0.257534027
vt 0.500000000 0.345978975
vt 0.526955009 0.326691985
vt 0.534528017 0.296684980
vn -0.261484847 0.834721137 -0.484630064
vn -0.091530059 0.924663681 -0.369620515
vn -0.742790031 0.497727195 -0.447806442
vn -0.091530059 0.924663681 -0.369620515
vn -0.261484847 0.834721137 -0.484630064
vn 0.106965404 0.979599014 -0.170129874
vn 0.564559920 0.792324992 -0.231285977
vn 0.356345749 0.932952636 -0.051157471
vn 0.096576155 0.958818862 -0.267094434
vn 0.356345749 0.932952636 -0.051157471
vn 0.564559920 0.792324992 -0.231285977
vn 0.781000508 0.617559169 -0.093053102
vn -0.515813203 0.181119998 -0.837336423
vn -0.012455294 -0.664371497 -0.747298722
vn -0.230408894 -0.039167685 -0.972305319
vn -0.012455294 -0.664371497 -0.747298722
vn -0.515813203 0.181119998 -0.837336423
vn -0.050087121 -0.859219665 -0.509149141
vn 0.785050168 -0.559220812 -0.266398793
vn 0.154323417 -0.987184142 -0.040641771
vn 0.161193533 -0.970052775 -0.181698266
vn 0.154323417 -0.987184142 -0.040641771
vn 0.785050168 -0.559220812 -0.266398793
vn 0.874439885 -0.477360585 -0.086497163
vn 0.957841280 0.253461553 -0.135267601
vn 0.785050168 -0.559220812 -0.266398793
vn 0.974895867 0.070281345 -0.211278443
vn 0.785050168 -0.559220812 -0.266398793
vn 0.957841280 0.253461553 -0.135267601
vn 0.874439885 -0.477360585 -0.086497163
vn 0.559662391 0.826501673 -0.060605225
vn 0.552670697 0.392744613 0.735055624
vn 0.393480589 0.507610405 0.766488554
vn 0.552670697 0.392744613 0.735055624
vn 0.559662391 0.826501673 -0.060605225
vn 0.957841280 0.253461553 -0.135267601
vn 0.096576155 0.958818862 -0.267094434
vn -0.028584249 0.996939104 -0.072769254
vn -0.240452583 0.791934339 -0.561268703
vn -0.028584249 0.996939104 -0.072769254
vn 0.096576155 0.958818862 -0.267094434
vn 0.356345749 0.932952636 -0.051157471
vn 0.161193533 -0.970052775 -0.181698266
vn -0.193356317 -0.979590372 -0.054918471
vn -0.217779821 -0.971879060 -0.089571435
vn -0.193356317 -0.979590372 -0.054918471
vn 0.161193533 -0.970052775 -0.181698266
vn 0.154323417 -0.987184142 -0.040641771
vn 0.180415622 -0.980103930 -0.082743515
vn -0.027562765 -0.999512743 -0.014648240
vn -0.085223770 -0.995632124 -0.038125867
vn -0.027562765 -0.999512743 -0.014648240
vn 0.180415622 -0.980103930 -0.082743515
vn 0.209655288 -0.969164417 -0.129479699
vn 0.161193533 -0.970052775 -0.181698266
vn 0.614366428 -0.575148962 0.540145874
vn 0.785050168 -0.559220812 -0.266398793
vn 0.614366428 -0.575148962 0.540145874
vn 0.161193533 -0.970052775 -0.181698266
vn -0.002902395 -0.999067162 0.043085759
vn 0.785050168 -0.559220812 -0.266398793
vn 0.520158940 0.180479719 0.834782456
vn 0.974895867 0.070281345 -0.211278443
vn 0.520158940 0.180479719 0.834782456
vn 0.785050168 -0.559220812 -0.266398793
vn 0.614366428 -0.575148962 0.540145874
vn 0.299149699 -0.950148255 -0.087907630
vn 0.592656108 -0.800741567 -0.087015406
vn 0.180415622 -0.980103930 -0.082743515
vn 0.993174819 -0.103534221 -0.053707026
vn 0.975645284 0.218496104 -0.019383797
vn 0.935130372 0.351876394 -0.041402795
vn 0.975645284 0.218496104 -0.019383797
vn 0.993174819 -0.103534221 -0.053707026
vn 0.917883973 -0.395860148 -0.027995648
vn 0.975645284 0.218496104 -0.019383797
vn 0.593386745 0.804868328 0.008896389
vn 0.935130372 0.351876394 -0.041402795
vn 0.593386745 0.804868328 0.008896389
vn 0.975645284 0.218496104 -0.019383797
vn 0.568187597 0.822588545 0.022603988
vn 0.094510910 0.989126766 0.112676209
vn 0.568187597 0.822588545 0.022603988
vn 0.146903790 0.987434206 0.058249170
vn 0.568187597 0.822588545 0.022603988
vn 0.094510910 0.989126766 0.112676209
vn 0.593386745 0.804868328 0.008896389
vn 0.450384381 0.885704379 0.112612885
vn 0.717874850 0.692512467 0.071289428
vn 0.316340272 0.464783372 0.826985641
vn 0.717874850 0.692512467 0.071289428
vn 0.956160909 0.082404798 0.281008478
vn 0.084401870 -0.136974461 0.986972300
vn 0.956160909 0.082404798 0.281008478
vn 0.717874850 0.692512467 0.071289428
vn 0.676144545 -0.139785039 -0.723386962
vn -0.453044305 -0.479589478 0.751495037
vn 0.084401870 -0.136974461 0.986972300
vn -0.258907096 -0.965697375 0.019892122
vn 0.084401870 -0.136974461 0.986972300
vn 0.029996773 -0.934216510 0.355442971
vn -0.258907096 -0.965697375 0.019892122
vn 0.029996773 -0.934216510 0.355442971
vn 0.084401870 -0.136974461 0.986972300
vn 0.956160909 0.082404798 0.281008478
vn -0.550713664 -0.599363922 -0.580928007
vn 0.096521122 -0.238014985 -0.966453589
vn -0.192184416 -0.296999192 -0.935337709
vn -0.550713664 -0.599363922 -0.580928007
vn -0.258907096 -0.965697375 0.019892122
vn 0.096521122 -0.238014985 -0.966453589
vn -0.550713664 -0.599363922 -0.580928007
vn -0.453044305 -0.479589478 0.751495037
vn -0.258907096 -0.965697375 0.019892122
vn -0.258907096 -0.965697375 0.019892122
vn 0.449458702 -0.718437519 -0.530880784
vn 0.096521122 -0.238014985 -0.966453589
vn 0.449458702 -0.718437519 -0.530880784
vn -0.258907096 -0.965697375 0.019892122
vn 0.029996773 -0.934216510 0.355442971
vn 0.260794942 0.491083740 -0.831157481
vn 0.096521122 -0.238014985 -0.966453589
vn 0.717874850 0.692512467 0.071289428
vn 0.096521122 -0.238014985 -0.966453589
vn 0.676144545 -0.139785039 -0.723386962
vn 0.717874850 0.692512467 0.071289428
vn 0.676144545 -0.139785039 -0.723386962
vn 0.096521122 -0.238014985 -0.966453589
vn 0.449458702 -0.718437519 -0.530880784
vn -0.331557486 0.144961355 -0.932231644
vn -0.863753807 -0.448037957 0.230632498
vn -0.688776877 -0.659627117 0.300796409
vn -0.863753807 -0.448037957 0.230632498
vn -0.331557486 0.144961355 -0.932231644
vn -0.054425501 0.526947517 -0.848153394
vn -0.054425501 0.526947517 -0.848153394
vn -0.972484812 0.160057777 0.169277285
vn -0.863753807 -0.448037957 0.230632498
vn -0.972484812 0.160057777 0.169277285
vn -0.054425501 0.526947517 -0.848153394
vn -0.120016576 0.935468554 -0.332407288
vn -0.688776877 -0.659627117 0.300796409
vn 0.013978382 -0.286484867 0.957982790
vn 0.512956929 -0.402770660 0.758057375
vn 0.013978382 -0.286484867 0.957982790
vn -0.688776877 -0.659627117 0.300796409
vn -0.863753807 -0.448037957 0.230632498
vn -0.863753807 -0.448037957 0.230632498
vn -0.316811333 0.202610088 0.926595776
vn 0.013978382 -0.286484867 0.957982790
vn -0.316811333 0.202610088 0.926595776
vn -0.863753807 -0.448037957 0.230632498
vn -0.972484812 0.160057777 0.169277285
vn 0.512956929 -0.402770660 0.758057375
vn 0.832397288 0.535749992 -0.141727557
vn 0.840694479 0.403664355 -0.360954128
vn 0.832397288 0.535749992 -0.141727557
vn 0.512956929 -0.402770660 0.758057375
vn 0.013978382 -0.286484867 0.957982790
vn 0.013978382 -0.286484867 0.957982790
vn 0.589808432 0.785145686 0.188871028
vn 0.832397288 0.535749992 -0.141727557
vn 0.589808432 0.785145686 0.188871028
vn 0.013978382 -0.286484867 0.957982790
vn -0.316811333 0.202610088 0.926595776
vn 0.840694479 0.403664355 -0.360954128
vn -0.054425501 0.526947517 -0.848153394
vn -0.331557486 0.144961355 -0.932231644
vn -0.054425501 0.526947517 -0.848153394
vn 0.840694479 0.403664355 -0.360954128
vn 0.832397288 0.535749992 -0.141727557
vn 0.832397288 0.535749992 -0.141727557
vn -0.120016576 0.935468554 -0.332407288
vn -0.054425501 0.526947517 -0.848153394
vn -0.120016576 0.935468554 -0.332407288
vn 0.832397288 0.535749992 -0.141727557
vn 0.589808432 0.785145686 0.188871028
vn 0.449458702 -0.718437519 -0.530880784
vn -0.331557486 0.144961355 -0.932231644
vn 0.676144545 -0.139785039 -0.723386962
vn -0.331557486 0.144961355 -0.932231644
vn 0.449458702 -0.718437519 -0.530880784
vn 0.840694479 0.403664355 -0.360954128
vn 0.676144545 -0.139785039 -0.723386962
vn -0.688776877 -0.659627117 0.300796409
vn 0.956160909 0.082404798 0.281008478
vn -0.688776877 -0.659627117 0.300796409
vn 0.676144545 -0.139785039 -0.723386962
vn -0.331557486 0.144961355 -0.932231644
vn 0.029996773 -0.934216510 0.355442971
vn -0.688776877 -0.659627117 0.300796409
vn 0.512956929 -0.402770660 0.758057375
vn -0.688776877 -0.659627117 0.300796409
vn 0.029996773 -0.934216510 0.355442971
vn 0.956160909 0.082404798 0.281008478
vn 0.512956929 -0.402770660 0.758057375
vn 0.449458702 -0.718437519 -0.530880784
vn 0.029996773 -0.934216510 0.355442971
vn 0.449458702 -0.718437519 -0.530880784
vn 0.512956929 -0.402770660 0.758057375
vn 0.840694479 0.403664355 -0.360954128
vn -0.113505946 -0.089669963 -0.989482540
vn 0.260794942 0.491083740 -0.831157481
vn -0.172601511 0.419518925 -0.891186058
vn 0.260794942 0.491083740 -0.831157481
vn -0.113505946 -0.089669963 -0.989482540
vn -0.192184416 -0.296999192 -0.935337709
vn -0.172601511 0.419518925 -0.891186058
vn -0.230408894 -0.039167685 -0.972305319
vn -0.113505946 -0.089669963 -0.989482540
vn -0.230408894 -0.039167685 -0.972305319
vn -0.172601511 0.419518925 -0.891186058
vn -0.280165685 0.600907113 -0.748610600
vn 0.592656108 -0.800741567 -0.087015406
vn 0.209655288 -0.969164417 -0.129479699
vn 0.180415622 -0.980103930 -0.082743515
vn 0.209655288 -0.969164417 -0.129479699
vn 0.592656108 -0.800741567 -0.087015406
vn 0.619592768 -0.751991286 -0.224975348
vn -0.230408894 -0.039167685 -0.972305319
vn -0.755451746 0.364765098 -0.544278498
vn -0.515813203 0.181119998 -0.837336423
vn 0.133065050 0.890915007 -0.434239729
vn 0.106965404 0.979599014 -0.170129874
vn -0.261484847 0.834721137 -0.484630064
vn 0.106965404 0.979599014 -0.170129874
vn 0.133065050 0.890915007 -0.434239729
vn 0.478295440 0.847966441 0.228443401
vn 0.450384381 0.885704379 0.112612885
vn 0.478295440 0.847966441 0.228443401
vn 0.133065050 0.890915007 -0.434239729
vn 0.360642576 -0.841769875 -0.401696913
vn -0.050087121 -0.859219665 -0.509149141
vn 0.142830969 -0.936104257 -0.321415827
vn 0.360642576 -0.841769875 -0.401696913
vn -0.012455294 -0.664371497 -0.747298722
vn -0.050087121 -0.859219665 -0.509149141
vn 0.360642576 -0.841769875 -0.401696913
vn 0.082283638 -0.866306280 -0.492689387
vn -0.012455294 -0.664371497 -0.747298722
vn -0.074747718 -0.961842673 -0.263194702
vn -0.050087121 -0.859219665 -0.509149141
vn -0.144253056 -0.878232324 -0.455959473
vn -0.050087121 -0.859219665 -0.509149141
vn -0.074747718 -0.961842673 -0.263194702
vn 0.142830969 -0.936104257 -0.321415827
vn -0.113505946 -0.089669963 -0.989482540
vn -0.230408894 -0.039167685 -0.972305319
vn -0.012455294 -0.664371497 -0.747298722
vn -0.192184416 -0.296999192 -0.935337709
vn 0.082283638 -0.866306280 -0.492689387
vn -0.550713664 -0.599363922 -0.580928007
vn -0.192184416 -0.296999192 -0.935337709
vn -0.012455294 -0.664371497 -0.747298722
vn 0.082283638 -0.866306280 -0.492689387
vn -0.192184416 -0.296999192 -0.935337709
vn -0.113505946 -0.089669963 -0.989482540
vn -0.012455294 -0.664371497 -0.747298722
vn 0.567479160 0.353892231 -0.743456584
vn -0.453044305 -0.479589478 0.751495037
vn 0.817229638 0.055939497 -0.573590874
vn -0.453044305 -0.479589478 0.751495037
vn 0.567479160 0.353892231 -0.743456584
vn 0.316340272 0.464783372 0.826985641
vn 0.935130372 0.351876394 -0.041402795
vn 0.961247058 0.092036624 -0.259871803
vn 0.993174819 -0.103534221 -0.053707026
vn 0.961247058 0.092036624 -0.259871803
vn 0.935130372 0.351876394 -0.041402795
vn 0.947249189 0.152873217 -0.281689107
vn 0.564559920 0.792324992 -0.231285977
vn 0.316340272 0.464783372 0.826985641
vn 0.567479160 0.353892231 -0.743456584
vn 0.781000508 0.617559169 -0.093053102
vn 0.947249189 0.152873217 -0.281689107
vn 0.935130372 0.351876394 -0.041402795
vn 0.961247058 0.092036624 -0.259871803
vn 0.929223950 -0.217039996 -0.299059345
vn 0.993174819 -0.103534221 -0.053707026
vn 0.957841280 0.253461553 -0.135267601
vn 0.974895867 0.070281345 -0.211278443
vn 0.552670697 0.392744613 0.735055624
vn 0.974895867 0.070281345 -0.211278443
vn 0.520158940 0.180479719 0.834782456
vn 0.552670697 0.392744613 0.735055624
vn -0.755451746 0.364765098 -0.544278498
vn -0.230408894 -0.039167685 -0.972305319
vn -0.280165685 0.600907113 -0.748610600
vn -0.091530059 0.924663681 -0.369620515
vn -0.240452583 0.791934339 -0.561268703
vn -0.742790031 0.497727195 -0.447806442
vn 0.393480589 0.507610405 0.766488554
vn 0.208582987 0.964423704 -0.162419385
vn 0.559662391 0.826501673 -0.060605225
vn 0.208582987 0.964423704 -0.162419385
vn 0.393480589 0.507610405 0.766488554
vn 0.120910916 0.462918834 0.878115427
vn -0.217779821 -0.971879060 -0.089571435
vn -0.002902395 -0.999067162 0.043085759
vn 0.161193533 -0.970052775 -0.181698266
vn -0.002902395 -0.999067162 0.043085759
vn -0.217779821 -0.971879060 -0.089571435
vn 0.032191493 0.130297631 0.990952186
vn 0.084401870 -0.136974461 0.986972300
vn -0.453044305 -0.479589478 0.751495037
vn 0.316340272 0.464783372 0.826985641
vn 0.316340272 0.464783372 0.826985641
vn 0.717874850 0.692512467 0.071289428
vn 0.084401870 -0.136974461 0.986972300
vn 0.568187597 0.822588545 0.022603988
vn 0.957841280 0.253461553 -0.135267601
vn 0.559662391 0.826501673 -0.060605225
vn 0.957841280 0.253461553 -0.135267601
vn 0.568187597 0.822588545 0.022603988
vn 0.975645284 0.218496104 -0.019383797
vn 0.975645284 0.218496104 -0.019383797
vn 0.874439885 -0.477360585 -0.086497163
vn 0.957841280 0.253461553 -0.135267601
vn 0.874439885 -0.477360585 -0.086497163
vn 0.975645284 0.218496104 -0.019383797
vn 0.917883973 -0.395860148 -0.027995648
vn 0.874439885 -0.477360585 -0.086497163
vn 0.299149699 -0.950148255 -0.087907630
vn 0.154323417 -0.987184142 -0.040641771
vn 0.299149699 -0.950148255 -0.087907630
vn 0.874439885 -0.477360585 -0.086497163
vn 0.917883973 -0.395860148 -0.027995648
vn 0.154323417 -0.987184142 -0.040641771
vn -0.144795291 -0.988621989 -0.040753979
vn -0.193356317 -0.979590372 -0.054918471
vn -0.144795291 -0.988621989 -0.040753979
vn 0.154323417 -0.987184142 -0.040641771
vn 0.299149699 -0.950148255 -0.087907630
vn -0.755451746 0.364765098 -0.544278498
vn -0.280165685 0.600907113 -0.748610600
vn -0.742790031 0.497727195 -0.447806442
vn -0.742790031 0.497727195 -0.447806442
vn -0.280165685 0.600907113 -0.748610600
vn -0.261484847 0.834721137 -0.484630064
vn -0.261484847 0.834721137 -0.484630064
vn -0.172601511 0.419518925 -0.891186058
vn 0.133065050 0.890915007 -0.434239729
vn -0.172601511 0.419518925 -0.891186058
vn -0.261484847 0.834721137 -0.484630064
vn -0.280165685 0.600907113 -0.748610600
vn 0.133065050 0.890915007 -0.434239729
vn 0.260794942 0.491083740 -0.831157481
vn 0.450384381 0.885704379 0.112612885
vn 0.260794942 0.491083740 -0.831157481
vn 0.133065050 0.890915007 -0.434239729
vn -0.172601511 0.419518925 -0.891186058
vn 0.260794942 0.491083740 -0.831157481
vn 0.717874850 0.692512467 0.071289428
vn 0.450384381 0.885704379 0.112612885
vn 0.096521122 -0.238014985 -0.966453589
vn 0.260794942 0.491083740 -0.831157481
vn -0.192184416 -0.296999192 -0.935337709
vn 0.917883973 -0.395860148 -0.027995648
vn 0.993174819 -0.103534221 -0.053707026
vn 0.592656108 -0.800741567 -0.087015406
vn 0.360642576 -0.841769875 -0.401696913
vn 0.817229638 0.055939497 -0.573590874
vn 0.082283638 -0.866306280 -0.492689387
vn 0.993174819 -0.103534221 -0.053707026
vn 0.619592768 -0.751991286 -0.224975348
vn 0.592656108 -0.800741567 -0.087015406
vn 0.619592768 -0.751991286 -0.224975348
vn 0.993174819 -0.103534221 -0.053707026
vn 0.929223950 -0.217039996 -0.299059345
vn 0.592656108 -0.800741567 -0.087015406
vn 0.299149699 -0.950148255 -0.087907630
vn 0.917883973 -0.395860148 -0.027995648
vn -0.353215371 0.000063049 -0.935542034
vn -0.050087121 -0.859219665 -0.509149141
vn -0.515813203 0.181119998 -0.837336423
vn 0.209655288 -0.969164417 -0.129479699
vn -0.074747718 -0.961842673 -0.263194702
vn -0.027562765 -0.999512743 -0.014648240
vn -0.074747718 -0.961842673 -0.263194702
vn 0.209655288 -0.969164417 -0.129479699
vn 0.142830969 -0.936104257 -0.321415827
vn 0.142830969 -0.936104257 -0.321415827
vn 0.619592768 -0.751991286 -0.224975348
vn 0.360642576 -0.841769875 -0.401696913
vn 0.619592768 -0.751991286 -0.224975348
vn 0.142830969 -0.936104257 -0.321415827
vn 0.209655288 -0.969164417 -0.129479699
vn 0.619592768 -0.751991286 -0.224975348
vn 0.817229638 0.055939497 -0.573590874
vn 0.360642576 -0.841769875 -0.401696913
vn 0.817229638 0.055939497 -0.573590874
vn 0.619592768 -0.751991286 -0.224975348
vn 0.929223950 -0.217039996 -0.299059345
vn 0.817229638 0.055939497 -0.573590874
vn 0.961247058 0.092036624 -0.259871803
vn 0.916999176 0.081139025 -0.390549573
vn 0.961247058 0.092036624 -0.259871803
vn 0.817229638 0.055939497 -0.573590874
vn 0.929223950 -0.217039996 -0.299059345
vn 0.916999176 0.081139025 -0.390549573
vn 0.947249189 0.152873217 -0.281689107
vn 0.567479160 0.353892231 -0.743456584
vn 0.947249189 0.152873217 -0.281689107
vn 0.916999176 0.081139025 -0.390549573
vn 0.961247058 0.092036624 -0.259871803
vn 0.781000508 0.617559169 -0.093053102
vn 0.567479160 0.353892231 -0.743456584
vn 0.947249189 0.152873217 -0.281689107
vn 0.567479160 0.353892231 -0.743456584
vn 0.781000508 0.617559169 -0.093053102
vn 0.564559920 0.792324992 -0.231285977
vn 0.356345749 0.932952636 -0.051157471
vn 0.094510910 0.989126766 0.112676209
vn -0.028584249 0.996939104 -0.072769254
vn 0.094510910 0.989126766 0.112676209
vn 0.356345749 0.932952636 -0.051157471
vn 0.593386745 0.804868328 0.008896389
vn 0.593386745 0.804868328 0.008896389
vn 0.781000508 0.617559169 -0.093053102
vn 0.935130372 0.351876394 -0.041402795
vn 0.781000508 0.617559169 -0.093053102
vn 0.593386745 0.804868328 0.008896389
vn 0.356345749 0.932952636 -0.051157471
vn 0.096576155 0.958818862 -0.267094434
vn 0.106965404 0.979599014 -0.170129874
vn 0.564559920 0.792324992 -0.231285977
vn 0.106965404 0.979599014 -0.170129874
vn 0.096576155 0.958818862 -0.267094434
vn -0.091530059 0.924663681 -0.369620515
vn 0.564559920 0.792324992 -0.231285977
vn 0.478295440 0.847966441 0.228443401
vn 0.316340272 0.464783372 0.826985641
vn 0.478295440 0.847966441 0.228443401
vn 0.564559920 0.792324992 -0.231285977
vn 0.106965404 0.979599014 -0.170129874
vn 0.478295440 0.847966441 0.228443401
vn 0.450384381 0.885704379 0.112612885
vn 0.316340272 0.464783372 0.826985641
vn -0.550713664 -0.599363922 -0.580928007
vn 0.817229638 0.055939497 -0.573590874
vn -0.453044305 -0.479589478 0.751495037
vn 0.817229638 0.055939497 -0.573590874
vn -0.550713664 -0.599363922 -0.580928007
vn 0.082283638 -0.866306280 -0.492689387
vn 0.096576155 0.958818862 -0.267094434
vn -0.240452583 0.791934339 -0.561268703
vn -0.091530059 0.924663681 -0.369620515
vn -0.085223770 -0.995632124 -0.038125867
vn 0.299149699 -0.950148255 -0.087907630
vn 0.180415622 -0.980103930 -0.082743515
vn 0.299149699 -0.950148255 -0.087907630
vn -0.085223770 -0.995632124 -0.038125867
vn -0.144795291 -0.988621989 -0.040753979
vn -0.353215371 0.000063049 -0.935542034
vn -0.144253056 -0.878232324 -0.455959473
vn -0.050087121 -0.859219665 -0.509149141
vn 0.559662391 0.826501673 -0.060605225
vn 0.146903790 0.987434206 0.058249170
vn 0.568187597 0.822588545 0.022603988
vn 0.146903790 0.987434206 0.058249170
vn 0.559662391 0.826501673 -0.060605225
vn 0.208582987 0.964423704 -0.162419385
vn 0.567479160 0.353892231 -0.743456584
vn 0.817229638 0.055939497 -0.573590874
vn 0.916999176 0.081139025 -0.390549573
vn -0.496173372 0.755330600 -0.428121093
vn -0.386917773 0.880663346 -0.273361864
vn -0.567417148 0.813707342 -0.126167119
vn -0.386917773 0.880663346 -0.273361864
vn -0.496173372 0.755330600 -0.428121093
vn 0.099800310 0.575032526 -0.812020623
vn -0.692969035 0.704430236 0.153531627
vn -0.302213175 0.941781791 0.147357573
vn -0.636595847 0.638186719 0.432970484
vn -0.302213175 0.941781791 0.147357573
vn -0.692969035 0.704430236 0.153531627
vn -0.362659651 0.914008729 -0.181840650
vn -0.168133999 0.269649174 -0.948166800
vn -0.158365467 -0.866938815 -0.472585940
vn -0.226508035 -0.872375840 -0.433191072
vn -0.158365467 -0.866938815 -0.472585940
vn -0.168133999 0.269649174 -0.948166800
vn -0.485630928 -0.034054300 -0.873500375
vn -0.923979910 -0.197971201 -0.327213279
vn -0.472236310 -0.881434618 0.008116734
vn -0.981953543 -0.187225482 0.026718113
vn -0.472236310 -0.881434618 0.008116734
vn -0.923979910 -0.197971201 -0.327213279
vn -0.534751101 -0.829547346 -0.160911344
vn -0.814756069 0.558764957 -0.154771675
vn -0.923979910 -0.197971201 -0.327213279
vn -0.981953543 -0.187225482 0.026718113
vn -0.923979910 -0.197971201 -0.327213279
vn -0.814756069 0.558764957 -0.154771675
vn -0.879709160 0.349886848 -0.322010849
vn -0.244774122 0.959798931 -0.137374092
vn -0.391296646 0.565852283 0.725739712
vn -0.814756069 0.558764957 -0.154771675
vn -0.391296646 0.565852283 0.725739712
vn -0.244774122 0.959798931 -0.137374092
vn -0.144208437 0.604441540 0.783488578
vn -0.362659651 0.914008729 -0.181840650
vn -0.028584249 0.996939104 -0.072769254
vn -0.302213175 0.941781791 0.147357573
vn -0.028584249 0.996939104 -0.072769254
vn -0.362659651 0.914008729 -0.181840650
vn -0.240452583 0.791934339 -0.561268703
vn -0.534751101 -0.829547346 -0.160911344
vn -0.193356317 -0.979590372 -0.054918471
vn -0.472236310 -0.881434618 0.008116734
vn -0.193356317 -0.979590372 -0.054918471
vn -0.534751101 -0.829547346 -0.160911344
vn -0.217779821 -0.971879060 -0.089571435
vn -0.261542437 -0.960818845 0.091775275
vn -0.027562765 -0.999512743 -0.014648240
vn -0.232979819 -0.967741035 0.095904602
vn -0.027562765 -0.999512743 -0.014648240
vn -0.261542437 -0.960818845 0.091775275
vn -0.085223770 -0.995632124 -0.038125867
vn -0.534751101 -0.829547346 -0.160911344
vn -0.770770820 -0.281860365 0.571372977
vn -0.415809016 -0.908173059 0.048213656
vn -0.770770820 -0.281860365 0.571372977
vn -0.534751101 -0.829547346 -0.160911344
vn -0.923979910 -0.197971201 -0.327213279
vn -0.923979910 -0.197971201 -0.327213279
vn -0.412791193 0.368305060 0.833039503
vn -0.770770820 -0.281860365 0.571372977
vn -0.412791193 0.368305060 0.833039503
vn -0.923979910 -0.197971201 -0.327213279
vn -0.879709160 0.349886848 -0.322010849
vn -0.507858028 -0.858222690 0.074391114
vn -0.261542437 -0.960818845 0.091775275
vn -0.633043276 -0.704242234 0.321401754
vn -0.876331883 0.044885546 0.479612049
vn -0.841088272 0.461624360 0.281910390
vn -0.945536677 -0.168440070 0.278546826
vn -0.841088272 0.461624360 0.281910390
vn -0.876331883 0.044885546 0.479612049
vn -0.764128453 0.449784223 0.462387132
vn -0.841088272 0.461624360 0.281910390
vn -0.411287478 0.878017475 0.244801805
vn -0.312100672 0.943880404 0.108087711
vn -0.411287478 0.878017475 0.244801805
vn -0.841088272 0.461624360 0.281910390
vn -0.764128453 0.449784223 0.462387132
vn 0.094510910 0.989126766 0.112676209
vn -0.312100672 0.943880404 0.108087711
vn -0.411287478 0.878017475 0.244801805
vn -0.312100672 0.943880404 0.108087711
vn 0.094510910 0.989126766 0.112676209
vn 0.146903790 0.987434206 0.058249170
vn -0.162727045 0.986657450 0.005194781
vn -0.027503677 0.606183061 0.794849447
vn -0.248319925 0.958178289 -0.142237763
vn -0.248319925 0.958178289 -0.142237763
vn 0.160413895 0.620791803 0.767388376
vn -0.259099485 0.814980703 -0.518337641
vn 0.160413895 0.620791803 0.767388376
vn -0.248319925 0.958178289 -0.142237763
vn 0.240648028 0.133309749 0.961414082
vn 0.344166016 -0.399724797 0.849570386
vn 0.100169420 -0.949415533 0.297617594
vn 0.240648028 0.133309749 0.961414082
vn 0.240648028 0.133309749 0.961414082
vn 0.268247785 -0.685792163 0.676559114
vn 0.160413895 0.620791803 0.767388376
vn 0.268247785 -0.685792163 0.676559114
vn 0.240648028 0.133309749 0.961414082
vn 0.100169420 -0.949415533 0.297617594
vn 0.251509820 -0.895793885 -0.366464360
vn 0.100169420 -0.949415533 0.297617594
vn 0.344166016 -0.399724797 0.849570386
vn 0.251509820 -0.895793885 -0.366464360
vn -0.338560250 -0.289428109 -0.895325822
vn 0.100169420 -0.949415533 0.297617594
vn 0.251509820 -0.895793885 -0.366464360
vn 0.039292741 -0.649846989 -0.759048728
vn -0.338560250 -0.289428109 -0.895325822
vn 0.100169420 -0.949415533 0.297617594
vn -0.242710936 -0.607776519 -0.756107866
vn 0.268247785 -0.685792163 0.676559114
vn -0.242710936 -0.607776519 -0.756107866
vn 0.100169420 -0.949415533 0.297617594
vn -0.338560250 -0.289428109 -0.895325822
vn -0.391162345 0.311945460 -0.865841816
vn -0.248319925 0.958178289 -0.142237763
vn -0.338560250 -0.289428109 -0.895325822
vn -0.338560250 -0.289428109 -0.895325822
vn -0.259099485 0.814980703 -0.518337641
vn -0.242710936 -0.607776519 -0.756107866
vn -0.259099485 0.814980703 -0.518337641
vn -0.338560250 -0.289428109 -0.895325822
vn -0.248319925 0.958178289 -0.142237763
vn -0.132853792 0.920179076 -0.368266667
vn 0.292336548 0.252774009 0.922303986
vn -0.382281406 0.763170314 -0.520991361
vn 0.292336548 0.252774009 0.922303986
vn -0.132853792 0.920179076 -0.368266667
vn 0.307348213 0.142387560 0.940884084
vn -0.382281406 0.763170314 -0.520991361
vn -0.198399414 0.416334863 0.887300938
vn -0.784438024 0.573730304 -0.235564269
vn -0.198399414 0.416334863 0.887300938
vn -0.382281406 0.763170314 -0.520991361
vn 0.292336548 0.252774009 0.922303986
vn 0.307348213 0.142387560 0.940884084
vn -0.013685990 -0.765529480 0.643255244
vn 0.292336548 0.252774009 0.922303986
vn -0.013685990 -0.765529480 0.643255244
vn 0.307348213 0.142387560 0.940884084
vn -0.011843532 -0.971034614 0.238645154
vn 0.292336548 0.252774009 0.922303986
vn -0.436645381 -0.541976164 0.718054767
vn -0.198399414 0.416334863 0.887300938
vn -0.436645381 -0.541976164 0.718054767
vn 0.292336548 0.252774009 0.922303986
vn -0.013685990 -0.765529480 0.643255244
vn -0.011843532 -0.971034614 0.238645154
vn -0.496807284 -0.303673778 -0.812997392
vn -0.013685990 -0.765529480 0.643255244
vn -0.496807284 -0.303673778 -0.812997392
vn -0.011843532 -0.971034614 0.238645154
vn -0.463483005 -0.181845207 -0.867246116
vn -0.013685990 -0.765529480 0.643255244
vn -0.737428095 -0.266004612 -0.620839231
vn -0.436645381 -0.541976164 0.718054767
vn -0.737428095 -0.266004612 -0.620839231
vn -0.013685990 -0.765529480 0.643255244
vn -0.496807284 -0.303673778 -0.812997392
vn -0.463483005 -0.181845207 -0.867246116
vn -0.382281406 0.763170314 -0.520991361
vn -0.496807284 -0.303673778 -0.812997392
vn -0.382281406 0.763170314 -0.520991361
vn -0.463483005 -0.181845207 -0.867246116
vn -0.132853792 0.920179076 -0.368266667
vn -0.496807284 -0.303673778 -0.812997392
vn -0.784438024 0.573730304 -0.235564269
vn -0.737428095 -0.266004612 -0.620839231
vn -0.784438024 0.573730304 -0.235564269
vn -0.496807284 -0.303673778 -0.812997392
vn -0.382281406 0.763170314 -0.520991361
vn -0.242710936 -0.607776519 -0.756107866
vn -0.132853792 0.920179076 -0.368266667
vn -0.463483005 -0.181845207 -0.867246116
vn -0.132853792 0.920179076 -0.368266667
vn -0.242710936 -0.607776519 -0.756107866
vn -0.259099485 0.814980703 -0.518337641
vn -0.259099485 0.814980703 -0.518337641
vn 0.307348213 0.142387560 0.940884084
vn -0.132853792 0.920179076 -0.368266667
vn 0.307348213 0.142387560 0.940884084
vn -0.259099485 0.814980703 -0.518337641
vn 0.160413895 0.620791803 0.767388376
vn 0.268247785 -0.685792163 0.676559114
vn 0.307348213 0.142387560 0.940884084
vn 0.160413895 0.620791803 0.767388376
vn 0.307348213 0.142387560 0.940884084
vn 0.268247785 -0.685792163 0.676559114
vn -0.011843532 -0.971034614 0.238645154
vn -0.011843532 -0.971034614 0.238645154
vn -0.242710936 -0.607776519 -0.756107866
vn -0.463483005 -0.181845207 -0.867246116
vn -0.242710936 -0.607776519 -0.756107866
vn -0.011843532 -0.971034614 0.238645154
vn 0.268247785 -0.685792163 0.676559114
vn -0.309648947 -0.210662635 -0.927221000
vn -0.391162345 0.311945460 -0.865841816
vn 0.039292741 -0.649846989 -0.759048728
vn -0.391162345 0.311945460 -0.865841816
vn -0.309648947 -0.210662635 -0.927221000
vn -0.395914135 0.388901951 -0.831869744
vn -0.395914135 0.388901951 -0.831869744
vn -0.485630928 -0.034054300 -0.873500375
vn -0.572665493 0.480447282 -0.664247426
vn -0.485630928 -0.034054300 -0.873500375
vn -0.395914135 0.388901951 -0.831869744
vn -0.309648947 -0.210662635 -0.927221000
vn -0.633043276 -0.704242234 0.321401754
vn -0.232979819 -0.967741035 0.095904602
vn -0.538127925 -0.779161954 0.321442041
vn -0.232979819 -0.967741035 0.095904602
vn -0.633043276 -0.704242234 0.321401754
vn -0.261542437 -0.960818845 0.091775275
vn -0.485630928 -0.034054300 -0.873500375
vn -0.168133999 0.269649174 -0.948166800
vn 0.079499947 0.357236369 -0.930624487
vn -0.436680150 0.830203195 -0.346515659
vn -0.567417148 0.813707342 -0.126167119
vn -0.609706484 0.758438993 0.230278740
vn -0.567417148 0.813707342 -0.126167119
vn -0.436680150 0.830203195 -0.346515659
vn -0.496173372 0.755330600 -0.428121093
vn -0.162727045 0.986657450 0.005194781
vn -0.436680150 0.830203195 -0.346515659
vn -0.609706484 0.758438993 0.230278740
vn -0.360713494 -0.930097912 -0.069308356
vn -0.158365467 -0.866938815 -0.472585940
vn 0.437180231 -0.869360113 -0.230404948
vn -0.360713494 -0.930097912 -0.069308356
vn -0.226508035 -0.872375840 -0.433191072
vn -0.158365467 -0.866938815 -0.472585940
vn -0.360713494 -0.930097912 -0.069308356
vn -0.237690774 -0.962859561 -0.128080295
vn -0.226508035 -0.872375840 -0.433191072
vn -0.074747718 -0.961842673 -0.263194702
vn -0.226508035 -0.872375840 -0.433191072
vn -0.237690774 -0.962859561 -0.128080295
vn -0.226508035 -0.872375840 -0.433191072
vn -0.074747718 -0.961842673 -0.263194702
vn -0.144253056 -0.878232324 -0.455959473
vn -0.309648947 -0.210662635 -0.927221000
vn -0.158365467 -0.866938815 -0.472585940
vn -0.485630928 -0.034054300 -0.873500375
vn 0.039292741 -0.649846989 -0.759048728
vn -0.158365467 -0.866938815 -0.472585940
vn -0.309648947 -0.210662635 -0.927221000
vn 0.039292741 -0.649846989 -0.759048728
vn 0.437180231 -0.869360113 -0.230404948
vn -0.158365467 -0.866938815 -0.472585940
vn 0.039292741 -0.649846989 -0.759048728
vn 0.251509820 -0.895793885 -0.366464360
vn 0.437180231 -0.869360113 -0.230404948
vn -0.382503427 -0.037163167 0.923206384
vn 0.344166016 -0.399724797 0.849570386
vn -0.027503677 0.606183061 0.794849447
vn 0.344166016 -0.399724797 0.849570386
vn -0.382503427 -0.037163167 0.923206384
vn -0.407468635 -0.690503358 0.597640714
vn -0.764128453 0.449784223 0.462387132
vn -0.895014768 0.137821621 0.424209578
vn -0.869129297 0.179242364 0.460962515
vn -0.895014768 0.137821621 0.424209578
vn -0.764128453 0.449784223 0.462387132
vn -0.876331883 0.044885546 0.479612049
vn -0.692969035 0.704430236 0.153531627
vn -0.382503427 -0.037163167 0.923206384
vn -0.027503677 0.606183061 0.794849447
vn -0.636595847 0.638186719 0.432970484
vn -0.764128453 0.449784223 0.462387132
vn -0.869129297 0.179242364 0.460962515
vn -0.895014768 0.137821621 0.424209578
vn -0.876331883 0.044885546 0.479612049
vn -0.881336136 -0.192601013 0.431452738
vn -0.814756069 0.558764957 -0.154771675
vn -0.391296646 0.565852283 0.725739712
vn -0.879709160 0.349886848 -0.322010849
vn -0.879709160 0.349886848 -0.322010849
vn -0.391296646 0.565852283 0.725739712
vn -0.412791193 0.368305060 0.833039503
vn 0.079499947 0.357236369 -0.930624487
vn -0.572665493 0.480447282 -0.664247426
vn -0.485630928 -0.034054300 -0.873500375
vn -0.386917773 0.880663346 -0.273361864
vn 0.099800310 0.575032526 -0.812020623
vn -0.240452583 0.791934339 -0.561268703
vn -0.144208437 0.604441540 0.783488578
vn 0.208582987 0.964423704 -0.162419385
vn 0.120910916 0.462918834 0.878115427
vn 0.208582987 0.964423704 -0.162419385
vn -0.144208437 0.604441540 0.783488578
vn -0.244774122 0.959798931 -0.137374092
vn -0.217779821 -0.971879060 -0.089571435
vn -0.415809016 -0.908173059 0.048213656
vn 0.032191493 0.130297631 0.990952186
vn -0.415809016 -0.908173059 0.048213656
vn -0.217779821 -0.971879060 -0.089571435
vn -0.534751101 -0.829547346 -0.160911344
vn 0.240648028 0.133309749 0.961414082
vn -0.027503677 0.606183061 0.794849447
vn 0.344166016 -0.399724797 0.849570386
vn -0.027503677 0.606183061 0.794849447
vn 0.240648028 0.133309749 0.961414082
vn -0.248319925 0.958178289 -0.142237763
vn -0.312100672 0.943880404 0.108087711
vn -0.814756069 0.558764957 -0.154771675
vn -0.841088272 0.461624360 0.281910390
vn -0.814756069 0.558764957 -0.154771675
vn -0.312100672 0.943880404 0.108087711
vn -0.244774122 0.959798931 -0.137374092
vn -0.841088272 0.461624360 0.281910390
vn -0.981953543 -0.187225482 0.026718113
vn -0.945536677 -0.168440070 0.278546826
vn -0.981953543 -0.187225482 0.026718113
vn -0.841088272 0.461624360 0.281910390
vn -0.814756069 0.558764957 -0.154771675
vn -0.981953543 -0.187225482 0.026718113
vn -0.507858028 -0.858222690 0.074391114
vn -0.945536677 -0.168440070 0.278546826
vn -0.507858028 -0.858222690 0.074391114
vn -0.981953543 -0.187225482 0.026718113
vn -0.472236310 -0.881434618 0.008116734
vn -0.472236310 -0.881434618 0.008116734
vn -0.144795291 -0.988621989 -0.040753979
vn -0.507858028 -0.858222690 0.074391114
vn -0.144795291 -0.988621989 -0.040753979
vn -0.472236310 -0.881434618 0.008116734
vn -0.193356317 -0.979590372 -0.054918471
vn 0.079499947 0.357236369 -0.930624487
vn 0.099800310 0.575032526 -0.812020623
vn -0.572665493 0.480447282 -0.664247426
vn 0.099800310 0.575032526 -0.812020623
vn -0.496173372 0.755330600 -0.428121093
vn -0.572665493 0.480447282 -0.664247426
vn -0.496173372 0.755330600 -0.428121093
vn -0.395914135 0.388901951 -0.831869744
vn -0.572665493 0.480447282 -0.664247426
vn -0.395914135 0.388901951 -0.831869744
vn -0.496173372 0.755330600 -0.428121093
vn -0.436680150 0.830203195 -0.346515659
vn -0.436680150 0.830203195 -0.346515659
vn -0.391162345 0.311945460 -0.865841816
vn -0.395914135 0.388901951 -0.831869744
vn -0.391162345 0.311945460 -0.865841816
vn -0.436680150 0.830203195 -0.346515659
vn -0.162727045 0.986657450 0.005194781
vn -0.391162345 0.311945460 -0.865841816
vn -0.162727045 0.986657450 0.005194781
vn -0.248319925 0.958178289 -0.142237763
vn -0.338560250 -0.289428109 -0.895325822
vn 0.039292741 -0.649846989 -0.759048728
vn -0.391162345 0.311945460 -0.865841816
vn -0.945536677 -0.168440070 0.278546826
vn -0.633043276 -0.704242234 0.321401754
vn -0.876331883 0.044885546 0.479612049
vn -0.360713494 -0.930097912 -0.069308356
vn 0.437180231 -0.869360113 -0.230404948
vn -0.407468635 -0.690503358 0.597640714
vn -0.876331883 0.044885546 0.479612049
vn -0.538127925 -0.779161954 0.321442041
vn -0.881336136 -0.192601013 0.431452738
vn -0.538127925 -0.779161954 0.321442041
vn -0.876331883 0.044885546 0.479612049
vn -0.633043276 -0.704242234 0.321401754
vn -0.633043276 -0.704242234 0.321401754
vn -0.945536677 -0.168440070 0.278546826
vn -0.507858028 -0.858222690 0.074391114
vn -0.353215371 0.000063049 -0.935542034
vn -0.168133999 0.269649174 -0.948166800
vn -0.226508035 -0.872375840 -0.433191072
vn -0.232979819 -0.967741035 0.095904602
vn -0.074747718 -0.961842673 -0.263194702
vn -0.237690774 -0.962859561 -0.128080295
vn -0.074747718 -0.961842673 -0.263194702
vn -0.232979819 -0.967741035 0.095904602
vn -0.027562765 -0.999512743 -0.014648240
vn -0.237690774 -0.962859561 -0.128080295
vn -0.538127925 -0.779161954 0.321442041
vn -0.232979819 -0.967741035 0.095904602
vn -0.538127925 -0.779161954 0.321442041
vn -0.237690774 -0.962859561 -0.128080295
vn -0.360713494 -0.930097912 -0.069308356
vn -0.538127925 -0.779161954 0.321442041
vn -0.407468635 -0.690503358 0.597640714
vn -0.881336136 -0.192601013 0.431452738
vn -0.407468635 -0.690503358 0.597640714
vn -0.538127925 -0.779161954 0.321442041
vn -0.360713494 -0.930097912 -0.069308356
vn -0.407468635 -0.690503358 0.597640714
vn -0.895014768 0.137821621 0.424209578
vn -0.881336136 -0.192601013 0.431452738
vn -0.895014768 0.137821621 0.424209578
vn -0.407468635 -0.690503358 0.597640714
vn -0.918860520 0.057972043 0.390300637
vn -0.918860520 0.057972043 0.390300637
vn -0.869129297 0.179242364 0.460962515
vn -0.895014768 0.137821621 0.424209578
vn -0.869129297 0.179242364 0.460962515
vn -0.918860520 0.057972043 0.390300637
vn -0.382503427 -0.037163167 0.923206384
vn -0.636595847 0.638186719 0.432970484
vn -0.382503427 -0.037163167 0.923206384
vn -0.692969035 0.704430236 0.153531627
vn -0.382503427 -0.037163167 0.923206384
vn -0.636595847 0.638186719 0.432970484
vn -0.869129297 0.179242364 0.460962515
vn -0.302213175 0.941781791 0.147357573
vn 0.094510910 0.989126766 0.112676209
vn -0.411287478 0.878017475 0.244801805
vn 0.094510910 0.989126766 0.112676209
vn -0.302213175 0.941781791 0.147357573
vn -0.028584249 0.996939104 -0.072769254
vn -0.411287478 0.878017475 0.244801805
vn -0.636595847 0.638186719 0.432970484
vn -0.302213175 0.941781791 0.147357573
vn -0.636595847 0.638186719 0.432970484
vn -0.411287478 0.878017475 0.244801805
vn -0.764128453 0.449784223 0.462387132
vn -0.362659651 0.914008729 -0.181840650
vn -0.567417148 0.813707342 -0.126167119
vn -0.386917773 0.880663346 -0.273361864
vn -0.567417148 0.813707342 -0.126167119
vn -0.362659651 0.914008729 -0.181840650
vn -0.692969035 0.704430236 0.153531627
vn -0.692969035 0.704430236 0.153531627
vn -0.609706484 0.758438993 0.230278740
vn -0.567417148 0.813707342 -0.126167119
vn -0.609706484 0.758438993 0.230278740
vn -0.692969035 0.704430236 0.153531627
vn -0.027503677 0.606183061 0.794849447
vn -0.609706484 0.758438993 0.230278740
vn -0.027503677 0.606183061 0.794849447
vn -0.162727045 0.986657450 0.005194781
vn 0.251509820 -0.895793885 -0.366464360
vn -0.407468635 -0.690503358 0.597640714
vn 0.437180231 -0.869360113 -0.230404948
vn -0.407468635 -0.690503358 0.597640714
vn 0.251509820 -0.895793885 -0.366464360
vn 0.344166016 -0.399724797 0.849570386
vn -0.240452583 0.791934339 -0.561268703
vn -0.362659651 0.914008729 -0.181840650
vn -0.386917773 0.880663346 -0.273361864
vn -0.085223770 -0.995632124 -0.038125867
vn -0.507858028 -0.858222690 0.074391114
vn -0.144795291 -0.988621989 -0.040753979
vn -0.507858028 -0.858222690 0.074391114
vn -0.085223770 -0.995632124 -0.038125867
vn -0.261542437 -0.960818845 0.091775275
vn -0.353215371 0.000063049 -0.935542034
vn -0.226508035 -0.872375840 -0.433191072
vn -0.144253056 -0.878232324 -0.455959473
vn 0.146903790 0.987434206 0.058249170
vn -0.244774122 0.959798931 -0.137374092
vn -0.312100672 0.943880404 0.108087711
vn -0.244774122 0.959798931 -0.137374092
vn 0.146903790 0.987434206 0.058249170
vn 0.208582987 0.964423704 -0.162419385
vn -0.382503427 -0.037163167 0.923206384
vn -0.918860520 0.057972043 0.390300637
vn -0.407468635 -0.690503358 0.597640714
vn -0.436645381 -0.541976164 0.718054767
vn -0.784438024 0.573730304 -0.235564269
vn -0.198399414 0.416334863 0.887300938
vn -0.784438024 0.573730304 -0.235564269
vn -0.436645381 -0.541976164 0.718054767
vn -0.737428095 -0.266004612 -0.620839231
vn -0.120016576 0.935468554 -0.332407288
vn -0.316811333 0.202610088 0.926595776
vn -0.972484812 0.160057777 0.169277285
vn -0.316811333 0.202610088 0.926595776
vn -0.120016576 0.935468554 -0.332407288
vn 0.589808432 0.785145686 0.188871028
vn -0.770770820 -0.281860365 0.571372977
vn 0.032191493 0.130297631 0.990952186
vn -0.415809016 -0.908173059 0.048213656
vn -0.412791193 0.368305060 0.833039503
vn 0.032191493 0.130297631 0.990952186
vn -0.770770820 -0.281860365 0.571372977
vn -0.391296646 0.565852283 0.725739712
vn 0.032191493 0.130297631 0.990952186
vn -0.412791193 0.368305060 0.833039503
vn -0.144208437 0.604441540 0.783488578
vn 0.032191493 0.130297631 0.990952186
vn -0.391296646 0.565852283 0.725739712
vn 0.120910916 0.462918834 0.878115427
vn 0.032191493 0.130297631 0.990952186
vn -0.144208437 0.604441540 0.783488578
vn 0.032191493 0.130297631 0.990952186
vn 0.614366428 -0.575148962 0.540145874
vn -0.002902395 -0.999067162 0.043085759
vn 0.032191493 0.130297631 0.990952186
vn 0.520158940 0.180479719 0.834782456
vn 0.614366428 -0.575148962 0.540145874
vn 0.032191493 0.130297631 0.990952186
vn 0.552670697 0.392744613 0.735055624
vn 0.520158940 0.180479719 0.834782456
vn 0.032191493 0.130297631 0.990952186
vn 0.393480589 0.507610405 0.766488554
vn 0.552670697 0.392744613 0.735055624
vn 0.120910916 0.462918834 0.878115427
vn 0.393480589 0.507610405 0.766488554
vn 0.032191493 0.130297631 0.990952186
vn -0.353215371 0.000063049 -0.935542034
vn -0.298504111 0.600694420 -0.741661317
vn -0.168133999 0.269649174 -0.948166800
vn -0.168133999 0.269649174 -0.948166800
vn -0.298504111 0.600694420 -0.741661317
vn 0.079499947 0.357236369 -0.930624487
vn 0.079499947 0.357236369 -0.930624487
vn -0.298504111 0.600694420 -0.741661317
vn 0.099800310 0.575032526 -0.812020623
vn 0.099800310 0.575032526 -0.812020623
vn -0.298504111 0.600694420 -0.741661317
vn -0.240452583 0.791934339 -0.561268703
vn -0.515813203 0.181119998 -0.837336423
vn -0.298504111 0.600694420 -0.741661317
vn -0.353215371 0.000063049 -0.935542034
vn -0.755451746 0.364765098 -0.544278498
vn -0.298504111 0.600694420 -0.741661317
vn -0.515813203 0.181119998 -0.837336423
vn -0.742790031 0.497727195 -0.447806442
vn -0.298504111 0.600694420 -0.741661317
vn -0.755451746 0.364765098 -0.544278498
vn -0.240452583 0.791934339 -0.561268703
vn -0.298504111 0.600694420 -0.741661317
vn -0.742790031 0.497727195 -0.447806442
f 3/3/3 2/2/2 1/1/1
f 6/6/6 5/5/5 4/4/4
f 9/9/9 8/8/8 7/7/7
f 12/12/12 11/11/11 10/10/10
f 15/15/15 14/14/14 13/13/13
f 18/18/18 17/17/17 16/16/16
f 21/21/21 20/20/20 19/19/19
f 24/24/24 23/23/23 22/22/22
f 27/27/27 26/26/26 25/25/25
f 30/30/30 29/29/29 28/28/28
f 33/33/33 32/32/32 31/31/31
f 36/36/36 35/35/35 34/34/34
f 39/39/39 38/38/38 37/37/37
f 42/42/42 41/41/41 40/40/40
f 45/45/45 44/44/44 43/43/43
f 48/48/48 47/47/47 46/46/46
f 51/51/51 50/50/50 49/49/49
f 54/54/54 53/53/53 52/52/52
f 57/57/57 56/56/56 55/55/55
f 60/60/60 59/59/59 58/58/58
f 63/63/63 62/62/62 61/61/61
f 66/66/66 65/65/65 64/64/64
f 69/69/69 68/68/68 67/67/67
f 72/72/72 71/71/71 70/70/70
f 75/75/75 74/74/74 73/73/73
f 78/78/78 77/77/77 76/76/76
f 81/81/81 80/80/80 79/79/79
f 84/84/84 83/83/83 82/82/82
f 87/87/87 86/86/86 85/85/85
f 90/90/90 89/89/89 88/88/88
f 93/93/93 92/92/92 91/91/91
f 96/96/96 95/95/95 94/94/94
f 99/99/99 98/98/98 97/97/97
f 102/102/102 101/101/101 100/100/100
f 105/105/105 104/104/104 103/103/103
f 108/108/108 107/107/107 106/106/106
f 111/111/111 110/110/110 109/109/109
f 114/114/114 113/113/113 112/112/112
f 117/117/117 116/116/116 115/115/115
f 120/120/120 119/119/119 118/118/118
f 123/123/123 122/122/122 121/121/121
f 126/126/126 125/125/125 124/124/124
f 129/129/129 128/128/128 127/127/127
f 132/132/132 131/131/131 130/130/130
f 135/135/135 134/134/134 133/133/133
f 138/138/138 137/137/137 136/136/136
f 141/141/141 140/140/140 139/139/139
f 144/144/144 143/143/143 142/142/142
f 147/147/147 146/146/146 145/145/145
f 150/150/150 149/149/149 148/148/148
f 153/153/153 152/152/152 151/151/151
f 156/156/156 155/155/155 154/154/154
f 159/159/159 158/158/158 157/157/157
f 162/162/162 161/161/161 160/160/160
f 165/165/165 164/164/164 163/163/163
f 168/168/168 167/167/167 166/166/166
f 171/171/171 170/170/170 169/169/169
f 174/174/174 173/173/173 172/172/172
f 177/177/177 176/176/176 175/175/175
f 180/180/180 179/179/179 178/178/178
f 183/183/183 182/182/182 181/181/181
f 186/186/186 185/185/185 184/184/184
f 189/189/189 188/188/188 187/187/187
f 192/192/192 191/191/191 190/190/190
f 195/195/195 194/194/194 193/193/193
f 198/198/198 197/197/197 196/196/196
f 201/201/201 200/200/200 199/199/199
f 204/204/204 203/203/203 202/202/202
f 207/207/207 206/206/206 205/205/205
f 210/210/210 209/209/209 208/208/208
f 213/213/213 212/212/212 211/211/211
f 216/216/216 215/215/215 214/214/214
f 219/219/219 218/218/218 217/217/217
f 222/222/222 221/221/221 220/220/220
f 225/225/225 224/224/224 223/223/223
f 228/228/228 227/227/227 226/226/226
f 231/231/231 230/230/230 229/229/229
f 234/234/234 233/233/233 232/232/232
f 237/237/237 236/236/236 235/235/235
f 240/240/240 239/239/239 238/238/238
f 243/243/243 242/242/242 241/241/241
f 246/246/246 245/245/245 244/244/244
f 249/249/249 248/248/248 247/247/247
f 252/252/252 251/251/251 250/250/250
f 255/255/255 254/254/254 253/253/253
f 258/258/258 257/257/257 256/256/256
f 261/261/261 260/260/260 259/259/259
f 264/264/264 263/263/263 262/262/262
f 267/267/267 266/266/266 265/265/265
f 270/270/270 269/269/269 268/268/268
f 273/273/273 272/272/272 271/271/271
f 276/276/276 275/275/275 274/274/274
f 279/279/279 278/278/278 277/277/277
f 282/282/282 281/281/281 280/280/280
f 285/285/285 284/284/284 283/283/283
f 288/288/288 287/287/287 286/286/286
f 291/291/291 290/290/290 289/289/289
f 294/294/294 293/293/293 292/292/292
f 297/297/297 296/296/296 295/295/295
f 300/300/300 299/299/299 298/298/298
f 303/303/303 302/302/302 301/301/301
f 306/306/306 305/305/305 304/304/304
f 309/309/309 308/308/308 307/307/307
f 312/312/312 311/311/311 310/310/310
f 315/315/315 314/314/314 313/313/313
f 318/318/318 317/317/317 316/316/316
f 321/321/321 320/320/320 319/319/319
f 324/324/324 323/323/323 322/322/322
f 327/327/327 326/326/326 325/325/325
f 330/330/330 329/329/329 328/328/328
f 333/333/333 332/332/332 331/331/331
f 336/336/336 335/335/335 334/334/334
f 339/339/339 338/338/338 337/337/337
f 342/342/342 341/341/341 340/340/340
f 345/345/345 344/344/344 343/343/343
f 348/348/348 347/347/347 346/346/346
f 351/351/351 350/350/350 349/349/349
f 354/354/354 353/353/353 352/352/352
f 357/357/357 356/356/356 355/355/355
f 360/360/360 359/359/359 358/358/358
f 363/363/363 362/362/362 361/361/361
f 366/366/366 365/365/365 364/364/364
f 369/369/369 368/368/368 367/367/367
f 372/372/372 371/371/371 370/370/370
f 375/375/375 374/374/374 373/373/373
f 378/378/378 377/377/377 376/376/376
f 381/381/381 380/380/380 379/379/379
f 384/384/384 383/383/383 382/382/382
f 387/387/387 386/386/386 385/385/385
f 390/390/390 389/389/389 388/388/388
f 393/393/393 392/392/392 391/391/391
f 396/396/396 395/395/395 394/394/394
f 399/399/399 398/398/398 397/397/397
f 402/402/402 401/401/401 400/400/400
f 405/405/405 404/404/404 403/403/403
f 408/408/408 407/407/407 406/406/406
f 411/411/411 410/410/410 409/409/409
f 414/414/414 413/413/413 412/412/412
f 417/417/417 416/416/416 415/415/415
f 420/420/420 419/419/419 418/418/418
f 423/423/423 422/422/422 421/421/421
f 426/426/426 425/425/425 424/424/424
f 429/429/429 428/428/428 427/427/427
f 432/432/432 431/431/431 430/430/430
f 435/435/435 434/434/434 433/433/433
f 438/438/438 437/437/437 436/436/436
f 441/441/441 440/440/440 439/439/439
f 444/444/444 443/443/443 442/442/442
f 447/447/447 446/446/446 445/445/445
f 450/450/450 449/449/449 448/448/448
f 453/453/453 452/452/452 451/451/451
f 456/456/456 455/455/455 454/454/454
f 459/459/459 458/458/458 457/457/457
f 462/462/462 461/461/461 460/460/460
f 465/465/465 464/464/464 463/463/463
f 468/468/468 467/467/467 466/466/466
f 471/471/471 470/470/470 469/469/469
f 474/474/474 473/473/473 472/472/472
f 477/477/477 476/476/476 475/475/475
f 480/480/480 479/479/479 478/478/478
f 483/483/483 482/482/482 481/481/481
f 486/486/486 485/485/485 484/484/484
f 489/489/489 488/488/488 487/487/487
f 492/492/492 491/491/491 490/490/490
f 495/495/495 494/494/494 493/493/493
f 498/498/498 497/497/497 496/496/496
f 501/501/501 500/500/500 499/499/499
f 504/504/504 503/503/503 502/502/502
f 507/507/507 506/506/506 505/505/505
f 510/510/510 509/509/509 508/508/508
f 513/513/513 512/512/512 511/511/511
f 516/516/516 515/515/515 514/514/514
f 519/519/519 518/518/518 517/517/517
f 522/522/522 521/521/521 520/520/520
f 525/525/525 524/524/524 523/523/523
f 528/528/528 527/527/527 526/526/526
f 531/531/531 530/530/530 529/529/529
f 534/534/534 533/533/533 532/532/532
f 537/537/537 536/536/536 535/535/535
f 540/540/540 539/539/539 538/538/538
f 543/543/543 542/542/542 541/541/541
f 546/546/546 545/545/545 544/544/544
f 549/549/549 548/548/548 547/547/547
f 552/552/552 551/551/551 550/550/550
f 555/555/555 554/554/554 553/553/553
f 558/558/558 557/557/557 556/556/556
f 561/561/561 560/560/560 559/559/559
f 564/564/564 563/563/563 562/562/562
f 567/567/567 566/566/566 565/565/565
f 570/570/570 569/569/569 568/568/568
f 573/573/573 572/572/572 571/571/571
f 576/576/576 575/575/575 574/574/574
f 579/579/579 578/578/578 577/577/577
f 582/582/582 581/581/581 580/580/580
f 585/585/585 584/584/584 583/583/583
f 588/588/588 587/587/587 586/586/586
f 591/591/591 590/590/590 589/589/589
f 594/594/594 593/593/593 592/592/592
f 597/597/597 596/596/596 595/595/595
f 600/600/600 599/599/599 598/598/598
f 603/603/603 602/602/602 601/601/601
f 606/606/606 605/605/605 604/604/604
f 609/609/609 608/608/608 607/607/607
f 612/612/612 611/611/611 610/610/610
f 615/615/615 614/614/614 613/613/613
f 618/618/618 617/617/617 616/616/616
f 621/621/621 620/620/620 619/619/619
f 624/624/624 623/623/623 622/622/622
f 627/627/627 626/626/626 625/625/625
f 630/630/630 629/629/629 628/628/628
f 633/633/633 632/632/632 631/631/631
f 636/636/636 635/635/635 634/634/634
f 639/639/639 638/638/638 637/637/637
f 642/642/642 641/641/641 640/640/640
f 645/645/645 644/644/644 643/643/643
f 648/648/648 647/647/647 646/646/646
f 651/651/651 650/650/650 649/649/649
f 654/654/654 653/653/653 652/652/652
f 657/657/657 656/656/656 655/655/655
f 660/660/660 659/659/659 658/658/658
f 663/663/663 662/662/662 661/661/661
f 666/666/666 665/665/665 664/664/664
f 669/669/669 668/668/668 667/667/667
f 672/672/672 671/671/671 670/670/670
f 675/675/675 674/674/674 673/673/673
f 678/678/678 677/677/677 676/676/676
f 681/681/681 680/680/680 679/679/679
f 684/684/684 683/683/683 682/682/682
f 687/687/687 686/686/686 685/685/685
f 690/690/690 689/689/689 688/688/688
f 693/693/693 692/692/692 691/691/691
f 696/696/696 695/695/695 694/694/694
f 699/699/699 698/698/698 697/697/697
f 702/702/702 701/701/701 700/700/700
f 705/705/705 704/704/704 703/703/703
f 708/708/708 707/707/707 706/706/706
f 711/711/711 710/710/710 709/709/709
f 714/714/714 713/713/713 712/712/712
f 717/717/717 716/716/716 715/715/715
f 720/720/720 719/719/719 718/718/718
f 723/723/723 722/722/722 721/721/721
f 726/726/726 725/725/725 724/724/724
f 729/729/729 728/728/728 727/727/727
f 732/732/732 731/731/731 730/730/730
f 735/735/735 734/734/734 733/733/733
f 738/738/738 737/737/737 736/736/736
f 741/741/741 740/740/740 739/739/739
f 744/744/744 743/743/743 742/742/742
f 747/747/747 746/746/746 745/745/745
f 750/750/750 749/749/749 748/748/748
f 753/753/753 752/752/752 751/751/751
f 756/756/756 755/755/755 754/754/754
f 759/759/759 758/758/758 757/757/757
f 762/762/762 761/761/761 760/760/760
f 765/765/765 764/764/764 763/763/763
f 768/768/768 767/767/767 766/766/766
f 771/771/771 770/770/770 769/769/769
f 774/774/774 773/773/773 772/772/772
f 777/777/777 776/776/776 775/775/775
f 780/780/780 779/779/779 778/778/778
f 783/783/783 782/782/782 781/781/781
f 786/786/786 785/785/785 784/784/784
f 789/789/789 788/788/788 787/787/787
f 792/792/792 791/791/791 790/790/790
f 795/795/795 794/794/794 793/793/793
f 798/798/798 797/797/797 796/796/796
f 801/801/801 800/800/800 799/799/799
f 804/804/804 803/803/803 802/802/802
f 807/807/807 806/806/806 805/805/805
f 810/810/810 809/809/809 808/808/808
f 813/813/813 812/812/812 811/811/811
f 816/816/816 815/815/815 814/814/814
f 819/819/819 818/818/818 817/817/817
f 822/822/822 821/821/821 820/820/820
f 825/825/825 824/824/824 823/823/823
f 828/828/828 827/827/827 826/826/826
f 831/831/831 830/830/830 829/829/829
f 834/834/834 833/833/833 832/832/832
f 837/837/837 836/836/836 835/835/835
f 840/840/840 839/839/839 838/838/838
f 843/843/843 842/842/842 841/841/841
f 846/846/846 845/845/845 844/844/844
f 849/849/849 848/848/848 847/847/847
f 852/852/852 851/851/851 850/850/850
f 855/855/855 854/854/854 853/853/853
f 858/858/858 857/857/857 856/856/856
f 861/861/861 860/860/860 859/859/859
f 864/864/864 863/863/863 862/862/862
f 867/867/867 866/866/866 865/865/865
f 870/870/870 869/869/869 868/868/868
f 873/873/873 872/872/872 871/871/871
f 876/876/876 875/875/875 874/874/874
f 879/879/879 878/878/878 877/877/877
f 882/882/882 881/881/881 880/880/880
f 885/885/885 884/884/884 883/883/883
f 888/888/888 887/887/887 886/886/886
f 891/891/891 890/890/890 889/889/889
f 894/894/894 893/893/893 892/892/892
f 897/897/897 896/896/896 895/895/895
f 900/900/900 899/899/899 898/898/898
f 903/903/903 902/902/902 901/901/901
f 906/906/906 905/905/905 904/904/904
f 909/909/909 908/908/908 907/907/907
f 912/912/912 911/911/911 910/910/910
f 915/915/915 914/914/914 913/913/913
f 918/918/918 917/917/917 916/916/916
f 921/921/921 920/920/920 919/919/919
f 924/924/924 923/923/923 922/922/922
f 927/927/927 926/926/926 925/925/925
f 930/930/930 929/929/929 928/928/928
f 933/933/933 932/932/932 931/931/931
f 936/936/936 935/935/935 934/934/934
f 939/939/939 938/938/938 937/937/937
f 942/942/942 941/941/941 940/940/940
f 945/945/945 944/944/944 943/943/943
f 948/948/948 947/947/947 946/946/946
f 951/951/951 950/950/950 949/949/949
f 954/954/954 953/953/953 952/952/952
f 957/957/957 956/956/956 955/955/955
f 960/960/960 959/959/959 958/958/958
f 963/963/963 962/962/962 961/961/961
f 966/966/966 965/965/965 964/964/964
f 969/969/969 968/968/968 967/967/967
f 972/972/972 971/971/971 970/970/970
f 975/975/975 974/974/974 973/973/973
f 978/978/978 977/977/977 976/976/976
f 981/981/981 980/980/980 979/979/979
f 984/984/984 983/983/983 982/982/982
f 987/987/987 986/986/986 985/985/985
f 990/990/990 989/989/989 988/988/988
f 993/993/993 992/992/992 991/991/991
f 996/996/996 995/995/995 994/994/994
