# Static pose baked from local Project Zomboid assets
o Bob_Trousers
v 0.075044897 0.010536300 -0.043436088
v 0.029384341 0.001659329 -0.065011128
v 0.025544068 -0.005122072 -0.032724038
v 0.029384341 0.001659329 -0.065011128
v 0.075044897 0.010536300 -0.043436088
v 0.069151920 0.018921877 -0.073991565
v 0.076352753 0.078780952 -0.079189051
v 0.075044897 0.010536300 -0.043436088
v 0.086840837 0.055795732 -0.035649794
v 0.075044897 0.010536300 -0.043436088
v 0.076352753 0.078780952 -0.079189051
v 0.069151920 0.018921877 -0.073991565
v 0.053525324 0.117234087 -0.074379492
v 0.074626189 0.097849634 -0.018378853
v 0.051156332 0.114221635 -0.009565790
v 0.074626189 0.097849634 -0.018378853
v 0.053525324 0.117234087 -0.074379492
v 0.076352753 0.078780952 -0.079189051
v 0.025544068 -0.005122072 -0.032724038
v -0.014016306 0.009994599 -0.059800974
v -0.016446403 0.005129450 -0.028285584
v -0.014016306 0.009994599 -0.059800974
v 0.025544068 -0.005122072 -0.032724038
v 0.029384341 0.001659329 -0.065011128
v 0.048135248 0.121871227 0.030418966
v 0.099664195 0.118031642 0.134809437
v 0.052234833 0.141284441 0.127869901
v 0.099664195 0.118031642 0.134809437
v 0.048135248 0.121871227 0.030418966
v 0.101702024 0.090784207 0.039055079
v 0.099664195 0.118031642 0.134809437
v 0.049048351 0.167166843 0.234740546
v 0.052234833 0.141284441 0.127869901
v 0.049048351 0.167166843 0.234740546
v 0.099664195 0.118031642 0.134809437
v 0.093301538 0.118184710 0.229046720
v -0.001690828 0.097388402 0.043147331
v 0.026116805 0.025827998 0.151186470
v -0.001541739 0.020661501 0.082960699
v 0.026116805 0.025827998 0.151186470
v -0.001690828 0.097388402 0.043147331
v 0.004298221 0.105081322 0.135711073
v 0.004298221 0.105081322 0.135711073
v 0.030545943 0.064292013 0.227958279
v 0.026116805 0.025827998 0.151186470
v 0.030545943 0.064292013 0.227958279
v 0.004298221 0.105081322 0.135711073
v 0.018411033 0.109858738 0.230698921
v -0.001541739 0.020661501 0.082960699
v 0.111325208 0.048632669 0.147046040
v 0.102366076 0.026770788 0.069317920
v 0.111325208 0.048632669 0.147046040
v -0.001541739 0.020661501 0.082960699
v 0.026116805 0.025827998 0.151186470
v 0.026116805 0.025827998 0.151186470
v 0.099780592 0.075367048 0.225472366
v 0.111325208 0.048632669 0.147046040
v 0.099780592 0.075367048 0.225472366
v 0.026116805 0.025827998 0.151186470
v 0.030545943 0.064292013 0.227958279
v 0.102366076 0.026770788 0.069317920
v 0.099664195 0.118031642 0.134809437
v 0.101702024 0.090784207 0.039055079
v 0.099664195 0.118031642 0.134809437
v 0.102366076 0.026770788 0.069317920
v 0.111325208 0.048632669 0.147046040
v 0.111325208 0.048632669 0.147046040
v 0.093301538 0.118184710 0.229046720
v 0.099664195 0.118031642 0.134809437
v 0.093301538 0.118184710 0.229046720
v 0.111325208 0.048632669 0.147046040
v 0.099780592 0.075367048 0.225472366
v 0.058374311 0.140231010 0.289200569
v 0.102131842 0.083940450 0.352803878
v 0.060942639 0.123043242 0.359921871
v 0.102131842 0.083940450 0.352803878
v 0.058374311 0.140231010 0.289200569
v 0.100716657 0.102030341 0.279940218
v 0.060942639 0.123043242 0.359921871
v 0.099532716 0.074160092 0.404270262
v 0.066842292 0.113912527 0.407588949
v 0.099532716 0.074160092 0.404270262
v 0.060942639 0.123043242 0.359921871
v 0.102131842 0.083940450 0.352803878
v 0.011586990 0.089467569 0.299335084
v 0.031451183 0.029754786 0.337770836
v 0.022426740 0.034443640 0.270774058
v 0.031451183 0.029754786 0.337770836
v 0.011586990 0.089467569 0.299335084
v 0.021872481 0.074635643 0.355645103
v 0.021872481 0.074635643 0.355645103
v 0.042681798 0.028823488 0.386528851
v 0.031451183 0.029754786 0.337770836
v 0.042681798 0.028823488 0.386528851
v 0.021872481 0.074635643 0.355645103
v 0.025530029 0.060061256 0.422304736
v 0.022426740 0.034443640 0.270774058
v 0.107971996 0.042037372 0.337898637
v 0.108017604 0.049442708 0.261618817
v 0.107971996 0.042037372 0.337898637
v 0.022426740 0.034443640 0.270774058
v 0.031451183 0.029754786 0.337770836
v 0.031451183 0.029754786 0.337770836
v 0.102655673 0.027411420 0.382367386
v 0.107971996 0.042037372 0.337898637
v 0.102655673 0.027411420 0.382367386
v 0.031451183 0.029754786 0.337770836
v 0.042681798 0.028823488 0.386528851
v 0.108017604 0.049442708 0.261618817
v 0.102131842 0.083940450 0.352803878
v 0.100716657 0.102030341 0.279940218
v 0.102131842 0.083940450 0.352803878
v 0.108017604 0.049442708 0.261618817
v 0.107971996 0.042037372 0.337898637
v 0.107971996 0.042037372 0.337898637
v 0.099532716 0.074160092 0.404270262
v 0.102131842 0.083940450 0.352803878
v 0.099532716 0.074160092 0.404270262
v 0.107971996 0.042037372 0.337898637
v 0.102655673 0.027411420 0.382367386
v 0.101702024 0.090784207 0.039055079
v 0.074626189 0.097849634 -0.018378853
v 0.094839207 0.069854291 -0.003384222
v 0.074626189 0.097849634 -0.018378853
v 0.101702024 0.090784207 0.039055079
v 0.048135248 0.121871227 0.030418966
v 0.012732396 0.136369461 -0.004043764
v -0.001690828 0.097388402 0.043147331
v 0.009337918 0.120062229 0.041278324
v -0.001690828 0.097388402 0.043147331
v 0.012732396 0.136369461 -0.004043764
v 0.051156332 0.114221635 -0.009565790
v 0.025544068 -0.005122072 -0.032724038
v 0.081913431 -0.000698757 0.010990961
v 0.075044897 0.010536300 -0.043436088
v 0.081913431 -0.000698757 0.010990961
v 0.025544068 -0.005122072 -0.032724038
v 0.023777134 -0.014323178 0.017659372
v 0.023777134 -0.014323178 0.017659372
v 0.097043541 0.017143326 0.058920275
v 0.081913431 -0.000698757 0.010990961
v 0.097043541 0.017143326 0.058920275
v 0.023777134 -0.014323178 0.017659372
v 0.026698550 -0.002146199 0.061679844
v 0.026698550 -0.002146199 0.061679844
v 0.102366076 0.026770788 0.069317920
v 0.097043541 0.017143326 0.058920275
v 0.102366076 0.026770788 0.069317920
v 0.026698550 -0.002146199 0.061679844
v -0.001541739 0.020661501 0.082960699
v 0.058374311 0.140231010 0.289200569
v 0.093301538 0.118184710 0.229046720
v 0.100716657 0.102030341 0.279940218
v 0.093301538 0.118184710 0.229046720
v 0.058374311 0.140231010 0.289200569
v 0.049048351 0.167166843 0.234740546
v 0.100716657 0.102030341 0.279940218
v 0.099780592 0.075367048 0.225472366
v 0.108017604 0.049442708 0.261618817
v 0.099780592 0.075367048 0.225472366
v 0.100716657 0.102030341 0.279940218
v 0.093301538 0.118184710 0.229046720
v 0.099780592 0.075367048 0.225472366
v 0.022426740 0.034443640 0.270774058
v 0.108017604 0.049442708 0.261618817
v 0.022426740 0.034443640 0.270774058
v 0.099780592 0.075367048 0.225472366
v 0.030545943 0.064292013 0.227958279
v 0.030545943 0.064292013 0.227958279
v 0.011586990 0.089467569 0.299335084
v 0.022426740 0.034443640 0.270774058
v 0.011586990 0.089467569 0.299335084
v 0.030545943 0.064292013 0.227958279
v 0.018411033 0.109858738 0.230698921
v 0.075044897 0.010536300 -0.043436088
v 0.094839207 0.069854291 -0.003384222
v 0.086840837 0.055795732 -0.035649794
v 0.094839207 0.069854291 -0.003384222
v 0.075044897 0.010536300 -0.043436088
v 0.081913431 -0.000698757 0.010990961
v 0.081913431 -0.000698757 0.010990961
v 0.101702024 0.090784207 0.039055079
v 0.094839207 0.069854291 -0.003384222
v 0.101702024 0.090784207 0.039055079
v 0.081913431 -0.000698757 0.010990961
v 0.097043541 0.017143326 0.058920275
v 0.097043541 0.017143326 0.058920275
v 0.102366076 0.026770788 0.069317920
v 0.101702024 0.090784207 0.039055079
v 0.051156332 0.114221635 -0.009565790
v 0.048135248 0.121871227 0.030418966
v -0.001690828 0.097388402 0.043147331
v 0.074626189 0.097849634 -0.018378853
v 0.048135248 0.121871227 0.030418966
v 0.051156332 0.114221635 -0.009565790
v 0.048135248 0.121871227 0.030418966
v 0.052234833 0.141284441 0.127869901
v 0.004298221 0.105081322 0.135711073
v 0.052234833 0.141284441 0.127869901
v 0.018411033 0.109858738 0.230698921
v 0.004298221 0.105081322 0.135711073
v 0.018411033 0.109858738 0.230698921
v 0.052234833 0.141284441 0.127869901
v 0.049048351 0.167166843 0.234740546
v 0.049048351 0.167166843 0.234740546
v 0.011586990 0.089467569 0.299335084
v 0.018411033 0.109858738 0.230698921
v 0.011586990 0.089467569 0.299335084
v 0.049048351 0.167166843 0.234740546
v 0.058374311 0.140231010 0.289200569
v 0.011586990 0.089467569 0.299335084
v 0.060942639 0.123043242 0.359921871
v 0.021872481 0.074635643 0.355645103
v 0.060942639 0.123043242 0.359921871
v 0.011586990 0.089467569 0.299335084
v 0.058374311 0.140231010 0.289200569
v 0.021872481 0.074635643 0.355645103
v 0.066842292 0.113912527 0.407588949
v 0.025530029 0.060061256 0.422304736
v 0.066842292 0.113912527 0.407588949
v 0.021872481 0.074635643 0.355645103
v 0.060942639 0.123043242 0.359921871
v 0.076352753 0.078780952 -0.079189051
v 0.086840837 0.055795732 -0.035649794
v 0.074626189 0.097849634 -0.018378853
v 0.086840837 0.055795732 -0.035649794
v 0.094839207 0.069854291 -0.003384222
v 0.074626189 0.097849634 -0.018378853
v -0.001690828 0.097388402 0.043147331
v 0.000774012 0.080889404 0.064458737
v 0.009337918 0.120062229 0.041278324
v 0.012732396 0.136369461 -0.004043764
v 0.053525324 0.117234087 -0.074379492
v 0.051156332 0.114221635 -0.009565790
v -0.016446403 0.005129450 -0.028285584
v 0.023777134 -0.014323178 0.017659372
v 0.025544068 -0.005122072 -0.032724038
v 0.023777134 -0.014323178 0.017659372
v -0.016446403 0.005129450 -0.028285584
v -0.018315050 -0.004361627 0.020467109
v 0.023777134 -0.014323178 0.017659372
v -0.015751478 0.006373172 0.059440182
v 0.026698550 -0.002146199 0.061679844
v -0.015751478 0.006373172 0.059440182
v 0.023777134 -0.014323178 0.017659372
v -0.018315050 -0.004361627 0.020467109
v -0.015751478 0.006373172 0.059440182
v -0.013291717 0.017056179 0.079103015
v 0.026698550 -0.002146199 0.061679844
v -0.013291717 0.017056179 0.079103015
v 0.000774012 0.080889404 0.064458737
v -0.001541739 0.020661501 0.082960699
v -0.001541739 0.020661501 0.082960699
v 0.000774012 0.080889404 0.064458737
v -0.001690828 0.097388402 0.043147331
v 0.048135248 0.121871227 0.030418966
v 0.004298221 0.105081322 0.135711073
v -0.001690828 0.097388402 0.043147331
v 0.099532716 0.074160092 0.404270262
v 0.056510164 0.116079194 0.428568607
v 0.066842292 0.113912527 0.407588949
v 0.056510164 0.116079194 0.428568607
v 0.099532716 0.074160092 0.404270262
v 0.101935198 0.087145710 0.427004675
v 0.025530029 0.060061256 0.422304736
v 0.040760508 0.008661985 0.433564321
v 0.042681798 0.028823488 0.386528851
v 0.040760508 0.008661985 0.433564321
v 0.025530029 0.060061256 0.422304736
v 0.023527533 0.063330895 0.448693671
v 0.042681798 0.028823488 0.386528851
v 0.113660299 0.017531584 0.412814261
v 0.102655673 0.027411420 0.382367386
v 0.113660299 0.017531584 0.412814261
v 0.042681798 0.028823488 0.386528851
v 0.040760508 0.008661985 0.433564321
v 0.102655673 0.027411420 0.382367386
v 0.101935198 0.087145710 0.427004675
v 0.099532716 0.074160092 0.404270262
v 0.101935198 0.087145710 0.427004675
v 0.102655673 0.027411420 0.382367386
v 0.113660299 0.017531584 0.412814261
v 0.066842292 0.113912527 0.407588949
v 0.023527533 0.063330895 0.448693671
v 0.025530029 0.060061256 0.422304736
v 0.023527533 0.063330895 0.448693671
v 0.066842292 0.113912527 0.407588949
v 0.056510164 0.116079194 0.428568607
v 0.101935198 0.087145710 0.427004675
v 0.062675082 0.111735840 0.453076590
v 0.056510164 0.116079194 0.428568607
v 0.062675082 0.111735840 0.453076590
v 0.101935198 0.087145710 0.427004675
v 0.108078094 0.082825114 0.451478997
v 0.023527533 0.063330895 0.448693671
v 0.048078492 0.003506264 0.462656195
v 0.040760508 0.008661985 0.433564321
v 0.048078492 0.003506264 0.462656195
v 0.023527533 0.063330895 0.448693671
v 0.031133708 0.059433183 0.472918084
v 0.040760508 0.008661985 0.433564321
v 0.119825216 0.013188230 0.437322240
v 0.113660299 0.017531584 0.412814261
v 0.119825216 0.013188230 0.437322240
v 0.040760508 0.008661985 0.433564321
v 0.048078492 0.003506264 0.462656195
v 0.113660299 0.017531584 0.412814261
v 0.108078094 0.082825114 0.451478997
v 0.101935198 0.087145710 0.427004675
v 0.108078094 0.082825114 0.451478997
v 0.113660299 0.017531584 0.412814261
v 0.119825216 0.013188230 0.437322240
v 0.056510164 0.116079194 0.428568607
v 0.031133708 0.059433183 0.472918084
v 0.023527533 0.063330895 0.448693671
v 0.031133708 0.059433183 0.472918084
v 0.056510164 0.116079194 0.428568607
v 0.062675082 0.111735840 0.453076590
v 0.108078094 0.082825114 0.451478997
v 0.075757619 0.049571130 0.466538887
v 0.062675082 0.111735840 0.453076590
v 0.031133708 0.059433183 0.472918084
v 0.075757619 0.049571130 0.466538887
v 0.048078492 0.003506264 0.462656195
v 0.048078492 0.003506264 0.462656195
v 0.096295847 0.032717319 0.456870683
v 0.119825216 0.013188230 0.437322240
v 0.096295847 0.032717319 0.456870683
v 0.048078492 0.003506264 0.462656195
v 0.075757619 0.049571130 0.466538887
v 0.119825216 0.013188230 0.437322240
v 0.075757619 0.049571130 0.466538887
v 0.108078094 0.082825114 0.451478997
v 0.075757619 0.049571130 0.466538887
v 0.119825216 0.013188230 0.437322240
v 0.096295847 0.032717319 0.456870683
v 0.062675082 0.111735840 0.453076590
v 0.075757619 0.049571130 0.466538887
v 0.031133708 0.059433183 0.472918084
v 0.069151920 0.018921877 -0.073991565
v -0.003188806 0.066887834 -0.068048247
v 0.029384341 0.001659329 -0.065011128
v 0.076352753 0.078780952 -0.079189051
v -0.003188806 0.066887834 -0.068048247
v 0.069151920 0.018921877 -0.073991565
v 0.053525324 0.117234087 -0.074379492
v -0.003188806 0.066887834 -0.068048247
v 0.076352753 0.078780952 -0.079189051
v 0.009361591 0.130311893 -0.070537283
v -0.003188806 0.066887834 -0.068048247
v 0.053525324 0.117234087 -0.074379492
v 0.029384341 0.001659329 -0.065011128
v -0.003188806 0.066887834 -0.068048247
v -0.014016306 0.009994599 -0.059800974
v -0.097235476 0.048687477 -0.042612238
v -0.057743456 0.018325839 -0.059140352
v -0.088807127 0.049137561 -0.063348095
v -0.057743456 0.018325839 -0.059140352
v -0.097235476 0.048687477 -0.042612238
v -0.058877768 0.013572991 -0.032320330
v -0.073093727 0.107368283 -0.069119168
v -0.097235476 0.048687477 -0.042612238
v -0.088807127 0.049137561 -0.063348095
v -0.097235476 0.048687477 -0.042612238
v -0.073093727 0.107368283 -0.069119168
v -0.088749316 0.094679853 -0.034810117
v -0.036702390 0.134493574 -0.068299841
v -0.070293889 0.123550338 -0.017767520
v -0.073093727 0.107368283 -0.069119168
v -0.070293889 0.123550338 -0.017767520
v -0.036702390 0.134493574 -0.068299841
v -0.031498330 0.132525360 -0.009170534
v -0.058877768 0.013572991 -0.032320330
v -0.014016306 0.009994599 -0.059800974
v -0.057743456 0.018325839 -0.059140352
v -0.014016306 0.009994599 -0.059800974
v -0.058877768 0.013572991 -0.032320330
v -0.016446403 0.005129450 -0.028285584
v -0.076994421 0.139342666 0.033296760
v -0.129432831 0.100723569 0.131230259
v -0.110118544 0.084310594 0.034933595
v -0.129432831 0.100723569 0.131230259
v -0.076994421 0.139342666 0.033296760
v -0.099766775 0.144967155 0.130322120
v -0.129432831 0.100723569 0.131230259
v -0.118200123 0.160405627 0.236062404
v -0.131275588 0.096008884 0.225549459
v -0.118200123 0.160405627 0.236062404
v -0.129432831 0.100723569 0.131230259
v -0.099766775 0.144967155 0.130322120
v -0.020829741 0.138698951 0.050032833
v -0.020998261 0.056264707 0.152308476
v -0.040892569 0.136863766 0.142079311
v -0.020998261 0.056264707 0.152308476
v -0.020829741 0.138698951 0.050032833
v -0.013530296 0.032002232 0.083505028
v -0.040892569 0.136863766 0.142079311
v -0.050112197 0.079942848 0.231591163
v -0.062725209 0.125872049 0.235017369
v -0.050112197 0.079942848 0.231591163
v -0.040892569 0.136863766 0.142079311
v -0.020998261 0.056264707 0.152308476
v -0.013530296 0.032002232 0.083505028
v -0.105502421 0.033958054 0.139693852
v -0.020998261 0.056264707 0.152308476
v -0.105502421 0.033958054 0.139693852
v -0.013530296 0.032002232 0.083505028
v -0.090245361 0.033201357 0.064016905
v -0.020998261 0.056264707 0.152308476
v -0.115113271 0.055358700 0.221966460
v -0.050112197 0.079942848 0.231591163
v -0.115113271 0.055358700 0.221966460
v -0.020998261 0.056264707 0.152308476
v -0.105502421 0.033958054 0.139693852
v -0.090245361 0.033201357 0.064016905
v -0.129432831 0.100723569 0.131230259
v -0.105502421 0.033958054 0.139693852
v -0.129432831 0.100723569 0.131230259
v -0.090245361 0.033201357 0.064016905
v -0.110118544 0.084310594 0.034933595
v -0.105502421 0.033958054 0.139693852
v -0.131275588 0.096008884 0.225549459
v -0.115113271 0.055358700 0.221966460
v -0.131275588 0.096008884 0.225549459
v -0.105502421 0.033958054 0.139693852
v -0.129432831 0.100723569 0.131230259
v -0.118578221 0.132818256 0.287299680
v -0.136049294 0.062865757 0.349990246
v -0.135476056 0.078620906 0.276574941
v -0.136049294 0.062865757 0.349990246
v -0.118578221 0.132818256 0.287299680
v -0.120349106 0.117259382 0.358421278
v -0.120349106 0.117259382 0.358421278
v -0.134807459 0.056119223 0.401991610
v -0.136049294 0.062865757 0.349990246
v -0.134807459 0.056119223 0.401991610
v -0.120349106 0.117259382 0.358421278
v -0.126348541 0.106851604 0.405813377
v -0.054421556 0.111825265 0.304960172
v -0.046721165 0.050443382 0.345090953
v -0.062398316 0.094375762 0.360893005
v -0.046721165 0.050443382 0.345090953
v -0.054421556 0.111825265 0.304960172
v -0.033671897 0.058347856 0.279066491
v -0.062398316 0.094375762 0.360893005
v -0.061464652 0.044549693 0.392548635
v -0.080828900 0.096159662 0.417653892
v -0.061464652 0.044549693 0.392548635
v -0.062398316 0.094375762 0.360893005
v -0.046721165 0.050443382 0.345090953
v -0.033671897 0.058347856 0.279066491
v -0.118928969 0.023395022 0.337297856
v -0.046721165 0.050443382 0.345090953
v -0.118928969 0.023395022 0.337297856
v -0.033671897 0.058347856 0.279066491
v -0.114009075 0.029103382 0.261030818
v -0.046721165 0.050443382 0.345090953
v -0.112179707 0.013707943 0.382907721
v -0.061464652 0.044549693 0.392548635
v -0.112179707 0.013707943 0.382907721
v -0.046721165 0.050443382 0.345090953
v -0.118928969 0.023395022 0.337297856
v -0.114009075 0.029103382 0.261030818
v -0.136049294 0.062865757 0.349990246
v -0.118928969 0.023395022 0.337297856
v -0.136049294 0.062865757 0.349990246
v -0.114009075 0.029103382 0.261030818
v -0.135476056 0.078620906 0.276574941
v -0.118928969 0.023395022 0.337297856
v -0.134807459 0.056119223 0.401991610
v -0.112179707 0.013707943 0.382907721
v -0.134807459 0.056119223 0.401991610
v -0.118928969 0.023395022 0.337297856
v -0.136049294 0.062865757 0.349990246
v -0.110118544 0.084310594 0.034933595
v -0.070293889 0.123550338 -0.017767520
v -0.076994421 0.139342666 0.033296760
v -0.070293889 0.123550338 -0.017767520
v -0.110118544 0.084310594 0.034933595
v -0.091521906 0.076163663 -0.006789034
v 0.012732396 0.136369461 -0.004043764
v -0.020829741 0.138698951 0.050032833
v -0.031498330 0.132525360 -0.009170534
v -0.020829741 0.138698951 0.050032833
v 0.012732396 0.136369461 -0.004043764
v 0.009337918 0.120062229 0.041278324
v -0.058877768 0.013572991 -0.032320330
v -0.107708616 0.041292702 0.011897739
v -0.060701326 0.004384424 0.018063350
v -0.107708616 0.041292702 0.011897739
v -0.058877768 0.013572991 -0.032320330
v -0.097235476 0.048687477 -0.042612238
v -0.060701326 0.004384424 0.018063350
v -0.096304805 0.038088987 0.055899559
v -0.057807246 0.016567457 0.062083953
v -0.096304805 0.038088987 0.055899559
v -0.060701326 0.004384424 0.018063350
v -0.107708616 0.041292702 0.011897739
v -0.057807246 0.016567457 0.062083953
v -0.090245361 0.033201357 0.064016905
v -0.013530296 0.032002232 0.083505028
v -0.090245361 0.033201357 0.064016905
v -0.057807246 0.016567457 0.062083953
v -0.096304805 0.038088987 0.055899559
v -0.118578221 0.132818256 0.287299680
v -0.131275588 0.096008884 0.225549459
v -0.118200123 0.160405627 0.236062404
v -0.131275588 0.096008884 0.225549459
v -0.118578221 0.132818256 0.287299680
v -0.135476056 0.078620906 0.276574941
v -0.135476056 0.078620906 0.276574941
v -0.115113271 0.055358700 0.221966460
v -0.131275588 0.096008884 0.225549459
v -0.115113271 0.055358700 0.221966460
v -0.135476056 0.078620906 0.276574941
v -0.114009075 0.029103382 0.261030818
v -0.115113271 0.055358700 0.221966460
v -0.033671897 0.058347856 0.279066491
v -0.050112197 0.079942848 0.231591163
v -0.033671897 0.058347856 0.279066491
v -0.115113271 0.055358700 0.221966460
v -0.114009075 0.029103382 0.261030818
v -0.050112197 0.079942848 0.231591163
v -0.054421556 0.111825265 0.304960172
v -0.062725209 0.125872049 0.235017369
v -0.054421556 0.111825265 0.304960172
v -0.050112197 0.079942848 0.231591163
v -0.033671897 0.058347856 0.279066491
v -0.097235476 0.048687477 -0.042612238
v -0.091521906 0.076163663 -0.006789034
v -0.107708616 0.041292702 0.011897739
v -0.091521906 0.076163663 -0.006789034
v -0.097235476 0.048687477 -0.042612238
v -0.088749316 0.094679853 -0.034810117
v -0.107708616 0.041292702 0.011897739
v -0.110118544 0.084310594 0.034933595
v -0.096304805 0.038088987 0.055899559
v -0.110118544 0.084310594 0.034933595
v -0.107708616 0.041292702 0.011897739
v -0.091521906 0.076163663 -0.006789034
v -0.096304805 0.038088987 0.055899559
v -0.110118544 0.084310594 0.034933595
v -0.090245361 0.033201357 0.064016905
v -0.031498330 0.132525360 -0.009170534
v -0.020829741 0.138698951 0.050032833
v -0.076994421 0.139342666 0.033296760
v -0.070293889 0.123550338 -0.017767520
v -0.031498330 0.132525360 -0.009170534
v -0.076994421 0.139342666 0.033296760
v -0.076994421 0.139342666 0.033296760
v -0.040892569 0.136863766 0.142079311
v -0.099766775 0.144967155 0.130322120
v -0.099766775 0.144967155 0.130322120
v -0.062725209 0.125872049 0.235017369
v -0.118200123 0.160405627 0.236062404
v -0.062725209 0.125872049 0.235017369
v -0.099766775 0.144967155 0.130322120
v -0.040892569 0.136863766 0.142079311
v -0.118200123 0.160405627 0.236062404
v -0.054421556 0.111825265 0.304960172
v -0.118578221 0.132818256 0.287299680
v -0.054421556 0.111825265 0.304960172
v -0.118200123 0.160405627 0.236062404
v -0.062725209 0.125872049 0.235017369
v -0.054421556 0.111825265 0.304960172
v -0.120349106 0.117259382 0.358421278
v -0.118578221 0.132818256 0.287299680
v -0.120349106 0.117259382 0.358421278
v -0.054421556 0.111825265 0.304960172
v -0.062398316 0.094375762 0.360893005
v -0.062398316 0.094375762 0.360893005
v -0.126348541 0.106851604 0.405813377
v -0.120349106 0.117259382 0.358421278
v -0.126348541 0.106851604 0.405813377
v -0.062398316 0.094375762 0.360893005
v -0.080828900 0.096159662 0.417653892
v -0.073093727 0.107368283 -0.069119168
v -0.070293889 0.123550338 -0.017767520
v -0.088749316 0.094679853 -0.034810117
v -0.088749316 0.094679853 -0.034810117
v -0.070293889 0.123550338 -0.017767520
v -0.091521906 0.076163663 -0.006789034
v -0.020829741 0.138698951 0.050032833
v 0.009337918 0.120062229 0.041278324
v 0.000774012 0.080889404 0.064458737
v 0.012732396 0.136369461 -0.004043764
v -0.031498330 0.132525360 -0.009170534
v -0.036702390 0.134493574 -0.068299841
v -0.016446403 0.005129450 -0.028285584
v -0.060701326 0.004384424 0.018063350
v -0.018315050 -0.004361627 0.020467109
v -0.060701326 0.004384424 0.018063350
v -0.016446403 0.005129450 -0.028285584
v -0.058877768 0.013572991 -0.032320330
v -0.060701326 0.004384424 0.018063350
v -0.015751478 0.006373172 0.059440182
v -0.018315050 -0.004361627 0.020467109
v -0.015751478 0.006373172 0.059440182
v -0.060701326 0.004384424 0.018063350
v -0.057807246 0.016567457 0.062083953
v -0.015751478 0.006373172 0.059440182
v -0.057807246 0.016567457 0.062083953
v -0.013291717 0.017056179 0.079103015
v -0.013291717 0.017056179 0.079103015
v -0.013530296 0.032002232 0.083505028
v 0.000774012 0.080889404 0.064458737
v -0.013530296 0.032002232 0.083505028
v -0.020829741 0.138698951 0.050032833
v 0.000774012 0.080889404 0.064458737
v -0.076994421 0.139342666 0.033296760
v -0.020829741 0.138698951 0.050032833
v -0.040892569 0.136863766 0.142079311
v -0.134807459 0.056119223 0.401991610
v -0.143588699 0.105738694 0.428126720
v -0.147842987 0.052152311 0.430324389
v -0.143588699 0.105738694 0.428126720
v -0.134807459 0.056119223 0.401991610
v -0.126348541 0.106851604 0.405813377
v -0.080828900 0.096159662 0.417653892
v -0.048131952 0.053793331 0.429201048
v -0.080248816 0.101444793 0.443775261
v -0.048131952 0.053793331 0.429201048
v -0.080828900 0.096159662 0.417653892
v -0.061464652 0.044549693 0.392548635
v -0.061464652 0.044549693 0.392548635
v -0.100432997 -0.000153071 0.415859359
v -0.048131952 0.053793331 0.429201048
v -0.100432997 -0.000153071 0.415859359
v -0.061464652 0.044549693 0.392548635
v -0.112179707 0.013707943 0.382907721
v -0.112179707 0.013707943 0.382907721
v -0.147842987 0.052152311 0.430324389
v -0.100432997 -0.000153071 0.415859359
v -0.147842987 0.052152311 0.430324389
v -0.112179707 0.013707943 0.382907721
v -0.134807459 0.056119223 0.401991610
v -0.126348541 0.106851604 0.405813377
v -0.080248816 0.101444793 0.443775261
v -0.143588699 0.105738694 0.428126720
v -0.080248816 0.101444793 0.443775261
v -0.126348541 0.106851604 0.405813377
v -0.080828900 0.096159662 0.417653892
v -0.147842987 0.052152311 0.430324389
v -0.141946908 0.099801121 0.453017722
v -0.146201017 0.046164705 0.455220760
v -0.141946908 0.099801121 0.453017722
v -0.147842987 0.052152311 0.430324389
v -0.143588699 0.105738694 0.428126720
v -0.080248816 0.101444793 0.443775261
v -0.046183086 0.046745214 0.458747579
v -0.079846879 0.094611885 0.468534463
v -0.046183086 0.046745214 0.458747579
v -0.080248816 0.101444793 0.443775261
v -0.048131952 0.053793331 0.429201048
v -0.048131952 0.053793331 0.429201048
v -0.098791207 -0.006090644 0.440750356
v -0.046183086 0.046745214 0.458747579
v -0.098791207 -0.006090644 0.440750356
v -0.048131952 0.053793331 0.429201048
v -0.100432997 -0.000153071 0.415859359
v -0.100432997 -0.000153071 0.415859359
v -0.146201017 0.046164705 0.455220760
v -0.098791207 -0.006090644 0.440750356
v -0.146201017 0.046164705 0.455220760
v -0.100432997 -0.000153071 0.415859359
v -0.147842987 0.052152311 0.430324389
v -0.143588699 0.105738694 0.428126720
v -0.079846879 0.094611885 0.468534463
v -0.141946908 0.099801121 0.453017722
v -0.079846879 0.094611885 0.468534463
v -0.143588699 0.105738694 0.428126720
v -0.080248816 0.101444793 0.443775261
v -0.146201017 0.046164705 0.455220760
v -0.141946908 0.099801121 0.453017722
v -0.099187252 0.052775242 0.466322444
v -0.079846879 0.094611885 0.468534463
v -0.046183086 0.046745214 0.458747579
v -0.099187252 0.052775242 0.466322444
v -0.046183086 0.046745214 0.458747579
v -0.098783450 0.025657230 0.458335311
v -0.099187252 0.052775242 0.466322444
v -0.098783450 0.025657230 0.458335311
v -0.046183086 0.046745214 0.458747579
v -0.098791207 -0.006090644 0.440750356
v -0.098791207 -0.006090644 0.440750356
v -0.099187252 0.052775242 0.466322444
v -0.098783450 0.025657230 0.458335311
v -0.099187252 0.052775242 0.466322444
v -0.098791207 -0.006090644 0.440750356
v -0.146201017 0.046164705 0.455220760
v -0.141946908 0.099801121 0.453017722
v -0.079846879 0.094611885 0.468534463
v -0.099187252 0.052775242 0.466322444
v -0.088807127 0.049137561 -0.063348095
v -0.057743456 0.018325839 -0.059140352
v -0.003188806 0.066887834 -0.068048247
v -0.073093727 0.107368283 -0.069119168
v -0.088807127 0.049137561 -0.063348095
v -0.003188806 0.066887834 -0.068048247
v -0.036702390 0.134493574 -0.068299841
v -0.073093727 0.107368283 -0.069119168
v -0.003188806 0.066887834 -0.068048247
v 0.009361591 0.130311893 -0.070537283
v -0.036702390 0.134493574 -0.068299841
v -0.003188806 0.066887834 -0.068048247
v -0.057743456 0.018325839 -0.059140352
v -0.014016306 0.009994599 -0.059800974
v -0.003188806 0.066887834 -0.068048247
v 0.053525324 0.117234087 -0.074379492
v 0.012732396 0.136369461 -0.004043764
v 0.009361591 0.130311893 -0.070537283
v 0.012732396 0.136369461 -0.004043764
v -0.036702390 0.134493574 -0.068299841
v 0.009361591 0.130311893 -0.070537283
v 0.026698550 -0.002146199 0.061679844
v -0.013291717 0.017056179 0.079103015
v -0.001541739 0.020661501 0.082960699
v -0.013291717 0.017056179 0.079103015
v -0.057807246 0.016567457 0.062083953
v -0.013530296 0.032002232 0.083505028
vt 0.655812979 0.560059011
vt 0.740234017 0.535561979
vt 0.742870986 0.568826020
vt 0.740234017 0.535561979
vt 0.655812979 0.560059011
vt 0.652606010 0.535561979
vt 0.584580004 0.535561979
vt 0.655812979 0.560059011
vt 0.606445014 0.576452017
vt 0.655812979 0.560059011
vt 0.584580004 0.535561979
vt 0.652606010 0.535561979
vt 0.546494007 0.535561979
vt 0.577148020 0.587302029
vt 0.539062977 0.589254975
vt 0.577148020 0.587302029
vt 0.546494007 0.535561979
vt 0.584580004 0.535561979
vt 0.742870986 0.568826020
vt 0.785156012 0.535561979
vt 0.785156012 0.570591986
vt 0.785156012 0.535561979
vt 0.742870986 0.568826020
vt 0.740234017 0.535561979
vt 0.571289003 0.614257991
vt 0.620117009 0.710937977
vt 0.583007991 0.711914003
vt 0.620117009 0.710937977
vt 0.571289003 0.614257991
vt 0.616210997 0.614257991
vt 0.620117009 0.710937977
vt 0.594506025 0.771530986
vt 0.583007991 0.711914003
vt 0.594506025 0.771530986
vt 0.620117009 0.710937977
vt 0.633000016 0.774496973
vt 0.781250000 0.617187977
vt 0.729492009 0.701171994
vt 0.738281012 0.629882991
vt 0.729492009 0.701171994
vt 0.781250000 0.617187977
vt 0.774414003 0.709960997
vt 0.774414003 0.709960997
vt 0.722656012 0.771484017
vt 0.729492009 0.701171994
vt 0.722656012 0.771484017
vt 0.774414003 0.709960997
vt 0.768554986 0.771484017
vt 0.738281012 0.629882991
vt 0.676757991 0.704101980
vt 0.680441976 0.630411983
vt 0.676757991 0.704101980
vt 0.738281012 0.629882991
vt 0.729492009 0.701171994
vt 0.729492009 0.701171994
vt 0.676864982 0.770649016
vt 0.676757991 0.704101980
vt 0.676864982 0.770649016
vt 0.729492009 0.701171994
vt 0.722656012 0.771484017
vt 0.680441976 0.630411983
vt 0.620117009 0.710937977
vt 0.616210997 0.614257991
vt 0.620117009 0.710937977
vt 0.680441976 0.630411983
vt 0.676757991 0.704101980
vt 0.676757991 0.704101980
vt 0.633000016 0.774496973
vt 0.620117009 0.710937977
vt 0.633000016 0.774496973
vt 0.676757991 0.704101980
vt 0.676864982 0.770649016
vt 0.605823994 0.832777023
vt 0.655273020 0.876953006
vt 0.614238977 0.877417028
vt 0.655273020 0.876953006
vt 0.605823994 0.832777023
vt 0.646853983 0.829473019
vt 0.614238977 0.877417028
vt 0.661132991 0.920898020
vt 0.624240994 0.921905994
vt 0.661132991 0.920898020
vt 0.614238977 0.877417028
vt 0.655273020 0.876953006
vt 0.758789003 0.829101980
vt 0.722656012 0.876953006
vt 0.724609017 0.825195014
vt 0.722656012 0.876953006
vt 0.758789003 0.829101980
vt 0.753906012 0.876953006
vt 0.753906012 0.876953006
vt 0.717773020 0.921875000
vt 0.722656012 0.876953006
vt 0.717773020 0.921875000
vt 0.753906012 0.876953006
vt 0.747070014 0.921875000
vt 0.724609017 0.825195014
vt 0.679687977 0.875976980
vt 0.676509023 0.820604026
vt 0.679687977 0.875976980
vt 0.724609017 0.825195014
vt 0.722656012 0.876953006
vt 0.722656012 0.876953006
vt 0.683311999 0.921037018
vt 0.679687977 0.875976980
vt 0.683311999 0.921037018
vt 0.722656012 0.876953006
vt 0.717773020 0.921875000
vt 0.676509023 0.820604026
vt 0.655273020 0.876953006
vt 0.646853983 0.829473019
vt 0.655273020 0.876953006
vt 0.676509023 0.820604026
vt 0.679687977 0.875976980
vt 0.679687977 0.875976980
vt 0.661132991 0.920898020
vt 0.655273020 0.876953006
vt 0.661132991 0.920898020
vt 0.679687977 0.875976980
vt 0.683311999 0.921037018
vt 0.616210997 0.614257991
vt 0.577148020 0.587302029
vt 0.622070014 0.584178984
vt 0.577148020 0.587302029
vt 0.616210997 0.614257991
vt 0.571289003 0.614257991
vt 0.500618994 0.591796994
vt 0.512254000 0.615234017
vt 0.500618994 0.616203010
vt 0.512254000 0.615234017
vt 0.500618994 0.591796994
vt 0.539062977 0.589254975
vt 0.742870986 0.568826020
vt 0.677475989 0.591902971
vt 0.655812979 0.560059011
vt 0.677475989 0.591902971
vt 0.742870986 0.568826020
vt 0.744140983 0.590817988
vt 0.744140983 0.590817988
vt 0.681532979 0.613192976
vt 0.677475989 0.591902971
vt 0.681532979 0.613192976
vt 0.744140983 0.590817988
vt 0.741210997 0.610741973
vt 0.741210997 0.610741973
vt 0.680441976 0.630411983
vt 0.681532979 0.613192976
vt 0.680441976 0.630411983
vt 0.741210997 0.610741973
vt 0.738281012 0.629882991
vt 0.605823994 0.832777023
vt 0.633000016 0.774496973
vt 0.646853983 0.829473019
vt 0.633000016 0.774496973
vt 0.605823994 0.832777023
vt 0.594506025 0.771530986
vt 0.646853983 0.829473019
vt 0.676864982 0.770649016
vt 0.676509023 0.820604026
vt 0.676864982 0.770649016
vt 0.646853983 0.829473019
vt 0.633000016 0.774496973
vt 0.676864982 0.770649016
vt 0.724609017 0.825195014
vt 0.676509023 0.820604026
vt 0.724609017 0.825195014
vt 0.676864982 0.770649016
vt 0.722656012 0.771484017
vt 0.722656012 0.771484017
vt 0.758789003 0.829101980
vt 0.724609017 0.825195014
vt 0.758789003 0.829101980
vt 0.722656012 0.771484017
vt 0.768554986 0.771484017
vt 0.655812979 0.560059011
vt 0.622070014 0.584178984
vt 0.606445014 0.576452017
vt 0.622070014 0.584178984
vt 0.655812979 0.560059011
vt 0.677475989 0.591902971
vt 0.677475989 0.591902971
vt 0.616210997 0.614257991
vt 0.622070014 0.584178984
vt 0.616210997 0.614257991
vt 0.677475989 0.591902971
vt 0.681532979 0.613192976
vt 0.681532979 0.613192976
vt 0.680441976 0.630411983
vt 0.616210997 0.614257991
vt 0.539062977 0.589254975
vt 0.571289003 0.614257991
vt 0.512254000 0.615234017
vt 0.577148020 0.587302029
vt 0.571289003 0.614257991
vt 0.539062977 0.589254975
vt 0.571289003 0.614257991
vt 0.583007991 0.711914003
vt 0.537109017 0.710937977
vt 0.583007991 0.711914003
vt 0.551757991 0.772460997
vt 0.537109017 0.710937977
vt 0.551757991 0.772460997
vt 0.583007991 0.711914003
vt 0.594506025 0.771530986
vt 0.594506025 0.771530986
vt 0.567382991 0.843750000
vt 0.551757991 0.772460997
vt 0.567382991 0.843750000
vt 0.594506025 0.771530986
vt 0.605823994 0.832777023
vt 0.567382991 0.843750000
vt 0.614238977 0.877417028
vt 0.577046990 0.878556013
vt 0.614238977 0.877417028
vt 0.567382991 0.843750000
vt 0.605823994 0.832777023
vt 0.577046990 0.878556013
vt 0.624240994 0.921905994
vt 0.591796994 0.923828006
vt 0.624240994 0.921905994
vt 0.577046990 0.878556013
vt 0.614238977 0.877417028
vt 0.584580004 0.535561979
vt 0.606445014 0.576452017
vt 0.577148020 0.587302029
vt 0.606445014 0.576452017
vt 0.622070014 0.584178984
vt 0.577148020 0.587302029
vt 0.781250000 0.617187977
vt 0.781250000 0.609375000
vt 0.785156012 0.617187977
vt 0.500618994 0.591796994
vt 0.546494007 0.535561979
vt 0.539062977 0.589254975
vt 0.785156012 0.570591986
vt 0.744140983 0.590817988
vt 0.742870986 0.568826020
vt 0.744140983 0.590817988
vt 0.785156012 0.570591986
vt 0.785156012 0.589843988
vt 0.744140983 0.590817988
vt 0.785156012 0.609375000
vt 0.741210997 0.610741973
vt 0.785156012 0.609375000
vt 0.744140983 0.590817988
vt 0.785156012 0.589843988
vt 0.785156012 0.609375000
vt 0.781250000 0.605468988
vt 0.741210997 0.610741973
vt 0.781250000 0.605468988
vt 0.781250000 0.609375000
vt 0.738281012 0.629882991
vt 0.738281012 0.629882991
vt 0.781250000 0.609375000
vt 0.781250000 0.617187977
vt 0.571289003 0.614257991
vt 0.537109017 0.710937977
vt 0.512254000 0.615234017
vt 0.661132991 0.920898020
vt 0.631226003 0.953270972
vt 0.624240994 0.921905994
vt 0.631226003 0.953270972
vt 0.661132991 0.920898020
vt 0.663504004 0.952373981
vt 0.747070014 0.921875000
vt 0.712890983 0.952148020
vt 0.717773020 0.921875000
vt 0.712890983 0.952148020
vt 0.747070014 0.921875000
vt 0.742407978 0.952904999
vt 0.717773020 0.921875000
vt 0.685379028 0.952244997
vt 0.683311999 0.921037018
vt 0.685379028 0.952244997
vt 0.717773020 0.921875000
vt 0.712890983 0.952148020
vt 0.683311999 0.921037018
vt 0.663504004 0.952373981
vt 0.661132991 0.920898020
vt 0.663504004 0.952373981
vt 0.683311999 0.921037018
vt 0.685379028 0.952244997
vt 0.624240994 0.921905994
vt 0.604492009 0.955078006
vt 0.591796994 0.923828006
vt 0.604492009 0.955078006
vt 0.624240994 0.921905994
vt 0.631226003 0.953270972
vt 0.663504004 0.952373981
vt 0.637695014 0.980468988
vt 0.631226003 0.953270972
vt 0.637695014 0.980468988
vt 0.663504004 0.952373981
vt 0.666342020 0.980485976
vt 0.742407978 0.952904999
vt 0.708984017 0.980468988
vt 0.712890983 0.952148020
vt 0.708984017 0.980468988
vt 0.742407978 0.952904999
vt 0.738281012 0.980468988
vt 0.712890983 0.952148020
vt 0.687500000 0.980468988
vt 0.685379028 0.952244997
vt 0.687500000 0.980468988
vt 0.712890983 0.952148020
vt 0.708984017 0.980468988
vt 0.685379028 0.952244997
vt 0.666342020 0.980485976
vt 0.663504004 0.952373981
vt 0.666342020 0.980485976
vt 0.685379028 0.952244997
vt 0.687500000 0.980468988
vt 0.631226003 0.953270972
vt 0.615234017 0.981445014
vt 0.604492009 0.955078006
vt 0.615234017 0.981445014
vt 0.631226003 0.953270972
vt 0.637695014 0.980468988
vt 0.666342020 0.980485976
vt 0.639518976 0.992693007
vt 0.637695014 0.980468988
vt 0.738281012 0.980468988
vt 0.715812027 0.992156029
vt 0.708984017 0.980468988
vt 0.708984017 0.980468988
vt 0.685859978 0.991764009
vt 0.687500000 0.980468988
vt 0.685859978 0.991764009
vt 0.708984017 0.980468988
vt 0.715812027 0.992156029
vt 0.687500000 0.980468988
vt 0.639518976 0.992693007
vt 0.666342020 0.980485976
vt 0.639518976 0.992693007
vt 0.687500000 0.980468988
vt 0.685859978 0.991764009
vt 0.637695014 0.980468988
vt 0.639518976 0.992693007
vt 0.615234017 0.981445014
vt 0.503664017 0.565295994
vt 0.503464997 0.565297008
vt 0.506848991 0.565295994
vt 0.501191974 0.565295994
vt 0.503464997 0.565297008
vt 0.503664017 0.565295994
vt 0.499808013 0.565295994
vt 0.503464997 0.565297008
vt 0.501191974 0.565295994
vt 0.498140007 0.565298021
vt 0.503464997 0.565297008
vt 0.499808013 0.565298021
vt 0.506848991 0.565295994
vt 0.503464997 0.565297008
vt 0.508481979 0.565295994
vt 0.346322000 0.559849977
vt 0.261361003 0.535561979
vt 0.349251986 0.535561979
vt 0.261361003 0.535561979
vt 0.346322000 0.559849977
vt 0.259407997 0.568638980
vt 0.416635007 0.535561979
vt 0.346322000 0.559849977
vt 0.349251986 0.535561979
vt 0.346322000 0.559849977
vt 0.416635007 0.535561979
vt 0.395150006 0.576452017
vt 0.454721004 0.535561979
vt 0.424447000 0.586914003
vt 0.416635007 0.535561979
vt 0.424447000 0.586914003
vt 0.454721004 0.535561979
vt 0.462532997 0.588867009
vt 0.259407997 0.568638980
vt 0.210938007 0.535561979
vt 0.261361003 0.535561979
vt 0.210938007 0.535561979
vt 0.259407997 0.568638980
vt 0.210938007 0.570591986
vt 0.430307001 0.614257991
vt 0.381478995 0.710937977
vt 0.385385007 0.614257991
vt 0.381478995 0.710937977
vt 0.430307001 0.614257991
vt 0.418588012 0.711914003
vt 0.381478995 0.710937977
vt 0.406868994 0.771484017
vt 0.368782997 0.774414003
vt 0.406868994 0.771484017
vt 0.381478995 0.710937977
vt 0.418588012 0.711914003
vt 0.218750000 0.617187977
vt 0.272103995 0.701171994
vt 0.227182001 0.709960997
vt 0.272103995 0.701171994
vt 0.218750000 0.617187977
vt 0.263314009 0.629882991
vt 0.227182001 0.709960997
vt 0.278939009 0.771484017
vt 0.233041003 0.771484017
vt 0.278939009 0.771484017
vt 0.227182001 0.709960997
vt 0.272103995 0.701171994
vt 0.263314009 0.629882991
vt 0.324838012 0.704101980
vt 0.272103995 0.701171994
vt 0.324838012 0.704101980
vt 0.263314009 0.629882991
vt 0.321907997 0.630859017
vt 0.272103995 0.701171994
vt 0.324838012 0.770507991
vt 0.278939009 0.771484017
vt 0.324838012 0.770507991
vt 0.272103995 0.701171994
vt 0.324838012 0.704101980
vt 0.321907997 0.630859017
vt 0.381478995 0.710937977
vt 0.324838012 0.704101980
vt 0.381478995 0.710937977
vt 0.321907997 0.630859017
vt 0.385385007 0.614257991
vt 0.324838012 0.704101980
vt 0.368782997 0.774414003
vt 0.324838012 0.770507991
vt 0.368782997 0.774414003
vt 0.324838012 0.704101980
vt 0.381478995 0.710937977
vt 0.396126986 0.833007991
vt 0.346322000 0.876953006
vt 0.355111003 0.829101980
vt 0.346322000 0.876953006
vt 0.396126986 0.833007991
vt 0.387338012 0.876953006
vt 0.387338012 0.876953006
vt 0.340463012 0.920898020
vt 0.346322000 0.876953006
vt 0.340463012 0.920898020
vt 0.387338012 0.876953006
vt 0.377572000 0.921875000
vt 0.242807001 0.829101980
vt 0.278939009 0.876953006
vt 0.247690007 0.876953006
vt 0.278939009 0.876953006
vt 0.242807001 0.829101980
vt 0.276986003 0.825195014
vt 0.247690007 0.876953006
vt 0.283822000 0.921875000
vt 0.254525006 0.921875000
vt 0.283822000 0.921875000
vt 0.247690007 0.876953006
vt 0.278939009 0.876953006
vt 0.276986003 0.825195014
vt 0.321907997 0.875976980
vt 0.278939009 0.876953006
vt 0.321907997 0.875976980
vt 0.276986003 0.825195014
vt 0.325814009 0.820312977
vt 0.278939009 0.876953006
vt 0.318978995 0.920898020
vt 0.283822000 0.921875000
vt 0.318978995 0.920898020
vt 0.278939009 0.876953006
vt 0.321907997 0.875976980
vt 0.325814009 0.820312977
vt 0.346322000 0.876953006
vt 0.321907997 0.875976980
vt 0.346322000 0.876953006
vt 0.325814009 0.820312977
vt 0.355111003 0.829101980
vt 0.321907997 0.875976980
vt 0.340463012 0.920898020
vt 0.318978995 0.920898020
vt 0.340463012 0.920898020
vt 0.321907997 0.875976980
vt 0.346322000 0.876953006
vt 0.385385007 0.614257991
vt 0.424447000 0.586914003
vt 0.430307001 0.614257991
vt 0.424447000 0.586914003
vt 0.385385007 0.614257991
vt 0.379525006 0.583984017
vt 0.500618994 0.591796994
vt 0.489342004 0.615234017
vt 0.462532997 0.588867009
vt 0.489342004 0.615234017
vt 0.500618994 0.591796994
vt 0.500618994 0.616203010
vt 0.259407997 0.568638980
vt 0.324838012 0.591796994
vt 0.257454991 0.590820014
vt 0.324838012 0.591796994
vt 0.259407997 0.568638980
vt 0.346322000 0.559849977
vt 0.257454991 0.590820014
vt 0.319954991 0.613281012
vt 0.260385007 0.610351980
vt 0.319954991 0.613281012
vt 0.257454991 0.590820014
vt 0.324838012 0.591796994
vt 0.260385007 0.610351980
vt 0.321907997 0.630859017
vt 0.263314009 0.629882991
vt 0.321907997 0.630859017
vt 0.260385007 0.610351980
vt 0.319954991 0.613281012
vt 0.396126986 0.833007991
vt 0.368782997 0.774414003
vt 0.406868994 0.771484017
vt 0.368782997 0.774414003
vt 0.396126986 0.833007991
vt 0.355111003 0.829101980
vt 0.355111003 0.829101980
vt 0.324838012 0.770507991
vt 0.368782997 0.774414003
vt 0.324838012 0.770507991
vt 0.355111003 0.829101980
vt 0.325814009 0.820312977
vt 0.324838012 0.770507991
vt 0.276986003 0.825195014
vt 0.278939009 0.771484017
vt 0.276986003 0.825195014
vt 0.324838012 0.770507991
vt 0.325814009 0.820312977
vt 0.278939009 0.771484017
vt 0.242807001 0.829101980
vt 0.233041003 0.771484017
vt 0.242807001 0.829101980
vt 0.278939009 0.771484017
vt 0.276986003 0.825195014
vt 0.346322000 0.559849977
vt 0.379525006 0.583984017
vt 0.324838012 0.591796994
vt 0.379525006 0.583984017
vt 0.346322000 0.559849977
vt 0.395150006 0.576452017
vt 0.324838012 0.591796994
vt 0.385385007 0.614257991
vt 0.319954991 0.613281012
vt 0.385385007 0.614257991
vt 0.324838012 0.591796994
vt 0.379525006 0.583984017
vt 0.319954991 0.613281012
vt 0.385385007 0.614257991
vt 0.321907997 0.630859017
vt 0.462532997 0.588867009
vt 0.489342004 0.615234017
vt 0.430307001 0.614257991
vt 0.424447000 0.586914003
vt 0.462532997 0.588867009
vt 0.430307001 0.614257991
vt 0.430307001 0.614257991
vt 0.464486003 0.710937977
vt 0.418588012 0.711914003
vt 0.418588012 0.711914003
vt 0.449838012 0.772460997
vt 0.406868994 0.771484017
vt 0.449838012 0.772460997
vt 0.418588012 0.711914003
vt 0.464486003 0.710937977
vt 0.406868994 0.771484017
vt 0.434213012 0.843750000
vt 0.396126986 0.833007991
vt 0.434213012 0.843750000
vt 0.406868994 0.771484017
vt 0.449838012 0.772460997
vt 0.434213012 0.843750000
vt 0.387338012 0.876953006
vt 0.396126986 0.833007991
vt 0.387338012 0.876953006
vt 0.434213012 0.843750000
vt 0.424447000 0.878906012
vt 0.424447000 0.878906012
vt 0.377572000 0.921875000
vt 0.387338012 0.876953006
vt 0.377572000 0.921875000
vt 0.424447000 0.878906012
vt 0.409799010 0.923828006
vt 0.416635007 0.535561979
vt 0.424447000 0.586914003
vt 0.395150006 0.576452017
vt 0.395150006 0.576452017
vt 0.424447000 0.586914003
vt 0.379525006 0.583984017
vt 0.218750000 0.617187977
vt 0.214844003 0.617187977
vt 0.217416003 0.610351980
vt 0.500618994 0.591796994
vt 0.462532997 0.588867009
vt 0.454721004 0.535561979
vt 0.210938007 0.570591986
vt 0.257454991 0.590820014
vt 0.210938007 0.589843988
vt 0.257454991 0.590820014
vt 0.210938007 0.570591986
vt 0.259407997 0.568638980
vt 0.257454991 0.590820014
vt 0.210938007 0.609375000
vt 0.210938007 0.589843988
vt 0.210938007 0.609375000
vt 0.257454991 0.590820014
vt 0.260385007 0.610351980
vt 0.210938007 0.609375000
vt 0.260385007 0.610351980
vt 0.216440007 0.603515983
vt 0.216440007 0.603515983
vt 0.263314009 0.629882991
vt 0.217416003 0.610351980
vt 0.263314009 0.629882991
vt 0.218750000 0.617187977
vt 0.217416003 0.610351980
vt 0.430307001 0.614257991
vt 0.489342004 0.615234017
vt 0.464486003 0.710937977
vt 0.340463012 0.920898020
vt 0.370736003 0.953125000
vt 0.338510007 0.952148020
vt 0.370736003 0.953125000
vt 0.340463012 0.920898020
vt 0.377572000 0.921875000
vt 0.254525006 0.921875000
vt 0.288704991 0.952148020
vt 0.259407997 0.953125000
vt 0.288704991 0.952148020
vt 0.254525006 0.921875000
vt 0.283822000 0.921875000
vt 0.283822000 0.921875000
vt 0.317025006 0.952148020
vt 0.288704991 0.952148020
vt 0.317025006 0.952148020
vt 0.283822000 0.921875000
vt 0.318978995 0.920898020
vt 0.318978995 0.920898020
vt 0.338510007 0.952148020
vt 0.317025006 0.952148020
vt 0.338510007 0.952148020
vt 0.318978995 0.920898020
vt 0.340463012 0.920898020
vt 0.377572000 0.921875000
vt 0.397103995 0.955078006
vt 0.370736003 0.953125000
vt 0.397103995 0.955078006
vt 0.377572000 0.921875000
vt 0.409799010 0.923828006
vt 0.338510007 0.952148020
vt 0.363900006 0.980468988
vt 0.335579991 0.980468988
vt 0.363900006 0.980468988
vt 0.338510007 0.952148020
vt 0.370736003 0.953125000
vt 0.259407997 0.953125000
vt 0.292611003 0.980468988
vt 0.263314009 0.980468988
vt 0.292611003 0.980468988
vt 0.259407997 0.953125000
vt 0.288704991 0.952148020
vt 0.288704991 0.952148020
vt 0.314096004 0.980468988
vt 0.292611003 0.980468988
vt 0.314096004 0.980468988
vt 0.288704991 0.952148020
vt 0.317025006 0.952148020
vt 0.317025006 0.952148020
vt 0.335579991 0.980468988
vt 0.314096004 0.980468988
vt 0.335579991 0.980468988
vt 0.317025006 0.952148020
vt 0.338510007 0.952148020
vt 0.370736003 0.953125000
vt 0.386361003 0.981445014
vt 0.363900006 0.980468988
vt 0.386361003 0.981445014
vt 0.370736003 0.953125000
vt 0.397103995 0.955078006
vt 0.335579991 0.980468988
vt 0.363900006 0.980468988
vt 0.361947000 0.993164003
vt 0.263314009 0.980468988
vt 0.292611003 0.980468988
vt 0.285775006 0.992187977
vt 0.292611003 0.980468988
vt 0.316049010 0.992187977
vt 0.285775006 0.992187977
vt 0.316049010 0.992187977
vt 0.292611003 0.980468988
vt 0.314096004 0.980468988
vt 0.314096004 0.980468988
vt 0.361947000 0.993164003
vt 0.316049010 0.992187977
vt 0.361947000 0.993164003
vt 0.314096004 0.980468988
vt 0.335579991 0.980468988
vt 0.363900006 0.980468988
vt 0.386361003 0.981445014
vt 0.361947000 0.993164003
vt 0.492639005 0.565295994
vt 0.489445001 0.565295994
vt 0.492852002 0.565297008
vt 0.495088011 0.565295994
vt 0.492639005 0.565295994
vt 0.492852002 0.565297008
vt 0.496472001 0.565295994
vt 0.495088011 0.565295994
vt 0.492852002 0.565297008
vt 0.498140007 0.565298021
vt 0.496472001 0.565298021
vt 0.492852002 0.565297008
vt 0.489445001 0.565295994
vt 0.487612009 0.565295994
vt 0.492852002 0.565297008
vt 0.546494007 0.535561979
vt 0.500618994 0.591796994
vt 0.500618994 0.535561979
vt 0.500618994 0.591796994
vt 0.454721004 0.535561979
vt 0.500618994 0.535561979
vt 0.741210997 0.610741973
vt 0.781250000 0.605468988
vt 0.738281012 0.629882991
vt 0.216440007 0.603515983
vt 0.260385007 0.610351980
vt 0.263314009 0.629882991
vn 0.793210908 -0.554434323 -0.251831366
vn -0.038017042 -0.588536321 -0.807576438
vn 0.047446619 -0.979455446 -0.195999609
vn -0.038017042 -0.588536321 -0.807576438
vn 0.793210908 -0.554434323 -0.251831366
vn 0.121617389 -0.250628139 -0.960413842
vn 0.599606590 0.098742251 -0.794180021
vn 0.793210908 -0.554434323 -0.251831366
vn 0.971000744 0.070238887 -0.228525830
vn 0.793210908 -0.554434323 -0.251831366
vn 0.599606590 0.098742251 -0.794180021
vn 0.121617389 -0.250628139 -0.960413842
vn 0.413581975 0.710985959 -0.568725695
vn 0.762704231 0.627818575 -0.155325766
vn 0.355388310 0.920565355 0.162044982
vn 0.762704231 0.627818575 -0.155325766
vn 0.413581975 0.710985959 -0.568725695
vn 0.599606590 0.098742251 -0.794180021
vn 0.047446619 -0.979455446 -0.195999609
vn -0.184465053 -0.679211161 -0.710383589
vn -0.213395371 -0.959685202 -0.182939140
vn -0.184465053 -0.679211161 -0.710383589
vn 0.047446619 -0.979455446 -0.195999609
vn -0.038017042 -0.588536321 -0.807576438
vn 0.031824588 0.983627824 -0.177379537
vn 0.832046117 0.546841128 -0.093080822
vn -0.337342779 0.929092674 -0.151613496
vn 0.832046117 0.546841128 -0.093080822
vn 0.031824588 0.983627824 -0.177379537
vn 0.929863018 0.325863250 -0.170786151
vn 0.832046117 0.546841128 -0.093080822
vn -0.121846309 0.991568714 0.044101739
vn -0.337342779 0.929092674 -0.151613496
vn -0.121846309 0.991568714 0.044101739
vn 0.832046117 0.546841128 -0.093080822
vn 0.890822822 0.446865252 0.082134928
vn -0.859920331 0.456333687 0.228684477
vn -0.563716162 -0.756369437 0.331857444
vn -0.116529306 -0.887637312 0.445556868
vn -0.563716162 -0.756369437 0.331857444
vn -0.859920331 0.456333687 0.228684477
vn -0.946848751 0.315875936 0.060826278
vn -0.946848751 0.315875936 0.060826278
vn -0.796569408 -0.601603073 0.059589597
vn -0.563716162 -0.756369437 0.331857444
vn -0.796569408 -0.601603073 0.059589597
vn -0.946848751 0.315875936 0.060826278
vn -0.933327241 0.358749951 -0.014097281
vn -0.116529306 -0.887637312 0.445556868
vn 0.722718932 -0.671599560 0.163191228
vn 0.810319274 -0.539862064 0.227885115
vn 0.722718932 -0.671599560 0.163191228
vn -0.116529306 -0.887637312 0.445556868
vn -0.563716162 -0.756369437 0.331857444
vn -0.563716162 -0.756369437 0.331857444
vn 0.561177741 -0.826979703 0.034410947
vn 0.722718932 -0.671599560 0.163191228
vn 0.561177741 -0.826979703 0.034410947
vn -0.563716162 -0.756369437 0.331857444
vn -0.796569408 -0.601603073 0.059589597
vn 0.810319274 -0.539862064 0.227885115
vn 0.832046117 0.546841128 -0.093080822
vn 0.929863018 0.325863250 -0.170786151
vn 0.832046117 0.546841128 -0.093080822
vn 0.810319274 -0.539862064 0.227885115
vn 0.722718932 -0.671599560 0.163191228
vn 0.722718932 -0.671599560 0.163191228
vn 0.890822822 0.446865252 0.082134928
vn 0.832046117 0.546841128 -0.093080822
vn 0.890822822 0.446865252 0.082134928
vn 0.722718932 -0.671599560 0.163191228
vn 0.561177741 -0.826979703 0.034410947
vn 0.267402717 0.921174751 0.282724008
vn 0.878418119 0.466461593 0.103899907
vn -0.113857799 0.957985659 0.263248703
vn 0.878418119 0.466461593 0.103899907
vn 0.267402717 0.921174751 0.282724008
vn 0.900115972 0.433164319 0.046474823
vn -0.113857799 0.957985659 0.263248703
vn 0.883655800 0.465980081 0.044888654
vn -0.550479508 0.829182817 0.097098747
vn 0.883655800 0.465980081 0.044888654
vn -0.113857799 0.957985659 0.263248703
vn 0.878418119 0.466461593 0.103899907
vn -0.952196537 0.278075263 0.126474912
vn -0.476354849 -0.879043375 -0.019204230
vn -0.217704902 -0.934154072 -0.282773311
vn -0.476354849 -0.879043375 -0.019204230
vn -0.952196537 0.278075263 0.126474912
vn -0.951184240 0.244153108 0.188779772
vn -0.951184240 0.244153108 0.188779772
vn -0.541392150 -0.825391998 -0.160070577
vn -0.476354849 -0.879043375 -0.019204230
vn -0.541392150 -0.825391998 -0.160070577
vn -0.951184240 0.244153108 0.188779772
vn -0.991677189 0.128702609 -0.003462855
vn -0.217704902 -0.934154072 -0.282773311
vn 0.586945790 -0.804302652 -0.092692418
vn 0.785428635 -0.579275531 -0.218040634
vn 0.586945790 -0.804302652 -0.092692418
vn -0.217704902 -0.934154072 -0.282773311
vn -0.476354849 -0.879043375 -0.019204230
vn -0.476354849 -0.879043375 -0.019204230
vn 0.593988808 -0.773194991 -0.222141401
vn 0.586945790 -0.804302652 -0.092692418
vn 0.593988808 -0.773194991 -0.222141401
vn -0.476354849 -0.879043375 -0.019204230
vn -0.541392150 -0.825391998 -0.160070577
vn 0.785428635 -0.579275531 -0.218040634
vn 0.878418119 0.466461593 0.103899907
vn 0.900115972 0.433164319 0.046474823
vn 0.878418119 0.466461593 0.103899907
vn 0.785428635 -0.579275531 -0.218040634
vn 0.586945790 -0.804302652 -0.092692418
vn 0.586945790 -0.804302652 -0.092692418
vn 0.883655800 0.465980081 0.044888654
vn 0.878418119 0.466461593 0.103899907
vn 0.883655800 0.465980081 0.044888654
vn 0.586945790 -0.804302652 -0.092692418
vn 0.593988808 -0.773194991 -0.222141401
vn 0.929863018 0.325863250 -0.170786151
vn 0.762704231 0.627818575 -0.155325766
vn 0.980102808 -0.043055996 -0.193764460
vn 0.762704231 0.627818575 -0.155325766
vn 0.929863018 0.325863250 -0.170786151
vn 0.031824588 0.983627824 -0.177379537
vn 0.312848244 0.944584995 0.099424161
vn -0.859920331 0.456333687 0.228684477
vn 0.850950823 0.325535932 0.412200260
vn -0.859920331 0.456333687 0.228684477
vn 0.312848244 0.944584995 0.099424161
vn 0.355388310 0.920565355 0.162044982
vn 0.047446619 -0.979455446 -0.195999609
vn 0.769551104 -0.624913609 -0.131430891
vn 0.793210908 -0.554434323 -0.251831366
vn 0.769551104 -0.624913609 -0.131430891
vn 0.047446619 -0.979455446 -0.195999609
vn 0.027042635 -0.996492513 0.079191970
vn 0.027042635 -0.996492513 0.079191970
vn 0.669340380 -0.738370746 0.082414177
vn 0.769551104 -0.624913609 -0.131430891
vn 0.669340380 -0.738370746 0.082414177
vn 0.027042635 -0.996492513 0.079191970
vn 0.092244435 -0.850938735 0.517101763
vn 0.092244435 -0.850938735 0.517101763
vn 0.810319274 -0.539862064 0.227885115
vn 0.669340380 -0.738370746 0.082414177
vn 0.810319274 -0.539862064 0.227885115
vn 0.092244435 -0.850938735 0.517101763
vn -0.116529306 -0.887637312 0.445556868
vn 0.267402717 0.921174751 0.282724008
vn 0.890822822 0.446865252 0.082134928
vn 0.900115972 0.433164319 0.046474823
vn 0.890822822 0.446865252 0.082134928
vn 0.267402717 0.921174751 0.282724008
vn -0.121846309 0.991568714 0.044101739
vn 0.900115972 0.433164319 0.046474823
vn 0.561177741 -0.826979703 0.034410947
vn 0.785428635 -0.579275531 -0.218040634
vn 0.561177741 -0.826979703 0.034410947
vn 0.900115972 0.433164319 0.046474823
vn 0.890822822 0.446865252 0.082134928
vn 0.561177741 -0.826979703 0.034410947
vn -0.217704902 -0.934154072 -0.282773311
vn 0.785428635 -0.579275531 -0.218040634
vn -0.217704902 -0.934154072 -0.282773311
vn 0.561177741 -0.826979703 0.034410947
vn -0.796569408 -0.601603073 0.059589597
vn -0.796569408 -0.601603073 0.059589597
vn -0.952196537 0.278075263 0.126474912
vn -0.217704902 -0.934154072 -0.282773311
vn -0.952196537 0.278075263 0.126474912
vn -0.796569408 -0.601603073 0.059589597
vn -0.933327241 0.358749951 -0.014097281
vn 0.793210908 -0.554434323 -0.251831366
vn 0.980102808 -0.043055996 -0.193764460
vn 0.971000744 0.070238887 -0.228525830
vn 0.980102808 -0.043055996 -0.193764460
vn 0.793210908 -0.554434323 -0.251831366
vn 0.769551104 -0.624913609 -0.131430891
vn 0.769551104 -0.624913609 -0.131430891
vn 0.929863018 0.325863250 -0.170786151
vn 0.980102808 -0.043055996 -0.193764460
vn 0.929863018 0.325863250 -0.170786151
vn 0.769551104 -0.624913609 -0.131430891
vn 0.669340380 -0.738370746 0.082414177
vn 0.669340380 -0.738370746 0.082414177
vn 0.810319274 -0.539862064 0.227885115
vn 0.929863018 0.325863250 -0.170786151
vn 0.355388310 0.920565355 0.162044982
vn 0.031824588 0.983627824 -0.177379537
vn -0.859920331 0.456333687 0.228684477
vn 0.762704231 0.627818575 -0.155325766
vn 0.031824588 0.983627824 -0.177379537
vn 0.355388310 0.920565355 0.162044982
vn 0.031824588 0.983627824 -0.177379537
vn -0.337342779 0.929092674 -0.151613496
vn -0.946848751 0.315875936 0.060826278
vn -0.337342779 0.929092674 -0.151613496
vn -0.933327241 0.358749951 -0.014097281
vn -0.946848751 0.315875936 0.060826278
vn -0.933327241 0.358749951 -0.014097281
vn -0.337342779 0.929092674 -0.151613496
vn -0.121846309 0.991568714 0.044101739
vn -0.121846309 0.991568714 0.044101739
vn -0.952196537 0.278075263 0.126474912
vn -0.933327241 0.358749951 -0.014097281
vn -0.952196537 0.278075263 0.126474912
vn -0.121846309 0.991568714 0.044101739
vn 0.267402717 0.921174751 0.282724008
vn -0.952196537 0.278075263 0.126474912
vn -0.113857799 0.957985659 0.263248703
vn -0.951184240 0.244153108 0.188779772
vn -0.113857799 0.957985659 0.263248703
vn -0.952196537 0.278075263 0.126474912
vn 0.267402717 0.921174751 0.282724008
vn -0.951184240 0.244153108 0.188779772
vn -0.550479508 0.829182817 0.097098747
vn -0.991677189 0.128702609 -0.003462855
vn -0.550479508 0.829182817 0.097098747
vn -0.951184240 0.244153108 0.188779772
vn -0.113857799 0.957985659 0.263248703
vn 0.599606590 0.098742251 -0.794180021
vn 0.971000744 0.070238887 -0.228525830
vn 0.762704231 0.627818575 -0.155325766
vn 0.971000744 0.070238887 -0.228525830
vn 0.980102808 -0.043055996 -0.193764460
vn 0.762704231 0.627818575 -0.155325766
vn -0.859920331 0.456333687 0.228684477
vn 0.585804538 0.224822956 0.778644772
vn 0.850950823 0.325535932 0.412200260
vn 0.312848244 0.944584995 0.099424161
vn 0.413581975 0.710985959 -0.568725695
vn 0.355388310 0.920565355 0.162044982
vn -0.213395371 -0.959685202 -0.182939140
vn 0.027042635 -0.996492513 0.079191970
vn 0.047446619 -0.979455446 -0.195999609
vn 0.027042635 -0.996492513 0.079191970
vn -0.213395371 -0.959685202 -0.182939140
vn -0.216113191 -0.976244440 0.015552554
vn 0.027042635 -0.996492513 0.079191970
vn -0.203482210 -0.925752859 0.318710895
vn 0.092244435 -0.850938735 0.517101763
vn -0.203482210 -0.925752859 0.318710895
vn 0.027042635 -0.996492513 0.079191970
vn -0.216113191 -0.976244440 0.015552554
vn -0.203482210 -0.925752859 0.318710895
vn -0.118872223 -0.572672063 0.811120277
vn 0.092244435 -0.850938735 0.517101763
vn -0.118872223 -0.572672063 0.811120277
vn 0.585804538 0.224822956 0.778644772
vn -0.116529306 -0.887637312 0.445556868
vn -0.116529306 -0.887637312 0.445556868
vn 0.585804538 0.224822956 0.778644772
vn -0.859920331 0.456333687 0.228684477
vn 0.031824588 0.983627824 -0.177379537
vn -0.946848751 0.315875936 0.060826278
vn -0.859920331 0.456333687 0.228684477
vn 0.883655800 0.465980081 0.044888654
vn -0.256548472 0.966436167 0.013565283
vn -0.550479508 0.829182817 0.097098747
vn -0.256548472 0.966436167 0.013565283
vn 0.883655800 0.465980081 0.044888654
vn 0.827933940 0.517087984 -0.217129931
vn -0.991677189 0.128702609 -0.003462855
vn -0.457976254 -0.860776563 -0.222084353
vn -0.541392150 -0.825391998 -0.160070577
vn -0.457976254 -0.860776563 -0.222084353
vn -0.991677189 0.128702609 -0.003462855
vn -0.992583538 0.116559148 0.034523688
vn -0.541392150 -0.825391998 -0.160070577
vn 0.638551630 -0.647085997 -0.416571156
vn 0.593988808 -0.773194991 -0.222141401
vn 0.638551630 -0.647085997 -0.416571156
vn -0.541392150 -0.825391998 -0.160070577
vn -0.457976254 -0.860776563 -0.222084353
vn 0.593988808 -0.773194991 -0.222141401
vn 0.827933940 0.517087984 -0.217129931
vn 0.883655800 0.465980081 0.044888654
vn 0.827933940 0.517087984 -0.217129931
vn 0.593988808 -0.773194991 -0.222141401
vn 0.638551630 -0.647085997 -0.416571156
vn -0.550479508 0.829182817 0.097098747
vn -0.992583538 0.116559148 0.034523688
vn -0.991677189 0.128702609 -0.003462855
vn -0.992583538 0.116559148 0.034523688
vn -0.550479508 0.829182817 0.097098747
vn -0.256548472 0.966436167 0.013565283
vn 0.827933940 0.517087984 -0.217129931
vn 0.172661190 0.614190464 0.770037783
vn -0.256548472 0.966436167 0.013565283
vn 0.172661190 0.614190464 0.770037783
vn 0.827933940 0.517087984 -0.217129931
vn 0.788249873 0.279960029 0.547982226
vn -0.992583538 0.116559148 0.034523688
vn -0.209706740 -0.642139774 0.737346319
vn -0.457976254 -0.860776563 -0.222084353
vn -0.209706740 -0.642139774 0.737346319
vn -0.992583538 0.116559148 0.034523688
vn -0.417244761 0.235112233 0.877854798
vn -0.457976254 -0.860776563 -0.222084353
vn 0.614434323 -0.661243231 0.430381056
vn 0.638551630 -0.647085997 -0.416571156
vn 0.614434323 -0.661243231 0.430381056
vn -0.457976254 -0.860776563 -0.222084353
vn -0.209706740 -0.642139774 0.737346319
vn 0.638551630 -0.647085997 -0.416571156
vn 0.788249873 0.279960029 0.547982226
vn 0.827933940 0.517087984 -0.217129931
vn 0.788249873 0.279960029 0.547982226
vn 0.638551630 -0.647085997 -0.416571156
vn 0.614434323 -0.661243231 0.430381056
vn -0.256548472 0.966436167 0.013565283
vn -0.417244761 0.235112233 0.877854798
vn -0.992583538 0.116559148 0.034523688
vn -0.417244761 0.235112233 0.877854798
vn -0.256548472 0.966436167 0.013565283
vn 0.172661190 0.614190464 0.770037783
vn 0.788249873 0.279960029 0.547982226
vn 0.277340923 0.042896951 0.959813453
vn 0.172661190 0.614190464 0.770037783
vn -0.417244761 0.235112233 0.877854798
vn 0.277340923 0.042896951 0.959813453
vn -0.209706740 -0.642139774 0.737346319
vn -0.209706740 -0.642139774 0.737346319
vn 0.353157074 -0.287249961 0.890374944
vn 0.614434323 -0.661243231 0.430381056
vn 0.353157074 -0.287249961 0.890374944
vn -0.209706740 -0.642139774 0.737346319
vn 0.277340923 0.042896951 0.959813453
vn 0.614434323 -0.661243231 0.430381056
vn 0.277340923 0.042896951 0.959813453
vn 0.788249873 0.279960029 0.547982226
vn 0.277340923 0.042896951 0.959813453
vn 0.614434323 -0.661243231 0.430381056
vn 0.353157074 -0.287249961 0.890374944
vn 0.172661190 0.614190464 0.770037783
vn 0.277340923 0.042896951 0.959813453
vn -0.417244761 0.235112233 0.877854798
vn 0.121617389 -0.250628139 -0.960413842
vn -0.080228785 -0.069144832 -0.994375349
vn -0.038017042 -0.588536321 -0.807576438
vn 0.599606590 0.098742251 -0.794180021
vn -0.080228785 -0.069144832 -0.994375349
vn 0.121617389 -0.250628139 -0.960413842
vn 0.413581975 0.710985959 -0.568725695
vn -0.080228785 -0.069144832 -0.994375349
vn 0.599606590 0.098742251 -0.794180021
vn 0.077366613 0.665844307 -0.742068572
vn -0.080228785 -0.069144832 -0.994375349
vn 0.413581975 0.710985959 -0.568725695
vn -0.038017042 -0.588536321 -0.807576438
vn -0.080228785 -0.069144832 -0.994375349
vn -0.184465053 -0.679211161 -0.710383589
vn -0.942322799 -0.227676399 -0.245338948
vn -0.249931904 -0.485125735 -0.837966028
vn -0.231488985 -0.147667746 -0.961564915
vn -0.249931904 -0.485125735 -0.837966028
vn -0.942322799 -0.227676399 -0.245338948
vn -0.456322272 -0.869735899 -0.187961298
vn -0.473902706 0.259583459 -0.841446762
vn -0.942322799 -0.227676399 -0.245338948
vn -0.231488985 -0.147667746 -0.961564915
vn -0.942322799 -0.227676399 -0.245338948
vn -0.473902706 0.259583459 -0.841446762
vn -0.926857620 0.364018828 -0.091789135
vn -0.164684361 0.803167893 -0.572538555
vn -0.673387703 0.708682501 -0.210518677
vn -0.473902706 0.259583459 -0.841446762
vn -0.673387703 0.708682501 -0.210518677
vn -0.164684361 0.803167893 -0.572538555
vn -0.091626347 0.992486725 -0.081084601
vn -0.456322272 -0.869735899 -0.187961298
vn -0.184465053 -0.679211161 -0.710383589
vn -0.249931904 -0.485125735 -0.837966028
vn -0.184465053 -0.679211161 -0.710383589
vn -0.456322272 -0.869735899 -0.187961298
vn -0.213395371 -0.959685202 -0.182939140
vn -0.428163659 0.887142981 -0.172201079
vn -0.982437213 0.097842613 -0.158883436
vn -0.965497407 0.149661508 -0.213110745
vn -0.982437213 0.097842613 -0.158883436
vn -0.428163659 0.887142981 -0.172201079
vn -0.162055102 0.983271042 -0.083163703
vn -0.982437213 0.097842613 -0.158883436
vn -0.393545610 0.917739603 0.053627183
vn -0.997866715 -0.063325472 -0.015871469
vn -0.393545610 0.917739603 0.053627183
vn -0.982437213 0.097842613 -0.158883436
vn -0.162055102 0.983271042 -0.083163703
vn 0.710846401 0.666586272 0.224410640
vn 0.837955426 -0.431579922 0.334020171
vn 0.655119477 0.733675041 0.180386823
vn 0.837955426 -0.431579922 0.334020171
vn 0.710846401 0.666586272 0.224410640
vn 0.577564355 -0.703193342 0.414654724
vn 0.655119477 0.733675041 0.180386823
vn 0.979703942 -0.147361196 0.135885480
vn 0.629646377 0.771671157 0.089827978
vn 0.979703942 -0.147361196 0.135885480
vn 0.655119477 0.733675041 0.180386823
vn 0.837955426 -0.431579922 0.334020171
vn 0.577564355 -0.703193342 0.414654724
vn -0.432836990 -0.894846546 0.109095369
vn 0.837955426 -0.431579922 0.334020171
vn -0.432836990 -0.894846546 0.109095369
vn 0.577564355 -0.703193342 0.414654724
vn -0.699206271 -0.714778795 -0.014207890
vn 0.837955426 -0.431579922 0.334020171
vn -0.068102411 -0.997184324 -0.031392443
vn 0.979703942 -0.147361196 0.135885480
vn -0.068102411 -0.997184324 -0.031392443
vn 0.837955426 -0.431579922 0.334020171
vn -0.432836990 -0.894846546 0.109095369
vn -0.699206271 -0.714778795 -0.014207890
vn -0.982437213 0.097842613 -0.158883436
vn -0.432836990 -0.894846546 0.109095369
vn -0.982437213 0.097842613 -0.158883436
vn -0.699206271 -0.714778795 -0.014207890
vn -0.965497407 0.149661508 -0.213110745
vn -0.432836990 -0.894846546 0.109095369
vn -0.997866715 -0.063325472 -0.015871469
vn -0.068102411 -0.997184324 -0.031392443
vn -0.997866715 -0.063325472 -0.015871469
vn -0.432836990 -0.894846546 0.109095369
vn -0.982437213 0.097842613 -0.158883436
vn -0.720967925 0.663052196 0.201412602
vn -0.999615910 -0.026421775 -0.008361960
vn -0.995395923 -0.069444781 -0.066063442
vn -0.999615910 -0.026421775 -0.008361960
vn -0.720967925 0.663052196 0.201412602
vn -0.399688377 0.891960352 0.211319503
vn -0.399688377 0.891960352 0.211319503
vn -0.984583816 -0.064346339 -0.162647650
vn -0.999615910 -0.026421775 -0.008361960
vn -0.984583816 -0.064346339 -0.162647650
vn -0.399688377 0.891960352 0.211319503
vn -0.159601669 0.986543692 -0.035480299
vn 0.677354599 0.708505107 0.198018333
vn 0.844121722 -0.529964402 0.081217302
vn 0.679810586 0.680015793 0.274656310
vn 0.844121722 -0.529964402 0.081217302
vn 0.677354599 0.708505107 0.198018333
vn 0.676729983 -0.709730549 -0.195752594
vn 0.679810586 0.680015793 0.274656310
vn 0.950632755 -0.308859382 -0.030054075
vn 0.715804893 0.697661559 -0.029861409
vn 0.950632755 -0.308859382 -0.030054075
vn 0.679810586 0.680015793 0.274656310
vn 0.844121722 -0.529964402 0.081217302
vn 0.676729983 -0.709730549 -0.195752594
vn -0.103859133 -0.989971419 -0.095759438
vn 0.844121722 -0.529964402 0.081217302
vn -0.103859133 -0.989971419 -0.095759438
vn 0.676729983 -0.709730549 -0.195752594
vn -0.368885644 -0.895342445 -0.249570208
vn 0.844121722 -0.529964402 0.081217302
vn -0.122081371 -0.967972789 -0.219373696
vn 0.950632755 -0.308859382 -0.030054075
vn -0.122081371 -0.967972789 -0.219373696
vn 0.844121722 -0.529964402 0.081217302
vn -0.103859133 -0.989971419 -0.095759438
vn -0.368885644 -0.895342445 -0.249570208
vn -0.999615910 -0.026421775 -0.008361960
vn -0.103859133 -0.989971419 -0.095759438
vn -0.999615910 -0.026421775 -0.008361960
vn -0.368885644 -0.895342445 -0.249570208
vn -0.995395923 -0.069444781 -0.066063442
vn -0.103859133 -0.989971419 -0.095759438
vn -0.984583816 -0.064346339 -0.162647650
vn -0.122081371 -0.967972789 -0.219373696
vn -0.984583816 -0.064346339 -0.162647650
vn -0.103859133 -0.989971419 -0.095759438
vn -0.999615910 -0.026421775 -0.008361960
vn -0.965497407 0.149661508 -0.213110745
vn -0.673387703 0.708682501 -0.210518677
vn -0.428163659 0.887142981 -0.172201079
vn -0.673387703 0.708682501 -0.210518677
vn -0.965497407 0.149661508 -0.213110745
vn -0.932737921 0.294007859 -0.208708766
vn 0.312848244 0.944584995 0.099424161
vn 0.710846401 0.666586272 0.224410640
vn -0.091626347 0.992486725 -0.081084601
vn 0.710846401 0.666586272 0.224410640
vn 0.312848244 0.944584995 0.099424161
vn 0.850950823 0.325535932 0.412200260
vn -0.456322272 -0.869735899 -0.187961298
vn -0.866387520 -0.485583263 -0.116539949
vn -0.399389298 -0.916183537 0.033104617
vn -0.866387520 -0.485583263 -0.116539949
vn -0.456322272 -0.869735899 -0.187961298
vn -0.942322799 -0.227676399 -0.245338948
vn -0.399389298 -0.916183537 0.033104617
vn -0.741214355 -0.636613319 0.212896131
vn -0.334905883 -0.806858932 0.486638175
vn -0.741214355 -0.636613319 0.212896131
vn -0.399389298 -0.916183537 0.033104617
vn -0.866387520 -0.485583263 -0.116539949
vn -0.334905883 -0.806858932 0.486638175
vn -0.699206271 -0.714778795 -0.014207890
vn 0.577564355 -0.703193342 0.414654724
vn -0.699206271 -0.714778795 -0.014207890
vn -0.334905883 -0.806858932 0.486638175
vn -0.741214355 -0.636613319 0.212896131
vn -0.720967925 0.663052196 0.201412602
vn -0.997866715 -0.063325472 -0.015871469
vn -0.393545610 0.917739603 0.053627183
vn -0.997866715 -0.063325472 -0.015871469
vn -0.720967925 0.663052196 0.201412602
vn -0.995395923 -0.069444781 -0.066063442
vn -0.995395923 -0.069444781 -0.066063442
vn -0.068102411 -0.997184324 -0.031392443
vn -0.997866715 -0.063325472 -0.015871469
vn -0.068102411 -0.997184324 -0.031392443
vn -0.995395923 -0.069444781 -0.066063442
vn -0.368885644 -0.895342445 -0.249570208
vn -0.068102411 -0.997184324 -0.031392443
vn 0.676729983 -0.709730549 -0.195752594
vn 0.979703942 -0.147361196 0.135885480
vn 0.676729983 -0.709730549 -0.195752594
vn -0.068102411 -0.997184324 -0.031392443
vn -0.368885644 -0.895342445 -0.249570208
vn 0.979703942 -0.147361196 0.135885480
vn 0.677354599 0.708505107 0.198018333
vn 0.629646377 0.771671157 0.089827978
vn 0.677354599 0.708505107 0.198018333
vn 0.979703942 -0.147361196 0.135885480
vn 0.676729983 -0.709730549 -0.195752594
vn -0.942322799 -0.227676399 -0.245338948
vn -0.932737921 0.294007859 -0.208708766
vn -0.866387520 -0.485583263 -0.116539949
vn -0.932737921 0.294007859 -0.208708766
vn -0.942322799 -0.227676399 -0.245338948
vn -0.926857620 0.364018828 -0.091789135
vn -0.866387520 -0.485583263 -0.116539949
vn -0.965497407 0.149661508 -0.213110745
vn -0.741214355 -0.636613319 0.212896131
vn -0.965497407 0.149661508 -0.213110745
vn -0.866387520 -0.485583263 -0.116539949
vn -0.932737921 0.294007859 -0.208708766
vn -0.741214355 -0.636613319 0.212896131
vn -0.965497407 0.149661508 -0.213110745
vn -0.699206271 -0.714778795 -0.014207890
vn -0.091626347 0.992486725 -0.081084601
vn 0.710846401 0.666586272 0.224410640
vn -0.428163659 0.887142981 -0.172201079
vn -0.673387703 0.708682501 -0.210518677
vn -0.091626347 0.992486725 -0.081084601
vn -0.428163659 0.887142981 -0.172201079
vn -0.428163659 0.887142981 -0.172201079
vn 0.655119477 0.733675041 0.180386823
vn -0.162055102 0.983271042 -0.083163703
vn -0.162055102 0.983271042 -0.083163703
vn 0.629646377 0.771671157 0.089827978
vn -0.393545610 0.917739603 0.053627183
vn 0.629646377 0.771671157 0.089827978
vn -0.162055102 0.983271042 -0.083163703
vn 0.655119477 0.733675041 0.180386823
vn -0.393545610 0.917739603 0.053627183
vn 0.677354599 0.708505107 0.198018333
vn -0.720967925 0.663052196 0.201412602
vn 0.677354599 0.708505107 0.198018333
vn -0.393545610 0.917739603 0.053627183
vn 0.629646377 0.771671157 0.089827978
vn 0.677354599 0.708505107 0.198018333
vn -0.399688377 0.891960352 0.211319503
vn -0.720967925 0.663052196 0.201412602
vn -0.399688377 0.891960352 0.211319503
vn 0.677354599 0.708505107 0.198018333
vn 0.679810586 0.680015793 0.274656310
vn 0.679810586 0.680015793 0.274656310
vn -0.159601669 0.986543692 -0.035480299
vn -0.399688377 0.891960352 0.211319503
vn -0.159601669 0.986543692 -0.035480299
vn 0.679810586 0.680015793 0.274656310
vn 0.715804893 0.697661559 -0.029861409
vn -0.473902706 0.259583459 -0.841446762
vn -0.673387703 0.708682501 -0.210518677
vn -0.926857620 0.364018828 -0.091789135
vn -0.926857620 0.364018828 -0.091789135
vn -0.673387703 0.708682501 -0.210518677
vn -0.932737921 0.294007859 -0.208708766
vn 0.710846401 0.666586272 0.224410640
vn 0.850950823 0.325535932 0.412200260
vn 0.585804538 0.224822956 0.778644772
vn 0.312848244 0.944584995 0.099424161
vn -0.091626347 0.992486725 -0.081084601
vn -0.164684361 0.803167893 -0.572538555
vn -0.213395371 -0.959685202 -0.182939140
vn -0.399389298 -0.916183537 0.033104617
vn -0.216113191 -0.976244440 0.015552554
vn -0.399389298 -0.916183537 0.033104617
vn -0.213395371 -0.959685202 -0.182939140
vn -0.456322272 -0.869735899 -0.187961298
vn -0.399389298 -0.916183537 0.033104617
vn -0.203482210 -0.925752859 0.318710895
vn -0.216113191 -0.976244440 0.015552554
vn -0.203482210 -0.925752859 0.318710895
vn -0.399389298 -0.916183537 0.033104617
vn -0.334905883 -0.806858932 0.486638175
vn -0.203482210 -0.925752859 0.318710895
vn -0.334905883 -0.806858932 0.486638175
vn -0.118872223 -0.572672063 0.811120277
vn -0.118872223 -0.572672063 0.811120277
vn 0.577564355 -0.703193342 0.414654724
vn 0.585804538 0.224822956 0.778644772
vn 0.577564355 -0.703193342 0.414654724
vn 0.710846401 0.666586272 0.224410640
vn 0.585804538 0.224822956 0.778644772
vn -0.428163659 0.887142981 -0.172201079
vn 0.710846401 0.666586272 0.224410640
vn 0.655119477 0.733675041 0.180386823
vn -0.984583816 -0.064346339 -0.162647650
vn -0.591902809 0.802370391 -0.076503732
vn -0.935532707 -0.322912810 -0.143198711
vn -0.591902809 0.802370391 -0.076503732
vn -0.984583816 -0.064346339 -0.162647650
vn -0.159601669 0.986543692 -0.035480299
vn 0.715804893 0.697661559 -0.029861409
vn 0.962125887 -0.172643027 -0.210969577
vn 0.522137571 0.850947714 0.057099434
vn 0.962125887 -0.172643027 -0.210969577
vn 0.715804893 0.697661559 -0.029861409
vn 0.950632755 -0.308859382 -0.030054075
vn 0.950632755 -0.308859382 -0.030054075
vn -0.030473185 -0.970799330 -0.237949669
vn 0.962125887 -0.172643027 -0.210969577
vn -0.030473185 -0.970799330 -0.237949669
vn 0.950632755 -0.308859382 -0.030054075
vn -0.122081371 -0.967972789 -0.219373696
vn -0.122081371 -0.967972789 -0.219373696
vn -0.935532707 -0.322912810 -0.143198711
vn -0.030473185 -0.970799330 -0.237949669
vn -0.935532707 -0.322912810 -0.143198711
vn -0.122081371 -0.967972789 -0.219373696
vn -0.984583816 -0.064346339 -0.162647650
vn -0.159601669 0.986543692 -0.035480299
vn 0.522137571 0.850947714 0.057099434
vn -0.591902809 0.802370391 -0.076503732
vn 0.522137571 0.850947714 0.057099434
vn -0.159601669 0.986543692 -0.035480299
vn 0.715804893 0.697661559 -0.029861409
vn -0.935532707 -0.322912810 -0.143198711
vn -0.534315494 0.282945087 0.796523089
vn -0.653912978 -0.422446464 0.627643850
vn -0.534315494 0.282945087 0.796523089
vn -0.935532707 -0.322912810 -0.143198711
vn -0.591902809 0.802370391 -0.076503732
vn 0.522137571 0.850947714 0.057099434
vn 0.693799707 -0.172957231 0.699090669
vn 0.129322875 0.530231765 0.837931900
vn 0.693799707 -0.172957231 0.699090669
vn 0.522137571 0.850947714 0.057099434
vn 0.962125887 -0.172643027 -0.210969577
vn 0.962125887 -0.172643027 -0.210969577
vn 0.192188336 -0.859505793 0.473617393
vn 0.693799707 -0.172957231 0.699090669
vn 0.192188336 -0.859505793 0.473617393
vn 0.962125887 -0.172643027 -0.210969577
vn -0.030473185 -0.970799330 -0.237949669
vn -0.030473185 -0.970799330 -0.237949669
vn -0.653912978 -0.422446464 0.627643850
vn 0.192188336 -0.859505793 0.473617393
vn -0.653912978 -0.422446464 0.627643850
vn -0.030473185 -0.970799330 -0.237949669
vn -0.935532707 -0.322912810 -0.143198711
vn -0.591902809 0.802370391 -0.076503732
vn 0.129322875 0.530231765 0.837931900
vn -0.534315494 0.282945087 0.796523089
vn 0.129322875 0.530231765 0.837931900
vn -0.591902809 0.802370391 -0.076503732
vn 0.522137571 0.850947714 0.057099434
vn -0.653912978 -0.422446464 0.627643850
vn -0.534315494 0.282945087 0.796523089
vn -0.127024469 -0.132607439 0.982995448
vn 0.129322875 0.530231765 0.837931900
vn 0.693799707 -0.172957231 0.699090669
vn -0.127024469 -0.132607439 0.982995448
vn 0.693799707 -0.172957231 0.699090669
vn 0.085519181 -0.396496984 0.914044097
vn -0.127024469 -0.132607439 0.982995448
vn 0.085519181 -0.396496984 0.914044097
vn 0.693799707 -0.172957231 0.699090669
vn 0.192188336 -0.859505793 0.473617393
vn 0.192188336 -0.859505793 0.473617393
vn -0.127024469 -0.132607439 0.982995448
vn 0.085519181 -0.396496984 0.914044097
vn -0.127024469 -0.132607439 0.982995448
vn 0.192188336 -0.859505793 0.473617393
vn -0.653912978 -0.422446464 0.627643850
vn -0.534315494 0.282945087 0.796523089
vn 0.129322875 0.530231765 0.837931900
vn -0.127024469 -0.132607439 0.982995448
vn -0.231488985 -0.147667746 -0.961564915
vn -0.249931904 -0.485125735 -0.837966028
vn -0.080228785 -0.069144832 -0.994375349
vn -0.473902706 0.259583459 -0.841446762
vn -0.231488985 -0.147667746 -0.961564915
vn -0.080228785 -0.069144832 -0.994375349
vn -0.164684361 0.803167893 -0.572538555
vn -0.473902706 0.259583459 -0.841446762
vn -0.080228785 -0.069144832 -0.994375349
vn 0.077366613 0.665844307 -0.742068572
vn -0.164684361 0.803167893 -0.572538555
vn -0.080228785 -0.069144832 -0.994375349
vn -0.249931904 -0.485125735 -0.837966028
vn -0.184465053 -0.679211161 -0.710383589
vn -0.080228785 -0.069144832 -0.994375349
vn 0.413581975 0.710985959 -0.568725695
vn 0.312848244 0.944584995 0.099424161
vn 0.077366613 0.665844307 -0.742068572
vn 0.312848244 0.944584995 0.099424161
vn -0.164684361 0.803167893 -0.572538555
vn 0.077366613 0.665844307 -0.742068572
vn 0.092244435 -0.850938735 0.517101763
vn -0.118872223 -0.572672063 0.811120277
vn -0.116529306 -0.887637312 0.445556868
vn -0.118872223 -0.572672063 0.811120277
vn -0.334905883 -0.806858932 0.486638175
vn 0.577564355 -0.703193342 0.414654724
f 3/3/3 2/2/2 1/1/1
f 6/6/6 5/5/5 4/4/4
f 9/9/9 8/8/8 7/7/7
f 12/12/12 11/11/11 10/10/10
f 15/15/15 14/14/14 13/13/13
f 18/18/18 17/17/17 16/16/16
f 21/21/21 20/20/20 19/19/19
f 24/24/24 23/23/23 22/22/22
f 27/27/27 26/26/26 25/25/25
f 30/30/30 29/29/29 28/28/28
f 33/33/33 32/32/32 31/31/31
f 36/36/36 35/35/35 34/34/34
f 39/39/39 38/38/38 37/37/37
f 42/42/42 41/41/41 40/40/40
f 45/45/45 44/44/44 43/43/43
f 48/48/48 47/47/47 46/46/46
f 51/51/51 50/50/50 49/49/49
f 54/54/54 53/53/53 52/52/52
f 57/57/57 56/56/56 55/55/55
f 60/60/60 59/59/59 58/58/58
f 63/63/63 62/62/62 61/61/61
f 66/66/66 65/65/65 64/64/64
f 69/69/69 68/68/68 67/67/67
f 72/72/72 71/71/71 70/70/70
f 75/75/75 74/74/74 73/73/73
f 78/78/78 77/77/77 76/76/76
f 81/81/81 80/80/80 79/79/79
f 84/84/84 83/83/83 82/82/82
f 87/87/87 86/86/86 85/85/85
f 90/90/90 89/89/89 88/88/88
f 93/93/93 92/92/92 91/91/91
f 96/96/96 95/95/95 94/94/94
f 99/99/99 98/98/98 97/97/97
f 102/102/102 101/101/101 100/100/100
f 105/105/105 104/104/104 103/103/103
f 108/108/108 107/107/107 106/106/106
f 111/111/111 110/110/110 109/109/109
f 114/114/114 113/113/113 112/112/112
f 117/117/117 116/116/116 115/115/115
f 120/120/120 119/119/119 118/118/118
f 123/123/123 122/122/122 121/121/121
f 126/126/126 125/125/125 124/124/124
f 129/129/129 128/128/128 127/127/127
f 132/132/132 131/131/131 130/130/130
f 135/135/135 134/134/134 133/133/133
f 138/138/138 137/137/137 136/136/136
f 141/141/141 140/140/140 139/139/139
f 144/144/144 143/143/143 142/142/142
f 147/147/147 146/146/146 145/145/145
f 150/150/150 149/149/149 148/148/148
f 153/153/153 152/152/152 151/151/151
f 156/156/156 155/155/155 154/154/154
f 159/159/159 158/158/158 157/157/157
f 162/162/162 161/161/161 160/160/160
f 165/165/165 164/164/164 163/163/163
f 168/168/168 167/167/167 166/166/166
f 171/171/171 170/170/170 169/169/169
f 174/174/174 173/173/173 172/172/172
f 177/177/177 176/176/176 175/175/175
f 180/180/180 179/179/179 178/178/178
f 183/183/183 182/182/182 181/181/181
f 186/186/186 185/185/185 184/184/184
f 189/189/189 188/188/188 187/187/187
f 192/192/192 191/191/191 190/190/190
f 195/195/195 194/194/194 193/193/193
f 198/198/198 197/197/197 196/196/196
f 201/201/201 200/200/200 199/199/199
f 204/204/204 203/203/203 202/202/202
f 207/207/207 206/206/206 205/205/205
f 210/210/210 209/209/209 208/208/208
f 213/213/213 212/212/212 211/211/211
f 216/216/216 215/215/215 214/214/214
f 219/219/219 218/218/218 217/217/217
f 222/222/222 221/221/221 220/220/220
f 225/225/225 224/224/224 223/223/223
f 228/228/228 227/227/227 226/226/226
f 231/231/231 230/230/230 229/229/229
f 234/234/234 233/233/233 232/232/232
f 237/237/237 236/236/236 235/235/235
f 240/240/240 239/239/239 238/238/238
f 243/243/243 242/242/242 241/241/241
f 246/246/246 245/245/245 244/244/244
f 249/249/249 248/248/248 247/247/247
f 252/252/252 251/251/251 250/250/250
f 255/255/255 254/254/254 253/253/253
f 258/258/258 257/257/257 256/256/256
f 261/261/261 260/260/260 259/259/259
f 264/264/264 263/263/263 262/262/262
f 267/267/267 266/266/266 265/265/265
f 270/270/270 269/269/269 268/268/268
f 273/273/273 272/272/272 271/271/271
f 276/276/276 275/275/275 274/274/274
f 279/279/279 278/278/278 277/277/277
f 282/282/282 281/281/281 280/280/280
f 285/285/285 284/284/284 283/283/283
f 288/288/288 287/287/287 286/286/286
f 291/291/291 290/290/290 289/289/289
f 294/294/294 293/293/293 292/292/292
f 297/297/297 296/296/296 295/295/295
f 300/300/300 299/299/299 298/298/298
f 303/303/303 302/302/302 301/301/301
f 306/306/306 305/305/305 304/304/304
f 309/309/309 308/308/308 307/307/307
f 312/312/312 311/311/311 310/310/310
f 315/315/315 314/314/314 313/313/313
f 318/318/318 317/317/317 316/316/316
f 321/321/321 320/320/320 319/319/319
f 324/324/324 323/323/323 322/322/322
f 327/327/327 326/326/326 325/325/325
f 330/330/330 329/329/329 328/328/328
f 333/333/333 332/332/332 331/331/331
f 336/336/336 335/335/335 334/334/334
f 339/339/339 338/338/338 337/337/337
f 342/342/342 341/341/341 340/340/340
f 345/345/345 344/344/344 343/343/343
f 348/348/348 347/347/347 346/346/346
f 351/351/351 350/350/350 349/349/349
f 354/354/354 353/353/353 352/352/352
f 357/357/357 356/356/356 355/355/355
f 360/360/360 359/359/359 358/358/358
f 363/363/363 362/362/362 361/361/361
f 366/366/366 365/365/365 364/364/364
f 369/369/369 368/368/368 367/367/367
f 372/372/372 371/371/371 370/370/370
f 375/375/375 374/374/374 373/373/373
f 378/378/378 377/377/377 376/376/376
f 381/381/381 380/380/380 379/379/379
f 384/384/384 383/383/383 382/382/382
f 387/387/387 386/386/386 385/385/385
f 390/390/390 389/389/389 388/388/388
f 393/393/393 392/392/392 391/391/391
f 396/396/396 395/395/395 394/394/394
f 399/399/399 398/398/398 397/397/397
f 402/402/402 401/401/401 400/400/400
f 405/405/405 404/404/404 403/403/403
f 408/408/408 407/407/407 406/406/406
f 411/411/411 410/410/410 409/409/409
f 414/414/414 413/413/413 412/412/412
f 417/417/417 416/416/416 415/415/415
f 420/420/420 419/419/419 418/418/418
f 423/423/423 422/422/422 421/421/421
f 426/426/426 425/425/425 424/424/424
f 429/429/429 428/428/428 427/427/427
f 432/432/432 431/431/431 430/430/430
f 435/435/435 434/434/434 433/433/433
f 438/438/438 437/437/437 436/436/436
f 441/441/441 440/440/440 439/439/439
f 444/444/444 443/443/443 442/442/442
f 447/447/447 446/446/446 445/445/445
f 450/450/450 449/449/449 448/448/448
f 453/453/453 452/452/452 451/451/451
f 456/456/456 455/455/455 454/454/454
f 459/459/459 458/458/458 457/457/457
f 462/462/462 461/461/461 460/460/460
f 465/465/465 464/464/464 463/463/463
f 468/468/468 467/467/467 466/466/466
f 471/471/471 470/470/470 469/469/469
f 474/474/474 473/473/473 472/472/472
f 477/477/477 476/476/476 475/475/475
f 480/480/480 479/479/479 478/478/478
f 483/483/483 482/482/482 481/481/481
f 486/486/486 485/485/485 484/484/484
f 489/489/489 488/488/488 487/487/487
f 492/492/492 491/491/491 490/490/490
f 495/495/495 494/494/494 493/493/493
f 498/498/498 497/497/497 496/496/496
f 501/501/501 500/500/500 499/499/499
f 504/504/504 503/503/503 502/502/502
f 507/507/507 506/506/506 505/505/505
f 510/510/510 509/509/509 508/508/508
f 513/513/513 512/512/512 511/511/511
f 516/516/516 515/515/515 514/514/514
f 519/519/519 518/518/518 517/517/517
f 522/522/522 521/521/521 520/520/520
f 525/525/525 524/524/524 523/523/523
f 528/528/528 527/527/527 526/526/526
f 531/531/531 530/530/530 529/529/529
f 534/534/534 533/533/533 532/532/532
f 537/537/537 536/536/536 535/535/535
f 540/540/540 539/539/539 538/538/538
f 543/543/543 542/542/542 541/541/541
f 546/546/546 545/545/545 544/544/544
f 549/549/549 548/548/548 547/547/547
f 552/552/552 551/551/551 550/550/550
f 555/555/555 554/554/554 553/553/553
f 558/558/558 557/557/557 556/556/556
f 561/561/561 560/560/560 559/559/559
f 564/564/564 563/563/563 562/562/562
f 567/567/567 566/566/566 565/565/565
f 570/570/570 569/569/569 568/568/568
f 573/573/573 572/572/572 571/571/571
f 576/576/576 575/575/575 574/574/574
f 579/579/579 578/578/578 577/577/577
f 582/582/582 581/581/581 580/580/580
f 585/585/585 584/584/584 583/583/583
f 588/588/588 587/587/587 586/586/586
f 591/591/591 590/590/590 589/589/589
f 594/594/594 593/593/593 592/592/592
f 597/597/597 596/596/596 595/595/595
f 600/600/600 599/599/599 598/598/598
f 603/603/603 602/602/602 601/601/601
f 606/606/606 605/605/605 604/604/604
f 609/609/609 608/608/608 607/607/607
f 612/612/612 611/611/611 610/610/610
f 615/615/615 614/614/614 613/613/613
f 618/618/618 617/617/617 616/616/616
f 621/621/621 620/620/620 619/619/619
f 624/624/624 623/623/623 622/622/622
f 627/627/627 626/626/626 625/625/625
f 630/630/630 629/629/629 628/628/628
f 633/633/633 632/632/632 631/631/631
f 636/636/636 635/635/635 634/634/634
f 639/639/639 638/638/638 637/637/637
f 642/642/642 641/641/641 640/640/640
f 645/645/645 644/644/644 643/643/643
f 648/648/648 647/647/647 646/646/646
f 651/651/651 650/650/650 649/649/649
f 654/654/654 653/653/653 652/652/652
f 657/657/657 656/656/656 655/655/655
f 660/660/660 659/659/659 658/658/658
f 663/663/663 662/662/662 661/661/661
f 666/666/666 665/665/665 664/664/664
f 669/669/669 668/668/668 667/667/667
f 672/672/672 671/671/671 670/670/670
f 675/675/675 674/674/674 673/673/673
f 678/678/678 677/677/677 676/676/676
f 681/681/681 680/680/680 679/679/679
f 684/684/684 683/683/683 682/682/682
f 687/687/687 686/686/686 685/685/685
f 690/690/690 689/689/689 688/688/688
f 693/693/693 692/692/692 691/691/691
f 696/696/696 695/695/695 694/694/694
f 699/699/699 698/698/698 697/697/697
f 702/702/702 701/701/701 700/700/700
f 705/705/705 704/704/704 703/703/703
f 708/708/708 707/707/707 706/706/706
f 711/711/711 710/710/710 709/709/709
f 714/714/714 713/713/713 712/712/712
f 717/717/717 716/716/716 715/715/715
f 720/720/720 719/719/719 718/718/718
o Bob_LongShorts
v 0.075044897 0.010536300 -0.043436088
v 0.029384341 0.001659329 -0.065011128
v 0.025544068 -0.005122072 -0.032724038
v 0.029384341 0.001659329 -0.065011128
v 0.075044897 0.010536300 -0.043436088
v 0.069151920 0.018921877 -0.073991565
v 0.076352753 0.078780952 -0.079189051
v 0.075044897 0.010536300 -0.043436088
v 0.086840837 0.055795732 -0.035649794
v 0.075044897 0.010536300 -0.043436088
v 0.076352753 0.078780952 -0.079189051
v 0.069151920 0.018921877 -0.073991565
v 0.053525324 0.117234087 -0.074379492
v 0.074626189 0.097849634 -0.018378853
v 0.051156332 0.114221635 -0.009565790
v 0.074626189 0.097849634 -0.018378853
v 0.053525324 0.117234087 -0.074379492
v 0.076352753 0.078780952 -0.079189051
v 0.025544068 -0.005122072 -0.032724038
v -0.014016306 0.009994599 -0.059800974
v -0.016446403 0.005129450 -0.028285584
v -0.014016306 0.009994599 -0.059800974
v 0.025544068 -0.005122072 -0.032724038
v 0.029384341 0.001659329 -0.065011128
v 0.048135248 0.121871227 0.030418966
v 0.099664195 0.118031642 0.134809437
v 0.052234833 0.141284441 0.127869901
v 0.099664195 0.118031642 0.134809437
v 0.048135248 0.121871227 0.030418966
v 0.101702024 0.090784207 0.039055079
v 0.099664195 0.118031642 0.134809437
v 0.049048351 0.167166843 0.234740546
v 0.052234833 0.141284441 0.127869901
v 0.049048351 0.167166843 0.234740546
v 0.099664195 0.118031642 0.134809437
v 0.098166980 0.119118754 0.229334837
v -0.001690828 0.097388402 0.043147331
v 0.026116805 0.025827998 0.151186470
v 0.005603455 0.012899579 0.082515470
v 0.026116805 0.025827998 0.151186470
v -0.001690828 0.097388402 0.043147331
v 0.004298221 0.105081322 0.135711073
v 0.004298221 0.105081322 0.135711073
v 0.026431612 0.063498819 0.228365446
v 0.026116805 0.025827998 0.151186470
v 0.026431612 0.063498819 0.228365446
v 0.004298221 0.105081322 0.135711073
v 0.014255512 0.109098433 0.230438712
v 0.005603455 0.012899579 0.082515470
v 0.111325208 0.048632669 0.147046040
v 0.102366076 0.026770788 0.069317920
v 0.111325208 0.048632669 0.147046040
v 0.005603455 0.012899579 0.082515470
v 0.026116805 0.025827998 0.151186470
v 0.026116805 0.025827998 0.151186470
v 0.104717590 0.076111618 0.226547201
v 0.111325208 0.048632669 0.147046040
v 0.104717590 0.076111618 0.226547201
v 0.026116805 0.025827998 0.151186470
v 0.026431612 0.063498819 0.228365446
v 0.102366076 0.026770788 0.069317920
v 0.099664195 0.118031642 0.134809437
v 0.101702024 0.090784207 0.039055079
v 0.099664195 0.118031642 0.134809437
v 0.102366076 0.026770788 0.069317920
v 0.111325208 0.048632669 0.147046040
v 0.111325208 0.048632669 0.147046040
v 0.098166980 0.119118754 0.229334837
v 0.099664195 0.118031642 0.134809437
v 0.098166980 0.119118754 0.229334837
v 0.111325208 0.048632669 0.147046040
v 0.104717590 0.076111618 0.226547201
v 0.101702024 0.090784207 0.039055079
v 0.074626189 0.097849634 -0.018378853
v 0.094839207 0.069854291 -0.003384222
v 0.074626189 0.097849634 -0.018378853
v 0.101702024 0.090784207 0.039055079
v 0.048135248 0.121871227 0.030418966
v 0.012732396 0.136369461 -0.004043764
v -0.001690828 0.097388402 0.043147331
v 0.009337918 0.120062229 0.041278324
v -0.001690828 0.097388402 0.043147331
v 0.012732396 0.136369461 -0.004043764
v 0.051156332 0.114221635 -0.009565790
v 0.025544068 -0.005122072 -0.032724038
v 0.081913431 -0.000698757 0.010990961
v 0.075044897 0.010536300 -0.043436088
v 0.081913431 -0.000698757 0.010990961
v 0.025544068 -0.005122072 -0.032724038
v 0.023777134 -0.014323178 0.017659372
v 0.023777134 -0.014323178 0.017659372
v 0.097043541 0.017143326 0.058920275
v 0.081913431 -0.000698757 0.010990961
v 0.097043541 0.017143326 0.058920275
v 0.023777134 -0.014323178 0.017659372
v 0.028180624 -0.002334691 0.061818312
v 0.028180624 -0.002334691 0.061818312
v 0.102366076 0.026770788 0.069317920
v 0.097043541 0.017143326 0.058920275
v 0.102366076 0.026770788 0.069317920
v 0.028180624 -0.002334691 0.061818312
v 0.005603455 0.012899579 0.082515470
v 0.058374311 0.140231010 0.289200569
v 0.098166980 0.119118754 0.229334837
v 0.100716657 0.102030341 0.279940218
v 0.098166980 0.119118754 0.229334837
v 0.058374311 0.140231010 0.289200569
v 0.049048351 0.167166843 0.234740546
v 0.100716657 0.102030341 0.279940218
v 0.104717590 0.076111618 0.226547201
v 0.108017604 0.049442708 0.261618817
v 0.104717590 0.076111618 0.226547201
v 0.100716657 0.102030341 0.279940218
v 0.098166980 0.119118754 0.229334837
v 0.104717590 0.076111618 0.226547201
v 0.023126585 0.038490063 0.256672920
v 0.108017604 0.049442708 0.261618817
v 0.023126585 0.038490063 0.256672920
v 0.104717590 0.076111618 0.226547201
v 0.026431612 0.063498819 0.228365446
v 0.026431612 0.063498819 0.228365446
v 0.012368971 0.091872402 0.281767150
v 0.023126585 0.038490063 0.256672920
v 0.012368971 0.091872402 0.281767150
v 0.026431612 0.063498819 0.228365446
v 0.014255512 0.109098433 0.230438712
v 0.075044897 0.010536300 -0.043436088
v 0.094839207 0.069854291 -0.003384222
v 0.086840837 0.055795732 -0.035649794
v 0.094839207 0.069854291 -0.003384222
v 0.075044897 0.010536300 -0.043436088
v 0.081913431 -0.000698757 0.010990961
v 0.081913431 -0.000698757 0.010990961
v 0.101702024 0.090784207 0.039055079
v 0.094839207 0.069854291 -0.003384222
v 0.101702024 0.090784207 0.039055079
v 0.081913431 -0.000698757 0.010990961
v 0.097043541 0.017143326 0.058920275
v 0.097043541 0.017143326 0.058920275
v 0.102366076 0.026770788 0.069317920
v 0.101702024 0.090784207 0.039055079
v 0.051156332 0.114221635 -0.009565790
v 0.048135248 0.121871227 0.030418966
v -0.001690828 0.097388402 0.043147331
v 0.074626189 0.097849634 -0.018378853
v 0.048135248 0.121871227 0.030418966
v 0.051156332 0.114221635 -0.009565790
v 0.048135248 0.121871227 0.030418966
v 0.052234833 0.141284441 0.127869901
v 0.004298221 0.105081322 0.135711073
v 0.052234833 0.141284441 0.127869901
v 0.014255512 0.109098433 0.230438712
v 0.004298221 0.105081322 0.135711073
v 0.014255512 0.109098433 0.230438712
v 0.052234833 0.141284441 0.127869901
v 0.049048351 0.167166843 0.234740546
v 0.049048351 0.167166843 0.234740546
v 0.012368971 0.091872402 0.281767150
v 0.014255512 0.109098433 0.230438712
v 0.012368971 0.091872402 0.281767150
v 0.049048351 0.167166843 0.234740546
v 0.058374311 0.140231010 0.289200569
v 0.076352753 0.078780952 -0.079189051
v 0.086840837 0.055795732 -0.035649794
v 0.074626189 0.097849634 -0.018378853
v 0.086840837 0.055795732 -0.035649794
v 0.094839207 0.069854291 -0.003384222
v 0.074626189 0.097849634 -0.018378853
v -0.001690828 0.097388402 0.043147331
v 0.000774012 0.080889404 0.064458737
v 0.009337918 0.120062229 0.041278324
v 0.012732396 0.136369461 -0.004043764
v 0.053525324 0.117234087 -0.074379492
v 0.051156332 0.114221635 -0.009565790
v -0.016446403 0.005129450 -0.028285584
v 0.023777134 -0.014323178 0.017659372
v 0.025544068 -0.005122072 -0.032724038
v 0.023777134 -0.014323178 0.017659372
v -0.016446403 0.005129450 -0.028285584
v -0.018315050 -0.004361627 0.020467109
v 0.023777134 -0.014323178 0.017659372
v -0.015751478 0.006373172 0.059440182
v 0.028180624 -0.002334691 0.061818312
v -0.015751478 0.006373172 0.059440182
v 0.023777134 -0.014323178 0.017659372
v -0.018315050 -0.004361627 0.020467109
v -0.015751478 0.006373172 0.059440182
v -0.004957982 0.018505944 0.079205729
v 0.028180624 -0.002334691 0.061818312
v -0.004957982 0.018505944 0.079205729
v 0.000774012 0.080889404 0.064458737
v 0.005603455 0.012899579 0.082515470
v 0.005603455 0.012899579 0.082515470
v 0.000774012 0.080889404 0.064458737
v -0.001690828 0.097388402 0.043147331
v 0.048135248 0.121871227 0.030418966
v 0.004298221 0.105081322 0.135711073
v -0.001690828 0.097388402 0.043147331
v 0.069151920 0.018921877 -0.073991565
v -0.003188806 0.066887834 -0.068048247
v 0.029384341 0.001659329 -0.065011128
v 0.076352753 0.078780952 -0.079189051
v -0.003188806 0.066887834 -0.068048247
v 0.069151920 0.018921877 -0.073991565
v 0.053525324 0.117234087 -0.074379492
v -0.003188806 0.066887834 -0.068048247
v 0.076352753 0.078780952 -0.079189051
v 0.009361591 0.130311893 -0.070537283
v -0.003188806 0.066887834 -0.068048247
v 0.053525324 0.117234087 -0.074379492
v 0.029384341 0.001659329 -0.065011128
v -0.003188806 0.066887834 -0.068048247
v -0.014016306 0.009994599 -0.059800974
v -0.097235476 0.048687477 -0.042612238
v -0.057743456 0.018325839 -0.059140352
v -0.088807127 0.049137561 -0.063348095
v -0.057743456 0.018325839 -0.059140352
v -0.097235476 0.048687477 -0.042612238
v -0.058877768 0.013572991 -0.032320330
v -0.073093727 0.107368283 -0.069119168
v -0.097235476 0.048687477 -0.042612238
v -0.088807127 0.049137561 -0.063348095
v -0.097235476 0.048687477 -0.042612238
v -0.073093727 0.107368283 -0.069119168
v -0.088749316 0.094679853 -0.034810117
v -0.036702390 0.134493574 -0.068299841
v -0.070293889 0.123550338 -0.017767520
v -0.073093727 0.107368283 -0.069119168
v -0.070293889 0.123550338 -0.017767520
v -0.036702390 0.134493574 -0.068299841
v -0.031498330 0.132525360 -0.009170534
v -0.058877768 0.013572991 -0.032320330
v -0.014016306 0.009994599 -0.059800974
v -0.057743456 0.018325839 -0.059140352
v -0.014016306 0.009994599 -0.059800974
v -0.058877768 0.013572991 -0.032320330
v -0.016446403 0.005129450 -0.028285584
v -0.076994421 0.139342666 0.033296760
v -0.129432831 0.100723569 0.131230259
v -0.110118544 0.084310594 0.034933595
v -0.129432831 0.100723569 0.131230259
v -0.076994421 0.139342666 0.033296760
v -0.099766775 0.144967155 0.130322120
v -0.129432831 0.100723569 0.131230259
v -0.118200123 0.160405627 0.236062404
v -0.135557487 0.094508925 0.225358432
v -0.118200123 0.160405627 0.236062404
v -0.129432831 0.100723569 0.131230259
v -0.099766775 0.144967155 0.130322120
v -0.020829741 0.138698951 0.050032833
v -0.020998261 0.056264707 0.152308476
v -0.040892569 0.136863766 0.142079311
v -0.020998261 0.056264707 0.152308476
v -0.020829741 0.138698951 0.050032833
v -0.002990153 0.043103746 0.084148966
v -0.040892569 0.136863766 0.142079311
v -0.043428786 0.082331139 0.232356254
v -0.055972162 0.128287205 0.235301318
v -0.043428786 0.082331139 0.232356254
v -0.040892569 0.136863766 0.142079311
v -0.020998261 0.056264707 0.152308476
v -0.002990153 0.043103746 0.084148966
v -0.105502421 0.033958054 0.139693852
v -0.020998261 0.056264707 0.152308476
v -0.105502421 0.033958054 0.139693852
v -0.002990153 0.043103746 0.084148966
v -0.090245361 0.033201357 0.064016905
v -0.020998261 0.056264707 0.152308476
v -0.119423565 0.053703193 0.222300843
v -0.043428786 0.082331139 0.232356254
v -0.119423565 0.053703193 0.222300843
v -0.020998261 0.056264707 0.152308476
v -0.105502421 0.033958054 0.139693852
v -0.090245361 0.033201357 0.064016905
v -0.129432831 0.100723569 0.131230259
v -0.105502421 0.033958054 0.139693852
v -0.129432831 0.100723569 0.131230259
v -0.090245361 0.033201357 0.064016905
v -0.110118544 0.084310594 0.034933595
v -0.105502421 0.033958054 0.139693852
v -0.135557487 0.094508925 0.225358432
v -0.119423565 0.053703193 0.222300843
v -0.135557487 0.094508925 0.225358432
v -0.105502421 0.033958054 0.139693852
v -0.129432831 0.100723569 0.131230259
v -0.110118544 0.084310594 0.034933595
v -0.070293889 0.123550338 -0.017767520
v -0.076994421 0.139342666 0.033296760
v -0.070293889 0.123550338 -0.017767520
v -0.110118544 0.084310594 0.034933595
v -0.091521906 0.076163663 -0.006789034
v 0.012732396 0.136369461 -0.004043764
v -0.020829741 0.138698951 0.050032833
v -0.031498330 0.132525360 -0.009170534
v -0.020829741 0.138698951 0.050032833
v 0.012732396 0.136369461 -0.004043764
v 0.009337918 0.120062229 0.041278324
v -0.058877768 0.013572991 -0.032320330
v -0.107708616 0.041292702 0.011897739
v -0.060701326 0.004384424 0.018063350
v -0.107708616 0.041292702 0.011897739
v -0.058877768 0.013572991 -0.032320330
v -0.097235476 0.048687477 -0.042612238
v -0.060701326 0.004384424 0.018063350
v -0.096304805 0.038088987 0.055899559
v -0.054815177 0.017180552 0.062064433
v -0.096304805 0.038088987 0.055899559
v -0.060701326 0.004384424 0.018063350
v -0.107708616 0.041292702 0.011897739
v -0.054815177 0.017180552 0.062064433
v -0.090245361 0.033201357 0.064016905
v -0.002990153 0.043103746 0.084148966
v -0.090245361 0.033201357 0.064016905
v -0.054815177 0.017180552 0.062064433
v -0.096304805 0.038088987 0.055899559
v -0.118578221 0.132818256 0.287299680
v -0.135557487 0.094508925 0.225358432
v -0.118200123 0.160405627 0.236062404
v -0.135557487 0.094508925 0.225358432
v -0.118578221 0.132818256 0.287299680
v -0.135476056 0.078620906 0.276574941
v -0.135476056 0.078620906 0.276574941
v -0.119423565 0.053703193 0.222300843
v -0.135557487 0.094508925 0.225358432
v -0.119423565 0.053703193 0.222300843
v -0.135476056 0.078620906 0.276574941
v -0.114009075 0.029103382 0.261030818
v -0.119423565 0.053703193 0.222300843
v -0.034350665 0.060951534 0.263172778
v -0.043428786 0.082331139 0.232356254
v -0.034350665 0.060951534 0.263172778
v -0.119423565 0.053703193 0.222300843
v -0.114009075 0.029103382 0.261030818
v -0.043428786 0.082331139 0.232356254
v -0.054291922 0.113440865 0.286441972
v -0.055972162 0.128287205 0.235301318
v -0.054291922 0.113440865 0.286441972
v -0.043428786 0.082331139 0.232356254
v -0.034350665 0.060951534 0.263172778
v -0.097235476 0.048687477 -0.042612238
v -0.091521906 0.076163663 -0.006789034
v -0.107708616 0.041292702 0.011897739
v -0.091521906 0.076163663 -0.006789034
v -0.097235476 0.048687477 -0.042612238
v -0.088749316 0.094679853 -0.034810117
v -0.107708616 0.041292702 0.011897739
v -0.110118544 0.084310594 0.034933595
v -0.096304805 0.038088987 0.055899559
v -0.110118544 0.084310594 0.034933595
v -0.107708616 0.041292702 0.011897739
v -0.091521906 0.076163663 -0.006789034
v -0.096304805 0.038088987 0.055899559
v -0.110118544 0.084310594 0.034933595
v -0.090245361 0.033201357 0.064016905
v -0.031498330 0.132525360 -0.009170534
v -0.020829741 0.138698951 0.050032833
v -0.076994421 0.139342666 0.033296760
v -0.070293889 0.123550338 -0.017767520
v -0.031498330 0.132525360 -0.009170534
v -0.076994421 0.139342666 0.033296760
v -0.076994421 0.139342666 0.033296760
v -0.040892569 0.136863766 0.142079311
v -0.099766775 0.144967155 0.130322120
v -0.099766775 0.144967155 0.130322120
v -0.055972162 0.128287205 0.235301318
v -0.118200123 0.160405627 0.236062404
v -0.055972162 0.128287205 0.235301318
v -0.099766775 0.144967155 0.130322120
v -0.040892569 0.136863766 0.142079311
v -0.118200123 0.160405627 0.236062404
v -0.054291922 0.113440865 0.286441972
v -0.118578221 0.132818256 0.287299680
v -0.054291922 0.113440865 0.286441972
v -0.118200123 0.160405627 0.236062404
v -0.055972162 0.128287205 0.235301318
v -0.073093727 0.107368283 -0.069119168
v -0.070293889 0.123550338 -0.017767520
v -0.088749316 0.094679853 -0.034810117
v -0.088749316 0.094679853 -0.034810117
v -0.070293889 0.123550338 -0.017767520
v -0.091521906 0.076163663 -0.006789034
v -0.020829741 0.138698951 0.050032833
v 0.009337918 0.120062229 0.041278324
v 0.000774012 0.080889404 0.064458737
v 0.012732396 0.136369461 -0.004043764
v -0.031498330 0.132525360 -0.009170534
v -0.036702390 0.134493574 -0.068299841
v -0.016446403 0.005129450 -0.028285584
v -0.060701326 0.004384424 0.018063350
v -0.018315050 -0.004361627 0.020467109
v -0.060701326 0.004384424 0.018063350
v -0.016446403 0.005129450 -0.028285584
v -0.058877768 0.013572991 -0.032320330
v -0.060701326 0.004384424 0.018063350
v -0.015751478 0.006373172 0.059440182
v -0.018315050 -0.004361627 0.020467109
v -0.015751478 0.006373172 0.059440182
v -0.060701326 0.004384424 0.018063350
v -0.054815177 0.017180552 0.062064433
v -0.015751478 0.006373172 0.059440182
v -0.054815177 0.017180552 0.062064433
v -0.004957982 0.018505944 0.079205729
v -0.004957982 0.018505944 0.079205729
v -0.002990153 0.043103746 0.084148966
v 0.000774012 0.080889404 0.064458737
v -0.002990153 0.043103746 0.084148966
v -0.020829741 0.138698951 0.050032833
v 0.000774012 0.080889404 0.064458737
v -0.076994421 0.139342666 0.033296760
v -0.020829741 0.138698951 0.050032833
v -0.040892569 0.136863766 0.142079311
v -0.088807127 0.049137561 -0.063348095
v -0.057743456 0.018325839 -0.059140352
v -0.003188806 0.066887834 -0.068048247
v -0.073093727 0.107368283 -0.069119168
v -0.088807127 0.049137561 -0.063348095
v -0.003188806 0.066887834 -0.068048247
v -0.036702390 0.134493574 -0.068299841
v -0.073093727 0.107368283 -0.069119168
v -0.003188806 0.066887834 -0.068048247
v 0.009361591 0.130311893 -0.070537283
v -0.036702390 0.134493574 -0.068299841
v -0.003188806 0.066887834 -0.068048247
v -0.057743456 0.018325839 -0.059140352
v -0.014016306 0.009994599 -0.059800974
v -0.003188806 0.066887834 -0.068048247
v 0.053525324 0.117234087 -0.074379492
v 0.012732396 0.136369461 -0.004043764
v 0.009361591 0.130311893 -0.070537283
v 0.012732396 0.136369461 -0.004043764
v -0.036702390 0.134493574 -0.068299841
v 0.009361591 0.130311893 -0.070537283
v 0.028180624 -0.002334691 0.061818312
v -0.004957982 0.018505944 0.079205729
v 0.005603455 0.012899579 0.082515470
v -0.004957982 0.018505944 0.079205729
v -0.054815177 0.017180552 0.062064433
v -0.002990153 0.043103746 0.084148966
vt 0.655812979 0.551967025
vt 0.740234017 0.536140025
vt 0.742870986 0.560733974
vt 0.740234017 0.536140025
vt 0.655812979 0.551967025
vt 0.652606010 0.536140025
vt 0.584580004 0.536140025
vt 0.655812979 0.551967025
vt 0.606445014 0.568359017
vt 0.655812979 0.551967025
vt 0.584580004 0.536140025
vt 0.652606010 0.536140025
vt 0.546494007 0.536140025
vt 0.577148020 0.587302029
vt 0.539062977 0.589254975
vt 0.577148020 0.587302029
vt 0.546494007 0.536140025
vt 0.584580004 0.536140025
vt 0.742870986 0.560733974
vt 0.785156012 0.536140025
vt 0.785156012 0.562500000
vt 0.785156012 0.536140025
vt 0.742870986 0.560733974
vt 0.740234017 0.536140025
vt 0.571289003 0.614257991
vt 0.620117009 0.710937977
vt 0.583007991 0.711914003
vt 0.620117009 0.710937977
vt 0.571289003 0.614257991
vt 0.616210997 0.614257991
vt 0.620117009 0.710937977
vt 0.594506025 0.771530986
vt 0.583007991 0.711914003
vt 0.594506025 0.771530986
vt 0.620117009 0.710937977
vt 0.633000016 0.774496973
vt 0.781250000 0.617187977
vt 0.729492009 0.701171994
vt 0.738281012 0.629882991
vt 0.729492009 0.701171994
vt 0.781250000 0.617187977
vt 0.774414003 0.709960997
vt 0.774414003 0.709960997
vt 0.722656012 0.771484017
vt 0.729492009 0.701171994
vt 0.722656012 0.771484017
vt 0.774414003 0.709960997
vt 0.768554986 0.771484017
vt 0.738281012 0.629882991
vt 0.676757991 0.704101980
vt 0.680441976 0.630411983
vt 0.676757991 0.704101980
vt 0.738281012 0.629882991
vt 0.729492009 0.701171994
vt 0.729492009 0.701171994
vt 0.676864982 0.770649016
vt 0.676757991 0.704101980
vt 0.676864982 0.770649016
vt 0.729492009 0.701171994
vt 0.722656012 0.771484017
vt 0.680441976 0.630411983
vt 0.620117009 0.710937977
vt 0.616210997 0.614257991
vt 0.620117009 0.710937977
vt 0.680441976 0.630411983
vt 0.676757991 0.704101980
vt 0.676757991 0.704101980
vt 0.633000016 0.774496973
vt 0.620117009 0.710937977
vt 0.633000016 0.774496973
vt 0.676757991 0.704101980
vt 0.676864982 0.770649016
vt 0.616210997 0.614257991
vt 0.577148020 0.587302029
vt 0.622070014 0.584178984
vt 0.577148020 0.587302029
vt 0.616210997 0.614257991
vt 0.571289003 0.614257991
vt 0.500618994 0.591796994
vt 0.512254000 0.615234017
vt 0.500618994 0.616203010
vt 0.512254000 0.615234017
vt 0.500618994 0.591796994
vt 0.539062977 0.589254975
vt 0.742870986 0.560733974
vt 0.677475989 0.591902971
vt 0.655812979 0.551967025
vt 0.677475989 0.591902971
vt 0.742870986 0.560733974
vt 0.744140983 0.590817988
vt 0.744140983 0.590817988
vt 0.681532979 0.613192976
vt 0.677475989 0.591902971
vt 0.681532979 0.613192976
vt 0.744140983 0.590817988
vt 0.741210997 0.610741973
vt 0.741210997 0.610741973
vt 0.680441976 0.630411983
vt 0.681532979 0.613192976
vt 0.680441976 0.630411983
vt 0.741210997 0.610741973
vt 0.738281012 0.629882991
vt 0.605823994 0.822108984
vt 0.633000016 0.774496973
vt 0.646853983 0.820093989
vt 0.633000016 0.774496973
vt 0.605823994 0.822108984
vt 0.594506025 0.771530986
vt 0.646853983 0.820093989
vt 0.676864982 0.770649016
vt 0.676509023 0.814683020
vt 0.676864982 0.770649016
vt 0.646853983 0.820093989
vt 0.633000016 0.774496973
vt 0.676864982 0.770649016
vt 0.724609017 0.814518988
vt 0.676509023 0.814683020
vt 0.724609017 0.814518988
vt 0.676864982 0.770649016
vt 0.722656012 0.771484017
vt 0.722656012 0.771484017
vt 0.758789003 0.813937008
vt 0.724609017 0.814518988
vt 0.758789003 0.813937008
vt 0.722656012 0.771484017
vt 0.768554986 0.771484017
vt 0.655812979 0.551967025
vt 0.622070014 0.584178984
vt 0.606445014 0.568359017
vt 0.622070014 0.584178984
vt 0.655812979 0.551967025
vt 0.677475989 0.591902971
vt 0.677475989 0.591902971
vt 0.616210997 0.614257991
vt 0.622070014 0.584178984
vt 0.616210997 0.614257991
vt 0.677475989 0.591902971
vt 0.681532979 0.613192976
vt 0.681532979 0.613192976
vt 0.680441976 0.630411983
vt 0.616210997 0.614257991
vt 0.539062977 0.589254975
vt 0.571289003 0.614257991
vt 0.512254000 0.615234017
vt 0.577148020 0.587302029
vt 0.571289003 0.614257991
vt 0.539062977 0.589254975
vt 0.571289003 0.614257991
vt 0.583007991 0.711914003
vt 0.537109017 0.710937977
vt 0.583007991 0.711914003
vt 0.551757991 0.772460997
vt 0.537109017 0.710937977
vt 0.551757991 0.772460997
vt 0.583007991 0.711914003
vt 0.594506025 0.771530986
vt 0.594506025 0.771530986
vt 0.567382991 0.824355006
vt 0.551757991 0.772460997
vt 0.567382991 0.824355006
vt 0.594506025 0.771530986
vt 0.605823994 0.822108984
vt 0.584580004 0.536140025
vt 0.606445014 0.568359017
vt 0.577148020 0.587302029
vt 0.606445014 0.568359017
vt 0.622070014 0.584178984
vt 0.577148020 0.587302029
vt 0.781250000 0.617187977
vt 0.781250000 0.609375000
vt 0.785156012 0.617187977
vt 0.500618994 0.591796994
vt 0.546494007 0.536140025
vt 0.539062977 0.589254975
vt 0.785156012 0.562500000
vt 0.744140983 0.590817988
vt 0.742870986 0.560733974
vt 0.744140983 0.590817988
vt 0.785156012 0.562500000
vt 0.785156012 0.589843988
vt 0.744140983 0.590817988
vt 0.785156012 0.609375000
vt 0.741210997 0.610741973
vt 0.785156012 0.609375000
vt 0.744140983 0.590817988
vt 0.785156012 0.589843988
vt 0.785156012 0.609375000
vt 0.781250000 0.605468988
vt 0.741210997 0.610741973
vt 0.781250000 0.605468988
vt 0.781250000 0.609375000
vt 0.738281012 0.629882991
vt 0.738281012 0.629882991
vt 0.781250000 0.609375000
vt 0.781250000 0.617187977
vt 0.571289003 0.614257991
vt 0.537109017 0.710937977
vt 0.512254000 0.615234017
vt 0.652606010 0.536140025
vt 0.647126973 0.536139011
vt 0.740234017 0.536140025
vt 0.584580004 0.536140025
vt 0.647126973 0.536139011
vt 0.652606010 0.536140025
vt 0.546494007 0.536140025
vt 0.647126973 0.536139011
vt 0.584580004 0.536140025
vt 0.500618994 0.536140025
vt 0.647126973 0.536139011
vt 0.546494007 0.536140025
vt 0.740234017 0.536140025
vt 0.647126973 0.536139011
vt 0.785156012 0.536140025
vt 0.346322000 0.551757991
vt 0.261361003 0.536140025
vt 0.349251986 0.536140025
vt 0.261361003 0.536140025
vt 0.346322000 0.551757991
vt 0.259407997 0.560546994
vt 0.416635007 0.536140025
vt 0.346322000 0.551757991
vt 0.349251986 0.536140025
vt 0.346322000 0.551757991
vt 0.416635007 0.536140025
vt 0.395150006 0.568359017
vt 0.454721004 0.536140025
vt 0.424447000 0.586914003
vt 0.416635007 0.536140025
vt 0.424447000 0.586914003
vt 0.454721004 0.536140025
vt 0.462532997 0.588867009
vt 0.259407997 0.560546994
vt 0.210938007 0.536140025
vt 0.261361003 0.536140025
vt 0.210938007 0.536140025
vt 0.259407997 0.560546994
vt 0.210938007 0.562500000
vt 0.430307001 0.614257991
vt 0.381478995 0.710937977
vt 0.385385007 0.614257991
vt 0.381478995 0.710937977
vt 0.430307001 0.614257991
vt 0.418588012 0.711914003
vt 0.381478995 0.710937977
vt 0.406868994 0.771484017
vt 0.368782997 0.774414003
vt 0.406868994 0.771484017
vt 0.381478995 0.710937977
vt 0.418588012 0.711914003
vt 0.218750000 0.617187977
vt 0.272103995 0.701171994
vt 0.227182001 0.709960997
vt 0.272103995 0.701171994
vt 0.218750000 0.617187977
vt 0.263314009 0.629882991
vt 0.227182001 0.709960997
vt 0.278939009 0.771484017
vt 0.233041003 0.771484017
vt 0.278939009 0.771484017
vt 0.227182001 0.709960997
vt 0.272103995 0.701171994
vt 0.263314009 0.629882991
vt 0.324838012 0.704101980
vt 0.272103995 0.701171994
vt 0.324838012 0.704101980
vt 0.263314009 0.629882991
vt 0.321907997 0.630859017
vt 0.272103995 0.701171994
vt 0.324838012 0.770507991
vt 0.278939009 0.771484017
vt 0.324838012 0.770507991
vt 0.272103995 0.701171994
vt 0.324838012 0.704101980
vt 0.321907997 0.630859017
vt 0.381478995 0.710937977
vt 0.324838012 0.704101980
vt 0.381478995 0.710937977
vt 0.321907997 0.630859017
vt 0.385385007 0.614257991
vt 0.324838012 0.704101980
vt 0.368782997 0.774414003
vt 0.324838012 0.770507991
vt 0.368782997 0.774414003
vt 0.324838012 0.704101980
vt 0.381478995 0.710937977
vt 0.385385007 0.614257991
vt 0.424447000 0.586914003
vt 0.430307001 0.614257991
vt 0.424447000 0.586914003
vt 0.385385007 0.614257991
vt 0.379525006 0.583984017
vt 0.500618994 0.591796994
vt 0.489342004 0.615234017
vt 0.462532997 0.588867009
vt 0.489342004 0.615234017
vt 0.500618994 0.591796994
vt 0.500618994 0.616203010
vt 0.259407997 0.560546994
vt 0.324838012 0.591796994
vt 0.257454991 0.590820014
vt 0.324838012 0.591796994
vt 0.259407997 0.560546994
vt 0.346322000 0.551757991
vt 0.257454991 0.590820014
vt 0.319954991 0.613281012
vt 0.260385007 0.610351980
vt 0.319954991 0.613281012
vt 0.257454991 0.590820014
vt 0.324838012 0.591796994
vt 0.260385007 0.610351980
vt 0.321907997 0.630859017
vt 0.263314009 0.629882991
vt 0.321907997 0.630859017
vt 0.260385007 0.610351980
vt 0.319954991 0.613281012
vt 0.396126986 0.822250009
vt 0.368782997 0.774414003
vt 0.406868994 0.771484017
vt 0.368782997 0.774414003
vt 0.396126986 0.822250009
vt 0.355111003 0.819867015
vt 0.355111003 0.819867015
vt 0.324838012 0.770507991
vt 0.368782997 0.774414003
vt 0.324838012 0.770507991
vt 0.355111003 0.819867015
vt 0.325814009 0.814505994
vt 0.324838012 0.770507991
vt 0.276986003 0.814518988
vt 0.278939009 0.771484017
vt 0.276986003 0.814518988
vt 0.324838012 0.770507991
vt 0.325814009 0.814505994
vt 0.278939009 0.771484017
vt 0.242807001 0.813937008
vt 0.233041003 0.771484017
vt 0.242807001 0.813937008
vt 0.278939009 0.771484017
vt 0.276986003 0.814518988
vt 0.346322000 0.551757991
vt 0.379525006 0.583984017
vt 0.324838012 0.591796994
vt 0.379525006 0.583984017
vt 0.346322000 0.551757991
vt 0.395150006 0.568359017
vt 0.324838012 0.591796994
vt 0.385385007 0.614257991
vt 0.319954991 0.613281012
vt 0.385385007 0.614257991
vt 0.324838012 0.591796994
vt 0.379525006 0.583984017
vt 0.319954991 0.613281012
vt 0.385385007 0.614257991
vt 0.321907997 0.630859017
vt 0.462532997 0.588867009
vt 0.489342004 0.615234017
vt 0.430307001 0.614257991
vt 0.424447000 0.586914003
vt 0.462532997 0.588867009
vt 0.430307001 0.614257991
vt 0.430307001 0.614257991
vt 0.464486003 0.710937977
vt 0.418588012 0.711914003
vt 0.418588012 0.711914003
vt 0.449838012 0.772460997
vt 0.406868994 0.771484017
vt 0.449838012 0.772460997
vt 0.418588012 0.711914003
vt 0.464486003 0.710937977
vt 0.406868994 0.771484017
vt 0.434213012 0.824355006
vt 0.396126986 0.822250009
vt 0.434213012 0.824355006
vt 0.406868994 0.771484017
vt 0.449838012 0.772460997
vt 0.416635007 0.536140025
vt 0.424447000 0.586914003
vt 0.395150006 0.568359017
vt 0.395150006 0.568359017
vt 0.424447000 0.586914003
vt 0.379525006 0.583984017
vt 0.218750000 0.617187977
vt 0.214844003 0.617187977
vt 0.217416003 0.610351980
vt 0.500618994 0.591796994
vt 0.462532997 0.588867009
vt 0.454721004 0.536140025
vt 0.210938007 0.562500000
vt 0.257454991 0.590820014
vt 0.210938007 0.589843988
vt 0.257454991 0.590820014
vt 0.210938007 0.562500000
vt 0.259407997 0.560546994
vt 0.257454991 0.590820014
vt 0.210938007 0.609375000
vt 0.210938007 0.589843988
vt 0.210938007 0.609375000
vt 0.257454991 0.590820014
vt 0.260385007 0.610351980
vt 0.210938007 0.609375000
vt 0.260385007 0.610351980
vt 0.216440007 0.603515983
vt 0.216440007 0.603515983
vt 0.263314009 0.629882991
vt 0.217416003 0.610351980
vt 0.263314009 0.629882991
vt 0.218750000 0.617187977
vt 0.217416003 0.610351980
vt 0.430307001 0.614257991
vt 0.489342004 0.615234017
vt 0.464486003 0.710937977
vt 0.349251986 0.536140025
vt 0.261361003 0.536140025
vt 0.355111003 0.536139011
vt 0.416635007 0.536140025
vt 0.349251986 0.536140025
vt 0.355111003 0.536139011
vt 0.454721004 0.536140025
vt 0.416635007 0.536140025
vt 0.355111003 0.536139011
vt 0.500618994 0.536140025
vt 0.454721004 0.536140025
vt 0.355111003 0.536139011
vt 0.261361003 0.536140025
vt 0.210938007 0.536140025
vt 0.355111003 0.536139011
vt 0.546494007 0.536140025
vt 0.500618994 0.591796994
vt 0.500618994 0.536140025
vt 0.500618994 0.591796994
vt 0.454721004 0.536140025
vt 0.500618994 0.536140025
vt 0.741210997 0.610741973
vt 0.781250000 0.605468988
vt 0.738281012 0.629882991
vt 0.216440007 0.603515983
vt 0.260385007 0.610351980
vt 0.263314009 0.629882991
vn 0.793210908 -0.554434323 -0.251831366
vn -0.038017042 -0.588536321 -0.807576438
vn 0.047446619 -0.979455446 -0.195999609
vn -0.038017042 -0.588536321 -0.807576438
vn 0.793210908 -0.554434323 -0.251831366
vn 0.121617389 -0.250628139 -0.960413842
vn 0.599606590 0.098742251 -0.794180021
vn 0.793210908 -0.554434323 -0.251831366
vn 0.971000744 0.070238887 -0.228525830
vn 0.793210908 -0.554434323 -0.251831366
vn 0.599606590 0.098742251 -0.794180021
vn 0.121617389 -0.250628139 -0.960413842
vn 0.413581975 0.710985959 -0.568725695
vn 0.762704231 0.627818575 -0.155325766
vn 0.355388310 0.920565355 0.162044982
vn 0.762704231 0.627818575 -0.155325766
vn 0.413581975 0.710985959 -0.568725695
vn 0.599606590 0.098742251 -0.794180021
vn 0.047446619 -0.979455446 -0.195999609
vn -0.184465053 -0.679211161 -0.710383589
vn -0.213395371 -0.959685202 -0.182939140
vn -0.184465053 -0.679211161 -0.710383589
vn 0.047446619 -0.979455446 -0.195999609
vn -0.038017042 -0.588536321 -0.807576438
vn 0.031824588 0.983627824 -0.177379537
vn 0.825036578 0.554505853 -0.108802131
vn -0.333885440 0.929255916 -0.158126392
vn 0.825036578 0.554505853 -0.108802131
vn 0.031824588 0.983627824 -0.177379537
vn 0.929863018 0.325863250 -0.170786151
vn 0.825036578 0.554505853 -0.108802131
vn -0.098398244 0.994316767 0.040644224
vn -0.333885440 0.929255916 -0.158126392
vn -0.098398244 0.994316767 0.040644224
vn 0.825036578 0.554505853 -0.108802131
vn 0.880076958 0.469612925 0.070201481
vn -0.889487516 0.405291992 0.211069564
vn -0.552669548 -0.766662333 0.326780105
vn -0.118662153 -0.902948185 0.413042213
vn -0.552669548 -0.766662333 0.326780105
vn -0.889487516 0.405291992 0.211069564
vn -0.948912701 0.313153892 0.038721139
vn -0.948912701 0.313153892 0.038721139
vn -0.761577135 -0.642072102 0.087998200
vn -0.552669548 -0.766662333 0.326780105
vn -0.761577135 -0.642072102 0.087998200
vn -0.948912701 0.313153892 0.038721139
vn -0.917719785 0.397089768 -0.010493473
vn -0.118662153 -0.902948185 0.413042213
vn 0.743246830 -0.649381364 0.160897464
vn 0.846422365 -0.503143515 0.174401216
vn 0.743246830 -0.649381364 0.160897464
vn -0.118662153 -0.902948185 0.413042213
vn -0.552669548 -0.766662333 0.326780105
vn -0.552669548 -0.766662333 0.326780105
vn 0.570052418 -0.818974683 0.065732098
vn 0.743246830 -0.649381364 0.160897464
vn 0.570052418 -0.818974683 0.065732098
vn -0.552669548 -0.766662333 0.326780105
vn -0.761577135 -0.642072102 0.087998200
vn 0.846422365 -0.503143515 0.174401216
vn 0.825036578 0.554505853 -0.108802131
vn 0.929863018 0.325863250 -0.170786151
vn 0.825036578 0.554505853 -0.108802131
vn 0.846422365 -0.503143515 0.174401216
vn 0.743246830 -0.649381364 0.160897464
vn 0.743246830 -0.649381364 0.160897464
vn 0.880076958 0.469612925 0.070201481
vn 0.825036578 0.554505853 -0.108802131
vn 0.880076958 0.469612925 0.070201481
vn 0.743246830 -0.649381364 0.160897464
vn 0.570052418 -0.818974683 0.065732098
vn 0.929863018 0.325863250 -0.170786151
vn 0.762704231 0.627818575 -0.155325766
vn 0.980102808 -0.043055996 -0.193764460
vn 0.762704231 0.627818575 -0.155325766
vn 0.929863018 0.325863250 -0.170786151
vn 0.031824588 0.983627824 -0.177379537
vn 0.312848244 0.944584995 0.099424161
vn -0.889487516 0.405291992 0.211069564
vn 0.850950823 0.325535932 0.412200260
vn -0.889487516 0.405291992 0.211069564
vn 0.312848244 0.944584995 0.099424161
vn 0.355388310 0.920565355 0.162044982
vn 0.047446619 -0.979455446 -0.195999609
vn 0.769551104 -0.624913609 -0.131430891
vn 0.793210908 -0.554434323 -0.251831366
vn 0.769551104 -0.624913609 -0.131430891
vn 0.047446619 -0.979455446 -0.195999609
vn 0.027104464 -0.996670967 0.076891681
vn 0.027104464 -0.996670967 0.076891681
vn 0.673827882 -0.735051158 0.075204917
vn 0.769551104 -0.624913609 -0.131430891
vn 0.673827882 -0.735051158 0.075204917
vn 0.027104464 -0.996670967 0.076891681
vn 0.086614930 -0.889603701 0.448445213
vn 0.086614930 -0.889603701 0.448445213
vn 0.846422365 -0.503143515 0.174401216
vn 0.673827882 -0.735051158 0.075204917
vn 0.846422365 -0.503143515 0.174401216
vn 0.086614930 -0.889603701 0.448445213
vn -0.118662153 -0.902948185 0.413042213
vn 0.245013415 0.888884106 0.387109123
vn 0.880076958 0.469612925 0.070201481
vn 0.916832832 0.389091502 0.089584382
vn 0.880076958 0.469612925 0.070201481
vn 0.245013415 0.888884106 0.387109123
vn -0.098398244 0.994316767 0.040644224
vn 0.916832832 0.389091502 0.089584382
vn 0.570052418 -0.818974683 0.065732098
vn 0.632276050 -0.586880720 -0.505764785
vn 0.570052418 -0.818974683 0.065732098
vn 0.916832832 0.389091502 0.089584382
vn 0.880076958 0.469612925 0.070201481
vn 0.570052418 -0.818974683 0.065732098
vn -0.180896472 -0.744032134 -0.643189435
vn 0.632276050 -0.586880720 -0.505764785
vn -0.180896472 -0.744032134 -0.643189435
vn 0.570052418 -0.818974683 0.065732098
vn -0.761577135 -0.642072102 0.087998200
vn -0.761577135 -0.642072102 0.087998200
vn -0.942747879 0.306966365 0.130376711
vn -0.180896472 -0.744032134 -0.643189435
vn -0.942747879 0.306966365 0.130376711
vn -0.761577135 -0.642072102 0.087998200
vn -0.917719785 0.397089768 -0.010493473
vn 0.793210908 -0.554434323 -0.251831366
vn 0.980102808 -0.043055996 -0.193764460
vn 0.971000744 0.070238887 -0.228525830
vn 0.980102808 -0.043055996 -0.193764460
vn 0.793210908 -0.554434323 -0.251831366
vn 0.769551104 -0.624913609 -0.131430891
vn 0.769551104 -0.624913609 -0.131430891
vn 0.929863018 0.325863250 -0.170786151
vn 0.980102808 -0.043055996 -0.193764460
vn 0.929863018 0.325863250 -0.170786151
vn 0.769551104 -0.624913609 -0.131430891
vn 0.673827882 -0.735051158 0.075204917
vn 0.673827882 -0.735051158 0.075204917
vn 0.846422365 -0.503143515 0.174401216
vn 0.929863018 0.325863250 -0.170786151
vn 0.355388310 0.920565355 0.162044982
vn 0.031824588 0.983627824 -0.177379537
vn -0.889487516 0.405291992 0.211069564
vn 0.762704231 0.627818575 -0.155325766
vn 0.031824588 0.983627824 -0.177379537
vn 0.355388310 0.920565355 0.162044982
vn 0.031824588 0.983627824 -0.177379537
vn -0.333885440 0.929255916 -0.158126392
vn -0.948912701 0.313153892 0.038721139
vn -0.333885440 0.929255916 -0.158126392
vn -0.917719785 0.397089768 -0.010493473
vn -0.948912701 0.313153892 0.038721139
vn -0.917719785 0.397089768 -0.010493473
vn -0.333885440 0.929255916 -0.158126392
vn -0.098398244 0.994316767 0.040644224
vn -0.098398244 0.994316767 0.040644224
vn -0.942747879 0.306966365 0.130376711
vn -0.917719785 0.397089768 -0.010493473
vn -0.942747879 0.306966365 0.130376711
vn -0.098398244 0.994316767 0.040644224
vn 0.245013415 0.888884106 0.387109123
vn 0.599606590 0.098742251 -0.794180021
vn 0.971000744 0.070238887 -0.228525830
vn 0.762704231 0.627818575 -0.155325766
vn 0.971000744 0.070238887 -0.228525830
vn 0.980102808 -0.043055996 -0.193764460
vn 0.762704231 0.627818575 -0.155325766
vn -0.889487516 0.405291992 0.211069564
vn 0.766512586 0.226574095 0.600934800
vn 0.850950823 0.325535932 0.412200260
vn 0.312848244 0.944584995 0.099424161
vn 0.413581975 0.710985959 -0.568725695
vn 0.355388310 0.920565355 0.162044982
vn -0.213395371 -0.959685202 -0.182939140
vn 0.027104464 -0.996670967 0.076891681
vn 0.047446619 -0.979455446 -0.195999609
vn 0.027104464 -0.996670967 0.076891681
vn -0.213395371 -0.959685202 -0.182939140
vn -0.216113191 -0.976244440 0.015552554
vn 0.027104464 -0.996670967 0.076891681
vn -0.208359754 -0.913106004 0.350462034
vn 0.086614930 -0.889603701 0.448445213
vn -0.208359754 -0.913106004 0.350462034
vn 0.027104464 -0.996670967 0.076891681
vn -0.216113191 -0.976244440 0.015552554
vn -0.208359754 -0.913106004 0.350462034
vn -0.109705287 -0.534574348 0.837970773
vn 0.086614930 -0.889603701 0.448445213
vn -0.109705287 -0.534574348 0.837970773
vn 0.766512586 0.226574095 0.600934800
vn -0.118662153 -0.902948185 0.413042213
vn -0.118662153 -0.902948185 0.413042213
vn 0.766512586 0.226574095 0.600934800
vn -0.889487516 0.405291992 0.211069564
vn 0.031824588 0.983627824 -0.177379537
vn -0.948912701 0.313153892 0.038721139
vn -0.889487516 0.405291992 0.211069564
vn 0.121617389 -0.250628139 -0.960413842
vn -0.080228785 -0.069144832 -0.994375349
vn -0.038017042 -0.588536321 -0.807576438
vn 0.599606590 0.098742251 -0.794180021
vn -0.080228785 -0.069144832 -0.994375349
vn 0.121617389 -0.250628139 -0.960413842
vn 0.413581975 0.710985959 -0.568725695
vn -0.080228785 -0.069144832 -0.994375349
vn 0.599606590 0.098742251 -0.794180021
vn 0.077366613 0.665844307 -0.742068572
vn -0.080228785 -0.069144832 -0.994375349
vn 0.413581975 0.710985959 -0.568725695
vn -0.038017042 -0.588536321 -0.807576438
vn -0.080228785 -0.069144832 -0.994375349
vn -0.184465053 -0.679211161 -0.710383589
vn -0.942322799 -0.227676399 -0.245338948
vn -0.249931904 -0.485125735 -0.837966028
vn -0.231488985 -0.147667746 -0.961564915
vn -0.249931904 -0.485125735 -0.837966028
vn -0.942322799 -0.227676399 -0.245338948
vn -0.456322272 -0.869735899 -0.187961298
vn -0.473902706 0.259583459 -0.841446762
vn -0.942322799 -0.227676399 -0.245338948
vn -0.231488985 -0.147667746 -0.961564915
vn -0.942322799 -0.227676399 -0.245338948
vn -0.473902706 0.259583459 -0.841446762
vn -0.926857620 0.364018828 -0.091789135
vn -0.164684361 0.803167893 -0.572538555
vn -0.673387703 0.708682501 -0.210518677
vn -0.473902706 0.259583459 -0.841446762
vn -0.673387703 0.708682501 -0.210518677
vn -0.164684361 0.803167893 -0.572538555
vn -0.091626347 0.992486725 -0.081084601
vn -0.456322272 -0.869735899 -0.187961298
vn -0.184465053 -0.679211161 -0.710383589
vn -0.249931904 -0.485125735 -0.837966028
vn -0.184465053 -0.679211161 -0.710383589
vn -0.456322272 -0.869735899 -0.187961298
vn -0.213395371 -0.959685202 -0.182939140
vn -0.428163659 0.887142981 -0.172201079
vn -0.979052589 0.108092397 -0.172545827
vn -0.965497407 0.149661508 -0.213110745
vn -0.979052589 0.108092397 -0.172545827
vn -0.428163659 0.887142981 -0.172201079
vn -0.166312043 0.981506804 -0.094787648
vn -0.979052589 0.108092397 -0.172545827
vn -0.415265718 0.907945292 0.056477695
vn -0.998904508 -0.039187034 -0.025576539
vn -0.415265718 0.907945292 0.056477695
vn -0.979052589 0.108092397 -0.172545827
vn -0.166312043 0.981506804 -0.094787648
vn 0.671994971 0.705401490 0.225458414
vn 0.832565295 -0.439696793 0.336900223
vn 0.662760122 0.734839813 0.144081472
vn 0.832565295 -0.439696793 0.336900223
vn 0.671994971 0.705401490 0.225458414
vn 0.571174396 -0.698611574 0.430931176
vn 0.662760122 0.734839813 0.144081472
vn 0.965319092 -0.214148340 0.149330302
vn 0.582296783 0.807320357 0.095730342
vn 0.965319092 -0.214148340 0.149330302
vn 0.662760122 0.734839813 0.144081472
vn 0.832565295 -0.439696793 0.336900223
vn 0.571174396 -0.698611574 0.430931176
vn -0.391573316 -0.917614443 0.068220768
vn 0.832565295 -0.439696793 0.336900223
vn -0.391573316 -0.917614443 0.068220768
vn 0.571174396 -0.698611574 0.430931176
vn -0.640950599 -0.767104820 0.027065204
vn 0.832565295 -0.439696793 0.336900223
vn -0.079605371 -0.996793668 -0.008085111
vn 0.965319092 -0.214148340 0.149330302
vn -0.079605371 -0.996793668 -0.008085111
vn 0.832565295 -0.439696793 0.336900223
vn -0.391573316 -0.917614443 0.068220768
vn -0.640950599 -0.767104820 0.027065204
vn -0.979052589 0.108092397 -0.172545827
vn -0.391573316 -0.917614443 0.068220768
vn -0.979052589 0.108092397 -0.172545827
vn -0.640950599 -0.767104820 0.027065204
vn -0.965497407 0.149661508 -0.213110745
vn -0.391573316 -0.917614443 0.068220768
vn -0.998904508 -0.039187034 -0.025576539
vn -0.079605371 -0.996793668 -0.008085111
vn -0.998904508 -0.039187034 -0.025576539
vn -0.391573316 -0.917614443 0.068220768
vn -0.979052589 0.108092397 -0.172545827
vn -0.965497407 0.149661508 -0.213110745
vn -0.673387703 0.708682501 -0.210518677
vn -0.428163659 0.887142981 -0.172201079
vn -0.673387703 0.708682501 -0.210518677
vn -0.965497407 0.149661508 -0.213110745
vn -0.932737921 0.294007859 -0.208708766
vn 0.312848244 0.944584995 0.099424161
vn 0.671994971 0.705401490 0.225458414
vn -0.091626347 0.992486725 -0.081084601
vn 0.671994971 0.705401490 0.225458414
vn 0.312848244 0.944584995 0.099424161
vn 0.850950823 0.325535932 0.412200260
vn -0.456322272 -0.869735899 -0.187961298
vn -0.866387520 -0.485583263 -0.116539949
vn -0.399626822 -0.915682166 0.042715028
vn -0.866387520 -0.485583263 -0.116539949
vn -0.456322272 -0.869735899 -0.187961298
vn -0.942322799 -0.227676399 -0.245338948
vn -0.399626822 -0.915682166 0.042715028
vn -0.727309560 -0.648261802 0.225338501
vn -0.317589892 -0.732341420 0.602339360
vn -0.727309560 -0.648261802 0.225338501
vn -0.399626822 -0.915682166 0.042715028
vn -0.866387520 -0.485583263 -0.116539949
vn -0.317589892 -0.732341420 0.602339360
vn -0.640950599 -0.767104820 0.027065204
vn 0.571174396 -0.698611574 0.430931176
vn -0.640950599 -0.767104820 0.027065204
vn -0.317589892 -0.732341420 0.602339360
vn -0.727309560 -0.648261802 0.225338501
vn -0.704692396 0.635516744 0.315479151
vn -0.998904508 -0.039187034 -0.025576539
vn -0.415265718 0.907945292 0.056477695
vn -0.998904508 -0.039187034 -0.025576539
vn -0.704692396 0.635516744 0.315479151
vn -0.992496042 -0.117942254 -0.032268120
vn -0.992496042 -0.117942254 -0.032268120
vn -0.079605371 -0.996793668 -0.008085111
vn -0.998904508 -0.039187034 -0.025576539
vn -0.079605371 -0.996793668 -0.008085111
vn -0.992496042 -0.117942254 -0.032268120
vn -0.213004132 -0.837953082 -0.502457831
vn -0.079605371 -0.996793668 -0.008085111
vn 0.595772387 -0.595776517 -0.538614523
vn 0.965319092 -0.214148340 0.149330302
vn 0.595772387 -0.595776517 -0.538614523
vn -0.079605371 -0.996793668 -0.008085111
vn -0.213004132 -0.837953082 -0.502457831
vn 0.965319092 -0.214148340 0.149330302
vn 0.649781341 0.719475393 0.245233292
vn 0.582296783 0.807320357 0.095730342
vn 0.649781341 0.719475393 0.245233292
vn 0.965319092 -0.214148340 0.149330302
vn 0.595772387 -0.595776517 -0.538614523
vn -0.942322799 -0.227676399 -0.245338948
vn -0.932737921 0.294007859 -0.208708766
vn -0.866387520 -0.485583263 -0.116539949
vn -0.932737921 0.294007859 -0.208708766
vn -0.942322799 -0.227676399 -0.245338948
vn -0.926857620 0.364018828 -0.091789135
vn -0.866387520 -0.485583263 -0.116539949
vn -0.965497407 0.149661508 -0.213110745
vn -0.727309560 -0.648261802 0.225338501
vn -0.965497407 0.149661508 -0.213110745
vn -0.866387520 -0.485583263 -0.116539949
vn -0.932737921 0.294007859 -0.208708766
vn -0.727309560 -0.648261802 0.225338501
vn -0.965497407 0.149661508 -0.213110745
vn -0.640950599 -0.767104820 0.027065204
vn -0.091626347 0.992486725 -0.081084601
vn 0.671994971 0.705401490 0.225458414
vn -0.428163659 0.887142981 -0.172201079
vn -0.673387703 0.708682501 -0.210518677
vn -0.091626347 0.992486725 -0.081084601
vn -0.428163659 0.887142981 -0.172201079
vn -0.428163659 0.887142981 -0.172201079
vn 0.662760122 0.734839813 0.144081472
vn -0.166312043 0.981506804 -0.094787648
vn -0.166312043 0.981506804 -0.094787648
vn 0.582296783 0.807320357 0.095730342
vn -0.415265718 0.907945292 0.056477695
vn 0.582296783 0.807320357 0.095730342
vn -0.166312043 0.981506804 -0.094787648
vn 0.662760122 0.734839813 0.144081472
vn -0.415265718 0.907945292 0.056477695
vn 0.649781341 0.719475393 0.245233292
vn -0.704692396 0.635516744 0.315479151
vn 0.649781341 0.719475393 0.245233292
vn -0.415265718 0.907945292 0.056477695
vn 0.582296783 0.807320357 0.095730342
vn -0.473902706 0.259583459 -0.841446762
vn -0.673387703 0.708682501 -0.210518677
vn -0.926857620 0.364018828 -0.091789135
vn -0.926857620 0.364018828 -0.091789135
vn -0.673387703 0.708682501 -0.210518677
vn -0.932737921 0.294007859 -0.208708766
vn 0.671994971 0.705401490 0.225458414
vn 0.850950823 0.325535932 0.412200260
vn 0.766512586 0.226574095 0.600934800
vn 0.312848244 0.944584995 0.099424161
vn -0.091626347 0.992486725 -0.081084601
vn -0.164684361 0.803167893 -0.572538555
vn -0.213395371 -0.959685202 -0.182939140
vn -0.399626822 -0.915682166 0.042715028
vn -0.216113191 -0.976244440 0.015552554
vn -0.399626822 -0.915682166 0.042715028
vn -0.213395371 -0.959685202 -0.182939140
vn -0.456322272 -0.869735899 -0.187961298
vn -0.399626822 -0.915682166 0.042715028
vn -0.208359754 -0.913106004 0.350462034
vn -0.216113191 -0.976244440 0.015552554
vn -0.208359754 -0.913106004 0.350462034
vn -0.399626822 -0.915682166 0.042715028
vn -0.317589892 -0.732341420 0.602339360
vn -0.208359754 -0.913106004 0.350462034
vn -0.317589892 -0.732341420 0.602339360
vn -0.109705287 -0.534574348 0.837970773
vn -0.109705287 -0.534574348 0.837970773
vn 0.571174396 -0.698611574 0.430931176
vn 0.766512586 0.226574095 0.600934800
vn 0.571174396 -0.698611574 0.430931176
vn 0.671994971 0.705401490 0.225458414
vn 0.766512586 0.226574095 0.600934800
vn -0.428163659 0.887142981 -0.172201079
vn 0.671994971 0.705401490 0.225458414
vn 0.662760122 0.734839813 0.144081472
vn -0.231488985 -0.147667746 -0.961564915
vn -0.249931904 -0.485125735 -0.837966028
vn -0.080228785 -0.069144832 -0.994375349
vn -0.473902706 0.259583459 -0.841446762
vn -0.231488985 -0.147667746 -0.961564915
vn -0.080228785 -0.069144832 -0.994375349
vn -0.164684361 0.803167893 -0.572538555
vn -0.473902706 0.259583459 -0.841446762
vn -0.080228785 -0.069144832 -0.994375349
vn 0.077366613 0.665844307 -0.742068572
vn -0.164684361 0.803167893 -0.572538555
vn -0.080228785 -0.069144832 -0.994375349
vn -0.249931904 -0.485125735 -0.837966028
vn -0.184465053 -0.679211161 -0.710383589
vn -0.080228785 -0.069144832 -0.994375349
vn 0.413581975 0.710985959 -0.568725695
vn 0.312848244 0.944584995 0.099424161
vn 0.077366613 0.665844307 -0.742068572
vn 0.312848244 0.944584995 0.099424161
vn -0.164684361 0.803167893 -0.572538555
vn 0.077366613 0.665844307 -0.742068572
vn 0.086614930 -0.889603701 0.448445213
vn -0.109705287 -0.534574348 0.837970773
vn -0.118662153 -0.902948185 0.413042213
vn -0.109705287 -0.534574348 0.837970773
vn -0.317589892 -0.732341420 0.602339360
vn 0.571174396 -0.698611574 0.430931176
f 723/723/723 722/722/722 721/721/721
f 726/726/726 725/725/725 724/724/724
f 729/729/729 728/728/728 727/727/727
f 732/732/732 731/731/731 730/730/730
f 735/735/735 734/734/734 733/733/733
f 738/738/738 737/737/737 736/736/736
f 741/741/741 740/740/740 739/739/739
f 744/744/744 743/743/743 742/742/742
f 747/747/747 746/746/746 745/745/745
f 750/750/750 749/749/749 748/748/748
f 753/753/753 752/752/752 751/751/751
f 756/756/756 755/755/755 754/754/754
f 759/759/759 758/758/758 757/757/757
f 762/762/762 761/761/761 760/760/760
f 765/765/765 764/764/764 763/763/763
f 768/768/768 767/767/767 766/766/766
f 771/771/771 770/770/770 769/769/769
f 774/774/774 773/773/773 772/772/772
f 777/777/777 776/776/776 775/775/775
f 780/780/780 779/779/779 778/778/778
f 783/783/783 782/782/782 781/781/781
f 786/786/786 785/785/785 784/784/784
f 789/789/789 788/788/788 787/787/787
f 792/792/792 791/791/791 790/790/790
f 795/795/795 794/794/794 793/793/793
f 798/798/798 797/797/797 796/796/796
f 801/801/801 800/800/800 799/799/799
f 804/804/804 803/803/803 802/802/802
f 807/807/807 806/806/806 805/805/805
f 810/810/810 809/809/809 808/808/808
f 813/813/813 812/812/812 811/811/811
f 816/816/816 815/815/815 814/814/814
f 819/819/819 818/818/818 817/817/817
f 822/822/822 821/821/821 820/820/820
f 825/825/825 824/824/824 823/823/823
f 828/828/828 827/827/827 826/826/826
f 831/831/831 830/830/830 829/829/829
f 834/834/834 833/833/833 832/832/832
f 837/837/837 836/836/836 835/835/835
f 840/840/840 839/839/839 838/838/838
f 843/843/843 842/842/842 841/841/841
f 846/846/846 845/845/845 844/844/844
f 849/849/849 848/848/848 847/847/847
f 852/852/852 851/851/851 850/850/850
f 855/855/855 854/854/854 853/853/853
f 858/858/858 857/857/857 856/856/856
f 861/861/861 860/860/860 859/859/859
f 864/864/864 863/863/863 862/862/862
f 867/867/867 866/866/866 865/865/865
f 870/870/870 869/869/869 868/868/868
f 873/873/873 872/872/872 871/871/871
f 876/876/876 875/875/875 874/874/874
f 879/879/879 878/878/878 877/877/877
f 882/882/882 881/881/881 880/880/880
f 885/885/885 884/884/884 883/883/883
f 888/888/888 887/887/887 886/886/886
f 891/891/891 890/890/890 889/889/889
f 894/894/894 893/893/893 892/892/892
f 897/897/897 896/896/896 895/895/895
f 900/900/900 899/899/899 898/898/898
f 903/903/903 902/902/902 901/901/901
f 906/906/906 905/905/905 904/904/904
f 909/909/909 908/908/908 907/907/907
f 912/912/912 911/911/911 910/910/910
f 915/915/915 914/914/914 913/913/913
f 918/918/918 917/917/917 916/916/916
f 921/921/921 920/920/920 919/919/919
f 924/924/924 923/923/923 922/922/922
f 927/927/927 926/926/926 925/925/925
f 930/930/930 929/929/929 928/928/928
f 933/933/933 932/932/932 931/931/931
f 936/936/936 935/935/935 934/934/934
f 939/939/939 938/938/938 937/937/937
f 942/942/942 941/941/941 940/940/940
f 945/945/945 944/944/944 943/943/943
f 948/948/948 947/947/947 946/946/946
f 951/951/951 950/950/950 949/949/949
f 954/954/954 953/953/953 952/952/952
f 957/957/957 956/956/956 955/955/955
f 960/960/960 959/959/959 958/958/958
f 963/963/963 962/962/962 961/961/961
f 966/966/966 965/965/965 964/964/964
f 969/969/969 968/968/968 967/967/967
f 972/972/972 971/971/971 970/970/970
f 975/975/975 974/974/974 973/973/973
f 978/978/978 977/977/977 976/976/976
f 981/981/981 980/980/980 979/979/979
f 984/984/984 983/983/983 982/982/982
f 987/987/987 986/986/986 985/985/985
f 990/990/990 989/989/989 988/988/988
f 993/993/993 992/992/992 991/991/991
f 996/996/996 995/995/995 994/994/994
f 999/999/999 998/998/998 997/997/997
f 1002/1002/1002 1001/1001/1001 1000/1000/1000
f 1005/1005/1005 1004/1004/1004 1003/1003/1003
f 1008/1008/1008 1007/1007/1007 1006/1006/1006
f 1011/1011/1011 1010/1010/1010 1009/1009/1009
f 1014/1014/1014 1013/1013/1013 1012/1012/1012
f 1017/1017/1017 1016/1016/1016 1015/1015/1015
f 1020/1020/1020 1019/1019/1019 1018/1018/1018
f 1023/1023/1023 1022/1022/1022 1021/1021/1021
f 1026/1026/1026 1025/1025/1025 1024/1024/1024
f 1029/1029/1029 1028/1028/1028 1027/1027/1027
f 1032/1032/1032 1031/1031/1031 1030/1030/1030
f 1035/1035/1035 1034/1034/1034 1033/1033/1033
f 1038/1038/1038 1037/1037/1037 1036/1036/1036
f 1041/1041/1041 1040/1040/1040 1039/1039/1039
f 1044/1044/1044 1043/1043/1043 1042/1042/1042
f 1047/1047/1047 1046/1046/1046 1045/1045/1045
f 1050/1050/1050 1049/1049/1049 1048/1048/1048
f 1053/1053/1053 1052/1052/1052 1051/1051/1051
f 1056/1056/1056 1055/1055/1055 1054/1054/1054
f 1059/1059/1059 1058/1058/1058 1057/1057/1057
f 1062/1062/1062 1061/1061/1061 1060/1060/1060
f 1065/1065/1065 1064/1064/1064 1063/1063/1063
f 1068/1068/1068 1067/1067/1067 1066/1066/1066
f 1071/1071/1071 1070/1070/1070 1069/1069/1069
f 1074/1074/1074 1073/1073/1073 1072/1072/1072
f 1077/1077/1077 1076/1076/1076 1075/1075/1075
f 1080/1080/1080 1079/1079/1079 1078/1078/1078
f 1083/1083/1083 1082/1082/1082 1081/1081/1081
f 1086/1086/1086 1085/1085/1085 1084/1084/1084
f 1089/1089/1089 1088/1088/1088 1087/1087/1087
f 1092/1092/1092 1091/1091/1091 1090/1090/1090
f 1095/1095/1095 1094/1094/1094 1093/1093/1093
f 1098/1098/1098 1097/1097/1097 1096/1096/1096
f 1101/1101/1101 1100/1100/1100 1099/1099/1099
f 1104/1104/1104 1103/1103/1103 1102/1102/1102
f 1107/1107/1107 1106/1106/1106 1105/1105/1105
f 1110/1110/1110 1109/1109/1109 1108/1108/1108
f 1113/1113/1113 1112/1112/1112 1111/1111/1111
f 1116/1116/1116 1115/1115/1115 1114/1114/1114
f 1119/1119/1119 1118/1118/1118 1117/1117/1117
f 1122/1122/1122 1121/1121/1121 1120/1120/1120
f 1125/1125/1125 1124/1124/1124 1123/1123/1123
f 1128/1128/1128 1127/1127/1127 1126/1126/1126
f 1131/1131/1131 1130/1130/1130 1129/1129/1129
f 1134/1134/1134 1133/1133/1133 1132/1132/1132
f 1137/1137/1137 1136/1136/1136 1135/1135/1135
f 1140/1140/1140 1139/1139/1139 1138/1138/1138
f 1143/1143/1143 1142/1142/1142 1141/1141/1141
f 1146/1146/1146 1145/1145/1145 1144/1144/1144
f 1149/1149/1149 1148/1148/1148 1147/1147/1147
f 1152/1152/1152 1151/1151/1151 1150/1150/1150
f 1155/1155/1155 1154/1154/1154 1153/1153/1153
f 1158/1158/1158 1157/1157/1157 1156/1156/1156
