# Static pose baked from local Project Zomboid assets
o Body
v 0.065093636 0.016653198 0.242896025
v 0.034891234 0.017639127 0.241664232
v 0.066845019 0.023219961 0.265212542
v 0.060097441 0.008309850 0.194762615
v 0.046174201 -0.014708428 0.165255801
v 0.042533357 -0.002954644 0.196032922
v 0.046174201 -0.014708428 0.165255801
v 0.060097441 0.008309850 0.194762615
v 0.063220124 0.000097063 0.164184908
v 0.027250992 0.056709373 0.286683797
v 0.072000588 0.075877933 0.273858473
v 0.059637490 0.053863639 0.281285612
v 0.072000588 0.075877933 0.273858473
v 0.027250992 0.056709373 0.286683797
v 0.045229170 0.083112815 0.266081263
v 0.059172965 0.099495113 0.039861302
v 0.022760558 0.107785474 0.073698696
v 0.023314713 0.119923963 0.043762771
v 0.022760558 0.107785474 0.073698696
v 0.059172965 0.099495113 0.039861302
v 0.054267408 0.090953533 0.069979137
v 0.069000095 0.057245895 0.057832201
v 0.059172965 0.099495113 0.039861302
v 0.076743158 0.059865812 0.029962549
v 0.059172965 0.099495113 0.039861302
v 0.069000095 0.057245895 0.057832201
v 0.054267408 0.090953533 0.069979137
v 0.052726901 0.028333375 0.044678406
v 0.070195012 0.041867130 0.002284708
v 0.044620701 0.018388461 -0.006632690
v 0.070195012 0.041867130 0.002284708
v 0.052726901 0.028333375 0.044678406
v 0.069000095 0.057245895 0.057832201
v 0.042533357 -0.002954644 0.196032922
v 0.022537694 -0.014630669 0.165369927
v 0.018516512 -0.004156410 0.188006014
v 0.022537694 -0.014630669 0.165369927
v 0.042533357 -0.002954644 0.196032922
v 0.046174201 -0.014708428 0.165255801
v 0.023314713 0.119923963 0.043762771
v -0.013178400 0.098613878 0.058249468
v -0.016093572 0.104148040 0.021538621
v -0.013178400 0.098613878 0.058249468
v 0.023314713 0.119923963 0.043762771
v 0.022760558 0.107785474 0.073698696
v 0.032620829 0.092599378 0.134318726
v -0.003389854 0.088236272 0.162903033
v -0.008240385 0.091910415 0.135416877
v -0.003389854 0.088236272 0.162903033
v 0.032620829 0.092599378 0.134318726
v 0.042882127 0.089467645 0.172883930
v 0.095439182 0.039130859 -0.032983633
v 0.134092141 0.067553219 -0.133106627
v 0.152863215 0.034338241 -0.114202819
v 0.134092141 0.067553219 -0.133106627
v 0.095439182 0.039130859 -0.032983633
v 0.085516759 0.071001842 -0.053454714
v 0.134092141 0.067553219 -0.133106627
v 0.199667235 0.022176093 -0.204953532
v 0.152863215 0.034338241 -0.114202819
v 0.199667235 0.022176093 -0.204953532
v 0.134092141 0.067553219 -0.133106627
v 0.181324770 0.041305466 -0.207529189
v 0.020317915 0.027923304 -0.053765994
v 0.077711448 0.009950869 -0.159521107
v 0.019924900 0.074758779 -0.076995537
v 0.077711448 0.009950869 -0.159521107
v 0.020317915 0.027923304 -0.053765994
v 0.127735982 -0.009837164 -0.124032015
v 0.127735982 -0.009837164 -0.124032015
v 0.146966758 0.015065910 -0.206752162
v 0.077711448 0.009950869 -0.159521107
v 0.146966758 0.015065910 -0.206752162
v 0.127735982 -0.009837164 -0.124032015
v 0.180238384 -0.001896177 -0.205210865
v 0.077711448 0.009950869 -0.159521107
v 0.054729818 0.078242404 -0.101135055
v 0.019924900 0.074758779 -0.076995537
v 0.054729818 0.078242404 -0.101135055
v 0.077711448 0.009950869 -0.159521107
v 0.087934187 0.057302585 -0.157589216
v 0.077711448 0.009950869 -0.159521107
v 0.148935277 0.036018934 -0.205092615
v 0.087934187 0.057302585 -0.157589216
v 0.148935277 0.036018934 -0.205092615
v 0.077711448 0.009950869 -0.159521107
v 0.146966758 0.015065910 -0.206752162
v 0.054729818 0.078242404 -0.101135055
v 0.134092141 0.067553219 -0.133106627
v 0.085516759 0.071001842 -0.053454714
v 0.134092141 0.067553219 -0.133106627
v 0.054729818 0.078242404 -0.101135055
v 0.087934187 0.057302585 -0.157589216
v 0.087934187 0.057302585 -0.157589216
v 0.181324770 0.041305466 -0.207529189
v 0.134092141 0.067553219 -0.133106627
v 0.181324770 0.041305466 -0.207529189
v 0.087934187 0.057302585 -0.157589216
v 0.148935277 0.036018934 -0.205092615
v 0.056895702 0.045344229 -0.445513613
v 0.019805520 0.010004314 -0.447420160
v 0.058146147 0.010525878 -0.447733666
v 0.019805520 0.010004314 -0.447420160
v 0.056895702 0.045344229 -0.445513613
v 0.021680935 0.042607402 -0.445252809
v 0.171025134 0.023762880 -0.244322893
v 0.108434099 0.040740587 -0.310723036
v 0.127286522 0.019942991 -0.314194549
v 0.108434099 0.040740587 -0.310723036
v 0.171025134 0.023762880 -0.244322893
v 0.143990265 0.051260315 -0.259278529
v 0.127286522 0.019942991 -0.314194549
v 0.067306522 0.031122537 -0.376059629
v 0.084827247 0.018075284 -0.387465285
v 0.067306522 0.031122537 -0.376059629
v 0.127286522 0.019942991 -0.314194549
v 0.108434099 0.040740587 -0.310723036
v 0.139488796 -0.005414040 -0.262068548
v 0.077362660 0.012526109 -0.284901979
v 0.110682696 0.012316442 -0.214226155
v 0.077362660 0.012526109 -0.284901979
v 0.139488796 -0.005414040 -0.262068548
v 0.107459294 0.003105750 -0.311162046
v 0.107459294 0.003105750 -0.311162046
v 0.048221034 0.015438448 -0.361272787
v 0.077362660 0.012526109 -0.284901979
v 0.048221034 0.015438448 -0.361272787
v 0.107459294 0.003105750 -0.311162046
v 0.062191966 0.008033370 -0.387759258
v 0.110682696 0.012316442 -0.214226155
v 0.080685925 0.047028276 -0.287382322
v 0.112403695 0.054323640 -0.221977049
v 0.080685925 0.047028276 -0.287382322
v 0.110682696 0.012316442 -0.214226155
v 0.077362660 0.012526109 -0.284901979
v 0.077362660 0.012526109 -0.284901979
v 0.051965445 0.032983836 -0.358590716
v 0.080685925 0.047028276 -0.287382322
v 0.051965445 0.032983836 -0.358590716
v 0.077362660 0.012526109 -0.284901979
v 0.048221034 0.015438448 -0.361272787
v 0.112403695 0.054323640 -0.221977049
v 0.108434099 0.040740587 -0.310723036
v 0.143990265 0.051260315 -0.259278529
v 0.108434099 0.040740587 -0.310723036
v 0.112403695 0.054323640 -0.221977049
v 0.080685925 0.047028276 -0.287382322
v 0.080685925 0.047028276 -0.287382322
v 0.067306522 0.031122537 -0.376059629
v 0.108434099 0.040740587 -0.310723036
v 0.067306522 0.031122537 -0.376059629
v 0.080685925 0.047028276 -0.287382322
v 0.051965445 0.032983836 -0.358590716
v 0.085516759 0.071001842 -0.053454714
v 0.070195012 0.041867130 0.002284708
v 0.078460761 0.068286446 -0.009402756
v 0.070195012 0.041867130 0.002284708
v 0.085516759 0.071001842 -0.053454714
v 0.095439182 0.039130859 -0.032983633
v 0.044620701 0.018388461 -0.006632690
v 0.020317915 0.027923304 -0.053765994
v 0.006662313 0.005842667 -0.048835695
v 0.023314713 0.119923963 0.043762771
v 0.050633852 0.104173805 -0.008141644
v 0.059172965 0.099495113 0.039861302
v 0.050633852 0.104173805 -0.008141644
v 0.023314713 0.119923963 0.043762771
v 0.023444988 0.129061481 -0.000883285
v 0.023444988 0.129061481 -0.000883285
v 0.060895155 0.093061659 -0.063066262
v 0.050633852 0.104173805 -0.008141644
v 0.060895155 0.093061659 -0.063066262
v 0.023444988 0.129061481 -0.000883285
v 0.025349614 0.106530992 -0.053205966
v 0.025349614 0.106530992 -0.053205966
v 0.019924900 0.074758779 -0.076995537
v 0.060895155 0.093061659 -0.063066262
v 0.171025134 0.023762880 -0.244322893
v 0.181324770 0.041305466 -0.207529189
v 0.143990265 0.051260315 -0.259278529
v 0.181324770 0.041305466 -0.207529189
v 0.171025134 0.023762880 -0.244322893
v 0.199667235 0.022176093 -0.204953532
v 0.143990265 0.051260315 -0.259278529
v 0.148935277 0.036018934 -0.205092615
v 0.112403695 0.054323640 -0.221977049
v 0.148935277 0.036018934 -0.205092615
v 0.143990265 0.051260315 -0.259278529
v 0.181324770 0.041305466 -0.207529189
v 0.148935277 0.036018934 -0.205092615
v 0.110682696 0.012316442 -0.214226155
v 0.112403695 0.054323640 -0.221977049
v 0.110682696 0.012316442 -0.214226155
v 0.148935277 0.036018934 -0.205092615
v 0.146966758 0.015065910 -0.206752162
v 0.146966758 0.015065910 -0.206752162
v 0.139488796 -0.005414040 -0.262068548
v 0.110682696 0.012316442 -0.214226155
v 0.139488796 -0.005414040 -0.262068548
v 0.146966758 0.015065910 -0.206752162
v 0.180238384 -0.001896177 -0.205210865
v 0.059172965 0.099495113 0.039861302
v 0.078460761 0.068286446 -0.009402756
v 0.076743158 0.059865812 0.029962549
v 0.078460761 0.068286446 -0.009402756
v 0.059172965 0.099495113 0.039861302
v 0.050633852 0.104173805 -0.008141644
v 0.050633852 0.104173805 -0.008141644
v 0.085516759 0.071001842 -0.053454714
v 0.078460761 0.068286446 -0.009402756
v 0.085516759 0.071001842 -0.053454714
v 0.050633852 0.104173805 -0.008141644
v 0.060895155 0.093061659 -0.063066262
v 0.060895155 0.093061659 -0.063066262
v 0.054729818 0.078242404 -0.101135055
v 0.085516759 0.071001842 -0.053454714
v 0.023781616 0.098347712 0.090746852
v 0.050770716 0.086563416 0.134547476
v 0.032620829 0.092599378 0.134318726
v 0.057848166 0.071053620 0.139494234
v 0.057828604 0.035699486 0.131121155
v 0.067264761 0.063952331 0.169051518
v 0.058592982 0.029354906 0.140777226
v 0.040066277 0.008642728 0.128155591
v 0.039449029 0.005186806 0.131418031
v 0.040066277 0.008642728 0.128155591
v 0.058592982 0.029354906 0.140777226
v 0.057828604 0.035699486 0.131121155
v 0.040066277 0.008642728 0.128155591
v 0.019188998 0.002617008 0.136161951
v 0.039449029 0.005186806 0.131418031
v 0.019188998 0.002617008 0.136161951
v 0.040066277 0.008642728 0.128155591
v 0.014921866 0.005514323 0.133286797
v 0.113582132 0.057369772 0.306097123
v 0.131324094 0.017364956 0.344302623
v 0.110171923 0.025363024 0.306423660
v 0.143568888 0.056584735 0.346484423
v 0.157912137 0.011197594 0.380024224
v 0.131324094 0.017364956 0.344302623
v 0.157912137 0.011197594 0.380024224
v 0.143568888 0.056584735 0.346484423
v 0.173883003 0.043370563 0.381317993
v 0.140563582 0.017553255 0.278065171
v 0.131324094 0.017364956 0.344302623
v 0.169850385 0.011370983 0.315756855
v 0.131324094 0.017364956 0.344302623
v 0.140563582 0.017553255 0.278065171
v 0.110171923 0.025363024 0.306423660
v 0.131324094 0.017364956 0.344302623
v 0.194895271 0.007334733 0.358175359
v 0.169850385 0.011370983 0.315756855
v 0.194895271 0.007334733 0.358175359
v 0.131324094 0.017364956 0.344302623
v 0.157912137 0.011197594 0.380024224
v 0.118426096 0.041943394 0.253214578
v 0.140563582 0.017553255 0.278065171
v 0.145802468 0.032350847 0.278433237
v 0.140563582 0.017553255 0.278065171
v 0.118426096 0.041943394 0.253214578
v 0.117171472 0.027158025 0.255486271
v 0.169850385 0.011370983 0.315756855
v 0.196003365 0.036830619 0.363850232
v 0.173939436 0.048144779 0.322462305
v 0.196003365 0.036830619 0.363850232
v 0.169850385 0.011370983 0.315756855
v 0.194895271 0.007334733 0.358175359
v 0.136794798 0.058802877 0.290113420
v 0.173939436 0.048144779 0.322462305
v 0.143568888 0.056584735 0.346484423
v 0.173939436 0.048144779 0.322462305
v 0.173883003 0.043370563 0.381317993
v 0.143568888 0.056584735 0.346484423
v 0.173883003 0.043370563 0.381317993
v 0.173939436 0.048144779 0.322462305
v 0.196003365 0.036830619 0.363850232
v 0.170983891 0.046662357 0.401286299
v 0.174247677 0.007623315 0.460381240
v 0.155553165 0.007447735 0.402739127
v 0.174247677 0.007623315 0.460381240
v 0.170983891 0.046662357 0.401286299
v 0.179863122 0.032792874 0.457694167
v 0.179863122 0.032792874 0.457694167
v 0.184456400 0.009549459 0.505293026
v 0.174247677 0.007623315 0.460381240
v 0.184456400 0.009549459 0.505293026
v 0.179863122 0.032792874 0.457694167
v 0.188179741 0.022424398 0.506447000
v 0.155553165 0.007447735 0.402739127
v 0.210592319 0.002873556 0.448521865
v 0.203491334 -0.000355497 0.387268885
v 0.210592319 0.002873556 0.448521865
v 0.155553165 0.007447735 0.402739127
v 0.174247677 0.007623315 0.460381240
v 0.174247677 0.007623315 0.460381240
v 0.210599370 0.005349050 0.500550974
v 0.210592319 0.002873556 0.448521865
v 0.210599370 0.005349050 0.500550974
v 0.174247677 0.007623315 0.460381240
v 0.184456400 0.009549459 0.505293026
v 0.203491334 -0.000355497 0.387268885
v 0.214788776 0.023374293 0.446263025
v 0.204438950 0.037369644 0.389098710
v 0.214788776 0.023374293 0.446263025
v 0.203491334 -0.000355497 0.387268885
v 0.210592319 0.002873556 0.448521865
v 0.210592319 0.002873556 0.448521865
v 0.213101770 0.016407690 0.501374966
v 0.214788776 0.023374293 0.446263025
v 0.213101770 0.016407690 0.501374966
v 0.210592319 0.002873556 0.448521865
v 0.210599370 0.005349050 0.500550974
v 0.204438950 0.037369644 0.389098710
v 0.179863122 0.032792874 0.457694167
v 0.170983891 0.046662357 0.401286299
v 0.179863122 0.032792874 0.457694167
v 0.204438950 0.037369644 0.389098710
v 0.214788776 0.023374293 0.446263025
v 0.214788776 0.023374293 0.446263025
v 0.188179741 0.022424398 0.506447000
v 0.179863122 0.032792874 0.457694167
v 0.188179741 0.022424398 0.506447000
v 0.214788776 0.023374293 0.446263025
v 0.213101770 0.016407690 0.501374966
v 0.184421427 0.026968472 0.631742669
v 0.222242796 0.007530772 0.614253269
v 0.181027388 0.017971186 0.628264779
v 0.222242796 0.007530772 0.614253269
v 0.184421427 0.026968472 0.631742669
v 0.225120413 0.015896604 0.617737359
v 0.146175011 0.010333247 0.582153900
v 0.152029108 0.019395363 0.590293365
v 0.149762195 0.010820603 0.590807540
v 0.152029108 0.019395363 0.590293365
v 0.146175011 0.010333247 0.582153900
v 0.144286096 0.019491803 0.580570575
v 0.219122785 0.000084445 0.534406104
v 0.175469375 0.016976533 0.569625591
v 0.225178579 0.002592683 0.576355977
v 0.175469375 0.016976533 0.569625591
v 0.219122785 0.000084445 0.534406104
v 0.172324834 0.007201939 0.538181627
v 0.219122785 0.000084445 0.534406104
v 0.228004538 0.011189365 0.579679599
v 0.225158128 0.019628213 0.535595872
v 0.228004538 0.011189365 0.579679599
v 0.219122785 0.000084445 0.534406104
v 0.225178579 0.002592683 0.576355977
v 0.177630726 0.032468295 0.539520954
v 0.228004538 0.011189365 0.579679599
v 0.183658349 0.030318424 0.576389547
v 0.228004538 0.011189365 0.579679599
v 0.177630726 0.032468295 0.539520954
v 0.225158128 0.019628213 0.535595872
v 0.196003365 0.036830619 0.363850232
v 0.170983891 0.046662357 0.401286299
v 0.173883003 0.043370563 0.381317993
v 0.170983891 0.046662357 0.401286299
v 0.196003365 0.036830619 0.363850232
v 0.204438950 0.037369644 0.389098710
v 0.173883003 0.043370563 0.381317993
v 0.155553165 0.007447735 0.402739127
v 0.157912137 0.011197594 0.380024224
v 0.155553165 0.007447735 0.402739127
v 0.173883003 0.043370563 0.381317993
v 0.170983891 0.046662357 0.401286299
v 0.194895271 0.007334733 0.358175359
v 0.155553165 0.007447735 0.402739127
v 0.203491334 -0.000355497 0.387268885
v 0.155553165 0.007447735 0.402739127
v 0.194895271 0.007334733 0.358175359
v 0.157912137 0.011197594 0.380024224
v 0.203491334 -0.000355497 0.387268885
v 0.196003365 0.036830619 0.363850232
v 0.194895271 0.007334733 0.358175359
v 0.196003365 0.036830619 0.363850232
v 0.203491334 -0.000355497 0.387268885
v 0.204438950 0.037369644 0.389098710
v 0.101580309 0.057260063 0.280906317
v 0.136794798 0.058802877 0.290113420
v 0.096744305 0.041653262 0.286344889
v 0.096744305 0.041653262 0.286344889
v 0.059637490 0.053863639 0.281285612
v 0.101580309 0.057260063 0.280906317
v 0.059637490 0.053863639 0.281285612
v 0.096744305 0.041653262 0.286344889
v 0.062396618 0.039395908 0.280333457
v 0.050770716 0.086563416 0.134547476
v 0.042882127 0.089467645 0.172883930
v 0.032620829 0.092599378 0.134318726
v 0.042882127 0.089467645 0.172883930
v 0.050770716 0.086563416 0.134547476
v 0.063562959 0.088620143 0.180382464
v 0.059637490 0.053863639 0.281285612
v 0.032700293 0.043100640 0.282816485
v 0.027250992 0.056709373 0.286683797
v 0.092195715 0.025939141 0.275819149
v 0.065093636 0.016653198 0.242896025
v 0.066845019 0.023219961 0.265212542
v 0.065093636 0.016653198 0.242896025
v 0.092195715 0.025939141 0.275819149
v 0.090796839 0.024036309 0.261372450
v 0.113582132 0.057369772 0.306097123
v 0.090796839 0.024036309 0.261372450
v 0.092195715 0.025939141 0.275819149
v 0.072000588 0.075877933 0.273858473
v 0.045229170 0.083112815 0.266081263
v 0.047756239 0.094821729 0.223738710
v 0.047756239 0.094821729 0.223738710
v 0.000516443 0.082964020 0.263477995
v -0.001823471 0.092485155 0.210705121
v 0.000516443 0.082964020 0.263477995
v 0.047756239 0.094821729 0.223738710
v 0.045229170 0.083112815 0.266081263
v 0.101580309 0.057260063 0.280906317
v 0.059637490 0.053863639 0.281285612
v 0.072000588 0.075877933 0.273858473
v 0.118426096 0.041943394 0.253214578
v 0.072000588 0.075877933 0.273858473
v 0.088035849 0.074317399 0.234071592
v 0.117171472 0.027158025 0.255486271
v 0.075254751 0.044178500 0.207476957
v 0.086049667 0.026392055 0.257807409
v 0.075254751 0.044178500 0.207476957
v 0.117171472 0.027158025 0.255486271
v 0.084429322 0.073386095 0.224997315
v 0.065569491 0.017305396 0.216901750
v 0.086049667 0.026392055 0.257807409
v 0.075254751 0.044178500 0.207476957
v 0.066847065 0.025719272 0.158896219
v 0.067270556 0.041514432 0.170107992
v 0.058592982 0.029354906 0.140777226
v 0.067264761 0.063952331 0.169051518
v 0.067366532 0.079221157 0.173658010
v 0.057848166 0.071053620 0.139494234
v 0.188179741 0.022424398 0.506447000
v 0.172324834 0.007201939 0.538181627
v 0.184456400 0.009549459 0.505293026
v 0.172324834 0.007201939 0.538181627
v 0.188179741 0.022424398 0.506447000
v 0.177630726 0.032468295 0.539520954
v 0.188179741 0.022424398 0.506447000
v 0.225158128 0.019628213 0.535595872
v 0.177630726 0.032468295 0.539520954
v 0.225158128 0.019628213 0.535595872
v 0.188179741 0.022424398 0.506447000
v 0.213101770 0.016407690 0.501374966
v 0.213101770 0.016407690 0.501374966
v 0.219122785 0.000084445 0.534406104
v 0.225158128 0.019628213 0.535595872
v 0.219122785 0.000084445 0.534406104
v 0.213101770 0.016407690 0.501374966
v 0.210599370 0.005349050 0.500550974
v 0.219122785 0.000084445 0.534406104
v 0.184456400 0.009549459 0.505293026
v 0.172324834 0.007201939 0.538181627
v 0.184456400 0.009549459 0.505293026
v 0.219122785 0.000084445 0.534406104
v 0.210599370 0.005349050 0.500550974
v 0.027250992 0.056709373 0.286683797
v 0.023988073 0.070206571 0.313032421
v 0.008594291 0.079015904 0.313802323
v 0.023988073 0.070206571 0.313032421
v 0.027250992 0.056709373 0.286683797
v 0.032700293 0.043100640 0.282816485
v 0.002181751 0.059649893 0.290029104
v 0.008594291 0.079015904 0.313802323
v -0.012400811 0.073310942 0.315212963
v 0.008594291 0.079015904 0.313802323
v 0.002181751 0.059649893 0.290029104
v 0.027250992 0.056709373 0.286683797
v 0.225178579 0.002592683 0.576355977
v 0.181027388 0.017971186 0.628264779
v 0.222242796 0.007530772 0.614253269
v 0.181027388 0.017971186 0.628264779
v 0.225178579 0.002592683 0.576355977
v 0.175469375 0.016976533 0.569625591
v 0.175469375 0.016976533 0.569625591
v 0.184421427 0.026968472 0.631742669
v 0.181027388 0.017971186 0.628264779
v 0.184421427 0.026968472 0.631742669
v 0.175469375 0.016976533 0.569625591
v 0.183658349 0.030318424 0.576389547
v 0.184421427 0.026968472 0.631742669
v 0.228004538 0.011189365 0.579679599
v 0.225120413 0.015896604 0.617737359
v 0.228004538 0.011189365 0.579679599
v 0.184421427 0.026968472 0.631742669
v 0.183658349 0.030318424 0.576389547
v 0.225120413 0.015896604 0.617737359
v 0.225178579 0.002592683 0.576355977
v 0.222242796 0.007530772 0.614253269
v 0.225178579 0.002592683 0.576355977
v 0.225120413 0.015896604 0.617737359
v 0.228004538 0.011189365 0.579679599
v 0.177630726 0.032468295 0.539520954
v 0.156765696 0.010396697 0.564980240
v 0.172324834 0.007201939 0.538181627
v 0.156765696 0.010396697 0.564980240
v 0.177630726 0.032468295 0.539520954
v 0.155125062 0.025856480 0.566614295
v 0.156765696 0.010396697 0.564980240
v 0.175469375 0.016976533 0.569625591
v 0.172324834 0.007201939 0.538181627
v 0.175469375 0.016976533 0.569625591
v 0.156765696 0.010396697 0.564980240
v 0.167589535 0.014959050 0.579538395
v 0.175469375 0.016976533 0.569625591
v 0.175991929 0.027347562 0.575078554
v 0.183658349 0.030318424 0.576389547
v 0.175991929 0.027347562 0.575078554
v 0.175469375 0.016976533 0.569625591
v 0.167589535 0.014959050 0.579538395
v 0.175991929 0.027347562 0.575078554
v 0.177630726 0.032468295 0.539520954
v 0.183658349 0.030318424 0.576389547
v 0.177630726 0.032468295 0.539520954
v 0.175991929 0.027347562 0.575078554
v 0.155125062 0.025856480 0.566614295
v 0.155125062 0.025856480 0.566614295
v 0.146175011 0.010333247 0.582153900
v 0.156765696 0.010396697 0.564980240
v 0.146175011 0.010333247 0.582153900
v 0.155125062 0.025856480 0.566614295
v 0.144286096 0.019491803 0.580570575
v 0.156765696 0.010396697 0.564980240
v 0.149762195 0.010820603 0.590807540
v 0.167589535 0.014959050 0.579538395
v 0.149762195 0.010820603 0.590807540
v 0.156765696 0.010396697 0.564980240
v 0.146175011 0.010333247 0.582153900
v 0.167589535 0.014959050 0.579538395
v 0.152029108 0.019395363 0.590293365
v 0.175991929 0.027347562 0.575078554
v 0.152029108 0.019395363 0.590293365
v 0.167589535 0.014959050 0.579538395
v 0.149762195 0.010820603 0.590807540
v 0.175991929 0.027347562 0.575078554
v 0.144286096 0.019491803 0.580570575
v 0.155125062 0.025856480 0.566614295
v 0.144286096 0.019491803 0.580570575
v 0.175991929 0.027347562 0.575078554
v 0.152029108 0.019395363 0.590293365
v 0.114742811 0.047356105 -0.427340543
v 0.156477440 0.018005629 -0.450157424
v 0.149822647 0.018677000 -0.433335052
v 0.156477440 0.018005629 -0.450157424
v 0.114742811 0.047356105 -0.427340543
v 0.121784886 0.053955873 -0.446853978
v 0.022099016 0.004299476 -0.415988089
v 0.058146147 0.010525878 -0.447733666
v 0.019805520 0.010004314 -0.447420160
v 0.058146147 0.010525878 -0.447733666
v 0.022099016 0.004299476 -0.415988089
v 0.060958422 0.003195449 -0.424905076
v 0.048221034 0.015438448 -0.361272787
v 0.024581116 0.042761236 -0.410374401
v 0.051965445 0.032983836 -0.358590716
v 0.024581116 0.042761236 -0.410374401
v 0.048221034 0.015438448 -0.361272787
v 0.022099016 0.004299476 -0.415988089
v 0.056895702 0.045344229 -0.445513613
v 0.024581116 0.042761236 -0.410374401
v 0.021680935 0.042607402 -0.445252809
v 0.024581116 0.042761236 -0.410374401
v 0.056895702 0.045344229 -0.445513613
v 0.060076158 0.043510070 -0.412403139
v 0.084827247 0.018075284 -0.387465285
v 0.114742811 0.047356105 -0.427340543
v 0.149822647 0.018677000 -0.433335052
v 0.114742811 0.047356105 -0.427340543
v 0.084827247 0.018075284 -0.387465285
v 0.067306522 0.031122537 -0.376059629
v 0.058146147 0.010525878 -0.447733666
v 0.139142330 -0.001602909 -0.437459050
v 0.145770402 -0.002686149 -0.451309208
v 0.139142330 -0.001602909 -0.437459050
v 0.058146147 0.010525878 -0.447733666
v 0.060958422 0.003195449 -0.424905076
v 0.058146147 0.010525878 -0.447733666
v 0.121784886 0.053955873 -0.446853978
v 0.056895702 0.045344229 -0.445513613
v 0.121784886 0.053955873 -0.446853978
v 0.058146147 0.010525878 -0.447733666
v 0.145770402 -0.002686149 -0.451309208
v 0.056895702 0.045344229 -0.445513613
v 0.114742811 0.047356105 -0.427340543
v 0.060076158 0.043510070 -0.412403139
v 0.114742811 0.047356105 -0.427340543
v 0.056895702 0.045344229 -0.445513613
v 0.121784886 0.053955873 -0.446853978
v 0.044620701 0.018388461 -0.006632690
v 0.095439182 0.039130859 -0.032983633
v 0.020317915 0.027923304 -0.053765994
v 0.070195012 0.041867130 0.002284708
v 0.095439182 0.039130859 -0.032983633
v 0.044620701 0.018388461 -0.006632690
v 0.095439182 0.039130859 -0.032983633
v 0.152863215 0.034338241 -0.114202819
v 0.127735982 -0.009837164 -0.124032015
v 0.152863215 0.034338241 -0.114202819
v 0.180238384 -0.001896177 -0.205210865
v 0.127735982 -0.009837164 -0.124032015
v 0.180238384 -0.001896177 -0.205210865
v 0.152863215 0.034338241 -0.114202819
v 0.199667235 0.022176093 -0.204953532
v 0.199667235 0.022176093 -0.204953532
v 0.139488796 -0.005414040 -0.262068548
v 0.180238384 -0.001896177 -0.205210865
v 0.139488796 -0.005414040 -0.262068548
v 0.199667235 0.022176093 -0.204953532
v 0.171025134 0.023762880 -0.244322893
v 0.139488796 -0.005414040 -0.262068548
v 0.127286522 0.019942991 -0.314194549
v 0.107459294 0.003105750 -0.311162046
v 0.127286522 0.019942991 -0.314194549
v 0.139488796 -0.005414040 -0.262068548
v 0.171025134 0.023762880 -0.244322893
v 0.107459294 0.003105750 -0.311162046
v 0.084827247 0.018075284 -0.387465285
v 0.062191966 0.008033370 -0.387759258
v 0.084827247 0.018075284 -0.387465285
v 0.107459294 0.003105750 -0.311162046
v 0.127286522 0.019942991 -0.314194549
v 0.084827247 0.018075284 -0.387465285
v 0.139142330 -0.001602909 -0.437459050
v 0.062191966 0.008033370 -0.387759258
v 0.139142330 -0.001602909 -0.437459050
v 0.084827247 0.018075284 -0.387465285
v 0.149822647 0.018677000 -0.433335052
v 0.149822647 0.018677000 -0.433335052
v 0.145770402 -0.002686149 -0.451309208
v 0.139142330 -0.001602909 -0.437459050
v 0.145770402 -0.002686149 -0.451309208
v 0.149822647 0.018677000 -0.433335052
v 0.156477440 0.018005629 -0.450157424
v 0.139142330 -0.001602909 -0.437459050
v 0.060958422 0.003195449 -0.424905076
v 0.062191966 0.008033370 -0.387759258
v 0.062191966 0.008033370 -0.387759258
v 0.022099016 0.004299476 -0.415988089
v 0.048221034 0.015438448 -0.361272787
v 0.022099016 0.004299476 -0.415988089
v 0.062191966 0.008033370 -0.387759258
v 0.060958422 0.003195449 -0.424905076
v 0.024581116 0.042761236 -0.410374401
v 0.019805520 0.010004314 -0.447420160
v 0.021680935 0.042607402 -0.445252809
v 0.019805520 0.010004314 -0.447420160
v 0.024581116 0.042761236 -0.410374401
v 0.022099016 0.004299476 -0.415988089
v 0.051965445 0.032983836 -0.358590716
v 0.060076158 0.043510070 -0.412403139
v 0.067306522 0.031122537 -0.376059629
v 0.060076158 0.043510070 -0.412403139
v 0.051965445 0.032983836 -0.358590716
v 0.024581116 0.042761236 -0.410374401
v 0.060076158 0.043510070 -0.412403139
v 0.114742811 0.047356105 -0.427340543
v 0.067306522 0.031122537 -0.376059629
v 0.069000095 0.057245895 0.057832201
v 0.076743158 0.059865812 0.029962549
v 0.070195012 0.041867130 0.002284708
v 0.076743158 0.059865812 0.029962549
v 0.078460761 0.068286446 -0.009402756
v 0.070195012 0.041867130 0.002284708
v 0.020317915 0.027923304 -0.053765994
v 0.000055942 0.040879607 -0.066342862
v 0.006662313 0.005842667 -0.048835695
v 0.038494274 0.056108383 0.326381744
v 0.033968345 0.032884088 0.309650438
v 0.044939481 0.036904192 0.317152257
v 0.033968345 0.032884088 0.309650438
v 0.038494274 0.056108383 0.326381744
v 0.023992084 0.051541313 0.305987836
v 0.023109218 0.075962511 0.338910841
v 0.008594291 0.079015904 0.313802323
v 0.023988073 0.070206571 0.313032421
v 0.008594291 0.079015904 0.313802323
v 0.023109218 0.075962511 0.338910841
v 0.005455528 0.085573318 0.343966343
v 0.027006849 0.058406988 0.442435758
v 0.016616593 0.013731174 0.444561673
v 0.016613716 0.013735244 0.444563679
v 0.016616593 0.013731174 0.444561673
v 0.027006849 0.058406988 0.442435758
v 0.038512312 0.023932775 0.434764214
v 0.059538279 0.014638584 0.395021449
v 0.051956948 -0.001349653 0.393779658
v 0.048995614 0.019148086 0.420920154
v 0.038494274 0.056108383 0.326381744
v 0.053254645 0.040351139 0.346703226
v 0.042889662 0.066292823 0.352283291
v 0.053254645 0.040351139 0.346703226
v 0.038494274 0.056108383 0.326381744
v 0.044939481 0.036904192 0.317152257
v 0.031599957 0.063235591 0.332834649
v 0.042889662 0.066292823 0.352283291
v 0.033980868 0.084204439 0.380998719
v 0.042889662 0.066292823 0.352283291
v 0.031599957 0.063235591 0.332834649
v 0.038494274 0.056108383 0.326381744
v 0.045131408 0.066006752 0.389146580
v 0.049679930 0.038230203 0.426844894
v 0.038526954 0.063735417 0.425777096
v 0.049679930 0.038230203 0.426844894
v 0.045131408 0.066006752 0.389146580
v 0.058633040 0.042727931 0.389762862
v 0.045131408 0.066006752 0.389146580
v 0.038526954 0.063735417 0.425777096
v 0.021005953 0.089173595 0.421300717
v 0.005455528 0.085573318 0.343966343
v 0.027718911 0.087938039 0.380518057
v 0.005197971 0.097139096 0.375691600
v 0.027718911 0.087938039 0.380518057
v 0.005455528 0.085573318 0.343966343
v 0.023109218 0.075962511 0.338910841
v -0.030156697 0.088150899 0.372877436
v 0.002652211 0.094841256 0.417898020
v -0.030317593 0.084940971 0.416538818
v 0.002652211 0.094841256 0.417898020
v -0.030156697 0.088150899 0.372877436
v 0.005197971 0.097139096 0.375691600
v 0.031599957 0.063235591 0.332834649
v 0.023992084 0.051541313 0.305987836
v 0.038494274 0.056108383 0.326381744
v 0.049679930 0.038230203 0.426844894
v 0.059538279 0.014638584 0.395021449
v 0.048995614 0.019148086 0.420920154
v 0.059185810 0.042254874 0.368235607
v 0.055995922 0.019870903 0.337778809
v 0.060808603 0.014835137 0.359899643
v 0.044939481 0.036904192 0.317152257
v 0.033968345 0.032884088 0.309650438
v 0.046399256 0.009281733 0.307092881
v 0.046399256 0.009281733 0.307092881
v 0.024755360 0.012966484 0.302673785
v 0.039918882 -0.009399543 0.303613610
v 0.024755360 0.012966484 0.302673785
v 0.046399256 0.009281733 0.307092881
v 0.033968345 0.032884088 0.309650438
v 0.038512312 0.023932775 0.434764214
v 0.049679930 0.038230203 0.426844894
v 0.048995614 0.019148086 0.420920154
v 0.027006849 0.058406988 0.442435758
v 0.021005953 0.089173595 0.421300717
v 0.038526954 0.063735417 0.425777096
v 0.021005953 0.089173595 0.421300717
v 0.027006849 0.058406988 0.442435758
v 0.012901690 0.077951529 0.437823542
v 0.002652211 0.094841256 0.417898020
v -0.020340978 0.068557463 0.438289558
v -0.030317593 0.084940971 0.416538818
v -0.020340978 0.068557463 0.438289558
v 0.002652211 0.094841256 0.417898020
v 0.012901690 0.077951529 0.437823542
v 0.049679930 0.038230203 0.426844894
v 0.027006849 0.058406988 0.442435758
v 0.038526954 0.063735417 0.425777096
v -0.012400811 0.073310942 0.315212963
v 0.005455528 0.085573318 0.343966343
v -0.020545170 0.076421659 0.342465106
v 0.005455528 0.085573318 0.343966343
v -0.012400811 0.073310942 0.315212963
v 0.008594291 0.079015904 0.313802323
v -0.020545170 0.076421659 0.342465106
v 0.005197971 0.097139096 0.375691600
v -0.030156697 0.088150899 0.372877436
v 0.005197971 0.097139096 0.375691600
v -0.020545170 0.076421659 0.342465106
v 0.005455528 0.085573318 0.343966343
v 0.002652211 0.094841256 0.417898020
v 0.027718911 0.087938039 0.380518057
v 0.021005953 0.089173595 0.421300717
v 0.027718911 0.087938039 0.380518057
v 0.002652211 0.094841256 0.417898020
v 0.005197971 0.097139096 0.375691600
v 0.012901690 0.077951529 0.437823542
v 0.002652211 0.094841256 0.417898020
v 0.021005953 0.089173595 0.421300717
v 0.043249832 0.074344597 0.379300979
v 0.039730798 0.087871777 0.377003323
v 0.045821415 0.067753303 0.357213624
v 0.039730798 0.087871777 0.377003323
v 0.043249832 0.074344597 0.379300979
v 0.041872826 0.081330469 0.389834335
v 0.042889662 0.066292823 0.352283291
v 0.039730798 0.087871777 0.377003323
v 0.033980868 0.084204439 0.380998719
v 0.039730798 0.087871777 0.377003323
v 0.042889662 0.066292823 0.352283291
v 0.045821415 0.067753303 0.357213624
v 0.033980868 0.084204439 0.380998719
v 0.041872826 0.081330469 0.389834335
v 0.045131408 0.066006752 0.389146580
v 0.041872826 0.081330469 0.389834335
v 0.033980868 0.084204439 0.380998719
v 0.039730798 0.087871777 0.377003323
v 0.045131408 0.066006752 0.389146580
v 0.043249832 0.074344597 0.379300979
v 0.050707874 0.059383452 0.371971503
v 0.043249832 0.074344597 0.379300979
v 0.045131408 0.066006752 0.389146580
v 0.041872826 0.081330469 0.389834335
v 0.050707874 0.059383452 0.371971503
v 0.045821415 0.067753303 0.357213624
v 0.042889662 0.066292823 0.352283291
v 0.045821415 0.067753303 0.357213624
v 0.050707874 0.059383452 0.371971503
v 0.043249832 0.074344597 0.379300979
v 0.057978131 0.019299209 0.382801001
v 0.059185810 0.042254874 0.368235607
v 0.060808603 0.014835137 0.359899643
v 0.059185810 0.042254874 0.368235607
v 0.057978131 0.019299209 0.382801001
v 0.058633040 0.042727931 0.389762862
v 0.059185810 0.042254874 0.368235607
v 0.045131408 0.066006752 0.389146580
v 0.050707874 0.059383452 0.371971503
v 0.045131408 0.066006752 0.389146580
v 0.059185810 0.042254874 0.368235607
v 0.058633040 0.042727931 0.389762862
v 0.023992084 0.051541313 0.305987836
v 0.032700293 0.043100640 0.282816485
v 0.022417723 0.033553848 0.270833283
v 0.032700293 0.043100640 0.282816485
v 0.023992084 0.051541313 0.305987836
v 0.023988073 0.070206571 0.313032421
v 0.032700293 0.043100640 0.282816485
v 0.059637490 0.053863639 0.281285612
v 0.062396618 0.039395908 0.280333457
v 0.023988073 0.070206571 0.313032421
v 0.031599957 0.063235591 0.332834649
v 0.023109218 0.075962511 0.338910841
v 0.031599957 0.063235591 0.332834649
v 0.023988073 0.070206571 0.313032421
v 0.023992084 0.051541313 0.305987836
v 0.023109218 0.075962511 0.338910841
v 0.033980868 0.084204439 0.380998719
v 0.027718911 0.087938039 0.380518057
v 0.033980868 0.084204439 0.380998719
v 0.023109218 0.075962511 0.338910841
v 0.031599957 0.063235591 0.332834649
v 0.034891234 0.017639127 0.241664232
v 0.001990717 0.016050567 0.255873361
v 0.022417723 0.033553848 0.270833283
v 0.044620701 0.018388461 -0.006632690
v 0.003870301 0.011584451 0.041559381
v 0.052726901 0.028333375 0.044678406
v 0.003870301 0.011584451 0.041559381
v 0.044620701 0.018388461 -0.006632690
v 0.005818228 0.004110242 -0.014818579
v -0.016093572 0.104148040 0.021538621
v 0.023444988 0.129061481 -0.000883285
v 0.023314713 0.119923963 0.043762771
v 0.023444988 0.129061481 -0.000883285
v -0.016093572 0.104148040 0.021538621
v -0.017498134 0.116741549 -0.012221207
v 0.023444988 0.129061481 -0.000883285
v -0.014594345 0.108468395 -0.046140585
v 0.025349614 0.106530992 -0.053205966
v -0.014594345 0.108468395 -0.046140585
v 0.023444988 0.129061481 -0.000883285
v -0.017498134 0.116741549 -0.012221207
v -0.014594345 0.108468395 -0.046140585
v 0.019924900 0.074758779 -0.076995537
v 0.025349614 0.106530992 -0.053205966
v 0.019924900 0.074758779 -0.076995537
v -0.014594345 0.108468395 -0.046140585
v -0.012971031 0.102104840 -0.054951167
v 0.002181751 0.059649893 0.290029104
v 0.000516443 0.082964020 0.263477995
v 0.045229170 0.083112815 0.266081263
v -0.012971031 0.102104840 -0.054951167
v 0.000055942 0.040879607 -0.066342862
v 0.019924900 0.074758779 -0.076995537
v 0.019924900 0.074758779 -0.076995537
v 0.000055942 0.040879607 -0.066342862
v 0.020317915 0.027923304 -0.053765994
v 0.052374586 0.001335247 0.334356796
v 0.047785440 -0.006522078 0.352183425
v 0.060808603 0.014835137 0.359899643
v 0.048995614 0.019148086 0.420920154
v 0.024238779 0.003189598 0.436152684
v 0.038512312 0.023932775 0.434764214
v 0.024238779 0.003189598 0.436152684
v 0.048995614 0.019148086 0.420920154
v 0.031391454 -0.006071782 0.420269678
v 0.060808603 0.014835137 0.359899643
v 0.046469633 -0.003071467 0.378135266
v 0.057978131 0.019299209 0.382801001
v 0.046469633 -0.003071467 0.378135266
v 0.060808603 0.014835137 0.359899643
v 0.047785440 -0.006522078 0.352183425
v 0.003184789 0.009993060 0.091826089
v 0.052726901 0.028333375 0.044678406
v 0.003870301 0.011584451 0.041559381
v 0.052726901 0.028333375 0.044678406
v 0.003184789 0.009993060 0.091826089
v 0.039724727 0.020583995 0.093252631
v 0.039724727 0.020583995 0.093252631
v 0.069000095 0.057245895 0.057832201
v 0.052726901 0.028333375 0.044678406
v 0.069000095 0.057245895 0.057832201
v 0.039724727 0.020583995 0.093252631
v 0.056231198 0.049584322 0.096165801
v 0.056231198 0.049584322 0.096165801
v 0.054267408 0.090953533 0.069979137
v 0.069000095 0.057245895 0.057832201
v 0.054267408 0.090953533 0.069979137
v 0.056231198 0.049584322 0.096165801
v 0.049070266 0.081123839 0.092506844
v 0.054267408 0.090953533 0.069979137
v 0.023781616 0.098347712 0.090746852
v 0.022760558 0.107785474 0.073698696
v 0.023781616 0.098347712 0.090746852
v 0.054267408 0.090953533 0.069979137
v 0.049070266 0.081123839 0.092506844
v 0.022760558 0.107785474 0.073698696
v -0.010211492 0.094722207 0.089279382
v -0.013178400 0.098613878 0.058249468
v -0.010211492 0.094722207 0.089279382
v 0.022760558 0.107785474 0.073698696
v 0.023781616 0.098347712 0.090746852
v 0.032700293 0.043100640 0.282816485
v 0.062396618 0.039395908 0.280333457
v 0.022417723 0.033553848 0.270833283
v 0.022417723 0.033553848 0.270833283
v 0.062396618 0.039395908 0.280333457
v 0.066845019 0.023219961 0.265212542
v 0.066845019 0.023219961 0.265212542
v 0.096744305 0.041653262 0.286344889
v 0.092195715 0.025939141 0.275819149
v 0.096744305 0.041653262 0.286344889
v 0.066845019 0.023219961 0.265212542
v 0.062396618 0.039395908 0.280333457
v 0.096744305 0.041653262 0.286344889
v 0.113582132 0.057369772 0.306097123
v 0.092195715 0.025939141 0.275819149
v 0.113582132 0.057369772 0.306097123
v 0.096744305 0.041653262 0.286344889
v 0.136794798 0.058802877 0.290113420
v 0.136794798 0.058802877 0.290113420
v 0.143568888 0.056584735 0.346484423
v 0.113582132 0.057369772 0.306097123
v 0.173939436 0.048144779 0.322462305
v 0.136794798 0.058802877 0.290113420
v 0.144007831 0.049090152 0.283147605
v 0.095439182 0.039130859 -0.032983633
v 0.127735982 -0.009837164 -0.124032015
v 0.020317915 0.027923304 -0.053765994
v 0.059538279 0.014638584 0.395021449
v 0.058633040 0.042727931 0.389762862
v 0.057978131 0.019299209 0.382801001
v 0.046469633 -0.003071467 0.378135266
v 0.059538279 0.014638584 0.395021449
v 0.057978131 0.019299209 0.382801001
v 0.059538279 0.014638584 0.395021449
v 0.046469633 -0.003071467 0.378135266
v 0.051956948 -0.001349653 0.393779658
v 0.059538279 0.014638584 0.395021449
v 0.049679930 0.038230203 0.426844894
v 0.058633040 0.042727931 0.389762862
v 0.121784886 0.053955873 -0.446853978
v 0.145770402 -0.002686149 -0.451309208
v 0.156477440 0.018005629 -0.450157424
v 0.046399256 0.009281733 0.307092881
v 0.048528967 -0.007206391 0.326758651
v 0.049969766 0.004113458 0.328549019
v 0.055995922 0.019870903 0.337778809
v 0.059185810 0.042254874 0.368235607
v 0.053254645 0.040351139 0.346703226
v 0.046399256 0.009281733 0.307092881
v 0.055995922 0.019870903 0.337778809
v 0.044939481 0.036904192 0.317152257
v 0.047785440 -0.006522078 0.352183425
v 0.042990851 -0.017217123 0.345438427
v 0.047614251 -0.024444425 0.350891677
v 0.049969766 0.004113458 0.328549019
v 0.050404238 -0.007023944 0.332044965
v 0.052374586 0.001335247 0.334356796
v 0.041449893 -0.013565857 0.327881072
v 0.048528967 -0.007206391 0.326758651
v 0.042454927 -0.014811017 0.324937727
v 0.048528967 -0.007206391 0.326758651
v 0.041449893 -0.013565857 0.327881072
v 0.047131519 -0.004632131 0.328672585
v 0.048528967 -0.007206391 0.326758651
v 0.046399256 0.009281733 0.307092881
v 0.039918882 -0.009399543 0.303613610
v 0.055995922 0.019870903 0.337778809
v 0.049969766 0.004113458 0.328549019
v 0.052374586 0.001335247 0.334356796
v 0.055995922 0.019870903 0.337778809
v 0.053254645 0.040351139 0.346703226
v 0.044939481 0.036904192 0.317152257
v 0.042889662 0.066292823 0.352283291
v 0.059185810 0.042254874 0.368235607
v 0.050707874 0.059383452 0.371971503
v 0.059185810 0.042254874 0.368235607
v 0.042889662 0.066292823 0.352283291
v 0.053254645 0.040351139 0.346703226
v 0.060808603 0.014835137 0.359899643
v 0.055995922 0.019870903 0.337778809
v 0.052374586 0.001335247 0.334356796
v 0.031391454 -0.006071782 0.420269678
v 0.051956948 -0.001349653 0.393779658
v 0.039608278 -0.015953663 0.392428933
v 0.051956948 -0.001349653 0.393779658
v 0.031391454 -0.006071782 0.420269678
v 0.048995614 0.019148086 0.420920154
v 0.051956948 -0.001349653 0.393779658
v 0.038944912 -0.013698729 0.376216799
v 0.039608278 -0.015953663 0.392428933
v 0.038944912 -0.013698729 0.376216799
v 0.051956948 -0.001349653 0.393779658
v 0.046469633 -0.003071467 0.378135266
v 0.038944912 -0.013698729 0.376216799
v 0.047785440 -0.006522078 0.352183425
v 0.047614251 -0.024444425 0.350891677
v 0.047785440 -0.006522078 0.352183425
v 0.038944912 -0.013698729 0.376216799
v 0.046469633 -0.003071467 0.378135266
v 0.049505144 -0.007272757 0.334445668
v 0.052374586 0.001335247 0.334356796
v 0.050404238 -0.007023944 0.332044965
v 0.049070266 0.081123839 0.092506844
v 0.057848166 0.071053620 0.139494234
v 0.050770716 0.086563416 0.134547476
v 0.081572193 0.080901571 0.225065134
v 0.084429322 0.073386095 0.224997315
v 0.088035849 0.074317399 0.234071592
v 0.067366532 0.079221157 0.173658010
v 0.050770716 0.086563416 0.134547476
v 0.057848166 0.071053620 0.139494234
v 0.050770716 0.086563416 0.134547476
v 0.067366532 0.079221157 0.173658010
v 0.063562959 0.088620143 0.180382464
v 0.050770716 0.086563416 0.134547476
v 0.023781616 0.098347712 0.090746852
v 0.049070266 0.081123839 0.092506844
v 0.048528967 -0.007206391 0.326758651
v 0.039918882 -0.009399543 0.303613610
v 0.042454927 -0.014811017 0.324937727
v 0.002181751 0.059649893 0.290029104
v 0.045229170 0.083112815 0.266081263
v 0.027250992 0.056709373 0.286683797
v 0.041449893 -0.013565857 0.327881072
v 0.050404238 -0.007023944 0.332044965
v 0.047131519 -0.004632131 0.328672585
v 0.050404238 -0.007023944 0.332044965
v 0.041449893 -0.013565857 0.327881072
v 0.044062369 -0.017726516 0.331935840
v 0.044062369 -0.017726516 0.331935840
v 0.043662601 -0.017393152 0.335157867
v 0.049505144 -0.007272757 0.334445668
v 0.047785440 -0.006522078 0.352183425
v 0.043662601 -0.017393152 0.335157867
v 0.042990851 -0.017217123 0.345438427
v 0.043662601 -0.017393152 0.335157867
v 0.047785440 -0.006522078 0.352183425
v 0.049505144 -0.007272757 0.334445668
v 0.047756239 0.094821729 0.223738710
v 0.063562959 0.088620143 0.180382464
v 0.081572193 0.080901571 0.225065134
v 0.063562959 0.088620143 0.180382464
v 0.047756239 0.094821729 0.223738710
v 0.042882127 0.089467645 0.172883930
v 0.063562959 0.088620143 0.180382464
v 0.084429322 0.073386095 0.224997315
v 0.081572193 0.080901571 0.225065134
v 0.084429322 0.073386095 0.224997315
v 0.063562959 0.088620143 0.180382464
v 0.067366532 0.079221157 0.173658010
v 0.084429322 0.073386095 0.224997315
v 0.067264761 0.063952331 0.169051518
v 0.067052980 0.056215045 0.198254573
v 0.067264761 0.063952331 0.169051518
v 0.084429322 0.073386095 0.224997315
v 0.067366532 0.079221157 0.173658010
v 0.067052980 0.056215045 0.198254573
v 0.067270556 0.041514432 0.170107992
v 0.075254751 0.044178500 0.207476957
v 0.067270556 0.041514432 0.170107992
v 0.067052980 0.056215045 0.198254573
v 0.067264761 0.063952331 0.169051518
v 0.066447806 0.019976061 0.186592158
v 0.075254751 0.044178500 0.207476957
v 0.067270556 0.041514432 0.170107992
v 0.075254751 0.044178500 0.207476957
v 0.066447806 0.019976061 0.186592158
v 0.065569491 0.017305396 0.216901750
v 0.021592934 -0.007668499 0.142180656
v 0.046174201 -0.014708428 0.165255801
v 0.045194257 -0.006633348 0.138135238
v 0.046174201 -0.014708428 0.165255801
v 0.021592934 -0.007668499 0.142180656
v 0.022537694 -0.014630669 0.165369927
v 0.045194257 -0.006633348 0.138135238
v 0.063220124 0.000097063 0.164184908
v 0.060119169 0.010364195 0.143279196
v 0.063220124 0.000097063 0.164184908
v 0.045194257 -0.006633348 0.138135238
v 0.046174201 -0.014708428 0.165255801
v 0.040523484 0.001919823 0.210542921
v 0.065093636 0.016653198 0.242896025
v 0.065569491 0.017305396 0.216901750
v 0.065093636 0.016653198 0.242896025
v 0.040523484 0.001919823 0.210542921
v 0.034891234 0.017639127 0.241664232
v 0.065093636 0.016653198 0.242896025
v 0.086049667 0.026392055 0.257807409
v 0.065569491 0.017305396 0.216901750
v 0.086049667 0.026392055 0.257807409
v 0.065093636 0.016653198 0.242896025
v 0.090796839 0.024036309 0.261372450
v 0.090796839 0.024036309 0.261372450
v 0.113582132 0.057369772 0.306097123
v 0.086049667 0.026392055 0.257807409
v 0.118426096 0.041943394 0.253214578
v 0.084429322 0.073386095 0.224997315
v 0.117171472 0.027158025 0.255486271
v 0.084429322 0.073386095 0.224997315
v 0.118426096 0.041943394 0.253214578
v 0.088035849 0.074317399 0.234071592
v 0.001310795 -0.002058104 0.205182827
v 0.034891234 0.017639127 0.241664232
v 0.040523484 0.001919823 0.210542921
v 0.034891234 0.017639127 0.241664232
v 0.001310795 -0.002058104 0.205182827
v 0.002128801 0.008001012 0.237844068
v 0.039449029 0.005186806 0.131418031
v 0.060119169 0.010364195 0.143279196
v 0.058592982 0.029354906 0.140777226
v 0.060119169 0.010364195 0.143279196
v 0.039449029 0.005186806 0.131418031
v 0.045194257 -0.006633348 0.138135238
v 0.066847065 0.025719272 0.158896219
v 0.063220124 0.000097063 0.164184908
v 0.066447806 0.019976061 0.186592158
v 0.066447806 0.019976061 0.186592158
v 0.060097441 0.008309850 0.194762615
v 0.065569491 0.017305396 0.216901750
v 0.065569491 0.017305396 0.216901750
v 0.042533357 -0.002954644 0.196032922
v 0.040523484 0.001919823 0.210542921
v 0.042533357 -0.002954644 0.196032922
v 0.065569491 0.017305396 0.216901750
v 0.060097441 0.008309850 0.194762615
v 0.040523484 0.001919823 0.210542921
v 0.018516512 -0.004156410 0.188006014
v 0.001310795 -0.002058104 0.205182827
v 0.011328355 -0.009344131 0.167682789
v 0.018516512 -0.004156410 0.188006014
v 0.022537694 -0.014630669 0.165369927
v 0.010324203 -0.002309092 0.144779354
v 0.022537694 -0.014630669 0.165369927
v 0.021592934 -0.007668499 0.142180656
v 0.022537694 -0.014630669 0.165369927
v 0.010324203 -0.002309092 0.144779354
v 0.011328355 -0.009344131 0.167682789
v 0.039449029 0.005186806 0.131418031
v 0.021592934 -0.007668499 0.142180656
v 0.045194257 -0.006633348 0.138135238
v 0.063220124 0.000097063 0.164184908
v 0.066847065 0.025719272 0.158896219
v 0.060119169 0.010364195 0.143279196
v 0.067270556 0.041514432 0.170107992
v 0.066847065 0.025719272 0.158896219
v 0.066447806 0.019976061 0.186592158
v 0.060119169 0.010364195 0.143279196
v 0.066847065 0.025719272 0.158896219
v 0.058592982 0.029354906 0.140777226
v 0.044620701 0.018388461 -0.006632690
v 0.006662313 0.005842667 -0.048835695
v 0.005818228 0.004110242 -0.014818579
v 0.027006849 0.058406988 0.442435758
v 0.016613716 0.013735244 0.444563679
v -0.001520244 0.040047093 0.448957381
v 0.027006849 0.058406988 0.442435758
v 0.049679930 0.038230203 0.426844894
v 0.038512312 0.023932775 0.434764214
v 0.045131408 0.066006752 0.389146580
v 0.027718911 0.087938039 0.380518057
v 0.033980868 0.084204439 0.380998719
v 0.027718911 0.087938039 0.380518057
v 0.045131408 0.066006752 0.389146580
v 0.021005953 0.089173595 0.421300717
v -0.008240385 0.091910415 0.135416877
v 0.023781616 0.098347712 0.090746852
v 0.032620829 0.092599378 0.134318726
v 0.023781616 0.098347712 0.090746852
v -0.008240385 0.091910415 0.135416877
v -0.010211492 0.094722207 0.089279382
v 0.022417723 0.033553848 0.270833283
v 0.014548736 0.023458487 0.297547790
v 0.023992084 0.051541313 0.305987836
v 0.014548736 0.023458487 0.297547790
v 0.022417723 0.033553848 0.270833283
v 0.001990717 0.016050567 0.255873361
v -0.001520244 0.040047093 0.448957381
v 0.012901690 0.077951529 0.437823542
v 0.027006849 0.058406988 0.442435758
v 0.012901690 0.077951529 0.437823542
v -0.001520244 0.040047093 0.448957381
v -0.020340978 0.068557463 0.438289558
v 0.014548736 0.023458487 0.297547790
v 0.033968345 0.032884088 0.309650438
v 0.023992084 0.051541313 0.305987836
v 0.033968345 0.032884088 0.309650438
v 0.014548736 0.023458487 0.297547790
v 0.024755360 0.012966484 0.302673785
v 0.024238779 0.003189598 0.436152684
v 0.016616593 0.013731174 0.444561673
v 0.038512312 0.023932775 0.434764214
v -0.001823471 0.092485155 0.210705121
v 0.042882127 0.089467645 0.172883930
v 0.047756239 0.094821729 0.223738710
v 0.042882127 0.089467645 0.172883930
v -0.001823471 0.092485155 0.210705121
v -0.003389854 0.088236272 0.162903033
v 0.060895155 0.093061659 -0.063066262
v 0.019924900 0.074758779 -0.076995537
v 0.054729818 0.078242404 -0.101135055
v 0.072000588 0.075877933 0.273858473
v 0.118426096 0.041943394 0.253214578
v 0.101580309 0.057260063 0.280906317
v 0.131324094 0.017364956 0.344302623
v 0.113582132 0.057369772 0.306097123
v 0.143568888 0.056584735 0.346484423
v 0.101580309 0.057260063 0.280906317
v 0.118426096 0.041943394 0.253214578
v 0.144007831 0.049090152 0.283147605
v 0.136794798 0.058802877 0.290113420
v 0.101580309 0.057260063 0.280906317
v 0.144007831 0.049090152 0.283147605
v 0.021592934 -0.007668499 0.142180656
v 0.039449029 0.005186806 0.131418031
v 0.019188998 0.002617008 0.136161951
v 0.011328355 -0.009344131 0.167682789
v -0.000829180 -0.001163050 0.146454220
v 0.000233389 -0.008271960 0.169071583
v -0.000829180 -0.001163050 0.146454220
v 0.011328355 -0.009344131 0.167682789
v 0.010324203 -0.002309092 0.144779354
v 0.018516512 -0.004156410 0.188006014
v 0.011328355 -0.009344131 0.167682789
v 0.000233389 -0.008271960 0.169071583
v 0.021592934 -0.007668499 0.142180656
v 0.019188998 0.002617008 0.136161951
v 0.010324203 -0.002309092 0.144779354
v 0.018516512 -0.004156410 0.188006014
v 0.000233389 -0.008271960 0.169071583
v 0.001310795 -0.002058104 0.205182827
v 0.018516512 -0.004156410 0.188006014
v 0.040523484 0.001919823 0.210542921
v 0.042533357 -0.002954644 0.196032922
v 0.060097441 0.008309850 0.194762615
v 0.066447806 0.019976061 0.186592158
v 0.063220124 0.000097063 0.164184908
v 0.075254751 0.044178500 0.207476957
v 0.084429322 0.073386095 0.224997315
v 0.067052980 0.056215045 0.198254573
v 0.113582132 0.057369772 0.306097123
v 0.110171923 0.025363024 0.306423660
v 0.086049667 0.026392055 0.257807409
v 0.110171923 0.025363024 0.306423660
v 0.117171472 0.027158025 0.255486271
v 0.086049667 0.026392055 0.257807409
v 0.117171472 0.027158025 0.255486271
v 0.110171923 0.025363024 0.306423660
v 0.140563582 0.017553255 0.278065171
v 0.169850385 0.011370983 0.315756855
v 0.145802468 0.032350847 0.278433237
v 0.140563582 0.017553255 0.278065171
v 0.118426096 0.041943394 0.253214578
v 0.145802468 0.032350847 0.278433237
v 0.144007831 0.049090152 0.283147605
v 0.145802468 0.032350847 0.278433237
v 0.173939436 0.048144779 0.322462305
v 0.144007831 0.049090152 0.283147605
v 0.173939436 0.048144779 0.322462305
v 0.145802468 0.032350847 0.278433237
v 0.169850385 0.011370983 0.315756855
v 0.088035849 0.074317399 0.234071592
v 0.047756239 0.094821729 0.223738710
v 0.081572193 0.080901571 0.225065134
v 0.047756239 0.094821729 0.223738710
v 0.088035849 0.074317399 0.234071592
v 0.072000588 0.075877933 0.273858473
v 0.066845019 0.023219961 0.265212542
v 0.034891234 0.017639127 0.241664232
v 0.022417723 0.033553848 0.270833283
v 0.001990717 0.016050567 0.255873361
v 0.034891234 0.017639127 0.241664232
v 0.002128801 0.008001012 0.237844068
v 0.014921866 0.005514323 0.133286797
v 0.040066277 0.008642728 0.128155591
v 0.039724727 0.020583995 0.093252631
v 0.039724727 0.020583995 0.093252631
v 0.057828604 0.035699486 0.131121155
v 0.056231198 0.049584322 0.096165801
v 0.057828604 0.035699486 0.131121155
v 0.039724727 0.020583995 0.093252631
v 0.040066277 0.008642728 0.128155591
v 0.057848166 0.071053620 0.139494234
v 0.056231198 0.049584322 0.096165801
v 0.057828604 0.035699486 0.131121155
v 0.056231198 0.049584322 0.096165801
v 0.057848166 0.071053620 0.139494234
v 0.049070266 0.081123839 0.092506844
v 0.003184789 0.009993060 0.091826089
v 0.014921866 0.005514323 0.133286797
v 0.039724727 0.020583995 0.093252631
v 0.014921866 0.005514323 0.133286797
v 0.003184789 0.009993060 0.091826089
v -0.000829180 -0.001163050 0.146454220
v 0.010324203 -0.002309092 0.144779354
v 0.014921866 0.005514323 0.133286797
v -0.000829180 -0.001163050 0.146454220
v 0.014921866 0.005514323 0.133286797
v 0.010324203 -0.002309092 0.144779354
v 0.019188998 0.002617008 0.136161951
v 0.067270556 0.041514432 0.170107992
v 0.057828604 0.035699486 0.131121155
v 0.058592982 0.029354906 0.140777226
v 0.057828604 0.035699486 0.131121155
v 0.067270556 0.041514432 0.170107992
v 0.067264761 0.063952331 0.169051518
v -0.058498613 0.010017079 0.242620150
v -0.061373982 0.013471502 0.260485156
v -0.029815388 0.015042812 0.243122929
v -0.058654360 0.004124029 0.199025855
v -0.045296109 -0.017932618 0.168539624
v -0.063373762 -0.004365180 0.168729682
v -0.045296109 -0.017932618 0.168539624
v -0.058654360 0.004124029 0.199025855
v -0.040295881 -0.005874249 0.199006527
v -0.022793713 0.054945372 0.288480423
v -0.075709164 0.064628919 0.270124676
v -0.046519211 0.078422153 0.267490220
v -0.075709164 0.064628919 0.270124676
v -0.022793713 0.054945372 0.288480423
v -0.061278606 0.044139472 0.277611639
v -0.083240962 0.069920909 0.035532087
v -0.050107700 0.092279909 0.072738422
v -0.072678018 0.064033940 0.067993752
v -0.050107700 0.092279909 0.072738422
v -0.083240962 0.069920909 0.035532087
v -0.058708057 0.102890811 0.041269375
v -0.073652472 0.027204457 0.054899091
v -0.083240962 0.069920909 0.035532087
v -0.072678018 0.064033940 0.067993752
v -0.083240962 0.069920909 0.035532087
v -0.073652472 0.027204457 0.054899091
v -0.083072744 0.026677849 0.025104334
v -0.047667887 0.007293979 0.042268408
v -0.068702826 0.005789120 -0.003539587
v -0.073652472 0.027204457 0.054899091
v -0.068702826 0.005789120 -0.003539587
v -0.047667887 0.007293979 0.042268408
v -0.035925593 0.001779771 -0.009477173
v -0.040295881 -0.005874249 0.199006527
v -0.021776258 -0.016192668 0.166960816
v -0.045296109 -0.017932618 0.168539624
v -0.021776258 -0.016192668 0.166960816
v -0.040295881 -0.005874249 0.199006527
v -0.016890706 -0.005404461 0.189277148
v -0.058708057 0.102890811 0.041269375
v -0.013178400 0.098613878 0.058249468
v -0.050107700 0.092279909 0.072738422
v -0.013178400 0.098613878 0.058249468
v -0.058708057 0.102890811 0.041269375
v -0.016093572 0.104148040 0.021538621
v -0.047095432 0.083882058 0.135635835
v -0.003389854 0.088236272 0.162903033
v -0.048799914 0.086235991 0.176175355
v -0.003389854 0.088236272 0.162903033
v -0.047095432 0.083882058 0.135635835
v -0.008240385 0.091910415 0.135416877
v -0.055400790 -0.006046910 -0.055289336
v -0.099369970 0.014654067 -0.155567808
v -0.097579137 0.022824819 -0.057777718
v -0.099369970 0.014654067 -0.155567808
v -0.055400790 -0.006046910 -0.055289336
v -0.064185569 -0.009304447 -0.154573103
v -0.099369970 0.014654067 -0.155567808
v -0.068456053 -0.006193508 -0.248494352
v -0.088223842 0.015241576 -0.247491157
v -0.068456053 -0.006193508 -0.248494352
v -0.099369970 0.014654067 -0.155567808
v -0.064185569 -0.009304447 -0.154573103
v -0.002994973 0.023804811 -0.055956625
v -0.044933416 0.079617123 -0.158884261
v -0.021373284 0.019647073 -0.157466933
v -0.044933416 0.079617123 -0.158884261
v -0.002994973 0.023804811 -0.055956625
v -0.037158705 0.087203773 -0.074148494
v -0.021373284 0.019647073 -0.157466933
v -0.062882825 0.055110440 -0.248115631
v -0.045073205 0.016407801 -0.250983342
v -0.062882825 0.055110440 -0.248115631
v -0.021373284 0.019647073 -0.157466933
v -0.044933416 0.079617123 -0.158884261
v -0.044933416 0.079617123 -0.158884261
v -0.094223284 0.074751083 -0.089034788
v -0.091634094 0.067325161 -0.154597631
v -0.094223284 0.074751083 -0.089034788
v -0.044933416 0.079617123 -0.158884261
v -0.037158705 0.087203773 -0.074148494
v -0.044933416 0.079617123 -0.158884261
v -0.083367602 0.052692706 -0.243308537
v -0.062882825 0.055110440 -0.248115631
v -0.083367602 0.052692706 -0.243308537
v -0.044933416 0.079617123 -0.158884261
v -0.091634094 0.067325161 -0.154597631
v -0.094223284 0.074751083 -0.089034788
v -0.099369970 0.014654067 -0.155567808
v -0.091634094 0.067325161 -0.154597631
v -0.099369970 0.014654067 -0.155567808
v -0.094223284 0.074751083 -0.089034788
v -0.097579137 0.022824819 -0.057777718
v -0.091634094 0.067325161 -0.154597631
v -0.088223842 0.015241576 -0.247491157
v -0.083367602 0.052692706 -0.243308537
v -0.088223842 0.015241576 -0.247491157
v -0.091634094 0.067325161 -0.154597631
v -0.099369970 0.014654067 -0.155567808
v -0.109750748 0.075551413 -0.513667726
v -0.074621667 0.111820399 -0.504794542
v -0.107239415 0.109350204 -0.503719224
v -0.074621667 0.111820399 -0.504794542
v -0.109750748 0.075551413 -0.513667726
v -0.074897597 0.075034992 -0.515617266
v -0.074332911 0.009922109 -0.289010701
v -0.098750114 0.039835776 -0.373413512
v -0.103832497 0.028559014 -0.311216681
v -0.098750114 0.039835776 -0.373413512
v -0.074332911 0.009922109 -0.289010701
v -0.077709102 0.021130083 -0.370697223
v -0.077709102 0.021130083 -0.370697223
v -0.095892257 0.050498285 -0.450426479
v -0.098750114 0.039835776 -0.373413512
v -0.095892257 0.050498285 -0.450426479
v -0.077709102 0.021130083 -0.370697223
v -0.083268612 0.029785241 -0.454774915
v -0.047757235 0.031277846 -0.320608263
v -0.069525107 0.078644343 -0.365166631
v -0.061331177 0.040384105 -0.377542190
v -0.069525107 0.078644343 -0.365166631
v -0.047757235 0.031277846 -0.320608263
v -0.062406855 0.077250491 -0.287367352
v -0.061331177 0.040384105 -0.377542190
v -0.079669516 0.073902852 -0.446190236
v -0.074024698 0.050264465 -0.465188060
v -0.079669516 0.073902852 -0.446190236
v -0.061331177 0.040384105 -0.377542190
v -0.069525107 0.078644343 -0.365166631
v -0.062406855 0.077250491 -0.287367352
v -0.103988277 0.074743300 -0.363006260
v -0.069525107 0.078644343 -0.365166631
v -0.103988277 0.074743300 -0.363006260
v -0.062406855 0.077250491 -0.287367352
v -0.104832160 0.072680506 -0.289984892
v -0.069525107 0.078644343 -0.365166631
v -0.096803224 0.071663208 -0.440669849
v -0.079669516 0.073902852 -0.446190236
v -0.096803224 0.071663208 -0.440669849
v -0.069525107 0.078644343 -0.365166631
v -0.103988277 0.074743300 -0.363006260
v -0.104832160 0.072680506 -0.289984892
v -0.098750114 0.039835776 -0.373413512
v -0.103988277 0.074743300 -0.363006260
v -0.098750114 0.039835776 -0.373413512
v -0.104832160 0.072680506 -0.289984892
v -0.103832497 0.028559014 -0.311216681
v -0.103988277 0.074743300 -0.363006260
v -0.095892257 0.050498285 -0.450426479
v -0.096803224 0.071663208 -0.440669849
v -0.095892257 0.050498285 -0.450426479
v -0.103988277 0.074743300 -0.363006260
v -0.098750114 0.039835776 -0.373413512
v -0.097579137 0.022824819 -0.057777718
v -0.068702826 0.005789120 -0.003539587
v -0.055400790 -0.006046910 -0.055289336
v -0.068702826 0.005789120 -0.003539587
v -0.097579137 0.022824819 -0.057777718
v -0.092616336 0.027809004 -0.013022159
v -0.035925593 0.001779771 -0.009477173
v 0.006662313 0.005842667 -0.048835695
v -0.002994973 0.023804811 -0.055956625
v -0.058708057 0.102890811 0.041269375
v -0.088323723 0.080160163 -0.006487142
v -0.060642643 0.111722565 -0.003852829
v -0.088323723 0.080160163 -0.006487142
v -0.058708057 0.102890811 0.041269375
v -0.083240962 0.069920909 0.035532087
v -0.060642643 0.111722565 -0.003852829
v -0.092254548 0.071013770 -0.060235398
v -0.056274022 0.099497754 -0.052237452
v -0.092254548 0.071013770 -0.060235398
v -0.060642643 0.111722565 -0.003852829
v -0.088323723 0.080160163 -0.006487142
v -0.056274022 0.099497754 -0.052237452
v -0.092254548 0.071013770 -0.060235398
v -0.037158705 0.087203773 -0.074148494
v -0.074332911 0.009922109 -0.289010701
v -0.088223842 0.015241576 -0.247491157
v -0.068456053 -0.006193508 -0.248494352
v -0.088223842 0.015241576 -0.247491157
v -0.074332911 0.009922109 -0.289010701
v -0.103832497 0.028559014 -0.311216681
v -0.103832497 0.028559014 -0.311216681
v -0.083367602 0.052692706 -0.243308537
v -0.088223842 0.015241576 -0.247491157
v -0.083367602 0.052692706 -0.243308537
v -0.103832497 0.028559014 -0.311216681
v -0.104832160 0.072680506 -0.289984892
v -0.083367602 0.052692706 -0.243308537
v -0.062406855 0.077250491 -0.287367352
v -0.062882825 0.055110440 -0.248115631
v -0.062406855 0.077250491 -0.287367352
v -0.083367602 0.052692706 -0.243308537
v -0.104832160 0.072680506 -0.289984892
v -0.062882825 0.055110440 -0.248115631
v -0.047757235 0.031277846 -0.320608263
v -0.045073205 0.016407801 -0.250983342
v -0.047757235 0.031277846 -0.320608263
v -0.062882825 0.055110440 -0.248115631
v -0.062406855 0.077250491 -0.287367352
v -0.083240962 0.069920909 0.035532087
v -0.092616336 0.027809004 -0.013022159
v -0.088323723 0.080160163 -0.006487142
v -0.092616336 0.027809004 -0.013022159
v -0.083240962 0.069920909 0.035532087
v -0.083072744 0.026677849 0.025104334
v -0.088323723 0.080160163 -0.006487142
v -0.097579137 0.022824819 -0.057777718
v -0.092254548 0.071013770 -0.060235398
v -0.097579137 0.022824819 -0.057777718
v -0.088323723 0.080160163 -0.006487142
v -0.092616336 0.027809004 -0.013022159
v -0.092254548 0.071013770 -0.060235398
v -0.097579137 0.022824819 -0.057777718
v -0.094223284 0.074751083 -0.089034788
v -0.043656429 0.087608393 0.090981264
v -0.047095432 0.083882058 0.135635835
v -0.063025055 0.075212603 0.136713536
v -0.066711046 0.059115002 0.141992210
v -0.071539681 0.059059684 0.174034657
v -0.060682461 0.025212498 0.133725839
v -0.062503860 0.025086425 0.145124654
v -0.039047026 0.001987986 0.129984839
v -0.060682461 0.025212498 0.133725839
v -0.039047026 0.001987986 0.129984839
v -0.062503860 0.025086425 0.145124654
v -0.042427412 0.002300785 0.134357430
v -0.039047026 0.001987986 0.129984839
v -0.021749222 0.001173998 0.137631651
v -0.016377034 0.003863606 0.134267281
v -0.021749222 0.001173998 0.137631651
v -0.039047026 0.001987986 0.129984839
v -0.042427412 0.002300785 0.134357430
v -0.140176735 -0.004828400 0.231787146
v -0.145413467 0.026870066 0.229799098
v -0.189488863 0.025879732 0.231404544
v -0.188912490 -0.014394316 0.239804294
v -0.222782090 0.025331185 0.254100547
v -0.228597917 -0.009514355 0.258894331
v -0.222782090 0.025331185 0.254100547
v -0.188912490 -0.014394316 0.239804294
v -0.189488863 0.025879732 0.231404544
v -0.135765900 0.035315649 0.270103505
v -0.189488863 0.025879732 0.231404544
v -0.145413467 0.026870066 0.229799098
v -0.189488863 0.025879732 0.231404544
v -0.135765900 0.035315649 0.270103505
v -0.182929098 0.031558286 0.278941754
v -0.189488863 0.025879732 0.231404544
v -0.243284791 0.023998105 0.277650628
v -0.222782090 0.025331185 0.254100547
v -0.243284791 0.023998105 0.277650628
v -0.189488863 0.025879732 0.231404544
v -0.182929098 0.031558286 0.278941754
v -0.104920462 0.040885720 0.261801562
v -0.135765900 0.035315649 0.270103505
v -0.107635304 0.042105344 0.255920432
v -0.135765900 0.035315649 0.270103505
v -0.104920462 0.040885720 0.261801562
v -0.135426617 0.020116704 0.274031253
v -0.182929098 0.031558286 0.278941754
v -0.238871099 -0.005389635 0.276725061
v -0.243284791 0.023998105 0.277650628
v -0.238871099 -0.005389635 0.276725061
v -0.182929098 0.031558286 0.278941754
v -0.183166532 -0.006035031 0.278115792
v -0.136265469 -0.006541727 0.259682069
v -0.188912490 -0.014394316 0.239804294
v -0.183166532 -0.006035031 0.278115792
v -0.183166532 -0.006035031 0.278115792
v -0.228597917 -0.009514355 0.258894331
v -0.238871099 -0.005389635 0.276725061
v -0.228597917 -0.009514355 0.258894331
v -0.183166532 -0.006035031 0.278115792
v -0.188912490 -0.014394316 0.239804294
v -0.211585541 -0.013417516 0.239251222
v -0.214100891 0.015916884 0.174752548
v -0.213542581 -0.009322021 0.180664107
v -0.214100891 0.015916884 0.174752548
v -0.211585541 -0.013417516 0.239251222
v -0.206585615 0.028073839 0.233641093
v -0.213542581 -0.009322021 0.180664107
v -0.215273020 0.005896932 0.129954942
v -0.215527814 -0.007643788 0.129805378
v -0.215273020 0.005896932 0.129954942
v -0.213542581 -0.009322021 0.180664107
v -0.214100891 0.015916884 0.174752548
v -0.206585615 0.028073839 0.233641093
v -0.251970452 0.011816938 0.180516511
v -0.214100891 0.015916884 0.174752548
v -0.251970452 0.011816938 0.180516511
v -0.206585615 0.028073839 0.233641093
v -0.256894255 0.024112949 0.240826922
v -0.214100891 0.015916884 0.174752548
v -0.242102766 0.003718433 0.130656491
v -0.215273020 0.005896932 0.129954942
v -0.242102766 0.003718433 0.130656491
v -0.214100891 0.015916884 0.174752548
v -0.251970452 0.011816938 0.180516511
v -0.256894255 0.024112949 0.240826922
v -0.251169286 -0.008627776 0.185452585
v -0.251970452 0.011816938 0.180516511
v -0.251169286 -0.008627776 0.185452585
v -0.256894255 0.024112949 0.240826922
v -0.247915921 -0.012347680 0.245003637
v -0.251970452 0.011816938 0.180516511
v -0.241679036 -0.007666901 0.130775431
v -0.242102766 0.003718433 0.130656491
v -0.241679036 -0.007666901 0.130775431
v -0.251970452 0.011816938 0.180516511
v -0.251169286 -0.008627776 0.185452585
v -0.247915921 -0.012347680 0.245003637
v -0.213542581 -0.009322021 0.180664107
v -0.251169286 -0.008627776 0.185452585
v -0.213542581 -0.009322021 0.180664107
v -0.247915921 -0.012347680 0.245003637
v -0.211585541 -0.013417516 0.239251222
v -0.251169286 -0.008627776 0.185452585
v -0.215527814 -0.007643788 0.129805378
v -0.241679036 -0.007666901 0.130775431
v -0.215527814 -0.007643788 0.129805378
v -0.251169286 -0.008627776 0.185452585
v -0.213542581 -0.009322021 0.180664107
v -0.196123902 -0.007716499 0.005041691
v -0.238947530 0.002621076 0.018219348
v -0.239595613 -0.005931834 0.014114687
v -0.238947530 0.002621076 0.018219348
v -0.196123902 -0.007716499 0.005041691
v -0.195104710 0.001557313 0.009227876
v -0.172053419 0.013865947 0.052956807
v -0.175826314 0.003220709 0.045534689
v -0.167793478 0.005578001 0.054722354
v -0.175826314 0.003220709 0.045534689
v -0.172053419 0.013865947 0.052956807
v -0.175867314 0.012053490 0.044580635
v -0.246929417 0.007947784 0.097353344
v -0.196843950 0.001025533 0.067774912
v -0.199558289 0.010605123 0.099318813
v -0.196843950 0.001025533 0.067774912
v -0.246929417 0.007947784 0.097353344
v -0.247274439 0.005095356 0.054992064
v -0.246929417 0.007947784 0.097353344
v -0.247859645 -0.003828512 0.051394177
v -0.247274439 0.005095356 0.054992064
v -0.247859645 -0.003828512 0.051394177
v -0.246929417 0.007947784 0.097353344
v -0.248644079 -0.012389463 0.095538343
v -0.199373409 -0.015180356 0.097472152
v -0.247859645 -0.003828512 0.051394177
v -0.248644079 -0.012389463 0.095538343
v -0.247859645 -0.003828512 0.051394177
v -0.199373409 -0.015180356 0.097472152
v -0.201254215 -0.013568574 0.060134339
v -0.238871099 -0.005389635 0.276725061
v -0.211585541 -0.013417516 0.239251222
v -0.247915921 -0.012347680 0.245003637
v -0.211585541 -0.013417516 0.239251222
v -0.238871099 -0.005389635 0.276725061
v -0.228597917 -0.009514355 0.258894331
v -0.228597917 -0.009514355 0.258894331
v -0.206585615 0.028073839 0.233641093
v -0.211585541 -0.013417516 0.239251222
v -0.206585615 0.028073839 0.233641093
v -0.228597917 -0.009514355 0.258894331
v -0.222782090 0.025331185 0.254100547
v -0.243284791 0.023998105 0.277650628
v -0.206585615 0.028073839 0.233641093
v -0.222782090 0.025331185 0.254100547
v -0.206585615 0.028073839 0.233641093
v -0.243284791 0.023998105 0.277650628
v -0.256894255 0.024112949 0.240826922
v -0.256894255 0.024112949 0.240826922
v -0.238871099 -0.005389635 0.276725061
v -0.247915921 -0.012347680 0.245003637
v -0.238871099 -0.005389635 0.276725061
v -0.256894255 0.024112949 0.240826922
v -0.243284791 0.023998105 0.277650628
v -0.095080165 0.021260184 0.277669650
v -0.094163184 0.010808370 0.273224611
v -0.136265469 -0.006541727 0.259682069
v -0.094163184 0.010808370 0.273224611
v -0.061278606 0.044139472 0.277611639
v -0.061606571 0.029173985 0.275657539
v -0.061278606 0.044139472 0.277611639
v -0.094163184 0.010808370 0.273224611
v -0.095080165 0.021260184 0.277669650
v -0.063025055 0.075212603 0.136713536
v -0.048799914 0.086235991 0.176175355
v -0.068779662 0.083955266 0.185133621
v -0.048799914 0.086235991 0.176175355
v -0.063025055 0.075212603 0.136713536
v -0.047095432 0.083882058 0.135635835
v -0.061278606 0.044139472 0.277611639
v -0.022793713 0.054945372 0.288480423
v -0.027535520 0.040977419 0.284978977
v -0.088692289 -0.004240460 0.254611402
v -0.058498613 0.010017079 0.242620150
v -0.089210159 0.001849630 0.234661341
v -0.058498613 0.010017079 0.242620150
v -0.088692289 -0.004240460 0.254611402
v -0.061373982 0.013471502 0.260485156
v -0.140176735 -0.004828400 0.231787146
v -0.088692289 -0.004240460 0.254611402
v -0.089210159 0.001849630 0.234661341
v -0.075709164 0.064628919 0.270124676
v -0.050383636 0.091362447 0.227261973
v -0.046519211 0.078422153 0.267490220
v -0.050383636 0.091362447 0.227261973
v 0.000516443 0.082964020 0.263477995
v -0.046519211 0.078422153 0.267490220
v 0.000516443 0.082964020 0.263477995
v -0.050383636 0.091362447 0.227261973
v -0.001823471 0.092485155 0.210705121
v -0.095080165 0.021260184 0.277669650
v -0.075709164 0.064628919 0.270124676
v -0.061278606 0.044139472 0.277611639
v -0.104920462 0.040885720 0.261801562
v -0.084080534 0.075051219 0.245043956
v -0.075709164 0.064628919 0.270124676
v -0.107635304 0.042105344 0.255920432
v -0.075346772 0.038870024 0.212883616
v -0.083660620 0.073167651 0.232780896
v -0.075346772 0.038870024 0.212883616
v -0.107635304 0.042105344 0.255920432
v -0.093300145 0.022008170 0.221543004
v -0.063145709 0.012768380 0.221522680
v -0.075346772 0.038870024 0.212883616
v -0.093300145 0.022008170 0.221543004
v -0.069162906 0.020925127 0.163779035
v -0.062503860 0.025086425 0.145124654
v -0.069891963 0.036679661 0.175032185
v -0.071539681 0.059059684 0.174034657
v -0.066711046 0.059115002 0.141992210
v -0.072384710 0.074295137 0.178675139
v -0.215527814 -0.007643788 0.129805378
v -0.199558289 0.010605123 0.099318813
v -0.199373409 -0.015180356 0.097472152
v -0.199558289 0.010605123 0.099318813
v -0.215527814 -0.007643788 0.129805378
v -0.215273020 0.005896932 0.129954942
v -0.215527814 -0.007643788 0.129805378
v -0.248644079 -0.012389463 0.095538343
v -0.241679036 -0.007666901 0.130775431
v -0.248644079 -0.012389463 0.095538343
v -0.215527814 -0.007643788 0.129805378
v -0.199373409 -0.015180356 0.097472152
v -0.241679036 -0.007666901 0.130775431
v -0.246929417 0.007947784 0.097353344
v -0.242102766 0.003718433 0.130656491
v -0.246929417 0.007947784 0.097353344
v -0.241679036 -0.007666901 0.130775431
v -0.248644079 -0.012389463 0.095538343
v -0.246929417 0.007947784 0.097353344
v -0.215273020 0.005896932 0.129954942
v -0.242102766 0.003718433 0.130656491
v -0.215273020 0.005896932 0.129954942
v -0.246929417 0.007947784 0.097353344
v -0.199558289 0.010605123 0.099318813
v -0.022793713 0.054945372 0.288480423
v -0.029924771 0.041604695 0.311258771
v -0.027535520 0.040977419 0.284978977
v -0.029924771 0.041604695 0.311258771
v -0.022793713 0.054945372 0.288480423
v -0.028836962 0.059157851 0.312570892
v 0.002181751 0.059649893 0.290029104
v -0.028836962 0.059157851 0.312570892
v -0.022793713 0.054945372 0.288480423
v -0.028836962 0.059157851 0.312570892
v 0.002181751 0.059649893 0.290029104
v -0.012400811 0.073310942 0.315212963
v -0.247274439 0.005095356 0.054992064
v -0.195104710 0.001557313 0.009227876
v -0.196843950 0.001025533 0.067774912
v -0.195104710 0.001557313 0.009227876
v -0.247274439 0.005095356 0.054992064
v -0.238947530 0.002621076 0.018219348
v -0.196843950 0.001025533 0.067774912
v -0.196123902 -0.007716499 0.005041691
v -0.201254215 -0.013568574 0.060134339
v -0.196123902 -0.007716499 0.005041691
v -0.196843950 0.001025533 0.067774912
v -0.195104710 0.001557313 0.009227876
v -0.196123902 -0.007716499 0.005041691
v -0.247859645 -0.003828512 0.051394177
v -0.201254215 -0.013568574 0.060134339
v -0.247859645 -0.003828512 0.051394177
v -0.196123902 -0.007716499 0.005041691
v -0.239595613 -0.005931834 0.014114687
v -0.239595613 -0.005931834 0.014114687
v -0.247274439 0.005095356 0.054992064
v -0.247859645 -0.003828512 0.051394177
v -0.247274439 0.005095356 0.054992064
v -0.239595613 -0.005931834 0.014114687
v -0.238947530 0.002621076 0.018219348
v -0.199373409 -0.015180356 0.097472152
v -0.181308991 0.011969270 0.070784835
v -0.175849412 -0.002628356 0.069572534
v -0.181308991 0.011969270 0.070784835
v -0.199373409 -0.015180356 0.097472152
v -0.199558289 0.010605123 0.099318813
v -0.181308991 0.011969270 0.070784835
v -0.196843950 0.001025533 0.067774912
v -0.189750968 0.004592214 0.057710787
v -0.196843950 0.001025533 0.067774912
v -0.181308991 0.011969270 0.070784835
v -0.199558289 0.010605123 0.099318813
v -0.196843950 0.001025533 0.067774912
v -0.195367640 -0.009420751 0.062261894
v -0.189750968 0.004592214 0.057710787
v -0.195367640 -0.009420751 0.062261894
v -0.196843950 0.001025533 0.067774912
v -0.201254215 -0.013568574 0.060134339
v -0.195367640 -0.009420751 0.062261894
v -0.199373409 -0.015180356 0.097472152
v -0.175849412 -0.002628356 0.069572534
v -0.199373409 -0.015180356 0.097472152
v -0.195367640 -0.009420751 0.062261894
v -0.201254215 -0.013568574 0.060134339
v -0.175849412 -0.002628356 0.069572534
v -0.172053419 0.013865947 0.052956807
v -0.167793478 0.005578001 0.054722354
v -0.172053419 0.013865947 0.052956807
v -0.175849412 -0.002628356 0.069572534
v -0.181308991 0.011969270 0.070784835
v -0.181308991 0.011969270 0.070784835
v -0.175867314 0.012053490 0.044580635
v -0.172053419 0.013865947 0.052956807
v -0.175867314 0.012053490 0.044580635
v -0.181308991 0.011969270 0.070784835
v -0.189750968 0.004592214 0.057710787
v -0.189750968 0.004592214 0.057710787
v -0.175826314 0.003220709 0.045534689
v -0.175867314 0.012053490 0.044580635
v -0.175826314 0.003220709 0.045534689
v -0.189750968 0.004592214 0.057710787
v -0.195367640 -0.009420751 0.062261894
v -0.195367640 -0.009420751 0.062261894
v -0.167793478 0.005578001 0.054722354
v -0.175826314 0.003220709 0.045534689
v -0.167793478 0.005578001 0.054722354
v -0.195367640 -0.009420751 0.062261894
v -0.175849412 -0.002628356 0.069572534
v -0.111652476 0.014933944 -0.512086141
v -0.081724017 -0.018877037 -0.545024632
v -0.117934445 0.013499313 -0.532880380
v -0.081724017 -0.018877037 -0.545024632
v -0.111652476 0.014933944 -0.512086141
v -0.082672283 -0.017092865 -0.527034452
v -0.069342370 0.101006544 -0.475113410
v -0.074897597 0.075034992 -0.515617266
v -0.067869394 0.066085556 -0.494326413
v -0.074897597 0.075034992 -0.515617266
v -0.069342370 0.101006544 -0.475113410
v -0.074621667 0.111820399 -0.504794542
v -0.079669516 0.073902852 -0.446190236
v -0.107862452 0.096994711 -0.470979474
v -0.069342370 0.101006544 -0.475113410
v -0.107862452 0.096994711 -0.470979474
v -0.079669516 0.073902852 -0.446190236
v -0.096803224 0.071663208 -0.440669849
v -0.109750748 0.075551413 -0.513667726
v -0.107862452 0.096994711 -0.470979474
v -0.108359554 0.063415695 -0.482674639
v -0.107862452 0.096994711 -0.470979474
v -0.109750748 0.075551413 -0.513667726
v -0.107239415 0.109350204 -0.503719224
v -0.083268612 0.029785241 -0.454774915
v -0.111652476 0.014933944 -0.512086141
v -0.095892257 0.050498285 -0.450426479
v -0.111652476 0.014933944 -0.512086141
v -0.083268612 0.029785241 -0.454774915
v -0.082672283 -0.017092865 -0.527034452
v -0.074897597 0.075034992 -0.515617266
v -0.062404308 -0.005646100 -0.527763685
v -0.067869394 0.066085556 -0.494326413
v -0.062404308 -0.005646100 -0.527763685
v -0.074897597 0.075034992 -0.515617266
v -0.061085929 -0.008218859 -0.542882359
v -0.074897597 0.075034992 -0.515617266
v -0.117934445 0.013499313 -0.532880380
v -0.061085929 -0.008218859 -0.542882359
v -0.117934445 0.013499313 -0.532880380
v -0.074897597 0.075034992 -0.515617266
v -0.109750748 0.075551413 -0.513667726
v -0.109750748 0.075551413 -0.513667726
v -0.111652476 0.014933944 -0.512086141
v -0.117934445 0.013499313 -0.532880380
v -0.111652476 0.014933944 -0.512086141
v -0.109750748 0.075551413 -0.513667726
v -0.108359554 0.063415695 -0.482674639
v -0.035925593 0.001779771 -0.009477173
v -0.002994973 0.023804811 -0.055956625
v -0.055400790 -0.006046910 -0.055289336
v -0.068702826 0.005789120 -0.003539587
v -0.035925593 0.001779771 -0.009477173
v -0.055400790 -0.006046910 -0.055289336
v -0.055400790 -0.006046910 -0.055289336
v -0.021373284 0.019647073 -0.157466933
v -0.064185569 -0.009304447 -0.154573103
v -0.064185569 -0.009304447 -0.154573103
v -0.045073205 0.016407801 -0.250983342
v -0.068456053 -0.006193508 -0.248494352
v -0.045073205 0.016407801 -0.250983342
v -0.064185569 -0.009304447 -0.154573103
v -0.021373284 0.019647073 -0.157466933
v -0.068456053 -0.006193508 -0.248494352
v -0.047757235 0.031277846 -0.320608263
v -0.074332911 0.009922109 -0.289010701
v -0.047757235 0.031277846 -0.320608263
v -0.068456053 -0.006193508 -0.248494352
v -0.045073205 0.016407801 -0.250983342
v -0.047757235 0.031277846 -0.320608263
v -0.077709102 0.021130083 -0.370697223
v -0.074332911 0.009922109 -0.289010701
v -0.077709102 0.021130083 -0.370697223
v -0.047757235 0.031277846 -0.320608263
v -0.061331177 0.040384105 -0.377542190
v -0.061331177 0.040384105 -0.377542190
v -0.083268612 0.029785241 -0.454774915
v -0.077709102 0.021130083 -0.370697223
v -0.083268612 0.029785241 -0.454774915
v -0.061331177 0.040384105 -0.377542190
v -0.074024698 0.050264465 -0.465188060
v -0.083268612 0.029785241 -0.454774915
v -0.062404308 -0.005646100 -0.527763685
v -0.082672283 -0.017092865 -0.527034452
v -0.062404308 -0.005646100 -0.527763685
v -0.083268612 0.029785241 -0.454774915
v -0.074024698 0.050264465 -0.465188060
v -0.082672283 -0.017092865 -0.527034452
v -0.061085929 -0.008218859 -0.542882359
v -0.081724017 -0.018877037 -0.545024632
v -0.061085929 -0.008218859 -0.542882359
v -0.082672283 -0.017092865 -0.527034452
v -0.062404308 -0.005646100 -0.527763685
v -0.062404308 -0.005646100 -0.527763685
v -0.074024698 0.050264465 -0.465188060
v -0.067869394 0.066085556 -0.494326413
v -0.074024698 0.050264465 -0.465188060
v -0.069342370 0.101006544 -0.475113410
v -0.067869394 0.066085556 -0.494326413
v -0.069342370 0.101006544 -0.475113410
v -0.074024698 0.050264465 -0.465188060
v -0.079669516 0.073902852 -0.446190236
v -0.107862452 0.096994711 -0.470979474
v -0.074621667 0.111820399 -0.504794542
v -0.069342370 0.101006544 -0.475113410
v -0.074621667 0.111820399 -0.504794542
v -0.107862452 0.096994711 -0.470979474
v -0.107239415 0.109350204 -0.503719224
v -0.096803224 0.071663208 -0.440669849
v -0.108359554 0.063415695 -0.482674639
v -0.107862452 0.096994711 -0.470979474
v -0.108359554 0.063415695 -0.482674639
v -0.096803224 0.071663208 -0.440669849
v -0.095892257 0.050498285 -0.450426479
v -0.108359554 0.063415695 -0.482674639
v -0.095892257 0.050498285 -0.450426479
v -0.111652476 0.014933944 -0.512086141
v -0.073652472 0.027204457 0.054899091
v -0.068702826 0.005789120 -0.003539587
v -0.083072744 0.026677849 0.025104334
v -0.083072744 0.026677849 0.025104334
v -0.068702826 0.005789120 -0.003539587
v -0.092616336 0.027809004 -0.013022159
v -0.002994973 0.023804811 -0.055956625
v 0.006662313 0.005842667 -0.048835695
v 0.000055942 0.040879607 -0.066342862
v -0.022038523 0.014932312 0.323131467
v 0.002396001 0.011407714 0.307955177
v -0.014263593 0.031245887 0.304729282
v 0.002396001 0.011407714 0.307955177
v -0.022038523 0.014932312 0.323131467
v -0.005885864 0.002331396 0.314423216
v -0.035776479 0.035906843 0.335749004
v -0.028836962 0.059157851 0.312570892
v -0.038631100 0.055584383 0.341599134
v -0.028836962 0.059157851 0.312570892
v -0.035776479 0.035906843 0.335749004
v -0.029924771 0.041604695 0.311258771
v -0.028487188 0.020658420 0.439456034
v 0.016616593 0.013731174 0.444561673
v -0.000119243 -0.002345470 0.432689913
v 0.016616593 0.013731174 0.444561673
v -0.028487188 0.020658420 0.439456034
v 0.016613716 0.013735244 0.444563679
v 0.003753479 -0.023307768 0.392026113
v 0.001514021 -0.013150198 0.418370654
v 0.021450179 -0.022101195 0.392141613
v -0.022038523 0.014932312 0.323131467
v -0.014282846 -0.005589716 0.343076835
v -0.005885864 0.002331396 0.314423216
v -0.014282846 -0.005589716 0.343076835
v -0.022038523 0.014932312 0.323131467
v -0.034992972 0.013314916 0.348101423
v -0.026613357 0.023637296 0.329708915
v -0.034992972 0.013314916 0.348101423
v -0.022038523 0.014932312 0.323131467
v -0.034992972 0.013314916 0.348101423
v -0.026613357 0.023637296 0.329708915
v -0.050524009 0.026721901 0.376461273
v -0.038245945 0.009291187 0.384669676
v -0.016882850 -0.007047628 0.423270840
v -0.021605419 -0.011852472 0.385454499
v -0.016882850 -0.007047628 0.423270840
v -0.038245945 0.009291187 0.384669676
v -0.036413375 0.012758947 0.421753214
v -0.038245945 0.009291187 0.384669676
v -0.053309904 0.038621908 0.417310365
v -0.036413375 0.012758947 0.421753214
v -0.038631100 0.055584383 0.341599134
v -0.051622480 0.033967845 0.376257861
v -0.035776479 0.035906843 0.335749004
v -0.051622480 0.033967845 0.376257861
v -0.038631100 0.055584383 0.341599134
v -0.051597887 0.058504994 0.372641976
v -0.030156697 0.088150899 0.372877436
v -0.051629224 0.057917533 0.414983407
v -0.051597887 0.058504994 0.372641976
v -0.051629224 0.057917533 0.414983407
v -0.030156697 0.088150899 0.372877436
v -0.030317593 0.084940971 0.416538818
v -0.026613357 0.023637296 0.329708915
v -0.022038523 0.014932312 0.323131467
v -0.014263593 0.031245887 0.304729282
v -0.016882850 -0.007047628 0.423270840
v 0.001514021 -0.013150198 0.418370654
v 0.003753479 -0.023307768 0.392026113
v -0.019790480 -0.011466967 0.363995016
v 0.005681318 -0.022663957 0.356939611
v 0.004382550 -0.015237930 0.335007455
v -0.005885864 0.002331396 0.314423216
v 0.019959835 -0.008703087 0.305673230
v 0.002396001 0.011407714 0.307955177
v 0.019959835 -0.008703087 0.305673230
v 0.024755360 0.012966484 0.302673785
v 0.002396001 0.011407714 0.307955177
v 0.024755360 0.012966484 0.302673785
v 0.019959835 -0.008703087 0.305673230
v 0.039918882 -0.009399543 0.303613610
v -0.000119243 -0.002345470 0.432689913
v 0.001514021 -0.013150198 0.418370654
v -0.016882850 -0.007047628 0.423270840
v -0.028487188 0.020658420 0.439456034
v -0.053309904 0.038621908 0.417310365
v -0.041148458 0.041185134 0.434921347
v -0.053309904 0.038621908 0.417310365
v -0.028487188 0.020658420 0.439456034
v -0.036413375 0.012758947 0.421753214
v -0.051629224 0.057917533 0.414983407
v -0.020340978 0.068557463 0.438289558
v -0.041148458 0.041185134 0.434921347
v -0.020340978 0.068557463 0.438289558
v -0.051629224 0.057917533 0.414983407
v -0.030317593 0.084940971 0.416538818
v -0.016882850 -0.007047628 0.423270840
v -0.036413375 0.012758947 0.421753214
v -0.028487188 0.020658420 0.439456034
v -0.012400811 0.073310942 0.315212963
v -0.038631100 0.055584383 0.341599134
v -0.028836962 0.059157851 0.312570892
v -0.038631100 0.055584383 0.341599134
v -0.012400811 0.073310942 0.315212963
v -0.020545170 0.076421659 0.342465106
v -0.020545170 0.076421659 0.342465106
v -0.051597887 0.058504994 0.372641976
v -0.038631100 0.055584383 0.341599134
v -0.051597887 0.058504994 0.372641976
v -0.020545170 0.076421659 0.342465106
v -0.030156697 0.088150899 0.372877436
v -0.051629224 0.057917533 0.414983407
v -0.051622480 0.033967845 0.376257861
v -0.051597887 0.058504994 0.372641976
v -0.051622480 0.033967845 0.376257861
v -0.051629224 0.057917533 0.414983407
v -0.053309904 0.038621908 0.417310365
v -0.041148458 0.041185134 0.434921347
v -0.053309904 0.038621908 0.417310365
v -0.051629224 0.057917533 0.414983407
v -0.055523976 0.023076864 0.371888666
v -0.044578145 0.014601595 0.374585100
v -0.037930130 0.010783203 0.352716628
v -0.044578145 0.014601595 0.374585100
v -0.055523976 0.023076864 0.371888666
v -0.051173982 0.018037475 0.384838235
v -0.034992972 0.013314916 0.348101423
v -0.055523976 0.023076864 0.371888666
v -0.037930130 0.010783203 0.352716628
v -0.055523976 0.023076864 0.371888666
v -0.034992972 0.013314916 0.348101423
v -0.050524009 0.026721901 0.376461273
v -0.050524009 0.026721901 0.376461273
v -0.051173982 0.018037475 0.384838235
v -0.055523976 0.023076864 0.371888666
v -0.051173982 0.018037475 0.384838235
v -0.050524009 0.026721901 0.376461273
v -0.038245945 0.009291187 0.384669676
v -0.038245945 0.009291187 0.384669676
v -0.044578145 0.014601595 0.374585100
v -0.051173982 0.018037475 0.384838235
v -0.044578145 0.014601595 0.374585100
v -0.038245945 0.009291187 0.384669676
v -0.032872684 0.002529662 0.367483688
v -0.032872684 0.002529662 0.367483688
v -0.037930130 0.010783203 0.352716628
v -0.044578145 0.014601595 0.374585100
v -0.037930130 0.010783203 0.352716628
v -0.032872684 0.002529662 0.367483688
v -0.034992972 0.013314916 0.348101423
v 0.000891515 -0.019532674 0.379735764
v -0.019790480 -0.011466967 0.363995016
v -0.021605419 -0.011852472 0.385454499
v -0.019790480 -0.011466967 0.363995016
v 0.000891515 -0.019532674 0.379735764
v 0.005681318 -0.022663957 0.356939611
v -0.019790480 -0.011466967 0.363995016
v -0.038245945 0.009291187 0.384669676
v -0.021605419 -0.011852472 0.385454499
v -0.038245945 0.009291187 0.384669676
v -0.019790480 -0.011466967 0.363995016
v -0.032872684 0.002529662 0.367483688
v -0.014263593 0.031245887 0.304729282
v -0.027535520 0.040977419 0.284978977
v -0.029924771 0.041604695 0.311258771
v -0.027535520 0.040977419 0.284978977
v -0.014263593 0.031245887 0.304729282
v -0.017491801 0.032147097 0.272266052
v -0.027535520 0.040977419 0.284978977
v -0.061606571 0.029173985 0.275657539
v -0.061278606 0.044139472 0.277611639
v -0.029924771 0.041604695 0.311258771
v -0.026613357 0.023637296 0.329708915
v -0.014263593 0.031245887 0.304729282
v -0.026613357 0.023637296 0.329708915
v -0.029924771 0.041604695 0.311258771
v -0.035776479 0.035906843 0.335749004
v -0.035776479 0.035906843 0.335749004
v -0.050524009 0.026721901 0.376461273
v -0.026613357 0.023637296 0.329708915
v -0.050524009 0.026721901 0.376461273
v -0.035776479 0.035906843 0.335749004
v -0.051622480 0.033967845 0.376257861
v -0.029815388 0.015042812 0.243122929
v -0.017491801 0.032147097 0.272266052
v 0.001990717 0.016050567 0.255873361
v -0.035925593 0.001779771 -0.009477173
v 0.003870301 0.011584451 0.041559381
v 0.005818228 0.004110242 -0.014818579
v 0.003870301 0.011584451 0.041559381
v -0.035925593 0.001779771 -0.009477173
v -0.047667887 0.007293979 0.042268408
v -0.016093572 0.104148040 0.021538621
v -0.060642643 0.111722565 -0.003852829
v -0.017498134 0.116741549 -0.012221207
v -0.060642643 0.111722565 -0.003852829
v -0.016093572 0.104148040 0.021538621
v -0.058708057 0.102890811 0.041269375
v -0.060642643 0.111722565 -0.003852829
v -0.014594345 0.108468395 -0.046140585
v -0.017498134 0.116741549 -0.012221207
v -0.014594345 0.108468395 -0.046140585
v -0.060642643 0.111722565 -0.003852829
v -0.056274022 0.099497754 -0.052237452
v -0.014594345 0.108468395 -0.046140585
v -0.037158705 0.087203773 -0.074148494
v -0.012971031 0.102104840 -0.054951167
v -0.037158705 0.087203773 -0.074148494
v -0.014594345 0.108468395 -0.046140585
v -0.056274022 0.099497754 -0.052237452
v 0.002181751 0.059649893 0.290029104
v -0.046519211 0.078422153 0.267490220
v 0.000516443 0.082964020 0.263477995
v -0.012971031 0.102104840 -0.054951167
v -0.037158705 0.087203773 -0.074148494
v 0.000055942 0.040879607 -0.066342862
v -0.037158705 0.087203773 -0.074148494
v -0.002994973 0.023804811 -0.055956625
v 0.000055942 0.040879607 -0.066342862
v 0.023159720 -0.018537507 0.332788118
v 0.030820530 -0.018062076 0.351272503
v 0.032189999 -0.019050994 0.333515940
v 0.001514021 -0.013150198 0.418370654
v 0.024238779 0.003189598 0.436152684
v 0.031391454 -0.006071782 0.420269678
v 0.024238779 0.003189598 0.436152684
v 0.001514021 -0.013150198 0.418370654
v -0.000119243 -0.002345470 0.432689913
v 0.005681318 -0.022663957 0.356939611
v 0.026195665 -0.016862376 0.377046666
v 0.030820530 -0.018062076 0.351272503
v 0.026195665 -0.016862376 0.377046666
v 0.005681318 -0.022663957 0.356939611
v 0.000891515 -0.019532674 0.379735764
v 0.003184789 0.009993060 0.091826089
v -0.047667887 0.007293979 0.042268408
v -0.034830702 0.008711252 0.093511783
v -0.047667887 0.007293979 0.042268408
v 0.003184789 0.009993060 0.091826089
v 0.003870301 0.011584451 0.041559381
v -0.034830702 0.008711252 0.093511783
v -0.073652472 0.027204457 0.054899091
v -0.059479506 0.031157717 0.096568008
v -0.073652472 0.027204457 0.054899091
v -0.034830702 0.008711252 0.093511783
v -0.047667887 0.007293979 0.042268408
v -0.059479506 0.031157717 0.096568008
v -0.072678018 0.064033940 0.067993752
v -0.062392835 0.063373654 0.092894286
v -0.072678018 0.064033940 0.067993752
v -0.059479506 0.031157717 0.096568008
v -0.073652472 0.027204457 0.054899091
v -0.072678018 0.064033940 0.067993752
v -0.043656429 0.087608393 0.090981264
v -0.062392835 0.063373654 0.092894286
v -0.043656429 0.087608393 0.090981264
v -0.072678018 0.064033940 0.067993752
v -0.050107700 0.092279909 0.072738422
v -0.050107700 0.092279909 0.072738422
v -0.010211492 0.094722207 0.089279382
v -0.043656429 0.087608393 0.090981264
v -0.010211492 0.094722207 0.089279382
v -0.050107700 0.092279909 0.072738422
v -0.013178400 0.098613878 0.058249468
v -0.027535520 0.040977419 0.284978977
v -0.017491801 0.032147097 0.272266052
v -0.061606571 0.029173985 0.275657539
v -0.017491801 0.032147097 0.272266052
v -0.061373982 0.013471502 0.260485156
v -0.061606571 0.029173985 0.275657539
v -0.061373982 0.013471502 0.260485156
v -0.094163184 0.010808370 0.273224611
v -0.061606571 0.029173985 0.275657539
v -0.094163184 0.010808370 0.273224611
v -0.061373982 0.013471502 0.260485156
v -0.088692289 -0.004240460 0.254611402
v -0.140176735 -0.004828400 0.231787146
v -0.094163184 0.010808370 0.273224611
v -0.088692289 -0.004240460 0.254611402
v -0.094163184 0.010808370 0.273224611
v -0.140176735 -0.004828400 0.231787146
v -0.136265469 -0.006541727 0.259682069
v -0.136265469 -0.006541727 0.259682069
v -0.140176735 -0.004828400 0.231787146
v -0.188912490 -0.014394316 0.239804294
v -0.183166532 -0.006035031 0.278115792
v -0.135358783 0.003192502 0.269647515
v -0.136265469 -0.006541727 0.259682069
v -0.055400790 -0.006046910 -0.055289336
v -0.002994973 0.023804811 -0.055956625
v -0.021373284 0.019647073 -0.157466933
v 0.003753479 -0.023307768 0.392026113
v 0.000891515 -0.019532674 0.379735764
v -0.021605419 -0.011852472 0.385454499
v 0.026195665 -0.016862376 0.377046666
v 0.003753479 -0.023307768 0.392026113
v 0.021450179 -0.022101195 0.392141613
v 0.003753479 -0.023307768 0.392026113
v 0.026195665 -0.016862376 0.377046666
v 0.000891515 -0.019532674 0.379735764
v 0.003753479 -0.023307768 0.392026113
v -0.021605419 -0.011852472 0.385454499
v -0.016882850 -0.007047628 0.423270840
v -0.117934445 0.013499313 -0.532880380
v -0.081724017 -0.018877037 -0.545024632
v -0.061085929 -0.008218859 -0.542882359
v 0.019959835 -0.008703087 0.305673230
v 0.021883251 -0.014991761 0.327040928
v 0.033047598 -0.017737243 0.325927387
v 0.004382550 -0.015237930 0.335007455
v -0.014282846 -0.005589716 0.343076835
v -0.019790480 -0.011466967 0.363995016
v 0.019959835 -0.008703087 0.305673230
v -0.005885864 0.002331396 0.314423216
v 0.004382550 -0.015237930 0.335007455
v 0.033047598 -0.017737243 0.325927387
v 0.021883251 -0.014991761 0.327040928
v 0.031027328 -0.015586644 0.327807879
v 0.030820530 -0.018062076 0.351272503
v 0.047614251 -0.024444425 0.350891677
v 0.042990851 -0.017217123 0.345438427
v 0.031807102 -0.019674227 0.331046402
v 0.021883251 -0.014991761 0.327040928
v 0.023159720 -0.018537507 0.332788118
v 0.041449893 -0.013565857 0.327881072
v 0.033047598 -0.017737243 0.325927387
v 0.031027328 -0.015586644 0.327807879
v 0.033047598 -0.017737243 0.325927387
v 0.041449893 -0.013565857 0.327881072
v 0.042454927 -0.014811017 0.324937727
v 0.033047598 -0.017737243 0.325927387
v 0.039918882 -0.009399543 0.303613610
v 0.019959835 -0.008703087 0.305673230
v 0.004382550 -0.015237930 0.335007455
v 0.023159720 -0.018537507 0.332788118
v 0.021883251 -0.014991761 0.327040928
v 0.004382550 -0.015237930 0.335007455
v -0.005885864 0.002331396 0.314423216
v -0.014282846 -0.005589716 0.343076835
v -0.034992972 0.013314916 0.348101423
v -0.019790480 -0.011466967 0.363995016
v -0.014282846 -0.005589716 0.343076835
v -0.019790480 -0.011466967 0.363995016
v -0.034992972 0.013314916 0.348101423
v -0.032872684 0.002529662 0.367483688
v 0.005681318 -0.022663957 0.356939611
v 0.023159720 -0.018537507 0.332788118
v 0.004382550 -0.015237930 0.335007455
v 0.031391454 -0.006071782 0.420269678
v 0.021450179 -0.022101195 0.392141613
v 0.001514021 -0.013150198 0.418370654
v 0.021450179 -0.022101195 0.392141613
v 0.031391454 -0.006071782 0.420269678
v 0.039608278 -0.015953663 0.392428933
v 0.021450179 -0.022101195 0.392141613
v 0.038944912 -0.013698729 0.376216799
v 0.026195665 -0.016862376 0.377046666
v 0.038944912 -0.013698729 0.376216799
v 0.021450179 -0.022101195 0.392141613
v 0.039608278 -0.015953663 0.392428933
v 0.038944912 -0.013698729 0.376216799
v 0.030820530 -0.018062076 0.351272503
v 0.026195665 -0.016862376 0.377046666
v 0.030820530 -0.018062076 0.351272503
v 0.038944912 -0.013698729 0.376216799
v 0.047614251 -0.024444425 0.350891677
v 0.032189999 -0.019050994 0.333515940
v 0.031807102 -0.019674227 0.331046402
v 0.023159720 -0.018537507 0.332788118
v -0.062392835 0.063373654 0.092894286
v -0.063025055 0.075212603 0.136713536
v -0.066711046 0.059115002 0.141992210
v -0.080437972 0.081537006 0.234175030
v -0.084080534 0.075051219 0.245043956
v -0.083660620 0.073167651 0.232780896
v -0.072384710 0.074295137 0.178675139
v -0.063025055 0.075212603 0.136713536
v -0.068779662 0.083955266 0.185133621
v -0.063025055 0.075212603 0.136713536
v -0.072384710 0.074295137 0.178675139
v -0.066711046 0.059115002 0.141992210
v -0.063025055 0.075212603 0.136713536
v -0.062392835 0.063373654 0.092894286
v -0.043656429 0.087608393 0.090981264
v 0.033047598 -0.017737243 0.325927387
v 0.042454927 -0.014811017 0.324937727
v 0.039918882 -0.009399543 0.303613610
v 0.002181751 0.059649893 0.290029104
v -0.022793713 0.054945372 0.288480423
v -0.046519211 0.078422153 0.267490220
v 0.041449893 -0.013565857 0.327881072
v 0.031807102 -0.019674227 0.331046402
v 0.044062369 -0.017726516 0.331935840
v 0.031807102 -0.019674227 0.331046402
v 0.041449893 -0.013565857 0.327881072
v 0.031027328 -0.015586644 0.327807879
v 0.044062369 -0.017726516 0.331935840
v 0.032189999 -0.019050994 0.333515940
v 0.043662601 -0.017393152 0.335157867
v 0.030820530 -0.018062076 0.351272503
v 0.043662601 -0.017393152 0.335157867
v 0.032189999 -0.019050994 0.333515940
v 0.043662601 -0.017393152 0.335157867
v 0.030820530 -0.018062076 0.351272503
v 0.042990851 -0.017217123 0.345438427
v -0.050383636 0.091362447 0.227261973
v -0.068779662 0.083955266 0.185133621
v -0.048799914 0.086235991 0.176175355
v -0.068779662 0.083955266 0.185133621
v -0.050383636 0.091362447 0.227261973
v -0.080437972 0.081537006 0.234175030
v -0.068779662 0.083955266 0.185133621
v -0.083660620 0.073167651 0.232780896
v -0.072384710 0.074295137 0.178675139
v -0.083660620 0.073167651 0.232780896
v -0.068779662 0.083955266 0.185133621
v -0.080437972 0.081537006 0.234175030
v -0.083660620 0.073167651 0.232780896
v -0.071539681 0.059059684 0.174034657
v -0.072384710 0.074295137 0.178675139
v -0.071539681 0.059059684 0.174034657
v -0.083660620 0.073167651 0.232780896
v -0.068693336 0.051430193 0.203127923
v -0.068693336 0.051430193 0.203127923
v -0.069891963 0.036679661 0.175032185
v -0.071539681 0.059059684 0.174034657
v -0.069891963 0.036679661 0.175032185
v -0.068693336 0.051430193 0.203127923
v -0.075346772 0.038870024 0.212883616
v -0.066378193 0.015294145 0.191360668
v -0.075346772 0.038870024 0.212883616
v -0.063145709 0.012768380 0.221522680
v -0.075346772 0.038870024 0.212883616
v -0.066378193 0.015294145 0.191360668
v -0.069891963 0.036679661 0.175032185
v -0.022986682 -0.009239863 0.143781083
v -0.045296109 -0.017932618 0.168539624
v -0.021776258 -0.016192668 0.166960816
v -0.045296109 -0.017932618 0.168539624
v -0.022986682 -0.009239863 0.143781083
v -0.046831350 -0.009877111 0.141438996
v -0.046831350 -0.009877111 0.141438996
v -0.063373762 -0.004365180 0.168729682
v -0.045296109 -0.017932618 0.168539624
v -0.063373762 -0.004365180 0.168729682
v -0.046831350 -0.009877111 0.141438996
v -0.062507733 0.006041782 0.147681554
v -0.037599705 -0.000833901 0.213347576
v -0.058498613 0.010017079 0.242620150
v -0.029815388 0.015042812 0.243122929
v -0.058498613 0.010017079 0.242620150
v -0.037599705 -0.000833901 0.213347576
v -0.063145709 0.012768380 0.221522680
v -0.093300145 0.022008170 0.221543004
v -0.058498613 0.010017079 0.242620150
v -0.063145709 0.012768380 0.221522680
v -0.058498613 0.010017079 0.242620150
v -0.093300145 0.022008170 0.221543004
v -0.089210159 0.001849630 0.234661341
v -0.089210159 0.001849630 0.234661341
v -0.093300145 0.022008170 0.221543004
v -0.140176735 -0.004828400 0.231787146
v -0.104920462 0.040885720 0.261801562
v -0.083660620 0.073167651 0.232780896
v -0.084080534 0.075051219 0.245043956
v -0.083660620 0.073167651 0.232780896
v -0.104920462 0.040885720 0.261801562
v -0.107635304 0.042105344 0.255920432
v 0.001310795 -0.002058104 0.205182827
v -0.029815388 0.015042812 0.243122929
v 0.002128801 0.008001012 0.237844068
v -0.029815388 0.015042812 0.243122929
v 0.001310795 -0.002058104 0.205182827
v -0.037599705 -0.000833901 0.213347576
v -0.042427412 0.002300785 0.134357430
v -0.062507733 0.006041782 0.147681554
v -0.046831350 -0.009877111 0.141438996
v -0.062507733 0.006041782 0.147681554
v -0.042427412 0.002300785 0.134357430
v -0.062503860 0.025086425 0.145124654
v -0.069162906 0.020925127 0.163779035
v -0.066378193 0.015294145 0.191360668
v -0.063373762 -0.004365180 0.168729682
v -0.066378193 0.015294145 0.191360668
v -0.063145709 0.012768380 0.221522680
v -0.058654360 0.004124029 0.199025855
v -0.063145709 0.012768380 0.221522680
v -0.040295881 -0.005874249 0.199006527
v -0.058654360 0.004124029 0.199025855
v -0.040295881 -0.005874249 0.199006527
v -0.063145709 0.012768380 0.221522680
v -0.037599705 -0.000833901 0.213347576
v -0.037599705 -0.000833901 0.213347576
v 0.001310795 -0.002058104 0.205182827
v -0.016890706 -0.005404461 0.189277148
v -0.010829620 -0.010125166 0.168478270
v -0.021776258 -0.016192668 0.166960816
v -0.016890706 -0.005404461 0.189277148
v -0.011965605 -0.003094774 0.145579567
v -0.021776258 -0.016192668 0.166960816
v -0.010829620 -0.010125166 0.168478270
v -0.021776258 -0.016192668 0.166960816
v -0.011965605 -0.003094774 0.145579567
v -0.022986682 -0.009239863 0.143781083
v -0.042427412 0.002300785 0.134357430
v -0.046831350 -0.009877111 0.141438996
v -0.022986682 -0.009239863 0.143781083
v -0.063373762 -0.004365180 0.168729682
v -0.062507733 0.006041782 0.147681554
v -0.069162906 0.020925127 0.163779035
v -0.069891963 0.036679661 0.175032185
v -0.066378193 0.015294145 0.191360668
v -0.069162906 0.020925127 0.163779035
v -0.062507733 0.006041782 0.147681554
v -0.062503860 0.025086425 0.145124654
v -0.069162906 0.020925127 0.163779035
v -0.035925593 0.001779771 -0.009477173
v 0.005818228 0.004110242 -0.014818579
v 0.006662313 0.005842667 -0.048835695
v -0.028487188 0.020658420 0.439456034
v -0.001520244 0.040047093 0.448957381
v 0.016613716 0.013735244 0.444563679
v -0.028487188 0.020658420 0.439456034
v -0.000119243 -0.002345470 0.432689913
v -0.016882850 -0.007047628 0.423270840
v -0.038245945 0.009291187 0.384669676
v -0.051622480 0.033967845 0.376257861
v -0.053309904 0.038621908 0.417310365
v -0.051622480 0.033967845 0.376257861
v -0.038245945 0.009291187 0.384669676
v -0.050524009 0.026721901 0.376461273
v -0.008240385 0.091910415 0.135416877
v -0.043656429 0.087608393 0.090981264
v -0.010211492 0.094722207 0.089279382
v -0.043656429 0.087608393 0.090981264
v -0.008240385 0.091910415 0.135416877
v -0.047095432 0.083882058 0.135635835
v -0.017491801 0.032147097 0.272266052
v 0.014548736 0.023458487 0.297547790
v 0.001990717 0.016050567 0.255873361
v 0.014548736 0.023458487 0.297547790
v -0.017491801 0.032147097 0.272266052
v -0.014263593 0.031245887 0.304729282
v -0.001520244 0.040047093 0.448957381
v -0.041148458 0.041185134 0.434921347
v -0.020340978 0.068557463 0.438289558
v -0.041148458 0.041185134 0.434921347
v -0.001520244 0.040047093 0.448957381
v -0.028487188 0.020658420 0.439456034
v 0.014548736 0.023458487 0.297547790
v 0.002396001 0.011407714 0.307955177
v 0.024755360 0.012966484 0.302673785
v 0.002396001 0.011407714 0.307955177
v 0.014548736 0.023458487 0.297547790
v -0.014263593 0.031245887 0.304729282
v 0.024238779 0.003189598 0.436152684
v -0.000119243 -0.002345470 0.432689913
v 0.016616593 0.013731174 0.444561673
v -0.001823471 0.092485155 0.210705121
v -0.048799914 0.086235991 0.176175355
v -0.003389854 0.088236272 0.162903033
v -0.048799914 0.086235991 0.176175355
v -0.001823471 0.092485155 0.210705121
v -0.050383636 0.091362447 0.227261973
v -0.092254548 0.071013770 -0.060235398
v -0.094223284 0.074751083 -0.089034788
v -0.037158705 0.087203773 -0.074148494
v -0.075709164 0.064628919 0.270124676
v -0.095080165 0.021260184 0.277669650
v -0.104920462 0.040885720 0.261801562
v -0.189488863 0.025879732 0.231404544
v -0.188912490 -0.014394316 0.239804294
v -0.140176735 -0.004828400 0.231787146
v -0.095080165 0.021260184 0.277669650
v -0.135358783 0.003192502 0.269647515
v -0.104920462 0.040885720 0.261801562
v -0.136265469 -0.006541727 0.259682069
v -0.135358783 0.003192502 0.269647515
v -0.095080165 0.021260184 0.277669650
v -0.022986682 -0.009239863 0.143781083
v -0.021749222 0.001173998 0.137631651
v -0.042427412 0.002300785 0.134357430
v -0.010829620 -0.010125166 0.168478270
v -0.000829180 -0.001163050 0.146454220
v -0.011965605 -0.003094774 0.145579567
v -0.000829180 -0.001163050 0.146454220
v -0.010829620 -0.010125166 0.168478270
v 0.000233389 -0.008271960 0.169071583
v -0.016890706 -0.005404461 0.189277148
v 0.000233389 -0.008271960 0.169071583
v -0.010829620 -0.010125166 0.168478270
v -0.022986682 -0.009239863 0.143781083
v -0.011965605 -0.003094774 0.145579567
v -0.021749222 0.001173998 0.137631651
v -0.016890706 -0.005404461 0.189277148
v 0.001310795 -0.002058104 0.205182827
v 0.000233389 -0.008271960 0.169071583
v -0.016890706 -0.005404461 0.189277148
v -0.040295881 -0.005874249 0.199006527
v -0.037599705 -0.000833901 0.213347576
v -0.058654360 0.004124029 0.199025855
v -0.063373762 -0.004365180 0.168729682
v -0.066378193 0.015294145 0.191360668
v -0.075346772 0.038870024 0.212883616
v -0.068693336 0.051430193 0.203127923
v -0.083660620 0.073167651 0.232780896
v -0.140176735 -0.004828400 0.231787146
v -0.093300145 0.022008170 0.221543004
v -0.145413467 0.026870066 0.229799098
v -0.145413467 0.026870066 0.229799098
v -0.107635304 0.042105344 0.255920432
v -0.135765900 0.035315649 0.270103505
v -0.107635304 0.042105344 0.255920432
v -0.145413467 0.026870066 0.229799098
v -0.093300145 0.022008170 0.221543004
v -0.182929098 0.031558286 0.278941754
v -0.135765900 0.035315649 0.270103505
v -0.135426617 0.020116704 0.274031253
v -0.104920462 0.040885720 0.261801562
v -0.135358783 0.003192502 0.269647515
v -0.135426617 0.020116704 0.274031253
v -0.135426617 0.020116704 0.274031253
v -0.183166532 -0.006035031 0.278115792
v -0.182929098 0.031558286 0.278941754
v -0.183166532 -0.006035031 0.278115792
v -0.135426617 0.020116704 0.274031253
v -0.135358783 0.003192502 0.269647515
v -0.084080534 0.075051219 0.245043956
v -0.050383636 0.091362447 0.227261973
v -0.075709164 0.064628919 0.270124676
v -0.050383636 0.091362447 0.227261973
v -0.084080534 0.075051219 0.245043956
v -0.080437972 0.081537006 0.234175030
v -0.061373982 0.013471502 0.260485156
v -0.017491801 0.032147097 0.272266052
v -0.029815388 0.015042812 0.243122929
v 0.001990717 0.016050567 0.255873361
v 0.002128801 0.008001012 0.237844068
v -0.029815388 0.015042812 0.243122929
v -0.016377034 0.003863606 0.134267281
v -0.034830702 0.008711252 0.093511783
v -0.039047026 0.001987986 0.129984839
v -0.034830702 0.008711252 0.093511783
v -0.060682461 0.025212498 0.133725839
v -0.039047026 0.001987986 0.129984839
v -0.060682461 0.025212498 0.133725839
v -0.034830702 0.008711252 0.093511783
v -0.059479506 0.031157717 0.096568008
v -0.066711046 0.059115002 0.141992210
v -0.059479506 0.031157717 0.096568008
v -0.062392835 0.063373654 0.092894286
v -0.059479506 0.031157717 0.096568008
v -0.066711046 0.059115002 0.141992210
v -0.060682461 0.025212498 0.133725839
v 0.003184789 0.009993060 0.091826089
v -0.034830702 0.008711252 0.093511783
v -0.016377034 0.003863606 0.134267281
v -0.016377034 0.003863606 0.134267281
v -0.000829180 -0.001163050 0.146454220
v 0.003184789 0.009993060 0.091826089
v -0.011965605 -0.003094774 0.145579567
v -0.016377034 0.003863606 0.134267281
v -0.021749222 0.001173998 0.137631651
v -0.016377034 0.003863606 0.134267281
v -0.011965605 -0.003094774 0.145579567
v -0.000829180 -0.001163050 0.146454220
v -0.069891963 0.036679661 0.175032185
v -0.060682461 0.025212498 0.133725839
v -0.071539681 0.059059684 0.174034657
v -0.060682461 0.025212498 0.133725839
v -0.069891963 0.036679661 0.175032185
v -0.062503860 0.025086425 0.145124654
v 0.171025134 0.023762880 -0.244322893
v 0.134937904 -0.009587603 -0.328152014
v 0.164787516 -0.017348781 -0.256545850
v 0.134937904 -0.009587603 -0.328152014
v 0.171025134 0.023762880 -0.244322893
v 0.127286522 0.019942991 -0.314194549
v 0.199667235 0.022176093 -0.204953532
v 0.164787516 -0.017348781 -0.256545850
v 0.188200828 -0.015518907 -0.199134907
v 0.164787516 -0.017348781 -0.256545850
v 0.199667235 0.022176093 -0.204953532
v 0.171025134 0.023762880 -0.244322893
v 0.152863215 0.034338241 -0.114202819
v 0.188200828 -0.015518907 -0.199134907
v 0.129140776 -0.013434728 -0.102212623
v 0.188200828 -0.015518907 -0.199134907
v 0.152863215 0.034338241 -0.114202819
v 0.199667235 0.022176093 -0.204953532
v 0.095439182 0.039130859 -0.032983633
v 0.129140776 -0.013434728 -0.102212623
v 0.056463911 -0.001412094 -0.036947531
v 0.129140776 -0.013434728 -0.102212623
v 0.095439182 0.039130859 -0.032983633
v 0.152863215 0.034338241 -0.114202819
v 0.056463911 -0.001412094 -0.036947531
v 0.044620701 0.018388461 -0.006632690
v 0.095439182 0.039130859 -0.032983633
v 0.107161611 -0.008842575 -0.397158783
v 0.127286522 0.019942991 -0.314194549
v 0.084827247 0.018075284 -0.387465285
v 0.127286522 0.019942991 -0.314194549
v 0.107161611 -0.008842575 -0.397158783
v 0.134937904 -0.009587603 -0.328152014
v 0.063331911 -0.001599359 -0.280585144
v -0.007639378 0.039982919 -0.406689419
v 0.030623766 -0.001477784 -0.343889533
v -0.007639378 0.039982919 -0.406689419
v 0.063331911 -0.001599359 -0.280585144
v 0.010280012 0.036949913 -0.336052765
v 0.026560628 0.033665304 -0.271831867
v 0.063331911 -0.001599359 -0.280585144
v 0.092779165 -0.002455161 -0.214156402
v 0.063331911 -0.001599359 -0.280585144
v 0.026560628 0.033665304 -0.271831867
v 0.010280012 0.036949913 -0.336052765
v 0.026560628 0.033665304 -0.271831867
v 0.126313224 -0.001272580 -0.201747851
v 0.036708302 0.027991518 -0.216456155
v 0.126313224 -0.001272580 -0.201747851
v 0.026560628 0.033665304 -0.271831867
v 0.092779165 -0.002455161 -0.214156402
v 0.014895283 0.048658955 -0.147074202
v 0.126313224 -0.001272580 -0.201747851
v 0.069132695 0.008366704 -0.156304918
v 0.126313224 -0.001272580 -0.201747851
v 0.014895283 0.048658955 -0.147074202
v 0.036708302 0.027991518 -0.216456155
v 0.069132695 0.008366704 -0.156304918
v -0.010964436 0.097068507 -0.082364494
v 0.014895283 0.048658955 -0.147074202
v 0.002296357 -0.002190209 -0.282710242
v 0.073192930 -0.001646802 -0.338654332
v -0.011676296 0.005703755 -0.358025575
v 0.073192930 -0.001646802 -0.338654332
v 0.002296357 -0.002190209 -0.282710242
v 0.090583854 -0.004642861 -0.262428302
v 0.000590696 -0.015357038 -0.229726376
v 0.090583854 -0.004642861 -0.262428302
v 0.002296357 -0.002190209 -0.282710242
v 0.090583854 -0.004642861 -0.262428302
v 0.000590696 -0.015357038 -0.229726376
v 0.106777092 -0.019571033 -0.214055210
v 0.008386810 -0.010889162 -0.141275650
v 0.106777092 -0.019571033 -0.214055210
v 0.000590696 -0.015357038 -0.229726376
v 0.106777092 -0.019571033 -0.214055210
v 0.008386810 -0.010889162 -0.141275650
v 0.072182051 -0.013493646 -0.123328410
v 0.018543213 -0.001964147 -0.050086012
v 0.072182051 -0.013493646 -0.123328410
v 0.008386810 -0.010889162 -0.141275650
v 0.072182051 -0.013493646 -0.123328410
v 0.018543213 -0.001964147 -0.050086012
v 0.041360880 -0.005933379 -0.043819755
v 0.005818228 0.004110242 -0.014818579
v 0.018543213 -0.001964147 -0.050086012
v -0.035925593 0.001779771 -0.009477173
v -0.011676296 0.005703755 -0.358025575
v 0.059241411 -0.002311911 -0.404213240
v -0.018579898 0.010573484 -0.428777067
v 0.059241411 -0.002311911 -0.404213240
v -0.011676296 0.005703755 -0.358025575
v 0.073192930 -0.001646802 -0.338654332
v -0.050765060 0.098497554 -0.443233208
v -0.103988277 0.074743300 -0.363006260
v -0.096803224 0.071663208 -0.440669849
v -0.103988277 0.074743300 -0.363006260
v -0.050765060 0.098497554 -0.443233208
v -0.049789396 0.092055181 -0.367140592
v -0.049789396 0.092055181 -0.367140592
v -0.104832160 0.072680506 -0.289984892
v -0.103988277 0.074743300 -0.363006260
v -0.104832160 0.072680506 -0.289984892
v -0.049789396 0.092055181 -0.367140592
v -0.051764178 0.094373879 -0.298158533
v -0.083367602 0.052692706 -0.243308537
v -0.051764178 0.094373879 -0.298158533
v -0.046581367 0.084760405 -0.242000688
v -0.051764178 0.094373879 -0.298158533
v -0.083367602 0.052692706 -0.243308537
v -0.104832160 0.072680506 -0.289984892
v -0.042156120 0.088082591 -0.152961097
v -0.083367602 0.052692706 -0.243308537
v -0.046581367 0.084760405 -0.242000688
v -0.083367602 0.052692706 -0.243308537
v -0.042156120 0.088082591 -0.152961097
v -0.091634094 0.067325161 -0.154597631
v -0.014594345 0.108468395 -0.046140585
v -0.037158705 0.087203773 -0.074148494
v -0.010964436 0.097068507 -0.082364494
v -0.037158705 0.087203773 -0.074148494
v -0.042156120 0.088082591 -0.152961097
v -0.010964436 0.097068507 -0.082364494
v -0.035925593 0.001779771 -0.009477173
v 0.018543213 -0.001964147 -0.050086012
v -0.055400790 -0.006046910 -0.055289336
v 0.018543213 -0.001964147 -0.050086012
v 0.005818228 0.004110242 -0.014818579
v 0.041360880 -0.005933379 -0.043819755
v 0.008386810 -0.010889162 -0.141275650
v -0.055400790 -0.006046910 -0.055289336
v 0.018543213 -0.001964147 -0.050086012
v -0.055400790 -0.006046910 -0.055289336
v 0.008386810 -0.010889162 -0.141275650
v -0.064185569 -0.009304447 -0.154573103
v 0.000590696 -0.015357038 -0.229726376
v -0.064185569 -0.009304447 -0.154573103
v 0.008386810 -0.010889162 -0.141275650
v -0.064185569 -0.009304447 -0.154573103
v 0.000590696 -0.015357038 -0.229726376
v -0.068456053 -0.006193508 -0.248494352
v 0.002296357 -0.002190209 -0.282710242
v -0.068456053 -0.006193508 -0.248494352
v 0.000590696 -0.015357038 -0.229726376
v -0.068456053 -0.006193508 -0.248494352
v 0.002296357 -0.002190209 -0.282710242
v -0.074332911 0.009922109 -0.289010701
v -0.011676296 0.005703755 -0.358025575
v -0.074332911 0.009922109 -0.289010701
v 0.002296357 -0.002190209 -0.282710242
v -0.074332911 0.009922109 -0.289010701
v -0.011676296 0.005703755 -0.358025575
v -0.077709102 0.021130083 -0.370697223
v -0.018579898 0.010573484 -0.428777067
v -0.077709102 0.021130083 -0.370697223
v -0.011676296 0.005703755 -0.358025575
v -0.077709102 0.021130083 -0.370697223
v -0.018579898 0.010573484 -0.428777067
v -0.083268612 0.029785241 -0.454774915
v 0.005818228 0.004110242 -0.014818579
v 0.056463911 -0.001412094 -0.036947531
v 0.041360880 -0.005933379 -0.043819755
v 0.056463911 -0.001412094 -0.036947531
v 0.005818228 0.004110242 -0.014818579
v 0.044620701 0.018388461 -0.006632690
v 0.072182051 -0.013493646 -0.123328410
v 0.056463911 -0.001412094 -0.036947531
v 0.129140776 -0.013434728 -0.102212623
v 0.056463911 -0.001412094 -0.036947531
v 0.072182051 -0.013493646 -0.123328410
v 0.041360880 -0.005933379 -0.043819755
v 0.106777092 -0.019571033 -0.214055210
v 0.129140776 -0.013434728 -0.102212623
v 0.188200828 -0.015518907 -0.199134907
v 0.129140776 -0.013434728 -0.102212623
v 0.106777092 -0.019571033 -0.214055210
v 0.072182051 -0.013493646 -0.123328410
v 0.090583854 -0.004642861 -0.262428302
v 0.188200828 -0.015518907 -0.199134907
v 0.164787516 -0.017348781 -0.256545850
v 0.188200828 -0.015518907 -0.199134907
v 0.090583854 -0.004642861 -0.262428302
v 0.106777092 -0.019571033 -0.214055210
v 0.073192930 -0.001646802 -0.338654332
v 0.164787516 -0.017348781 -0.256545850
v 0.134937904 -0.009587603 -0.328152014
v 0.164787516 -0.017348781 -0.256545850
v 0.073192930 -0.001646802 -0.338654332
v 0.090583854 -0.004642861 -0.262428302
v 0.059241411 -0.002311911 -0.404213240
v 0.134937904 -0.009587603 -0.328152014
v 0.107161611 -0.008842575 -0.397158783
v 0.134937904 -0.009587603 -0.328152014
v 0.059241411 -0.002311911 -0.404213240
v 0.073192930 -0.001646802 -0.338654332
v 0.054729818 0.078242404 -0.101135055
v 0.069132695 0.008366704 -0.156304918
v 0.087934187 0.057302585 -0.157589216
v 0.069132695 0.008366704 -0.156304918
v 0.054729818 0.078242404 -0.101135055
v 0.019924900 0.074758779 -0.076995537
v 0.069132695 0.008366704 -0.156304918
v 0.148935277 0.036018934 -0.205092615
v 0.087934187 0.057302585 -0.157589216
v 0.148935277 0.036018934 -0.205092615
v 0.069132695 0.008366704 -0.156304918
v 0.126313224 -0.001272580 -0.201747851
v 0.092779165 -0.002455161 -0.214156402
v 0.148935277 0.036018934 -0.205092615
v 0.126313224 -0.001272580 -0.201747851
v 0.148935277 0.036018934 -0.205092615
v 0.092779165 -0.002455161 -0.214156402
v 0.112403695 0.054323640 -0.221977049
v 0.063331911 -0.001599359 -0.280585144
v 0.112403695 0.054323640 -0.221977049
v 0.092779165 -0.002455161 -0.214156402
v 0.112403695 0.054323640 -0.221977049
v 0.063331911 -0.001599359 -0.280585144
v 0.080685925 0.047028276 -0.287382322
v 0.030623766 -0.001477784 -0.343889533
v 0.080685925 0.047028276 -0.287382322
v 0.063331911 -0.001599359 -0.280585144
v 0.080685925 0.047028276 -0.287382322
v 0.030623766 -0.001477784 -0.343889533
v 0.051965445 0.032983836 -0.358590716
v -0.010964436 0.097068507 -0.082364494
v -0.042156120 0.088082591 -0.152961097
v 0.014895283 0.048658955 -0.147074202
v 0.014895283 0.048658955 -0.147074202
v -0.046581367 0.084760405 -0.242000688
v 0.036708302 0.027991518 -0.216456155
v -0.046581367 0.084760405 -0.242000688
v 0.014895283 0.048658955 -0.147074202
v -0.042156120 0.088082591 -0.152961097
v 0.026560628 0.033665304 -0.271831867
v -0.046581367 0.084760405 -0.242000688
v -0.051764178 0.094373879 -0.298158533
v -0.046581367 0.084760405 -0.242000688
v 0.026560628 0.033665304 -0.271831867
v 0.036708302 0.027991518 -0.216456155
v -0.049789396 0.092055181 -0.367140592
v 0.026560628 0.033665304 -0.271831867
v -0.051764178 0.094373879 -0.298158533
v 0.026560628 0.033665304 -0.271831867
v -0.049789396 0.092055181 -0.367140592
v 0.010280012 0.036949913 -0.336052765
v -0.007639378 0.039982919 -0.406689419
v -0.049789396 0.092055181 -0.367140592
v -0.050765060 0.098497554 -0.443233208
v -0.049789396 0.092055181 -0.367140592
v -0.007639378 0.039982919 -0.406689419
v 0.010280012 0.036949913 -0.336052765
v 0.069132695 0.008366704 -0.156304918
v 0.019924900 0.074758779 -0.076995537
v -0.010964436 0.097068507 -0.082364494
v 0.019924900 0.074758779 -0.076995537
v -0.014594345 0.108468395 -0.046140585
v -0.010964436 0.097068507 -0.082364494
v -0.094223284 0.074751083 -0.089034788
v -0.042156120 0.088082591 -0.152961097
v -0.037158705 0.087203773 -0.074148494
v -0.042156120 0.088082591 -0.152961097
v -0.094223284 0.074751083 -0.089034788
v -0.091634094 0.067325161 -0.154597631
v 0.047785440 -0.006522078 0.352183425
v 0.052374586 0.001335247 0.334356796
v 0.049505144 -0.007272757 0.334445668
v 0.030820530 -0.018062076 0.351272503
v 0.023159720 -0.018537507 0.332788118
v 0.005681318 -0.022663957 0.356939611
v 0.047131519 -0.004632131 0.328672585
v 0.049969766 0.004113458 0.328549019
v 0.048528967 -0.007206391 0.326758651
v 0.004382550 -0.015237930 0.335007455
v 0.021883251 -0.014991761 0.327040928
v 0.019959835 -0.008703087 0.305673230
v 0.049969766 0.004113458 0.328549019
v 0.055995922 0.019870903 0.337778809
v 0.046399256 0.009281733 0.307092881
v 0.032189999 -0.019050994 0.333515940
v 0.044062369 -0.017726516 0.331935840
v 0.031807102 -0.019674227 0.331046402
v 0.044062369 -0.017726516 0.331935840
v 0.049505144 -0.007272757 0.334445668
v 0.050404238 -0.007023944 0.332044965
v 0.021883251 -0.014991761 0.327040928
v 0.031807102 -0.019674227 0.331046402
v 0.031027328 -0.015586644 0.327807879
v 0.050404238 -0.007023944 0.332044965
v 0.049969766 0.004113458 0.328549019
v 0.047131519 -0.004632131 0.328672585
vt 0.607613981 0.312407970
vt 0.536203027 0.308075011
vt 0.582162023 0.298696995
vt 0.598887980 0.366322994
vt 0.558381021 0.387524962
vt 0.553399026 0.364956975
vt 0.558381021 0.387524962
vt 0.598887980 0.366322994
vt 0.590888977 0.393837988
vt 0.753223002 0.238463998
vt 0.707886994 0.288816988
vt 0.697028995 0.253208041
vt 0.707886994 0.288816988
vt 0.753223002 0.238463998
vt 0.742295980 0.290917993
vt 0.666806996 0.543352008
vt 0.738160014 0.512664974
vt 0.741088986 0.536864996
vt 0.738160014 0.512664974
vt 0.666806996 0.543352008
vt 0.653144002 0.514953017
vt 0.578097999 0.527913988
vt 0.666806996 0.543352008
vt 0.617923975 0.550504982
vt 0.666806996 0.543352008
vt 0.578097999 0.527913988
vt 0.653144002 0.514953017
vt 0.543474019 0.530875027
vt 0.575740993 0.570487976
vt 0.538447976 0.574256003
vt 0.575740993 0.570487976
vt 0.543474019 0.530875027
vt 0.578097999 0.527913988
vt 0.553399026 0.364956975
vt 0.514535010 0.389885008
vt 0.514567971 0.368008018
vt 0.514535010 0.389885008
vt 0.553399026 0.364956975
vt 0.558381021 0.387524962
vt 0.741088986 0.536864996
vt 0.793744028 0.514645994
vt 0.793744028 0.550405979
vt 0.793744028 0.514645994
vt 0.741088986 0.536864996
vt 0.738160014 0.512664974
vt 0.737968028 0.441998959
vt 0.793174028 0.387587011
vt 0.792968988 0.433593988
vt 0.793174028 0.387587011
vt 0.737968028 0.441998959
vt 0.734070003 0.385779023
vt 0.570730984 0.614247978
vt 0.621474981 0.711304009
vt 0.582031012 0.710937977
vt 0.621474981 0.711304009
vt 0.570730984 0.614247978
vt 0.614980996 0.613843977
vt 0.621474981 0.711304009
vt 0.594585001 0.772382975
vt 0.582031012 0.710937977
vt 0.594585001 0.772382975
vt 0.621474981 0.711304009
vt 0.632080972 0.775614977
vt 0.785194993 0.617240012
vt 0.729484975 0.701014996
vt 0.737806976 0.630614996
vt 0.729484975 0.701014996
vt 0.785194993 0.617240012
vt 0.776166022 0.700488985
vt 0.776166022 0.700488985
vt 0.723013997 0.771606982
vt 0.729484975 0.701014996
vt 0.723013997 0.771606982
vt 0.776166022 0.700488985
vt 0.770237029 0.770994008
vt 0.729484975 0.701014996
vt 0.680325985 0.628423989
vt 0.737806976 0.630614996
vt 0.680325985 0.628423989
vt 0.729484975 0.701014996
vt 0.677106977 0.704452991
vt 0.729484975 0.701014996
vt 0.676079988 0.771239996
vt 0.677106977 0.704452991
vt 0.676079988 0.771239996
vt 0.729484975 0.701014996
vt 0.723013997 0.771606982
vt 0.680325985 0.628423989
vt 0.621474981 0.711304009
vt 0.614980996 0.613843977
vt 0.621474981 0.711304009
vt 0.680325985 0.628423989
vt 0.677106977 0.704452991
vt 0.677106977 0.704452991
vt 0.632080972 0.775614977
vt 0.621474981 0.711304009
vt 0.632080972 0.775614977
vt 0.677106977 0.704452991
vt 0.676079988 0.771239996
vt 0.662109017 0.208864987
vt 0.632812977 0.173828006
vt 0.628169000 0.212080002
vt 0.632812977 0.173828006
vt 0.662109017 0.208864987
vt 0.658203006 0.173828006
vt 0.604835987 0.832772970
vt 0.658098996 0.897114992
vt 0.618692994 0.900777996
vt 0.658098996 0.897114992
vt 0.604835987 0.832772970
vt 0.645147979 0.829253972
vt 0.618692994 0.900777996
vt 0.667169988 0.981710017
vt 0.636892974 0.982919991
vt 0.667169988 0.981710017
vt 0.618692994 0.900777996
vt 0.658098996 0.897114992
vt 0.759720027 0.829608023
vt 0.722441971 0.898123026
vt 0.725099027 0.826837003
vt 0.722441971 0.898123026
vt 0.759720027 0.829608023
vt 0.751936972 0.899587989
vt 0.751936972 0.899587989
vt 0.710021019 0.980964005
vt 0.722441971 0.898123026
vt 0.710021019 0.980964005
vt 0.751936972 0.899587989
vt 0.738355994 0.981037021
vt 0.725099027 0.826837003
vt 0.681245029 0.889396012
vt 0.676657975 0.821501970
vt 0.681245029 0.889396012
vt 0.725099027 0.826837003
vt 0.722441971 0.898123026
vt 0.722441971 0.898123026
vt 0.688197017 0.982357979
vt 0.681245029 0.889396012
vt 0.688197017 0.982357979
vt 0.722441971 0.898123026
vt 0.710021019 0.980964005
vt 0.676657975 0.821501970
vt 0.658098996 0.897114992
vt 0.645147979 0.829253972
vt 0.658098996 0.897114992
vt 0.676657975 0.821501970
vt 0.681245029 0.889396012
vt 0.681245029 0.889396012
vt 0.667169988 0.981710017
vt 0.658098996 0.897114992
vt 0.667169988 0.981710017
vt 0.681245029 0.889396012
vt 0.688197017 0.982357979
vt 0.614980996 0.613843977
vt 0.575740993 0.570487976
vt 0.620562971 0.579429984
vt 0.575740993 0.570487976
vt 0.614980996 0.613843977
vt 0.570730984 0.614247978
vt 0.538447976 0.574256003
vt 0.525065005 0.615406990
vt 0.500020027 0.602010012
vt 0.741088986 0.536864996
vt 0.668416977 0.571828008
vt 0.666806996 0.543352008
vt 0.668416977 0.571828008
vt 0.741088986 0.536864996
vt 0.743741989 0.571488976
vt 0.743741989 0.571488976
vt 0.678894997 0.599689007
vt 0.668416977 0.571828008
vt 0.678894997 0.599689007
vt 0.743741989 0.571488976
vt 0.741259992 0.610526979
vt 0.741259992 0.610526979
vt 0.737806976 0.630614996
vt 0.678894997 0.599689007
vt 0.604835987 0.832772970
vt 0.632080972 0.775614977
vt 0.645147979 0.829253972
vt 0.632080972 0.775614977
vt 0.604835987 0.832772970
vt 0.594585001 0.772382975
vt 0.645147979 0.829253972
vt 0.676079988 0.771239996
vt 0.676657975 0.821501970
vt 0.676079988 0.771239996
vt 0.645147979 0.829253972
vt 0.632080972 0.775614977
vt 0.676079988 0.771239996
vt 0.725099027 0.826837003
vt 0.676657975 0.821501970
vt 0.725099027 0.826837003
vt 0.676079988 0.771239996
vt 0.723013997 0.771606982
vt 0.723013997 0.771606982
vt 0.759720027 0.829608023
vt 0.725099027 0.826837003
vt 0.759720027 0.829608023
vt 0.723013997 0.771606982
vt 0.770237029 0.770994008
vt 0.666806996 0.543352008
vt 0.620562971 0.579429984
vt 0.617923975 0.550504982
vt 0.620562971 0.579429984
vt 0.666806996 0.543352008
vt 0.668416977 0.571828008
vt 0.668416977 0.571828008
vt 0.614980996 0.613843977
vt 0.620562971 0.579429984
vt 0.614980996 0.613843977
vt 0.668416977 0.571828008
vt 0.678894997 0.599689007
vt 0.678894997 0.599689007
vt 0.680325985 0.628423989
vt 0.614980996 0.613843977
vt 0.736979008 0.490553975
vt 0.673708975 0.444527030
vt 0.737968028 0.441998959
vt 0.649137020 0.437250018
vt 0.595350981 0.446959972
vt 0.647917986 0.382986009
vt 0.598990023 0.433920026
vt 0.552788973 0.445852995
vt 0.553619027 0.440935016
vt 0.552788973 0.445852995
vt 0.598990023 0.433920026
vt 0.595350981 0.446959972
vt 0.552788973 0.445852995
vt 0.521327019 0.436501026
vt 0.553619027 0.440935016
vt 0.521327019 0.436501026
vt 0.552788973 0.445852995
vt 0.521516979 0.440953016
vt 0.863281012 0.105113983
vt 0.843750000 0.177734017
vt 0.844237983 0.124655008
vt 0.868164003 0.168945014
vt 0.845703006 0.250977039
vt 0.843750000 0.177734017
vt 0.845703006 0.250977039
vt 0.868164003 0.168945014
vt 0.868164003 0.243164003
vt 0.928710997 0.116178989
vt 0.957031012 0.144531012
vt 0.929687023 0.157226980
vt 0.957031012 0.144531012
vt 0.928710997 0.116178989
vt 0.956054986 0.113349974
vt 0.957031012 0.144531012
vt 0.928710997 0.224609017
vt 0.929687023 0.157226980
vt 0.928710997 0.224609017
vt 0.957031012 0.144531012
vt 0.951171994 0.231445014
vt 0.906455994 0.095600009
vt 0.928710997 0.116178989
vt 0.914062023 0.124616981
vt 0.928710997 0.116178989
vt 0.906455994 0.095600009
vt 0.927734017 0.092535019
vt 0.929687023 0.157226980
vt 0.895507991 0.232421994
vt 0.893554986 0.159179986
vt 0.895507991 0.232421994
vt 0.929687023 0.157226980
vt 0.928710997 0.224609017
vt 0.885742009 0.114257991
vt 0.893554986 0.159179986
vt 0.868164003 0.168945014
vt 0.893554986 0.159179986
vt 0.868164003 0.243164003
vt 0.868164003 0.168945014
vt 0.868164003 0.243164003
vt 0.893554986 0.159179986
vt 0.895507991 0.232421994
vt 0.868164003 0.286132991
vt 0.850585997 0.393554986
vt 0.846679986 0.293945014
vt 0.850585997 0.393554986
vt 0.868164003 0.286132991
vt 0.869140983 0.390625000
vt 0.869140983 0.390625000
vt 0.849609017 0.458984017
vt 0.850585997 0.393554986
vt 0.849609017 0.458984017
vt 0.869140983 0.390625000
vt 0.871093988 0.458007991
vt 0.950195014 0.274414003
vt 0.916992009 0.369140983
vt 0.925781012 0.271484017
vt 0.916992009 0.369140983
vt 0.950195014 0.274414003
vt 0.955078006 0.381835997
vt 0.955078006 0.381835997
vt 0.910156012 0.453125000
vt 0.916992009 0.369140983
vt 0.910156012 0.453125000
vt 0.955078006 0.381835997
vt 0.951171994 0.455078006
vt 0.925781012 0.271484017
vt 0.893554986 0.381835997
vt 0.896484017 0.276367009
vt 0.893554986 0.381835997
vt 0.925781012 0.271484017
vt 0.916992009 0.369140983
vt 0.916992009 0.369140983
vt 0.890625000 0.454102039
vt 0.893554986 0.381835997
vt 0.890625000 0.454102039
vt 0.916992009 0.369140983
vt 0.910156012 0.453125000
vt 0.896484017 0.276367009
vt 0.869140983 0.390625000
vt 0.868164003 0.286132991
vt 0.869140983 0.390625000
vt 0.896484017 0.276367009
vt 0.893554986 0.381835997
vt 0.893554986 0.381835997
vt 0.871093988 0.458007991
vt 0.869140983 0.390625000
vt 0.871093988 0.458007991
vt 0.893554986 0.381835997
vt 0.890625000 0.454102039
vt 0.949814975 0.581312001
vt 0.914524972 0.568072021
vt 0.947265983 0.577148020
vt 0.914524972 0.568072021
vt 0.949814975 0.581312001
vt 0.918862998 0.591364980
vt 0.993164003 0.526367009
vt 0.976562023 0.552734017
vt 0.975585997 0.535156012
vt 0.976562023 0.552734017
vt 0.993164003 0.526367009
vt 0.994140983 0.541992009
vt 0.909179986 0.484375000
vt 0.950195014 0.518688023
vt 0.913519025 0.525945008
vt 0.950195014 0.518688023
vt 0.909179986 0.484375000
vt 0.964843988 0.491210997
vt 0.909179986 0.484375000
vt 0.898325980 0.529606998
vt 0.889648020 0.487304986
vt 0.898325980 0.529606998
vt 0.909179986 0.484375000
vt 0.913519025 0.525945008
vt 0.851562977 0.492187977
vt 0.898325980 0.529606998
vt 0.856013000 0.522361994
vt 0.898325980 0.529606998
vt 0.851562977 0.492187977
vt 0.889648020 0.487304986
vt 0.895507991 0.232421994
vt 0.868164003 0.286132991
vt 0.868164003 0.243164003
vt 0.868164003 0.286132991
vt 0.895507991 0.232421994
vt 0.896484017 0.276367009
vt 0.868164003 0.243164003
vt 0.846679986 0.293945014
vt 0.845703006 0.250977039
vt 0.846679986 0.293945014
vt 0.868164003 0.243164003
vt 0.868164003 0.286132991
vt 0.928710997 0.224609017
vt 0.950195014 0.274414003
vt 0.925781012 0.271484017
vt 0.950195014 0.274414003
vt 0.928710997 0.224609017
vt 0.951171994 0.231445014
vt 0.925781012 0.271484017
vt 0.895507991 0.232421994
vt 0.928710997 0.224609017
vt 0.895507991 0.232421994
vt 0.925781012 0.271484017
vt 0.896484017 0.276367009
vt 0.895507991 0.072111011
vt 0.885742009 0.114257991
vt 0.888191998 0.072624981
vt 0.888191998 0.072624981
vt 0.902343988 0.020507991
vt 0.895507991 0.072111011
vt 0.902343988 0.020507991
vt 0.888191998 0.072624981
vt 0.885742009 0.021484017
vt 0.673708975 0.444527030
vt 0.734070003 0.385779023
vt 0.737968028 0.441998959
vt 0.734070003 0.385779023
vt 0.673708975 0.444527030
vt 0.695272028 0.381792009
vt 0.697028995 0.253208041
vt 0.726718009 0.226230979
vt 0.753223002 0.238463998
vt 0.871505022 0.084971011
vt 0.858398020 0.022460997
vt 0.869140983 0.021484017
vt 0.858398020 0.022460997
vt 0.871505022 0.084971011
vt 0.861688018 0.081054986
vt 0.863281012 0.105113983
vt 0.861688018 0.081054986
vt 0.871505022 0.084971011
vt 0.707886994 0.288816988
vt 0.742295980 0.290917993
vt 0.733277977 0.326631010
vt 0.733277977 0.326631010
vt 0.793013990 0.282948971
vt 0.792899013 0.341328025
vt 0.793013990 0.282948971
vt 0.733277977 0.326631010
vt 0.742295980 0.290917993
vt 0.895507991 0.072111011
vt 0.902343988 0.020507991
vt 0.913085997 0.056640983
vt 0.906455994 0.095600009
vt 0.913085997 0.056640983
vt 0.913085997 0.081054986
vt 0.927734017 0.092535019
vt 0.940891981 0.043945014
vt 0.955078006 0.076703012
vt 0.940891981 0.043945014
vt 0.927734017 0.092535019
vt 0.927734017 0.077148020
vt 0.953125000 0.023437977
vt 0.955078006 0.076703012
vt 0.940891981 0.043945014
vt 0.607545018 0.396968007
vt 0.622389972 0.390200019
vt 0.598990023 0.433920026
vt 0.647917986 0.382986009
vt 0.661548018 0.377261996
vt 0.649137020 0.437250018
vt 0.871093988 0.458007991
vt 0.829101980 0.479492009
vt 0.849609017 0.458984017
vt 0.829101980 0.479492009
vt 0.871093988 0.458007991
vt 0.851562977 0.492187977
vt 0.871093988 0.458007991
vt 0.889648020 0.487304986
vt 0.851562977 0.492187977
vt 0.889648020 0.487304986
vt 0.871093988 0.458007991
vt 0.890625000 0.454102039
vt 0.890625000 0.454102039
vt 0.909179986 0.484375000
vt 0.889648020 0.487304986
vt 0.909179986 0.484375000
vt 0.890625000 0.454102039
vt 0.910156012 0.453125000
vt 0.909179986 0.484375000
vt 0.951171994 0.455078006
vt 0.964843988 0.491210997
vt 0.951171994 0.455078006
vt 0.909179986 0.484375000
vt 0.910156012 0.453125000
vt 0.753223002 0.238463998
vt 0.727508008 0.191477001
vt 0.758325994 0.187471032
vt 0.727508008 0.191477001
vt 0.753223002 0.238463998
vt 0.726718009 0.226230979
vt 0.793006003 0.254356027
vt 0.758325994 0.187471032
vt 0.793052018 0.186818004
vt 0.758325994 0.187471032
vt 0.793006003 0.254356027
vt 0.753223002 0.238463998
vt 0.913519025 0.525945008
vt 0.947265983 0.577148020
vt 0.914524972 0.568072021
vt 0.947265983 0.577148020
vt 0.913519025 0.525945008
vt 0.950195014 0.518688023
vt 0.950195014 0.518688023
vt 0.949814975 0.581312001
vt 0.947265983 0.577148020
vt 0.949814975 0.581312001
vt 0.950195014 0.518688023
vt 0.955757022 0.524158001
vt 0.865234017 0.582031012
vt 0.898325980 0.529606998
vt 0.896185994 0.572924018
vt 0.898325980 0.529606998
vt 0.865234017 0.582031012
vt 0.856013000 0.522361994
vt 0.896185994 0.572924018
vt 0.913519025 0.525945008
vt 0.914524972 0.568072021
vt 0.913519025 0.525945008
vt 0.896185994 0.572924018
vt 0.898325980 0.529606998
vt 0.851562977 0.492187977
vt 0.809570014 0.530273020
vt 0.829101980 0.479492009
vt 0.809570014 0.530273020
vt 0.851562977 0.492187977
vt 0.829101980 0.528320014
vt 0.983398020 0.511718988
vt 0.950195014 0.518688023
vt 0.964843988 0.491210997
vt 0.950195014 0.518688023
vt 0.983398020 0.511718988
vt 0.959960997 0.518554986
vt 0.950195014 0.518688023
vt 0.962890983 0.536132991
vt 0.955757022 0.524158001
vt 0.962890983 0.536132991
vt 0.950195014 0.518688023
vt 0.959960997 0.518554986
vt 0.847656012 0.523437977
vt 0.851562977 0.492187977
vt 0.856013000 0.522361994
vt 0.851562977 0.492187977
vt 0.847656012 0.523437977
vt 0.829101980 0.528320014
vt 0.829101980 0.528320014
vt 0.804687977 0.566406012
vt 0.809570014 0.530273020
vt 0.804687977 0.566406012
vt 0.829101980 0.528320014
vt 0.815429986 0.565429986
vt 0.983398020 0.511718988
vt 0.975585997 0.535156012
vt 0.959960997 0.518554986
vt 0.975585997 0.535156012
vt 0.983398020 0.511718988
vt 0.993164003 0.526367009
vt 0.959960997 0.518554986
vt 0.976562023 0.552734017
vt 0.962890983 0.536132991
vt 0.976562023 0.552734017
vt 0.959960997 0.518554986
vt 0.975585997 0.535156012
vt 0.847656012 0.523437977
vt 0.815429986 0.565429986
vt 0.829101980 0.528320014
vt 0.815429986 0.565429986
vt 0.847656012 0.523437977
vt 0.837890983 0.565429986
vt 0.702148020 0.123046994
vt 0.667968988 0.160156012
vt 0.666015983 0.140625000
vt 0.667968988 0.160156012
vt 0.702148020 0.123046994
vt 0.705078006 0.134765983
vt 0.645507991 0.011718988
vt 0.623046994 0.047851980
vt 0.639694989 0.004238009
vt 0.623046994 0.047851980
vt 0.645507991 0.011718988
vt 0.633789003 0.050781012
vt 0.655273020 0.027343988
vt 0.689453006 0.012695014
vt 0.683593988 0.028320014
vt 0.689453006 0.012695014
vt 0.655273020 0.027343988
vt 0.645507991 0.011718988
vt 0.718750000 0.045898020
vt 0.689453006 0.012695014
vt 0.697099984 0.004357994
vt 0.689453006 0.012695014
vt 0.718750000 0.045898020
vt 0.704101980 0.047851980
vt 0.666015983 0.069335997
vt 0.702148020 0.123046994
vt 0.666015983 0.140625000
vt 0.702148020 0.123046994
vt 0.666015983 0.069335997
vt 0.685546994 0.049804986
vt 0.623046994 0.047851980
vt 0.632812977 0.134765983
vt 0.621093988 0.150390983
vt 0.632812977 0.134765983
vt 0.623046994 0.047851980
vt 0.633789003 0.050781012
vt 0.628169000 0.212080002
vt 0.669470012 0.270747006
vt 0.662109017 0.208864987
vt 0.669470012 0.270747006
vt 0.628169000 0.212080002
vt 0.618164003 0.292968988
vt 0.718750000 0.045898020
vt 0.702148020 0.123046994
vt 0.704101980 0.047851980
vt 0.702148020 0.123046994
vt 0.718750000 0.045898020
vt 0.705078006 0.134765983
vt 0.538447976 0.574256003
vt 0.570730984 0.614247978
vt 0.525065005 0.615406990
vt 0.575740993 0.570487976
vt 0.570730984 0.614247978
vt 0.538447976 0.574256003
vt 0.570730984 0.614247978
vt 0.582031012 0.710937977
vt 0.536706984 0.710126996
vt 0.582031012 0.710937977
vt 0.551844001 0.772491992
vt 0.536706984 0.710126996
vt 0.551844001 0.772491992
vt 0.582031012 0.710937977
vt 0.594585001 0.772382975
vt 0.594585001 0.772382975
vt 0.565284014 0.844084024
vt 0.551844001 0.772491992
vt 0.565284014 0.844084024
vt 0.594585001 0.772382975
vt 0.604835987 0.832772970
vt 0.565284014 0.844084024
vt 0.618692994 0.900777996
vt 0.585138977 0.909156978
vt 0.618692994 0.900777996
vt 0.565284014 0.844084024
vt 0.604835987 0.832772970
vt 0.585138977 0.909156978
vt 0.636892974 0.982919991
vt 0.613273978 0.983712018
vt 0.636892974 0.982919991
vt 0.585138977 0.909156978
vt 0.618692994 0.900777996
vt 0.666015983 0.069335997
vt 0.632812977 0.134765983
vt 0.653320014 0.052734017
vt 0.632812977 0.134765983
vt 0.666015983 0.069335997
vt 0.666015983 0.140625000
vt 0.666015983 0.140625000
vt 0.621093988 0.150390983
vt 0.632812977 0.134765983
vt 0.621093988 0.150390983
vt 0.666015983 0.140625000
vt 0.667968988 0.160156012
vt 0.632812977 0.134765983
vt 0.633789003 0.050781012
vt 0.653320014 0.052734017
vt 0.653320014 0.052734017
vt 0.645507991 0.011718988
vt 0.655273020 0.027343988
vt 0.645507991 0.011718988
vt 0.653320014 0.052734017
vt 0.633789003 0.050781012
vt 0.689453006 0.012695014
vt 0.639694989 0.004238009
vt 0.697099984 0.004357994
vt 0.639694989 0.004238009
vt 0.689453006 0.012695014
vt 0.645507991 0.011718988
vt 0.683593988 0.028320014
vt 0.704101980 0.047851980
vt 0.685546994 0.049804986
vt 0.704101980 0.047851980
vt 0.683593988 0.028320014
vt 0.689453006 0.012695014
vt 0.704101980 0.047851980
vt 0.702148020 0.123046994
vt 0.685546994 0.049804986
vt 0.578097999 0.527913988
vt 0.617923975 0.550504982
vt 0.575740993 0.570487976
vt 0.617923975 0.550504982
vt 0.620562971 0.579429984
vt 0.575740993 0.570487976
vt 0.525065005 0.615406990
vt 0.500000000 0.645353019
vt 0.500020027 0.602010012
vt 0.562582016 0.203981996
vt 0.522579014 0.234095991
vt 0.544766009 0.208911002
vt 0.522579014 0.234095991
vt 0.562582016 0.203981996
vt 0.531684995 0.246963024
vt 0.725818992 0.150959969
vt 0.758325994 0.187471032
vt 0.727508008 0.191477001
vt 0.758325994 0.187471032
vt 0.725818992 0.150959969
vt 0.757622004 0.148070991
vt 0.555960000 0.040956974
vt 0.500020027 0.032590032
vt 0.500020027 0.032590032
vt 0.500020027 0.032590032
vt 0.555960000 0.040956974
vt 0.523550987 0.059907973
vt 0.527616978 0.122007012
vt 0.511723995 0.120523989
vt 0.521354020 0.081624031
vt 0.562582016 0.203981996
vt 0.546370029 0.180019021
vt 0.569086015 0.180381000
vt 0.546370029 0.180019021
vt 0.562582016 0.203981996
vt 0.544766009 0.208911002
vt 0.573680997 0.199554980
vt 0.569086015 0.180381000
vt 0.591584980 0.156589031
vt 0.569086015 0.180381000
vt 0.573680997 0.199554980
vt 0.562582016 0.203981996
vt 0.564490974 0.138047993
vt 0.546214998 0.082282007
vt 0.572145998 0.082014024
vt 0.546214998 0.082282007
vt 0.564490974 0.138047993
vt 0.547514975 0.120537996
vt 0.564490974 0.138047993
vt 0.572145998 0.082014024
vt 0.608363986 0.098655999
vt 0.757622004 0.148070991
vt 0.723725975 0.108739972
vt 0.761390984 0.102984011
vt 0.723725975 0.108739972
vt 0.757622004 0.148070991
vt 0.725818992 0.150959969
vt 0.793142021 0.100796998
vt 0.758722007 0.054843009
vt 0.793163002 0.054886997
vt 0.758722007 0.054843009
vt 0.793142021 0.100796998
vt 0.761390984 0.102984011
vt 0.573680997 0.199554980
vt 0.531684995 0.246963024
vt 0.562582016 0.203981996
vt 0.546214998 0.082282007
vt 0.527616978 0.122007012
vt 0.521354020 0.081624031
vt 0.549012005 0.158769011
vt 0.531343997 0.179243982
vt 0.522634983 0.154989004
vt 0.544766009 0.208911002
vt 0.522579014 0.234095991
vt 0.519268990 0.215406001
vt 0.519268990 0.215406001
vt 0.500020027 0.236706018
vt 0.500020027 0.217769980
vt 0.500020027 0.236706018
vt 0.519268990 0.215406001
vt 0.522579014 0.234095991
vt 0.523550987 0.059907973
vt 0.546214998 0.082282007
vt 0.521354020 0.081624031
vt 0.555960000 0.040956974
vt 0.608363986 0.098655999
vt 0.572145998 0.082014024
vt 0.608363986 0.098655999
vt 0.555960000 0.040956974
vt 0.570107996 0.034664989
vt 0.758722007 0.054843009
vt 0.793951988 0.023517013
vt 0.793163002 0.054886997
vt 0.793951988 0.023517013
vt 0.758722007 0.054843009
vt 0.739863992 0.021135986
vt 0.546214998 0.082282007
vt 0.555960000 0.040956974
vt 0.572145998 0.082014024
vt 0.793052018 0.186818004
vt 0.757622004 0.148070991
vt 0.793096006 0.135722995
vt 0.757622004 0.148070991
vt 0.793052018 0.186818004
vt 0.758325994 0.187471032
vt 0.793096006 0.135722995
vt 0.761390984 0.102984011
vt 0.793142021 0.100796998
vt 0.761390984 0.102984011
vt 0.793096006 0.135722995
vt 0.757622004 0.148070991
vt 0.758722007 0.054843009
vt 0.723725975 0.108739972
vt 0.732288003 0.050693989
vt 0.723725975 0.108739972
vt 0.758722007 0.054843009
vt 0.761390984 0.102984011
vt 0.739863992 0.021135986
vt 0.758722007 0.054843009
vt 0.732288003 0.050693989
vt 0.603753984 0.021014988
vt 0.622866988 0.022050023
vt 0.603078008 0.057325006
vt 0.622866988 0.022050023
vt 0.603753984 0.021014988
vt 0.612583995 0.001823008
vt 0.569086015 0.180381000
vt 0.578369021 0.156785011
vt 0.591584980 0.156589031
vt 0.578369021 0.156785011
vt 0.569086015 0.180381000
vt 0.572727025 0.171406031
vt 0.591584980 0.156589031
vt 0.574169993 0.147350013
vt 0.564490974 0.138047993
vt 0.574169993 0.147350013
vt 0.591584980 0.156589031
vt 0.578369021 0.156785011
vt 0.591663003 0.001451015
vt 0.603753984 0.021014988
vt 0.579833984 0.025402009
vt 0.603753984 0.021014988
vt 0.591663003 0.001451015
vt 0.612583995 0.001823008
vt 0.579833984 0.025402009
vt 0.603078008 0.057325006
vt 0.593248010 0.059629023
vt 0.603078008 0.057325006
vt 0.579833984 0.025402009
vt 0.603753984 0.021014988
vt 0.525273979 0.134815991
vt 0.549012005 0.158769011
vt 0.522634983 0.154989004
vt 0.549012005 0.158769011
vt 0.525273979 0.134815991
vt 0.547514975 0.120537996
vt 0.549012005 0.158769011
vt 0.564490974 0.138047993
vt 0.562406003 0.156978965
vt 0.564490974 0.138047993
vt 0.549012005 0.158769011
vt 0.547514975 0.120537996
vt 0.531684995 0.246963024
vt 0.581135988 0.256965041
vt 0.530339003 0.293115020
vt 0.581135988 0.256965041
vt 0.531684995 0.246963024
vt 0.583387017 0.230322003
vt 0.726718009 0.226230979
vt 0.697028995 0.253208041
vt 0.680526018 0.231020987
vt 0.583387017 0.230322003
vt 0.573680997 0.199554980
vt 0.598942995 0.199389994
vt 0.573680997 0.199554980
vt 0.583387017 0.230322003
vt 0.531684995 0.246963024
vt 0.598942995 0.199389994
vt 0.591584980 0.156589031
vt 0.608635008 0.156174004
vt 0.591584980 0.156589031
vt 0.598942995 0.199389994
vt 0.573680997 0.199554980
vt 0.536203027 0.308075011
vt 0.500020027 0.295863986
vt 0.530339003 0.293115020
vt 0.538447976 0.574256003
vt 0.500020027 0.531394005
vt 0.543474019 0.530875027
vt 0.500020027 0.531394005
vt 0.538447976 0.574256003
vt 0.500020027 0.577425003
vt 0.793744028 0.550405979
vt 0.743741989 0.571488976
vt 0.741088986 0.536864996
vt 0.743741989 0.571488976
vt 0.793744028 0.550405979
vt 0.793744028 0.574527025
vt 0.743741989 0.571488976
vt 0.793744028 0.589537978
vt 0.741259992 0.610526979
vt 0.793744028 0.589537978
vt 0.743741989 0.571488976
vt 0.793744028 0.574527025
vt 0.793744028 0.589537978
vt 0.737806976 0.630614996
vt 0.741259992 0.610526979
vt 0.737806976 0.630614996
vt 0.793744028 0.589537978
vt 0.783919990 0.603685975
vt 0.793006003 0.254356027
vt 0.793013990 0.282948971
vt 0.742295980 0.290917993
vt 0.783919990 0.603685975
vt 0.784610987 0.610082984
vt 0.737806976 0.630614996
vt 0.737806976 0.630614996
vt 0.784610987 0.610082984
vt 0.785194993 0.617240012
vt 0.516722977 0.180070996
vt 0.511838019 0.164178014
vt 0.522634983 0.154989004
vt 0.521354020 0.081624031
vt 0.500020027 0.061884999
vt 0.523550987 0.059907973
vt 0.500020027 0.061884999
vt 0.521354020 0.081624031
vt 0.500020027 0.085316002
vt 0.522634983 0.154989004
vt 0.506639004 0.136963010
vt 0.525273979 0.134815991
vt 0.506639004 0.136963010
vt 0.522634983 0.154989004
vt 0.511838019 0.164178014
vt 0.500020027 0.484166980
vt 0.543474019 0.530875027
vt 0.500020027 0.531394005
vt 0.543474019 0.530875027
vt 0.500020027 0.484166980
vt 0.551288009 0.483273029
vt 0.551288009 0.483273029
vt 0.578097999 0.527913988
vt 0.543474019 0.530875027
vt 0.578097999 0.527913988
vt 0.551288009 0.483273029
vt 0.583743989 0.482629001
vt 0.583743989 0.482629001
vt 0.653144002 0.514953017
vt 0.578097999 0.527913988
vt 0.653144002 0.514953017
vt 0.583743989 0.482629001
vt 0.652957022 0.490752995
vt 0.653144002 0.514953017
vt 0.736979008 0.490553975
vt 0.738160014 0.512664974
vt 0.736979008 0.490553975
vt 0.653144002 0.514953017
vt 0.652957022 0.490752995
vt 0.738160014 0.512664974
vt 0.793686986 0.491881967
vt 0.793744028 0.514645994
vt 0.793686986 0.491881967
vt 0.738160014 0.512664974
vt 0.736979008 0.490553975
vt 0.581135988 0.256965041
vt 0.584114015 0.276551008
vt 0.530339003 0.293115020
vt 0.530339003 0.293115020
vt 0.584114015 0.276551008
vt 0.582162023 0.298696995
vt 0.869140983 0.021484017
vt 0.888191998 0.072624981
vt 0.871505022 0.084971011
vt 0.888191998 0.072624981
vt 0.869140983 0.021484017
vt 0.885742009 0.021484017
vt 0.888191998 0.072624981
vt 0.863281012 0.105113983
vt 0.871505022 0.084971011
vt 0.863281012 0.105113983
vt 0.888191998 0.072624981
vt 0.885742009 0.114257991
vt 0.885742009 0.114257991
vt 0.868164003 0.168945014
vt 0.863281012 0.105113983
vt 0.893554986 0.159179986
vt 0.885742009 0.114257991
vt 0.895425975 0.108398020
vt 0.570730984 0.614247978
vt 0.536706984 0.710126996
vt 0.525065005 0.615406990
vt 0.527616978 0.122007012
vt 0.547514975 0.120537996
vt 0.525273979 0.134815991
vt 0.506639004 0.136963010
vt 0.527616978 0.122007012
vt 0.525273979 0.134815991
vt 0.527616978 0.122007012
vt 0.506639004 0.136963010
vt 0.511723995 0.120523989
vt 0.527616978 0.122007012
vt 0.546214998 0.082282007
vt 0.547514975 0.120537996
vt 0.669470012 0.270747006
vt 0.618164003 0.292968988
vt 0.643554986 0.300781012
vt 0.519268990 0.215406001
vt 0.507490993 0.190946996
vt 0.516713977 0.185990989
vt 0.531343997 0.179243982
vt 0.549012005 0.158769011
vt 0.546370029 0.180019021
vt 0.519268990 0.215406001
vt 0.531343997 0.179243982
vt 0.544766009 0.208911002
vt 0.511838019 0.164178014
vt 0.500020027 0.166987002
vt 0.500020027 0.164115012
vt 0.516713977 0.185990989
vt 0.508843005 0.180235982
vt 0.516722977 0.180070996
vt 0.500020027 0.185442984
vt 0.507490993 0.190946996
vt 0.500020027 0.191702008
vt 0.507490993 0.190946996
vt 0.500020027 0.185442984
vt 0.508211017 0.185365021
vt 0.507490993 0.190946996
vt 0.519268990 0.215406001
vt 0.500020027 0.217769980
vt 0.531343997 0.179243982
vt 0.516713977 0.185990989
vt 0.516722977 0.180070996
vt 0.531343997 0.179243982
vt 0.546370029 0.180019021
vt 0.544766009 0.208911002
vt 0.569086015 0.180381000
vt 0.549012005 0.158769011
vt 0.562406003 0.156978965
vt 0.549012005 0.158769011
vt 0.569086015 0.180381000
vt 0.546370029 0.180019021
vt 0.522634983 0.154989004
vt 0.531343997 0.179243982
vt 0.516722977 0.180070996
vt 0.500020027 0.085316002
vt 0.511723995 0.120523989
vt 0.500020027 0.121057987
vt 0.511723995 0.120523989
vt 0.500020027 0.085316002
vt 0.521354020 0.081624031
vt 0.511723995 0.120523989
vt 0.500020027 0.136561990
vt 0.500020027 0.121057987
vt 0.500020027 0.136561990
vt 0.511723995 0.120523989
vt 0.506639004 0.136963010
vt 0.500020027 0.136561990
vt 0.511838019 0.164178014
vt 0.500020027 0.164115012
vt 0.511838019 0.164178014
vt 0.500020027 0.136561990
vt 0.506639004 0.136963010
vt 0.508774996 0.178252995
vt 0.516722977 0.180070996
vt 0.508843005 0.180235982
vt 0.652957022 0.490752995
vt 0.649137020 0.437250018
vt 0.673708975 0.444527030
vt 0.709439993 0.328637004
vt 0.675659001 0.331773996
vt 0.701475978 0.317799985
vt 0.661548018 0.377261996
vt 0.673708975 0.444527030
vt 0.649137020 0.437250018
vt 0.673708975 0.444527030
vt 0.661548018 0.377261996
vt 0.695272028 0.381792009
vt 0.673708975 0.444527030
vt 0.736979008 0.490553975
vt 0.652957022 0.490752995
vt 0.507490993 0.190946996
vt 0.500020027 0.217769980
vt 0.500020027 0.191702008
vt 0.793006003 0.254356027
vt 0.742295980 0.290917993
vt 0.753223002 0.238463998
vt 0.500020027 0.185442984
vt 0.508843005 0.180235982
vt 0.508211017 0.185365021
vt 0.508843005 0.180235982
vt 0.500020027 0.185442984
vt 0.500020027 0.179464996
vt 0.500020027 0.179464996
vt 0.500020027 0.177155018
vt 0.508774996 0.178252995
vt 0.511838019 0.164178014
vt 0.500020027 0.177155018
vt 0.500020027 0.166987002
vt 0.500020027 0.177155018
vt 0.511838019 0.164178014
vt 0.508774996 0.178252995
vt 0.733277977 0.326631010
vt 0.695272028 0.381792009
vt 0.709439993 0.328637004
vt 0.695272028 0.381792009
vt 0.733277977 0.326631010
vt 0.734070003 0.385779023
vt 0.695272028 0.381792009
vt 0.675659001 0.331773996
vt 0.709439993 0.328637004
vt 0.675659001 0.331773996
vt 0.695272028 0.381792009
vt 0.661548018 0.377261996
vt 0.675659001 0.331773996
vt 0.647917986 0.382986009
vt 0.643145978 0.348610044
vt 0.647917986 0.382986009
vt 0.675659001 0.331773996
vt 0.661548018 0.377261996
vt 0.643145978 0.348610044
vt 0.622389972 0.390200019
vt 0.627256989 0.348127961
vt 0.622389972 0.390200019
vt 0.643145978 0.348610044
vt 0.647917986 0.382986009
vt 0.608308971 0.382333040
vt 0.627256989 0.348127961
vt 0.622389972 0.390200019
vt 0.627256989 0.348127961
vt 0.608308971 0.382333040
vt 0.607674003 0.338801026
vt 0.518633008 0.419471025
vt 0.558381021 0.387524962
vt 0.559431016 0.417881966
vt 0.558381021 0.387524962
vt 0.518633008 0.419471025
vt 0.514535010 0.389885008
vt 0.559431016 0.417881966
vt 0.590888977 0.393837988
vt 0.587430000 0.417647958
vt 0.590888977 0.393837988
vt 0.559431016 0.417881966
vt 0.558381021 0.387524962
vt 0.544194996 0.339758992
vt 0.607613981 0.312407970
vt 0.607674003 0.338801026
vt 0.607613981 0.312407970
vt 0.544194996 0.339758992
vt 0.536203027 0.308075011
vt 0.858398020 0.022460997
vt 0.850277007 0.092405975
vt 0.848632991 0.022460997
vt 0.850277007 0.092405975
vt 0.858398020 0.022460997
vt 0.861688018 0.081054986
vt 0.861688018 0.081054986
vt 0.863281012 0.105113983
vt 0.850277007 0.092405975
vt 0.906455994 0.095600009
vt 0.927734017 0.077148020
vt 0.927734017 0.092535019
vt 0.927734017 0.077148020
vt 0.906455994 0.095600009
vt 0.913085997 0.081054986
vt 0.500020027 0.343077004
vt 0.536203027 0.308075011
vt 0.544194996 0.339758992
vt 0.536203027 0.308075011
vt 0.500020027 0.343077004
vt 0.500020027 0.311917007
vt 0.553619027 0.440935016
vt 0.587430000 0.417647958
vt 0.598990023 0.433920026
vt 0.587430000 0.417647958
vt 0.553619027 0.440935016
vt 0.559431016 0.417881966
vt 0.607545018 0.396968007
vt 0.590888977 0.393837988
vt 0.608308971 0.382333040
vt 0.608308971 0.382333040
vt 0.598887980 0.366322994
vt 0.607674003 0.338801026
vt 0.607674003 0.338801026
vt 0.553399026 0.364956975
vt 0.544194996 0.339758992
vt 0.553399026 0.364956975
vt 0.607674003 0.338801026
vt 0.598887980 0.366322994
vt 0.544194996 0.339758992
vt 0.514567971 0.368008018
vt 0.500020027 0.343077004
vt 0.507817984 0.390664995
vt 0.514567971 0.368008018
vt 0.514535010 0.389885008
vt 0.508276999 0.422407985
vt 0.514535010 0.389885008
vt 0.518633008 0.419471025
vt 0.514535010 0.389885008
vt 0.508276999 0.422407985
vt 0.507817984 0.390664995
vt 0.553619027 0.440935016
vt 0.518633008 0.419471025
vt 0.559431016 0.417881966
vt 0.590888977 0.393837988
vt 0.607545018 0.396968007
vt 0.587430000 0.417647958
vt 0.622389972 0.390200019
vt 0.607545018 0.396968007
vt 0.608308971 0.382333040
vt 0.587430000 0.417647958
vt 0.607545018 0.396968007
vt 0.598990023 0.433920026
vt 0.538447976 0.574256003
vt 0.500020027 0.602010012
vt 0.500020027 0.577425003
vt 0.555960000 0.040956974
vt 0.500020027 0.032590032
vt 0.520367026 0.021138012
vt 0.555960000 0.040956974
vt 0.546214998 0.082282007
vt 0.523550987 0.059907973
vt 0.564490974 0.138047993
vt 0.608635008 0.156174004
vt 0.591584980 0.156589031
vt 0.608635008 0.156174004
vt 0.564490974 0.138047993
vt 0.608363986 0.098655999
vt 0.792968988 0.433593988
vt 0.736979008 0.490553975
vt 0.737968028 0.441998959
vt 0.736979008 0.490553975
vt 0.792968988 0.433593988
vt 0.793686986 0.491881967
vt 0.530339003 0.293115020
vt 0.500020027 0.265570045
vt 0.531684995 0.246963024
vt 0.500020027 0.265570045
vt 0.530339003 0.293115020
vt 0.500020027 0.295863986
vt 0.520367026 0.021138012
vt 0.570107996 0.034664989
vt 0.555960000 0.040956974
vt 0.570107996 0.034664989
vt 0.520367026 0.021138012
vt 0.548618019 0.018235981
vt 0.500020027 0.265570045
vt 0.522579014 0.234095991
vt 0.531684995 0.246963024
vt 0.522579014 0.234095991
vt 0.500020027 0.265570045
vt 0.500020027 0.236706018
vt 0.500020027 0.061884999
vt 0.500020027 0.032590032
vt 0.523550987 0.059907973
vt 0.792899013 0.341328025
vt 0.734070003 0.385779023
vt 0.733277977 0.326631010
vt 0.734070003 0.385779023
vt 0.792899013 0.341328025
vt 0.793174028 0.387587011
vt 0.678894997 0.599689007
vt 0.737806976 0.630614996
vt 0.680325985 0.628423989
vt 0.913085997 0.056640983
vt 0.906455994 0.095600009
vt 0.895507991 0.072111011
vt 0.843750000 0.177734017
vt 0.863281012 0.105113983
vt 0.868164003 0.168945014
vt 0.895507991 0.072111011
vt 0.906455994 0.095600009
vt 0.895425975 0.108398020
vt 0.885742009 0.114257991
vt 0.895507991 0.072111011
vt 0.895425975 0.108398020
vt 0.518633008 0.419471025
vt 0.553619027 0.440935016
vt 0.521327019 0.436501026
vt 0.507817984 0.390664995
vt 0.500020027 0.430009961
vt 0.500020027 0.391445041
vt 0.500020027 0.430009961
vt 0.507817984 0.390664995
vt 0.508276999 0.422407985
vt 0.514567971 0.368008018
vt 0.507817984 0.390664995
vt 0.500020027 0.391445041
vt 0.518633008 0.419471025
vt 0.521327019 0.436501026
vt 0.508276999 0.422407985
vt 0.514567971 0.368008018
vt 0.500020027 0.391445041
vt 0.500020027 0.343077004
vt 0.514567971 0.368008018
vt 0.544194996 0.339758992
vt 0.553399026 0.364956975
vt 0.598887980 0.366322994
vt 0.608308971 0.382333040
vt 0.590888977 0.393837988
vt 0.940891981 0.043945014
vt 0.927734017 0.077148020
vt 0.924804986 0.056640983
vt 0.863281012 0.105113983
vt 0.844237983 0.124655008
vt 0.850277007 0.092405975
vt 0.956054986 0.113349974
vt 0.927734017 0.092535019
vt 0.955078006 0.076703012
vt 0.927734017 0.092535019
vt 0.956054986 0.113349974
vt 0.928710997 0.116178989
vt 0.929687023 0.157226980
vt 0.914062023 0.124616981
vt 0.928710997 0.116178989
vt 0.906455994 0.095600009
vt 0.914062023 0.124616981
vt 0.895425975 0.108398020
vt 0.914062023 0.124616981
vt 0.893554986 0.159179986
vt 0.895425975 0.108398020
vt 0.893554986 0.159179986
vt 0.914062023 0.124616981
vt 0.929687023 0.157226980
vt 0.701475978 0.317799985
vt 0.733277977 0.326631010
vt 0.709439993 0.328637004
vt 0.733277977 0.326631010
vt 0.701475978 0.317799985
vt 0.707886994 0.288816988
vt 0.582162023 0.298696995
vt 0.536203027 0.308075011
vt 0.530339003 0.293115020
vt 0.500020027 0.295863986
vt 0.536203027 0.308075011
vt 0.500020027 0.311917007
vt 0.521516979 0.440953016
vt 0.552788973 0.445852995
vt 0.551288009 0.483273029
vt 0.551288009 0.483273029
vt 0.595350981 0.446959972
vt 0.583743989 0.482629001
vt 0.595350981 0.446959972
vt 0.551288009 0.483273029
vt 0.552788973 0.445852995
vt 0.649137020 0.437250018
vt 0.583743989 0.482629001
vt 0.595350981 0.446959972
vt 0.583743989 0.482629001
vt 0.649137020 0.437250018
vt 0.652957022 0.490752995
vt 0.500020027 0.484166980
vt 0.521516979 0.440953016
vt 0.551288009 0.483273029
vt 0.521516979 0.440953016
vt 0.500020027 0.484166980
vt 0.500020027 0.430009961
vt 0.508276999 0.422407985
vt 0.521516979 0.440953016
vt 0.500020027 0.430009961
vt 0.521516979 0.440953016
vt 0.508276999 0.422407985
vt 0.521327019 0.436501026
vt 0.622389972 0.390200019
vt 0.595350981 0.446959972
vt 0.598990023 0.433920026
vt 0.595350981 0.446959972
vt 0.622389972 0.390200019
vt 0.647917986 0.382986009
vt 0.392425001 0.312407970
vt 0.417878002 0.298696995
vt 0.463836014 0.308075011
vt 0.401152015 0.366322994
vt 0.441659003 0.387524962
vt 0.409150004 0.393837988
vt 0.441659003 0.387524962
vt 0.401152015 0.366322994
vt 0.446640998 0.364956975
vt 0.246815994 0.238463998
vt 0.292151988 0.288816988
vt 0.257743001 0.290917993
vt 0.292151988 0.288816988
vt 0.246815994 0.238463998
vt 0.303011000 0.253208041
vt 0.333232999 0.543352008
vt 0.261880010 0.512664974
vt 0.346895993 0.514953017
vt 0.261880010 0.512664974
vt 0.333232999 0.543352008
vt 0.258951008 0.536864996
vt 0.421941996 0.527913988
vt 0.333232999 0.543352008
vt 0.346895993 0.514953017
vt 0.333232999 0.543352008
vt 0.421941996 0.527913988
vt 0.382115990 0.550504982
vt 0.456566006 0.530875027
vt 0.424299002 0.570487976
vt 0.421941996 0.527913988
vt 0.424299002 0.570487976
vt 0.456566006 0.530875027
vt 0.461591005 0.574256003
vt 0.446640998 0.364956975
vt 0.485505015 0.389885008
vt 0.441659003 0.387524962
vt 0.485505015 0.389885008
vt 0.446640998 0.364956975
vt 0.485471994 0.368008018
vt 0.258951008 0.536864996
vt 0.206295997 0.514645994
vt 0.261880010 0.512664974
vt 0.206295997 0.514645994
vt 0.258951008 0.536864996
vt 0.206295997 0.550405979
vt 0.262071997 0.441998959
vt 0.206865996 0.387587011
vt 0.265969008 0.385779023
vt 0.206865996 0.387587011
vt 0.262071997 0.441998959
vt 0.207030997 0.433593988
vt 0.429309011 0.614247978
vt 0.378564000 0.711304009
vt 0.385058999 0.613843977
vt 0.378564000 0.711304009
vt 0.429309011 0.614247978
vt 0.417968988 0.710937977
vt 0.378564000 0.711304009
vt 0.405454993 0.772382975
vt 0.367958993 0.775614977
vt 0.405454993 0.772382975
vt 0.378564000 0.711304009
vt 0.417968988 0.710937977
vt 0.214845002 0.617240012
vt 0.270554990 0.701014996
vt 0.223874003 0.700488985
vt 0.270554990 0.701014996
vt 0.214845002 0.617240012
vt 0.262232989 0.630614996
vt 0.223874003 0.700488985
vt 0.277025014 0.771606982
vt 0.229802996 0.770994008
vt 0.277025014 0.771606982
vt 0.223874003 0.700488985
vt 0.270554990 0.701014996
vt 0.270554990 0.701014996
vt 0.319712996 0.628423989
vt 0.322932988 0.704452991
vt 0.319712996 0.628423989
vt 0.270554990 0.701014996
vt 0.262232989 0.630614996
vt 0.270554990 0.701014996
vt 0.323960006 0.771239996
vt 0.277025014 0.771606982
vt 0.323960006 0.771239996
vt 0.270554990 0.701014996
vt 0.322932988 0.704452991
vt 0.319712996 0.628423989
vt 0.378564000 0.711304009
vt 0.322932988 0.704452991
vt 0.378564000 0.711304009
vt 0.319712996 0.628423989
vt 0.385058999 0.613843977
vt 0.322932988 0.704452991
vt 0.367958993 0.775614977
vt 0.323960006 0.771239996
vt 0.367958993 0.775614977
vt 0.322932988 0.704452991
vt 0.378564000 0.711304009
vt 0.337929994 0.208864987
vt 0.367226988 0.173828006
vt 0.341836989 0.173828006
vt 0.367226988 0.173828006
vt 0.337929994 0.208864987
vt 0.371870995 0.212080002
vt 0.395204008 0.832772970
vt 0.341940999 0.897114992
vt 0.354891986 0.829253972
vt 0.341940999 0.897114992
vt 0.395204008 0.832772970
vt 0.381345987 0.900777996
vt 0.381345987 0.900777996
vt 0.332868993 0.981710017
vt 0.341940999 0.897114992
vt 0.332868993 0.981710017
vt 0.381345987 0.900777996
vt 0.363146991 0.982919991
vt 0.240319997 0.829608023
vt 0.277597994 0.898123026
vt 0.248101994 0.899587989
vt 0.277597994 0.898123026
vt 0.240319997 0.829608023
vt 0.274940997 0.826837003
vt 0.248101994 0.899587989
vt 0.290017992 0.980964005
vt 0.261684000 0.981037021
vt 0.290017992 0.980964005
vt 0.248101994 0.899587989
vt 0.277597994 0.898123026
vt 0.274940997 0.826837003
vt 0.318794012 0.889396012
vt 0.277597994 0.898123026
vt 0.318794012 0.889396012
vt 0.274940997 0.826837003
vt 0.323381007 0.821501970
vt 0.277597994 0.898123026
vt 0.311843008 0.982357979
vt 0.290017992 0.980964005
vt 0.311843008 0.982357979
vt 0.277597994 0.898123026
vt 0.318794012 0.889396012
vt 0.323381007 0.821501970
vt 0.341940999 0.897114992
vt 0.318794012 0.889396012
vt 0.341940999 0.897114992
vt 0.323381007 0.821501970
vt 0.354891986 0.829253972
vt 0.318794012 0.889396012
vt 0.332868993 0.981710017
vt 0.311843008 0.982357979
vt 0.332868993 0.981710017
vt 0.318794012 0.889396012
vt 0.341940999 0.897114992
vt 0.385058999 0.613843977
vt 0.424299002 0.570487976
vt 0.429309011 0.614247978
vt 0.424299002 0.570487976
vt 0.385058999 0.613843977
vt 0.379476994 0.579429984
vt 0.461591005 0.574256003
vt 0.500020027 0.602010012
vt 0.474974990 0.615406990
vt 0.258951008 0.536864996
vt 0.331622988 0.571828008
vt 0.256298006 0.571488976
vt 0.331622988 0.571828008
vt 0.258951008 0.536864996
vt 0.333232999 0.543352008
vt 0.256298006 0.571488976
vt 0.321144998 0.599689007
vt 0.258780003 0.610526979
vt 0.321144998 0.599689007
vt 0.256298006 0.571488976
vt 0.331622988 0.571828008
vt 0.258780003 0.610526979
vt 0.321144998 0.599689007
vt 0.262232989 0.630614996
vt 0.395204008 0.832772970
vt 0.367958993 0.775614977
vt 0.405454993 0.772382975
vt 0.367958993 0.775614977
vt 0.395204008 0.832772970
vt 0.354891986 0.829253972
vt 0.354891986 0.829253972
vt 0.323960006 0.771239996
vt 0.367958993 0.775614977
vt 0.323960006 0.771239996
vt 0.354891986 0.829253972
vt 0.323381007 0.821501970
vt 0.323960006 0.771239996
vt 0.274940997 0.826837003
vt 0.277025014 0.771606982
vt 0.274940997 0.826837003
vt 0.323960006 0.771239996
vt 0.323381007 0.821501970
vt 0.277025014 0.771606982
vt 0.240319997 0.829608023
vt 0.229802996 0.770994008
vt 0.240319997 0.829608023
vt 0.277025014 0.771606982
vt 0.274940997 0.826837003
vt 0.333232999 0.543352008
vt 0.379476994 0.579429984
vt 0.331622988 0.571828008
vt 0.379476994 0.579429984
vt 0.333232999 0.543352008
vt 0.382115990 0.550504982
vt 0.331622988 0.571828008
vt 0.385058999 0.613843977
vt 0.321144998 0.599689007
vt 0.385058999 0.613843977
vt 0.331622988 0.571828008
vt 0.379476994 0.579429984
vt 0.321144998 0.599689007
vt 0.385058999 0.613843977
vt 0.319712996 0.628423989
vt 0.263060004 0.490553975
vt 0.262071997 0.441998959
vt 0.326330990 0.444527030
vt 0.350901991 0.437250018
vt 0.352122009 0.382986009
vt 0.404689014 0.446959972
vt 0.401048988 0.433920026
vt 0.447250992 0.445852995
vt 0.404689014 0.446959972
vt 0.447250992 0.445852995
vt 0.401048988 0.433920026
vt 0.446420997 0.440935016
vt 0.447250992 0.445852995
vt 0.478713006 0.436501026
vt 0.478522986 0.440953016
vt 0.478713006 0.436501026
vt 0.447250992 0.445852995
vt 0.446420997 0.440935016
vt 0.136758000 0.105113983
vt 0.155800998 0.124655008
vt 0.156289995 0.177734017
vt 0.131876007 0.168945014
vt 0.154337004 0.250977039
vt 0.131876007 0.243164003
vt 0.154337004 0.250977039
vt 0.131876007 0.168945014
vt 0.156289995 0.177734017
vt 0.071328998 0.116178989
vt 0.043008000 0.144531012
vt 0.043985002 0.113349974
vt 0.043008000 0.144531012
vt 0.071328998 0.116178989
vt 0.070352003 0.157226980
vt 0.043008000 0.144531012
vt 0.071328998 0.224609017
vt 0.048868001 0.231445014
vt 0.071328998 0.224609017
vt 0.043008000 0.144531012
vt 0.070352003 0.157226980
vt 0.093584001 0.095600009
vt 0.071328998 0.116178989
vt 0.072305001 0.092535019
vt 0.071328998 0.116178989
vt 0.093584001 0.095600009
vt 0.085977003 0.124616981
vt 0.070352003 0.157226980
vt 0.104532003 0.232421994
vt 0.071328998 0.224609017
vt 0.104532003 0.232421994
vt 0.070352003 0.157226980
vt 0.106485002 0.159179986
vt 0.114298001 0.114257991
vt 0.131876007 0.168945014
vt 0.106485002 0.159179986
vt 0.106485002 0.159179986
vt 0.131876007 0.243164003
vt 0.104532003 0.232421994
vt 0.131876007 0.243164003
vt 0.106485002 0.159179986
vt 0.131876007 0.168945014
vt 0.131876007 0.286132991
vt 0.149453998 0.393554986
vt 0.130898997 0.390625000
vt 0.149453998 0.393554986
vt 0.131876007 0.286132991
vt 0.153359994 0.293945014
vt 0.130898997 0.390625000
vt 0.150429994 0.458984017
vt 0.128946006 0.458007991
vt 0.150429994 0.458984017
vt 0.130898997 0.390625000
vt 0.149453998 0.393554986
vt 0.049844000 0.274414003
vt 0.083048001 0.369140983
vt 0.044962000 0.381835997
vt 0.083048001 0.369140983
vt 0.049844000 0.274414003
vt 0.074258000 0.271484017
vt 0.044962000 0.381835997
vt 0.089883000 0.453125000
vt 0.048868001 0.455078006
vt 0.089883000 0.453125000
vt 0.044962000 0.381835997
vt 0.083048001 0.369140983
vt 0.074258000 0.271484017
vt 0.106485002 0.381835997
vt 0.083048001 0.369140983
vt 0.106485002 0.381835997
vt 0.074258000 0.271484017
vt 0.103555001 0.276367009
vt 0.083048001 0.369140983
vt 0.109415002 0.454102039
vt 0.089883000 0.453125000
vt 0.109415002 0.454102039
vt 0.083048001 0.369140983
vt 0.106485002 0.381835997
vt 0.103555001 0.276367009
vt 0.130898997 0.390625000
vt 0.106485002 0.381835997
vt 0.130898997 0.390625000
vt 0.103555001 0.276367009
vt 0.131876007 0.286132991
vt 0.106485002 0.381835997
vt 0.128946006 0.458007991
vt 0.109415002 0.454102039
vt 0.128946006 0.458007991
vt 0.106485002 0.381835997
vt 0.130898997 0.390625000
vt 0.050820999 0.589695990
vt 0.084967002 0.564638972
vt 0.082070999 0.593750000
vt 0.084967002 0.564638972
vt 0.050820999 0.589695990
vt 0.052774001 0.585951984
vt 0.006876000 0.526367009
vt 0.023476999 0.552734017
vt 0.005899000 0.541992009
vt 0.023476999 0.552734017
vt 0.006876000 0.526367009
vt 0.024453999 0.535156012
vt 0.090860002 0.484375000
vt 0.049844000 0.516601980
vt 0.035195999 0.491210997
vt 0.049844000 0.516601980
vt 0.090860002 0.484375000
vt 0.088840000 0.525505006
vt 0.090860002 0.484375000
vt 0.102578998 0.527243972
vt 0.088840000 0.525505006
vt 0.102578998 0.527243972
vt 0.090860002 0.484375000
vt 0.110390998 0.487304986
vt 0.148477003 0.492187977
vt 0.102578998 0.527243972
vt 0.110390998 0.487304986
vt 0.102578998 0.527243972
vt 0.148477003 0.492187977
vt 0.143593997 0.524447024
vt 0.104532003 0.232421994
vt 0.131876007 0.286132991
vt 0.103555001 0.276367009
vt 0.131876007 0.286132991
vt 0.104532003 0.232421994
vt 0.131876007 0.243164003
vt 0.131876007 0.243164003
vt 0.153359994 0.293945014
vt 0.131876007 0.286132991
vt 0.153359994 0.293945014
vt 0.131876007 0.243164003
vt 0.154337004 0.250977039
vt 0.071328998 0.224609017
vt 0.049844000 0.274414003
vt 0.048868001 0.231445014
vt 0.049844000 0.274414003
vt 0.071328998 0.224609017
vt 0.074258000 0.271484017
vt 0.074258000 0.271484017
vt 0.104532003 0.232421994
vt 0.103555001 0.276367009
vt 0.104532003 0.232421994
vt 0.074258000 0.271484017
vt 0.071328998 0.224609017
vt 0.104532003 0.072111011
vt 0.111846998 0.072624981
vt 0.114298001 0.114257991
vt 0.111846998 0.072624981
vt 0.097695999 0.020507991
vt 0.114298001 0.021484017
vt 0.097695999 0.020507991
vt 0.111846998 0.072624981
vt 0.104532003 0.072111011
vt 0.326330990 0.444527030
vt 0.265969008 0.385779023
vt 0.304767013 0.381792009
vt 0.265969008 0.385779023
vt 0.326330990 0.444527030
vt 0.262071997 0.441998959
vt 0.303011000 0.253208041
vt 0.246815994 0.238463998
vt 0.273321003 0.226230979
vt 0.128535002 0.084971011
vt 0.141641006 0.022460997
vt 0.138352007 0.081054986
vt 0.141641006 0.022460997
vt 0.128535002 0.084971011
vt 0.130898997 0.021484017
vt 0.136758000 0.105113983
vt 0.128535002 0.084971011
vt 0.138352007 0.081054986
vt 0.292151988 0.288816988
vt 0.266761988 0.326631010
vt 0.257743001 0.290917993
vt 0.266761988 0.326631010
vt 0.207026005 0.282948971
vt 0.257743001 0.290917993
vt 0.207026005 0.282948971
vt 0.266761988 0.326631010
vt 0.207139999 0.341328025
vt 0.104532003 0.072111011
vt 0.086953998 0.056640983
vt 0.097695999 0.020507991
vt 0.093584001 0.095600009
vt 0.086953998 0.081054986
vt 0.086953998 0.056640983
vt 0.072305001 0.092535019
vt 0.059147999 0.043945014
vt 0.072305001 0.077148020
vt 0.059147999 0.043945014
vt 0.072305001 0.092535019
vt 0.044962000 0.076703012
vt 0.046914998 0.023437977
vt 0.059147999 0.043945014
vt 0.044962000 0.076703012
vt 0.392495006 0.396968007
vt 0.401048988 0.433920026
vt 0.377649009 0.390200019
vt 0.352122009 0.382986009
vt 0.350901991 0.437250018
vt 0.338492006 0.377261996
vt 0.128946006 0.458007991
vt 0.170938000 0.479492009
vt 0.148477003 0.492187977
vt 0.170938000 0.479492009
vt 0.128946006 0.458007991
vt 0.150429994 0.458984017
vt 0.128946006 0.458007991
vt 0.110390998 0.487304986
vt 0.109415002 0.454102039
vt 0.110390998 0.487304986
vt 0.128946006 0.458007991
vt 0.148477003 0.492187977
vt 0.109415002 0.454102039
vt 0.090860002 0.484375000
vt 0.089883000 0.453125000
vt 0.090860002 0.484375000
vt 0.109415002 0.454102039
vt 0.110390998 0.487304986
vt 0.090860002 0.484375000
vt 0.048868001 0.455078006
vt 0.089883000 0.453125000
vt 0.048868001 0.455078006
vt 0.090860002 0.484375000
vt 0.035195999 0.491210997
vt 0.246815994 0.238463998
vt 0.272531986 0.191477001
vt 0.273321003 0.226230979
vt 0.272531986 0.191477001
vt 0.246815994 0.238463998
vt 0.241714001 0.187471032
vt 0.207032993 0.254356027
vt 0.241714001 0.187471032
vt 0.246815994 0.238463998
vt 0.241714001 0.187471032
vt 0.207032993 0.254356027
vt 0.206986994 0.186818004
vt 0.088840000 0.525505006
vt 0.052774001 0.585951984
vt 0.049844000 0.516601980
vt 0.052774001 0.585951984
vt 0.088840000 0.525505006
vt 0.084967002 0.564638972
vt 0.049844000 0.516601980
vt 0.050820999 0.589695990
vt 0.046500001 0.523027003
vt 0.050820999 0.589695990
vt 0.049844000 0.516601980
vt 0.052774001 0.585951984
vt 0.134804994 0.587375998
vt 0.102578998 0.527243972
vt 0.143593997 0.524447024
vt 0.102578998 0.527243972
vt 0.134804994 0.587375998
vt 0.101039998 0.568130016
vt 0.101039998 0.568130016
vt 0.088840000 0.525505006
vt 0.102578998 0.527243972
vt 0.088840000 0.525505006
vt 0.101039998 0.568130016
vt 0.084967002 0.564638972
vt 0.148477003 0.492187977
vt 0.190468997 0.530273020
vt 0.170938000 0.528320014
vt 0.190468997 0.530273020
vt 0.148477003 0.492187977
vt 0.170938000 0.479492009
vt 0.016641000 0.511718988
vt 0.049844000 0.516601980
vt 0.040079001 0.518554986
vt 0.049844000 0.516601980
vt 0.016641000 0.511718988
vt 0.035195999 0.491210997
vt 0.049844000 0.516601980
vt 0.037149001 0.536132991
vt 0.040079001 0.518554986
vt 0.037149001 0.536132991
vt 0.049844000 0.516601980
vt 0.046500001 0.523027003
vt 0.152383000 0.523437977
vt 0.148477003 0.492187977
vt 0.170938000 0.528320014
vt 0.148477003 0.492187977
vt 0.152383000 0.523437977
vt 0.143593997 0.524447024
vt 0.170938000 0.528320014
vt 0.195352003 0.566406012
vt 0.184609994 0.565429986
vt 0.195352003 0.566406012
vt 0.170938000 0.528320014
vt 0.190468997 0.530273020
vt 0.016641000 0.511718988
vt 0.024453999 0.535156012
vt 0.006876000 0.526367009
vt 0.024453999 0.535156012
vt 0.016641000 0.511718988
vt 0.040079001 0.518554986
vt 0.040079001 0.518554986
vt 0.023476999 0.552734017
vt 0.024453999 0.535156012
vt 0.023476999 0.552734017
vt 0.040079001 0.518554986
vt 0.037149001 0.536132991
vt 0.152383000 0.523437977
vt 0.184609994 0.565429986
vt 0.162148997 0.565429986
vt 0.184609994 0.565429986
vt 0.152383000 0.523437977
vt 0.170938000 0.528320014
vt 0.297890991 0.123046994
vt 0.332071006 0.160156012
vt 0.294961989 0.134765983
vt 0.332071006 0.160156012
vt 0.297890991 0.123046994
vt 0.334024012 0.140625000
vt 0.354532003 0.011718988
vt 0.376993001 0.047851980
vt 0.366250992 0.050781012
vt 0.376993001 0.047851980
vt 0.354532003 0.011718988
vt 0.360345006 0.004238009
vt 0.344765991 0.027343988
vt 0.310586989 0.012695014
vt 0.354532003 0.011718988
vt 0.310586989 0.012695014
vt 0.344765991 0.027343988
vt 0.316446006 0.028320014
vt 0.281289995 0.045898020
vt 0.310586989 0.012695014
vt 0.295937985 0.047851980
vt 0.310586989 0.012695014
vt 0.281289995 0.045898020
vt 0.302940011 0.004357994
vt 0.334024012 0.069335997
vt 0.297890991 0.123046994
vt 0.314493001 0.049804986
vt 0.297890991 0.123046994
vt 0.334024012 0.069335997
vt 0.334024012 0.140625000
vt 0.376993001 0.047851980
vt 0.367226988 0.134765983
vt 0.366250992 0.050781012
vt 0.367226988 0.134765983
vt 0.376993001 0.047851980
vt 0.378946006 0.150390983
vt 0.371870995 0.212080002
vt 0.330570012 0.270747006
vt 0.381875992 0.292968988
vt 0.330570012 0.270747006
vt 0.371870995 0.212080002
vt 0.337929994 0.208864987
vt 0.281289995 0.045898020
vt 0.297890991 0.123046994
vt 0.294961989 0.134765983
vt 0.297890991 0.123046994
vt 0.281289995 0.045898020
vt 0.295937985 0.047851980
vt 0.461591005 0.574256003
vt 0.474974990 0.615406990
vt 0.429309011 0.614247978
vt 0.424299002 0.570487976
vt 0.461591005 0.574256003
vt 0.429309011 0.614247978
vt 0.429309011 0.614247978
vt 0.463333011 0.710126996
vt 0.417968988 0.710937977
vt 0.417968988 0.710937977
vt 0.448195010 0.772491992
vt 0.405454993 0.772382975
vt 0.448195010 0.772491992
vt 0.417968988 0.710937977
vt 0.463333011 0.710126996
vt 0.405454993 0.772382975
vt 0.434756011 0.844084024
vt 0.395204008 0.832772970
vt 0.434756011 0.844084024
vt 0.405454993 0.772382975
vt 0.448195010 0.772491992
vt 0.434756011 0.844084024
vt 0.381345987 0.900777996
vt 0.395204008 0.832772970
vt 0.381345987 0.900777996
vt 0.434756011 0.844084024
vt 0.414900988 0.909156978
vt 0.414900988 0.909156978
vt 0.363146991 0.982919991
vt 0.381345987 0.900777996
vt 0.363146991 0.982919991
vt 0.414900988 0.909156978
vt 0.386765987 0.983712018
vt 0.334024012 0.069335997
vt 0.367226988 0.134765983
vt 0.334024012 0.140625000
vt 0.367226988 0.134765983
vt 0.334024012 0.069335997
vt 0.346718997 0.052734017
vt 0.334024012 0.140625000
vt 0.378946006 0.150390983
vt 0.332071006 0.160156012
vt 0.378946006 0.150390983
vt 0.334024012 0.140625000
vt 0.367226988 0.134765983
vt 0.367226988 0.134765983
vt 0.346718997 0.052734017
vt 0.366250992 0.050781012
vt 0.346718997 0.052734017
vt 0.354532003 0.011718988
vt 0.366250992 0.050781012
vt 0.354532003 0.011718988
vt 0.346718997 0.052734017
vt 0.344765991 0.027343988
vt 0.310586989 0.012695014
vt 0.360345006 0.004238009
vt 0.354532003 0.011718988
vt 0.360345006 0.004238009
vt 0.310586989 0.012695014
vt 0.302940011 0.004357994
vt 0.316446006 0.028320014
vt 0.295937985 0.047851980
vt 0.310586989 0.012695014
vt 0.295937985 0.047851980
vt 0.316446006 0.028320014
vt 0.314493001 0.049804986
vt 0.295937985 0.047851980
vt 0.314493001 0.049804986
vt 0.297890991 0.123046994
vt 0.421941996 0.527913988
vt 0.424299002 0.570487976
vt 0.382115990 0.550504982
vt 0.382115990 0.550504982
vt 0.424299002 0.570487976
vt 0.379476994 0.579429984
vt 0.474974990 0.615406990
vt 0.500020027 0.602010012
vt 0.500000000 0.645353019
vt 0.437458009 0.203981996
vt 0.477459997 0.234095991
vt 0.468355000 0.246963024
vt 0.477459997 0.234095991
vt 0.437458009 0.203981996
vt 0.455273986 0.208911002
vt 0.274219990 0.150959969
vt 0.241714001 0.187471032
vt 0.242418006 0.148070991
vt 0.241714001 0.187471032
vt 0.274219990 0.150959969
vt 0.272531986 0.191477001
vt 0.444079995 0.040956974
vt 0.500020027 0.032590032
vt 0.476487994 0.059907973
vt 0.500020027 0.032590032
vt 0.444079995 0.040956974
vt 0.500020027 0.032590032
vt 0.472422987 0.122007012
vt 0.478684992 0.081624031
vt 0.488316000 0.120523989
vt 0.437458009 0.203981996
vt 0.453669995 0.180019021
vt 0.455273986 0.208911002
vt 0.453669995 0.180019021
vt 0.437458009 0.203981996
vt 0.430954009 0.180381000
vt 0.426358998 0.199554980
vt 0.430954009 0.180381000
vt 0.437458009 0.203981996
vt 0.430954009 0.180381000
vt 0.426358998 0.199554980
vt 0.408454001 0.156589031
vt 0.435548991 0.138047993
vt 0.453824997 0.082282007
vt 0.452524990 0.120537996
vt 0.453824997 0.082282007
vt 0.435548991 0.138047993
vt 0.427893996 0.082014024
vt 0.435548991 0.138047993
vt 0.391674995 0.098655999
vt 0.427893996 0.082014024
vt 0.242418006 0.148070991
vt 0.276313007 0.108739972
vt 0.274219990 0.150959969
vt 0.276313007 0.108739972
vt 0.242418006 0.148070991
vt 0.238648996 0.102984011
vt 0.206898004 0.100796998
vt 0.241318002 0.054843009
vt 0.238648996 0.102984011
vt 0.241318002 0.054843009
vt 0.206898004 0.100796998
vt 0.206875995 0.054886997
vt 0.426358998 0.199554980
vt 0.437458009 0.203981996
vt 0.468355000 0.246963024
vt 0.453824997 0.082282007
vt 0.478684992 0.081624031
vt 0.472422987 0.122007012
vt 0.451027989 0.158769011
vt 0.477405012 0.154989004
vt 0.468695998 0.179243982
vt 0.455273986 0.208911002
vt 0.480771005 0.215406001
vt 0.477459997 0.234095991
vt 0.480771005 0.215406001
vt 0.500020027 0.236706018
vt 0.477459997 0.234095991
vt 0.500020027 0.236706018
vt 0.480771005 0.215406001
vt 0.500020027 0.217769980
vt 0.476487994 0.059907973
vt 0.478684992 0.081624031
vt 0.453824997 0.082282007
vt 0.444079995 0.040956974
vt 0.391674995 0.098655999
vt 0.429931998 0.034664989
vt 0.391674995 0.098655999
vt 0.444079995 0.040956974
vt 0.427893996 0.082014024
vt 0.241318002 0.054843009
vt 0.206086993 0.023517013
vt 0.260176003 0.021135986
vt 0.206086993 0.023517013
vt 0.241318002 0.054843009
vt 0.206875995 0.054886997
vt 0.453824997 0.082282007
vt 0.427893996 0.082014024
vt 0.444079995 0.040956974
vt 0.206986994 0.186818004
vt 0.242418006 0.148070991
vt 0.241714001 0.187471032
vt 0.242418006 0.148070991
vt 0.206986994 0.186818004
vt 0.206944004 0.135722995
vt 0.206944004 0.135722995
vt 0.238648996 0.102984011
vt 0.242418006 0.148070991
vt 0.238648996 0.102984011
vt 0.206944004 0.135722995
vt 0.206898004 0.100796998
vt 0.241318002 0.054843009
vt 0.276313007 0.108739972
vt 0.238648996 0.102984011
vt 0.276313007 0.108739972
vt 0.241318002 0.054843009
vt 0.267751008 0.050693989
vt 0.260176003 0.021135986
vt 0.267751008 0.050693989
vt 0.241318002 0.054843009
vt 0.377171993 0.022050023
vt 0.396286011 0.021014988
vt 0.396961987 0.057325006
vt 0.396286011 0.021014988
vt 0.377171993 0.022050023
vt 0.387456000 0.001823008
vt 0.430954009 0.180381000
vt 0.421671003 0.156785011
vt 0.427313000 0.171406031
vt 0.421671003 0.156785011
vt 0.430954009 0.180381000
vt 0.408454001 0.156589031
vt 0.408454001 0.156589031
vt 0.425870001 0.147350013
vt 0.421671003 0.156785011
vt 0.425870001 0.147350013
vt 0.408454001 0.156589031
vt 0.435548991 0.138047993
vt 0.408376992 0.001451015
vt 0.396286011 0.021014988
vt 0.387456000 0.001823008
vt 0.396286011 0.021014988
vt 0.408376992 0.001451015
vt 0.420204997 0.025402009
vt 0.420204997 0.025402009
vt 0.396961987 0.057325006
vt 0.396286011 0.021014988
vt 0.396961987 0.057325006
vt 0.420204997 0.025402009
vt 0.406792015 0.059629023
vt 0.474765986 0.134815991
vt 0.451027989 0.158769011
vt 0.452524990 0.120537996
vt 0.451027989 0.158769011
vt 0.474765986 0.134815991
vt 0.477405012 0.154989004
vt 0.451027989 0.158769011
vt 0.435548991 0.138047993
vt 0.452524990 0.120537996
vt 0.435548991 0.138047993
vt 0.451027989 0.158769011
vt 0.437633991 0.156978965
vt 0.468355000 0.246963024
vt 0.418904006 0.256965041
vt 0.416653007 0.230322003
vt 0.418904006 0.256965041
vt 0.468355000 0.246963024
vt 0.469700992 0.293115020
vt 0.273321003 0.226230979
vt 0.319514006 0.231020987
vt 0.303011000 0.253208041
vt 0.416653007 0.230322003
vt 0.426358998 0.199554980
vt 0.468355000 0.246963024
vt 0.426358998 0.199554980
vt 0.416653007 0.230322003
vt 0.401097000 0.199389994
vt 0.401097000 0.199389994
vt 0.408454001 0.156589031
vt 0.426358998 0.199554980
vt 0.408454001 0.156589031
vt 0.401097000 0.199389994
vt 0.391404003 0.156174004
vt 0.463836014 0.308075011
vt 0.469700992 0.293115020
vt 0.500020027 0.295863986
vt 0.461591005 0.574256003
vt 0.500020027 0.531394005
vt 0.500020027 0.577425003
vt 0.500020027 0.531394005
vt 0.461591005 0.574256003
vt 0.456566006 0.530875027
vt 0.206295997 0.550405979
vt 0.256298006 0.571488976
vt 0.206295997 0.574527025
vt 0.256298006 0.571488976
vt 0.206295997 0.550405979
vt 0.258951008 0.536864996
vt 0.256298006 0.571488976
vt 0.206295997 0.589537978
vt 0.206295997 0.574527025
vt 0.206295997 0.589537978
vt 0.256298006 0.571488976
vt 0.258780003 0.610526979
vt 0.206295997 0.589537978
vt 0.262232989 0.630614996
vt 0.216119006 0.603685975
vt 0.262232989 0.630614996
vt 0.206295997 0.589537978
vt 0.258780003 0.610526979
vt 0.207032993 0.254356027
vt 0.257743001 0.290917993
vt 0.207026005 0.282948971
vt 0.216119006 0.603685975
vt 0.262232989 0.630614996
vt 0.215428993 0.610082984
vt 0.262232989 0.630614996
vt 0.214845002 0.617240012
vt 0.215428993 0.610082984
vt 0.483316988 0.180070996
vt 0.488202006 0.164178014
vt 0.491264999 0.178252995
vt 0.478684992 0.081624031
vt 0.500020027 0.061884999
vt 0.500020027 0.085316002
vt 0.500020027 0.061884999
vt 0.478684992 0.081624031
vt 0.476487994 0.059907973
vt 0.477405012 0.154989004
vt 0.493400991 0.136963010
vt 0.488202006 0.164178014
vt 0.493400991 0.136963010
vt 0.477405012 0.154989004
vt 0.474765986 0.134815991
vt 0.500020027 0.484166980
vt 0.456566006 0.530875027
vt 0.448751986 0.483273029
vt 0.456566006 0.530875027
vt 0.500020027 0.484166980
vt 0.500020027 0.531394005
vt 0.448751986 0.483273029
vt 0.421941996 0.527913988
vt 0.416294992 0.482629001
vt 0.421941996 0.527913988
vt 0.448751986 0.483273029
vt 0.456566006 0.530875027
vt 0.416294992 0.482629001
vt 0.346895993 0.514953017
vt 0.347081989 0.490752995
vt 0.346895993 0.514953017
vt 0.416294992 0.482629001
vt 0.421941996 0.527913988
vt 0.346895993 0.514953017
vt 0.263060004 0.490553975
vt 0.347081989 0.490752995
vt 0.263060004 0.490553975
vt 0.346895993 0.514953017
vt 0.261880010 0.512664974
vt 0.261880010 0.512664974
vt 0.206352994 0.491881967
vt 0.263060004 0.490553975
vt 0.206352994 0.491881967
vt 0.261880010 0.512664974
vt 0.206295997 0.514645994
vt 0.418904006 0.256965041
vt 0.469700992 0.293115020
vt 0.415926009 0.276551008
vt 0.469700992 0.293115020
vt 0.417878002 0.298696995
vt 0.415926009 0.276551008
vt 0.130898997 0.021484017
vt 0.111846998 0.072624981
vt 0.114298001 0.021484017
vt 0.111846998 0.072624981
vt 0.130898997 0.021484017
vt 0.128535002 0.084971011
vt 0.136758000 0.105113983
vt 0.111846998 0.072624981
vt 0.128535002 0.084971011
vt 0.111846998 0.072624981
vt 0.136758000 0.105113983
vt 0.114298001 0.114257991
vt 0.114298001 0.114257991
vt 0.136758000 0.105113983
vt 0.131876007 0.168945014
vt 0.106485002 0.159179986
vt 0.104613997 0.108398020
vt 0.114298001 0.114257991
vt 0.429309011 0.614247978
vt 0.474974990 0.615406990
vt 0.463333011 0.710126996
vt 0.472422987 0.122007012
vt 0.474765986 0.134815991
vt 0.452524990 0.120537996
vt 0.493400991 0.136963010
vt 0.472422987 0.122007012
vt 0.488316000 0.120523989
vt 0.472422987 0.122007012
vt 0.493400991 0.136963010
vt 0.474765986 0.134815991
vt 0.472422987 0.122007012
vt 0.452524990 0.120537996
vt 0.453824997 0.082282007
vt 0.330570012 0.270747006
vt 0.356485009 0.300781012
vt 0.381875992 0.292968988
vt 0.480771005 0.215406001
vt 0.483325988 0.185990989
vt 0.492547989 0.190946996
vt 0.468695998 0.179243982
vt 0.453669995 0.180019021
vt 0.451027989 0.158769011
vt 0.480771005 0.215406001
vt 0.455273986 0.208911002
vt 0.468695998 0.179243982
vt 0.492547989 0.190946996
vt 0.483325988 0.185990989
vt 0.491829008 0.185365021
vt 0.488202006 0.164178014
vt 0.500020027 0.164115012
vt 0.500020027 0.166987002
vt 0.491196990 0.180235982
vt 0.483325988 0.185990989
vt 0.483316988 0.180070996
vt 0.500020027 0.185442984
vt 0.492547989 0.190946996
vt 0.491829008 0.185365021
vt 0.492547989 0.190946996
vt 0.500020027 0.185442984
vt 0.500020027 0.191702008
vt 0.492547989 0.190946996
vt 0.500020027 0.217769980
vt 0.480771005 0.215406001
vt 0.468695998 0.179243982
vt 0.483316988 0.180070996
vt 0.483325988 0.185990989
vt 0.468695998 0.179243982
vt 0.455273986 0.208911002
vt 0.453669995 0.180019021
vt 0.430954009 0.180381000
vt 0.451027989 0.158769011
vt 0.453669995 0.180019021
vt 0.451027989 0.158769011
vt 0.430954009 0.180381000
vt 0.437633991 0.156978965
vt 0.477405012 0.154989004
vt 0.483316988 0.180070996
vt 0.468695998 0.179243982
vt 0.500020027 0.085316002
vt 0.488316000 0.120523989
vt 0.478684992 0.081624031
vt 0.488316000 0.120523989
vt 0.500020027 0.085316002
vt 0.500020027 0.121057987
vt 0.488316000 0.120523989
vt 0.500020027 0.136561990
vt 0.493400991 0.136963010
vt 0.500020027 0.136561990
vt 0.488316000 0.120523989
vt 0.500020027 0.121057987
vt 0.500020027 0.136561990
vt 0.488202006 0.164178014
vt 0.493400991 0.136963010
vt 0.488202006 0.164178014
vt 0.500020027 0.136561990
vt 0.500020027 0.164115012
vt 0.491264999 0.178252995
vt 0.491196990 0.180235982
vt 0.483316988 0.180070996
vt 0.347081989 0.490752995
vt 0.326330990 0.444527030
vt 0.350901991 0.437250018
vt 0.290598989 0.328637004
vt 0.298563987 0.317799985
vt 0.324380994 0.331773996
vt 0.338492006 0.377261996
vt 0.326330990 0.444527030
vt 0.304767013 0.381792009
vt 0.326330990 0.444527030
vt 0.338492006 0.377261996
vt 0.350901991 0.437250018
vt 0.326330990 0.444527030
vt 0.347081989 0.490752995
vt 0.263060004 0.490553975
vt 0.492547989 0.190946996
vt 0.500020027 0.191702008
vt 0.500020027 0.217769980
vt 0.207032993 0.254356027
vt 0.246815994 0.238463998
vt 0.257743001 0.290917993
vt 0.500020027 0.185442984
vt 0.491196990 0.180235982
vt 0.500020027 0.179464996
vt 0.491196990 0.180235982
vt 0.500020027 0.185442984
vt 0.491829008 0.185365021
vt 0.500020027 0.179464996
vt 0.491264999 0.178252995
vt 0.500020027 0.177155018
vt 0.488202006 0.164178014
vt 0.500020027 0.177155018
vt 0.491264999 0.178252995
vt 0.500020027 0.177155018
vt 0.488202006 0.164178014
vt 0.500020027 0.166987002
vt 0.266761988 0.326631010
vt 0.304767013 0.381792009
vt 0.265969008 0.385779023
vt 0.304767013 0.381792009
vt 0.266761988 0.326631010
vt 0.290598989 0.328637004
vt 0.304767013 0.381792009
vt 0.324380994 0.331773996
vt 0.338492006 0.377261996
vt 0.324380994 0.331773996
vt 0.304767013 0.381792009
vt 0.290598989 0.328637004
vt 0.324380994 0.331773996
vt 0.352122009 0.382986009
vt 0.338492006 0.377261996
vt 0.352122009 0.382986009
vt 0.324380994 0.331773996
vt 0.356893986 0.348610044
vt 0.356893986 0.348610044
vt 0.377649009 0.390200019
vt 0.352122009 0.382986009
vt 0.377649009 0.390200019
vt 0.356893986 0.348610044
vt 0.372781992 0.348127961
vt 0.391730011 0.382333040
vt 0.372781992 0.348127961
vt 0.392365992 0.338801026
vt 0.372781992 0.348127961
vt 0.391730011 0.382333040
vt 0.377649009 0.390200019
vt 0.481406987 0.419471025
vt 0.441659003 0.387524962
vt 0.485505015 0.389885008
vt 0.441659003 0.387524962
vt 0.481406987 0.419471025
vt 0.440607995 0.417881966
vt 0.440607995 0.417881966
vt 0.409150004 0.393837988
vt 0.441659003 0.387524962
vt 0.409150004 0.393837988
vt 0.440607995 0.417881966
vt 0.412609994 0.417647958
vt 0.455844015 0.339758992
vt 0.392425001 0.312407970
vt 0.463836014 0.308075011
vt 0.392425001 0.312407970
vt 0.455844015 0.339758992
vt 0.392365992 0.338801026
vt 0.149762005 0.092405975
vt 0.141641006 0.022460997
vt 0.151407003 0.022460997
vt 0.141641006 0.022460997
vt 0.149762005 0.092405975
vt 0.138352007 0.081054986
vt 0.138352007 0.081054986
vt 0.149762005 0.092405975
vt 0.136758000 0.105113983
vt 0.093584001 0.095600009
vt 0.072305001 0.077148020
vt 0.086953998 0.081054986
vt 0.072305001 0.077148020
vt 0.093584001 0.095600009
vt 0.072305001 0.092535019
vt 0.500020027 0.343077004
vt 0.463836014 0.308075011
vt 0.500020027 0.311917007
vt 0.463836014 0.308075011
vt 0.500020027 0.343077004
vt 0.455844015 0.339758992
vt 0.446420997 0.440935016
vt 0.412609994 0.417647958
vt 0.440607995 0.417881966
vt 0.412609994 0.417647958
vt 0.446420997 0.440935016
vt 0.401048988 0.433920026
vt 0.392495006 0.396968007
vt 0.391730011 0.382333040
vt 0.409150004 0.393837988
vt 0.391730011 0.382333040
vt 0.392365992 0.338801026
vt 0.401152015 0.366322994
vt 0.392365992 0.338801026
vt 0.446640998 0.364956975
vt 0.401152015 0.366322994
vt 0.446640998 0.364956975
vt 0.392365992 0.338801026
vt 0.455844015 0.339758992
vt 0.455844015 0.339758992
vt 0.500020027 0.343077004
vt 0.485471994 0.368008018
vt 0.492222011 0.390664995
vt 0.485505015 0.389885008
vt 0.485471994 0.368008018
vt 0.491762996 0.422407985
vt 0.485505015 0.389885008
vt 0.492222011 0.390664995
vt 0.485505015 0.389885008
vt 0.491762996 0.422407985
vt 0.481406987 0.419471025
vt 0.446420997 0.440935016
vt 0.440607995 0.417881966
vt 0.481406987 0.419471025
vt 0.409150004 0.393837988
vt 0.412609994 0.417647958
vt 0.392495006 0.396968007
vt 0.377649009 0.390200019
vt 0.391730011 0.382333040
vt 0.392495006 0.396968007
vt 0.412609994 0.417647958
vt 0.401048988 0.433920026
vt 0.392495006 0.396968007
vt 0.461591005 0.574256003
vt 0.500020027 0.577425003
vt 0.500020027 0.602010012
vt 0.444079995 0.040956974
vt 0.479672015 0.021138012
vt 0.500020027 0.032590032
vt 0.444079995 0.040956974
vt 0.476487994 0.059907973
vt 0.453824997 0.082282007
vt 0.435548991 0.138047993
vt 0.391404003 0.156174004
vt 0.391674995 0.098655999
vt 0.391404003 0.156174004
vt 0.435548991 0.138047993
vt 0.408454001 0.156589031
vt 0.207030997 0.433593988
vt 0.263060004 0.490553975
vt 0.206352994 0.491881967
vt 0.263060004 0.490553975
vt 0.207030997 0.433593988
vt 0.262071997 0.441998959
vt 0.469700992 0.293115020
vt 0.500020027 0.265570045
vt 0.500020027 0.295863986
vt 0.500020027 0.265570045
vt 0.469700992 0.293115020
vt 0.468355000 0.246963024
vt 0.479672015 0.021138012
vt 0.429931998 0.034664989
vt 0.451422006 0.018235981
vt 0.429931998 0.034664989
vt 0.479672015 0.021138012
vt 0.444079995 0.040956974
vt 0.500020027 0.265570045
vt 0.477459997 0.234095991
vt 0.500020027 0.236706018
vt 0.477459997 0.234095991
vt 0.500020027 0.265570045
vt 0.468355000 0.246963024
vt 0.500020027 0.061884999
vt 0.476487994 0.059907973
vt 0.500020027 0.032590032
vt 0.207139999 0.341328025
vt 0.265969008 0.385779023
vt 0.206865996 0.387587011
vt 0.265969008 0.385779023
vt 0.207139999 0.341328025
vt 0.266761988 0.326631010
vt 0.321144998 0.599689007
vt 0.319712996 0.628423989
vt 0.262232989 0.630614996
vt 0.086953998 0.056640983
vt 0.104532003 0.072111011
vt 0.093584001 0.095600009
vt 0.156289995 0.177734017
vt 0.131876007 0.168945014
vt 0.136758000 0.105113983
vt 0.104532003 0.072111011
vt 0.104613997 0.108398020
vt 0.093584001 0.095600009
vt 0.114298001 0.114257991
vt 0.104613997 0.108398020
vt 0.104532003 0.072111011
vt 0.481406987 0.419471025
vt 0.478713006 0.436501026
vt 0.446420997 0.440935016
vt 0.492222011 0.390664995
vt 0.500020027 0.430009961
vt 0.491762996 0.422407985
vt 0.500020027 0.430009961
vt 0.492222011 0.390664995
vt 0.500020027 0.391445041
vt 0.485471994 0.368008018
vt 0.500020027 0.391445041
vt 0.492222011 0.390664995
vt 0.481406987 0.419471025
vt 0.491762996 0.422407985
vt 0.478713006 0.436501026
vt 0.485471994 0.368008018
vt 0.500020027 0.343077004
vt 0.500020027 0.391445041
vt 0.485471994 0.368008018
vt 0.446640998 0.364956975
vt 0.455844015 0.339758992
vt 0.401152015 0.366322994
vt 0.409150004 0.393837988
vt 0.391730011 0.382333040
vt 0.059147999 0.043945014
vt 0.075235002 0.056640983
vt 0.072305001 0.077148020
vt 0.136758000 0.105113983
vt 0.149762005 0.092405975
vt 0.155800998 0.124655008
vt 0.043985002 0.113349974
vt 0.072305001 0.092535019
vt 0.071328998 0.116178989
vt 0.072305001 0.092535019
vt 0.043985002 0.113349974
vt 0.044962000 0.076703012
vt 0.070352003 0.157226980
vt 0.071328998 0.116178989
vt 0.085977003 0.124616981
vt 0.093584001 0.095600009
vt 0.104613997 0.108398020
vt 0.085977003 0.124616981
vt 0.085977003 0.124616981
vt 0.106485002 0.159179986
vt 0.070352003 0.157226980
vt 0.106485002 0.159179986
vt 0.085977003 0.124616981
vt 0.104613997 0.108398020
vt 0.298563987 0.317799985
vt 0.266761988 0.326631010
vt 0.292151988 0.288816988
vt 0.266761988 0.326631010
vt 0.298563987 0.317799985
vt 0.290598989 0.328637004
vt 0.417878002 0.298696995
vt 0.469700992 0.293115020
vt 0.463836014 0.308075011
vt 0.500020027 0.295863986
vt 0.500020027 0.311917007
vt 0.463836014 0.308075011
vt 0.478522986 0.440953016
vt 0.448751986 0.483273029
vt 0.447250992 0.445852995
vt 0.448751986 0.483273029
vt 0.404689014 0.446959972
vt 0.447250992 0.445852995
vt 0.404689014 0.446959972
vt 0.448751986 0.483273029
vt 0.416294992 0.482629001
vt 0.350901991 0.437250018
vt 0.416294992 0.482629001
vt 0.347081989 0.490752995
vt 0.416294992 0.482629001
vt 0.350901991 0.437250018
vt 0.404689014 0.446959972
vt 0.500020027 0.484166980
vt 0.448751986 0.483273029
vt 0.478522986 0.440953016
vt 0.478522986 0.440953016
vt 0.500020027 0.430009961
vt 0.500020027 0.484166980
vt 0.491762996 0.422407985
vt 0.478522986 0.440953016
vt 0.478713006 0.436501026
vt 0.478522986 0.440953016
vt 0.491762996 0.422407985
vt 0.500020027 0.430009961
vt 0.377649009 0.390200019
vt 0.404689014 0.446959972
vt 0.352122009 0.382986009
vt 0.404689014 0.446959972
vt 0.377649009 0.390200019
vt 0.401048988 0.433920026
vt 0.198927000 0.849821985
vt 0.160914004 0.913613975
vt 0.147477999 0.849821985
vt 0.160914004 0.913613975
vt 0.198927000 0.849821985
vt 0.204245999 0.913613975
vt 0.193029001 0.793536007
vt 0.147477999 0.849821985
vt 0.148796007 0.793536007
vt 0.147477999 0.849821985
vt 0.193029001 0.793536007
vt 0.198927000 0.849821985
vt 0.183594003 0.738281012
vt 0.148796007 0.793536007
vt 0.132813007 0.738281012
vt 0.148796007 0.793536007
vt 0.183594003 0.738281012
vt 0.193029001 0.793536007
vt 0.170993999 0.676407993
vt 0.132813007 0.738281012
vt 0.124278001 0.685754001
vt 0.132813007 0.738281012
vt 0.170993999 0.676407993
vt 0.183594003 0.738281012
vt 0.124278001 0.685754001
vt 0.153174996 0.639822006
vt 0.170993999 0.676407993
vt 0.164989993 0.988445997
vt 0.204245999 0.913613975
vt 0.212116003 0.989525020
vt 0.204245999 0.913613975
vt 0.164989993 0.988445997
vt 0.160914004 0.913613975
vt 0.846893013 0.896000028
vt 0.895636022 0.980961025
vt 0.848824978 0.980961025
vt 0.895636022 0.980961025
vt 0.846893013 0.896000028
vt 0.895636022 0.896000028
vt 0.895636022 0.825999975
vt 0.846893013 0.896000028
vt 0.850614011 0.825999975
vt 0.846893013 0.896000028
vt 0.895636022 0.825999975
vt 0.895636022 0.896000028
vt 0.895636022 0.825999975
vt 0.850766003 0.772000015
vt 0.895636022 0.772000015
vt 0.850766003 0.772000015
vt 0.895636022 0.825999975
vt 0.850614011 0.825999975
vt 0.895636022 0.696080983
vt 0.850766003 0.772000015
vt 0.850458026 0.698459983
vt 0.850766003 0.772000015
vt 0.895636022 0.696080983
vt 0.895636022 0.772000015
vt 0.850458026 0.698459983
vt 0.895636022 0.662880003
vt 0.895636022 0.696080983
vt 0.080286004 0.849821985
vt 0.113692999 0.913613975
vt 0.069265999 0.913613975
vt 0.113692999 0.913613975
vt 0.080286004 0.849821985
vt 0.113692999 0.849821985
vt 0.077211000 0.793536007
vt 0.113692999 0.849821985
vt 0.080286004 0.849821985
vt 0.113692999 0.849821985
vt 0.077211000 0.793536007
vt 0.113692999 0.793536007
vt 0.093750000 0.738281012
vt 0.113692999 0.793536007
vt 0.077211000 0.793536007
vt 0.113692999 0.793536007
vt 0.093750000 0.738281012
vt 0.113280997 0.738281012
vt 0.102254003 0.685582995
vt 0.113280997 0.738281012
vt 0.093750000 0.738281012
vt 0.113280997 0.738281012
vt 0.102254003 0.685582995
vt 0.113692999 0.687839985
vt 0.113692999 0.639822006
vt 0.102254003 0.685582995
vt 0.074210003 0.639822006
vt 0.069265999 0.913613975
vt 0.113692999 0.987275004
vt 0.064565003 0.988395989
vt 0.113692999 0.987275004
vt 0.069265999 0.913613975
vt 0.113692999 0.913613975
vt 0.939951003 0.980961025
vt 0.979875028 0.896000028
vt 0.979875028 0.980961025
vt 0.979875028 0.896000028
vt 0.939951003 0.980961025
vt 0.941048980 0.896000028
vt 0.941048980 0.896000028
vt 0.979875028 0.825999975
vt 0.979875028 0.896000028
vt 0.979875028 0.825999975
vt 0.941048980 0.896000028
vt 0.940590978 0.825999975
vt 0.979875028 0.772000015
vt 0.940590978 0.825999975
vt 0.940344989 0.772000015
vt 0.940590978 0.825999975
vt 0.979875028 0.772000015
vt 0.979875028 0.825999975
vt 0.936286986 0.698194027
vt 0.979875028 0.772000015
vt 0.940344989 0.772000015
vt 0.979875028 0.772000015
vt 0.936286986 0.698194027
vt 0.979875028 0.700999975
vt 0.895636022 0.642176986
vt 0.932272017 0.644189000
vt 0.895636022 0.662880003
vt 0.932272017 0.644189000
vt 0.936286986 0.698194027
vt 0.895636022 0.662880003
vt 0.074210003 0.639822006
vt 0.102254003 0.685582995
vt 0.056391999 0.676407993
vt 0.102254003 0.685582995
vt 0.113692999 0.639822006
vt 0.113692999 0.687839985
vt 0.093750000 0.738281012
vt 0.056391999 0.676407993
vt 0.102254003 0.685582995
vt 0.056391999 0.676407993
vt 0.093750000 0.738281012
vt 0.042969000 0.738281012
vt 0.077211000 0.793536007
vt 0.042969000 0.738281012
vt 0.093750000 0.738281012
vt 0.042969000 0.738281012
vt 0.077211000 0.793536007
vt 0.034357000 0.793536007
vt 0.080286004 0.849821985
vt 0.034357000 0.793536007
vt 0.077211000 0.793536007
vt 0.034357000 0.793536007
vt 0.080286004 0.849821985
vt 0.028458999 0.849821985
vt 0.069265999 0.913613975
vt 0.028458999 0.849821985
vt 0.080286004 0.849821985
vt 0.028458999 0.849821985
vt 0.069265999 0.913613975
vt 0.023140000 0.913613975
vt 0.064565003 0.988395989
vt 0.023140000 0.913613975
vt 0.069265999 0.913613975
vt 0.023140000 0.913613975
vt 0.064565003 0.988395989
vt 0.015270000 0.989525020
vt 0.113692999 0.639822006
vt 0.124278001 0.685754001
vt 0.113692999 0.687839985
vt 0.124278001 0.685754001
vt 0.113692999 0.639822006
vt 0.153174996 0.639822006
vt 0.113280997 0.738281012
vt 0.124278001 0.685754001
vt 0.132813007 0.738281012
vt 0.124278001 0.685754001
vt 0.113280997 0.738281012
vt 0.113692999 0.687839985
vt 0.113692999 0.793536007
vt 0.132813007 0.738281012
vt 0.148796007 0.793536007
vt 0.132813007 0.738281012
vt 0.113692999 0.793536007
vt 0.113280997 0.738281012
vt 0.113692999 0.849821985
vt 0.148796007 0.793536007
vt 0.147477999 0.849821985
vt 0.148796007 0.793536007
vt 0.113692999 0.849821985
vt 0.113692999 0.793536007
vt 0.113692999 0.913613975
vt 0.147477999 0.849821985
vt 0.160914004 0.913613975
vt 0.147477999 0.849821985
vt 0.113692999 0.913613975
vt 0.113692999 0.849821985
vt 0.113692999 0.987275004
vt 0.160914004 0.913613975
vt 0.164989993 0.988445997
vt 0.160914004 0.913613975
vt 0.113692999 0.987275004
vt 0.113692999 0.913613975
vt 0.811397016 0.647997022
vt 0.850458026 0.698459983
vt 0.811397016 0.700999975
vt 0.850458026 0.698459983
vt 0.811397016 0.647997022
vt 0.858726978 0.644180000
vt 0.850458026 0.698459983
vt 0.811397016 0.772000015
vt 0.811397016 0.700999975
vt 0.811397016 0.772000015
vt 0.850458026 0.698459983
vt 0.850766003 0.772000015
vt 0.850614011 0.825999975
vt 0.811397016 0.772000015
vt 0.850766003 0.772000015
vt 0.811397016 0.772000015
vt 0.850614011 0.825999975
vt 0.811397016 0.825999975
vt 0.846893013 0.896000028
vt 0.811397016 0.825999975
vt 0.850614011 0.825999975
vt 0.811397016 0.825999975
vt 0.846893013 0.896000028
vt 0.811397016 0.896000028
vt 0.848824978 0.980961025
vt 0.811397016 0.896000028
vt 0.846893013 0.896000028
vt 0.811397016 0.896000028
vt 0.848824978 0.980961025
vt 0.811397016 0.980961025
vt 0.895636022 0.662880003
vt 0.936286986 0.698194027
vt 0.895636022 0.696080983
vt 0.895636022 0.696080983
vt 0.940344989 0.772000015
vt 0.895636022 0.772000015
vt 0.940344989 0.772000015
vt 0.895636022 0.696080983
vt 0.936286986 0.698194027
vt 0.895636022 0.825999975
vt 0.940344989 0.772000015
vt 0.940590978 0.825999975
vt 0.940344989 0.772000015
vt 0.895636022 0.825999975
vt 0.895636022 0.772000015
vt 0.941048980 0.896000028
vt 0.895636022 0.825999975
vt 0.940590978 0.825999975
vt 0.895636022 0.825999975
vt 0.941048980 0.896000028
vt 0.895636022 0.896000028
vt 0.895636022 0.980961025
vt 0.941048980 0.896000028
vt 0.939951003 0.980961025
vt 0.941048980 0.896000028
vt 0.895636022 0.980961025
vt 0.895636022 0.896000028
vt 0.850458026 0.698459983
vt 0.858726978 0.644180000
vt 0.895636022 0.662880003
vt 0.858726978 0.644180000
vt 0.895636022 0.642176986
vt 0.895636022 0.662880003
vt 0.979875028 0.647997022
vt 0.936286986 0.698194027
vt 0.932272017 0.644189000
vt 0.936286986 0.698194027
vt 0.979875028 0.647997022
vt 0.979875028 0.700999975
vt 0.511838019 0.164178014
vt 0.516722977 0.180070996
vt 0.508774996 0.178252995
vt 0.488202006 0.164178014
vt 0.483316988 0.180070996
vt 0.477405012 0.154989004
vt 0.508211017 0.185365021
vt 0.516713977 0.185990989
vt 0.507490993 0.190946996
vt 0.468695998 0.179243982
vt 0.483325988 0.185990989
vt 0.480771005 0.215406001
vt 0.516713977 0.185990989
vt 0.531343997 0.179243982
vt 0.519268990 0.215406001
vt 0.491264999 0.178252995
vt 0.500020027 0.179464996
vt 0.491196990 0.180235982
vt 0.500020027 0.179464996
vt 0.508774996 0.178252995
vt 0.508843005 0.180235982
vt 0.483325988 0.185990989
vt 0.491196990 0.180235982
vt 0.491829008 0.185365021
vt 0.508843005 0.180235982
vt 0.516713977 0.185990989
vt 0.508211017 0.185365021
vn 0.186095952 -0.962866433 0.195592764
vn 0.060913690 -0.906278074 0.418269740
vn -0.111062411 -0.827557251 0.550285505
vn 0.694721674 -0.681144079 0.231094222
vn 0.331060626 -0.941967764 0.055638053
vn 0.224536345 -0.908918690 0.351354869
vn 0.331060626 -0.941967764 0.055638053
vn 0.694721674 -0.681144079 0.231094222
vn 0.865195214 -0.497334769 -0.063995078
vn 0.256990344 0.737578014 0.624447464
vn 0.382709689 0.820096823 0.425410971
vn 0.032965671 0.147733690 0.988477628
vn 0.382709689 0.820096823 0.425410971
vn 0.256990344 0.737578014 0.624447464
vn 0.032276345 0.841563692 0.539192721
vn 0.757461400 0.637037139 0.142954229
vn 0.112237388 0.929063057 0.352483482
vn 0.090008348 0.974474452 0.205664875
vn 0.112237388 0.929063057 0.352483482
vn 0.757461400 0.637037139 0.142954229
vn 0.770590396 0.528481104 0.356227685
vn 0.949790044 -0.200377351 0.240307699
vn 0.757461400 0.637037139 0.142954229
vn 0.984254472 0.088471365 0.153022715
vn 0.757461400 0.637037139 0.142954229
vn 0.949790044 -0.200377351 0.240307699
vn 0.770590396 0.528481104 0.356227685
vn 0.533124238 -0.843680497 0.063101226
vn 0.874109743 -0.416043313 0.250679315
vn 0.434201513 -0.893569644 0.114027793
vn 0.874109743 -0.416043313 0.250679315
vn 0.533124238 -0.843680497 0.063101226
vn 0.949790044 -0.200377351 0.240307699
vn 0.224536345 -0.908918690 0.351354869
vn -0.162964575 -0.979406403 0.119187434
vn -0.034221789 -0.961877046 0.271332668
vn -0.162964575 -0.979406403 0.119187434
vn 0.224536345 -0.908918690 0.351354869
vn 0.331060626 -0.941967764 0.055638053
vn 0.090008348 0.974474452 0.205664875
vn -0.204186660 0.955238319 0.214073731
vn -0.204117084 0.951259060 0.231176159
vn -0.204186660 0.955238319 0.214073731
vn 0.090008348 0.974474452 0.205664875
vn 0.112237388 0.929063057 0.352483482
vn 0.061422448 0.993331835 0.097566121
vn -0.058824577 0.998268314 -0.000204533
vn -0.124144329 0.987107670 0.101027888
vn -0.058824577 0.998268314 -0.000204533
vn 0.061422448 0.993331835 0.097566121
vn 0.025273237 0.998321985 -0.052100646
vn 0.643500129 -0.476386988 0.599135228
vn 0.447222574 0.889126810 0.097187889
vn 0.840398144 -0.163032814 0.516866774
vn 0.447222574 0.889126810 0.097187889
vn 0.643500129 -0.476386988 0.599135228
vn 0.656557187 0.734719032 0.170647604
vn 0.447222574 0.889126810 0.097187889
vn 0.999128931 -0.019258426 0.037020157
vn 0.840398144 -0.163032814 0.516866774
vn 0.999128931 -0.019258426 0.037020157
vn 0.447222574 0.889126810 0.097187889
vn 0.247027057 0.932232440 -0.264424489
vn -0.271204034 -0.957626121 -0.096956613
vn -0.696833520 -0.446124071 -0.561601602
vn -0.399549465 0.472139559 -0.785776343
vn -0.696833520 -0.446124071 -0.561601602
vn -0.271204034 -0.957626121 -0.096956613
vn 0.083362261 -0.975222877 0.204917234
vn 0.083362261 -0.975222877 0.204917234
vn -0.348887738 -0.923511115 -0.159388101
vn -0.696833520 -0.446124071 -0.561601602
vn -0.348887738 -0.923511115 -0.159388101
vn 0.083362261 -0.975222877 0.204917234
vn 0.428775158 -0.882020847 0.195425408
vn -0.696833520 -0.446124071 -0.561601602
vn -0.392992180 0.750383584 -0.531490003
vn -0.399549465 0.472139559 -0.785776343
vn -0.392992180 0.750383584 -0.531490003
vn -0.696833520 -0.446124071 -0.561601602
vn -0.482938400 0.575489103 -0.659986965
vn -0.696833520 -0.446124071 -0.561601602
vn -0.680593261 0.657270002 -0.323711225
vn -0.482938400 0.575489103 -0.659986965
vn -0.680593261 0.657270002 -0.323711225
vn -0.696833520 -0.446124071 -0.561601602
vn -0.348887738 -0.923511115 -0.159388101
vn -0.392992180 0.750383584 -0.531490003
vn 0.447222574 0.889126810 0.097187889
vn 0.656557187 0.734719032 0.170647604
vn 0.447222574 0.889126810 0.097187889
vn -0.392992180 0.750383584 -0.531490003
vn -0.482938400 0.575489103 -0.659986965
vn -0.482938400 0.575489103 -0.659986965
vn 0.247027057 0.932232440 -0.264424489
vn 0.447222574 0.889126810 0.097187889
vn 0.247027057 0.932232440 -0.264424489
vn -0.482938400 0.575489103 -0.659986965
vn -0.680593261 0.657270002 -0.323711225
vn -0.065011477 0.809702988 -0.583227725
vn -0.667506934 -0.256994201 -0.698847962
vn -0.065200265 -0.441899306 -0.894692086
vn -0.667506934 -0.256994201 -0.698847962
vn -0.065011477 0.809702988 -0.583227725
vn -0.586943233 0.642583860 -0.492527790
vn 0.835923975 0.158779444 -0.525376242
vn 0.332405868 0.879271807 -0.341156018
vn 0.817856570 0.276589753 -0.504587693
vn 0.332405868 0.879271807 -0.341156018
vn 0.835923975 0.158779444 -0.525376242
vn 0.344286571 0.924435078 -0.163971168
vn 0.817856570 0.276589753 -0.504587693
vn 0.313209789 0.948010281 -0.056357202
vn 0.971243643 0.021187575 0.237143150
vn 0.313209789 0.948010281 -0.056357202
vn 0.817856570 0.276589753 -0.504587693
vn 0.332405868 0.879271807 -0.341156018
vn 0.167138712 -0.980355132 -0.104730443
vn -0.713085662 -0.646424976 0.271373521
vn -0.686081484 -0.440444356 0.579051783
vn -0.713085662 -0.646424976 0.271373521
vn 0.167138712 -0.980355132 -0.104730443
vn 0.052018758 -0.991427334 -0.119857794
vn 0.052018758 -0.991427334 -0.119857794
vn -0.643113604 -0.702073864 0.305773089
vn -0.713085662 -0.646424976 0.271373521
vn -0.643113604 -0.702073864 0.305773089
vn 0.052018758 -0.991427334 -0.119857794
vn 0.030983789 -0.988873746 0.145494742
vn -0.686081484 -0.440444356 0.579051783
vn -0.763821601 0.583545349 0.275774161
vn -0.595194720 0.659794059 0.458710197
vn -0.763821601 0.583545349 0.275774161
vn -0.686081484 -0.440444356 0.579051783
vn -0.713085662 -0.646424976 0.271373521
vn -0.713085662 -0.646424976 0.271373521
vn -0.703072923 0.651644817 0.284688421
vn -0.763821601 0.583545349 0.275774161
vn -0.703072923 0.651644817 0.284688421
vn -0.713085662 -0.646424976 0.271373521
vn -0.643113604 -0.702073864 0.305773089
vn -0.595194720 0.659794059 0.458710197
vn 0.332405868 0.879271807 -0.341156018
vn 0.344286571 0.924435078 -0.163971168
vn 0.332405868 0.879271807 -0.341156018
vn -0.595194720 0.659794059 0.458710197
vn -0.763821601 0.583545349 0.275774161
vn -0.763821601 0.583545349 0.275774161
vn 0.313209789 0.948010281 -0.056357202
vn 0.332405868 0.879271807 -0.341156018
vn 0.313209789 0.948010281 -0.056357202
vn -0.763821601 0.583545349 0.275774161
vn -0.703072923 0.651644817 0.284688421
vn 0.656557187 0.734719032 0.170647604
vn 0.874109743 -0.416043313 0.250679315
vn 0.933540769 0.352059065 0.067498504
vn 0.874109743 -0.416043313 0.250679315
vn 0.656557187 0.734719032 0.170647604
vn 0.643500129 -0.476386988 0.599135228
vn 0.434201513 -0.893569644 0.114027793
vn -0.271204034 -0.957626121 -0.096956613
vn 0.195392878 -0.865628418 -0.460987056
vn 0.090008348 0.974474452 0.205664875
vn 0.693598922 0.719891585 0.026012310
vn 0.757461400 0.637037139 0.142954229
vn 0.693598922 0.719891585 0.026012310
vn 0.090008348 0.974474452 0.205664875
vn 0.098115711 0.991549326 -0.084871911
vn 0.098115711 0.991549326 -0.084871911
vn 0.387496339 0.860259533 -0.331361017
vn 0.693598922 0.719891585 0.026012310
vn 0.387496339 0.860259533 -0.331361017
vn 0.098115711 0.991549326 -0.084871911
vn 0.035495582 0.812763153 -0.581511926
vn 0.035495582 0.812763153 -0.581511926
vn -0.399549465 0.472139559 -0.785776343
vn 0.387496339 0.860259533 -0.331361017
vn 0.835923975 0.158779444 -0.525376242
vn 0.247027057 0.932232440 -0.264424489
vn 0.344286571 0.924435078 -0.163971168
vn 0.247027057 0.932232440 -0.264424489
vn 0.835923975 0.158779444 -0.525376242
vn 0.999128931 -0.019258426 0.037020157
vn 0.344286571 0.924435078 -0.163971168
vn -0.680593261 0.657270002 -0.323711225
vn -0.595194720 0.659794059 0.458710197
vn -0.680593261 0.657270002 -0.323711225
vn 0.344286571 0.924435078 -0.163971168
vn 0.247027057 0.932232440 -0.264424489
vn -0.680593261 0.657270002 -0.323711225
vn -0.686081484 -0.440444356 0.579051783
vn -0.595194720 0.659794059 0.458710197
vn -0.686081484 -0.440444356 0.579051783
vn -0.680593261 0.657270002 -0.323711225
vn -0.348887738 -0.923511115 -0.159388101
vn -0.348887738 -0.923511115 -0.159388101
vn 0.167138712 -0.980355132 -0.104730443
vn -0.686081484 -0.440444356 0.579051783
vn 0.167138712 -0.980355132 -0.104730443
vn -0.348887738 -0.923511115 -0.159388101
vn 0.428775158 -0.882020847 0.195425408
vn 0.757461400 0.637037139 0.142954229
vn 0.933540769 0.352059065 0.067498504
vn 0.984254472 0.088471365 0.153022715
vn 0.933540769 0.352059065 0.067498504
vn 0.757461400 0.637037139 0.142954229
vn 0.693598922 0.719891585 0.026012310
vn 0.693598922 0.719891585 0.026012310
vn 0.656557187 0.734719032 0.170647604
vn 0.933540769 0.352059065 0.067498504
vn 0.656557187 0.734719032 0.170647604
vn 0.693598922 0.719891585 0.026012310
vn 0.387496339 0.860259533 -0.331361017
vn 0.387496339 0.860259533 -0.331361017
vn -0.392992180 0.750383584 -0.531490003
vn 0.656557187 0.734719032 0.170647604
vn 0.198429719 0.966316458 0.163884561
vn 0.576133396 0.809655613 -0.111928991
vn 0.061422448 0.993331835 0.097566121
vn 0.971875119 0.158594580 -0.174087655
vn 0.954299126 -0.214849572 -0.207732615
vn 0.971735849 -0.069270687 -0.225678999
vn 0.856043593 -0.129133785 -0.500513569
vn 0.559744192 -0.754179417 -0.343365471
vn 0.299993816 -0.373715925 -0.877690217
vn 0.559744192 -0.754179417 -0.343365471
vn 0.856043593 -0.129133785 -0.500513569
vn 0.954299126 -0.214849572 -0.207732615
vn 0.559744192 -0.754179417 -0.343365471
vn -0.171516787 -0.626012575 -0.760716930
vn 0.299993816 -0.373715925 -0.877690217
vn -0.171516787 -0.626012575 -0.760716930
vn 0.559744192 -0.754179417 -0.343365471
vn 0.182838881 -0.947139283 -0.263623070
vn -0.762955678 0.483235876 0.429396927
vn -0.593264938 -0.754346886 0.281064920
vn -0.632503198 -0.744909634 0.212248300
vn -0.380337942 0.800386154 0.463384349
vn -0.833767580 -0.319222821 0.450475763
vn -0.593264938 -0.754346886 0.281064920
vn -0.833767580 -0.319222821 0.450475763
vn -0.380337942 0.800386154 0.463384349
vn -0.298804176 0.924061138 0.238384307
vn -0.020907402 -0.966533427 -0.255687337
vn -0.593264938 -0.754346886 0.281064920
vn 0.592940826 -0.673672096 -0.441120261
vn -0.593264938 -0.754346886 0.281064920
vn -0.020907402 -0.966533427 -0.255687337
vn -0.632503198 -0.744909634 0.212248300
vn -0.593264938 -0.754346886 0.281064920
vn 0.151371808 -0.959953134 -0.235746807
vn 0.592940826 -0.673672096 -0.441120261
vn 0.151371808 -0.959953134 -0.235746807
vn -0.593264938 -0.754346886 0.281064920
vn -0.833767580 -0.319222821 0.450475763
vn 0.683159464 0.634845085 -0.360922242
vn -0.020907402 -0.966533427 -0.255687337
vn 0.784166130 0.018815125 -0.620265646
vn -0.020907402 -0.966533427 -0.255687337
vn 0.683159464 0.634845085 -0.360922242
vn 0.342000456 -0.776811792 -0.528771338
vn 0.592940826 -0.673672096 -0.441120261
vn 0.842373312 0.417205386 -0.341096570
vn 0.685951003 0.671928268 -0.279255481
vn 0.842373312 0.417205386 -0.341096570
vn 0.592940826 -0.673672096 -0.441120261
vn 0.151371808 -0.959953134 -0.235746807
vn 0.101839579 0.992232512 -0.071437679
vn 0.685951003 0.671928268 -0.279255481
vn -0.380337942 0.800386154 0.463384349
vn 0.685951003 0.671928268 -0.279255481
vn -0.298804176 0.924061138 0.238384307
vn -0.380337942 0.800386154 0.463384349
vn -0.298804176 0.924061138 0.238384307
vn 0.685951003 0.671928268 -0.279255481
vn 0.842373312 0.417205386 -0.341096570
vn -0.565140987 0.804974445 0.180642763
vn -0.792456183 -0.566357943 0.226388776
vn -0.633505718 -0.772026601 0.051433776
vn -0.792456183 -0.566357943 0.226388776
vn -0.565140987 0.804974445 0.180642763
vn -0.169144229 0.953608065 0.249041942
vn -0.169144229 0.953608065 0.249041942
vn -0.674659444 -0.738067195 0.009563022
vn -0.792456183 -0.566357943 0.226388776
vn -0.674659444 -0.738067195 0.009563022
vn -0.169144229 0.953608065 0.249041942
vn -0.060160862 0.996564177 -0.056925490
vn -0.633505718 -0.772026601 0.051433776
vn 0.249529263 -0.967779547 0.033732710
vn 0.669392972 -0.721130340 -0.178561146
vn 0.249529263 -0.967779547 0.033732710
vn -0.633505718 -0.772026601 0.051433776
vn -0.792456183 -0.566357943 0.226388776
vn -0.792456183 -0.566357943 0.226388776
vn 0.090888156 -0.995850169 -0.004667416
vn 0.249529263 -0.967779547 0.033732710
vn 0.090888156 -0.995850169 -0.004667416
vn -0.792456183 -0.566357943 0.226388776
vn -0.674659444 -0.738067195 0.009563022
vn 0.669392972 -0.721130340 -0.178561146
vn 0.793727101 0.606819595 0.042038885
vn 0.687980128 0.725700236 -0.006520102
vn 0.793727101 0.606819595 0.042038885
vn 0.669392972 -0.721130340 -0.178561146
vn 0.249529263 -0.967779547 0.033732710
vn 0.249529263 -0.967779547 0.033732710
vn 0.891001433 0.447559099 -0.076205644
vn 0.793727101 0.606819595 0.042038885
vn 0.891001433 0.447559099 -0.076205644
vn 0.249529263 -0.967779547 0.033732710
vn 0.090888156 -0.995850169 -0.004667416
vn 0.687980128 0.725700236 -0.006520102
vn -0.169144229 0.953608065 0.249041942
vn -0.565140987 0.804974445 0.180642763
vn -0.169144229 0.953608065 0.249041942
vn 0.687980128 0.725700236 -0.006520102
vn 0.793727101 0.606819595 0.042038885
vn 0.793727101 0.606819595 0.042038885
vn -0.060160862 0.996564177 -0.056925490
vn -0.169144229 0.953608065 0.249041942
vn -0.060160862 0.996564177 -0.056925490
vn 0.793727101 0.606819595 0.042038885
vn 0.891001433 0.447559099 -0.076205644
vn 0.066470390 0.978676490 0.194355385
vn 0.063039872 -0.895530000 0.440513329
vn -0.338806235 -0.927355433 0.158815097
vn 0.063039872 -0.895530000 0.440513329
vn 0.066470390 0.978676490 0.194355385
vn 0.679804588 0.708808958 0.188296531
vn -0.902567162 -0.322728899 -0.284988728
vn 0.013210432 0.521569271 0.853106664
vn 0.238940713 -0.899967903 0.364643812
vn 0.013210432 0.521569271 0.853106664
vn -0.902567162 -0.322728899 -0.284988728
vn -0.455371040 0.872232168 0.178460813
vn 0.157666458 -0.987416467 -0.012247823
vn -0.357017751 -0.918324864 0.170932062
vn -0.121633390 -0.989370574 0.079694320
vn -0.357017751 -0.918324864 0.170932062
vn 0.157666458 -0.987416467 -0.012247823
vn -0.577981970 -0.808056600 -0.113935827
vn 0.157666458 -0.987416467 -0.012247823
vn 0.506725525 0.861757096 0.024575379
vn 0.549528832 0.830413126 -0.091826479
vn 0.506725525 0.861757096 0.024575379
vn 0.157666458 -0.987416467 -0.012247823
vn -0.121633390 -0.989370574 0.079694320
vn -0.067183135 0.987703894 -0.141164601
vn 0.506725525 0.861757096 0.024575379
vn 0.180945726 0.981977513 0.054578466
vn 0.506725525 0.861757096 0.024575379
vn -0.067183135 0.987703894 -0.141164601
vn 0.549528832 0.830413126 -0.091826479
vn 0.842373312 0.417205386 -0.341096570
vn -0.565140987 0.804974445 0.180642763
vn -0.298804176 0.924061138 0.238384307
vn -0.565140987 0.804974445 0.180642763
vn 0.842373312 0.417205386 -0.341096570
vn 0.687980128 0.725700236 -0.006520102
vn -0.298804176 0.924061138 0.238384307
vn -0.633505718 -0.772026601 0.051433776
vn -0.833767580 -0.319222821 0.450475763
vn -0.633505718 -0.772026601 0.051433776
vn -0.298804176 0.924061138 0.238384307
vn -0.565140987 0.804974445 0.180642763
vn 0.151371808 -0.959953134 -0.235746807
vn -0.633505718 -0.772026601 0.051433776
vn 0.669392972 -0.721130340 -0.178561146
vn -0.633505718 -0.772026601 0.051433776
vn 0.151371808 -0.959953134 -0.235746807
vn -0.833767580 -0.319222821 0.450475763
vn 0.669392972 -0.721130340 -0.178561146
vn 0.842373312 0.417205386 -0.341096570
vn 0.151371808 -0.959953134 -0.235746807
vn 0.842373312 0.417205386 -0.341096570
vn 0.669392972 -0.721130340 -0.178561146
vn 0.687980128 0.725700236 -0.006520102
vn 0.223956510 0.926314893 0.302959073
vn 0.101839579 0.992232512 -0.071437679
vn -0.329889315 0.108785353 0.937730658
vn -0.329889315 0.108785353 0.937730658
vn 0.032965671 0.147733690 0.988477628
vn 0.223956510 0.926314893 0.302959073
vn 0.032965671 0.147733690 0.988477628
vn -0.329889315 0.108785353 0.937730658
vn -0.067527157 -0.551109210 0.831696292
vn 0.576133396 0.809655613 -0.111928991
vn 0.025273237 0.998321985 -0.052100646
vn 0.061422448 0.993331835 0.097566121
vn 0.025273237 0.998321985 -0.052100646
vn 0.576133396 0.809655613 -0.111928991
vn 0.443678584 0.888411083 -0.117792454
vn 0.032965671 0.147733690 0.988477628
vn 0.465779961 -0.411349665 0.783479726
vn 0.256990344 0.737578014 0.624447464
vn 0.105540115 -0.878750648 0.465465984
vn 0.186095952 -0.962866433 0.195592764
vn -0.111062411 -0.827557251 0.550285505
vn 0.186095952 -0.962866433 0.195592764
vn 0.105540115 -0.878750648 0.465465984
vn 0.807767228 -0.514050114 -0.288556034
vn -0.762955678 0.483235876 0.429396927
vn 0.807767228 -0.514050114 -0.288556034
vn 0.105540115 -0.878750648 0.465465984
vn 0.382709689 0.820096823 0.425410971
vn 0.032276345 0.841563692 0.539192721
vn 0.118923246 0.987123081 0.106982632
vn 0.118923246 0.987123081 0.106982632
vn -0.033464064 0.937111904 0.347421123
vn -0.035094716 0.999377245 0.003671800
vn -0.033464064 0.937111904 0.347421123
vn 0.118923246 0.987123081 0.106982632
vn 0.032276345 0.841563692 0.539192721
vn 0.223956510 0.926314893 0.302959073
vn 0.032965671 0.147733690 0.988477628
vn 0.382709689 0.820096823 0.425410971
vn 0.683159464 0.634845085 -0.360922242
vn 0.382709689 0.820096823 0.425410971
vn 0.563828804 0.812488804 0.148185770
vn 0.342000456 -0.776811792 -0.528771338
vn 0.830931112 -0.309951153 -0.462043039
vn 0.053835413 -0.986932613 -0.151874175
vn 0.830931112 -0.309951153 -0.462043039
vn 0.342000456 -0.776811792 -0.528771338
vn 0.860596096 0.076955492 -0.503440375
vn 0.747215641 -0.662516866 -0.052346803
vn 0.053835413 -0.986932613 -0.151874175
vn 0.830931112 -0.309951153 -0.462043039
vn 0.983881921 -0.048634239 -0.172078694
vn 0.985302033 0.016927723 -0.169980460
vn 0.856043593 -0.129133785 -0.500513569
vn 0.971735849 -0.069270687 -0.225678999
vn 0.914340497 0.286588787 -0.286091458
vn 0.971875119 0.158594580 -0.174087655
vn -0.060160862 0.996564177 -0.056925490
vn -0.577981970 -0.808056600 -0.113935827
vn -0.674659444 -0.738067195 0.009563022
vn -0.577981970 -0.808056600 -0.113935827
vn -0.060160862 0.996564177 -0.056925490
vn -0.067183135 0.987703894 -0.141164601
vn -0.060160862 0.996564177 -0.056925490
vn 0.549528832 0.830413126 -0.091826479
vn -0.067183135 0.987703894 -0.141164601
vn 0.549528832 0.830413126 -0.091826479
vn -0.060160862 0.996564177 -0.056925490
vn 0.891001433 0.447559099 -0.076205644
vn 0.891001433 0.447559099 -0.076205644
vn 0.157666458 -0.987416467 -0.012247823
vn 0.549528832 0.830413126 -0.091826479
vn 0.157666458 -0.987416467 -0.012247823
vn 0.891001433 0.447559099 -0.076205644
vn 0.090888156 -0.995850169 -0.004667416
vn 0.157666458 -0.987416467 -0.012247823
vn -0.674659444 -0.738067195 0.009563022
vn -0.577981970 -0.808056600 -0.113935827
vn -0.674659444 -0.738067195 0.009563022
vn 0.157666458 -0.987416467 -0.012247823
vn 0.090888156 -0.995850169 -0.004667416
vn 0.256990344 0.737578014 0.624447464
vn 0.841672229 0.521453033 -0.140266154
vn 0.107186613 0.907431674 -0.406298888
vn 0.841672229 0.521453033 -0.140266154
vn 0.256990344 0.737578014 0.624447464
vn 0.465779961 -0.411349665 0.783479726
vn -0.110513754 0.928859522 0.353562864
vn 0.107186613 0.907431674 -0.406298888
vn -0.465371350 0.813742581 -0.348213323
vn 0.107186613 0.907431674 -0.406298888
vn -0.110513754 0.928859522 0.353562864
vn 0.256990344 0.737578014 0.624447464
vn -0.121633390 -0.989370574 0.079694320
vn -0.338806235 -0.927355433 0.158815097
vn 0.063039872 -0.895530000 0.440513329
vn -0.338806235 -0.927355433 0.158815097
vn -0.121633390 -0.989370574 0.079694320
vn -0.357017751 -0.918324864 0.170932062
vn -0.357017751 -0.918324864 0.170932062
vn 0.066470390 0.978676490 0.194355385
vn -0.338806235 -0.927355433 0.158815097
vn 0.066470390 0.978676490 0.194355385
vn -0.357017751 -0.918324864 0.170932062
vn 0.180945726 0.981977513 0.054578466
vn 0.066470390 0.978676490 0.194355385
vn 0.506725525 0.861757096 0.024575379
vn 0.679804588 0.708808958 0.188296531
vn 0.506725525 0.861757096 0.024575379
vn 0.066470390 0.978676490 0.194355385
vn 0.180945726 0.981977513 0.054578466
vn 0.679804588 0.708808958 0.188296531
vn -0.121633390 -0.989370574 0.079694320
vn 0.063039872 -0.895530000 0.440513329
vn -0.121633390 -0.989370574 0.079694320
vn 0.679804588 0.708808958 0.188296531
vn 0.506725525 0.861757096 0.024575379
vn -0.067183135 0.987703894 -0.141164601
vn -0.589846565 -0.691539009 -0.416959025
vn -0.577981970 -0.808056600 -0.113935827
vn -0.589846565 -0.691539009 -0.416959025
vn -0.067183135 0.987703894 -0.141164601
vn -0.649121470 0.710265749 -0.272330467
vn -0.589846565 -0.691539009 -0.416959025
vn -0.357017751 -0.918324864 0.170932062
vn -0.577981970 -0.808056600 -0.113935827
vn -0.357017751 -0.918324864 0.170932062
vn -0.589846565 -0.691539009 -0.416959025
vn 0.539694754 -0.679081676 0.497571754
vn -0.357017751 -0.918324864 0.170932062
vn -0.049852999 0.918183785 0.393005362
vn 0.180945726 0.981977513 0.054578466
vn -0.049852999 0.918183785 0.393005362
vn -0.357017751 -0.918324864 0.170932062
vn 0.539694754 -0.679081676 0.497571754
vn -0.049852999 0.918183785 0.393005362
vn -0.067183135 0.987703894 -0.141164601
vn 0.180945726 0.981977513 0.054578466
vn -0.067183135 0.987703894 -0.141164601
vn -0.049852999 0.918183785 0.393005362
vn -0.649121470 0.710265749 -0.272330467
vn -0.649121470 0.710265749 -0.272330467
vn -0.902567162 -0.322728899 -0.284988728
vn -0.589846565 -0.691539009 -0.416959025
vn -0.902567162 -0.322728899 -0.284988728
vn -0.649121470 0.710265749 -0.272330467
vn -0.455371040 0.872232168 0.178460813
vn -0.589846565 -0.691539009 -0.416959025
vn 0.238940713 -0.899967903 0.364643812
vn 0.539694754 -0.679081676 0.497571754
vn 0.238940713 -0.899967903 0.364643812
vn -0.589846565 -0.691539009 -0.416959025
vn -0.902567162 -0.322728899 -0.284988728
vn 0.539694754 -0.679081676 0.497571754
vn 0.013210432 0.521569271 0.853106664
vn -0.049852999 0.918183785 0.393005362
vn 0.013210432 0.521569271 0.853106664
vn 0.539694754 -0.679081676 0.497571754
vn 0.238940713 -0.899967903 0.364643812
vn -0.049852999 0.918183785 0.393005362
vn -0.455371040 0.872232168 0.178460813
vn -0.649121470 0.710265749 -0.272330467
vn -0.455371040 0.872232168 0.178460813
vn -0.049852999 0.918183785 0.393005362
vn 0.013210432 0.521569271 0.853106664
vn 0.323983076 0.818871344 0.473798151
vn 0.801853184 0.575001493 -0.162495398
vn 0.670409205 0.129672658 0.730572720
vn 0.801853184 0.575001493 -0.162495398
vn 0.323983076 0.818871344 0.473798151
vn 0.043245858 0.321033735 -0.946079879
vn -0.562320273 -0.806858055 0.181041406
vn -0.065200265 -0.441899306 -0.894692086
vn -0.667506934 -0.256994201 -0.698847962
vn -0.065200265 -0.441899306 -0.894692086
vn -0.562320273 -0.806858055 0.181041406
vn -0.057208777 -0.997653842 -0.037602770
vn -0.643113604 -0.702073864 0.305773089
vn -0.738491943 0.610462893 0.286294789
vn -0.703072923 0.651644817 0.284688421
vn -0.738491943 0.610462893 0.286294789
vn -0.643113604 -0.702073864 0.305773089
vn -0.562320273 -0.806858055 0.181041406
vn -0.065011477 0.809702988 -0.583227725
vn -0.738491943 0.610462893 0.286294789
vn -0.586943233 0.642583860 -0.492527790
vn -0.738491943 0.610462893 0.286294789
vn -0.065011477 0.809702988 -0.583227725
vn 0.024134898 0.982971482 0.182166330
vn 0.971243643 0.021187575 0.237143150
vn 0.323983076 0.818871344 0.473798151
vn 0.670409205 0.129672658 0.730572720
vn 0.323983076 0.818871344 0.473798151
vn 0.971243643 0.021187575 0.237143150
vn 0.313209789 0.948010281 -0.056357202
vn -0.065200265 -0.441899306 -0.894692086
vn 0.143443117 -0.951841309 0.270965302
vn 0.049082687 -0.210125167 -0.976441654
vn 0.143443117 -0.951841309 0.270965302
vn -0.065200265 -0.441899306 -0.894692086
vn -0.057208777 -0.997653842 -0.037602770
vn -0.065200265 -0.441899306 -0.894692086
vn 0.043245858 0.321033735 -0.946079879
vn -0.065011477 0.809702988 -0.583227725
vn 0.043245858 0.321033735 -0.946079879
vn -0.065200265 -0.441899306 -0.894692086
vn 0.049082687 -0.210125167 -0.976441654
vn -0.065011477 0.809702988 -0.583227725
vn 0.323983076 0.818871344 0.473798151
vn 0.024134898 0.982971482 0.182166330
vn 0.323983076 0.818871344 0.473798151
vn -0.065011477 0.809702988 -0.583227725
vn 0.043245858 0.321033735 -0.946079879
vn 0.434201513 -0.893569644 0.114027793
vn 0.643500129 -0.476386988 0.599135228
vn -0.271204034 -0.957626121 -0.096956613
vn 0.874109743 -0.416043313 0.250679315
vn 0.643500129 -0.476386988 0.599135228
vn 0.434201513 -0.893569644 0.114027793
vn 0.643500129 -0.476386988 0.599135228
vn 0.840398144 -0.163032814 0.516866774
vn 0.083362261 -0.975222877 0.204917234
vn 0.840398144 -0.163032814 0.516866774
vn 0.428775158 -0.882020847 0.195425408
vn 0.083362261 -0.975222877 0.204917234
vn 0.428775158 -0.882020847 0.195425408
vn 0.840398144 -0.163032814 0.516866774
vn 0.999128931 -0.019258426 0.037020157
vn 0.999128931 -0.019258426 0.037020157
vn 0.167138712 -0.980355132 -0.104730443
vn 0.428775158 -0.882020847 0.195425408
vn 0.167138712 -0.980355132 -0.104730443
vn 0.999128931 -0.019258426 0.037020157
vn 0.835923975 0.158779444 -0.525376242
vn 0.167138712 -0.980355132 -0.104730443
vn 0.817856570 0.276589753 -0.504587693
vn 0.052018758 -0.991427334 -0.119857794
vn 0.817856570 0.276589753 -0.504587693
vn 0.167138712 -0.980355132 -0.104730443
vn 0.835923975 0.158779444 -0.525376242
vn 0.052018758 -0.991427334 -0.119857794
vn 0.971243643 0.021187575 0.237143150
vn 0.030983789 -0.988873746 0.145494742
vn 0.971243643 0.021187575 0.237143150
vn 0.052018758 -0.991427334 -0.119857794
vn 0.817856570 0.276589753 -0.504587693
vn 0.971243643 0.021187575 0.237143150
vn 0.143443117 -0.951841309 0.270965302
vn 0.030983789 -0.988873746 0.145494742
vn 0.143443117 -0.951841309 0.270965302
vn 0.971243643 0.021187575 0.237143150
vn 0.670409205 0.129672658 0.730572720
vn 0.670409205 0.129672658 0.730572720
vn 0.049082687 -0.210125167 -0.976441654
vn 0.143443117 -0.951841309 0.270965302
vn 0.049082687 -0.210125167 -0.976441654
vn 0.670409205 0.129672658 0.730572720
vn 0.801853184 0.575001493 -0.162495398
vn 0.143443117 -0.951841309 0.270965302
vn -0.057208777 -0.997653842 -0.037602770
vn 0.030983789 -0.988873746 0.145494742
vn 0.030983789 -0.988873746 0.145494742
vn -0.562320273 -0.806858055 0.181041406
vn -0.643113604 -0.702073864 0.305773089
vn -0.562320273 -0.806858055 0.181041406
vn 0.030983789 -0.988873746 0.145494742
vn -0.057208777 -0.997653842 -0.037602770
vn -0.738491943 0.610462893 0.286294789
vn -0.667506934 -0.256994201 -0.698847962
vn -0.586943233 0.642583860 -0.492527790
vn -0.667506934 -0.256994201 -0.698847962
vn -0.738491943 0.610462893 0.286294789
vn -0.562320273 -0.806858055 0.181041406
vn -0.703072923 0.651644817 0.284688421
vn 0.024134898 0.982971482 0.182166330
vn 0.313209789 0.948010281 -0.056357202
vn 0.024134898 0.982971482 0.182166330
vn -0.703072923 0.651644817 0.284688421
vn -0.738491943 0.610462893 0.286294789
vn 0.024134898 0.982971482 0.182166330
vn 0.323983076 0.818871344 0.473798151
vn 0.313209789 0.948010281 -0.056357202
vn 0.949790044 -0.200377351 0.240307699
vn 0.984254472 0.088471365 0.153022715
vn 0.874109743 -0.416043313 0.250679315
vn 0.984254472 0.088471365 0.153022715
vn 0.933540769 0.352059065 0.067498504
vn 0.874109743 -0.416043313 0.250679315
vn -0.271204034 -0.957626121 -0.096956613
vn 0.009527011 -0.110637772 -0.993815133
vn 0.195392878 -0.865628418 -0.460987056
vn 0.731054212 0.503402084 -0.460593183
vn 0.490315766 0.243145488 -0.836941289
vn 0.825717481 0.324335455 -0.461516148
vn 0.490315766 0.243145488 -0.836941289
vn 0.731054212 0.503402084 -0.460593183
vn 0.969596281 -0.090285857 -0.227445634
vn 0.549292575 0.801248707 -0.237230218
vn 0.107186613 0.907431674 -0.406298888
vn 0.841672229 0.521453033 -0.140266154
vn 0.107186613 0.907431674 -0.406298888
vn 0.549292575 0.801248707 -0.237230218
vn 0.056331406 0.958558702 -0.279270457
vn 0.437726449 0.196130137 0.877455711
vn 0.179535849 -0.336893052 0.924267251
vn 0.040379364 -0.137483074 0.989680712
vn 0.179535849 -0.336893052 0.924267251
vn 0.437726449 0.196130137 0.877455711
vn 0.557839047 -0.152152596 0.815883071
vn 0.973747708 -0.159453909 0.162449539
vn 0.793050486 -0.546099550 0.269900368
vn 0.758175382 -0.401355984 0.513890517
vn 0.731054212 0.503402084 -0.460593183
vn 0.887973386 0.356761559 -0.290214498
vn 0.691289657 0.611972835 -0.384197682
vn 0.887973386 0.356761559 -0.290214498
vn 0.731054212 0.503402084 -0.460593183
vn 0.825717481 0.324335455 -0.461516148
vn 0.677277481 0.651719022 -0.341405228
vn 0.691289657 0.611972835 -0.384197682
vn 0.374778849 0.885266640 -0.275397514
vn 0.691289657 0.611972835 -0.384197682
vn 0.677277481 0.651719022 -0.341405228
vn 0.731054212 0.503402084 -0.460593183
vn 0.831817712 0.521589694 0.189798539
vn 0.883644434 0.215859493 0.415424114
vn 0.802280944 0.488855312 0.342586882
vn 0.883644434 0.215859493 0.415424114
vn 0.831817712 0.521589694 0.189798539
vn 0.954505441 0.257368527 0.150601476
vn 0.831817712 0.521589694 0.189798539
vn 0.802280944 0.488855312 0.342586882
vn 0.632575799 0.715797465 0.295773306
vn 0.056331406 0.958558702 -0.279270457
vn 0.486162362 0.871474498 -0.064640215
vn -0.033543984 0.983300615 -0.178870630
vn 0.486162362 0.871474498 -0.064640215
vn 0.056331406 0.958558702 -0.279270457
vn 0.549292575 0.801248707 -0.237230218
vn -0.555856953 0.825129435 -0.100918103
vn -0.085922318 0.958745120 0.270970757
vn -0.545377455 0.776927454 0.314558679
vn -0.085922318 0.958745120 0.270970757
vn -0.555856953 0.825129435 -0.100918103
vn -0.033543984 0.983300615 -0.178870630
vn 0.677277481 0.651719022 -0.341405228
vn 0.969596281 -0.090285857 -0.227445634
vn 0.731054212 0.503402084 -0.460593183
vn 0.883644434 0.215859493 0.415424114
vn 0.973747708 -0.159453909 0.162449539
vn 0.758175382 -0.401355984 0.513890517
vn 0.960460025 0.262644835 -0.092380897
vn 0.956700029 0.089877493 -0.276852109
vn 0.963660846 -0.267038335 0.006949964
vn 0.825717481 0.324335455 -0.461516148
vn 0.490315766 0.243145488 -0.836941289
vn 0.775647649 0.063593591 -0.627954281
vn 0.775647649 0.063593591 -0.627954281
vn 0.076319991 -0.033536432 -0.996519225
vn 0.393443252 -0.518470983 -0.759203693
vn 0.076319991 -0.033536432 -0.996519225
vn 0.775647649 0.063593591 -0.627954281
vn 0.490315766 0.243145488 -0.836941289
vn 0.557839047 -0.152152596 0.815883071
vn 0.883644434 0.215859493 0.415424114
vn 0.758175382 -0.401355984 0.513890517
vn 0.437726449 0.196130137 0.877455711
vn 0.632575799 0.715797465 0.295773306
vn 0.802280944 0.488855312 0.342586882
vn 0.632575799 0.715797465 0.295773306
vn 0.437726449 0.196130137 0.877455711
vn 0.028096127 0.505241026 0.862520790
vn -0.085922318 0.958745120 0.270970757
vn -0.357614540 0.461648890 0.811783310
vn -0.545377455 0.776927454 0.314558679
vn -0.357614540 0.461648890 0.811783310
vn -0.085922318 0.958745120 0.270970757
vn 0.028096127 0.505241026 0.862520790
vn 0.883644434 0.215859493 0.415424114
vn 0.437726449 0.196130137 0.877455711
vn 0.802280944 0.488855312 0.342586882
vn -0.465371350 0.813742581 -0.348213323
vn 0.056331406 0.958558702 -0.279270457
vn -0.510381778 0.779053037 -0.364124713
vn 0.056331406 0.958558702 -0.279270457
vn -0.465371350 0.813742581 -0.348213323
vn 0.107186613 0.907431674 -0.406298888
vn -0.510381778 0.779053037 -0.364124713
vn -0.033543984 0.983300615 -0.178870630
vn -0.555856953 0.825129435 -0.100918103
vn -0.033543984 0.983300615 -0.178870630
vn -0.510381778 0.779053037 -0.364124713
vn 0.056331406 0.958558702 -0.279270457
vn -0.085922318 0.958745120 0.270970757
vn 0.486162362 0.871474498 -0.064640215
vn 0.632575799 0.715797465 0.295773306
vn 0.486162362 0.871474498 -0.064640215
vn -0.085922318 0.958745120 0.270970757
vn -0.033543984 0.983300615 -0.178870630
vn 0.028096127 0.505241026 0.862520790
vn -0.085922318 0.958745120 0.270970757
vn 0.632575799 0.715797465 0.295773306
vn 0.944008191 0.329116855 0.023035430
vn 0.608085252 0.747010494 -0.268714809
vn 0.918337029 0.375795718 -0.124236388
vn 0.608085252 0.747010494 -0.268714809
vn 0.944008191 0.329116855 0.023035430
vn 0.631232738 0.489866007 0.601312336
vn 0.691289657 0.611972835 -0.384197682
vn 0.608085252 0.747010494 -0.268714809
vn 0.374778849 0.885266640 -0.275397514
vn 0.608085252 0.747010494 -0.268714809
vn 0.691289657 0.611972835 -0.384197682
vn 0.918337029 0.375795718 -0.124236388
vn 0.374778849 0.885266640 -0.275397514
vn 0.631232738 0.489866007 0.601312336
vn 0.831817712 0.521589694 0.189798539
vn 0.631232738 0.489866007 0.601312336
vn 0.374778849 0.885266640 -0.275397514
vn 0.608085252 0.747010494 -0.268714809
vn 0.831817712 0.521589694 0.189798539
vn 0.944008191 0.329116855 0.023035430
vn 0.911051295 0.410886003 -0.034032800
vn 0.944008191 0.329116855 0.023035430
vn 0.831817712 0.521589694 0.189798539
vn 0.631232738 0.489866007 0.601312336
vn 0.911051295 0.410886003 -0.034032800
vn 0.918337029 0.375795718 -0.124236388
vn 0.691289657 0.611972835 -0.384197682
vn 0.918337029 0.375795718 -0.124236388
vn 0.911051295 0.410886003 -0.034032800
vn 0.944008191 0.329116855 0.023035430
vn 0.982414450 -0.184057670 0.031378691
vn 0.960460025 0.262644835 -0.092380897
vn 0.963660846 -0.267038335 0.006949964
vn 0.960460025 0.262644835 -0.092380897
vn 0.982414450 -0.184057670 0.031378691
vn 0.954505441 0.257368527 0.150601476
vn 0.960460025 0.262644835 -0.092380897
vn 0.831817712 0.521589694 0.189798539
vn 0.911051295 0.410886003 -0.034032800
vn 0.831817712 0.521589694 0.189798539
vn 0.960460025 0.262644835 -0.092380897
vn 0.954505441 0.257368527 0.150601476
vn 0.969596281 -0.090285857 -0.227445634
vn 0.465779961 -0.411349665 0.783479726
vn 0.298539053 -0.840749755 0.451679404
vn 0.465779961 -0.411349665 0.783479726
vn 0.969596281 -0.090285857 -0.227445634
vn 0.841672229 0.521453033 -0.140266154
vn 0.465779961 -0.411349665 0.783479726
vn 0.032965671 0.147733690 0.988477628
vn -0.067527157 -0.551109210 0.831696292
vn 0.841672229 0.521453033 -0.140266154
vn 0.677277481 0.651719022 -0.341405228
vn 0.549292575 0.801248707 -0.237230218
vn 0.677277481 0.651719022 -0.341405228
vn 0.841672229 0.521453033 -0.140266154
vn 0.969596281 -0.090285857 -0.227445634
vn 0.549292575 0.801248707 -0.237230218
vn 0.374778849 0.885266640 -0.275397514
vn 0.486162362 0.871474498 -0.064640215
vn 0.374778849 0.885266640 -0.275397514
vn 0.549292575 0.801248707 -0.237230218
vn 0.677277481 0.651719022 -0.341405228
vn 0.060913690 -0.906278074 0.418269740
vn 0.044190652 -0.919109595 0.391515950
vn 0.298539053 -0.840749755 0.451679404
vn 0.434201513 -0.893569644 0.114027793
vn 0.200862362 -0.976526399 0.077784987
vn 0.533124238 -0.843680497 0.063101226
vn 0.200862362 -0.976526399 0.077784987
vn 0.434201513 -0.893569644 0.114027793
vn 0.147947315 -0.972548606 0.179612918
vn -0.204117084 0.951259060 0.231176159
vn 0.098115711 0.991549326 -0.084871911
vn 0.090008348 0.974474452 0.205664875
vn 0.098115711 0.991549326 -0.084871911
vn -0.204117084 0.951259060 0.231176159
vn -0.203573582 0.977347268 0.057880167
vn 0.098115711 0.991549326 -0.084871911
vn -0.060924169 0.913059552 -0.403249924
vn 0.035495582 0.812763153 -0.581511926
vn -0.060924169 0.913059552 -0.403249924
vn 0.098115711 0.991549326 -0.084871911
vn -0.203573582 0.977347268 0.057880167
vn -0.060924169 0.913059552 -0.403249924
vn -0.399549465 0.472139559 -0.785776343
vn 0.035495582 0.812763153 -0.581511926
vn -0.399549465 0.472139559 -0.785776343
vn -0.060924169 0.913059552 -0.403249924
vn 0.015358865 0.289401547 -0.957084557
vn -0.110513754 0.928859522 0.353562864
vn -0.033464064 0.937111904 0.347421123
vn 0.032276345 0.841563692 0.539192721
vn 0.015358865 0.289401547 -0.957084557
vn 0.009527011 -0.110637772 -0.993815133
vn -0.399549465 0.472139559 -0.785776343
vn -0.399549465 0.472139559 -0.785776343
vn 0.009527011 -0.110637772 -0.993815133
vn -0.271204034 -0.957626121 -0.096956613
vn 0.939988600 -0.315446899 -0.130056474
vn 0.903549059 -0.418327718 0.092741670
vn 0.963660846 -0.267038335 0.006949964
vn 0.758175382 -0.401355984 0.513890517
vn 0.383141251 -0.617480886 0.686964437
vn 0.557839047 -0.152152596 0.815883071
vn 0.383141251 -0.617480886 0.686964437
vn 0.758175382 -0.401355984 0.513890517
vn 0.470560545 -0.730801085 0.494471989
vn 0.963660846 -0.267038335 0.006949964
vn 0.861548775 -0.507607706 0.008253765
vn 0.982414450 -0.184057670 0.031378691
vn 0.861548775 -0.507607706 0.008253765
vn 0.963660846 -0.267038335 0.006949964
vn 0.903549059 -0.418327718 0.092741670
vn 0.160914769 -0.983801125 -0.079004958
vn 0.533124238 -0.843680497 0.063101226
vn 0.200862362 -0.976526399 0.077784987
vn 0.533124238 -0.843680497 0.063101226
vn 0.160914769 -0.983801125 -0.079004958
vn 0.629208499 -0.772945704 -0.081557357
vn 0.629208499 -0.772945704 -0.081557357
vn 0.949790044 -0.200377351 0.240307699
vn 0.533124238 -0.843680497 0.063101226
vn 0.949790044 -0.200377351 0.240307699
vn 0.629208499 -0.772945704 -0.081557357
vn 0.996521986 -0.047420720 0.068521582
vn 0.996521986 -0.047420720 0.068521582
vn 0.770590396 0.528481104 0.356227685
vn 0.949790044 -0.200377351 0.240307699
vn 0.770590396 0.528481104 0.356227685
vn 0.996521986 -0.047420720 0.068521582
vn 0.850216030 0.525600394 0.029612981
vn 0.770590396 0.528481104 0.356227685
vn 0.198429719 0.966316458 0.163884561
vn 0.112237388 0.929063057 0.352483482
vn 0.198429719 0.966316458 0.163884561
vn 0.770590396 0.528481104 0.356227685
vn 0.850216030 0.525600394 0.029612981
vn 0.112237388 0.929063057 0.352483482
vn -0.174173995 0.971976764 0.157875236
vn -0.204186660 0.955238319 0.214073731
vn -0.174173995 0.971976764 0.157875236
vn 0.112237388 0.929063057 0.352483482
vn 0.198429719 0.966316458 0.163884561
vn 0.465779961 -0.411349665 0.783479726
vn -0.067527157 -0.551109210 0.831696292
vn 0.298539053 -0.840749755 0.451679404
vn 0.298539053 -0.840749755 0.451679404
vn -0.067527157 -0.551109210 0.831696292
vn -0.111062411 -0.827557251 0.550285505
vn -0.111062411 -0.827557251 0.550285505
vn -0.329889315 0.108785353 0.937730658
vn 0.105540115 -0.878750648 0.465465984
vn -0.329889315 0.108785353 0.937730658
vn -0.111062411 -0.827557251 0.550285505
vn -0.067527157 -0.551109210 0.831696292
vn -0.329889315 0.108785353 0.937730658
vn -0.762955678 0.483235876 0.429396927
vn 0.105540115 -0.878750648 0.465465984
vn -0.762955678 0.483235876 0.429396927
vn -0.329889315 0.108785353 0.937730658
vn 0.101839579 0.992232512 -0.071437679
vn 0.101839579 0.992232512 -0.071437679
vn -0.380337942 0.800386154 0.463384349
vn -0.762955678 0.483235876 0.429396927
vn 0.685951003 0.671928268 -0.279255481
vn 0.101839579 0.992232512 -0.071437679
vn 0.503918733 0.651710727 -0.566867743
vn 0.643500129 -0.476386988 0.599135228
vn 0.083362261 -0.975222877 0.204917234
vn -0.271204034 -0.957626121 -0.096956613
vn 0.973747708 -0.159453909 0.162449539
vn 0.954505441 0.257368527 0.150601476
vn 0.982414450 -0.184057670 0.031378691
vn 0.861548775 -0.507607706 0.008253765
vn 0.973747708 -0.159453909 0.162449539
vn 0.982414450 -0.184057670 0.031378691
vn 0.973747708 -0.159453909 0.162449539
vn 0.861548775 -0.507607706 0.008253765
vn 0.793050486 -0.546099550 0.269900368
vn 0.973747708 -0.159453909 0.162449539
vn 0.883644434 0.215859493 0.415424114
vn 0.954505441 0.257368527 0.150601476
vn 0.043245858 0.321033735 -0.946079879
vn 0.049082687 -0.210125167 -0.976441654
vn 0.801853184 0.575001493 -0.162495398
vn 0.775647649 0.063593591 -0.627954281
vn 0.929407647 -0.316021545 -0.190609048
vn 0.951012318 -0.171904186 -0.256952372
vn 0.956700029 0.089877493 -0.276852109
vn 0.960460025 0.262644835 -0.092380897
vn 0.887973386 0.356761559 -0.290214498
vn 0.775647649 0.063593591 -0.627954281
vn 0.956700029 0.089877493 -0.276852109
vn 0.825717481 0.324335455 -0.461516148
vn 0.903549059 -0.418327718 0.092741670
vn 0.517469267 -0.724829174 -0.454805701
vn 0.548553489 -0.819513470 0.165791264
vn 0.951012318 -0.171904186 -0.256952372
vn 0.783070533 -0.303477190 -0.542864749
vn 0.939988600 -0.315446899 -0.130056474
vn 0.525917921 -0.740060877 -0.419189980
vn 0.929407647 -0.316021545 -0.190609048
vn 0.560205955 -0.809792676 -0.174370611
vn 0.929407647 -0.316021545 -0.190609048
vn 0.525917921 -0.740060877 -0.419189980
vn 0.865584920 -0.406064129 -0.293043801
vn 0.929407647 -0.316021545 -0.190609048
vn 0.775647649 0.063593591 -0.627954281
vn 0.393443252 -0.518470983 -0.759203693
vn 0.956700029 0.089877493 -0.276852109
vn 0.951012318 -0.171904186 -0.256952372
vn 0.939988600 -0.315446899 -0.130056474
vn 0.956700029 0.089877493 -0.276852109
vn 0.887973386 0.356761559 -0.290214498
vn 0.825717481 0.324335455 -0.461516148
vn 0.691289657 0.611972835 -0.384197682
vn 0.960460025 0.262644835 -0.092380897
vn 0.911051295 0.410886003 -0.034032800
vn 0.960460025 0.262644835 -0.092380897
vn 0.691289657 0.611972835 -0.384197682
vn 0.887973386 0.356761559 -0.290214498
vn 0.963660846 -0.267038335 0.006949964
vn 0.956700029 0.089877493 -0.276852109
vn 0.939988600 -0.315446899 -0.130056474
vn 0.470560545 -0.730801085 0.494471989
vn 0.793050486 -0.546099550 0.269900368
vn 0.538451623 -0.809932400 0.232549688
vn 0.793050486 -0.546099550 0.269900368
vn 0.470560545 -0.730801085 0.494471989
vn 0.758175382 -0.401355984 0.513890517
vn 0.793050486 -0.546099550 0.269900368
vn 0.557574068 -0.826119101 0.081476319
vn 0.538451623 -0.809932400 0.232549688
vn 0.557574068 -0.826119101 0.081476319
vn 0.793050486 -0.546099550 0.269900368
vn 0.861548775 -0.507607706 0.008253765
vn 0.557574068 -0.826119101 0.081476319
vn 0.903549059 -0.418327718 0.092741670
vn 0.548553489 -0.819513470 0.165791264
vn 0.903549059 -0.418327718 0.092741670
vn 0.557574068 -0.826119101 0.081476319
vn 0.861548775 -0.507607706 0.008253765
vn 0.897163936 -0.422059833 0.130239661
vn 0.939988600 -0.315446899 -0.130056474
vn 0.783070533 -0.303477190 -0.542864749
vn 0.850216030 0.525600394 0.029612981
vn 0.971875119 0.158594580 -0.174087655
vn 0.576133396 0.809655613 -0.111928991
vn 0.504626898 0.863337531 -0.000029486
vn 0.860596096 0.076955492 -0.503440375
vn 0.563828804 0.812488804 0.148185770
vn 0.914340497 0.286588787 -0.286091458
vn 0.576133396 0.809655613 -0.111928991
vn 0.971875119 0.158594580 -0.174087655
vn 0.576133396 0.809655613 -0.111928991
vn 0.914340497 0.286588787 -0.286091458
vn 0.443678584 0.888411083 -0.117792454
vn 0.576133396 0.809655613 -0.111928991
vn 0.198429719 0.966316458 0.163884561
vn 0.850216030 0.525600394 0.029612981
vn 0.929407647 -0.316021545 -0.190609048
vn 0.393443252 -0.518470983 -0.759203693
vn 0.560205955 -0.809792676 -0.174370611
vn -0.110513754 0.928859522 0.353562864
vn 0.032276345 0.841563692 0.539192721
vn 0.256990344 0.737578014 0.624447464
vn 0.525917921 -0.740060877 -0.419189980
vn 0.783070533 -0.303477190 -0.542864749
vn 0.865584920 -0.406064129 -0.293043801
vn 0.783070533 -0.303477190 -0.542864749
vn 0.525917921 -0.740060877 -0.419189980
vn 0.535980845 -0.758719096 -0.370229480
vn 0.535980845 -0.758719096 -0.370229480
vn 0.557136054 -0.825885524 0.086674783
vn 0.897163936 -0.422059833 0.130239661
vn 0.903549059 -0.418327718 0.092741670
vn 0.557136054 -0.825885524 0.086674783
vn 0.517469267 -0.724829174 -0.454805701
vn 0.557136054 -0.825885524 0.086674783
vn 0.903549059 -0.418327718 0.092741670
vn 0.897163936 -0.422059833 0.130239661
vn 0.118923246 0.987123081 0.106982632
vn 0.443678584 0.888411083 -0.117792454
vn 0.504626898 0.863337531 -0.000029486
vn 0.443678584 0.888411083 -0.117792454
vn 0.118923246 0.987123081 0.106982632
vn 0.025273237 0.998321985 -0.052100646
vn 0.443678584 0.888411083 -0.117792454
vn 0.860596096 0.076955492 -0.503440375
vn 0.504626898 0.863337531 -0.000029486
vn 0.860596096 0.076955492 -0.503440375
vn 0.443678584 0.888411083 -0.117792454
vn 0.914340497 0.286588787 -0.286091458
vn 0.860596096 0.076955492 -0.503440375
vn 0.971735849 -0.069270687 -0.225678999
vn 0.964377455 -0.092163903 -0.247955519
vn 0.971735849 -0.069270687 -0.225678999
vn 0.860596096 0.076955492 -0.503440375
vn 0.914340497 0.286588787 -0.286091458
vn 0.964377455 -0.092163903 -0.247955519
vn 0.985302033 0.016927723 -0.169980460
vn 0.830931112 -0.309951153 -0.462043039
vn 0.985302033 0.016927723 -0.169980460
vn 0.964377455 -0.092163903 -0.247955519
vn 0.971735849 -0.069270687 -0.225678999
vn 0.968361257 -0.248168474 -0.026246597
vn 0.830931112 -0.309951153 -0.462043039
vn 0.985302033 0.016927723 -0.169980460
vn 0.830931112 -0.309951153 -0.462043039
vn 0.968361257 -0.248168474 -0.026246597
vn 0.747215641 -0.662516866 -0.052346803
vn -0.132554147 -0.865076171 -0.483810518
vn 0.331060626 -0.941967764 0.055638053
vn 0.423104975 -0.752910474 -0.504091259
vn 0.331060626 -0.941967764 0.055638053
vn -0.132554147 -0.865076171 -0.483810518
vn -0.162964575 -0.979406403 0.119187434
vn 0.423104975 -0.752910474 -0.504091259
vn 0.865195214 -0.497334769 -0.063995078
vn 0.795656861 -0.235924861 -0.557915423
vn 0.865195214 -0.497334769 -0.063995078
vn 0.423104975 -0.752910474 -0.504091259
vn 0.331060626 -0.941967764 0.055638053
vn 0.133369324 -0.935634787 0.326802950
vn 0.186095952 -0.962866433 0.195592764
vn 0.747215641 -0.662516866 -0.052346803
vn 0.186095952 -0.962866433 0.195592764
vn 0.133369324 -0.935634787 0.326802950
vn 0.060913690 -0.906278074 0.418269740
vn 0.186095952 -0.962866433 0.195592764
vn 0.053835413 -0.986932613 -0.151874175
vn 0.747215641 -0.662516866 -0.052346803
vn 0.053835413 -0.986932613 -0.151874175
vn 0.186095952 -0.962866433 0.195592764
vn 0.807767228 -0.514050114 -0.288556034
vn 0.807767228 -0.514050114 -0.288556034
vn -0.762955678 0.483235876 0.429396927
vn 0.053835413 -0.986932613 -0.151874175
vn 0.683159464 0.634845085 -0.360922242
vn 0.860596096 0.076955492 -0.503440375
vn 0.342000456 -0.776811792 -0.528771338
vn 0.860596096 0.076955492 -0.503440375
vn 0.683159464 0.634845085 -0.360922242
vn 0.563828804 0.812488804 0.148185770
vn 0.044887845 -0.948877885 0.312435338
vn 0.060913690 -0.906278074 0.418269740
vn 0.133369324 -0.935634787 0.326802950
vn 0.060913690 -0.906278074 0.418269740
vn 0.044887845 -0.948877885 0.312435338
vn 0.045318559 -0.940937920 0.335532500
vn 0.299993816 -0.373715925 -0.877690217
vn 0.795656861 -0.235924861 -0.557915423
vn 0.856043593 -0.129133785 -0.500513569
vn 0.795656861 -0.235924861 -0.557915423
vn 0.299993816 -0.373715925 -0.877690217
vn 0.423104975 -0.752910474 -0.504091259
vn 0.983881921 -0.048634239 -0.172078694
vn 0.865195214 -0.497334769 -0.063995078
vn 0.968361257 -0.248168474 -0.026246597
vn 0.968361257 -0.248168474 -0.026246597
vn 0.694721674 -0.681144079 0.231094222
vn 0.747215641 -0.662516866 -0.052346803
vn 0.747215641 -0.662516866 -0.052346803
vn 0.224536345 -0.908918690 0.351354869
vn 0.133369324 -0.935634787 0.326802950
vn 0.224536345 -0.908918690 0.351354869
vn 0.747215641 -0.662516866 -0.052346803
vn 0.694721674 -0.681144079 0.231094222
vn 0.133369324 -0.935634787 0.326802950
vn -0.034221789 -0.961877046 0.271332668
vn 0.044887845 -0.948877885 0.312435338
vn -0.247603139 -0.967461936 -0.052058499
vn -0.034221789 -0.961877046 0.271332668
vn -0.162964575 -0.979406403 0.119187434
vn -0.342039083 -0.856931363 -0.385587739
vn -0.162964575 -0.979406403 0.119187434
vn -0.132554147 -0.865076171 -0.483810518
vn -0.162964575 -0.979406403 0.119187434
vn -0.342039083 -0.856931363 -0.385587739
vn -0.247603139 -0.967461936 -0.052058499
vn 0.299993816 -0.373715925 -0.877690217
vn -0.132554147 -0.865076171 -0.483810518
vn 0.423104975 -0.752910474 -0.504091259
vn 0.865195214 -0.497334769 -0.063995078
vn 0.983881921 -0.048634239 -0.172078694
vn 0.795656861 -0.235924861 -0.557915423
vn 0.985302033 0.016927723 -0.169980460
vn 0.983881921 -0.048634239 -0.172078694
vn 0.968361257 -0.248168474 -0.026246597
vn 0.795656861 -0.235924861 -0.557915423
vn 0.983881921 -0.048634239 -0.172078694
vn 0.856043593 -0.129133785 -0.500513569
vn 0.434201513 -0.893569644 0.114027793
vn 0.195392878 -0.865628418 -0.460987056
vn 0.147947315 -0.972548606 0.179612918
vn 0.437726449 0.196130137 0.877455711
vn 0.040379364 -0.137483074 0.989680712
vn -0.103873200 0.074414602 0.991802816
vn 0.437726449 0.196130137 0.877455711
vn 0.883644434 0.215859493 0.415424114
vn 0.557839047 -0.152152596 0.815883071
vn 0.831817712 0.521589694 0.189798539
vn 0.486162362 0.871474498 -0.064640215
vn 0.374778849 0.885266640 -0.275397514
vn 0.486162362 0.871474498 -0.064640215
vn 0.831817712 0.521589694 0.189798539
vn 0.632575799 0.715797465 0.295773306
vn -0.124144329 0.987107670 0.101027888
vn 0.198429719 0.966316458 0.163884561
vn 0.061422448 0.993331835 0.097566121
vn 0.198429719 0.966316458 0.163884561
vn -0.124144329 0.987107670 0.101027888
vn -0.174173995 0.971976764 0.157875236
vn 0.298539053 -0.840749755 0.451679404
vn 0.244842852 -0.923372855 -0.295693336
vn 0.969596281 -0.090285857 -0.227445634
vn 0.244842852 -0.923372855 -0.295693336
vn 0.298539053 -0.840749755 0.451679404
vn 0.044190652 -0.919109595 0.391515950
vn -0.103873200 0.074414602 0.991802816
vn 0.028096127 0.505241026 0.862520790
vn 0.437726449 0.196130137 0.877455711
vn 0.028096127 0.505241026 0.862520790
vn -0.103873200 0.074414602 0.991802816
vn -0.357614540 0.461648890 0.811783310
vn 0.244842852 -0.923372855 -0.295693336
vn 0.490315766 0.243145488 -0.836941289
vn 0.969596281 -0.090285857 -0.227445634
vn 0.490315766 0.243145488 -0.836941289
vn 0.244842852 -0.923372855 -0.295693336
vn 0.076319991 -0.033536432 -0.996519225
vn 0.383141251 -0.617480886 0.686964437
vn 0.179535849 -0.336893052 0.924267251
vn 0.557839047 -0.152152596 0.815883071
vn -0.035094716 0.999377245 0.003671800
vn 0.025273237 0.998321985 -0.052100646
vn 0.118923246 0.987123081 0.106982632
vn 0.025273237 0.998321985 -0.052100646
vn -0.035094716 0.999377245 0.003671800
vn -0.058824577 0.998268314 -0.000204533
vn 0.387496339 0.860259533 -0.331361017
vn -0.399549465 0.472139559 -0.785776343
vn -0.392992180 0.750383584 -0.531490003
vn 0.382709689 0.820096823 0.425410971
vn 0.683159464 0.634845085 -0.360922242
vn 0.223956510 0.926314893 0.302959073
vn -0.593264938 -0.754346886 0.281064920
vn -0.762955678 0.483235876 0.429396927
vn -0.380337942 0.800386154 0.463384349
vn 0.223956510 0.926314893 0.302959073
vn 0.683159464 0.634845085 -0.360922242
vn 0.503918733 0.651710727 -0.566867743
vn 0.101839579 0.992232512 -0.071437679
vn 0.223956510 0.926314893 0.302959073
vn 0.503918733 0.651710727 -0.566867743
vn -0.132554147 -0.865076171 -0.483810518
vn 0.299993816 -0.373715925 -0.877690217
vn -0.171516787 -0.626012575 -0.760716930
vn -0.247603139 -0.967461936 -0.052058499
vn 0.034182200 -0.961724909 -0.271876398
vn 0.038101410 -0.995768871 0.083621991
vn 0.034182200 -0.961724909 -0.271876398
vn -0.247603139 -0.967461936 -0.052058499
vn -0.342039083 -0.856931363 -0.385587739
vn -0.034221789 -0.961877046 0.271332668
vn -0.247603139 -0.967461936 -0.052058499
vn 0.038101410 -0.995768871 0.083621991
vn -0.132554147 -0.865076171 -0.483810518
vn -0.171516787 -0.626012575 -0.760716930
vn -0.342039083 -0.856931363 -0.385587739
vn -0.034221789 -0.961877046 0.271332668
vn 0.038101410 -0.995768871 0.083621991
vn 0.044887845 -0.948877885 0.312435338
vn -0.034221789 -0.961877046 0.271332668
vn 0.133369324 -0.935634787 0.326802950
vn 0.224536345 -0.908918690 0.351354869
vn 0.694721674 -0.681144079 0.231094222
vn 0.968361257 -0.248168474 -0.026246597
vn 0.865195214 -0.497334769 -0.063995078
vn 0.830931112 -0.309951153 -0.462043039
vn 0.860596096 0.076955492 -0.503440375
vn 0.964377455 -0.092163903 -0.247955519
vn -0.762955678 0.483235876 0.429396927
vn -0.632503198 -0.744909634 0.212248300
vn 0.053835413 -0.986932613 -0.151874175
vn -0.632503198 -0.744909634 0.212248300
vn 0.342000456 -0.776811792 -0.528771338
vn 0.053835413 -0.986932613 -0.151874175
vn 0.342000456 -0.776811792 -0.528771338
vn -0.632503198 -0.744909634 0.212248300
vn -0.020907402 -0.966533427 -0.255687337
vn 0.592940826 -0.673672096 -0.441120261
vn 0.784166130 0.018815125 -0.620265646
vn -0.020907402 -0.966533427 -0.255687337
vn 0.683159464 0.634845085 -0.360922242
vn 0.784166130 0.018815125 -0.620265646
vn 0.503918733 0.651710727 -0.566867743
vn 0.784166130 0.018815125 -0.620265646
vn 0.685951003 0.671928268 -0.279255481
vn 0.503918733 0.651710727 -0.566867743
vn 0.685951003 0.671928268 -0.279255481
vn 0.784166130 0.018815125 -0.620265646
vn 0.592940826 -0.673672096 -0.441120261
vn 0.563828804 0.812488804 0.148185770
vn 0.118923246 0.987123081 0.106982632
vn 0.504626898 0.863337531 -0.000029486
vn 0.118923246 0.987123081 0.106982632
vn 0.563828804 0.812488804 0.148185770
vn 0.382709689 0.820096823 0.425410971
vn -0.111062411 -0.827557251 0.550285505
vn 0.060913690 -0.906278074 0.418269740
vn 0.298539053 -0.840749755 0.451679404
vn 0.044190652 -0.919109595 0.391515950
vn 0.060913690 -0.906278074 0.418269740
vn 0.045318559 -0.940937920 0.335532500
vn 0.182838881 -0.947139283 -0.263623070
vn 0.559744192 -0.754179417 -0.343365471
vn 0.629208499 -0.772945704 -0.081557357
vn 0.629208499 -0.772945704 -0.081557357
vn 0.954299126 -0.214849572 -0.207732615
vn 0.996521986 -0.047420720 0.068521582
vn 0.954299126 -0.214849572 -0.207732615
vn 0.629208499 -0.772945704 -0.081557357
vn 0.559744192 -0.754179417 -0.343365471
vn 0.971875119 0.158594580 -0.174087655
vn 0.996521986 -0.047420720 0.068521582
vn 0.954299126 -0.214849572 -0.207732615
vn 0.996521986 -0.047420720 0.068521582
vn 0.971875119 0.158594580 -0.174087655
vn 0.850216030 0.525600394 0.029612981
vn 0.160914769 -0.983801125 -0.079004958
vn 0.182838881 -0.947139283 -0.263623070
vn 0.629208499 -0.772945704 -0.081557357
vn 0.182838881 -0.947139283 -0.263623070
vn 0.160914769 -0.983801125 -0.079004958
vn 0.034182200 -0.961724909 -0.271876398
vn -0.342039083 -0.856931363 -0.385587739
vn 0.182838881 -0.947139283 -0.263623070
vn 0.034182200 -0.961724909 -0.271876398
vn 0.182838881 -0.947139283 -0.263623070
vn -0.342039083 -0.856931363 -0.385587739
vn -0.171516787 -0.626012575 -0.760716930
vn 0.985302033 0.016927723 -0.169980460
vn 0.954299126 -0.214849572 -0.207732615
vn 0.856043593 -0.129133785 -0.500513569
vn 0.954299126 -0.214849572 -0.207732615
vn 0.985302033 0.016927723 -0.169980460
vn 0.971735849 -0.069270687 -0.225678999
vn 0.122118468 -0.991117665 -0.052657903
vn 0.273673956 -0.807422608 0.522657916
vn 0.032061982 -0.909113037 0.415313756
vn -0.626764948 -0.727724418 0.278537019
vn -0.259165802 -0.962772334 0.076827857
vn -0.830437228 -0.557103471 -0.003119908
vn -0.259165802 -0.962772334 0.076827857
vn -0.626764948 -0.727724418 0.278537019
vn -0.134324337 -0.921567909 0.364238330
vn -0.432101541 0.514811412 0.740444103
vn -0.367915803 0.590621542 0.718195068
vn -0.152818484 0.808597944 0.568168880
vn -0.367915803 0.590621542 0.718195068
vn -0.432101541 0.514811412 0.740444103
vn -0.155950547 0.006588538 0.987742891
vn -0.938194643 0.210618763 0.274646225
vn -0.478152481 0.808400607 0.343305496
vn -0.910773455 0.204041324 0.358969152
vn -0.478152481 0.808400607 0.343305496
vn -0.938194643 0.210618763 0.274646225
vn -0.426394072 0.866954124 0.258028376
vn -0.792598870 -0.538667827 0.285699150
vn -0.938194643 0.210618763 0.274646225
vn -0.910773455 0.204041324 0.358969152
vn -0.938194643 0.210618763 0.274646225
vn -0.792598870 -0.538667827 0.285699150
vn -0.901026315 -0.355593325 0.248404844
vn -0.130620210 -0.986533040 0.098442476
vn -0.476026632 -0.866232479 0.151789124
vn -0.792598870 -0.538667827 0.285699150
vn -0.476026632 -0.866232479 0.151789124
vn -0.130620210 -0.986533040 0.098442476
vn 0.063471396 -0.996784616 0.048906141
vn -0.134324337 -0.921567909 0.364238330
vn 0.239548651 -0.965218450 0.104736755
vn -0.259165802 -0.962772334 0.076827857
vn 0.239548651 -0.965218450 0.104736755
vn -0.134324337 -0.921567909 0.364238330
vn 0.121119911 -0.956401514 0.265755736
vn -0.426394072 0.866954124 0.258028376
vn -0.204186660 0.955238319 0.214073731
vn -0.478152481 0.808400607 0.343305496
vn -0.204186660 0.955238319 0.214073731
vn -0.426394072 0.866954124 0.258028376
vn -0.204117084 0.951259060 0.231176159
vn -0.232276006 0.972275219 0.026995471
vn -0.058824577 0.998268314 -0.000204533
vn -0.121597822 0.987719538 -0.098102413
vn -0.058824577 0.998268314 -0.000204533
vn -0.232276006 0.972275219 0.026995471
vn -0.124144329 0.987107670 0.101027888
vn 0.016630795 -0.998738512 0.047379344
vn -0.901117987 -0.433466521 -0.009651376
vn -0.934429300 -0.348942789 0.071279823
vn -0.901117987 -0.433466521 -0.009651376
vn 0.016630795 -0.998738512 0.047379344
vn 0.050653057 -0.998712516 -0.002752866
vn -0.901117987 -0.433466521 -0.009651376
vn -0.102583850 -0.982376130 -0.156248818
vn -0.980731030 -0.186258826 -0.058943167
vn -0.102583850 -0.982376130 -0.156248818
vn -0.901117987 -0.433466521 -0.009651376
vn 0.050653057 -0.998712516 -0.002752866
vn 0.933446718 -0.240424673 -0.266220211
vn 0.534256594 0.817093621 -0.216628499
vn 0.936019973 -0.296091393 -0.190253768
vn 0.534256594 0.817093621 -0.216628499
vn 0.933446718 -0.240424673 -0.266220211
vn 0.098475630 0.958040090 -0.269187176
vn 0.936019973 -0.296091393 -0.190253768
vn 0.851254030 0.508440473 -0.129826274
vn 0.923030734 -0.358052669 -0.140757059
vn 0.851254030 0.508440473 -0.129826274
vn 0.936019973 -0.296091393 -0.190253768
vn 0.534256594 0.817093621 -0.216628499
vn 0.534256594 0.817093621 -0.216628499
vn -0.629782529 0.776016014 -0.034250722
vn -0.702981341 0.694544737 -0.153051765
vn -0.629782529 0.776016014 -0.034250722
vn 0.534256594 0.817093621 -0.216628499
vn 0.098475630 0.958040090 -0.269187176
vn 0.534256594 0.817093621 -0.216628499
vn -0.626231857 0.774252771 0.091467524
vn 0.851254030 0.508440473 -0.129826274
vn -0.626231857 0.774252771 0.091467524
vn 0.534256594 0.817093621 -0.216628499
vn -0.702981341 0.694544737 -0.153051765
vn -0.629782529 0.776016014 -0.034250722
vn -0.901117987 -0.433466521 -0.009651376
vn -0.702981341 0.694544737 -0.153051765
vn -0.901117987 -0.433466521 -0.009651376
vn -0.629782529 0.776016014 -0.034250722
vn -0.934429300 -0.348942789 0.071279823
vn -0.702981341 0.694544737 -0.153051765
vn -0.980731030 -0.186258826 -0.058943167
vn -0.626231857 0.774252771 0.091467524
vn -0.980731030 -0.186258826 -0.058943167
vn -0.702981341 0.694544737 -0.153051765
vn -0.901117987 -0.433466521 -0.009651376
vn -0.801865559 0.220686979 -0.555255692
vn 0.262532227 0.834152135 -0.485043343
vn -0.639317002 0.698096299 -0.322390024
vn 0.262532227 0.834152135 -0.485043343
vn -0.801865559 0.220686979 -0.555255692
vn 0.453941571 0.309068823 -0.835711381
vn -0.196415287 -0.966058128 -0.167787748
vn -0.893164545 -0.439347719 -0.096076415
vn -0.931835799 -0.354427097 0.077868331
vn -0.893164545 -0.439347719 -0.096076415
vn -0.196415287 -0.966058128 -0.167787748
vn -0.170391665 -0.978799518 -0.113658191
vn -0.170391665 -0.978799518 -0.113658191
vn -0.931477915 -0.352723528 0.089078654
vn -0.893164545 -0.439347719 -0.096076415
vn -0.931477915 -0.352723528 0.089078654
vn -0.170391665 -0.978799518 -0.113658191
vn 0.005135461 -0.979711231 0.200348523
vn 0.980574773 -0.150630406 -0.125632780
vn 0.643130552 0.758881585 -0.102380819
vn 0.979329454 -0.100839274 -0.175343265
vn 0.643130552 0.758881585 -0.102380819
vn 0.980574773 -0.150630406 -0.125632780
vn 0.445861051 0.884840882 0.135146350
vn 0.979329454 -0.100839274 -0.175343265
vn 0.802692508 0.579128081 0.142461937
vn 0.990068269 -0.073999116 0.119536410
vn 0.802692508 0.579128081 0.142461937
vn 0.979329454 -0.100839274 -0.175343265
vn 0.643130552 0.758881585 -0.102380819
vn 0.445861051 0.884840882 0.135146350
vn -0.544785102 0.838534749 -0.008286586
vn 0.643130552 0.758881585 -0.102380819
vn -0.544785102 0.838534749 -0.008286586
vn 0.445861051 0.884840882 0.135146350
vn -0.638473837 0.752094305 0.163417610
vn 0.643130552 0.758881585 -0.102380819
vn -0.617667605 0.785360310 0.041181464
vn 0.802692508 0.579128081 0.142461937
vn -0.617667605 0.785360310 0.041181464
vn 0.643130552 0.758881585 -0.102380819
vn -0.544785102 0.838534749 -0.008286586
vn -0.638473837 0.752094305 0.163417610
vn -0.893164545 -0.439347719 -0.096076415
vn -0.544785102 0.838534749 -0.008286586
vn -0.893164545 -0.439347719 -0.096076415
vn -0.638473837 0.752094305 0.163417610
vn -0.931835799 -0.354427097 0.077868331
vn -0.544785102 0.838534749 -0.008286586
vn -0.931477915 -0.352723528 0.089078654
vn -0.617667605 0.785360310 0.041181464
vn -0.931477915 -0.352723528 0.089078654
vn -0.544785102 0.838534749 -0.008286586
vn -0.893164545 -0.439347719 -0.096076415
vn -0.934429300 -0.348942789 0.071279823
vn -0.476026632 -0.866232479 0.151789124
vn 0.016630795 -0.998738512 0.047379344
vn -0.476026632 -0.866232479 0.151789124
vn -0.934429300 -0.348942789 0.071279823
vn -0.966783032 -0.196184804 0.163835566
vn 0.063471396 -0.996784616 0.048906141
vn 0.195392878 -0.865628418 -0.460987056
vn 0.933446718 -0.240424673 -0.266220211
vn -0.426394072 0.866954124 0.258028376
vn -0.933562857 0.343588801 0.102015329
vn -0.397543581 0.917077632 -0.030458468
vn -0.933562857 0.343588801 0.102015329
vn -0.426394072 0.866954124 0.258028376
vn -0.938194643 0.210618763 0.274646225
vn -0.397543581 0.917077632 -0.030458468
vn -0.777634166 0.617720448 -0.117074986
vn -0.335402103 0.849048737 -0.408193179
vn -0.777634166 0.617720448 -0.117074986
vn -0.397543581 0.917077632 -0.030458468
vn -0.933562857 0.343588801 0.102015329
vn -0.335402103 0.849048737 -0.408193179
vn -0.777634166 0.617720448 -0.117074986
vn 0.098475630 0.958040090 -0.269187176
vn -0.196415287 -0.966058128 -0.167787748
vn -0.980731030 -0.186258826 -0.058943167
vn -0.102583850 -0.982376130 -0.156248818
vn -0.980731030 -0.186258826 -0.058943167
vn -0.196415287 -0.966058128 -0.167787748
vn -0.931835799 -0.354427097 0.077868331
vn -0.931835799 -0.354427097 0.077868331
vn -0.626231857 0.774252771 0.091467524
vn -0.980731030 -0.186258826 -0.058943167
vn -0.626231857 0.774252771 0.091467524
vn -0.931835799 -0.354427097 0.077868331
vn -0.638473837 0.752094305 0.163417610
vn -0.626231857 0.774252771 0.091467524
vn 0.445861051 0.884840882 0.135146350
vn 0.851254030 0.508440473 -0.129826274
vn 0.445861051 0.884840882 0.135146350
vn -0.626231857 0.774252771 0.091467524
vn -0.638473837 0.752094305 0.163417610
vn 0.851254030 0.508440473 -0.129826274
vn 0.980574773 -0.150630406 -0.125632780
vn 0.923030734 -0.358052669 -0.140757059
vn 0.980574773 -0.150630406 -0.125632780
vn 0.851254030 0.508440473 -0.129826274
vn 0.445861051 0.884840882 0.135146350
vn -0.938194643 0.210618763 0.274646225
vn -0.966783032 -0.196184804 0.163835566
vn -0.933562857 0.343588801 0.102015329
vn -0.966783032 -0.196184804 0.163835566
vn -0.938194643 0.210618763 0.274646225
vn -0.901026315 -0.355593325 0.248404844
vn -0.933562857 0.343588801 0.102015329
vn -0.934429300 -0.348942789 0.071279823
vn -0.777634166 0.617720448 -0.117074986
vn -0.934429300 -0.348942789 0.071279823
vn -0.933562857 0.343588801 0.102015329
vn -0.966783032 -0.196184804 0.163835566
vn -0.777634166 0.617720448 -0.117074986
vn -0.934429300 -0.348942789 0.071279823
vn -0.629782529 0.776016014 -0.034250722
vn -0.473519896 0.874285957 0.106784703
vn -0.232276006 0.972275219 0.026995471
vn -0.727782018 0.671628841 -0.138737285
vn -0.992637940 -0.045082826 -0.112416456
vn -0.979574683 -0.160508153 -0.121122145
vn -0.904880398 -0.397905318 -0.151204574
vn -0.869070854 -0.197034248 -0.453754730
vn -0.458270911 -0.859889156 -0.224896446
vn -0.904880398 -0.397905318 -0.151204574
vn -0.458270911 -0.859889156 -0.224896446
vn -0.869070854 -0.197034248 -0.453754730
vn -0.342579306 -0.414680004 -0.843018335
vn -0.458270911 -0.859889156 -0.224896446
vn 0.159007402 -0.740307038 -0.653193796
vn 0.014999822 -0.980045906 -0.198204511
vn 0.159007402 -0.740307038 -0.653193796
vn -0.458270911 -0.859889156 -0.224896446
vn -0.342579306 -0.414680004 -0.843018335
vn 0.019360235 -0.711518410 -0.702400693
vn -0.119056154 0.698312464 -0.705822453
vn -0.208176121 0.740742193 -0.638720366
vn -0.206270251 -0.795670161 -0.569527504
vn -0.367199169 -0.024604125 -0.929816868
vn 0.282288689 -0.947836003 0.148054071
vn -0.367199169 -0.024604125 -0.929816868
vn -0.206270251 -0.795670161 -0.569527504
vn -0.208176121 0.740742193 -0.638720366
vn -0.080201537 0.993693249 0.078367338
vn -0.208176121 0.740742193 -0.638720366
vn -0.119056154 0.698312464 -0.705822453
vn -0.208176121 0.740742193 -0.638720366
vn -0.080201537 0.993693249 0.078367338
vn -0.047103908 0.662346123 0.747715745
vn -0.208176121 0.740742193 -0.638720366
vn -0.279850969 0.887071365 0.367134618
vn -0.367199169 -0.024604125 -0.929816868
vn -0.279850969 0.887071365 0.367134618
vn -0.208176121 0.740742193 -0.638720366
vn -0.047103908 0.662346123 0.747715745
vn -0.422254016 0.502687802 0.754325208
vn -0.080201537 0.993693249 0.078367338
vn -0.486178723 0.734105826 -0.474045236
vn -0.080201537 0.993693249 0.078367338
vn -0.422254016 0.502687802 0.754325208
vn 0.200437819 -0.015949782 0.979576585
vn -0.047103908 0.662346123 0.747715745
vn -0.379631743 -0.422101508 0.823231472
vn -0.279850969 0.887071365 0.367134618
vn -0.379631743 -0.422101508 0.823231472
vn -0.047103908 0.662346123 0.747715745
vn 0.070140542 -0.653962348 0.753268579
vn 0.191468732 -0.950144715 0.246099057
vn -0.206270251 -0.795670161 -0.569527504
vn 0.070140542 -0.653962348 0.753268579
vn 0.070140542 -0.653962348 0.753268579
vn 0.282288689 -0.947836003 0.148054071
vn -0.379631743 -0.422101508 0.823231472
vn 0.282288689 -0.947836003 0.148054071
vn 0.070140542 -0.653962348 0.753268579
vn -0.206270251 -0.795670161 -0.569527504
vn 0.794776412 -0.600702318 0.086528497
vn 0.653745963 0.729681996 -0.200450494
vn 0.446073817 -0.892657822 -0.064654182
vn 0.653745963 0.729681996 -0.200450494
vn 0.794776412 -0.600702318 0.086528497
vn 0.432666004 0.901531016 0.006477335
vn 0.446073817 -0.892657822 -0.064654182
vn 0.492951095 0.868856776 0.045685022
vn 0.283794114 -0.946555938 0.153273474
vn 0.492951095 0.868856776 0.045685022
vn 0.446073817 -0.892657822 -0.064654182
vn 0.653745963 0.729681996 -0.200450494
vn 0.432666004 0.901531016 0.006477335
vn -0.475531600 0.851071131 -0.222592965
vn 0.653745963 0.729681996 -0.200450494
vn -0.475531600 0.851071131 -0.222592965
vn 0.432666004 0.901531016 0.006477335
vn -0.843670167 0.536114982 0.028308566
vn 0.653745963 0.729681996 -0.200450494
vn -0.329502604 0.935039832 -0.130876071
vn 0.492951095 0.868856776 0.045685022
vn -0.329502604 0.935039832 -0.130876071
vn 0.653745963 0.729681996 -0.200450494
vn -0.475531600 0.851071131 -0.222592965
vn -0.843670167 0.536114982 0.028308566
vn -0.595141850 -0.801791234 -0.054194055
vn -0.475531600 0.851071131 -0.222592965
vn -0.595141850 -0.801791234 -0.054194055
vn -0.843670167 0.536114982 0.028308566
vn -0.478641115 -0.875773197 0.062641768
vn -0.475531600 0.851071131 -0.222592965
vn -0.751187310 -0.660069800 -0.005048178
vn -0.329502604 0.935039832 -0.130876071
vn -0.751187310 -0.660069800 -0.005048178
vn -0.475531600 0.851071131 -0.222592965
vn -0.595141850 -0.801791234 -0.054194055
vn -0.478641115 -0.875773197 0.062641768
vn 0.446073817 -0.892657822 -0.064654182
vn -0.595141850 -0.801791234 -0.054194055
vn 0.446073817 -0.892657822 -0.064654182
vn -0.478641115 -0.875773197 0.062641768
vn 0.794776412 -0.600702318 0.086528497
vn -0.595141850 -0.801791234 -0.054194055
vn 0.283794114 -0.946555938 0.153273474
vn -0.751187310 -0.660069800 -0.005048178
vn 0.283794114 -0.946555938 0.153273474
vn -0.595141850 -0.801791234 -0.054194055
vn 0.446073817 -0.892657822 -0.064654182
vn 0.165534252 -0.960493500 -0.223720021
vn -0.195504516 0.883014959 -0.426687903
vn -0.490304035 -0.821392402 -0.291404315
vn -0.195504516 0.883014959 -0.426687903
vn 0.165534252 -0.960493500 -0.223720021
vn 0.151561628 0.983667028 -0.097099181
vn 0.803850944 0.555156434 0.213600079
vn 0.044844116 -0.521648478 -0.851981144
vn 0.659206867 -0.730787916 -0.177187268
vn 0.044844116 -0.521648478 -0.851981144
vn 0.803850944 0.555156434 0.213600079
vn -0.507346750 0.774213304 -0.378408557
vn -0.361636702 0.932158293 -0.017315096
vn 0.168809569 0.978355664 -0.119680927
vn 0.396491239 0.902385315 0.168805924
vn 0.168809569 0.978355664 -0.119680927
vn -0.361636702 0.932158293 -0.017315096
vn -0.079321021 0.995466071 -0.052492630
vn -0.361636702 0.932158293 -0.017315096
vn -0.310455660 -0.945738551 -0.095895130
vn -0.079321021 0.995466071 -0.052492630
vn -0.310455660 -0.945738551 -0.095895130
vn -0.361636702 0.932158293 -0.017315096
vn -0.368721352 -0.928994025 0.031853838
vn 0.276181560 -0.948585569 0.154625882
vn -0.310455660 -0.945738551 -0.095895130
vn -0.368721352 -0.928994025 0.031853838
vn -0.310455660 -0.945738551 -0.095895130
vn 0.276181560 -0.948585569 0.154625882
vn 0.035554569 -0.995644909 -0.086180558
vn -0.379631743 -0.422101508 0.823231472
vn 0.794776412 -0.600702318 0.086528497
vn -0.478641115 -0.875773197 0.062641768
vn 0.794776412 -0.600702318 0.086528497
vn -0.379631743 -0.422101508 0.823231472
vn 0.282288689 -0.947836003 0.148054071
vn 0.282288689 -0.947836003 0.148054071
vn 0.432666004 0.901531016 0.006477335
vn 0.794776412 -0.600702318 0.086528497
vn 0.432666004 0.901531016 0.006477335
vn 0.282288689 -0.947836003 0.148054071
vn -0.367199169 -0.024604125 -0.929816868
vn -0.279850969 0.887071365 0.367134618
vn 0.432666004 0.901531016 0.006477335
vn -0.367199169 -0.024604125 -0.929816868
vn 0.432666004 0.901531016 0.006477335
vn -0.279850969 0.887071365 0.367134618
vn -0.843670167 0.536114982 0.028308566
vn -0.843670167 0.536114982 0.028308566
vn -0.379631743 -0.422101508 0.823231472
vn -0.478641115 -0.875773197 0.062641768
vn -0.379631743 -0.422101508 0.823231472
vn -0.843670167 0.536114982 0.028308566
vn -0.279850969 0.887071365 0.367134618
vn -0.244162423 0.108749100 0.963617323
vn 0.145738242 -0.767273429 0.624541312
vn 0.191468732 -0.950144715 0.246099057
vn 0.145738242 -0.767273429 0.624541312
vn -0.155950547 0.006588538 0.987742891
vn 0.090573673 -0.568016580 0.818018077
vn -0.155950547 0.006588538 0.987742891
vn 0.145738242 -0.767273429 0.624541312
vn -0.244162423 0.108749100 0.963617323
vn -0.727782018 0.671628841 -0.138737285
vn -0.121597822 0.987719538 -0.098102413
vn -0.475490951 0.869267605 -0.135211637
vn -0.121597822 0.987719538 -0.098102413
vn -0.727782018 0.671628841 -0.138737285
vn -0.232276006 0.972275219 0.026995471
vn -0.155950547 0.006588538 0.987742891
vn -0.432101541 0.514811412 0.740444103
vn -0.499251804 -0.595007585 0.629852054
vn 0.145146793 -0.960584654 0.237085494
vn 0.122118468 -0.991117665 -0.052657903
vn 0.219072443 -0.749123804 -0.625156614
vn 0.122118468 -0.991117665 -0.052657903
vn 0.145146793 -0.960584654 0.237085494
vn 0.273673956 -0.807422608 0.522657916
vn 0.019360235 -0.711518410 -0.702400693
vn 0.145146793 -0.960584654 0.237085494
vn 0.219072443 -0.749123804 -0.625156614
vn -0.367915803 0.590621542 0.718195068
vn -0.133144085 0.980204716 0.146531113
vn -0.152818484 0.808597944 0.568168880
vn -0.133144085 0.980204716 0.146531113
vn -0.033464064 0.937111904 0.347421123
vn -0.152818484 0.808597944 0.568168880
vn -0.033464064 0.937111904 0.347421123
vn -0.133144085 0.980204716 0.146531113
vn -0.035094716 0.999377245 0.003671800
vn -0.244162423 0.108749100 0.963617323
vn -0.367915803 0.590621542 0.718195068
vn -0.155950547 0.006588538 0.987742891
vn -0.422254016 0.502687802 0.754325208
vn -0.519727796 0.769086188 0.372007329
vn -0.367915803 0.590621542 0.718195068
vn -0.486178723 0.734105826 -0.474045236
vn -0.867156066 0.035950296 -0.496737288
vn -0.939944166 0.133471630 -0.314150104
vn -0.867156066 0.035950296 -0.496737288
vn -0.486178723 0.734105826 -0.474045236
vn -0.155496779 0.016703625 -0.987695166
vn -0.583535950 -0.805127469 -0.106092200
vn -0.867156066 0.035950296 -0.496737288
vn -0.155496779 0.016703625 -0.987695166
vn -0.987817899 -0.118134014 -0.101292411
vn -0.869070854 -0.197034248 -0.453754730
vn -0.993396729 -0.042235780 -0.106672764
vn -0.979574683 -0.160508153 -0.121122145
vn -0.992637940 -0.045082826 -0.112416456
vn -0.962221780 0.192716189 -0.192327110
vn 0.283794114 -0.946555938 0.153273474
vn 0.396491239 0.902385315 0.168805924
vn 0.276181560 -0.948585569 0.154625882
vn 0.396491239 0.902385315 0.168805924
vn 0.283794114 -0.946555938 0.153273474
vn 0.492951095 0.868856776 0.045685022
vn 0.283794114 -0.946555938 0.153273474
vn -0.368721352 -0.928994025 0.031853838
vn -0.751187310 -0.660069800 -0.005048178
vn -0.368721352 -0.928994025 0.031853838
vn 0.283794114 -0.946555938 0.153273474
vn 0.276181560 -0.948585569 0.154625882
vn -0.751187310 -0.660069800 -0.005048178
vn -0.361636702 0.932158293 -0.017315096
vn -0.329502604 0.935039832 -0.130876071
vn -0.361636702 0.932158293 -0.017315096
vn -0.751187310 -0.660069800 -0.005048178
vn -0.368721352 -0.928994025 0.031853838
vn -0.361636702 0.932158293 -0.017315096
vn 0.492951095 0.868856776 0.045685022
vn -0.329502604 0.935039832 -0.130876071
vn 0.492951095 0.868856776 0.045685022
vn -0.361636702 0.932158293 -0.017315096
vn 0.396491239 0.902385315 0.168805924
vn -0.432101541 0.514811412 0.740444103
vn -0.915399238 -0.298185308 -0.270425143
vn -0.499251804 -0.595007585 0.629852054
vn -0.915399238 -0.298185308 -0.270425143
vn -0.432101541 0.514811412 0.740444103
vn -0.766208920 0.537481164 -0.352190133
vn -0.110513754 0.928859522 0.353562864
vn -0.766208920 0.537481164 -0.352190133
vn -0.432101541 0.514811412 0.740444103
vn -0.766208920 0.537481164 -0.352190133
vn -0.110513754 0.928859522 0.353562864
vn -0.465371350 0.813742581 -0.348213323
vn -0.079321021 0.995466071 -0.052492630
vn 0.151561628 0.983667028 -0.097099181
vn 0.168809569 0.978355664 -0.119680927
vn 0.151561628 0.983667028 -0.097099181
vn -0.079321021 0.995466071 -0.052492630
vn -0.195504516 0.883014959 -0.426687903
vn 0.168809569 0.978355664 -0.119680927
vn 0.165534252 -0.960493500 -0.223720021
vn 0.035554569 -0.995644909 -0.086180558
vn 0.165534252 -0.960493500 -0.223720021
vn 0.168809569 0.978355664 -0.119680927
vn 0.151561628 0.983667028 -0.097099181
vn 0.165534252 -0.960493500 -0.223720021
vn -0.310455660 -0.945738551 -0.095895130
vn 0.035554569 -0.995644909 -0.086180558
vn -0.310455660 -0.945738551 -0.095895130
vn 0.165534252 -0.960493500 -0.223720021
vn -0.490304035 -0.821392402 -0.291404315
vn -0.490304035 -0.821392402 -0.291404315
vn -0.079321021 0.995466071 -0.052492630
vn -0.310455660 -0.945738551 -0.095895130
vn -0.079321021 0.995466071 -0.052492630
vn -0.490304035 -0.821392402 -0.291404315
vn -0.195504516 0.883014959 -0.426687903
vn 0.276181560 -0.948585569 0.154625882
vn 0.441430774 0.769075192 0.462236109
vn 0.805839068 -0.507253473 0.305478821
vn 0.441430774 0.769075192 0.462236109
vn 0.276181560 -0.948585569 0.154625882
vn 0.396491239 0.902385315 0.168805924
vn 0.441430774 0.769075192 0.462236109
vn 0.168809569 0.978355664 -0.119680927
vn -0.733018158 0.490359625 -0.471414699
vn 0.168809569 0.978355664 -0.119680927
vn 0.441430774 0.769075192 0.462236109
vn 0.396491239 0.902385315 0.168805924
vn 0.168809569 0.978355664 -0.119680927
vn 0.265366979 -0.894946956 -0.358678565
vn -0.733018158 0.490359625 -0.471414699
vn 0.265366979 -0.894946956 -0.358678565
vn 0.168809569 0.978355664 -0.119680927
vn 0.035554569 -0.995644909 -0.086180558
vn 0.265366979 -0.894946956 -0.358678565
vn 0.276181560 -0.948585569 0.154625882
vn 0.805839068 -0.507253473 0.305478821
vn 0.276181560 -0.948585569 0.154625882
vn 0.265366979 -0.894946956 -0.358678565
vn 0.035554569 -0.995644909 -0.086180558
vn 0.805839068 -0.507253473 0.305478821
vn 0.803850944 0.555156434 0.213600079
vn 0.659206867 -0.730787916 -0.177187268
vn 0.803850944 0.555156434 0.213600079
vn 0.805839068 -0.507253473 0.305478821
vn 0.441430774 0.769075192 0.462236109
vn 0.441430774 0.769075192 0.462236109
vn -0.507346750 0.774213304 -0.378408557
vn 0.803850944 0.555156434 0.213600079
vn -0.507346750 0.774213304 -0.378408557
vn 0.441430774 0.769075192 0.462236109
vn -0.733018158 0.490359625 -0.471414699
vn -0.733018158 0.490359625 -0.471414699
vn 0.044844116 -0.521648478 -0.851981144
vn -0.507346750 0.774213304 -0.378408557
vn 0.044844116 -0.521648478 -0.851981144
vn -0.733018158 0.490359625 -0.471414699
vn 0.265366979 -0.894946956 -0.358678565
vn 0.265366979 -0.894946956 -0.358678565
vn 0.659206867 -0.730787916 -0.177187268
vn 0.044844116 -0.521648478 -0.851981144
vn 0.659206867 -0.730787916 -0.177187268
vn 0.265366979 -0.894946956 -0.358678565
vn 0.805839068 -0.507253473 0.305478821
vn -0.847057492 -0.415526032 0.331408694
vn -0.567618737 -0.727807971 -0.384843509
vn -0.307501411 0.217184922 -0.926430565
vn -0.567618737 -0.727807971 -0.384843509
vn -0.847057492 -0.415526032 0.331408694
vn -0.173680987 -0.876027261 0.449901271
vn 0.847140547 0.434815658 0.305431231
vn 0.453941571 0.309068823 -0.835711381
vn 0.998181155 0.059126741 0.011764790
vn 0.453941571 0.309068823 -0.835711381
vn 0.847140547 0.434815658 0.305431231
vn 0.262532227 0.834152135 -0.485043343
vn 0.802692508 0.579128081 0.142461937
vn -0.625853099 0.635291106 0.452452328
vn 0.847140547 0.434815658 0.305431231
vn -0.625853099 0.635291106 0.452452328
vn 0.802692508 0.579128081 0.142461937
vn -0.617667605 0.785360310 0.041181464
vn -0.801865559 0.220686979 -0.555255692
vn -0.625853099 0.635291106 0.452452328
vn -0.977992870 -0.064047541 0.198564495
vn -0.625853099 0.635291106 0.452452328
vn -0.801865559 0.220686979 -0.555255692
vn -0.639317002 0.698096299 -0.322390024
vn 0.005135461 -0.979711231 0.200348523
vn -0.847057492 -0.415526032 0.331408694
vn -0.931477915 -0.352723528 0.089078654
vn -0.847057492 -0.415526032 0.331408694
vn 0.005135461 -0.979711231 0.200348523
vn -0.173680987 -0.876027261 0.449901271
vn 0.453941571 0.309068823 -0.835711381
vn 0.956532788 -0.196074512 0.215869894
vn 0.998181155 0.059126741 0.011764790
vn 0.956532788 -0.196074512 0.215869894
vn 0.453941571 0.309068823 -0.835711381
vn 0.224056117 0.221076647 -0.949170150
vn 0.453941571 0.309068823 -0.835711381
vn -0.307501411 0.217184922 -0.926430565
vn 0.224056117 0.221076647 -0.949170150
vn -0.307501411 0.217184922 -0.926430565
vn 0.453941571 0.309068823 -0.835711381
vn -0.801865559 0.220686979 -0.555255692
vn -0.801865559 0.220686979 -0.555255692
vn -0.847057492 -0.415526032 0.331408694
vn -0.307501411 0.217184922 -0.926430565
vn -0.847057492 -0.415526032 0.331408694
vn -0.801865559 0.220686979 -0.555255692
vn -0.977992870 -0.064047541 0.198564495
vn 0.063471396 -0.996784616 0.048906141
vn 0.933446718 -0.240424673 -0.266220211
vn 0.016630795 -0.998738512 0.047379344
vn -0.476026632 -0.866232479 0.151789124
vn 0.063471396 -0.996784616 0.048906141
vn 0.016630795 -0.998738512 0.047379344
vn 0.016630795 -0.998738512 0.047379344
vn 0.936019973 -0.296091393 -0.190253768
vn 0.050653057 -0.998712516 -0.002752866
vn 0.050653057 -0.998712516 -0.002752866
vn 0.923030734 -0.358052669 -0.140757059
vn -0.102583850 -0.982376130 -0.156248818
vn 0.923030734 -0.358052669 -0.140757059
vn 0.050653057 -0.998712516 -0.002752866
vn 0.936019973 -0.296091393 -0.190253768
vn -0.102583850 -0.982376130 -0.156248818
vn 0.980574773 -0.150630406 -0.125632780
vn -0.196415287 -0.966058128 -0.167787748
vn 0.980574773 -0.150630406 -0.125632780
vn -0.102583850 -0.982376130 -0.156248818
vn 0.923030734 -0.358052669 -0.140757059
vn 0.980574773 -0.150630406 -0.125632780
vn -0.170391665 -0.978799518 -0.113658191
vn -0.196415287 -0.966058128 -0.167787748
vn -0.170391665 -0.978799518 -0.113658191
vn 0.980574773 -0.150630406 -0.125632780
vn 0.979329454 -0.100839274 -0.175343265
vn 0.979329454 -0.100839274 -0.175343265
vn 0.005135461 -0.979711231 0.200348523
vn -0.170391665 -0.978799518 -0.113658191
vn 0.005135461 -0.979711231 0.200348523
vn 0.979329454 -0.100839274 -0.175343265
vn 0.990068269 -0.073999116 0.119536410
vn 0.005135461 -0.979711231 0.200348523
vn 0.956532788 -0.196074512 0.215869894
vn -0.173680987 -0.876027261 0.449901271
vn 0.956532788 -0.196074512 0.215869894
vn 0.005135461 -0.979711231 0.200348523
vn 0.990068269 -0.073999116 0.119536410
vn -0.173680987 -0.876027261 0.449901271
vn 0.224056117 0.221076647 -0.949170150
vn -0.567618737 -0.727807971 -0.384843509
vn 0.224056117 0.221076647 -0.949170150
vn -0.173680987 -0.876027261 0.449901271
vn 0.956532788 -0.196074512 0.215869894
vn 0.956532788 -0.196074512 0.215869894
vn 0.990068269 -0.073999116 0.119536410
vn 0.998181155 0.059126741 0.011764790
vn 0.990068269 -0.073999116 0.119536410
vn 0.847140547 0.434815658 0.305431231
vn 0.998181155 0.059126741 0.011764790
vn 0.847140547 0.434815658 0.305431231
vn 0.990068269 -0.073999116 0.119536410
vn 0.802692508 0.579128081 0.142461937
vn -0.625853099 0.635291106 0.452452328
vn 0.262532227 0.834152135 -0.485043343
vn 0.847140547 0.434815658 0.305431231
vn 0.262532227 0.834152135 -0.485043343
vn -0.625853099 0.635291106 0.452452328
vn -0.639317002 0.698096299 -0.322390024
vn -0.617667605 0.785360310 0.041181464
vn -0.977992870 -0.064047541 0.198564495
vn -0.625853099 0.635291106 0.452452328
vn -0.977992870 -0.064047541 0.198564495
vn -0.617667605 0.785360310 0.041181464
vn -0.931477915 -0.352723528 0.089078654
vn -0.977992870 -0.064047541 0.198564495
vn -0.931477915 -0.352723528 0.089078654
vn -0.847057492 -0.415526032 0.331408694
vn -0.792598870 -0.538667827 0.285699150
vn -0.476026632 -0.866232479 0.151789124
vn -0.901026315 -0.355593325 0.248404844
vn -0.901026315 -0.355593325 0.248404844
vn -0.476026632 -0.866232479 0.151789124
vn -0.966783032 -0.196184804 0.163835566
vn 0.933446718 -0.240424673 -0.266220211
vn 0.195392878 -0.865628418 -0.460987056
vn 0.009527011 -0.110637772 -0.993815133
vn -0.698013935 -0.471053945 -0.539337304
vn -0.375065466 -0.348575516 -0.858965078
vn -0.544943189 -0.755786263 -0.363075813
vn -0.375065466 -0.348575516 -0.858965078
vn -0.698013935 -0.471053945 -0.539337304
vn -0.568337785 -0.623939227 -0.536369279
vn -0.924694422 -0.163742728 -0.343698334
vn -0.766208920 0.537481164 -0.352190133
vn -0.876859406 0.341502472 -0.338369093
vn -0.766208920 0.537481164 -0.352190133
vn -0.924694422 -0.163742728 -0.343698334
vn -0.915399238 -0.298185308 -0.270425143
vn -0.405965226 -0.377772123 0.832154107
vn 0.179535849 -0.336893052 0.924267251
vn -0.121953045 -0.614565865 0.779381968
vn 0.179535849 -0.336893052 0.924267251
vn -0.405965226 -0.377772123 0.832154107
vn 0.040379364 -0.137483074 0.989680712
vn -0.218951383 -0.970760596 0.098408115
vn 0.058451405 -0.877327466 0.476319168
vn 0.197972746 -0.950887778 0.237947946
vn -0.698013935 -0.471053945 -0.539337304
vn -0.633690321 -0.678315893 -0.371919514
vn -0.568337785 -0.623939227 -0.536369279
vn -0.633690321 -0.678315893 -0.371919514
vn -0.698013935 -0.471053945 -0.539337304
vn -0.790809440 -0.398985823 -0.464145174
vn -0.834702520 -0.334041624 -0.437821763
vn -0.790809440 -0.398985823 -0.464145174
vn -0.698013935 -0.471053945 -0.539337304
vn -0.790809440 -0.398985823 -0.464145174
vn -0.834702520 -0.334041624 -0.437821763
vn -0.937458643 -0.012891175 -0.347857889
vn -0.801508039 -0.589256574 0.101791714
vn -0.553022275 -0.761400680 0.338282970
vn -0.597987554 -0.798679861 0.067241087
vn -0.553022275 -0.761400680 0.338282970
vn -0.801508039 -0.589256574 0.101791714
vn -0.771429053 -0.581625465 0.258087262
vn -0.801508039 -0.589256574 0.101791714
vn -0.916780241 -0.338117073 0.212581359
vn -0.771429053 -0.581625465 0.258087262
vn -0.876859406 0.341502472 -0.338369093
vn -0.981600984 -0.126347814 -0.143163329
vn -0.924694422 -0.163742728 -0.343698334
vn -0.981600984 -0.126347814 -0.143163329
vn -0.876859406 0.341502472 -0.338369093
vn -0.887423525 0.402468292 -0.224719295
vn -0.555856953 0.825129435 -0.100918103
vn -0.878491990 0.419617472 0.228414101
vn -0.887423525 0.402468292 -0.224719295
vn -0.878491990 0.419617472 0.228414101
vn -0.555856953 0.825129435 -0.100918103
vn -0.545377455 0.776927454 0.314558679
vn -0.834702520 -0.334041624 -0.437821763
vn -0.698013935 -0.471053945 -0.539337304
vn -0.544943189 -0.755786263 -0.363075813
vn -0.553022275 -0.761400680 0.338282970
vn 0.058451405 -0.877327466 0.476319168
vn -0.218951383 -0.970760596 0.098408115
vn -0.587252450 -0.790151705 -0.175484597
vn -0.104012751 -0.993299239 -0.050378273
vn -0.411991095 -0.841143797 -0.350343333
vn -0.568337785 -0.623939227 -0.536369279
vn -0.295848092 -0.665267232 -0.685487722
vn -0.375065466 -0.348575516 -0.858965078
vn -0.295848092 -0.665267232 -0.685487722
vn 0.076319991 -0.033536432 -0.996519225
vn -0.375065466 -0.348575516 -0.858965078
vn 0.076319991 -0.033536432 -0.996519225
vn -0.295848092 -0.665267232 -0.685487722
vn 0.393443252 -0.518470983 -0.759203693
vn -0.121953045 -0.614565865 0.779381968
vn 0.058451405 -0.877327466 0.476319168
vn -0.553022275 -0.761400680 0.338282970
vn -0.405965226 -0.377772123 0.832154107
vn -0.916780241 -0.338117073 0.212581359
vn -0.542441136 0.117145918 0.831886079
vn -0.916780241 -0.338117073 0.212581359
vn -0.405965226 -0.377772123 0.832154107
vn -0.771429053 -0.581625465 0.258087262
vn -0.878491990 0.419617472 0.228414101
vn -0.357614540 0.461648890 0.811783310
vn -0.542441136 0.117145918 0.831886079
vn -0.357614540 0.461648890 0.811783310
vn -0.878491990 0.419617472 0.228414101
vn -0.545377455 0.776927454 0.314558679
vn -0.553022275 -0.761400680 0.338282970
vn -0.771429053 -0.581625465 0.258087262
vn -0.405965226 -0.377772123 0.832154107
vn -0.465371350 0.813742581 -0.348213323
vn -0.876859406 0.341502472 -0.338369093
vn -0.766208920 0.537481164 -0.352190133
vn -0.876859406 0.341502472 -0.338369093
vn -0.465371350 0.813742581 -0.348213323
vn -0.510381778 0.779053037 -0.364124713
vn -0.510381778 0.779053037 -0.364124713
vn -0.887423525 0.402468292 -0.224719295
vn -0.876859406 0.341502472 -0.338369093
vn -0.887423525 0.402468292 -0.224719295
vn -0.510381778 0.779053037 -0.364124713
vn -0.555856953 0.825129435 -0.100918103
vn -0.878491990 0.419617472 0.228414101
vn -0.981600984 -0.126347814 -0.143163329
vn -0.887423525 0.402468292 -0.224719295
vn -0.981600984 -0.126347814 -0.143163329
vn -0.878491990 0.419617472 0.228414101
vn -0.916780241 -0.338117073 0.212581359
vn -0.542441136 0.117145918 0.831886079
vn -0.916780241 -0.338117073 0.212581359
vn -0.878491990 0.419617472 0.228414101
vn -0.897952775 -0.272396632 -0.345660077
vn -0.656485598 -0.752188027 -0.056919524
vn -0.678912077 -0.703079876 -0.211558690
vn -0.656485598 -0.752188027 -0.056919524
vn -0.897952775 -0.272396632 -0.345660077
vn -0.733890726 -0.440116327 0.517399285
vn -0.790809440 -0.398985823 -0.464145174
vn -0.897952775 -0.272396632 -0.345660077
vn -0.678912077 -0.703079876 -0.211558690
vn -0.897952775 -0.272396632 -0.345660077
vn -0.790809440 -0.398985823 -0.464145174
vn -0.937458643 -0.012891175 -0.347857889
vn -0.937458643 -0.012891175 -0.347857889
vn -0.733890726 -0.440116327 0.517399285
vn -0.897952775 -0.272396632 -0.345660077
vn -0.733890726 -0.440116327 0.517399285
vn -0.937458643 -0.012891175 -0.347857889
vn -0.801508039 -0.589256574 0.101791714
vn -0.801508039 -0.589256574 0.101791714
vn -0.656485598 -0.752188027 -0.056919524
vn -0.733890726 -0.440116327 0.517399285
vn -0.656485598 -0.752188027 -0.056919524
vn -0.801508039 -0.589256574 0.101791714
vn -0.708618374 -0.695285714 -0.120157297
vn -0.708618374 -0.695285714 -0.120157297
vn -0.678912077 -0.703079876 -0.211558690
vn -0.656485598 -0.752188027 -0.056919524
vn -0.678912077 -0.703079876 -0.211558690
vn -0.708618374 -0.695285714 -0.120157297
vn -0.790809440 -0.398985823 -0.464145174
vn -0.189668822 -0.981340905 -0.031555775
vn -0.587252450 -0.790151705 -0.175484597
vn -0.597987554 -0.798679861 0.067241087
vn -0.587252450 -0.790151705 -0.175484597
vn -0.189668822 -0.981340905 -0.031555775
vn -0.104012751 -0.993299239 -0.050378273
vn -0.587252450 -0.790151705 -0.175484597
vn -0.801508039 -0.589256574 0.101791714
vn -0.597987554 -0.798679861 0.067241087
vn -0.801508039 -0.589256574 0.101791714
vn -0.587252450 -0.790151705 -0.175484597
vn -0.708618374 -0.695285714 -0.120157297
vn -0.544943189 -0.755786263 -0.363075813
vn -0.499251804 -0.595007585 0.629852054
vn -0.915399238 -0.298185308 -0.270425143
vn -0.499251804 -0.595007585 0.629852054
vn -0.544943189 -0.755786263 -0.363075813
vn -0.129959193 -0.899114690 0.417975337
vn -0.499251804 -0.595007585 0.629852054
vn 0.090573673 -0.568016580 0.818018077
vn -0.155950547 0.006588538 0.987742891
vn -0.915399238 -0.298185308 -0.270425143
vn -0.834702520 -0.334041624 -0.437821763
vn -0.544943189 -0.755786263 -0.363075813
vn -0.834702520 -0.334041624 -0.437821763
vn -0.915399238 -0.298185308 -0.270425143
vn -0.924694422 -0.163742728 -0.343698334
vn -0.924694422 -0.163742728 -0.343698334
vn -0.937458643 -0.012891175 -0.347857889
vn -0.834702520 -0.334041624 -0.437821763
vn -0.937458643 -0.012891175 -0.347857889
vn -0.924694422 -0.163742728 -0.343698334
vn -0.981600984 -0.126347814 -0.143163329
vn 0.032061982 -0.909113037 0.415313756
vn -0.129959193 -0.899114690 0.417975337
vn 0.044190652 -0.919109595 0.391515950
vn 0.063471396 -0.996784616 0.048906141
vn 0.200862362 -0.976526399 0.077784987
vn 0.147947315 -0.972548606 0.179612918
vn 0.200862362 -0.976526399 0.077784987
vn 0.063471396 -0.996784616 0.048906141
vn -0.130620210 -0.986533040 0.098442476
vn -0.204117084 0.951259060 0.231176159
vn -0.397543581 0.917077632 -0.030458468
vn -0.203573582 0.977347268 0.057880167
vn -0.397543581 0.917077632 -0.030458468
vn -0.204117084 0.951259060 0.231176159
vn -0.426394072 0.866954124 0.258028376
vn -0.397543581 0.917077632 -0.030458468
vn -0.060924169 0.913059552 -0.403249924
vn -0.203573582 0.977347268 0.057880167
vn -0.060924169 0.913059552 -0.403249924
vn -0.397543581 0.917077632 -0.030458468
vn -0.335402103 0.849048737 -0.408193179
vn -0.060924169 0.913059552 -0.403249924
vn 0.098475630 0.958040090 -0.269187176
vn 0.015358865 0.289401547 -0.957084557
vn 0.098475630 0.958040090 -0.269187176
vn -0.060924169 0.913059552 -0.403249924
vn -0.335402103 0.849048737 -0.408193179
vn -0.110513754 0.928859522 0.353562864
vn -0.152818484 0.808597944 0.568168880
vn -0.033464064 0.937111904 0.347421123
vn 0.015358865 0.289401547 -0.957084557
vn 0.098475630 0.958040090 -0.269187176
vn 0.009527011 -0.110637772 -0.993815133
vn 0.098475630 0.958040090 -0.269187176
vn 0.933446718 -0.240424673 -0.266220211
vn 0.009527011 -0.110637772 -0.993815133
vn -0.040406207 -0.982338366 -0.182698314
vn 0.052056203 -0.997536547 0.047021157
vn 0.055101225 -0.994854020 0.085025495
vn 0.058451405 -0.877327466 0.476319168
vn 0.383141251 -0.617480886 0.686964437
vn 0.470560545 -0.730801085 0.494471989
vn 0.383141251 -0.617480886 0.686964437
vn 0.058451405 -0.877327466 0.476319168
vn -0.121953045 -0.614565865 0.779381968
vn -0.104012751 -0.993299239 -0.050378273
vn 0.156437013 -0.987244090 -0.029606883
vn 0.052056203 -0.997536547 0.047021157
vn 0.156437013 -0.987244090 -0.029606883
vn -0.104012751 -0.993299239 -0.050378273
vn -0.189668822 -0.981340905 -0.031555775
vn 0.160914769 -0.983801125 -0.079004958
vn -0.130620210 -0.986533040 0.098442476
vn -0.369800550 -0.929107596 -0.002574512
vn -0.130620210 -0.986533040 0.098442476
vn 0.160914769 -0.983801125 -0.079004958
vn 0.200862362 -0.976526399 0.077784987
vn -0.369800550 -0.929107596 -0.002574512
vn -0.792598870 -0.538667827 0.285699150
vn -0.932843784 -0.341127918 0.115906078
vn -0.792598870 -0.538667827 0.285699150
vn -0.369800550 -0.929107596 -0.002574512
vn -0.130620210 -0.986533040 0.098442476
vn -0.932843784 -0.341127918 0.115906078
vn -0.910773455 0.204041324 0.358969152
vn -0.966547193 0.254752957 0.029790186
vn -0.910773455 0.204041324 0.358969152
vn -0.932843784 -0.341127918 0.115906078
vn -0.792598870 -0.538667827 0.285699150
vn -0.910773455 0.204041324 0.358969152
vn -0.473519896 0.874285957 0.106784703
vn -0.966547193 0.254752957 0.029790186
vn -0.473519896 0.874285957 0.106784703
vn -0.910773455 0.204041324 0.358969152
vn -0.478152481 0.808400607 0.343305496
vn -0.478152481 0.808400607 0.343305496
vn -0.174173995 0.971976764 0.157875236
vn -0.473519896 0.874285957 0.106784703
vn -0.174173995 0.971976764 0.157875236
vn -0.478152481 0.808400607 0.343305496
vn -0.204186660 0.955238319 0.214073731
vn -0.499251804 -0.595007585 0.629852054
vn -0.129959193 -0.899114690 0.417975337
vn 0.090573673 -0.568016580 0.818018077
vn -0.129959193 -0.899114690 0.417975337
vn 0.273673956 -0.807422608 0.522657916
vn 0.090573673 -0.568016580 0.818018077
vn 0.273673956 -0.807422608 0.522657916
vn 0.145738242 -0.767273429 0.624541312
vn 0.090573673 -0.568016580 0.818018077
vn 0.145738242 -0.767273429 0.624541312
vn 0.273673956 -0.807422608 0.522657916
vn 0.145146793 -0.960584654 0.237085494
vn 0.019360235 -0.711518410 -0.702400693
vn 0.145738242 -0.767273429 0.624541312
vn 0.145146793 -0.960584654 0.237085494
vn 0.145738242 -0.767273429 0.624541312
vn 0.019360235 -0.711518410 -0.702400693
vn 0.191468732 -0.950144715 0.246099057
vn 0.191468732 -0.950144715 0.246099057
vn 0.019360235 -0.711518410 -0.702400693
vn -0.206270251 -0.795670161 -0.569527504
vn 0.070140542 -0.653962348 0.753268579
vn 0.097740895 -0.205414178 0.973782179
vn 0.191468732 -0.950144715 0.246099057
vn 0.016630795 -0.998738512 0.047379344
vn 0.933446718 -0.240424673 -0.266220211
vn 0.936019973 -0.296091393 -0.190253768
vn -0.218951383 -0.970760596 0.098408115
vn -0.189668822 -0.981340905 -0.031555775
vn -0.597987554 -0.798679861 0.067241087
vn 0.156437013 -0.987244090 -0.029606883
vn -0.218951383 -0.970760596 0.098408115
vn 0.197972746 -0.950887778 0.237947946
vn -0.218951383 -0.970760596 0.098408115
vn 0.156437013 -0.987244090 -0.029606883
vn -0.189668822 -0.981340905 -0.031555775
vn -0.218951383 -0.970760596 0.098408115
vn -0.597987554 -0.798679861 0.067241087
vn -0.553022275 -0.761400680 0.338282970
vn -0.307501411 0.217184922 -0.926430565
vn -0.567618737 -0.727807971 -0.384843509
vn 0.224056117 0.221076647 -0.949170150
vn -0.295848092 -0.665267232 -0.685487722
vn -0.168373101 -0.933340882 -0.317057245
vn -0.031577695 -0.969710159 -0.242208705
vn -0.411991095 -0.841143797 -0.350343333
vn -0.633690321 -0.678315893 -0.371919514
vn -0.587252450 -0.790151705 -0.175484597
vn -0.295848092 -0.665267232 -0.685487722
vn -0.568337785 -0.623939227 -0.536369279
vn -0.411991095 -0.841143797 -0.350343333
vn -0.031577695 -0.969710159 -0.242208705
vn -0.168373101 -0.933340882 -0.317057245
vn 0.082783274 -0.938547296 -0.335075965
vn 0.052056203 -0.997536547 0.047021157
vn 0.548553489 -0.819513470 0.165791264
vn 0.517469267 -0.724829174 -0.454805701
vn 0.035948575 -0.811690050 -0.582981100
vn -0.168373101 -0.933340882 -0.317057245
vn -0.040406207 -0.982338366 -0.182698314
vn 0.525917921 -0.740060877 -0.419189980
vn -0.031577695 -0.969710159 -0.242208705
vn 0.082783274 -0.938547296 -0.335075965
vn -0.031577695 -0.969710159 -0.242208705
vn 0.525917921 -0.740060877 -0.419189980
vn 0.560205955 -0.809792676 -0.174370611
vn -0.031577695 -0.969710159 -0.242208705
vn 0.393443252 -0.518470983 -0.759203693
vn -0.295848092 -0.665267232 -0.685487722
vn -0.411991095 -0.841143797 -0.350343333
vn -0.040406207 -0.982338366 -0.182698314
vn -0.168373101 -0.933340882 -0.317057245
vn -0.411991095 -0.841143797 -0.350343333
vn -0.568337785 -0.623939227 -0.536369279
vn -0.633690321 -0.678315893 -0.371919514
vn -0.790809440 -0.398985823 -0.464145174
vn -0.587252450 -0.790151705 -0.175484597
vn -0.633690321 -0.678315893 -0.371919514
vn -0.587252450 -0.790151705 -0.175484597
vn -0.790809440 -0.398985823 -0.464145174
vn -0.708618374 -0.695285714 -0.120157297
vn -0.104012751 -0.993299239 -0.050378273
vn -0.040406207 -0.982338366 -0.182698314
vn -0.411991095 -0.841143797 -0.350343333
vn 0.470560545 -0.730801085 0.494471989
vn 0.197972746 -0.950887778 0.237947946
vn 0.058451405 -0.877327466 0.476319168
vn 0.197972746 -0.950887778 0.237947946
vn 0.470560545 -0.730801085 0.494471989
vn 0.538451623 -0.809932400 0.232549688
vn 0.197972746 -0.950887778 0.237947946
vn 0.557574068 -0.826119101 0.081476319
vn 0.156437013 -0.987244090 -0.029606883
vn 0.557574068 -0.826119101 0.081476319
vn 0.197972746 -0.950887778 0.237947946
vn 0.538451623 -0.809932400 0.232549688
vn 0.557574068 -0.826119101 0.081476319
vn 0.052056203 -0.997536547 0.047021157
vn 0.156437013 -0.987244090 -0.029606883
vn 0.052056203 -0.997536547 0.047021157
vn 0.557574068 -0.826119101 0.081476319
vn 0.548553489 -0.819513470 0.165791264
vn 0.055101225 -0.994854020 0.085025495
vn 0.035948575 -0.811690050 -0.582981100
vn -0.040406207 -0.982338366 -0.182698314
vn -0.966547193 0.254752957 0.029790186
vn -0.727782018 0.671628841 -0.138737285
vn -0.992637940 -0.045082826 -0.112416456
vn -0.478672412 0.877954975 0.008233080
vn -0.519727796 0.769086188 0.372007329
vn -0.939944166 0.133471630 -0.314150104
vn -0.962221780 0.192716189 -0.192327110
vn -0.727782018 0.671628841 -0.138737285
vn -0.475490951 0.869267605 -0.135211637
vn -0.727782018 0.671628841 -0.138737285
vn -0.962221780 0.192716189 -0.192327110
vn -0.992637940 -0.045082826 -0.112416456
vn -0.727782018 0.671628841 -0.138737285
vn -0.966547193 0.254752957 0.029790186
vn -0.473519896 0.874285957 0.106784703
vn -0.031577695 -0.969710159 -0.242208705
vn 0.560205955 -0.809792676 -0.174370611
vn 0.393443252 -0.518470983 -0.759203693
vn -0.110513754 0.928859522 0.353562864
vn -0.432101541 0.514811412 0.740444103
vn -0.152818484 0.808597944 0.568168880
vn 0.525917921 -0.740060877 -0.419189980
vn 0.035948575 -0.811690050 -0.582981100
vn 0.535980845 -0.758719096 -0.370229480
vn 0.035948575 -0.811690050 -0.582981100
vn 0.525917921 -0.740060877 -0.419189980
vn 0.082783274 -0.938547296 -0.335075965
vn 0.535980845 -0.758719096 -0.370229480
vn 0.055101225 -0.994854020 0.085025495
vn 0.557136054 -0.825885524 0.086674783
vn 0.052056203 -0.997536547 0.047021157
vn 0.557136054 -0.825885524 0.086674783
vn 0.055101225 -0.994854020 0.085025495
vn 0.557136054 -0.825885524 0.086674783
vn 0.052056203 -0.997536547 0.047021157
vn 0.517469267 -0.724829174 -0.454805701
vn -0.133144085 0.980204716 0.146531113
vn -0.475490951 0.869267605 -0.135211637
vn -0.121597822 0.987719538 -0.098102413
vn -0.475490951 0.869267605 -0.135211637
vn -0.133144085 0.980204716 0.146531113
vn -0.478672412 0.877954975 0.008233080
vn -0.475490951 0.869267605 -0.135211637
vn -0.939944166 0.133471630 -0.314150104
vn -0.962221780 0.192716189 -0.192327110
vn -0.939944166 0.133471630 -0.314150104
vn -0.475490951 0.869267605 -0.135211637
vn -0.478672412 0.877954975 0.008233080
vn -0.939944166 0.133471630 -0.314150104
vn -0.979574683 -0.160508153 -0.121122145
vn -0.962221780 0.192716189 -0.192327110
vn -0.979574683 -0.160508153 -0.121122145
vn -0.939944166 0.133471630 -0.314150104
vn -0.980150936 -0.119526376 -0.158169494
vn -0.980150936 -0.119526376 -0.158169494
vn -0.993396729 -0.042235780 -0.106672764
vn -0.979574683 -0.160508153 -0.121122145
vn -0.993396729 -0.042235780 -0.106672764
vn -0.980150936 -0.119526376 -0.158169494
vn -0.867156066 0.035950296 -0.496737288
vn -0.947899877 -0.315714068 0.042549395
vn -0.867156066 0.035950296 -0.496737288
vn -0.583535950 -0.805127469 -0.106092200
vn -0.867156066 0.035950296 -0.496737288
vn -0.947899877 -0.315714068 0.042549395
vn -0.993396729 -0.042235780 -0.106672764
vn 0.158065728 -0.854832158 -0.494244077
vn -0.259165802 -0.962772334 0.076827857
vn 0.239548651 -0.965218450 0.104736755
vn -0.259165802 -0.962772334 0.076827857
vn 0.158065728 -0.854832158 -0.494244077
vn -0.404127328 -0.782069445 -0.474392755
vn -0.404127328 -0.782069445 -0.474392755
vn -0.830437228 -0.557103471 -0.003119908
vn -0.259165802 -0.962772334 0.076827857
vn -0.830437228 -0.557103471 -0.003119908
vn -0.404127328 -0.782069445 -0.474392755
vn -0.815007007 -0.292698738 -0.500091019
vn -0.037281800 -0.942304950 0.332673186
vn 0.122118468 -0.991117665 -0.052657903
vn 0.032061982 -0.909113037 0.415313756
vn 0.122118468 -0.991117665 -0.052657903
vn -0.037281800 -0.942304950 0.332673186
vn -0.583535950 -0.805127469 -0.106092200
vn -0.155496779 0.016703625 -0.987695166
vn 0.122118468 -0.991117665 -0.052657903
vn -0.583535950 -0.805127469 -0.106092200
vn 0.122118468 -0.991117665 -0.052657903
vn -0.155496779 0.016703625 -0.987695166
vn 0.219072443 -0.749123804 -0.625156614
vn 0.219072443 -0.749123804 -0.625156614
vn -0.155496779 0.016703625 -0.987695166
vn 0.019360235 -0.711518410 -0.702400693
vn -0.422254016 0.502687802 0.754325208
vn -0.939944166 0.133471630 -0.314150104
vn -0.519727796 0.769086188 0.372007329
vn -0.939944166 0.133471630 -0.314150104
vn -0.422254016 0.502687802 0.754325208
vn -0.486178723 0.734105826 -0.474045236
vn 0.044887845 -0.948877885 0.312435338
vn 0.032061982 -0.909113037 0.415313756
vn 0.045318559 -0.940937920 0.335532500
vn 0.032061982 -0.909113037 0.415313756
vn 0.044887845 -0.948877885 0.312435338
vn -0.037281800 -0.942304950 0.332673186
vn -0.342579306 -0.414680004 -0.843018335
vn -0.815007007 -0.292698738 -0.500091019
vn -0.404127328 -0.782069445 -0.474392755
vn -0.815007007 -0.292698738 -0.500091019
vn -0.342579306 -0.414680004 -0.843018335
vn -0.869070854 -0.197034248 -0.453754730
vn -0.987817899 -0.118134014 -0.101292411
vn -0.947899877 -0.315714068 0.042549395
vn -0.830437228 -0.557103471 -0.003119908
vn -0.947899877 -0.315714068 0.042549395
vn -0.583535950 -0.805127469 -0.106092200
vn -0.626764948 -0.727724418 0.278537019
vn -0.583535950 -0.805127469 -0.106092200
vn -0.134324337 -0.921567909 0.364238330
vn -0.626764948 -0.727724418 0.278537019
vn -0.134324337 -0.921567909 0.364238330
vn -0.583535950 -0.805127469 -0.106092200
vn -0.037281800 -0.942304950 0.332673186
vn -0.037281800 -0.942304950 0.332673186
vn 0.044887845 -0.948877885 0.312435338
vn 0.121119911 -0.956401514 0.265755736
vn 0.310655317 -0.947784139 -0.072100628
vn 0.239548651 -0.965218450 0.104736755
vn 0.121119911 -0.956401514 0.265755736
vn 0.365867276 -0.839233905 -0.402278000
vn 0.239548651 -0.965218450 0.104736755
vn 0.310655317 -0.947784139 -0.072100628
vn 0.239548651 -0.965218450 0.104736755
vn 0.365867276 -0.839233905 -0.402278000
vn 0.158065728 -0.854832158 -0.494244077
vn -0.342579306 -0.414680004 -0.843018335
vn -0.404127328 -0.782069445 -0.474392755
vn 0.158065728 -0.854832158 -0.494244077
vn -0.830437228 -0.557103471 -0.003119908
vn -0.815007007 -0.292698738 -0.500091019
vn -0.987817899 -0.118134014 -0.101292411
vn -0.993396729 -0.042235780 -0.106672764
vn -0.947899877 -0.315714068 0.042549395
vn -0.987817899 -0.118134014 -0.101292411
vn -0.815007007 -0.292698738 -0.500091019
vn -0.869070854 -0.197034248 -0.453754730
vn -0.987817899 -0.118134014 -0.101292411
vn 0.063471396 -0.996784616 0.048906141
vn 0.147947315 -0.972548606 0.179612918
vn 0.195392878 -0.865628418 -0.460987056
vn -0.405965226 -0.377772123 0.832154107
vn -0.103873200 0.074414602 0.991802816
vn 0.040379364 -0.137483074 0.989680712
vn -0.405965226 -0.377772123 0.832154107
vn -0.121953045 -0.614565865 0.779381968
vn -0.553022275 -0.761400680 0.338282970
vn -0.801508039 -0.589256574 0.101791714
vn -0.981600984 -0.126347814 -0.143163329
vn -0.916780241 -0.338117073 0.212581359
vn -0.981600984 -0.126347814 -0.143163329
vn -0.801508039 -0.589256574 0.101791714
vn -0.937458643 -0.012891175 -0.347857889
vn -0.124144329 0.987107670 0.101027888
vn -0.473519896 0.874285957 0.106784703
vn -0.174173995 0.971976764 0.157875236
vn -0.473519896 0.874285957 0.106784703
vn -0.124144329 0.987107670 0.101027888
vn -0.232276006 0.972275219 0.026995471
vn -0.129959193 -0.899114690 0.417975337
vn 0.244842852 -0.923372855 -0.295693336
vn 0.044190652 -0.919109595 0.391515950
vn 0.244842852 -0.923372855 -0.295693336
vn -0.129959193 -0.899114690 0.417975337
vn -0.544943189 -0.755786263 -0.363075813
vn -0.103873200 0.074414602 0.991802816
vn -0.542441136 0.117145918 0.831886079
vn -0.357614540 0.461648890 0.811783310
vn -0.542441136 0.117145918 0.831886079
vn -0.103873200 0.074414602 0.991802816
vn -0.405965226 -0.377772123 0.832154107
vn 0.244842852 -0.923372855 -0.295693336
vn -0.375065466 -0.348575516 -0.858965078
vn 0.076319991 -0.033536432 -0.996519225
vn -0.375065466 -0.348575516 -0.858965078
vn 0.244842852 -0.923372855 -0.295693336
vn -0.544943189 -0.755786263 -0.363075813
vn 0.383141251 -0.617480886 0.686964437
vn -0.121953045 -0.614565865 0.779381968
vn 0.179535849 -0.336893052 0.924267251
vn -0.035094716 0.999377245 0.003671800
vn -0.121597822 0.987719538 -0.098102413
vn -0.058824577 0.998268314 -0.000204533
vn -0.121597822 0.987719538 -0.098102413
vn -0.035094716 0.999377245 0.003671800
vn -0.133144085 0.980204716 0.146531113
vn -0.777634166 0.617720448 -0.117074986
vn -0.629782529 0.776016014 -0.034250722
vn 0.098475630 0.958040090 -0.269187176
vn -0.367915803 0.590621542 0.718195068
vn -0.244162423 0.108749100 0.963617323
vn -0.422254016 0.502687802 0.754325208
vn -0.208176121 0.740742193 -0.638720366
vn -0.206270251 -0.795670161 -0.569527504
vn 0.019360235 -0.711518410 -0.702400693
vn -0.244162423 0.108749100 0.963617323
vn 0.097740895 -0.205414178 0.973782179
vn -0.422254016 0.502687802 0.754325208
vn 0.191468732 -0.950144715 0.246099057
vn 0.097740895 -0.205414178 0.973782179
vn -0.244162423 0.108749100 0.963617323
vn 0.158065728 -0.854832158 -0.494244077
vn 0.159007402 -0.740307038 -0.653193796
vn -0.342579306 -0.414680004 -0.843018335
vn 0.310655317 -0.947784139 -0.072100628
vn 0.034182200 -0.961724909 -0.271876398
vn 0.365867276 -0.839233905 -0.402278000
vn 0.034182200 -0.961724909 -0.271876398
vn 0.310655317 -0.947784139 -0.072100628
vn 0.038101410 -0.995768871 0.083621991
vn 0.121119911 -0.956401514 0.265755736
vn 0.038101410 -0.995768871 0.083621991
vn 0.310655317 -0.947784139 -0.072100628
vn 0.158065728 -0.854832158 -0.494244077
vn 0.365867276 -0.839233905 -0.402278000
vn 0.159007402 -0.740307038 -0.653193796
vn 0.121119911 -0.956401514 0.265755736
vn 0.044887845 -0.948877885 0.312435338
vn 0.038101410 -0.995768871 0.083621991
vn 0.121119911 -0.956401514 0.265755736
vn -0.134324337 -0.921567909 0.364238330
vn -0.037281800 -0.942304950 0.332673186
vn -0.626764948 -0.727724418 0.278537019
vn -0.830437228 -0.557103471 -0.003119908
vn -0.947899877 -0.315714068 0.042549395
vn -0.867156066 0.035950296 -0.496737288
vn -0.980150936 -0.119526376 -0.158169494
vn -0.939944166 0.133471630 -0.314150104
vn 0.019360235 -0.711518410 -0.702400693
vn -0.155496779 0.016703625 -0.987695166
vn -0.119056154 0.698312464 -0.705822453
vn -0.119056154 0.698312464 -0.705822453
vn -0.486178723 0.734105826 -0.474045236
vn -0.080201537 0.993693249 0.078367338
vn -0.486178723 0.734105826 -0.474045236
vn -0.119056154 0.698312464 -0.705822453
vn -0.155496779 0.016703625 -0.987695166
vn -0.047103908 0.662346123 0.747715745
vn -0.080201537 0.993693249 0.078367338
vn 0.200437819 -0.015949782 0.979576585
vn -0.422254016 0.502687802 0.754325208
vn 0.097740895 -0.205414178 0.973782179
vn 0.200437819 -0.015949782 0.979576585
vn 0.200437819 -0.015949782 0.979576585
vn 0.070140542 -0.653962348 0.753268579
vn -0.047103908 0.662346123 0.747715745
vn 0.070140542 -0.653962348 0.753268579
vn 0.200437819 -0.015949782 0.979576585
vn 0.097740895 -0.205414178 0.973782179
vn -0.519727796 0.769086188 0.372007329
vn -0.133144085 0.980204716 0.146531113
vn -0.367915803 0.590621542 0.718195068
vn -0.133144085 0.980204716 0.146531113
vn -0.519727796 0.769086188 0.372007329
vn -0.478672412 0.877954975 0.008233080
vn 0.273673956 -0.807422608 0.522657916
vn -0.129959193 -0.899114690 0.417975337
vn 0.032061982 -0.909113037 0.415313756
vn 0.044190652 -0.919109595 0.391515950
vn 0.045318559 -0.940937920 0.335532500
vn 0.032061982 -0.909113037 0.415313756
vn 0.014999822 -0.980045906 -0.198204511
vn -0.369800550 -0.929107596 -0.002574512
vn -0.458270911 -0.859889156 -0.224896446
vn -0.369800550 -0.929107596 -0.002574512
vn -0.904880398 -0.397905318 -0.151204574
vn -0.458270911 -0.859889156 -0.224896446
vn -0.904880398 -0.397905318 -0.151204574
vn -0.369800550 -0.929107596 -0.002574512
vn -0.932843784 -0.341127918 0.115906078
vn -0.992637940 -0.045082826 -0.112416456
vn -0.932843784 -0.341127918 0.115906078
vn -0.966547193 0.254752957 0.029790186
vn -0.932843784 -0.341127918 0.115906078
vn -0.992637940 -0.045082826 -0.112416456
vn -0.904880398 -0.397905318 -0.151204574
vn 0.160914769 -0.983801125 -0.079004958
vn -0.369800550 -0.929107596 -0.002574512
vn 0.014999822 -0.980045906 -0.198204511
vn 0.014999822 -0.980045906 -0.198204511
vn 0.034182200 -0.961724909 -0.271876398
vn 0.160914769 -0.983801125 -0.079004958
vn 0.365867276 -0.839233905 -0.402278000
vn 0.014999822 -0.980045906 -0.198204511
vn 0.159007402 -0.740307038 -0.653193796
vn 0.014999822 -0.980045906 -0.198204511
vn 0.365867276 -0.839233905 -0.402278000
vn 0.034182200 -0.961724909 -0.271876398
vn -0.993396729 -0.042235780 -0.106672764
vn -0.904880398 -0.397905318 -0.151204574
vn -0.979574683 -0.160508153 -0.121122145
vn -0.904880398 -0.397905318 -0.151204574
vn -0.993396729 -0.042235780 -0.106672764
vn -0.869070854 -0.197034248 -0.453754730
vn 0.835923975 0.158779444 -0.525376242
vn 0.500991705 -0.812441286 -0.298238945
vn 0.299450860 -0.932725987 -0.200876619
vn 0.500991705 -0.812441286 -0.298238945
vn 0.835923975 0.158779444 -0.525376242
vn 0.817856570 0.276589753 -0.504587693
vn 0.999128931 -0.019258426 0.037020157
vn 0.299450860 -0.932725987 -0.200876619
vn 0.459118553 -0.874935941 0.153939123
vn 0.299450860 -0.932725987 -0.200876619
vn 0.999128931 -0.019258426 0.037020157
vn 0.835923975 0.158779444 -0.525376242
vn 0.840398144 -0.163032814 0.516866774
vn 0.459118553 -0.874935941 0.153939123
vn 0.374395660 -0.856779821 0.354621246
vn 0.459118553 -0.874935941 0.153939123
vn 0.840398144 -0.163032814 0.516866774
vn 0.999128931 -0.019258426 0.037020157
vn 0.643500129 -0.476386988 0.599135228
vn 0.374395660 -0.856779821 0.354621246
vn 0.275966479 -0.845402380 0.457315339
vn 0.374395660 -0.856779821 0.354621246
vn 0.643500129 -0.476386988 0.599135228
vn 0.840398144 -0.163032814 0.516866774
vn 0.275966479 -0.845402380 0.457315339
vn 0.434201513 -0.893569644 0.114027793
vn 0.643500129 -0.476386988 0.599135228
vn 0.886227840 -0.036663441 -0.461796500
vn 0.817856570 0.276589753 -0.504587693
vn 0.971243643 0.021187575 0.237143150
vn 0.817856570 0.276589753 -0.504587693
vn 0.886227840 -0.036663441 -0.461796500
vn 0.500991705 -0.812441286 -0.298238945
vn -0.020411612 0.993993569 0.107518139
vn 0.786599839 0.599688497 -0.147086371
vn -0.639843208 0.744414800 0.190911694
vn 0.786599839 0.599688497 -0.147086371
vn -0.020411612 0.993993569 0.107518139
vn 0.693744894 0.705909079 -0.142864950
vn 0.612675674 0.785368504 -0.088458083
vn -0.020411612 0.993993569 0.107518139
vn -0.390878002 0.740586713 0.546576352
vn -0.020411612 0.993993569 0.107518139
vn 0.612675674 0.785368504 -0.088458083
vn 0.693744894 0.705909079 -0.142864950
vn 0.612675674 0.785368504 -0.088458083
vn 0.279842241 0.952964313 -0.116393032
vn 0.456481868 0.887430049 -0.063970403
vn 0.279842241 0.952964313 -0.116393032
vn 0.612675674 0.785368504 -0.088458083
vn -0.390878002 0.740586713 0.546576352
vn 0.531281773 0.839729744 -0.112221365
vn 0.279842241 0.952964313 -0.116393032
vn -0.163607320 0.731967160 -0.661405112
vn 0.279842241 0.952964313 -0.116393032
vn 0.531281773 0.839729744 -0.112221365
vn 0.456481868 0.887430049 -0.063970403
vn -0.163607320 0.731967160 -0.661405112
vn 0.416084714 0.859889574 -0.295742170
vn 0.531281773 0.839729744 -0.112221365
vn -0.062564446 -0.986841682 -0.149094548
vn -0.094816363 -0.995231123 -0.022910023
vn -0.143345922 -0.987718916 -0.062155360
vn -0.094816363 -0.995231123 -0.022910023
vn -0.062564446 -0.986841682 -0.149094548
vn -0.041585443 -0.991056093 -0.126800914
vn -0.042782213 -0.995632251 -0.082982548
vn -0.041585443 -0.991056093 -0.126800914
vn -0.062564446 -0.986841682 -0.149094548
vn -0.041585443 -0.991056093 -0.126800914
vn -0.042782213 -0.995632251 -0.082982548
vn -0.002583090 -0.999493078 -0.031731927
vn -0.030358787 -0.997565266 0.062784431
vn -0.002583090 -0.999493078 -0.031731927
vn -0.042782213 -0.995632251 -0.082982548
vn -0.002583090 -0.999493078 -0.031731927
vn -0.030358787 -0.997565266 0.062784431
vn -0.043821138 -0.995537011 0.083580908
vn -0.017572042 -0.994144630 0.106619317
vn -0.043821138 -0.995537011 0.083580908
vn -0.030358787 -0.997565266 0.062784431
vn -0.043821138 -0.995537011 0.083580908
vn -0.017572042 -0.994144630 0.106619317
vn -0.034011206 -0.989603184 0.139745398
vn 0.147947315 -0.972548606 0.179612918
vn -0.017572042 -0.994144630 0.106619317
vn 0.063471396 -0.996784616 0.048906141
vn -0.143345922 -0.987718916 -0.062155360
vn -0.127045902 -0.991852651 0.009362584
vn -0.206163785 -0.976582984 -0.061499350
vn -0.127045902 -0.991852651 0.009362584
vn -0.143345922 -0.987718916 -0.062155360
vn -0.094816363 -0.995231123 -0.022910023
vn 0.076098572 0.996835040 0.022998073
vn -0.544785102 0.838534749 -0.008286586
vn -0.617667605 0.785360310 0.041181464
vn -0.544785102 0.838534749 -0.008286586
vn 0.076098572 0.996835040 0.022998073
vn 0.389945662 0.920167322 -0.035135162
vn 0.389945662 0.920167322 -0.035135162
vn -0.638473837 0.752094305 0.163417610
vn -0.544785102 0.838534749 -0.008286586
vn -0.638473837 0.752094305 0.163417610
vn 0.389945662 0.920167322 -0.035135162
vn 0.174457892 0.977075821 0.122013455
vn -0.626231857 0.774252771 0.091467524
vn 0.174457892 0.977075821 0.122013455
vn 0.350697941 0.936488087 0.001008854
vn 0.174457892 0.977075821 0.122013455
vn -0.626231857 0.774252771 0.091467524
vn -0.638473837 0.752094305 0.163417610
vn -0.053273566 0.991210690 -0.121092096
vn -0.626231857 0.774252771 0.091467524
vn 0.350697941 0.936488087 0.001008854
vn -0.626231857 0.774252771 0.091467524
vn -0.053273566 0.991210690 -0.121092096
vn -0.702981341 0.694544737 -0.153051765
vn -0.060924169 0.913059552 -0.403249924
vn 0.098475630 0.958040090 -0.269187176
vn 0.416084714 0.859889574 -0.295742170
vn 0.098475630 0.958040090 -0.269187176
vn -0.053273566 0.991210690 -0.121092096
vn 0.416084714 0.859889574 -0.295742170
vn 0.063471396 -0.996784616 0.048906141
vn -0.017572042 -0.994144630 0.106619317
vn 0.016630795 -0.998738512 0.047379344
vn -0.017572042 -0.994144630 0.106619317
vn 0.147947315 -0.972548606 0.179612918
vn -0.034011206 -0.989603184 0.139745398
vn -0.030358787 -0.997565266 0.062784431
vn 0.016630795 -0.998738512 0.047379344
vn -0.017572042 -0.994144630 0.106619317
vn 0.016630795 -0.998738512 0.047379344
vn -0.030358787 -0.997565266 0.062784431
vn 0.050653057 -0.998712516 -0.002752866
vn -0.042782213 -0.995632251 -0.082982548
vn 0.050653057 -0.998712516 -0.002752866
vn -0.030358787 -0.997565266 0.062784431
vn 0.050653057 -0.998712516 -0.002752866
vn -0.042782213 -0.995632251 -0.082982548
vn -0.102583850 -0.982376130 -0.156248818
vn -0.062564446 -0.986841682 -0.149094548
vn -0.102583850 -0.982376130 -0.156248818
vn -0.042782213 -0.995632251 -0.082982548
vn -0.102583850 -0.982376130 -0.156248818
vn -0.062564446 -0.986841682 -0.149094548
vn -0.196415287 -0.966058128 -0.167787748
vn -0.143345922 -0.987718916 -0.062155360
vn -0.196415287 -0.966058128 -0.167787748
vn -0.062564446 -0.986841682 -0.149094548
vn -0.196415287 -0.966058128 -0.167787748
vn -0.143345922 -0.987718916 -0.062155360
vn -0.170391665 -0.978799518 -0.113658191
vn -0.206163785 -0.976582984 -0.061499350
vn -0.170391665 -0.978799518 -0.113658191
vn -0.143345922 -0.987718916 -0.062155360
vn -0.170391665 -0.978799518 -0.113658191
vn -0.206163785 -0.976582984 -0.061499350
vn 0.005135461 -0.979711231 0.200348523
vn 0.147947315 -0.972548606 0.179612918
vn 0.275966479 -0.845402380 0.457315339
vn -0.034011206 -0.989603184 0.139745398
vn 0.275966479 -0.845402380 0.457315339
vn 0.147947315 -0.972548606 0.179612918
vn 0.434201513 -0.893569644 0.114027793
vn -0.043821138 -0.995537011 0.083580908
vn 0.275966479 -0.845402380 0.457315339
vn 0.374395660 -0.856779821 0.354621246
vn 0.275966479 -0.845402380 0.457315339
vn -0.043821138 -0.995537011 0.083580908
vn -0.034011206 -0.989603184 0.139745398
vn -0.002583090 -0.999493078 -0.031731927
vn 0.374395660 -0.856779821 0.354621246
vn 0.459118553 -0.874935941 0.153939123
vn 0.374395660 -0.856779821 0.354621246
vn -0.002583090 -0.999493078 -0.031731927
vn -0.043821138 -0.995537011 0.083580908
vn -0.041585443 -0.991056093 -0.126800914
vn 0.459118553 -0.874935941 0.153939123
vn 0.299450860 -0.932725987 -0.200876619
vn 0.459118553 -0.874935941 0.153939123
vn -0.041585443 -0.991056093 -0.126800914
vn -0.002583090 -0.999493078 -0.031731927
vn -0.094816363 -0.995231123 -0.022910023
vn 0.299450860 -0.932725987 -0.200876619
vn 0.500991705 -0.812441286 -0.298238945
vn 0.299450860 -0.932725987 -0.200876619
vn -0.094816363 -0.995231123 -0.022910023
vn -0.041585443 -0.991056093 -0.126800914
vn -0.127045902 -0.991852651 0.009362584
vn 0.500991705 -0.812441286 -0.298238945
vn 0.886227840 -0.036663441 -0.461796500
vn 0.500991705 -0.812441286 -0.298238945
vn -0.127045902 -0.991852651 0.009362584
vn -0.094816363 -0.995231123 -0.022910023
vn -0.392992180 0.750383584 -0.531490003
vn -0.163607320 0.731967160 -0.661405112
vn -0.482938400 0.575489103 -0.659986965
vn -0.163607320 0.731967160 -0.661405112
vn -0.392992180 0.750383584 -0.531490003
vn -0.399549465 0.472139559 -0.785776343
vn -0.163607320 0.731967160 -0.661405112
vn -0.680593261 0.657270002 -0.323711225
vn -0.482938400 0.575489103 -0.659986965
vn -0.680593261 0.657270002 -0.323711225
vn -0.163607320 0.731967160 -0.661405112
vn 0.279842241 0.952964313 -0.116393032
vn -0.390878002 0.740586713 0.546576352
vn -0.680593261 0.657270002 -0.323711225
vn 0.279842241 0.952964313 -0.116393032
vn -0.680593261 0.657270002 -0.323711225
vn -0.390878002 0.740586713 0.546576352
vn -0.595194720 0.659794059 0.458710197
vn -0.020411612 0.993993569 0.107518139
vn -0.595194720 0.659794059 0.458710197
vn -0.390878002 0.740586713 0.546576352
vn -0.595194720 0.659794059 0.458710197
vn -0.020411612 0.993993569 0.107518139
vn -0.763821601 0.583545349 0.275774161
vn -0.639843208 0.744414800 0.190911694
vn -0.763821601 0.583545349 0.275774161
vn -0.020411612 0.993993569 0.107518139
vn -0.763821601 0.583545349 0.275774161
vn -0.639843208 0.744414800 0.190911694
vn -0.703072923 0.651644817 0.284688421
vn 0.416084714 0.859889574 -0.295742170
vn -0.053273566 0.991210690 -0.121092096
vn 0.531281773 0.839729744 -0.112221365
vn 0.531281773 0.839729744 -0.112221365
vn 0.350697941 0.936488087 0.001008854
vn 0.456481868 0.887430049 -0.063970403
vn 0.350697941 0.936488087 0.001008854
vn 0.531281773 0.839729744 -0.112221365
vn -0.053273566 0.991210690 -0.121092096
vn 0.612675674 0.785368504 -0.088458083
vn 0.350697941 0.936488087 0.001008854
vn 0.174457892 0.977075821 0.122013455
vn 0.350697941 0.936488087 0.001008854
vn 0.612675674 0.785368504 -0.088458083
vn 0.456481868 0.887430049 -0.063970403
vn 0.389945662 0.920167322 -0.035135162
vn 0.612675674 0.785368504 -0.088458083
vn 0.174457892 0.977075821 0.122013455
vn 0.612675674 0.785368504 -0.088458083
vn 0.389945662 0.920167322 -0.035135162
vn 0.693744894 0.705909079 -0.142864950
vn 0.786599839 0.599688497 -0.147086371
vn 0.389945662 0.920167322 -0.035135162
vn 0.076098572 0.996835040 0.022998073
vn 0.389945662 0.920167322 -0.035135162
vn 0.786599839 0.599688497 -0.147086371
vn 0.693744894 0.705909079 -0.142864950
vn -0.163607320 0.731967160 -0.661405112
vn -0.399549465 0.472139559 -0.785776343
vn 0.416084714 0.859889574 -0.295742170
vn -0.399549465 0.472139559 -0.785776343
vn -0.060924169 0.913059552 -0.403249924
vn 0.416084714 0.859889574 -0.295742170
vn -0.629782529 0.776016014 -0.034250722
vn -0.053273566 0.991210690 -0.121092096
vn 0.098475630 0.958040090 -0.269187176
vn -0.053273566 0.991210690 -0.121092096
vn -0.629782529 0.776016014 -0.034250722
vn -0.702981341 0.694544737 -0.153051765
vn 0.903549059 -0.418327718 0.092741670
vn 0.939988600 -0.315446899 -0.130056474
vn 0.897163936 -0.422059833 0.130239661
vn 0.052056203 -0.997536547 0.047021157
vn -0.040406207 -0.982338366 -0.182698314
vn -0.104012751 -0.993299239 -0.050378273
vn 0.865584920 -0.406064129 -0.293043801
vn 0.951012318 -0.171904186 -0.256952372
vn 0.929407647 -0.316021545 -0.190609048
vn -0.411991095 -0.841143797 -0.350343333
vn -0.168373101 -0.933340882 -0.317057245
vn -0.295848092 -0.665267232 -0.685487722
vn 0.951012318 -0.171904186 -0.256952372
vn 0.956700029 0.089877493 -0.276852109
vn 0.775647649 0.063593591 -0.627954281
vn 0.055101225 -0.994854020 0.085025495
vn 0.535980845 -0.758719096 -0.370229480
vn 0.035948575 -0.811690050 -0.582981100
vn 0.535980845 -0.758719096 -0.370229480
vn 0.897163936 -0.422059833 0.130239661
vn 0.783070533 -0.303477190 -0.542864749
vn -0.168373101 -0.933340882 -0.317057245
vn 0.035948575 -0.811690050 -0.582981100
vn 0.082783274 -0.938547296 -0.335075965
vn 0.783070533 -0.303477190 -0.542864749
vn 0.951012318 -0.171904186 -0.256952372
vn 0.865584920 -0.406064129 -0.293043801
f 3/3/3 2/2/2 1/1/1
f 6/6/6 5/5/5 4/4/4
f 9/9/9 8/8/8 7/7/7
f 12/12/12 11/11/11 10/10/10
f 15/15/15 14/14/14 13/13/13
f 18/18/18 17/17/17 16/16/16
f 21/21/21 20/20/20 19/19/19
f 24/24/24 23/23/23 22/22/22
f 27/27/27 26/26/26 25/25/25
f 30/30/30 29/29/29 28/28/28
f 33/33/33 32/32/32 31/31/31
f 36/36/36 35/35/35 34/34/34
f 39/39/39 38/38/38 37/37/37
f 42/42/42 41/41/41 40/40/40
f 45/45/45 44/44/44 43/43/43
f 48/48/48 47/47/47 46/46/46
f 51/51/51 50/50/50 49/49/49
f 54/54/54 53/53/53 52/52/52
f 57/57/57 56/56/56 55/55/55
f 60/60/60 59/59/59 58/58/58
f 63/63/63 62/62/62 61/61/61
f 66/66/66 65/65/65 64/64/64
f 69/69/69 68/68/68 67/67/67
f 72/72/72 71/71/71 70/70/70
f 75/75/75 74/74/74 73/73/73
f 78/78/78 77/77/77 76/76/76
f 81/81/81 80/80/80 79/79/79
f 84/84/84 83/83/83 82/82/82
f 87/87/87 86/86/86 85/85/85
f 90/90/90 89/89/89 88/88/88
f 93/93/93 92/92/92 91/91/91
f 96/96/96 95/95/95 94/94/94
f 99/99/99 98/98/98 97/97/97
f 102/102/102 101/101/101 100/100/100
f 105/105/105 104/104/104 103/103/103
f 108/108/108 107/107/107 106/106/106
f 111/111/111 110/110/110 109/109/109
f 114/114/114 113/113/113 112/112/112
f 117/117/117 116/116/116 115/115/115
f 120/120/120 119/119/119 118/118/118
f 123/123/123 122/122/122 121/121/121
f 126/126/126 125/125/125 124/124/124
f 129/129/129 128/128/128 127/127/127
f 132/132/132 131/131/131 130/130/130
f 135/135/135 134/134/134 133/133/133
f 138/138/138 137/137/137 136/136/136
f 141/141/141 140/140/140 139/139/139
f 144/144/144 143/143/143 142/142/142
f 147/147/147 146/146/146 145/145/145
f 150/150/150 149/149/149 148/148/148
f 153/153/153 152/152/152 151/151/151
f 156/156/156 155/155/155 154/154/154
f 159/159/159 158/158/158 157/157/157
f 162/162/162 161/161/161 160/160/160
f 165/165/165 164/164/164 163/163/163
f 168/168/168 167/167/167 166/166/166
f 171/171/171 170/170/170 169/169/169
f 174/174/174 173/173/173 172/172/172
f 177/177/177 176/176/176 175/175/175
f 180/180/180 179/179/179 178/178/178
f 183/183/183 182/182/182 181/181/181
f 186/186/186 185/185/185 184/184/184
f 189/189/189 188/188/188 187/187/187
f 192/192/192 191/191/191 190/190/190
f 195/195/195 194/194/194 193/193/193
f 198/198/198 197/197/197 196/196/196
f 201/201/201 200/200/200 199/199/199
f 204/204/204 203/203/203 202/202/202
f 207/207/207 206/206/206 205/205/205
f 210/210/210 209/209/209 208/208/208
f 213/213/213 212/212/212 211/211/211
f 216/216/216 215/215/215 214/214/214
f 219/219/219 218/218/218 217/217/217
f 222/222/222 221/221/221 220/220/220
f 225/225/225 224/224/224 223/223/223
f 228/228/228 227/227/227 226/226/226
f 231/231/231 230/230/230 229/229/229
f 234/234/234 233/233/233 232/232/232
f 237/237/237 236/236/236 235/235/235
f 240/240/240 239/239/239 238/238/238
f 243/243/243 242/242/242 241/241/241
f 246/246/246 245/245/245 244/244/244
f 249/249/249 248/248/248 247/247/247
f 252/252/252 251/251/251 250/250/250
f 255/255/255 254/254/254 253/253/253
f 258/258/258 257/257/257 256/256/256
f 261/261/261 260/260/260 259/259/259
f 264/264/264 263/263/263 262/262/262
f 267/267/267 266/266/266 265/265/265
f 270/270/270 269/269/269 268/268/268
f 273/273/273 272/272/272 271/271/271
f 276/276/276 275/275/275 274/274/274
f 279/279/279 278/278/278 277/277/277
f 282/282/282 281/281/281 280/280/280
f 285/285/285 284/284/284 283/283/283
f 288/288/288 287/287/287 286/286/286
f 291/291/291 290/290/290 289/289/289
f 294/294/294 293/293/293 292/292/292
f 297/297/297 296/296/296 295/295/295
f 300/300/300 299/299/299 298/298/298
f 303/303/303 302/302/302 301/301/301
f 306/306/306 305/305/305 304/304/304
f 309/309/309 308/308/308 307/307/307
f 312/312/312 311/311/311 310/310/310
f 315/315/315 314/314/314 313/313/313
f 318/318/318 317/317/317 316/316/316
f 321/321/321 320/320/320 319/319/319
f 324/324/324 323/323/323 322/322/322
f 327/327/327 326/326/326 325/325/325
f 330/330/330 329/329/329 328/328/328
f 333/333/333 332/332/332 331/331/331
f 336/336/336 335/335/335 334/334/334
f 339/339/339 338/338/338 337/337/337
f 342/342/342 341/341/341 340/340/340
f 345/345/345 344/344/344 343/343/343
f 348/348/348 347/347/347 346/346/346
f 351/351/351 350/350/350 349/349/349
f 354/354/354 353/353/353 352/352/352
f 357/357/357 356/356/356 355/355/355
f 360/360/360 359/359/359 358/358/358
f 363/363/363 362/362/362 361/361/361
f 366/366/366 365/365/365 364/364/364
f 369/369/369 368/368/368 367/367/367
f 372/372/372 371/371/371 370/370/370
f 375/375/375 374/374/374 373/373/373
f 378/378/378 377/377/377 376/376/376
f 381/381/381 380/380/380 379/379/379
f 384/384/384 383/383/383 382/382/382
f 387/387/387 386/386/386 385/385/385
f 390/390/390 389/389/389 388/388/388
f 393/393/393 392/392/392 391/391/391
f 396/396/396 395/395/395 394/394/394
f 399/399/399 398/398/398 397/397/397
f 402/402/402 401/401/401 400/400/400
f 405/405/405 404/404/404 403/403/403
f 408/408/408 407/407/407 406/406/406
f 411/411/411 410/410/410 409/409/409
f 414/414/414 413/413/413 412/412/412
f 417/417/417 416/416/416 415/415/415
f 420/420/420 419/419/419 418/418/418
f 423/423/423 422/422/422 421/421/421
f 426/426/426 425/425/425 424/424/424
f 429/429/429 428/428/428 427/427/427
f 432/432/432 431/431/431 430/430/430
f 435/435/435 434/434/434 433/433/433
f 438/438/438 437/437/437 436/436/436
f 441/441/441 440/440/440 439/439/439
f 444/444/444 443/443/443 442/442/442
f 447/447/447 446/446/446 445/445/445
f 450/450/450 449/449/449 448/448/448
f 453/453/453 452/452/452 451/451/451
f 456/456/456 455/455/455 454/454/454
f 459/459/459 458/458/458 457/457/457
f 462/462/462 461/461/461 460/460/460
f 465/465/465 464/464/464 463/463/463
f 468/468/468 467/467/467 466/466/466
f 471/471/471 470/470/470 469/469/469
f 474/474/474 473/473/473 472/472/472
f 477/477/477 476/476/476 475/475/475
f 480/480/480 479/479/479 478/478/478
f 483/483/483 482/482/482 481/481/481
f 486/486/486 485/485/485 484/484/484
f 489/489/489 488/488/488 487/487/487
f 492/492/492 491/491/491 490/490/490
f 495/495/495 494/494/494 493/493/493
f 498/498/498 497/497/497 496/496/496
f 501/501/501 500/500/500 499/499/499
f 504/504/504 503/503/503 502/502/502
f 507/507/507 506/506/506 505/505/505
f 510/510/510 509/509/509 508/508/508
f 513/513/513 512/512/512 511/511/511
f 516/516/516 515/515/515 514/514/514
f 519/519/519 518/518/518 517/517/517
f 522/522/522 521/521/521 520/520/520
f 525/525/525 524/524/524 523/523/523
f 528/528/528 527/527/527 526/526/526
f 531/531/531 530/530/530 529/529/529
f 534/534/534 533/533/533 532/532/532
f 537/537/537 536/536/536 535/535/535
f 540/540/540 539/539/539 538/538/538
f 543/543/543 542/542/542 541/541/541
f 546/546/546 545/545/545 544/544/544
f 549/549/549 548/548/548 547/547/547
f 552/552/552 551/551/551 550/550/550
f 555/555/555 554/554/554 553/553/553
f 558/558/558 557/557/557 556/556/556
f 561/561/561 560/560/560 559/559/559
f 564/564/564 563/563/563 562/562/562
f 567/567/567 566/566/566 565/565/565
f 570/570/570 569/569/569 568/568/568
f 573/573/573 572/572/572 571/571/571
f 576/576/576 575/575/575 574/574/574
f 579/579/579 578/578/578 577/577/577
f 582/582/582 581/581/581 580/580/580
f 585/585/585 584/584/584 583/583/583
f 588/588/588 587/587/587 586/586/586
f 591/591/591 590/590/590 589/589/589
f 594/594/594 593/593/593 592/592/592
f 597/597/597 596/596/596 595/595/595
f 600/600/600 599/599/599 598/598/598
f 603/603/603 602/602/602 601/601/601
f 606/606/606 605/605/605 604/604/604
f 609/609/609 608/608/608 607/607/607
f 612/612/612 611/611/611 610/610/610
f 615/615/615 614/614/614 613/613/613
f 618/618/618 617/617/617 616/616/616
f 621/621/621 620/620/620 619/619/619
f 624/624/624 623/623/623 622/622/622
f 627/627/627 626/626/626 625/625/625
f 630/630/630 629/629/629 628/628/628
f 633/633/633 632/632/632 631/631/631
f 636/636/636 635/635/635 634/634/634
f 639/639/639 638/638/638 637/637/637
f 642/642/642 641/641/641 640/640/640
f 645/645/645 644/644/644 643/643/643
f 648/648/648 647/647/647 646/646/646
f 651/651/651 650/650/650 649/649/649
f 654/654/654 653/653/653 652/652/652
f 657/657/657 656/656/656 655/655/655
f 660/660/660 659/659/659 658/658/658
f 663/663/663 662/662/662 661/661/661
f 666/666/666 665/665/665 664/664/664
f 669/669/669 668/668/668 667/667/667
f 672/672/672 671/671/671 670/670/670
f 675/675/675 674/674/674 673/673/673
f 678/678/678 677/677/677 676/676/676
f 681/681/681 680/680/680 679/679/679
f 684/684/684 683/683/683 682/682/682
f 687/687/687 686/686/686 685/685/685
f 690/690/690 689/689/689 688/688/688
f 693/693/693 692/692/692 691/691/691
f 696/696/696 695/695/695 694/694/694
f 699/699/699 698/698/698 697/697/697
f 702/702/702 701/701/701 700/700/700
f 705/705/705 704/704/704 703/703/703
f 708/708/708 707/707/707 706/706/706
f 711/711/711 710/710/710 709/709/709
f 714/714/714 713/713/713 712/712/712
f 717/717/717 716/716/716 715/715/715
f 720/720/720 719/719/719 718/718/718
f 723/723/723 722/722/722 721/721/721
f 726/726/726 725/725/725 724/724/724
f 729/729/729 728/728/728 727/727/727
f 732/732/732 731/731/731 730/730/730
f 735/735/735 734/734/734 733/733/733
f 738/738/738 737/737/737 736/736/736
f 741/741/741 740/740/740 739/739/739
f 744/744/744 743/743/743 742/742/742
f 747/747/747 746/746/746 745/745/745
f 750/750/750 749/749/749 748/748/748
f 753/753/753 752/752/752 751/751/751
f 756/756/756 755/755/755 754/754/754
f 759/759/759 758/758/758 757/757/757
f 762/762/762 761/761/761 760/760/760
f 765/765/765 764/764/764 763/763/763
f 768/768/768 767/767/767 766/766/766
f 771/771/771 770/770/770 769/769/769
f 774/774/774 773/773/773 772/772/772
f 777/777/777 776/776/776 775/775/775
f 780/780/780 779/779/779 778/778/778
f 783/783/783 782/782/782 781/781/781
f 786/786/786 785/785/785 784/784/784
f 789/789/789 788/788/788 787/787/787
f 792/792/792 791/791/791 790/790/790
f 795/795/795 794/794/794 793/793/793
f 798/798/798 797/797/797 796/796/796
f 801/801/801 800/800/800 799/799/799
f 804/804/804 803/803/803 802/802/802
f 807/807/807 806/806/806 805/805/805
f 810/810/810 809/809/809 808/808/808
f 813/813/813 812/812/812 811/811/811
f 816/816/816 815/815/815 814/814/814
f 819/819/819 818/818/818 817/817/817
f 822/822/822 821/821/821 820/820/820
f 825/825/825 824/824/824 823/823/823
f 828/828/828 827/827/827 826/826/826
f 831/831/831 830/830/830 829/829/829
f 834/834/834 833/833/833 832/832/832
f 837/837/837 836/836/836 835/835/835
f 840/840/840 839/839/839 838/838/838
f 843/843/843 842/842/842 841/841/841
f 846/846/846 845/845/845 844/844/844
f 849/849/849 848/848/848 847/847/847
f 852/852/852 851/851/851 850/850/850
f 855/855/855 854/854/854 853/853/853
f 858/858/858 857/857/857 856/856/856
f 861/861/861 860/860/860 859/859/859
f 864/864/864 863/863/863 862/862/862
f 867/867/867 866/866/866 865/865/865
f 870/870/870 869/869/869 868/868/868
f 873/873/873 872/872/872 871/871/871
f 876/876/876 875/875/875 874/874/874
f 879/879/879 878/878/878 877/877/877
f 882/882/882 881/881/881 880/880/880
f 885/885/885 884/884/884 883/883/883
f 888/888/888 887/887/887 886/886/886
f 891/891/891 890/890/890 889/889/889
f 894/894/894 893/893/893 892/892/892
f 897/897/897 896/896/896 895/895/895
f 900/900/900 899/899/899 898/898/898
f 903/903/903 902/902/902 901/901/901
f 906/906/906 905/905/905 904/904/904
f 909/909/909 908/908/908 907/907/907
f 912/912/912 911/911/911 910/910/910
f 915/915/915 914/914/914 913/913/913
f 918/918/918 917/917/917 916/916/916
f 921/921/921 920/920/920 919/919/919
f 924/924/924 923/923/923 922/922/922
f 927/927/927 926/926/926 925/925/925
f 930/930/930 929/929/929 928/928/928
f 933/933/933 932/932/932 931/931/931
f 936/936/936 935/935/935 934/934/934
f 939/939/939 938/938/938 937/937/937
f 942/942/942 941/941/941 940/940/940
f 945/945/945 944/944/944 943/943/943
f 948/948/948 947/947/947 946/946/946
f 951/951/951 950/950/950 949/949/949
f 954/954/954 953/953/953 952/952/952
f 957/957/957 956/956/956 955/955/955
f 960/960/960 959/959/959 958/958/958
f 963/963/963 962/962/962 961/961/961
f 966/966/966 965/965/965 964/964/964
f 969/969/969 968/968/968 967/967/967
f 972/972/972 971/971/971 970/970/970
f 975/975/975 974/974/974 973/973/973
f 978/978/978 977/977/977 976/976/976
f 981/981/981 980/980/980 979/979/979
f 984/984/984 983/983/983 982/982/982
f 987/987/987 986/986/986 985/985/985
f 990/990/990 989/989/989 988/988/988
f 993/993/993 992/992/992 991/991/991
f 996/996/996 995/995/995 994/994/994
f 999/999/999 998/998/998 997/997/997
f 1002/1002/1002 1001/1001/1001 1000/1000/1000
f 1005/1005/1005 1004/1004/1004 1003/1003/1003
f 1008/1008/1008 1007/1007/1007 1006/1006/1006
f 1011/1011/1011 1010/1010/1010 1009/1009/1009
f 1014/1014/1014 1013/1013/1013 1012/1012/1012
f 1017/1017/1017 1016/1016/1016 1015/1015/1015
f 1020/1020/1020 1019/1019/1019 1018/1018/1018
f 1023/1023/1023 1022/1022/1022 1021/1021/1021
f 1026/1026/1026 1025/1025/1025 1024/1024/1024
f 1029/1029/1029 1028/1028/1028 1027/1027/1027
f 1032/1032/1032 1031/1031/1031 1030/1030/1030
f 1035/1035/1035 1034/1034/1034 1033/1033/1033
f 1038/1038/1038 1037/1037/1037 1036/1036/1036
f 1041/1041/1041 1040/1040/1040 1039/1039/1039
f 1044/1044/1044 1043/1043/1043 1042/1042/1042
f 1047/1047/1047 1046/1046/1046 1045/1045/1045
f 1050/1050/1050 1049/1049/1049 1048/1048/1048
f 1053/1053/1053 1052/1052/1052 1051/1051/1051
f 1056/1056/1056 1055/1055/1055 1054/1054/1054
f 1059/1059/1059 1058/1058/1058 1057/1057/1057
f 1062/1062/1062 1061/1061/1061 1060/1060/1060
f 1065/1065/1065 1064/1064/1064 1063/1063/1063
f 1068/1068/1068 1067/1067/1067 1066/1066/1066
f 1071/1071/1071 1070/1070/1070 1069/1069/1069
f 1074/1074/1074 1073/1073/1073 1072/1072/1072
f 1077/1077/1077 1076/1076/1076 1075/1075/1075
f 1080/1080/1080 1079/1079/1079 1078/1078/1078
f 1083/1083/1083 1082/1082/1082 1081/1081/1081
f 1086/1086/1086 1085/1085/1085 1084/1084/1084
f 1089/1089/1089 1088/1088/1088 1087/1087/1087
f 1092/1092/1092 1091/1091/1091 1090/1090/1090
f 1095/1095/1095 1094/1094/1094 1093/1093/1093
f 1098/1098/1098 1097/1097/1097 1096/1096/1096
f 1101/1101/1101 1100/1100/1100 1099/1099/1099
f 1104/1104/1104 1103/1103/1103 1102/1102/1102
f 1107/1107/1107 1106/1106/1106 1105/1105/1105
f 1110/1110/1110 1109/1109/1109 1108/1108/1108
f 1113/1113/1113 1112/1112/1112 1111/1111/1111
f 1116/1116/1116 1115/1115/1115 1114/1114/1114
f 1119/1119/1119 1118/1118/1118 1117/1117/1117
f 1122/1122/1122 1121/1121/1121 1120/1120/1120
f 1125/1125/1125 1124/1124/1124 1123/1123/1123
f 1128/1128/1128 1127/1127/1127 1126/1126/1126
f 1131/1131/1131 1130/1130/1130 1129/1129/1129
f 1134/1134/1134 1133/1133/1133 1132/1132/1132
f 1137/1137/1137 1136/1136/1136 1135/1135/1135
f 1140/1140/1140 1139/1139/1139 1138/1138/1138
f 1143/1143/1143 1142/1142/1142 1141/1141/1141
f 1146/1146/1146 1145/1145/1145 1144/1144/1144
f 1149/1149/1149 1148/1148/1148 1147/1147/1147
f 1152/1152/1152 1151/1151/1151 1150/1150/1150
f 1155/1155/1155 1154/1154/1154 1153/1153/1153
f 1158/1158/1158 1157/1157/1157 1156/1156/1156
f 1161/1161/1161 1160/1160/1160 1159/1159/1159
f 1164/1164/1164 1163/1163/1163 1162/1162/1162
f 1167/1167/1167 1166/1166/1166 1165/1165/1165
f 1170/1170/1170 1169/1169/1169 1168/1168/1168
f 1173/1173/1173 1172/1172/1172 1171/1171/1171
f 1176/1176/1176 1175/1175/1175 1174/1174/1174
f 1179/1179/1179 1178/1178/1178 1177/1177/1177
f 1182/1182/1182 1181/1181/1181 1180/1180/1180
f 1185/1185/1185 1184/1184/1184 1183/1183/1183
f 1188/1188/1188 1187/1187/1187 1186/1186/1186
f 1191/1191/1191 1190/1190/1190 1189/1189/1189
f 1194/1194/1194 1193/1193/1193 1192/1192/1192
f 1197/1197/1197 1196/1196/1196 1195/1195/1195
f 1200/1200/1200 1199/1199/1199 1198/1198/1198
f 1203/1203/1203 1202/1202/1202 1201/1201/1201
f 1206/1206/1206 1205/1205/1205 1204/1204/1204
f 1209/1209/1209 1208/1208/1208 1207/1207/1207
f 1212/1212/1212 1211/1211/1211 1210/1210/1210
f 1215/1215/1215 1214/1214/1214 1213/1213/1213
f 1218/1218/1218 1217/1217/1217 1216/1216/1216
f 1221/1221/1221 1220/1220/1220 1219/1219/1219
f 1224/1224/1224 1223/1223/1223 1222/1222/1222
f 1227/1227/1227 1226/1226/1226 1225/1225/1225
f 1230/1230/1230 1229/1229/1229 1228/1228/1228
f 1233/1233/1233 1232/1232/1232 1231/1231/1231
f 1236/1236/1236 1235/1235/1235 1234/1234/1234
f 1239/1239/1239 1238/1238/1238 1237/1237/1237
f 1242/1242/1242 1241/1241/1241 1240/1240/1240
f 1245/1245/1245 1244/1244/1244 1243/1243/1243
f 1248/1248/1248 1247/1247/1247 1246/1246/1246
f 1251/1251/1251 1250/1250/1250 1249/1249/1249
f 1254/1254/1254 1253/1253/1253 1252/1252/1252
f 1257/1257/1257 1256/1256/1256 1255/1255/1255
f 1260/1260/1260 1259/1259/1259 1258/1258/1258
f 1263/1263/1263 1262/1262/1262 1261/1261/1261
f 1266/1266/1266 1265/1265/1265 1264/1264/1264
f 1269/1269/1269 1268/1268/1268 1267/1267/1267
f 1272/1272/1272 1271/1271/1271 1270/1270/1270
f 1275/1275/1275 1274/1274/1274 1273/1273/1273
f 1278/1278/1278 1277/1277/1277 1276/1276/1276
f 1281/1281/1281 1280/1280/1280 1279/1279/1279
f 1284/1284/1284 1283/1283/1283 1282/1282/1282
f 1287/1287/1287 1286/1286/1286 1285/1285/1285
f 1290/1290/1290 1289/1289/1289 1288/1288/1288
f 1293/1293/1293 1292/1292/1292 1291/1291/1291
f 1296/1296/1296 1295/1295/1295 1294/1294/1294
f 1299/1299/1299 1298/1298/1298 1297/1297/1297
f 1302/1302/1302 1301/1301/1301 1300/1300/1300
f 1305/1305/1305 1304/1304/1304 1303/1303/1303
f 1308/1308/1308 1307/1307/1307 1306/1306/1306
f 1311/1311/1311 1310/1310/1310 1309/1309/1309
f 1314/1314/1314 1313/1313/1313 1312/1312/1312
f 1317/1317/1317 1316/1316/1316 1315/1315/1315
f 1320/1320/1320 1319/1319/1319 1318/1318/1318
f 1323/1323/1323 1322/1322/1322 1321/1321/1321
f 1326/1326/1326 1325/1325/1325 1324/1324/1324
f 1329/1329/1329 1328/1328/1328 1327/1327/1327
f 1332/1332/1332 1331/1331/1331 1330/1330/1330
f 1335/1335/1335 1334/1334/1334 1333/1333/1333
f 1338/1338/1338 1337/1337/1337 1336/1336/1336
f 1341/1341/1341 1340/1340/1340 1339/1339/1339
f 1344/1344/1344 1343/1343/1343 1342/1342/1342
f 1347/1347/1347 1346/1346/1346 1345/1345/1345
f 1350/1350/1350 1349/1349/1349 1348/1348/1348
f 1353/1353/1353 1352/1352/1352 1351/1351/1351
f 1356/1356/1356 1355/1355/1355 1354/1354/1354
f 1359/1359/1359 1358/1358/1358 1357/1357/1357
f 1362/1362/1362 1361/1361/1361 1360/1360/1360
f 1365/1365/1365 1364/1364/1364 1363/1363/1363
f 1368/1368/1368 1367/1367/1367 1366/1366/1366
f 1371/1371/1371 1370/1370/1370 1369/1369/1369
f 1374/1374/1374 1373/1373/1373 1372/1372/1372
f 1377/1377/1377 1376/1376/1376 1375/1375/1375
f 1380/1380/1380 1379/1379/1379 1378/1378/1378
f 1383/1383/1383 1382/1382/1382 1381/1381/1381
f 1386/1386/1386 1385/1385/1385 1384/1384/1384
f 1389/1389/1389 1388/1388/1388 1387/1387/1387
f 1392/1392/1392 1391/1391/1391 1390/1390/1390
f 1395/1395/1395 1394/1394/1394 1393/1393/1393
f 1398/1398/1398 1397/1397/1397 1396/1396/1396
f 1401/1401/1401 1400/1400/1400 1399/1399/1399
f 1404/1404/1404 1403/1403/1403 1402/1402/1402
f 1407/1407/1407 1406/1406/1406 1405/1405/1405
f 1410/1410/1410 1409/1409/1409 1408/1408/1408
f 1413/1413/1413 1412/1412/1412 1411/1411/1411
f 1416/1416/1416 1415/1415/1415 1414/1414/1414
f 1419/1419/1419 1418/1418/1418 1417/1417/1417
f 1422/1422/1422 1421/1421/1421 1420/1420/1420
f 1425/1425/1425 1424/1424/1424 1423/1423/1423
f 1428/1428/1428 1427/1427/1427 1426/1426/1426
f 1431/1431/1431 1430/1430/1430 1429/1429/1429
f 1434/1434/1434 1433/1433/1433 1432/1432/1432
f 1437/1437/1437 1436/1436/1436 1435/1435/1435
f 1440/1440/1440 1439/1439/1439 1438/1438/1438
f 1443/1443/1443 1442/1442/1442 1441/1441/1441
f 1446/1446/1446 1445/1445/1445 1444/1444/1444
f 1449/1449/1449 1448/1448/1448 1447/1447/1447
f 1452/1452/1452 1451/1451/1451 1450/1450/1450
f 1455/1455/1455 1454/1454/1454 1453/1453/1453
f 1458/1458/1458 1457/1457/1457 1456/1456/1456
f 1461/1461/1461 1460/1460/1460 1459/1459/1459
f 1464/1464/1464 1463/1463/1463 1462/1462/1462
f 1467/1467/1467 1466/1466/1466 1465/1465/1465
f 1470/1470/1470 1469/1469/1469 1468/1468/1468
f 1473/1473/1473 1472/1472/1472 1471/1471/1471
f 1476/1476/1476 1475/1475/1475 1474/1474/1474
f 1479/1479/1479 1478/1478/1478 1477/1477/1477
f 1482/1482/1482 1481/1481/1481 1480/1480/1480
f 1485/1485/1485 1484/1484/1484 1483/1483/1483
f 1488/1488/1488 1487/1487/1487 1486/1486/1486
f 1491/1491/1491 1490/1490/1490 1489/1489/1489
f 1494/1494/1494 1493/1493/1493 1492/1492/1492
f 1497/1497/1497 1496/1496/1496 1495/1495/1495
f 1500/1500/1500 1499/1499/1499 1498/1498/1498
f 1503/1503/1503 1502/1502/1502 1501/1501/1501
f 1506/1506/1506 1505/1505/1505 1504/1504/1504
f 1509/1509/1509 1508/1508/1508 1507/1507/1507
f 1512/1512/1512 1511/1511/1511 1510/1510/1510
f 1515/1515/1515 1514/1514/1514 1513/1513/1513
f 1518/1518/1518 1517/1517/1517 1516/1516/1516
f 1521/1521/1521 1520/1520/1520 1519/1519/1519
f 1524/1524/1524 1523/1523/1523 1522/1522/1522
f 1527/1527/1527 1526/1526/1526 1525/1525/1525
f 1530/1530/1530 1529/1529/1529 1528/1528/1528
f 1533/1533/1533 1532/1532/1532 1531/1531/1531
f 1536/1536/1536 1535/1535/1535 1534/1534/1534
f 1539/1539/1539 1538/1538/1538 1537/1537/1537
f 1542/1542/1542 1541/1541/1541 1540/1540/1540
f 1545/1545/1545 1544/1544/1544 1543/1543/1543
f 1548/1548/1548 1547/1547/1547 1546/1546/1546
f 1551/1551/1551 1550/1550/1550 1549/1549/1549
f 1554/1554/1554 1553/1553/1553 1552/1552/1552
f 1557/1557/1557 1556/1556/1556 1555/1555/1555
f 1560/1560/1560 1559/1559/1559 1558/1558/1558
f 1563/1563/1563 1562/1562/1562 1561/1561/1561
f 1566/1566/1566 1565/1565/1565 1564/1564/1564
f 1569/1569/1569 1568/1568/1568 1567/1567/1567
f 1572/1572/1572 1571/1571/1571 1570/1570/1570
f 1575/1575/1575 1574/1574/1574 1573/1573/1573
f 1578/1578/1578 1577/1577/1577 1576/1576/1576
f 1581/1581/1581 1580/1580/1580 1579/1579/1579
f 1584/1584/1584 1583/1583/1583 1582/1582/1582
f 1587/1587/1587 1586/1586/1586 1585/1585/1585
f 1590/1590/1590 1589/1589/1589 1588/1588/1588
f 1593/1593/1593 1592/1592/1592 1591/1591/1591
f 1596/1596/1596 1595/1595/1595 1594/1594/1594
f 1599/1599/1599 1598/1598/1598 1597/1597/1597
f 1602/1602/1602 1601/1601/1601 1600/1600/1600
f 1605/1605/1605 1604/1604/1604 1603/1603/1603
f 1608/1608/1608 1607/1607/1607 1606/1606/1606
f 1611/1611/1611 1610/1610/1610 1609/1609/1609
f 1614/1614/1614 1613/1613/1613 1612/1612/1612
f 1617/1617/1617 1616/1616/1616 1615/1615/1615
f 1620/1620/1620 1619/1619/1619 1618/1618/1618
f 1623/1623/1623 1622/1622/1622 1621/1621/1621
f 1626/1626/1626 1625/1625/1625 1624/1624/1624
f 1629/1629/1629 1628/1628/1628 1627/1627/1627
f 1632/1632/1632 1631/1631/1631 1630/1630/1630
f 1635/1635/1635 1634/1634/1634 1633/1633/1633
f 1638/1638/1638 1637/1637/1637 1636/1636/1636
f 1641/1641/1641 1640/1640/1640 1639/1639/1639
f 1644/1644/1644 1643/1643/1643 1642/1642/1642
f 1647/1647/1647 1646/1646/1646 1645/1645/1645
f 1650/1650/1650 1649/1649/1649 1648/1648/1648
f 1653/1653/1653 1652/1652/1652 1651/1651/1651
f 1656/1656/1656 1655/1655/1655 1654/1654/1654
f 1659/1659/1659 1658/1658/1658 1657/1657/1657
f 1662/1662/1662 1661/1661/1661 1660/1660/1660
f 1665/1665/1665 1664/1664/1664 1663/1663/1663
f 1668/1668/1668 1667/1667/1667 1666/1666/1666
f 1671/1671/1671 1670/1670/1670 1669/1669/1669
f 1674/1674/1674 1673/1673/1673 1672/1672/1672
f 1677/1677/1677 1676/1676/1676 1675/1675/1675
f 1680/1680/1680 1679/1679/1679 1678/1678/1678
f 1683/1683/1683 1682/1682/1682 1681/1681/1681
f 1686/1686/1686 1685/1685/1685 1684/1684/1684
f 1689/1689/1689 1688/1688/1688 1687/1687/1687
f 1692/1692/1692 1691/1691/1691 1690/1690/1690
f 1695/1695/1695 1694/1694/1694 1693/1693/1693
f 1698/1698/1698 1697/1697/1697 1696/1696/1696
f 1701/1701/1701 1700/1700/1700 1699/1699/1699
f 1704/1704/1704 1703/1703/1703 1702/1702/1702
f 1707/1707/1707 1706/1706/1706 1705/1705/1705
f 1710/1710/1710 1709/1709/1709 1708/1708/1708
f 1713/1713/1713 1712/1712/1712 1711/1711/1711
f 1716/1716/1716 1715/1715/1715 1714/1714/1714
f 1719/1719/1719 1718/1718/1718 1717/1717/1717
f 1722/1722/1722 1721/1721/1721 1720/1720/1720
f 1725/1725/1725 1724/1724/1724 1723/1723/1723
f 1728/1728/1728 1727/1727/1727 1726/1726/1726
f 1731/1731/1731 1730/1730/1730 1729/1729/1729
f 1734/1734/1734 1733/1733/1733 1732/1732/1732
f 1737/1737/1737 1736/1736/1736 1735/1735/1735
f 1740/1740/1740 1739/1739/1739 1738/1738/1738
f 1743/1743/1743 1742/1742/1742 1741/1741/1741
f 1746/1746/1746 1745/1745/1745 1744/1744/1744
f 1749/1749/1749 1748/1748/1748 1747/1747/1747
f 1752/1752/1752 1751/1751/1751 1750/1750/1750
f 1755/1755/1755 1754/1754/1754 1753/1753/1753
f 1758/1758/1758 1757/1757/1757 1756/1756/1756
f 1761/1761/1761 1760/1760/1760 1759/1759/1759
f 1764/1764/1764 1763/1763/1763 1762/1762/1762
f 1767/1767/1767 1766/1766/1766 1765/1765/1765
f 1770/1770/1770 1769/1769/1769 1768/1768/1768
f 1773/1773/1773 1772/1772/1772 1771/1771/1771
f 1776/1776/1776 1775/1775/1775 1774/1774/1774
f 1779/1779/1779 1778/1778/1778 1777/1777/1777
f 1782/1782/1782 1781/1781/1781 1780/1780/1780
f 1785/1785/1785 1784/1784/1784 1783/1783/1783
f 1788/1788/1788 1787/1787/1787 1786/1786/1786
f 1791/1791/1791 1790/1790/1790 1789/1789/1789
f 1794/1794/1794 1793/1793/1793 1792/1792/1792
f 1797/1797/1797 1796/1796/1796 1795/1795/1795
f 1800/1800/1800 1799/1799/1799 1798/1798/1798
f 1803/1803/1803 1802/1802/1802 1801/1801/1801
f 1806/1806/1806 1805/1805/1805 1804/1804/1804
f 1809/1809/1809 1808/1808/1808 1807/1807/1807
f 1812/1812/1812 1811/1811/1811 1810/1810/1810
f 1815/1815/1815 1814/1814/1814 1813/1813/1813
f 1818/1818/1818 1817/1817/1817 1816/1816/1816
f 1821/1821/1821 1820/1820/1820 1819/1819/1819
f 1824/1824/1824 1823/1823/1823 1822/1822/1822
f 1827/1827/1827 1826/1826/1826 1825/1825/1825
f 1830/1830/1830 1829/1829/1829 1828/1828/1828
f 1833/1833/1833 1832/1832/1832 1831/1831/1831
f 1836/1836/1836 1835/1835/1835 1834/1834/1834
f 1839/1839/1839 1838/1838/1838 1837/1837/1837
f 1842/1842/1842 1841/1841/1841 1840/1840/1840
f 1845/1845/1845 1844/1844/1844 1843/1843/1843
f 1848/1848/1848 1847/1847/1847 1846/1846/1846
f 1851/1851/1851 1850/1850/1850 1849/1849/1849
f 1854/1854/1854 1853/1853/1853 1852/1852/1852
f 1857/1857/1857 1856/1856/1856 1855/1855/1855
f 1860/1860/1860 1859/1859/1859 1858/1858/1858
f 1863/1863/1863 1862/1862/1862 1861/1861/1861
f 1866/1866/1866 1865/1865/1865 1864/1864/1864
f 1869/1869/1869 1868/1868/1868 1867/1867/1867
f 1872/1872/1872 1871/1871/1871 1870/1870/1870
f 1875/1875/1875 1874/1874/1874 1873/1873/1873
f 1878/1878/1878 1877/1877/1877 1876/1876/1876
f 1881/1881/1881 1880/1880/1880 1879/1879/1879
f 1884/1884/1884 1883/1883/1883 1882/1882/1882
f 1887/1887/1887 1886/1886/1886 1885/1885/1885
f 1890/1890/1890 1889/1889/1889 1888/1888/1888
f 1893/1893/1893 1892/1892/1892 1891/1891/1891
f 1896/1896/1896 1895/1895/1895 1894/1894/1894
f 1899/1899/1899 1898/1898/1898 1897/1897/1897
f 1902/1902/1902 1901/1901/1901 1900/1900/1900
f 1905/1905/1905 1904/1904/1904 1903/1903/1903
f 1908/1908/1908 1907/1907/1907 1906/1906/1906
f 1911/1911/1911 1910/1910/1910 1909/1909/1909
f 1914/1914/1914 1913/1913/1913 1912/1912/1912
f 1917/1917/1917 1916/1916/1916 1915/1915/1915
f 1920/1920/1920 1919/1919/1919 1918/1918/1918
f 1923/1923/1923 1922/1922/1922 1921/1921/1921
f 1926/1926/1926 1925/1925/1925 1924/1924/1924
f 1929/1929/1929 1928/1928/1928 1927/1927/1927
f 1932/1932/1932 1931/1931/1931 1930/1930/1930
f 1935/1935/1935 1934/1934/1934 1933/1933/1933
f 1938/1938/1938 1937/1937/1937 1936/1936/1936
f 1941/1941/1941 1940/1940/1940 1939/1939/1939
f 1944/1944/1944 1943/1943/1943 1942/1942/1942
f 1947/1947/1947 1946/1946/1946 1945/1945/1945
f 1950/1950/1950 1949/1949/1949 1948/1948/1948
f 1953/1953/1953 1952/1952/1952 1951/1951/1951
f 1956/1956/1956 1955/1955/1955 1954/1954/1954
f 1959/1959/1959 1958/1958/1958 1957/1957/1957
f 1962/1962/1962 1961/1961/1961 1960/1960/1960
f 1965/1965/1965 1964/1964/1964 1963/1963/1963
f 1968/1968/1968 1967/1967/1967 1966/1966/1966
f 1971/1971/1971 1970/1970/1970 1969/1969/1969
f 1974/1974/1974 1973/1973/1973 1972/1972/1972
f 1977/1977/1977 1976/1976/1976 1975/1975/1975
f 1980/1980/1980 1979/1979/1979 1978/1978/1978
f 1983/1983/1983 1982/1982/1982 1981/1981/1981
f 1986/1986/1986 1985/1985/1985 1984/1984/1984
f 1989/1989/1989 1988/1988/1988 1987/1987/1987
f 1992/1992/1992 1991/1991/1991 1990/1990/1990
f 1995/1995/1995 1994/1994/1994 1993/1993/1993
f 1998/1998/1998 1997/1997/1997 1996/1996/1996
f 2001/2001/2001 2000/2000/2000 1999/1999/1999
f 2004/2004/2004 2003/2003/2003 2002/2002/2002
f 2007/2007/2007 2006/2006/2006 2005/2005/2005
f 2010/2010/2010 2009/2009/2009 2008/2008/2008
f 2013/2013/2013 2012/2012/2012 2011/2011/2011
f 2016/2016/2016 2015/2015/2015 2014/2014/2014
f 2019/2019/2019 2018/2018/2018 2017/2017/2017
f 2022/2022/2022 2021/2021/2021 2020/2020/2020
f 2025/2025/2025 2024/2024/2024 2023/2023/2023
f 2028/2028/2028 2027/2027/2027 2026/2026/2026
f 2031/2031/2031 2030/2030/2030 2029/2029/2029
f 2034/2034/2034 2033/2033/2033 2032/2032/2032
f 2037/2037/2037 2036/2036/2036 2035/2035/2035
f 2040/2040/2040 2039/2039/2039 2038/2038/2038
f 2043/2043/2043 2042/2042/2042 2041/2041/2041
f 2046/2046/2046 2045/2045/2045 2044/2044/2044
f 2049/2049/2049 2048/2048/2048 2047/2047/2047
f 2052/2052/2052 2051/2051/2051 2050/2050/2050
f 2055/2055/2055 2054/2054/2054 2053/2053/2053
f 2058/2058/2058 2057/2057/2057 2056/2056/2056
f 2061/2061/2061 2060/2060/2060 2059/2059/2059
f 2064/2064/2064 2063/2063/2063 2062/2062/2062
f 2067/2067/2067 2066/2066/2066 2065/2065/2065
f 2070/2070/2070 2069/2069/2069 2068/2068/2068
f 2073/2073/2073 2072/2072/2072 2071/2071/2071
f 2076/2076/2076 2075/2075/2075 2074/2074/2074
f 2079/2079/2079 2078/2078/2078 2077/2077/2077
f 2082/2082/2082 2081/2081/2081 2080/2080/2080
f 2085/2085/2085 2084/2084/2084 2083/2083/2083
f 2088/2088/2088 2087/2087/2087 2086/2086/2086
f 2091/2091/2091 2090/2090/2090 2089/2089/2089
f 2094/2094/2094 2093/2093/2093 2092/2092/2092
f 2097/2097/2097 2096/2096/2096 2095/2095/2095
f 2100/2100/2100 2099/2099/2099 2098/2098/2098
f 2103/2103/2103 2102/2102/2102 2101/2101/2101
f 2106/2106/2106 2105/2105/2105 2104/2104/2104
f 2109/2109/2109 2108/2108/2108 2107/2107/2107
f 2112/2112/2112 2111/2111/2111 2110/2110/2110
f 2115/2115/2115 2114/2114/2114 2113/2113/2113
f 2118/2118/2118 2117/2117/2117 2116/2116/2116
f 2121/2121/2121 2120/2120/2120 2119/2119/2119
f 2124/2124/2124 2123/2123/2123 2122/2122/2122
f 2127/2127/2127 2126/2126/2126 2125/2125/2125
f 2130/2130/2130 2129/2129/2129 2128/2128/2128
f 2133/2133/2133 2132/2132/2132 2131/2131/2131
f 2136/2136/2136 2135/2135/2135 2134/2134/2134
f 2139/2139/2139 2138/2138/2138 2137/2137/2137
f 2142/2142/2142 2141/2141/2141 2140/2140/2140
f 2145/2145/2145 2144/2144/2144 2143/2143/2143
f 2148/2148/2148 2147/2147/2147 2146/2146/2146
f 2151/2151/2151 2150/2150/2150 2149/2149/2149
f 2154/2154/2154 2153/2153/2153 2152/2152/2152
f 2157/2157/2157 2156/2156/2156 2155/2155/2155
f 2160/2160/2160 2159/2159/2159 2158/2158/2158
f 2163/2163/2163 2162/2162/2162 2161/2161/2161
f 2166/2166/2166 2165/2165/2165 2164/2164/2164
f 2169/2169/2169 2168/2168/2168 2167/2167/2167
f 2172/2172/2172 2171/2171/2171 2170/2170/2170
f 2175/2175/2175 2174/2174/2174 2173/2173/2173
f 2178/2178/2178 2177/2177/2177 2176/2176/2176
f 2181/2181/2181 2180/2180/2180 2179/2179/2179
f 2184/2184/2184 2183/2183/2183 2182/2182/2182
f 2187/2187/2187 2186/2186/2186 2185/2185/2185
f 2190/2190/2190 2189/2189/2189 2188/2188/2188
f 2193/2193/2193 2192/2192/2192 2191/2191/2191
f 2196/2196/2196 2195/2195/2195 2194/2194/2194
f 2199/2199/2199 2198/2198/2198 2197/2197/2197
f 2202/2202/2202 2201/2201/2201 2200/2200/2200
f 2205/2205/2205 2204/2204/2204 2203/2203/2203
f 2208/2208/2208 2207/2207/2207 2206/2206/2206
f 2211/2211/2211 2210/2210/2210 2209/2209/2209
f 2214/2214/2214 2213/2213/2213 2212/2212/2212
f 2217/2217/2217 2216/2216/2216 2215/2215/2215
f 2220/2220/2220 2219/2219/2219 2218/2218/2218
f 2223/2223/2223 2222/2222/2222 2221/2221/2221
f 2226/2226/2226 2225/2225/2225 2224/2224/2224
f 2229/2229/2229 2228/2228/2228 2227/2227/2227
f 2232/2232/2232 2231/2231/2231 2230/2230/2230
f 2235/2235/2235 2234/2234/2234 2233/2233/2233
f 2238/2238/2238 2237/2237/2237 2236/2236/2236
f 2241/2241/2241 2240/2240/2240 2239/2239/2239
f 2244/2244/2244 2243/2243/2243 2242/2242/2242
f 2247/2247/2247 2246/2246/2246 2245/2245/2245
f 2250/2250/2250 2249/2249/2249 2248/2248/2248
f 2253/2253/2253 2252/2252/2252 2251/2251/2251
f 2256/2256/2256 2255/2255/2255 2254/2254/2254
f 2259/2259/2259 2258/2258/2258 2257/2257/2257
f 2262/2262/2262 2261/2261/2261 2260/2260/2260
f 2265/2265/2265 2264/2264/2264 2263/2263/2263
f 2268/2268/2268 2267/2267/2267 2266/2266/2266
f 2271/2271/2271 2270/2270/2270 2269/2269/2269
f 2274/2274/2274 2273/2273/2273 2272/2272/2272
f 2277/2277/2277 2276/2276/2276 2275/2275/2275
f 2280/2280/2280 2279/2279/2279 2278/2278/2278
f 2283/2283/2283 2282/2282/2282 2281/2281/2281
f 2286/2286/2286 2285/2285/2285 2284/2284/2284
f 2289/2289/2289 2288/2288/2288 2287/2287/2287
f 2292/2292/2292 2291/2291/2291 2290/2290/2290
f 2295/2295/2295 2294/2294/2294 2293/2293/2293
f 2298/2298/2298 2297/2297/2297 2296/2296/2296
f 2301/2301/2301 2300/2300/2300 2299/2299/2299
f 2304/2304/2304 2303/2303/2303 2302/2302/2302
f 2307/2307/2307 2306/2306/2306 2305/2305/2305
f 2310/2310/2310 2309/2309/2309 2308/2308/2308
f 2313/2313/2313 2312/2312/2312 2311/2311/2311
f 2316/2316/2316 2315/2315/2315 2314/2314/2314
f 2319/2319/2319 2318/2318/2318 2317/2317/2317
f 2322/2322/2322 2321/2321/2321 2320/2320/2320
f 2325/2325/2325 2324/2324/2324 2323/2323/2323
f 2328/2328/2328 2327/2327/2327 2326/2326/2326
f 2331/2331/2331 2330/2330/2330 2329/2329/2329
f 2334/2334/2334 2333/2333/2333 2332/2332/2332
f 2337/2337/2337 2336/2336/2336 2335/2335/2335
f 2340/2340/2340 2339/2339/2339 2338/2338/2338
f 2343/2343/2343 2342/2342/2342 2341/2341/2341
f 2346/2346/2346 2345/2345/2345 2344/2344/2344
f 2349/2349/2349 2348/2348/2348 2347/2347/2347
f 2352/2352/2352 2351/2351/2351 2350/2350/2350
f 2355/2355/2355 2354/2354/2354 2353/2353/2353
f 2358/2358/2358 2357/2357/2357 2356/2356/2356
f 2361/2361/2361 2360/2360/2360 2359/2359/2359
f 2364/2364/2364 2363/2363/2363 2362/2362/2362
f 2367/2367/2367 2366/2366/2366 2365/2365/2365
f 2370/2370/2370 2369/2369/2369 2368/2368/2368
f 2373/2373/2373 2372/2372/2372 2371/2371/2371
f 2376/2376/2376 2375/2375/2375 2374/2374/2374
f 2379/2379/2379 2378/2378/2378 2377/2377/2377
f 2382/2382/2382 2381/2381/2381 2380/2380/2380
f 2385/2385/2385 2384/2384/2384 2383/2383/2383
f 2388/2388/2388 2387/2387/2387 2386/2386/2386
f 2391/2391/2391 2390/2390/2390 2389/2389/2389
f 2394/2394/2394 2393/2393/2393 2392/2392/2392
f 2397/2397/2397 2396/2396/2396 2395/2395/2395
f 2400/2400/2400 2399/2399/2399 2398/2398/2398
f 2403/2403/2403 2402/2402/2402 2401/2401/2401
f 2406/2406/2406 2405/2405/2405 2404/2404/2404
f 2409/2409/2409 2408/2408/2408 2407/2407/2407
f 2412/2412/2412 2411/2411/2411 2410/2410/2410
f 2415/2415/2415 2414/2414/2414 2413/2413/2413
f 2418/2418/2418 2417/2417/2417 2416/2416/2416
f 2421/2421/2421 2420/2420/2420 2419/2419/2419
f 2424/2424/2424 2423/2423/2423 2422/2422/2422
f 2427/2427/2427 2426/2426/2426 2425/2425/2425
f 2430/2430/2430 2429/2429/2429 2428/2428/2428
f 2433/2433/2433 2432/2432/2432 2431/2431/2431
f 2436/2436/2436 2435/2435/2435 2434/2434/2434
f 2439/2439/2439 2438/2438/2438 2437/2437/2437
f 2442/2442/2442 2441/2441/2441 2440/2440/2440
f 2445/2445/2445 2444/2444/2444 2443/2443/2443
f 2448/2448/2448 2447/2447/2447 2446/2446/2446
f 2451/2451/2451 2450/2450/2450 2449/2449/2449
f 2454/2454/2454 2453/2453/2453 2452/2452/2452
f 2457/2457/2457 2456/2456/2456 2455/2455/2455
f 2460/2460/2460 2459/2459/2459 2458/2458/2458
f 2463/2463/2463 2462/2462/2462 2461/2461/2461
f 2466/2466/2466 2465/2465/2465 2464/2464/2464
f 2469/2469/2469 2468/2468/2468 2467/2467/2467
f 2472/2472/2472 2471/2471/2471 2470/2470/2470
f 2475/2475/2475 2474/2474/2474 2473/2473/2473
f 2478/2478/2478 2477/2477/2477 2476/2476/2476
f 2481/2481/2481 2480/2480/2480 2479/2479/2479
f 2484/2484/2484 2483/2483/2483 2482/2482/2482
f 2487/2487/2487 2486/2486/2486 2485/2485/2485
f 2490/2490/2490 2489/2489/2489 2488/2488/2488
f 2493/2493/2493 2492/2492/2492 2491/2491/2491
f 2496/2496/2496 2495/2495/2495 2494/2494/2494
f 2499/2499/2499 2498/2498/2498 2497/2497/2497
f 2502/2502/2502 2501/2501/2501 2500/2500/2500
f 2505/2505/2505 2504/2504/2504 2503/2503/2503
f 2508/2508/2508 2507/2507/2507 2506/2506/2506
f 2511/2511/2511 2510/2510/2510 2509/2509/2509
f 2514/2514/2514 2513/2513/2513 2512/2512/2512
f 2517/2517/2517 2516/2516/2516 2515/2515/2515
f 2520/2520/2520 2519/2519/2519 2518/2518/2518
f 2523/2523/2523 2522/2522/2522 2521/2521/2521
f 2526/2526/2526 2525/2525/2525 2524/2524/2524
f 2529/2529/2529 2528/2528/2528 2527/2527/2527
f 2532/2532/2532 2531/2531/2531 2530/2530/2530
f 2535/2535/2535 2534/2534/2534 2533/2533/2533
f 2538/2538/2538 2537/2537/2537 2536/2536/2536
f 2541/2541/2541 2540/2540/2540 2539/2539/2539
f 2544/2544/2544 2543/2543/2543 2542/2542/2542
f 2547/2547/2547 2546/2546/2546 2545/2545/2545
f 2550/2550/2550 2549/2549/2549 2548/2548/2548
f 2553/2553/2553 2552/2552/2552 2551/2551/2551
f 2556/2556/2556 2555/2555/2555 2554/2554/2554
f 2559/2559/2559 2558/2558/2558 2557/2557/2557
f 2562/2562/2562 2561/2561/2561 2560/2560/2560
f 2565/2565/2565 2564/2564/2564 2563/2563/2563
f 2568/2568/2568 2567/2567/2567 2566/2566/2566
f 2571/2571/2571 2570/2570/2570 2569/2569/2569
f 2574/2574/2574 2573/2573/2573 2572/2572/2572
f 2577/2577/2577 2576/2576/2576 2575/2575/2575
f 2580/2580/2580 2579/2579/2579 2578/2578/2578
f 2583/2583/2583 2582/2582/2582 2581/2581/2581
f 2586/2586/2586 2585/2585/2585 2584/2584/2584
f 2589/2589/2589 2588/2588/2588 2587/2587/2587
f 2592/2592/2592 2591/2591/2591 2590/2590/2590
f 2595/2595/2595 2594/2594/2594 2593/2593/2593
f 2598/2598/2598 2597/2597/2597 2596/2596/2596
f 2601/2601/2601 2600/2600/2600 2599/2599/2599
f 2604/2604/2604 2603/2603/2603 2602/2602/2602
f 2607/2607/2607 2606/2606/2606 2605/2605/2605
f 2610/2610/2610 2609/2609/2609 2608/2608/2608
f 2613/2613/2613 2612/2612/2612 2611/2611/2611
f 2616/2616/2616 2615/2615/2615 2614/2614/2614
f 2619/2619/2619 2618/2618/2618 2617/2617/2617
f 2622/2622/2622 2621/2621/2621 2620/2620/2620
f 2625/2625/2625 2624/2624/2624 2623/2623/2623
f 2628/2628/2628 2627/2627/2627 2626/2626/2626
f 2631/2631/2631 2630/2630/2630 2629/2629/2629
f 2634/2634/2634 2633/2633/2633 2632/2632/2632
f 2637/2637/2637 2636/2636/2636 2635/2635/2635
f 2640/2640/2640 2639/2639/2639 2638/2638/2638
f 2643/2643/2643 2642/2642/2642 2641/2641/2641
f 2646/2646/2646 2645/2645/2645 2644/2644/2644
f 2649/2649/2649 2648/2648/2648 2647/2647/2647
f 2652/2652/2652 2651/2651/2651 2650/2650/2650
f 2655/2655/2655 2654/2654/2654 2653/2653/2653
f 2658/2658/2658 2657/2657/2657 2656/2656/2656
f 2661/2661/2661 2660/2660/2660 2659/2659/2659
f 2664/2664/2664 2663/2663/2663 2662/2662/2662
f 2667/2667/2667 2666/2666/2666 2665/2665/2665
f 2670/2670/2670 2669/2669/2669 2668/2668/2668
f 2673/2673/2673 2672/2672/2672 2671/2671/2671
f 2676/2676/2676 2675/2675/2675 2674/2674/2674
f 2679/2679/2679 2678/2678/2678 2677/2677/2677
f 2682/2682/2682 2681/2681/2681 2680/2680/2680
f 2685/2685/2685 2684/2684/2684 2683/2683/2683
f 2688/2688/2688 2687/2687/2687 2686/2686/2686
f 2691/2691/2691 2690/2690/2690 2689/2689/2689
f 2694/2694/2694 2693/2693/2693 2692/2692/2692
f 2697/2697/2697 2696/2696/2696 2695/2695/2695
f 2700/2700/2700 2699/2699/2699 2698/2698/2698
f 2703/2703/2703 2702/2702/2702 2701/2701/2701
f 2706/2706/2706 2705/2705/2705 2704/2704/2704
f 2709/2709/2709 2708/2708/2708 2707/2707/2707
f 2712/2712/2712 2711/2711/2711 2710/2710/2710
f 2715/2715/2715 2714/2714/2714 2713/2713/2713
f 2718/2718/2718 2717/2717/2717 2716/2716/2716
f 2721/2721/2721 2720/2720/2720 2719/2719/2719
f 2724/2724/2724 2723/2723/2723 2722/2722/2722
f 2727/2727/2727 2726/2726/2726 2725/2725/2725
f 2730/2730/2730 2729/2729/2729 2728/2728/2728
f 2733/2733/2733 2732/2732/2732 2731/2731/2731
f 2736/2736/2736 2735/2735/2735 2734/2734/2734
f 2739/2739/2739 2738/2738/2738 2737/2737/2737
f 2742/2742/2742 2741/2741/2741 2740/2740/2740
f 2745/2745/2745 2744/2744/2744 2743/2743/2743
f 2748/2748/2748 2747/2747/2747 2746/2746/2746
f 2751/2751/2751 2750/2750/2750 2749/2749/2749
f 2754/2754/2754 2753/2753/2753 2752/2752/2752
f 2757/2757/2757 2756/2756/2756 2755/2755/2755
f 2760/2760/2760 2759/2759/2759 2758/2758/2758
f 2763/2763/2763 2762/2762/2762 2761/2761/2761
f 2766/2766/2766 2765/2765/2765 2764/2764/2764
f 2769/2769/2769 2768/2768/2768 2767/2767/2767
f 2772/2772/2772 2771/2771/2771 2770/2770/2770
f 2775/2775/2775 2774/2774/2774 2773/2773/2773
f 2778/2778/2778 2777/2777/2777 2776/2776/2776
f 2781/2781/2781 2780/2780/2780 2779/2779/2779
f 2784/2784/2784 2783/2783/2783 2782/2782/2782
f 2787/2787/2787 2786/2786/2786 2785/2785/2785
f 2790/2790/2790 2789/2789/2789 2788/2788/2788
f 2793/2793/2793 2792/2792/2792 2791/2791/2791
f 2796/2796/2796 2795/2795/2795 2794/2794/2794
f 2799/2799/2799 2798/2798/2798 2797/2797/2797
f 2802/2802/2802 2801/2801/2801 2800/2800/2800
f 2805/2805/2805 2804/2804/2804 2803/2803/2803
f 2808/2808/2808 2807/2807/2807 2806/2806/2806
f 2811/2811/2811 2810/2810/2810 2809/2809/2809
f 2814/2814/2814 2813/2813/2813 2812/2812/2812
f 2817/2817/2817 2816/2816/2816 2815/2815/2815
f 2820/2820/2820 2819/2819/2819 2818/2818/2818
f 2823/2823/2823 2822/2822/2822 2821/2821/2821
f 2826/2826/2826 2825/2825/2825 2824/2824/2824
f 2829/2829/2829 2828/2828/2828 2827/2827/2827
f 2832/2832/2832 2831/2831/2831 2830/2830/2830
f 2835/2835/2835 2834/2834/2834 2833/2833/2833
f 2838/2838/2838 2837/2837/2837 2836/2836/2836
f 2841/2841/2841 2840/2840/2840 2839/2839/2839
f 2844/2844/2844 2843/2843/2843 2842/2842/2842
f 2847/2847/2847 2846/2846/2846 2845/2845/2845
f 2850/2850/2850 2849/2849/2849 2848/2848/2848
f 2853/2853/2853 2852/2852/2852 2851/2851/2851
f 2856/2856/2856 2855/2855/2855 2854/2854/2854
f 2859/2859/2859 2858/2858/2858 2857/2857/2857
f 2862/2862/2862 2861/2861/2861 2860/2860/2860
f 2865/2865/2865 2864/2864/2864 2863/2863/2863
f 2868/2868/2868 2867/2867/2867 2866/2866/2866
f 2871/2871/2871 2870/2870/2870 2869/2869/2869
f 2874/2874/2874 2873/2873/2873 2872/2872/2872
f 2877/2877/2877 2876/2876/2876 2875/2875/2875
f 2880/2880/2880 2879/2879/2879 2878/2878/2878
f 2883/2883/2883 2882/2882/2882 2881/2881/2881
f 2886/2886/2886 2885/2885/2885 2884/2884/2884
f 2889/2889/2889 2888/2888/2888 2887/2887/2887
f 2892/2892/2892 2891/2891/2891 2890/2890/2890
f 2895/2895/2895 2894/2894/2894 2893/2893/2893
f 2898/2898/2898 2897/2897/2897 2896/2896/2896
f 2901/2901/2901 2900/2900/2900 2899/2899/2899
f 2904/2904/2904 2903/2903/2903 2902/2902/2902
f 2907/2907/2907 2906/2906/2906 2905/2905/2905
f 2910/2910/2910 2909/2909/2909 2908/2908/2908
f 2913/2913/2913 2912/2912/2912 2911/2911/2911
f 2916/2916/2916 2915/2915/2915 2914/2914/2914
f 2919/2919/2919 2918/2918/2918 2917/2917/2917
f 2922/2922/2922 2921/2921/2921 2920/2920/2920
f 2925/2925/2925 2924/2924/2924 2923/2923/2923
f 2928/2928/2928 2927/2927/2927 2926/2926/2926
f 2931/2931/2931 2930/2930/2930 2929/2929/2929
f 2934/2934/2934 2933/2933/2933 2932/2932/2932
f 2937/2937/2937 2936/2936/2936 2935/2935/2935
f 2940/2940/2940 2939/2939/2939 2938/2938/2938
f 2943/2943/2943 2942/2942/2942 2941/2941/2941
f 2946/2946/2946 2945/2945/2945 2944/2944/2944
f 2949/2949/2949 2948/2948/2948 2947/2947/2947
f 2952/2952/2952 2951/2951/2951 2950/2950/2950
