# Static pose baked from local Project Zomboid assets
o Kate_Jacket
v 0.065059438 0.004743365 0.244852744
v 0.034736793 0.006743860 0.246473523
v 0.064317774 0.013203761 0.270913929
v 0.068099291 -0.000204933 0.196323910
v 0.046097447 -0.021436956 0.166719259
v 0.045283919 -0.014035690 0.199658188
v 0.046097447 -0.021436956 0.166719259
v 0.068099291 -0.000204933 0.196323910
v 0.066762029 -0.002396989 0.164146779
v 0.029868233 0.059521840 0.296359949
v 0.073416044 0.083020923 0.280684716
v 0.059499851 0.053673351 0.291964152
v 0.073416044 0.083020923 0.280684716
v 0.029868233 0.059521840 0.296359949
v 0.045726378 0.091304575 0.271610173
v 0.070636681 0.106371613 0.043576322
v 0.023832253 0.121858462 0.080326677
v 0.025587964 0.131474798 0.047791725
v 0.023832253 0.121858462 0.080326677
v 0.070636681 0.106371613 0.043576322
v 0.065305728 0.096827941 0.074740004
v 0.083158253 0.053954672 0.060970232
v 0.070636681 0.106371613 0.043576322
v 0.091343363 0.057666984 0.033218189
v 0.070636681 0.106371613 0.043576322
v 0.083158253 0.053954672 0.060970232
v 0.065305728 0.096827941 0.074740004
v 0.063140006 0.017325783 0.044686659
v 0.081893066 0.035567788 0.002187987
v 0.051343696 0.005260744 -0.005358426
v 0.081893066 0.035567788 0.002187987
v 0.063140006 0.017325783 0.044686659
v 0.083158253 0.053954672 0.060970232
v 0.045283919 -0.014035690 0.199658188
v 0.020299282 -0.022501363 0.166494837
v 0.018228737 -0.015887422 0.190756139
v 0.020299282 -0.022501363 0.166494837
v 0.045283919 -0.014035690 0.199658188
v 0.046097447 -0.021436956 0.166719259
v 0.025587964 0.131474798 0.047791725
v -0.018009978 0.121057266 0.063502647
v -0.019965806 0.122596359 0.023469262
v -0.018009978 0.121057266 0.063502647
v 0.025587964 0.131474798 0.047791725
v 0.023832253 0.121858462 0.080326677
v 0.034376635 0.103704316 0.134645941
v -0.003814758 0.101522349 0.164112256
v -0.009585330 0.103012331 0.136701399
v -0.003814758 0.101522349 0.164112256
v 0.034376635 0.103704316 0.134645941
v 0.043082628 0.102769808 0.172954741
v 0.025587964 0.131474798 0.047791725
v 0.060834702 0.121367434 -0.007601061
v 0.070636681 0.106371613 0.043576322
v 0.060834702 0.121367434 -0.007601061
v 0.025587964 0.131474798 0.047791725
v 0.024542690 0.145359135 -0.003568519
v 0.070636681 0.106371613 0.043576322
v 0.089883853 0.072446449 -0.001026712
v 0.091343363 0.057666984 0.033218189
v 0.089883853 0.072446449 -0.001026712
v 0.070636681 0.106371613 0.043576322
v 0.060834702 0.121367434 -0.007601061
v 0.026818441 0.113119654 0.095085199
v 0.058527459 0.093096300 0.132702667
v 0.034376635 0.103704316 0.134645941
v 0.068485649 0.071886346 0.136943344
v 0.068241539 0.031484047 0.128821608
v 0.078196086 0.063017370 0.167339170
v 0.068596349 0.026031809 0.136419253
v 0.045102978 -0.001729010 0.124764411
v 0.044112327 -0.002686044 0.123811109
v 0.045102978 -0.001729010 0.124764411
v 0.068596349 0.026031809 0.136419253
v 0.068241539 0.031484047 0.128821608
v 0.045102978 -0.001729010 0.124764411
v 0.017846654 -0.006417254 0.128361480
v 0.044112327 -0.002686044 0.123811109
v 0.017846654 -0.006417254 0.128361480
v 0.045102978 -0.001729010 0.124764411
v 0.015581418 -0.005843167 0.129050090
v 0.107136745 0.065264156 0.312444371
v 0.124678006 0.010641417 0.347968702
v 0.101516362 0.019140359 0.311487500
v 0.141182807 0.065218236 0.351097841
v 0.151992246 0.005042909 0.380245735
v 0.124678006 0.010641417 0.347968702
v 0.151992246 0.005042909 0.380245735
v 0.141182807 0.065218236 0.351097841
v 0.173684242 0.052479909 0.382053505
v 0.143684134 0.008783914 0.273930973
v 0.124678006 0.010641417 0.347968702
v 0.176513868 0.002884893 0.310157686
v 0.124678006 0.010641417 0.347968702
v 0.143684134 0.008783914 0.273930973
v 0.101516362 0.019140359 0.311487500
v 0.124678006 0.010641417 0.347968702
v 0.204831805 -0.001384060 0.352531552
v 0.176513868 0.002884893 0.310157686
v 0.204831805 -0.001384060 0.352531552
v 0.124678006 0.010641417 0.347968702
v 0.151992246 0.005042909 0.380245735
v 0.116732451 0.057888797 0.252785422
v 0.143684134 0.008783914 0.273930973
v 0.153796586 0.033069858 0.272690438
v 0.143684134 0.008783914 0.273930973
v 0.116732451 0.057888797 0.252785422
v 0.110383389 0.051003918 0.239513826
v 0.176513868 0.002884893 0.310157686
v 0.207656442 0.042556202 0.359504362
v 0.182931419 0.054502162 0.317884576
v 0.207656442 0.042556202 0.359504362
v 0.176513868 0.002884893 0.310157686
v 0.204831805 -0.001384060 0.352531552
v 0.140220127 0.069151940 0.290778833
v 0.182931419 0.054502162 0.317884576
v 0.141182807 0.065218236 0.351097841
v 0.182931419 0.054502162 0.317884576
v 0.173684242 0.052479909 0.382053505
v 0.141182807 0.065218236 0.351097841
v 0.173684242 0.052479909 0.382053505
v 0.182931419 0.054502162 0.317884576
v 0.207656442 0.042556202 0.359504362
v 0.170088705 0.055557389 0.401436005
v 0.163976212 -0.000464336 0.462564210
v 0.149279473 -0.002707785 0.402710831
v 0.163976212 -0.000464336 0.462564210
v 0.170088705 0.055557389 0.401436005
v 0.173354500 0.042376819 0.460358770
v 0.173354500 0.042376819 0.460358770
v 0.169826071 0.000120112 0.505116652
v 0.163976212 -0.000464336 0.462564210
v 0.169826071 0.000120112 0.505116652
v 0.173354500 0.042376819 0.460358770
v 0.179283027 0.032850093 0.508422476
v 0.149279473 -0.002707785 0.402710831
v 0.216140500 -0.005562294 0.449234275
v 0.210977844 -0.008747282 0.385286954
v 0.216140500 -0.005562294 0.449234275
v 0.149279473 -0.002707785 0.402710831
v 0.163976212 -0.000464336 0.462564210
v 0.163976212 -0.000464336 0.462564210
v 0.219484116 0.000123438 0.501509065
v 0.216140500 -0.005562294 0.449234275
v 0.219484116 0.000123438 0.501509065
v 0.163976212 -0.000464336 0.462564210
v 0.169826071 0.000120112 0.505116652
v 0.210977844 -0.008747282 0.385286954
v 0.223353614 0.028893117 0.446959381
v 0.216874648 0.042961254 0.386997658
v 0.223353614 0.028893117 0.446959381
v 0.210977844 -0.008747282 0.385286954
v 0.216140500 -0.005562294 0.449234275
v 0.216140500 -0.005562294 0.449234275
v 0.222290521 0.022885253 0.501806119
v 0.223353614 0.028893117 0.446959381
v 0.222290521 0.022885253 0.501806119
v 0.216140500 -0.005562294 0.449234275
v 0.219484116 0.000123438 0.501509065
v 0.216874648 0.042961254 0.386997658
v 0.173354500 0.042376819 0.460358770
v 0.170088705 0.055557389 0.401436005
v 0.173354500 0.042376819 0.460358770
v 0.216874648 0.042961254 0.386997658
v 0.223353614 0.028893117 0.446959381
v 0.223353614 0.028893117 0.446959381
v 0.179283027 0.032850093 0.508422476
v 0.173354500 0.042376819 0.460358770
v 0.179283027 0.032850093 0.508422476
v 0.223353614 0.028893117 0.446959381
v 0.222290521 0.022885253 0.501806119
v 0.207656442 0.042556202 0.359504362
v 0.170088705 0.055557389 0.401436005
v 0.173684242 0.052479909 0.382053505
v 0.170088705 0.055557389 0.401436005
v 0.207656442 0.042556202 0.359504362
v 0.216874648 0.042961254 0.386997658
v 0.173684242 0.052479909 0.382053505
v 0.149279473 -0.002707785 0.402710831
v 0.151992246 0.005042909 0.380245735
v 0.149279473 -0.002707785 0.402710831
v 0.173684242 0.052479909 0.382053505
v 0.170088705 0.055557389 0.401436005
v 0.204831805 -0.001384060 0.352531552
v 0.149279473 -0.002707785 0.402710831
v 0.210977844 -0.008747282 0.385286954
v 0.149279473 -0.002707785 0.402710831
v 0.204831805 -0.001384060 0.352531552
v 0.151992246 0.005042909 0.380245735
v 0.210977844 -0.008747282 0.385286954
v 0.207656442 0.042556202 0.359504362
v 0.204831805 -0.001384060 0.352531552
v 0.207656442 0.042556202 0.359504362
v 0.210977844 -0.008747282 0.385286954
v 0.216874648 0.042961254 0.386997658
v 0.097215406 0.058791359 0.294949845
v 0.140220127 0.069151940 0.290778833
v 0.095660890 0.037718903 0.295772712
v 0.095660890 0.037718903 0.295772712
v 0.059499851 0.053673351 0.291964152
v 0.097215406 0.058791359 0.294949845
v 0.059499851 0.053673351 0.291964152
v 0.095660890 0.037718903 0.295772712
v 0.061091623 0.033357412 0.289813274
v 0.058527459 0.093096300 0.132702667
v 0.043082628 0.102769808 0.172954741
v 0.034376635 0.103704316 0.134645941
v 0.043082628 0.102769808 0.172954741
v 0.058527459 0.093096300 0.132702667
v 0.068855938 0.100346563 0.178963177
v 0.059499851 0.053673351 0.291964152
v 0.035170231 0.036522254 0.291803293
v 0.029868233 0.059521840 0.296359949
v 0.089802285 0.012302736 0.280730216
v 0.065059438 0.004743365 0.244852744
v 0.064317774 0.013203761 0.270913929
v 0.065059438 0.004743365 0.244852744
v 0.089802285 0.012302736 0.280730216
v 0.093285714 0.008387313 0.253783963
v 0.107136745 0.065264156 0.312444371
v 0.093285714 0.008387313 0.253783963
v 0.089802285 0.012302736 0.280730216
v 0.073416044 0.083020923 0.280684716
v 0.045726378 0.091304575 0.271610173
v 0.048392249 0.104600437 0.224532398
v 0.048392249 0.104600437 0.224532398
v 0.000368047 0.091762897 0.267908415
v -0.002165437 0.102316715 0.210832795
v 0.000368047 0.091762897 0.267908415
v 0.048392249 0.104600437 0.224532398
v 0.045726378 0.091304575 0.271610173
v 0.097215406 0.058791359 0.294949845
v 0.059499851 0.053673351 0.291964152
v 0.073416044 0.083020923 0.280684716
v 0.116732451 0.057888797 0.252785422
v 0.073416044 0.083020923 0.280684716
v 0.093459835 0.083365095 0.238557103
v 0.110383389 0.051003918 0.239513826
v 0.084326951 0.038543489 0.208182610
v 0.092272362 0.019656864 0.237529280
v 0.084326951 0.038543489 0.208182610
v 0.110383389 0.051003918 0.239513826
v 0.092888470 0.075638457 0.221052129
v 0.072683950 0.007764939 0.215998358
v 0.092272362 0.019656864 0.237529280
v 0.084326951 0.038543489 0.208182610
v 0.077597717 0.024738056 0.156177637
v 0.078077145 0.040149672 0.167650630
v 0.068596349 0.026031809 0.136419253
v 0.078196086 0.063017370 0.167339170
v 0.077204434 0.081754914 0.170051092
v 0.068485649 0.071886346 0.136943344
v 0.083158253 0.053954672 0.060970232
v 0.091343363 0.057666984 0.033218189
v 0.081893066 0.035567788 0.002187987
v 0.091343363 0.057666984 0.033218189
v 0.089883853 0.072446449 -0.001026712
v 0.081893066 0.035567788 0.002187987
v 0.035170231 0.036522254 0.291803293
v 0.059499851 0.053673351 0.291964152
v 0.061091623 0.033357412 0.289813274
v 0.034736793 0.006743860 0.246473523
v 0.001828872 -0.013710204 0.208173165
v 0.034622989 0.023651217 0.276222440
v 0.051343696 0.005260744 -0.005358426
v 0.006881387 -0.002891309 0.041554415
v 0.063140006 0.017325783 0.044686659
v 0.006881387 -0.002891309 0.041554415
v 0.051343696 0.005260744 -0.005358426
v 0.008727479 -0.010238067 -0.013420354
v -0.019965806 0.122596359 0.023469262
v 0.024542690 0.145359135 -0.003568519
v 0.025587964 0.131474798 0.047791725
v 0.024542690 0.145359135 -0.003568519
v -0.019965806 0.122596359 0.023469262
v -0.021024522 0.133038993 -0.007524993
v 0.002246103 0.065875349 0.297933897
v 0.000368047 0.091762897 0.267908415
v 0.045726378 0.091304575 0.271610173
v 0.005485852 -0.004541989 0.089552239
v 0.063140006 0.017325783 0.044686659
v 0.006881387 -0.002891309 0.041554415
v 0.063140006 0.017325783 0.044686659
v 0.005485852 -0.004541989 0.089552239
v 0.048457222 0.008519275 0.091266062
v 0.048457222 0.008519275 0.091266062
v 0.083158253 0.053954672 0.060970232
v 0.063140006 0.017325783 0.044686659
v 0.083158253 0.053954672 0.060970232
v 0.048457222 0.008519275 0.091266062
v 0.070164294 0.046201143 0.096663821
v 0.070164294 0.046201143 0.096663821
v 0.065305728 0.096827941 0.074740004
v 0.083158253 0.053954672 0.060970232
v 0.065305728 0.096827941 0.074740004
v 0.070164294 0.046201143 0.096663821
v 0.060863233 0.086626081 0.094372558
v 0.065305728 0.096827941 0.074740004
v 0.026818441 0.113119654 0.095085199
v 0.023832253 0.121858462 0.080326677
v 0.026818441 0.113119654 0.095085199
v 0.065305728 0.096827941 0.074740004
v 0.060863233 0.086626081 0.094372558
v 0.023832253 0.121858462 0.080326677
v -0.013003834 0.112356809 0.092572062
v -0.018009978 0.121057266 0.063502647
v -0.013003834 0.112356809 0.092572062
v 0.023832253 0.121858462 0.080326677
v 0.026818441 0.113119654 0.095085199
v 0.035170231 0.036522254 0.291803293
v 0.061091623 0.033357412 0.289813274
v 0.034622989 0.023651217 0.276222440
v 0.034622989 0.023651217 0.276222440
v 0.061091623 0.033357412 0.289813274
v 0.064317774 0.013203761 0.270913929
v 0.064317774 0.013203761 0.270913929
v 0.095660890 0.037718903 0.295772712
v 0.089802285 0.012302736 0.280730216
v 0.095660890 0.037718903 0.295772712
v 0.064317774 0.013203761 0.270913929
v 0.061091623 0.033357412 0.289813274
v 0.095660890 0.037718903 0.295772712
v 0.107136745 0.065264156 0.312444371
v 0.089802285 0.012302736 0.280730216
v 0.107136745 0.065264156 0.312444371
v 0.095660890 0.037718903 0.295772712
v 0.140220127 0.069151940 0.290778833
v 0.140220127 0.069151940 0.290778833
v 0.141182807 0.065218236 0.351097841
v 0.107136745 0.065264156 0.312444371
v 0.182931419 0.054502162 0.317884576
v 0.140220127 0.069151940 0.290778833
v 0.151706411 0.054019167 0.278852129
v 0.060863233 0.086626081 0.094372558
v 0.068485649 0.071886346 0.136943344
v 0.058527459 0.093096300 0.132702667
v 0.088185914 0.087568193 0.224713874
v 0.092888470 0.075638457 0.221052129
v 0.093459835 0.083365095 0.238557103
v 0.077204434 0.081754914 0.170051092
v 0.058527459 0.093096300 0.132702667
v 0.068485649 0.071886346 0.136943344
v 0.058527459 0.093096300 0.132702667
v 0.077204434 0.081754914 0.170051092
v 0.068855938 0.100346563 0.178963177
v 0.058527459 0.093096300 0.132702667
v 0.026818441 0.113119654 0.095085199
v 0.060863233 0.086626081 0.094372558
v 0.002246103 0.065875349 0.297933897
v 0.045726378 0.091304575 0.271610173
v 0.029868233 0.059521840 0.296359949
v 0.048392249 0.104600437 0.224532398
v 0.068855938 0.100346563 0.178963177
v 0.088185914 0.087568193 0.224713874
v 0.068855938 0.100346563 0.178963177
v 0.048392249 0.104600437 0.224532398
v 0.043082628 0.102769808 0.172954741
v 0.068855938 0.100346563 0.178963177
v 0.092888470 0.075638457 0.221052129
v 0.088185914 0.087568193 0.224713874
v 0.092888470 0.075638457 0.221052129
v 0.068855938 0.100346563 0.178963177
v 0.077204434 0.081754914 0.170051092
v 0.092888470 0.075638457 0.221052129
v 0.078196086 0.063017370 0.167339170
v 0.078224262 0.053517188 0.199314751
v 0.078196086 0.063017370 0.167339170
v 0.092888470 0.075638457 0.221052129
v 0.077204434 0.081754914 0.170051092
v 0.078224262 0.053517188 0.199314751
v 0.078077145 0.040149672 0.167650630
v 0.084326951 0.038543489 0.208182610
v 0.078077145 0.040149672 0.167650630
v 0.078224262 0.053517188 0.199314751
v 0.078196086 0.063017370 0.167339170
v 0.077281642 0.016884974 0.187019673
v 0.084326951 0.038543489 0.208182610
v 0.078077145 0.040149672 0.167650630
v 0.084326951 0.038543489 0.208182610
v 0.077281642 0.016884974 0.187019673
v 0.072683950 0.007764939 0.215998358
v 0.018772054 -0.013514543 0.136738841
v 0.046097447 -0.021436956 0.166719259
v 0.049134544 -0.011412248 0.132001581
v 0.046097447 -0.021436956 0.166719259
v 0.018772054 -0.013514543 0.136738841
v 0.020299282 -0.022501363 0.166494837
v 0.049134544 -0.011412248 0.132001581
v 0.066762029 -0.002396989 0.164146779
v 0.066440541 0.006705525 0.136211635
v 0.066762029 -0.002396989 0.164146779
v 0.049134544 -0.011412248 0.132001581
v 0.046097447 -0.021436956 0.166719259
v 0.042937363 -0.009056043 0.214626862
v 0.065059438 0.004743365 0.244852744
v 0.072683950 0.007764939 0.215998358
v 0.065059438 0.004743365 0.244852744
v 0.042937363 -0.009056043 0.214626862
v 0.034736793 0.006743860 0.246473523
v 0.072683950 0.007764939 0.215998358
v 0.093285714 0.008387313 0.253783963
v 0.092272362 0.019656864 0.237529280
v 0.093285714 0.008387313 0.253783963
v 0.072683950 0.007764939 0.215998358
v 0.065059438 0.004743365 0.244852744
v 0.093285714 0.008387313 0.253783963
v 0.107136745 0.065264156 0.312444371
v 0.092272362 0.019656864 0.237529280
v 0.116732451 0.057888797 0.252785422
v 0.092888470 0.075638457 0.221052129
v 0.110383389 0.051003918 0.239513826
v 0.092888470 0.075638457 0.221052129
v 0.116732451 0.057888797 0.252785422
v 0.093459835 0.083365095 0.238557103
v 0.001828872 -0.013710204 0.208173165
v 0.034736793 0.006743860 0.246473523
v 0.042937363 -0.009056043 0.214626862
v 0.044112327 -0.002686044 0.123811109
v 0.066440541 0.006705525 0.136211635
v 0.068596349 0.026031809 0.136419253
v 0.066440541 0.006705525 0.136211635
v 0.044112327 -0.002686044 0.123811109
v 0.049134544 -0.011412248 0.132001581
v 0.077597717 0.024738056 0.156177637
v 0.066762029 -0.002396989 0.164146779
v 0.077281642 0.016884974 0.187019673
v 0.077281642 0.016884974 0.187019673
v 0.068099291 -0.000204933 0.196323910
v 0.072683950 0.007764939 0.215998358
v 0.072683950 0.007764939 0.215998358
v 0.045283919 -0.014035690 0.199658188
v 0.042937363 -0.009056043 0.214626862
v 0.045283919 -0.014035690 0.199658188
v 0.072683950 0.007764939 0.215998358
v 0.068099291 -0.000204933 0.196323910
v 0.042937363 -0.009056043 0.214626862
v 0.018228737 -0.015887422 0.190756139
v 0.001828872 -0.013710204 0.208173165
v 0.008597976 -0.021141977 0.167703354
v 0.018228737 -0.015887422 0.190756139
v 0.020299282 -0.022501363 0.166494837
v 0.007168270 -0.012530525 0.139179650
v 0.020299282 -0.022501363 0.166494837
v 0.018772054 -0.013514543 0.136738841
v 0.020299282 -0.022501363 0.166494837
v 0.007168270 -0.012530525 0.139179650
v 0.008597976 -0.021141977 0.167703354
v 0.044112327 -0.002686044 0.123811109
v 0.018772054 -0.013514543 0.136738841
v 0.049134544 -0.011412248 0.132001581
v 0.066762029 -0.002396989 0.164146779
v 0.077597717 0.024738056 0.156177637
v 0.066440541 0.006705525 0.136211635
v 0.078077145 0.040149672 0.167650630
v 0.077597717 0.024738056 0.156177637
v 0.077281642 0.016884974 0.187019673
v 0.066440541 0.006705525 0.136211635
v 0.077597717 0.024738056 0.156177637
v 0.068596349 0.026031809 0.136419253
v -0.009585330 0.103012331 0.136701399
v 0.026818441 0.113119654 0.095085199
v 0.034376635 0.103704316 0.134645941
v 0.026818441 0.113119654 0.095085199
v -0.009585330 0.103012331 0.136701399
v -0.013003834 0.112356809 0.092572062
v -0.002165437 0.102316715 0.210832795
v 0.043082628 0.102769808 0.172954741
v 0.048392249 0.104600437 0.224532398
v 0.043082628 0.102769808 0.172954741
v -0.002165437 0.102316715 0.210832795
v -0.003814758 0.101522349 0.164112256
v 0.073416044 0.083020923 0.280684716
v 0.116732451 0.057888797 0.252785422
v 0.097215406 0.058791359 0.294949845
v 0.124678006 0.010641417 0.347968702
v 0.107136745 0.065264156 0.312444371
v 0.141182807 0.065218236 0.351097841
v 0.097215406 0.058791359 0.294949845
v 0.116732451 0.057888797 0.252785422
v 0.151706411 0.054019167 0.278852129
v 0.140220127 0.069151940 0.290778833
v 0.097215406 0.058791359 0.294949845
v 0.151706411 0.054019167 0.278852129
v 0.018772054 -0.013514543 0.136738841
v 0.044112327 -0.002686044 0.123811109
v 0.017846654 -0.006417254 0.128361480
v 0.008597976 -0.021141977 0.167703354
v -0.000571279 -0.012628706 0.142380588
v 0.000642086 -0.020414381 0.168533780
v -0.000571279 -0.012628706 0.142380588
v 0.008597976 -0.021141977 0.167703354
v 0.007168270 -0.012530525 0.139179650
v 0.018228737 -0.015887422 0.190756139
v 0.008597976 -0.021141977 0.167703354
v 0.000642086 -0.020414381 0.168533780
v 0.018772054 -0.013514543 0.136738841
v 0.017846654 -0.006417254 0.128361480
v 0.007168270 -0.012530525 0.139179650
v 0.018228737 -0.015887422 0.190756139
v 0.000642086 -0.020414381 0.168533780
v 0.001828872 -0.013710204 0.208173165
v 0.018228737 -0.015887422 0.190756139
v 0.042937363 -0.009056043 0.214626862
v 0.045283919 -0.014035690 0.199658188
v 0.068099291 -0.000204933 0.196323910
v 0.077281642 0.016884974 0.187019673
v 0.066762029 -0.002396989 0.164146779
v 0.084326951 0.038543489 0.208182610
v 0.092888470 0.075638457 0.221052129
v 0.078224262 0.053517188 0.199314751
v 0.107136745 0.065264156 0.312444371
v 0.101516362 0.019140359 0.311487500
v 0.092272362 0.019656864 0.237529280
v 0.101516362 0.019140359 0.311487500
v 0.110383389 0.051003918 0.239513826
v 0.092272362 0.019656864 0.237529280
v 0.110383389 0.051003918 0.239513826
v 0.101516362 0.019140359 0.311487500
v 0.143684134 0.008783914 0.273930973
v 0.176513868 0.002884893 0.310157686
v 0.153796586 0.033069858 0.272690438
v 0.143684134 0.008783914 0.273930973
v 0.116732451 0.057888797 0.252785422
v 0.153796586 0.033069858 0.272690438
v 0.151706411 0.054019167 0.278852129
v 0.153796586 0.033069858 0.272690438
v 0.182931419 0.054502162 0.317884576
v 0.151706411 0.054019167 0.278852129
v 0.182931419 0.054502162 0.317884576
v 0.153796586 0.033069858 0.272690438
v 0.176513868 0.002884893 0.310157686
v 0.093459835 0.083365095 0.238557103
v 0.048392249 0.104600437 0.224532398
v 0.088185914 0.087568193 0.224713874
v 0.048392249 0.104600437 0.224532398
v 0.093459835 0.083365095 0.238557103
v 0.073416044 0.083020923 0.280684716
v 0.064317774 0.013203761 0.270913929
v 0.034736793 0.006743860 0.246473523
v 0.034622989 0.023651217 0.276222440
v 0.015581418 -0.005843167 0.129050090
v 0.045102978 -0.001729010 0.124764411
v 0.048457222 0.008519275 0.091266062
v 0.048457222 0.008519275 0.091266062
v 0.068241539 0.031484047 0.128821608
v 0.070164294 0.046201143 0.096663821
v 0.068241539 0.031484047 0.128821608
v 0.048457222 0.008519275 0.091266062
v 0.045102978 -0.001729010 0.124764411
v 0.068485649 0.071886346 0.136943344
v 0.070164294 0.046201143 0.096663821
v 0.068241539 0.031484047 0.128821608
v 0.070164294 0.046201143 0.096663821
v 0.068485649 0.071886346 0.136943344
v 0.060863233 0.086626081 0.094372558
v 0.005485852 -0.004541989 0.089552239
v 0.015581418 -0.005843167 0.129050090
v 0.048457222 0.008519275 0.091266062
v 0.015581418 -0.005843167 0.129050090
v 0.005485852 -0.004541989 0.089552239
v -0.000571279 -0.012628706 0.142380588
v 0.007168270 -0.012530525 0.139179650
v 0.015581418 -0.005843167 0.129050090
v -0.000571279 -0.012628706 0.142380588
v 0.015581418 -0.005843167 0.129050090
v 0.007168270 -0.012530525 0.139179650
v 0.017846654 -0.006417254 0.128361480
v 0.078077145 0.040149672 0.167650630
v 0.068241539 0.031484047 0.128821608
v 0.068596349 0.026031809 0.136419253
v 0.068241539 0.031484047 0.128821608
v 0.078077145 0.040149672 0.167650630
v 0.078196086 0.063017370 0.167339170
v -0.057034739 -0.001760397 0.244534561
v -0.057792806 0.003871198 0.266338348
v -0.028489608 0.004226297 0.247908964
v -0.065905226 -0.004928389 0.201134729
v -0.044641783 -0.024635376 0.169976836
v -0.066725133 -0.007102209 0.168939025
v -0.044641783 -0.024635376 0.169976836
v -0.065905226 -0.004928389 0.201134729
v -0.041993695 -0.017112094 0.202791492
v -0.024902492 0.057591255 0.298326242
v -0.078838590 0.071202231 0.276870288
v -0.047852733 0.086427997 0.273056084
v -0.078838590 0.071202231 0.276870288
v -0.024902492 0.057591255 0.298326242
v -0.062240535 0.043586844 0.288260255
v -0.096679424 0.071626130 0.038490110
v -0.056965572 0.104665572 0.079261906
v -0.085278015 0.064895691 0.072384924
v -0.056965572 0.104665572 0.079261906
v -0.096679424 0.071626130 0.038490110
v -0.065596724 0.112539048 0.045019819
v -0.085408557 0.018455910 0.057504293
v -0.096679424 0.071626130 0.038490110
v -0.085278015 0.064895691 0.072384924
v -0.096679424 0.071626130 0.038490110
v -0.085408557 0.018455910 0.057504293
v -0.095764529 0.018811465 0.027530330
v -0.052815127 -0.006974542 0.041903131
v -0.074925034 -0.008298367 -0.005575521
v -0.085408557 0.018455910 0.057504293
v -0.074925034 -0.008298367 -0.005575521
v -0.052815127 -0.006974542 0.041903131
v -0.036984139 -0.012952505 -0.008477713
v -0.041993695 -0.017112094 0.202791492
v -0.018915121 -0.023883611 0.167902650
v -0.044641783 -0.024635376 0.169976836
v -0.018915121 -0.023883611 0.167902650
v -0.041993695 -0.017112094 0.202791492
v -0.015582500 -0.017079216 0.191969976
v -0.065596724 0.112539048 0.045019819
v -0.018009978 0.121057266 0.063502647
v -0.056965572 0.104665572 0.079261906
v -0.018009978 0.121057266 0.063502647
v -0.065596724 0.112539048 0.045019819
v -0.019965806 0.122596359 0.023469262
v -0.051170548 0.094349359 0.136059391
v -0.003814758 0.101522349 0.164112256
v -0.049929730 0.099491263 0.176293924
v -0.003814758 0.101522349 0.164112256
v -0.051170548 0.094349359 0.136059391
v -0.009585330 0.103012331 0.136701399
v -0.065596724 0.112539048 0.045019819
v -0.108504856 0.090056340 -0.005233183
v -0.067905931 0.126296178 -0.006833331
v -0.108504856 0.090056340 -0.005233183
v -0.065596724 0.112539048 0.045019819
v -0.096679424 0.071626130 0.038490110
v -0.096679424 0.071626130 0.038490110
v -0.106954498 0.022969219 -0.005107824
v -0.108504856 0.090056340 -0.005233183
v -0.106954498 0.022969219 -0.005107824
v -0.096679424 0.071626130 0.038490110
v -0.095764529 0.018811465 0.027530330
v -0.051110666 0.100709662 0.095356078
v -0.051170548 0.094349359 0.136059391
v -0.071950458 0.080081489 0.135186266
v -0.077384081 0.057905181 0.139868692
v -0.082472699 0.057354039 0.173107248
v -0.070278739 0.019226453 0.131866063
v -0.072535156 0.021057137 0.141485934
v -0.042430434 -0.009092023 0.126788349
v -0.070278739 0.019226453 0.131866063
v -0.042430434 -0.009092023 0.126788349
v -0.072535156 0.021057137 0.141485934
v -0.047058364 -0.005899673 0.127084176
v -0.042430434 -0.009092023 0.126788349
v -0.020337051 -0.007763171 0.129732291
v -0.016100196 -0.007514068 0.130042562
v -0.020337051 -0.007763171 0.129732291
v -0.042430434 -0.009092023 0.126788349
v -0.047058364 -0.005899673 0.127084176
v -0.141251797 -0.012778521 0.222854671
v -0.147238746 0.033221885 0.220021181
v -0.191089612 0.032697165 0.224071092
v -0.190130941 -0.023294805 0.235242931
v -0.220072116 0.032531866 0.252242891
v -0.226694075 -0.018363542 0.259064076
v -0.220072116 0.032531866 0.252242891
v -0.190130941 -0.023294805 0.235242931
v -0.191089612 0.032697165 0.224071092
v -0.135318172 0.044179384 0.275100225
v -0.191089612 0.032697165 0.224071092
v -0.147238746 0.033221885 0.220021181
v -0.191089612 0.032697165 0.224071092
v -0.135318172 0.044179384 0.275100225
v -0.182721801 0.039938815 0.287744713
v -0.191089612 0.032697165 0.224071092
v -0.249606813 0.031175427 0.283852495
v -0.220072116 0.032531866 0.252242891
v -0.249606813 0.031175427 0.283852495
v -0.191089612 0.032697165 0.224071092
v -0.182721801 0.039938815 0.287744713
v -0.107580522 0.053219616 0.259238112
v -0.135318172 0.044179384 0.275100225
v -0.107368256 0.058114900 0.239852017
v -0.135318172 0.044179384 0.275100225
v -0.107580522 0.053219616 0.259238112
v -0.133825419 0.019344956 0.283739133
v -0.182721801 0.039938815 0.287744713
v -0.243147705 -0.012610617 0.284008880
v -0.249606813 0.031175427 0.283852495
v -0.243147705 -0.012610617 0.284008880
v -0.182721801 0.039938815 0.287744713
v -0.181886263 -0.012639572 0.287962869
v -0.136277244 -0.017207753 0.262029356
v -0.190130941 -0.023294805 0.235242931
v -0.181886263 -0.012639572 0.287962869
v -0.181886263 -0.012639572 0.287962869
v -0.226694075 -0.018363542 0.259064076
v -0.243147705 -0.012610617 0.284008880
v -0.226694075 -0.018363542 0.259064076
v -0.181886263 -0.012639572 0.287962869
v -0.190130941 -0.023294805 0.235242931
v -0.208454712 -0.021672163 0.240666880
v -0.205994100 0.026208336 0.172741489
v -0.204452989 -0.016981734 0.180514794
v -0.205994100 0.026208336 0.172741489
v -0.208454712 -0.021672163 0.240666880
v -0.203196515 0.039495738 0.232900244
v -0.204452989 -0.016981734 0.180514794
v -0.203570875 0.018759064 0.131008561
v -0.204152095 -0.015691473 0.130259677
v -0.203570875 0.018759064 0.131008561
v -0.204452989 -0.016981734 0.180514794
v -0.205994100 0.026208336 0.172741489
v -0.203196515 0.039495738 0.232900244
v -0.259257179 0.018246771 0.177685579
v -0.205994100 0.026208336 0.172741489
v -0.259257179 0.018246771 0.177685579
v -0.203196515 0.039495738 0.232900244
v -0.266490848 0.030284715 0.240365896
v -0.205994100 0.026208336 0.172741489
v -0.251738368 0.006535722 0.127882703
v -0.203570875 0.018759064 0.131008561
v -0.251738368 0.006535722 0.127882703
v -0.205994100 0.026208336 0.172741489
v -0.259257179 0.018246771 0.177685579
v -0.266490848 0.030284715 0.240365896
v -0.257793248 -0.016338930 0.184472783
v -0.259257179 0.018246771 0.177685579
v -0.257793248 -0.016338930 0.184472783
v -0.266490848 0.030284715 0.240365896
v -0.258698599 -0.020865674 0.246230285
v -0.259257179 0.018246771 0.177685579
v -0.248843145 -0.016310532 0.129860116
v -0.251738368 0.006535722 0.127882703
v -0.248843145 -0.016310532 0.129860116
v -0.259257179 0.018246771 0.177685579
v -0.257793248 -0.016338930 0.184472783
v -0.258698599 -0.020865674 0.246230285
v -0.204452989 -0.016981734 0.180514794
v -0.257793248 -0.016338930 0.184472783
v -0.204452989 -0.016981734 0.180514794
v -0.258698599 -0.020865674 0.246230285
v -0.208454712 -0.021672163 0.240666880
v -0.257793248 -0.016338930 0.184472783
v -0.204152095 -0.015691473 0.130259677
v -0.248843145 -0.016310532 0.129860116
v -0.204152095 -0.015691473 0.130259677
v -0.257793248 -0.016338930 0.184472783
v -0.204452989 -0.016981734 0.180514794
v -0.243147705 -0.012610617 0.284008880
v -0.208454712 -0.021672163 0.240666880
v -0.258698599 -0.020865674 0.246230285
v -0.208454712 -0.021672163 0.240666880
v -0.243147705 -0.012610617 0.284008880
v -0.226694075 -0.018363542 0.259064076
v -0.226694075 -0.018363542 0.259064076
v -0.203196515 0.039495738 0.232900244
v -0.208454712 -0.021672163 0.240666880
v -0.203196515 0.039495738 0.232900244
v -0.226694075 -0.018363542 0.259064076
v -0.220072116 0.032531866 0.252242891
v -0.249606813 0.031175427 0.283852495
v -0.203196515 0.039495738 0.232900244
v -0.220072116 0.032531866 0.252242891
v -0.203196515 0.039495738 0.232900244
v -0.249606813 0.031175427 0.283852495
v -0.266490848 0.030284715 0.240365896
v -0.266490848 0.030284715 0.240365896
v -0.243147705 -0.012610617 0.284008880
v -0.258698599 -0.020865674 0.246230285
v -0.243147705 -0.012610617 0.284008880
v -0.266490848 0.030284715 0.240365896
v -0.249606813 0.031175427 0.283852495
v -0.096583745 0.027461986 0.288586945
v -0.093876825 0.005005029 0.281985101
v -0.136277244 -0.017207753 0.262029356
v -0.093876825 0.005005029 0.281985101
v -0.062240535 0.043586844 0.288260255
v -0.060363639 0.023111170 0.285172737
v -0.062240535 0.043586844 0.288260255
v -0.093876825 0.005005029 0.281985101
v -0.096583745 0.027461986 0.288586945
v -0.071950458 0.080081489 0.135186266
v -0.049929730 0.099491263 0.176293924
v -0.074972157 0.095276841 0.184126667
v -0.049929730 0.099491263 0.176293924
v -0.071950458 0.080081489 0.135186266
v -0.051170548 0.094349359 0.136059391
v -0.062240535 0.043586844 0.288260255
v -0.024902492 0.057591255 0.298326242
v -0.028886753 0.034264342 0.294102966
v -0.084173923 -0.014116524 0.261410673
v -0.057034739 -0.001760397 0.244534561
v -0.085721708 -0.009441639 0.235182816
v -0.057034739 -0.001760397 0.244534561
v -0.084173923 -0.014116524 0.261410673
v -0.057792806 0.003871198 0.266338348
v -0.141251797 -0.012778521 0.222854671
v -0.084173923 -0.014116524 0.261410673
v -0.085721708 -0.009441639 0.235182816
v -0.078838590 0.071202231 0.276870288
v -0.051647222 0.101074197 0.228123857
v -0.047852733 0.086427997 0.273056084
v -0.051647222 0.101074197 0.228123857
v 0.000368047 0.091762897 0.267908415
v -0.047852733 0.086427997 0.273056084
v 0.000368047 0.091762897 0.267908415
v -0.051647222 0.101074197 0.228123857
v -0.002165437 0.102316715 0.210832795
v -0.096583745 0.027461986 0.288586945
v -0.078838590 0.071202231 0.276870288
v -0.062240535 0.043586844 0.288260255
v -0.107580522 0.053219616 0.259238112
v -0.092181093 0.077696243 0.241998004
v -0.078838590 0.071202231 0.276870288
v -0.107368256 0.058114900 0.239852017
v -0.086769367 0.038710875 0.209285378
v -0.093102384 0.075866701 0.228818438
v -0.086769367 0.038710875 0.209285378
v -0.107368256 0.058114900 0.239852017
v -0.091569722 0.012664207 0.215951220
v -0.069618065 0.002749008 0.221107061
v -0.086769367 0.038710875 0.209285378
v -0.091569722 0.012664207 0.215951220
v -0.079984977 0.019183505 0.161834922
v -0.072535156 0.021057137 0.141485934
v -0.080724011 0.034552171 0.173351659
v -0.082472699 0.057354039 0.173107248
v -0.077384081 0.057905181 0.139868692
v -0.082609435 0.076121717 0.175788478
v -0.085408557 0.018455910 0.057504293
v -0.074925034 -0.008298367 -0.005575521
v -0.095764529 0.018811465 0.027530330
v -0.095764529 0.018811465 0.027530330
v -0.074925034 -0.008298367 -0.005575521
v -0.106954498 0.022969219 -0.005107824
v -0.028886753 0.034264342 0.294102966
v -0.060363639 0.023111170 0.285172737
v -0.062240535 0.043586844 0.288260255
v -0.028489608 0.004226297 0.247908964
v -0.028553109 0.021424355 0.278490489
v 0.001828872 -0.013710204 0.208173165
v -0.036984139 -0.012952505 -0.008477713
v 0.006881387 -0.002891309 0.041554415
v 0.008727479 -0.010238067 -0.013420354
v 0.006881387 -0.002891309 0.041554415
v -0.036984139 -0.012952505 -0.008477713
v -0.052815127 -0.006974542 0.041903131
v -0.019965806 0.122596359 0.023469262
v -0.067905931 0.126296178 -0.006833331
v -0.021024522 0.133038993 -0.007524993
v -0.067905931 0.126296178 -0.006833331
v -0.019965806 0.122596359 0.023469262
v -0.065596724 0.112539048 0.045019819
v 0.002246103 0.065875349 0.297933897
v -0.047852733 0.086427997 0.273056084
v 0.000368047 0.091762897 0.267908415
v 0.005485852 -0.004541989 0.089552239
v -0.052815127 -0.006974542 0.041903131
v -0.039407884 -0.005472996 0.091571478
v -0.052815127 -0.006974542 0.041903131
v 0.005485852 -0.004541989 0.089552239
v 0.006881387 -0.002891309 0.041554415
v -0.039407884 -0.005472996 0.091571478
v -0.085408557 0.018455910 0.057504293
v -0.071685491 0.023611963 0.097156886
v -0.085408557 0.018455910 0.057504293
v -0.039407884 -0.005472996 0.091571478
v -0.052815127 -0.006974542 0.041903131
v -0.071685491 0.023611963 0.097156886
v -0.085278015 0.064895691 0.072384924
v -0.075307997 0.064941195 0.094845885
v -0.085278015 0.064895691 0.072384924
v -0.071685491 0.023611963 0.097156886
v -0.085408557 0.018455910 0.057504293
v -0.085278015 0.064895691 0.072384924
v -0.051110666 0.100709662 0.095356078
v -0.075307997 0.064941195 0.094845885
v -0.051110666 0.100709662 0.095356078
v -0.085278015 0.064895691 0.072384924
v -0.056965572 0.104665572 0.079261906
v -0.056965572 0.104665572 0.079261906
v -0.013003834 0.112356809 0.092572062
v -0.051110666 0.100709662 0.095356078
v -0.013003834 0.112356809 0.092572062
v -0.056965572 0.104665572 0.079261906
v -0.018009978 0.121057266 0.063502647
v -0.028886753 0.034264342 0.294102966
v -0.028553109 0.021424355 0.278490489
v -0.060363639 0.023111170 0.285172737
v -0.028553109 0.021424355 0.278490489
v -0.057792806 0.003871198 0.266338348
v -0.060363639 0.023111170 0.285172737
v -0.057792806 0.003871198 0.266338348
v -0.093876825 0.005005029 0.281985101
v -0.060363639 0.023111170 0.285172737
v -0.093876825 0.005005029 0.281985101
v -0.057792806 0.003871198 0.266338348
v -0.084173923 -0.014116524 0.261410673
v -0.141251797 -0.012778521 0.222854671
v -0.093876825 0.005005029 0.281985101
v -0.084173923 -0.014116524 0.261410673
v -0.093876825 0.005005029 0.281985101
v -0.141251797 -0.012778521 0.222854671
v -0.136277244 -0.017207753 0.262029356
v -0.136277244 -0.017207753 0.262029356
v -0.141251797 -0.012778521 0.222854671
v -0.190130941 -0.023294805 0.235242931
v -0.181886263 -0.012639572 0.287962869
v -0.134038118 -0.001897875 0.278270523
v -0.136277244 -0.017207753 0.262029356
v -0.075307997 0.064941195 0.094845885
v -0.071950458 0.080081489 0.135186266
v -0.077384081 0.057905181 0.139868692
v -0.087316147 0.088423362 0.234769776
v -0.092181093 0.077696243 0.241998004
v -0.093102384 0.075866701 0.228818438
v -0.082609435 0.076121717 0.175788478
v -0.071950458 0.080081489 0.135186266
v -0.074972157 0.095276841 0.184126667
v -0.071950458 0.080081489 0.135186266
v -0.082609435 0.076121717 0.175788478
v -0.077384081 0.057905181 0.139868692
v -0.071950458 0.080081489 0.135186266
v -0.075307997 0.064941195 0.094845885
v -0.051110666 0.100709662 0.095356078
v 0.002246103 0.065875349 0.297933897
v -0.024902492 0.057591255 0.298326242
v -0.047852733 0.086427997 0.273056084
v -0.051647222 0.101074197 0.228123857
v -0.074972157 0.095276841 0.184126667
v -0.049929730 0.099491263 0.176293924
v -0.074972157 0.095276841 0.184126667
v -0.051647222 0.101074197 0.228123857
v -0.087316147 0.088423362 0.234769776
v -0.074972157 0.095276841 0.184126667
v -0.093102384 0.075866701 0.228818438
v -0.082609435 0.076121717 0.175788478
v -0.093102384 0.075866701 0.228818438
v -0.074972157 0.095276841 0.184126667
v -0.087316147 0.088423362 0.234769776
v -0.093102384 0.075866701 0.228818438
v -0.082472699 0.057354039 0.173107248
v -0.082609435 0.076121717 0.175788478
v -0.082472699 0.057354039 0.173107248
v -0.093102384 0.075866701 0.228818438
v -0.080421960 0.052165624 0.203589375
v -0.080421960 0.052165624 0.203589375
v -0.080724011 0.034552171 0.173351659
v -0.082472699 0.057354039 0.173107248
v -0.080724011 0.034552171 0.173351659
v -0.080421960 0.052165624 0.203589375
v -0.086769367 0.038710875 0.209285378
v -0.076909337 0.011449975 0.192555195
v -0.086769367 0.038710875 0.209285378
v -0.069618065 0.002749008 0.221107061
v -0.086769367 0.038710875 0.209285378
v -0.076909337 0.011449975 0.192555195
v -0.080724011 0.034552171 0.173351659
v -0.020158706 -0.014886793 0.138136472
v -0.044641783 -0.024635376 0.169976836
v -0.018915121 -0.023883611 0.167902650
v -0.044641783 -0.024635376 0.169976836
v -0.020158706 -0.014886793 0.138136472
v -0.050854989 -0.014936728 0.135591248
v -0.050854989 -0.014936728 0.135591248
v -0.066725133 -0.007102209 0.168939025
v -0.044641783 -0.024635376 0.169976836
v -0.066725133 -0.007102209 0.168939025
v -0.050854989 -0.014936728 0.135591248
v -0.069046093 0.001929826 0.141075663
v -0.038937083 -0.011941993 0.217566189
v -0.057034739 -0.001760397 0.244534561
v -0.028489608 0.004226297 0.247908964
v -0.057034739 -0.001760397 0.244534561
v -0.038937083 -0.011941993 0.217566189
v -0.069618065 0.002749008 0.221107061
v -0.069618065 0.002749008 0.221107061
v -0.085721708 -0.009441639 0.235182816
v -0.057034739 -0.001760397 0.244534561
v -0.085721708 -0.009441639 0.235182816
v -0.069618065 0.002749008 0.221107061
v -0.091569722 0.012664207 0.215951220
v -0.085721708 -0.009441639 0.235182816
v -0.091569722 0.012664207 0.215951220
v -0.141251797 -0.012778521 0.222854671
v -0.107580522 0.053219616 0.259238112
v -0.093102384 0.075866701 0.228818438
v -0.092181093 0.077696243 0.241998004
v -0.093102384 0.075866701 0.228818438
v -0.107580522 0.053219616 0.259238112
v -0.107368256 0.058114900 0.239852017
v 0.001828872 -0.013710204 0.208173165
v -0.038937083 -0.011941993 0.217566189
v -0.028489608 0.004226297 0.247908964
v -0.047058364 -0.005899673 0.127084176
v -0.069046093 0.001929826 0.141075663
v -0.050854989 -0.014936728 0.135591248
v -0.069046093 0.001929826 0.141075663
v -0.047058364 -0.005899673 0.127084176
v -0.072535156 0.021057137 0.141485934
v -0.079984977 0.019183505 0.161834922
v -0.076909337 0.011449975 0.192555195
v -0.066725133 -0.007102209 0.168939025
v -0.076909337 0.011449975 0.192555195
v -0.069618065 0.002749008 0.221107061
v -0.065905226 -0.004928389 0.201134729
v -0.069618065 0.002749008 0.221107061
v -0.041993695 -0.017112094 0.202791492
v -0.065905226 -0.004928389 0.201134729
v -0.041993695 -0.017112094 0.202791492
v -0.069618065 0.002749008 0.221107061
v -0.038937083 -0.011941993 0.217566189
v -0.038937083 -0.011941993 0.217566189
v 0.001828872 -0.013710204 0.208173165
v -0.015582500 -0.017079216 0.191969976
v -0.007281940 -0.021701720 0.168273450
v -0.018915121 -0.023883611 0.167902650
v -0.015582500 -0.017079216 0.191969976
v -0.008507903 -0.013083086 0.139742431
v -0.018915121 -0.023883611 0.167902650
v -0.007281940 -0.021701720 0.168273450
v -0.018915121 -0.023883611 0.167902650
v -0.008507903 -0.013083086 0.139742431
v -0.020158706 -0.014886793 0.138136472
v -0.047058364 -0.005899673 0.127084176
v -0.050854989 -0.014936728 0.135591248
v -0.020158706 -0.014886793 0.138136472
v -0.066725133 -0.007102209 0.168939025
v -0.069046093 0.001929826 0.141075663
v -0.079984977 0.019183505 0.161834922
v -0.080724011 0.034552171 0.173351659
v -0.076909337 0.011449975 0.192555195
v -0.079984977 0.019183505 0.161834922
v -0.069046093 0.001929826 0.141075663
v -0.072535156 0.021057137 0.141485934
v -0.079984977 0.019183505 0.161834922
v -0.009585330 0.103012331 0.136701399
v -0.051110666 0.100709662 0.095356078
v -0.013003834 0.112356809 0.092572062
v -0.051110666 0.100709662 0.095356078
v -0.009585330 0.103012331 0.136701399
v -0.051170548 0.094349359 0.136059391
v -0.002165437 0.102316715 0.210832795
v -0.049929730 0.099491263 0.176293924
v -0.003814758 0.101522349 0.164112256
v -0.049929730 0.099491263 0.176293924
v -0.002165437 0.102316715 0.210832795
v -0.051647222 0.101074197 0.228123857
v -0.078838590 0.071202231 0.276870288
v -0.096583745 0.027461986 0.288586945
v -0.107580522 0.053219616 0.259238112
v -0.191089612 0.032697165 0.224071092
v -0.190130941 -0.023294805 0.235242931
v -0.141251797 -0.012778521 0.222854671
v -0.096583745 0.027461986 0.288586945
v -0.134038118 -0.001897875 0.278270523
v -0.107580522 0.053219616 0.259238112
v -0.136277244 -0.017207753 0.262029356
v -0.134038118 -0.001897875 0.278270523
v -0.096583745 0.027461986 0.288586945
v -0.020158706 -0.014886793 0.138136472
v -0.020337051 -0.007763171 0.129732291
v -0.047058364 -0.005899673 0.127084176
v -0.007281940 -0.021701720 0.168273450
v -0.000571279 -0.012628706 0.142380588
v -0.008507903 -0.013083086 0.139742431
v -0.000571279 -0.012628706 0.142380588
v -0.007281940 -0.021701720 0.168273450
v 0.000642086 -0.020414381 0.168533780
v -0.015582500 -0.017079216 0.191969976
v 0.000642086 -0.020414381 0.168533780
v -0.007281940 -0.021701720 0.168273450
v -0.020158706 -0.014886793 0.138136472
v -0.008507903 -0.013083086 0.139742431
v -0.020337051 -0.007763171 0.129732291
v -0.015582500 -0.017079216 0.191969976
v 0.001828872 -0.013710204 0.208173165
v 0.000642086 -0.020414381 0.168533780
v -0.015582500 -0.017079216 0.191969976
v -0.041993695 -0.017112094 0.202791492
v -0.038937083 -0.011941993 0.217566189
v -0.065905226 -0.004928389 0.201134729
v -0.066725133 -0.007102209 0.168939025
v -0.076909337 0.011449975 0.192555195
v -0.086769367 0.038710875 0.209285378
v -0.080421960 0.052165624 0.203589375
v -0.093102384 0.075866701 0.228818438
v -0.141251797 -0.012778521 0.222854671
v -0.091569722 0.012664207 0.215951220
v -0.147238746 0.033221885 0.220021181
v -0.147238746 0.033221885 0.220021181
v -0.107368256 0.058114900 0.239852017
v -0.135318172 0.044179384 0.275100225
v -0.107368256 0.058114900 0.239852017
v -0.147238746 0.033221885 0.220021181
v -0.091569722 0.012664207 0.215951220
v -0.182721801 0.039938815 0.287744713
v -0.135318172 0.044179384 0.275100225
v -0.133825419 0.019344956 0.283739133
v -0.107580522 0.053219616 0.259238112
v -0.134038118 -0.001897875 0.278270523
v -0.133825419 0.019344956 0.283739133
v -0.133825419 0.019344956 0.283739133
v -0.181886263 -0.012639572 0.287962869
v -0.182721801 0.039938815 0.287744713
v -0.181886263 -0.012639572 0.287962869
v -0.133825419 0.019344956 0.283739133
v -0.134038118 -0.001897875 0.278270523
v -0.092181093 0.077696243 0.241998004
v -0.051647222 0.101074197 0.228123857
v -0.078838590 0.071202231 0.276870288
v -0.051647222 0.101074197 0.228123857
v -0.092181093 0.077696243 0.241998004
v -0.087316147 0.088423362 0.234769776
v -0.057792806 0.003871198 0.266338348
v -0.028553109 0.021424355 0.278490489
v -0.028489608 0.004226297 0.247908964
v -0.016100196 -0.007514068 0.130042562
v -0.039407884 -0.005472996 0.091571478
v -0.042430434 -0.009092023 0.126788349
v -0.039407884 -0.005472996 0.091571478
v -0.070278739 0.019226453 0.131866063
v -0.042430434 -0.009092023 0.126788349
v -0.070278739 0.019226453 0.131866063
v -0.039407884 -0.005472996 0.091571478
v -0.071685491 0.023611963 0.097156886
v -0.077384081 0.057905181 0.139868692
v -0.071685491 0.023611963 0.097156886
v -0.075307997 0.064941195 0.094845885
v -0.071685491 0.023611963 0.097156886
v -0.077384081 0.057905181 0.139868692
v -0.070278739 0.019226453 0.131866063
v 0.005485852 -0.004541989 0.089552239
v -0.039407884 -0.005472996 0.091571478
v -0.016100196 -0.007514068 0.130042562
v -0.016100196 -0.007514068 0.130042562
v -0.000571279 -0.012628706 0.142380588
v 0.005485852 -0.004541989 0.089552239
v -0.008507903 -0.013083086 0.139742431
v -0.016100196 -0.007514068 0.130042562
v -0.020337051 -0.007763171 0.129732291
v -0.016100196 -0.007514068 0.130042562
v -0.008507903 -0.013083086 0.139742431
v -0.000571279 -0.012628706 0.142380588
v -0.080724011 0.034552171 0.173351659
v -0.070278739 0.019226453 0.131866063
v -0.082472699 0.057354039 0.173107248
v -0.070278739 0.019226453 0.131866063
v -0.080724011 0.034552171 0.173351659
v -0.072535156 0.021057137 0.141485934
v -0.074925034 -0.008298367 -0.005575521
v -0.108504856 0.090056340 -0.005233183
v -0.106954498 0.022969219 -0.005107824
v -0.074925034 -0.008298367 -0.005575521
v -0.067905931 0.126296178 -0.006833331
v -0.108504856 0.090056340 -0.005233183
v -0.036984139 -0.012952505 -0.008477713
v -0.067905931 0.126296178 -0.006833331
v -0.074925034 -0.008298367 -0.005575521
v -0.036984139 -0.012952505 -0.008477713
v -0.021024522 0.133038993 -0.007524993
v -0.067905931 0.126296178 -0.006833331
v 0.060834702 0.121367434 -0.007601061
v 0.081893066 0.035567788 0.002187987
v 0.089883853 0.072446449 -0.001026712
v 0.024542690 0.145359135 -0.003568519
v 0.081893066 0.035567788 0.002187987
v 0.060834702 0.121367434 -0.007601061
v 0.024542690 0.145359135 -0.003568519
v 0.051343696 0.005260744 -0.005358426
v 0.081893066 0.035567788 0.002187987
v -0.021024522 0.133038993 -0.007524993
v 0.051343696 0.005260744 -0.005358426
v 0.024542690 0.145359135 -0.003568519
v -0.021024522 0.133038993 -0.007524993
v 0.008727479 -0.010238067 -0.013420354
v 0.051343696 0.005260744 -0.005358426
v -0.036984139 -0.012952505 -0.008477713
v 0.008727479 -0.010238067 -0.013420354
v -0.021024522 0.133038993 -0.007524993
v 0.002246103 0.065875349 0.297933897
v 0.001455516 0.036180725 0.246757774
v -0.024902492 0.057591255 0.298326242
v -0.024902492 0.057591255 0.298326242
v 0.001455516 0.036180725 0.246757774
v -0.028886753 0.034264342 0.294102966
v -0.028886753 0.034264342 0.294102966
v 0.001455516 0.036180725 0.246757774
v -0.028553109 0.021424355 0.278490489
v -0.028553109 0.021424355 0.278490489
v 0.001455516 0.036180725 0.246757774
v 0.001828872 -0.013710204 0.208173165
v 0.034622989 0.023651217 0.276222440
v 0.001828872 -0.013710204 0.208173165
v 0.001455516 0.036180725 0.246757774
v 0.002246103 0.065875349 0.297933897
v 0.029868233 0.059521840 0.296359949
v 0.001455516 0.036180725 0.246757774
v 0.035170231 0.036522254 0.291803293
v 0.001455516 0.036180725 0.246757774
v 0.029868233 0.059521840 0.296359949
v 0.034622989 0.023651217 0.276222440
v 0.001455516 0.036180725 0.246757774
v 0.035170231 0.036522254 0.291803293
v -0.251738368 0.006535722 0.127882703
v -0.204152095 -0.015691473 0.130259677
v -0.203570875 0.018759064 0.131008561
v -0.204152095 -0.015691473 0.130259677
v -0.251738368 0.006535722 0.127882703
v -0.248843145 -0.016310532 0.129860116
v 0.179283027 0.032850093 0.508422476
v 0.219484116 0.000123438 0.501509065
v 0.169826071 0.000120112 0.505116652
v 0.219484116 0.000123438 0.501509065
v 0.179283027 0.032850093 0.508422476
v 0.222290521 0.022885253 0.501806119
vt 0.607613981 0.312407970
vt 0.536203027 0.308075011
vt 0.582162023 0.298696995
vt 0.598887980 0.366322994
vt 0.555342972 0.387392044
vt 0.553399026 0.364956975
vt 0.555342972 0.387392044
vt 0.598887980 0.366322994
vt 0.591901004 0.395612001
vt 0.753223002 0.238463998
vt 0.707886994 0.288816988
vt 0.697028995 0.253208041
vt 0.707886994 0.288816988
vt 0.753223002 0.238463998
vt 0.742295980 0.290917993
vt 0.666806996 0.543352008
vt 0.738160014 0.512664974
vt 0.741088986 0.536864996
vt 0.738160014 0.512664974
vt 0.666806996 0.543352008
vt 0.653144002 0.514953017
vt 0.578097999 0.527913988
vt 0.666806996 0.543352008
vt 0.617923975 0.550504982
vt 0.666806996 0.543352008
vt 0.578097999 0.527913988
vt 0.653144002 0.514953017
vt 0.543474019 0.530875027
vt 0.575740993 0.570487976
vt 0.538447976 0.574256003
vt 0.575740993 0.570487976
vt 0.543474019 0.530875027
vt 0.578097999 0.527913988
vt 0.553399026 0.364956975
vt 0.513493001 0.389403999
vt 0.514567971 0.368008018
vt 0.513493001 0.389403999
vt 0.553399026 0.364956975
vt 0.555342972 0.387392044
vt 0.741088986 0.536864996
vt 0.793744028 0.514645994
vt 0.793744028 0.552130997
vt 0.793744028 0.514645994
vt 0.741088986 0.536864996
vt 0.738160014 0.512664974
vt 0.737968028 0.441998959
vt 0.793174028 0.387587011
vt 0.792064011 0.436159968
vt 0.793174028 0.387587011
vt 0.737968028 0.441998959
vt 0.734070003 0.385779023
vt 0.741088986 0.536864996
vt 0.668416977 0.571828008
vt 0.666806996 0.543352008
vt 0.668416977 0.571828008
vt 0.741088986 0.536864996
vt 0.743741989 0.571488976
vt 0.666806996 0.543352008
vt 0.620562971 0.579429984
vt 0.617923975 0.550504982
vt 0.620562971 0.579429984
vt 0.666806996 0.543352008
vt 0.668416977 0.571828008
vt 0.736979008 0.490553975
vt 0.673708975 0.444527030
vt 0.737968028 0.441998959
vt 0.649137020 0.437250018
vt 0.595350981 0.446959972
vt 0.647917986 0.382986009
vt 0.598990023 0.433920026
vt 0.552788973 0.445852995
vt 0.553619027 0.440935016
vt 0.552788973 0.445852995
vt 0.598990023 0.433920026
vt 0.595350981 0.446959972
vt 0.552788973 0.445852995
vt 0.521327019 0.436501026
vt 0.553619027 0.440935016
vt 0.521327019 0.436501026
vt 0.552788973 0.445852995
vt 0.521516979 0.440953016
vt 0.863281012 0.105113983
vt 0.843750000 0.177734017
vt 0.844237983 0.124655008
vt 0.868164003 0.168945014
vt 0.845703006 0.250977039
vt 0.843750000 0.177734017
vt 0.845703006 0.250977039
vt 0.868164003 0.168945014
vt 0.868164003 0.243164003
vt 0.928710997 0.116178989
vt 0.957031012 0.144531012
vt 0.929687023 0.157226980
vt 0.957031012 0.144531012
vt 0.928710997 0.116178989
vt 0.956054986 0.113349974
vt 0.957031012 0.144531012
vt 0.928710997 0.224609017
vt 0.929687023 0.157226980
vt 0.928710997 0.224609017
vt 0.957031012 0.144531012
vt 0.951171994 0.231445014
vt 0.906455994 0.095600009
vt 0.928710997 0.116178989
vt 0.914062023 0.124616981
vt 0.928710997 0.116178989
vt 0.906455994 0.095600009
vt 0.927734017 0.092535019
vt 0.929687023 0.157226980
vt 0.895507991 0.232421994
vt 0.893554986 0.159179986
vt 0.895507991 0.232421994
vt 0.929687023 0.157226980
vt 0.928710997 0.224609017
vt 0.885742009 0.114257991
vt 0.893554986 0.159179986
vt 0.868164003 0.168945014
vt 0.893554986 0.159179986
vt 0.868164003 0.243164003
vt 0.868164003 0.168945014
vt 0.868164003 0.243164003
vt 0.893554986 0.159179986
vt 0.895507991 0.232421994
vt 0.868164003 0.286132991
vt 0.850585997 0.393554986
vt 0.846679986 0.293945014
vt 0.850585997 0.393554986
vt 0.868164003 0.286132991
vt 0.869140983 0.390625000
vt 0.869140983 0.390625000
vt 0.849609017 0.458984017
vt 0.850585997 0.393554986
vt 0.849609017 0.458984017
vt 0.869140983 0.390625000
vt 0.871093988 0.458007991
vt 0.950195014 0.274414003
vt 0.916992009 0.369140983
vt 0.925781012 0.271484017
vt 0.916992009 0.369140983
vt 0.950195014 0.274414003
vt 0.955078006 0.381835997
vt 0.955078006 0.381835997
vt 0.910156012 0.453125000
vt 0.916992009 0.369140983
vt 0.910156012 0.453125000
vt 0.955078006 0.381835997
vt 0.951171994 0.455078006
vt 0.925781012 0.271484017
vt 0.893554986 0.381835997
vt 0.896484017 0.276367009
vt 0.893554986 0.381835997
vt 0.925781012 0.271484017
vt 0.916992009 0.369140983
vt 0.916992009 0.369140983
vt 0.890625000 0.454102039
vt 0.893554986 0.381835997
vt 0.890625000 0.454102039
vt 0.916992009 0.369140983
vt 0.910156012 0.453125000
vt 0.896484017 0.276367009
vt 0.869140983 0.390625000
vt 0.868164003 0.286132991
vt 0.869140983 0.390625000
vt 0.896484017 0.276367009
vt 0.893554986 0.381835997
vt 0.893554986 0.381835997
vt 0.871093988 0.458007991
vt 0.869140983 0.390625000
vt 0.871093988 0.458007991
vt 0.893554986 0.381835997
vt 0.890625000 0.454102039
vt 0.895507991 0.232421994
vt 0.868164003 0.286132991
vt 0.868164003 0.243164003
vt 0.868164003 0.286132991
vt 0.895507991 0.232421994
vt 0.896484017 0.276367009
vt 0.868164003 0.243164003
vt 0.846679986 0.293945014
vt 0.845703006 0.250977039
vt 0.846679986 0.293945014
vt 0.868164003 0.243164003
vt 0.868164003 0.286132991
vt 0.928710997 0.224609017
vt 0.950195014 0.274414003
vt 0.925781012 0.271484017
vt 0.950195014 0.274414003
vt 0.928710997 0.224609017
vt 0.951171994 0.231445014
vt 0.925781012 0.271484017
vt 0.895507991 0.232421994
vt 0.928710997 0.224609017
vt 0.895507991 0.232421994
vt 0.925781012 0.271484017
vt 0.896484017 0.276367009
vt 0.895507991 0.072111011
vt 0.885742009 0.114257991
vt 0.888191998 0.072624981
vt 0.888191998 0.072624981
vt 0.902343988 0.020507991
vt 0.895507991 0.072111011
vt 0.902343988 0.020507991
vt 0.888191998 0.072624981
vt 0.885742009 0.021484017
vt 0.673708975 0.444527030
vt 0.734070003 0.385779023
vt 0.737968028 0.441998959
vt 0.734070003 0.385779023
vt 0.673708975 0.444527030
vt 0.695272028 0.381792009
vt 0.697028995 0.253208041
vt 0.726718009 0.226230979
vt 0.753223002 0.238463998
vt 0.871505022 0.084971011
vt 0.858398020 0.022460997
vt 0.869140983 0.021484017
vt 0.858398020 0.022460997
vt 0.871505022 0.084971011
vt 0.861688018 0.081054986
vt 0.863281012 0.105113983
vt 0.861688018 0.081054986
vt 0.871505022 0.084971011
vt 0.707886994 0.288816988
vt 0.742295980 0.290917993
vt 0.733277977 0.326631010
vt 0.733277977 0.326631010
vt 0.793013990 0.282948971
vt 0.792899013 0.341328025
vt 0.793013990 0.282948971
vt 0.733277977 0.326631010
vt 0.742295980 0.290917993
vt 0.895507991 0.072111011
vt 0.902343988 0.020507991
vt 0.913085997 0.056640983
vt 0.906455994 0.095600009
vt 0.913085997 0.056640983
vt 0.913085997 0.081054986
vt 0.927734017 0.092535019
vt 0.940891981 0.043945014
vt 0.955078006 0.076703012
vt 0.940891981 0.043945014
vt 0.927734017 0.092535019
vt 0.927734017 0.077148020
vt 0.953125000 0.023437977
vt 0.955078006 0.076703012
vt 0.940891981 0.043945014
vt 0.607545018 0.396968007
vt 0.622389972 0.390200019
vt 0.598990023 0.433920026
vt 0.647917986 0.382986009
vt 0.661548018 0.377261996
vt 0.649137020 0.437250018
vt 0.578097999 0.527913988
vt 0.617923975 0.550504982
vt 0.575740993 0.570487976
vt 0.617923975 0.550504982
vt 0.620562971 0.579429984
vt 0.575740993 0.570487976
vt 0.726718009 0.226230979
vt 0.697028995 0.253208041
vt 0.680526018 0.231020987
vt 0.536203027 0.308075011
vt 0.500020027 0.344007015
vt 0.530339003 0.293115020
vt 0.538447976 0.574256003
vt 0.500020027 0.531394005
vt 0.543474019 0.530875027
vt 0.500020027 0.531394005
vt 0.538447976 0.574256003
vt 0.500020027 0.577425003
vt 0.793744028 0.552130997
vt 0.743741989 0.571488976
vt 0.741088986 0.536864996
vt 0.743741989 0.571488976
vt 0.793744028 0.552130997
vt 0.793744028 0.574527025
vt 0.793006003 0.254356027
vt 0.793013990 0.282948971
vt 0.742295980 0.290917993
vt 0.500020027 0.484166980
vt 0.543474019 0.530875027
vt 0.500020027 0.531394005
vt 0.543474019 0.530875027
vt 0.500020027 0.484166980
vt 0.551288009 0.483273029
vt 0.551288009 0.483273029
vt 0.578097999 0.527913988
vt 0.543474019 0.530875027
vt 0.578097999 0.527913988
vt 0.551288009 0.483273029
vt 0.583743989 0.482629001
vt 0.583743989 0.482629001
vt 0.653144002 0.514953017
vt 0.578097999 0.527913988
vt 0.653144002 0.514953017
vt 0.583743989 0.482629001
vt 0.652957022 0.490752995
vt 0.653144002 0.514953017
vt 0.736979008 0.490553975
vt 0.738160014 0.512664974
vt 0.736979008 0.490553975
vt 0.653144002 0.514953017
vt 0.652957022 0.490752995
vt 0.738160014 0.512664974
vt 0.793686986 0.491881967
vt 0.793744028 0.514645994
vt 0.793686986 0.491881967
vt 0.738160014 0.512664974
vt 0.736979008 0.490553975
vt 0.581135988 0.256965041
vt 0.584114015 0.276551008
vt 0.530339003 0.293115020
vt 0.530339003 0.293115020
vt 0.584114015 0.276551008
vt 0.582162023 0.298696995
vt 0.869140983 0.021484017
vt 0.888191998 0.072624981
vt 0.871505022 0.084971011
vt 0.888191998 0.072624981
vt 0.869140983 0.021484017
vt 0.885742009 0.021484017
vt 0.888191998 0.072624981
vt 0.863281012 0.105113983
vt 0.871505022 0.084971011
vt 0.863281012 0.105113983
vt 0.888191998 0.072624981
vt 0.885742009 0.114257991
vt 0.885742009 0.114257991
vt 0.868164003 0.168945014
vt 0.863281012 0.105113983
vt 0.893554986 0.159179986
vt 0.885742009 0.114257991
vt 0.895425975 0.108398020
vt 0.652957022 0.490752995
vt 0.649137020 0.437250018
vt 0.673708975 0.444527030
vt 0.709439993 0.328637004
vt 0.675659001 0.331773996
vt 0.701475978 0.317799985
vt 0.661548018 0.377261996
vt 0.673708975 0.444527030
vt 0.649137020 0.437250018
vt 0.673708975 0.444527030
vt 0.661548018 0.377261996
vt 0.695272028 0.381792009
vt 0.673708975 0.444527030
vt 0.736979008 0.490553975
vt 0.652957022 0.490752995
vt 0.793006003 0.254356027
vt 0.742295980 0.290917993
vt 0.753223002 0.238463998
vt 0.733277977 0.326631010
vt 0.695272028 0.381792009
vt 0.709439993 0.328637004
vt 0.695272028 0.381792009
vt 0.733277977 0.326631010
vt 0.734070003 0.385779023
vt 0.695272028 0.381792009
vt 0.675659001 0.331773996
vt 0.709439993 0.328637004
vt 0.675659001 0.331773996
vt 0.695272028 0.381792009
vt 0.661548018 0.377261996
vt 0.675659001 0.331773996
vt 0.647917986 0.382986009
vt 0.643145978 0.348610044
vt 0.647917986 0.382986009
vt 0.675659001 0.331773996
vt 0.661548018 0.377261996
vt 0.643145978 0.348610044
vt 0.622389972 0.390200019
vt 0.627256989 0.348127961
vt 0.622389972 0.390200019
vt 0.643145978 0.348610044
vt 0.647917986 0.382986009
vt 0.608308971 0.382333040
vt 0.627256989 0.348127961
vt 0.622389972 0.390200019
vt 0.627256989 0.348127961
vt 0.608308971 0.382333040
vt 0.607674003 0.338801026
vt 0.518435001 0.421985030
vt 0.555342972 0.387392044
vt 0.561214030 0.420310020
vt 0.555342972 0.387392044
vt 0.518435001 0.421985030
vt 0.513493001 0.389403999
vt 0.561214030 0.420310020
vt 0.591901004 0.395612001
vt 0.586063027 0.416527033
vt 0.591901004 0.395612001
vt 0.561214030 0.420310020
vt 0.555342972 0.387392044
vt 0.544194996 0.339758992
vt 0.607613981 0.312407970
vt 0.607674003 0.338801026
vt 0.607613981 0.312407970
vt 0.544194996 0.339758992
vt 0.536203027 0.308075011
vt 0.848632991 0.022460997
vt 0.861688018 0.081054986
vt 0.850277007 0.092405975
vt 0.861688018 0.081054986
vt 0.848632991 0.022460997
vt 0.858398020 0.022460997
vt 0.861688018 0.081054986
vt 0.863281012 0.105113983
vt 0.850277007 0.092405975
vt 0.906455994 0.095600009
vt 0.927734017 0.077148020
vt 0.927734017 0.092535019
vt 0.927734017 0.077148020
vt 0.906455994 0.095600009
vt 0.913085997 0.081054986
vt 0.500020027 0.344007015
vt 0.536203027 0.308075011
vt 0.544194996 0.339758992
vt 0.553619027 0.440935016
vt 0.586063027 0.416527033
vt 0.598990023 0.433920026
vt 0.586063027 0.416527033
vt 0.553619027 0.440935016
vt 0.561214030 0.420310020
vt 0.607545018 0.396968007
vt 0.591901004 0.395612001
vt 0.608308971 0.382333040
vt 0.608308971 0.382333040
vt 0.598887980 0.366322994
vt 0.607674003 0.338801026
vt 0.607674003 0.338801026
vt 0.553399026 0.364956975
vt 0.544194996 0.339758992
vt 0.553399026 0.364956975
vt 0.607674003 0.338801026
vt 0.598887980 0.366322994
vt 0.544194996 0.339758992
vt 0.514567971 0.368008018
vt 0.500020027 0.344007015
vt 0.507817984 0.390664995
vt 0.514567971 0.368008018
vt 0.513493001 0.389403999
vt 0.508276999 0.422407985
vt 0.513493001 0.389403999
vt 0.518435001 0.421985030
vt 0.513493001 0.389403999
vt 0.508276999 0.422407985
vt 0.507817984 0.390664995
vt 0.553619027 0.440935016
vt 0.518435001 0.421985030
vt 0.561214030 0.420310020
vt 0.591901004 0.395612001
vt 0.607545018 0.396968007
vt 0.586063027 0.416527033
vt 0.622389972 0.390200019
vt 0.607545018 0.396968007
vt 0.608308971 0.382333040
vt 0.586063027 0.416527033
vt 0.607545018 0.396968007
vt 0.598990023 0.433920026
vt 0.792064011 0.436159968
vt 0.736979008 0.490553975
vt 0.737968028 0.441998959
vt 0.736979008 0.490553975
vt 0.792064011 0.436159968
vt 0.793686986 0.491881967
vt 0.792899013 0.341328025
vt 0.734070003 0.385779023
vt 0.733277977 0.326631010
vt 0.734070003 0.385779023
vt 0.792899013 0.341328025
vt 0.793174028 0.387587011
vt 0.913085997 0.056640983
vt 0.906455994 0.095600009
vt 0.895507991 0.072111011
vt 0.843750000 0.177734017
vt 0.863281012 0.105113983
vt 0.868164003 0.168945014
vt 0.895507991 0.072111011
vt 0.906455994 0.095600009
vt 0.895425975 0.108398020
vt 0.885742009 0.114257991
vt 0.895507991 0.072111011
vt 0.895425975 0.108398020
vt 0.518435001 0.421985030
vt 0.553619027 0.440935016
vt 0.521327019 0.436501026
vt 0.507817984 0.390664995
vt 0.500020027 0.430009961
vt 0.500020027 0.391445041
vt 0.500020027 0.430009961
vt 0.507817984 0.390664995
vt 0.508276999 0.422407985
vt 0.514567971 0.368008018
vt 0.507817984 0.390664995
vt 0.500020027 0.391445041
vt 0.518435001 0.421985030
vt 0.521327019 0.436501026
vt 0.508276999 0.422407985
vt 0.514567971 0.368008018
vt 0.500020027 0.391445041
vt 0.500020027 0.344007015
vt 0.514567971 0.368008018
vt 0.544194996 0.339758992
vt 0.553399026 0.364956975
vt 0.598887980 0.366322994
vt 0.608308971 0.382333040
vt 0.591901004 0.395612001
vt 0.940891981 0.043945014
vt 0.927734017 0.077148020
vt 0.924804986 0.056640983
vt 0.863281012 0.105113983
vt 0.844237983 0.124655008
vt 0.850277007 0.092405975
vt 0.956054986 0.113349974
vt 0.927734017 0.092535019
vt 0.955078006 0.076703012
vt 0.927734017 0.092535019
vt 0.956054986 0.113349974
vt 0.928710997 0.116178989
vt 0.929687023 0.157226980
vt 0.914062023 0.124616981
vt 0.928710997 0.116178989
vt 0.906455994 0.095600009
vt 0.914062023 0.124616981
vt 0.895425975 0.108398020
vt 0.914062023 0.124616981
vt 0.893554986 0.159179986
vt 0.895425975 0.108398020
vt 0.893554986 0.159179986
vt 0.914062023 0.124616981
vt 0.929687023 0.157226980
vt 0.701475978 0.317799985
vt 0.733277977 0.326631010
vt 0.709439993 0.328637004
vt 0.733277977 0.326631010
vt 0.701475978 0.317799985
vt 0.707886994 0.288816988
vt 0.582162023 0.298696995
vt 0.536203027 0.308075011
vt 0.530339003 0.293115020
vt 0.521516979 0.440953016
vt 0.552788973 0.445852995
vt 0.551288009 0.483273029
vt 0.551288009 0.483273029
vt 0.595350981 0.446959972
vt 0.583743989 0.482629001
vt 0.595350981 0.446959972
vt 0.551288009 0.483273029
vt 0.552788973 0.445852995
vt 0.649137020 0.437250018
vt 0.583743989 0.482629001
vt 0.595350981 0.446959972
vt 0.583743989 0.482629001
vt 0.649137020 0.437250018
vt 0.652957022 0.490752995
vt 0.500020027 0.484166980
vt 0.521516979 0.440953016
vt 0.551288009 0.483273029
vt 0.521516979 0.440953016
vt 0.500020027 0.484166980
vt 0.500020027 0.430009961
vt 0.508276999 0.422407985
vt 0.521516979 0.440953016
vt 0.500020027 0.430009961
vt 0.521516979 0.440953016
vt 0.508276999 0.422407985
vt 0.521327019 0.436501026
vt 0.622389972 0.390200019
vt 0.595350981 0.446959972
vt 0.598990023 0.433920026
vt 0.595350981 0.446959972
vt 0.622389972 0.390200019
vt 0.647917986 0.382986009
vt 0.392425001 0.312407970
vt 0.417878002 0.298696995
vt 0.463836014 0.308075011
vt 0.401152015 0.366322994
vt 0.445286006 0.386250973
vt 0.408722997 0.392678022
vt 0.445286006 0.386250973
vt 0.401152015 0.366322994
vt 0.446640998 0.364956975
vt 0.246815994 0.240648031
vt 0.292151988 0.288816988
vt 0.257743001 0.290917993
vt 0.292151988 0.288816988
vt 0.246815994 0.240648031
vt 0.303011000 0.253208041
vt 0.333232999 0.543352008
vt 0.261880010 0.512664974
vt 0.346895993 0.514953017
vt 0.261880010 0.512664974
vt 0.333232999 0.543352008
vt 0.258951008 0.536864996
vt 0.421941996 0.527913988
vt 0.333232999 0.543352008
vt 0.346895993 0.514953017
vt 0.333232999 0.543352008
vt 0.421941996 0.527913988
vt 0.382115990 0.550504982
vt 0.456566006 0.530875027
vt 0.424299002 0.570487976
vt 0.421941996 0.527913988
vt 0.424299002 0.570487976
vt 0.456566006 0.530875027
vt 0.461591005 0.574256003
vt 0.446640998 0.364956975
vt 0.485523999 0.389380991
vt 0.445286006 0.386250973
vt 0.485523999 0.389380991
vt 0.446640998 0.364956975
vt 0.485471994 0.368008018
vt 0.258951008 0.536864996
vt 0.206295997 0.514645994
vt 0.261880010 0.512664974
vt 0.206295997 0.514645994
vt 0.258951008 0.536864996
vt 0.206295997 0.552130997
vt 0.262071997 0.441998959
vt 0.206865996 0.387587011
vt 0.265969008 0.385779023
vt 0.206865996 0.387587011
vt 0.262071997 0.441998959
vt 0.207975000 0.436159968
vt 0.258951008 0.536864996
vt 0.331622988 0.571828008
vt 0.256298006 0.571488976
vt 0.331622988 0.571828008
vt 0.258951008 0.536864996
vt 0.333232999 0.543352008
vt 0.333232999 0.543352008
vt 0.379476994 0.579429984
vt 0.331622988 0.571828008
vt 0.379476994 0.579429984
vt 0.333232999 0.543352008
vt 0.382115990 0.550504982
vt 0.263060004 0.490553975
vt 0.262071997 0.441998959
vt 0.326330990 0.444527030
vt 0.350901991 0.437250018
vt 0.352122009 0.382986009
vt 0.404689014 0.446959972
vt 0.401048988 0.433920026
vt 0.447250992 0.445852995
vt 0.404689014 0.446959972
vt 0.447250992 0.445852995
vt 0.401048988 0.433920026
vt 0.446420997 0.440935016
vt 0.447250992 0.445852995
vt 0.478713006 0.436501026
vt 0.478522986 0.440953016
vt 0.478713006 0.436501026
vt 0.447250992 0.445852995
vt 0.446420997 0.440935016
vt 0.136758000 0.105113983
vt 0.155800998 0.124655008
vt 0.156289995 0.177734017
vt 0.131876007 0.168945014
vt 0.154337004 0.250977039
vt 0.131876007 0.243164003
vt 0.154337004 0.250977039
vt 0.131876007 0.168945014
vt 0.156289995 0.177734017
vt 0.071328998 0.116178989
vt 0.043008000 0.144531012
vt 0.043985002 0.113349974
vt 0.043008000 0.144531012
vt 0.071328998 0.116178989
vt 0.070352003 0.157226980
vt 0.043008000 0.144531012
vt 0.071328998 0.224609017
vt 0.048868001 0.231445014
vt 0.071328998 0.224609017
vt 0.043008000 0.144531012
vt 0.070352003 0.157226980
vt 0.093584001 0.095600009
vt 0.071328998 0.116178989
vt 0.072305001 0.092535019
vt 0.071328998 0.116178989
vt 0.093584001 0.095600009
vt 0.085977003 0.124616981
vt 0.070352003 0.157226980
vt 0.104532003 0.232421994
vt 0.071328998 0.224609017
vt 0.104532003 0.232421994
vt 0.070352003 0.157226980
vt 0.106485002 0.159179986
vt 0.114298001 0.114257991
vt 0.131876007 0.168945014
vt 0.106485002 0.159179986
vt 0.106485002 0.159179986
vt 0.131876007 0.243164003
vt 0.104532003 0.232421994
vt 0.131876007 0.243164003
vt 0.106485002 0.159179986
vt 0.131876007 0.168945014
vt 0.131876007 0.286132991
vt 0.149453998 0.393554986
vt 0.130898997 0.390625000
vt 0.149453998 0.393554986
vt 0.131876007 0.286132991
vt 0.153359994 0.293945014
vt 0.130898997 0.390625000
vt 0.150429994 0.458984017
vt 0.128946006 0.458007991
vt 0.150429994 0.458984017
vt 0.130898997 0.390625000
vt 0.149453998 0.393554986
vt 0.049844000 0.274414003
vt 0.083048001 0.369140983
vt 0.044962000 0.381835997
vt 0.083048001 0.369140983
vt 0.049844000 0.274414003
vt 0.074258000 0.271484017
vt 0.044962000 0.381835997
vt 0.089883000 0.453125000
vt 0.048868001 0.455078006
vt 0.089883000 0.453125000
vt 0.044962000 0.381835997
vt 0.083048001 0.369140983
vt 0.074258000 0.271484017
vt 0.106485002 0.381835997
vt 0.083048001 0.369140983
vt 0.106485002 0.381835997
vt 0.074258000 0.271484017
vt 0.103555001 0.276367009
vt 0.083048001 0.369140983
vt 0.109415002 0.454102039
vt 0.089883000 0.453125000
vt 0.109415002 0.454102039
vt 0.083048001 0.369140983
vt 0.106485002 0.381835997
vt 0.103555001 0.276367009
vt 0.130898997 0.390625000
vt 0.106485002 0.381835997
vt 0.130898997 0.390625000
vt 0.103555001 0.276367009
vt 0.131876007 0.286132991
vt 0.106485002 0.381835997
vt 0.128946006 0.458007991
vt 0.109415002 0.454102039
vt 0.128946006 0.458007991
vt 0.106485002 0.381835997
vt 0.130898997 0.390625000
vt 0.104532003 0.232421994
vt 0.131876007 0.286132991
vt 0.103555001 0.276367009
vt 0.131876007 0.286132991
vt 0.104532003 0.232421994
vt 0.131876007 0.243164003
vt 0.131876007 0.243164003
vt 0.153359994 0.293945014
vt 0.131876007 0.286132991
vt 0.153359994 0.293945014
vt 0.131876007 0.243164003
vt 0.154337004 0.250977039
vt 0.071328998 0.224609017
vt 0.049844000 0.274414003
vt 0.048868001 0.231445014
vt 0.049844000 0.274414003
vt 0.071328998 0.224609017
vt 0.074258000 0.271484017
vt 0.074258000 0.271484017
vt 0.104532003 0.232421994
vt 0.103555001 0.276367009
vt 0.104532003 0.232421994
vt 0.074258000 0.271484017
vt 0.071328998 0.224609017
vt 0.104532003 0.072111011
vt 0.111846998 0.072624981
vt 0.114298001 0.114257991
vt 0.111846998 0.072624981
vt 0.097695999 0.020507991
vt 0.114298001 0.021484017
vt 0.097695999 0.020507991
vt 0.111846998 0.072624981
vt 0.104532003 0.072111011
vt 0.326330990 0.444527030
vt 0.265969008 0.385779023
vt 0.304767013 0.381792009
vt 0.265969008 0.385779023
vt 0.326330990 0.444527030
vt 0.262071997 0.441998959
vt 0.303011000 0.253208041
vt 0.246815994 0.240648031
vt 0.273321003 0.228215992
vt 0.128535002 0.084971011
vt 0.141641006 0.022460997
vt 0.138352007 0.081054986
vt 0.141641006 0.022460997
vt 0.128535002 0.084971011
vt 0.130898997 0.021484017
vt 0.136758000 0.105113983
vt 0.128535002 0.084971011
vt 0.138352007 0.081054986
vt 0.292151988 0.288816988
vt 0.266761988 0.326631010
vt 0.257743001 0.290917993
vt 0.266761988 0.326631010
vt 0.207026005 0.282948971
vt 0.257743001 0.290917993
vt 0.207026005 0.282948971
vt 0.266761988 0.326631010
vt 0.207139999 0.341328025
vt 0.104532003 0.072111011
vt 0.086953998 0.056640983
vt 0.097695999 0.020507991
vt 0.093584001 0.095600009
vt 0.086953998 0.081054986
vt 0.086953998 0.056640983
vt 0.072305001 0.092535019
vt 0.059147999 0.043945014
vt 0.072305001 0.077148020
vt 0.059147999 0.043945014
vt 0.072305001 0.092535019
vt 0.044962000 0.076703012
vt 0.046914998 0.023437977
vt 0.059147999 0.043945014
vt 0.044962000 0.076703012
vt 0.392495006 0.396968007
vt 0.401048988 0.433920026
vt 0.377649009 0.390200019
vt 0.352122009 0.382986009
vt 0.350901991 0.437250018
vt 0.338492006 0.377261996
vt 0.421941996 0.527913988
vt 0.424299002 0.570487976
vt 0.382115990 0.550504982
vt 0.382115990 0.550504982
vt 0.424299002 0.570487976
vt 0.379476994 0.579429984
vt 0.273321003 0.228215992
vt 0.319514006 0.231020987
vt 0.303011000 0.253208041
vt 0.463836014 0.308075011
vt 0.467880011 0.297829986
vt 0.500020027 0.344007015
vt 0.461591005 0.574256003
vt 0.500020027 0.531394005
vt 0.500020027 0.577425003
vt 0.500020027 0.531394005
vt 0.461591005 0.574256003
vt 0.456566006 0.530875027
vt 0.206295997 0.552130997
vt 0.256298006 0.571488976
vt 0.206295997 0.574527025
vt 0.256298006 0.571488976
vt 0.206295997 0.552130997
vt 0.258951008 0.536864996
vt 0.207032993 0.254356027
vt 0.257743001 0.290917993
vt 0.207026005 0.282948971
vt 0.500020027 0.484166980
vt 0.456566006 0.530875027
vt 0.448751986 0.483273029
vt 0.456566006 0.530875027
vt 0.500020027 0.484166980
vt 0.500020027 0.531394005
vt 0.448751986 0.483273029
vt 0.421941996 0.527913988
vt 0.416294992 0.482629001
vt 0.421941996 0.527913988
vt 0.448751986 0.483273029
vt 0.456566006 0.530875027
vt 0.416294992 0.482629001
vt 0.346895993 0.514953017
vt 0.347081989 0.490752995
vt 0.346895993 0.514953017
vt 0.416294992 0.482629001
vt 0.421941996 0.527913988
vt 0.346895993 0.514953017
vt 0.263060004 0.490553975
vt 0.347081989 0.490752995
vt 0.263060004 0.490553975
vt 0.346895993 0.514953017
vt 0.261880010 0.512664974
vt 0.261880010 0.512664974
vt 0.206352994 0.491881967
vt 0.263060004 0.490553975
vt 0.206352994 0.491881967
vt 0.261880010 0.512664974
vt 0.206295997 0.514645994
vt 0.415926009 0.277790010
vt 0.467880011 0.297829986
vt 0.415926009 0.277790010
vt 0.467880011 0.297829986
vt 0.417878002 0.298696995
vt 0.415926009 0.277790010
vt 0.130898997 0.021484017
vt 0.111846998 0.072624981
vt 0.114298001 0.021484017
vt 0.111846998 0.072624981
vt 0.130898997 0.021484017
vt 0.128535002 0.084971011
vt 0.136758000 0.105113983
vt 0.111846998 0.072624981
vt 0.128535002 0.084971011
vt 0.111846998 0.072624981
vt 0.136758000 0.105113983
vt 0.114298001 0.114257991
vt 0.114298001 0.114257991
vt 0.136758000 0.105113983
vt 0.131876007 0.168945014
vt 0.106485002 0.159179986
vt 0.104613997 0.108398020
vt 0.114298001 0.114257991
vt 0.347081989 0.490752995
vt 0.326330990 0.444527030
vt 0.350901991 0.437250018
vt 0.290598989 0.328637004
vt 0.298563987 0.317799985
vt 0.324380994 0.331773996
vt 0.338492006 0.377261996
vt 0.326330990 0.444527030
vt 0.304767013 0.381792009
vt 0.326330990 0.444527030
vt 0.338492006 0.377261996
vt 0.350901991 0.437250018
vt 0.326330990 0.444527030
vt 0.347081989 0.490752995
vt 0.263060004 0.490553975
vt 0.207032993 0.254356027
vt 0.246815994 0.240648031
vt 0.257743001 0.290917993
vt 0.266761988 0.326631010
vt 0.304767013 0.381792009
vt 0.265969008 0.385779023
vt 0.304767013 0.381792009
vt 0.266761988 0.326631010
vt 0.290598989 0.328637004
vt 0.304767013 0.381792009
vt 0.324380994 0.331773996
vt 0.338492006 0.377261996
vt 0.324380994 0.331773996
vt 0.304767013 0.381792009
vt 0.290598989 0.328637004
vt 0.324380994 0.331773996
vt 0.352122009 0.382986009
vt 0.338492006 0.377261996
vt 0.352122009 0.382986009
vt 0.324380994 0.331773996
vt 0.356893986 0.348610044
vt 0.356893986 0.348610044
vt 0.377649009 0.390200019
vt 0.352122009 0.382986009
vt 0.377649009 0.390200019
vt 0.356893986 0.348610044
vt 0.372781992 0.348127961
vt 0.391730011 0.382333040
vt 0.372781992 0.348127961
vt 0.392365992 0.338801026
vt 0.372781992 0.348127961
vt 0.391730011 0.382333040
vt 0.377649009 0.390200019
vt 0.481996000 0.421867013
vt 0.445286006 0.386250973
vt 0.485523999 0.389380991
vt 0.445286006 0.386250973
vt 0.481996000 0.421867013
vt 0.438753009 0.422096014
vt 0.438753009 0.422096014
vt 0.408722997 0.392678022
vt 0.445286006 0.386250973
vt 0.408722997 0.392678022
vt 0.438753009 0.422096014
vt 0.413928002 0.418336034
vt 0.455844015 0.339758992
vt 0.392425001 0.312407970
vt 0.463836014 0.308075011
vt 0.392425001 0.312407970
vt 0.455844015 0.339758992
vt 0.392365992 0.338801026
vt 0.151407003 0.022460997
vt 0.138352007 0.081054986
vt 0.141641006 0.022460997
vt 0.138352007 0.081054986
vt 0.151407003 0.022460997
vt 0.149762005 0.092405975
vt 0.138352007 0.081054986
vt 0.149762005 0.092405975
vt 0.136758000 0.105113983
vt 0.093584001 0.095600009
vt 0.072305001 0.077148020
vt 0.086953998 0.081054986
vt 0.072305001 0.077148020
vt 0.093584001 0.095600009
vt 0.072305001 0.092535019
vt 0.500020027 0.344007015
vt 0.455844015 0.339758992
vt 0.463836014 0.308075011
vt 0.446420997 0.440935016
vt 0.413928002 0.418336034
vt 0.438753009 0.422096014
vt 0.413928002 0.418336034
vt 0.446420997 0.440935016
vt 0.401048988 0.433920026
vt 0.392495006 0.396968007
vt 0.391730011 0.382333040
vt 0.408722997 0.392678022
vt 0.391730011 0.382333040
vt 0.392365992 0.338801026
vt 0.401152015 0.366322994
vt 0.392365992 0.338801026
vt 0.446640998 0.364956975
vt 0.401152015 0.366322994
vt 0.446640998 0.364956975
vt 0.392365992 0.338801026
vt 0.455844015 0.339758992
vt 0.455844015 0.339758992
vt 0.500020027 0.344007015
vt 0.485471994 0.368008018
vt 0.492222011 0.390664995
vt 0.485523999 0.389380991
vt 0.485471994 0.368008018
vt 0.491762996 0.422407985
vt 0.485523999 0.389380991
vt 0.492222011 0.390664995
vt 0.485523999 0.389380991
vt 0.491762996 0.422407985
vt 0.481996000 0.421867013
vt 0.446420997 0.440935016
vt 0.438753009 0.422096014
vt 0.481996000 0.421867013
vt 0.408722997 0.392678022
vt 0.413928002 0.418336034
vt 0.392495006 0.396968007
vt 0.377649009 0.390200019
vt 0.391730011 0.382333040
vt 0.392495006 0.396968007
vt 0.413928002 0.418336034
vt 0.401048988 0.433920026
vt 0.392495006 0.396968007
vt 0.207975000 0.436159968
vt 0.263060004 0.490553975
vt 0.206352994 0.491881967
vt 0.263060004 0.490553975
vt 0.207975000 0.436159968
vt 0.262071997 0.441998959
vt 0.207139999 0.341328025
vt 0.265969008 0.385779023
vt 0.206865996 0.387587011
vt 0.265969008 0.385779023
vt 0.207139999 0.341328025
vt 0.266761988 0.326631010
vt 0.086953998 0.056640983
vt 0.104532003 0.072111011
vt 0.093584001 0.095600009
vt 0.156289995 0.177734017
vt 0.131876007 0.168945014
vt 0.136758000 0.105113983
vt 0.104532003 0.072111011
vt 0.104613997 0.108398020
vt 0.093584001 0.095600009
vt 0.114298001 0.114257991
vt 0.104613997 0.108398020
vt 0.104532003 0.072111011
vt 0.481996000 0.421867013
vt 0.478713006 0.436501026
vt 0.446420997 0.440935016
vt 0.492222011 0.390664995
vt 0.500020027 0.430009961
vt 0.491762996 0.422407985
vt 0.500020027 0.430009961
vt 0.492222011 0.390664995
vt 0.500020027 0.391445041
vt 0.485471994 0.368008018
vt 0.500020027 0.391445041
vt 0.492222011 0.390664995
vt 0.481996000 0.421867013
vt 0.491762996 0.422407985
vt 0.478713006 0.436501026
vt 0.485471994 0.368008018
vt 0.500020027 0.344007015
vt 0.500020027 0.391445041
vt 0.485471994 0.368008018
vt 0.446640998 0.364956975
vt 0.455844015 0.339758992
vt 0.401152015 0.366322994
vt 0.408722997 0.392678022
vt 0.391730011 0.382333040
vt 0.059147999 0.043945014
vt 0.075235002 0.056640983
vt 0.072305001 0.077148020
vt 0.136758000 0.105113983
vt 0.149762005 0.092405975
vt 0.155800998 0.124655008
vt 0.043985002 0.113349974
vt 0.072305001 0.092535019
vt 0.071328998 0.116178989
vt 0.072305001 0.092535019
vt 0.043985002 0.113349974
vt 0.044962000 0.076703012
vt 0.070352003 0.157226980
vt 0.071328998 0.116178989
vt 0.085977003 0.124616981
vt 0.093584001 0.095600009
vt 0.104613997 0.108398020
vt 0.085977003 0.124616981
vt 0.085977003 0.124616981
vt 0.106485002 0.159179986
vt 0.070352003 0.157226980
vt 0.106485002 0.159179986
vt 0.085977003 0.124616981
vt 0.104613997 0.108398020
vt 0.298563987 0.317799985
vt 0.266761988 0.326631010
vt 0.292151988 0.288816988
vt 0.266761988 0.326631010
vt 0.298563987 0.317799985
vt 0.290598989 0.328637004
vt 0.417878002 0.298696995
vt 0.467880011 0.297829986
vt 0.463836014 0.308075011
vt 0.478522986 0.440953016
vt 0.448751986 0.483273029
vt 0.447250992 0.445852995
vt 0.448751986 0.483273029
vt 0.404689014 0.446959972
vt 0.447250992 0.445852995
vt 0.404689014 0.446959972
vt 0.448751986 0.483273029
vt 0.416294992 0.482629001
vt 0.350901991 0.437250018
vt 0.416294992 0.482629001
vt 0.347081989 0.490752995
vt 0.416294992 0.482629001
vt 0.350901991 0.437250018
vt 0.404689014 0.446959972
vt 0.500020027 0.484166980
vt 0.448751986 0.483273029
vt 0.478522986 0.440953016
vt 0.478522986 0.440953016
vt 0.500020027 0.430009961
vt 0.500020027 0.484166980
vt 0.491762996 0.422407985
vt 0.478522986 0.440953016
vt 0.478713006 0.436501026
vt 0.478522986 0.440953016
vt 0.491762996 0.422407985
vt 0.500020027 0.430009961
vt 0.377649009 0.390200019
vt 0.404689014 0.446959972
vt 0.352122009 0.382986009
vt 0.404689014 0.446959972
vt 0.377649009 0.390200019
vt 0.401048988 0.433920026
vt 0.424299002 0.570487976
vt 0.331622988 0.571828008
vt 0.379476994 0.579429984
vt 0.424299002 0.570487976
vt 0.256298006 0.571488976
vt 0.331622988 0.571828008
vt 0.461591005 0.574256003
vt 0.256298006 0.571488976
vt 0.424299002 0.570487976
vt 0.461591005 0.574256003
vt 0.206295997 0.574527025
vt 0.256298006 0.571488976
vt 0.668416977 0.571828008
vt 0.575740993 0.570487976
vt 0.620562971 0.579429984
vt 0.743741989 0.571488976
vt 0.575740993 0.570487976
vt 0.668416977 0.571828008
vt 0.743741989 0.571488976
vt 0.538447976 0.574256003
vt 0.575740993 0.570487976
vt 0.206295997 0.574527025
vt 0.538447976 0.574256003
vt 0.743741989 0.571488976
vt 0.206295997 0.574527025
vt 0.500020027 0.577425003
vt 0.538447976 0.574256003
vt 0.461591005 0.574256003
vt 0.500020027 0.577425003
vt 0.206295997 0.574527025
vt 0.207032993 0.254356027
vt 0.238876998 0.268757999
vt 0.246815994 0.240648031
vt 0.246815994 0.240648031
vt 0.266016990 0.252318978
vt 0.273321003 0.228215992
vt 0.415926009 0.277790010
vt 0.429919988 0.302873969
vt 0.467880011 0.297829986
vt 0.467880011 0.297829986
vt 0.472306013 0.333081007
vt 0.500020027 0.344007015
vt 0.530339003 0.293115020
vt 0.500020027 0.344007015
vt 0.524932027 0.334006011
vt 0.793006003 0.254356027
vt 0.753223002 0.238463998
vt 0.756350994 0.273648024
vt 0.726718009 0.226230979
vt 0.722249985 0.259737015
vt 0.753223002 0.238463998
vt 0.530339003 0.293115020
vt 0.562551975 0.289718032
vt 0.581135988 0.256965041
vt 0.089883000 0.453125000
vt 0.128946006 0.458007991
vt 0.150429994 0.458984017
vt 0.128946006 0.458007991
vt 0.089883000 0.453125000
vt 0.109415002 0.454102039
vt 0.871093988 0.458007991
vt 0.910156012 0.453125000
vt 0.849609017 0.458984017
vt 0.910156012 0.453125000
vt 0.871093988 0.458007991
vt 0.890625000 0.454102039
vn 0.098624485 -0.974039001 0.203767600
vn -0.052275784 -0.894625997 0.443747190
vn -0.154306912 -0.791875975 0.590865312
vn 0.699045071 -0.709228507 0.091273841
vn 0.356106063 -0.932744582 -0.056356150
vn 0.264212371 -0.929515316 0.257280199
vn 0.356106063 -0.932744582 -0.056356150
vn 0.699045071 -0.709228507 0.091273841
vn 0.802554876 -0.588049577 -0.100515498
vn -0.174254597 -0.029950399 0.984245045
vn 0.337322636 0.796677448 0.501516184
vn -0.004508669 0.112613020 0.993628693
vn 0.337322636 0.796677448 0.501516184
vn -0.174254597 -0.029950399 0.984245045
vn 0.037464074 0.834660072 0.549489770
vn 0.763546824 0.617567967 0.188695667
vn 0.241972578 0.908797371 0.339906766
vn 0.182210778 0.959166451 0.216330656
vn 0.241972578 0.908797371 0.339906766
vn 0.763546824 0.617567967 0.188695667
vn 0.779456228 0.508811312 0.365457300
vn 0.945968051 -0.207085458 0.249519656
vn 0.763546824 0.617567967 0.188695667
vn 0.988092935 0.080408904 0.131174541
vn 0.763546824 0.617567967 0.188695667
vn 0.945968051 -0.207085458 0.249519656
vn 0.779456228 0.508811312 0.365457300
vn 0.562801365 -0.824068335 0.064544588
vn 0.512335124 -0.332552727 -0.791783685
vn 0.299298827 -0.291495227 -0.908543199
vn 0.512335124 -0.332552727 -0.791783685
vn 0.562801365 -0.824068335 0.064544588
vn 0.945968051 -0.207085458 0.249519656
vn 0.264212371 -0.929515316 0.257280199
vn -0.022170198 -0.999744864 0.004323217
vn 0.009368076 -0.973220701 0.229681752
vn -0.022170198 -0.999744864 0.004323217
vn 0.264212371 -0.929515316 0.257280199
vn 0.356106063 -0.932744582 -0.056356150
vn 0.182210778 0.959166451 0.216330656
vn -0.205453735 0.958697129 0.196694120
vn -0.204744889 0.956247280 0.208975285
vn -0.205453735 0.958697129 0.196694120
vn 0.182210778 0.959166451 0.216330656
vn 0.241972578 0.908797371 0.339906766
vn 0.114754450 0.989033470 0.092974247
vn -0.059205000 0.998224739 -0.006491428
vn -0.123114304 0.977209384 0.172929721
vn -0.059205000 0.998224739 -0.006491428
vn 0.114754450 0.989033470 0.092974247
vn 0.050889535 0.997862474 -0.040996812
vn 0.182210778 0.959166451 0.216330656
vn 0.604961215 0.672244995 -0.426741837
vn 0.763546824 0.617567967 0.188695667
vn 0.604961215 0.672244995 -0.426741837
vn 0.182210778 0.959166451 0.216330656
vn 0.073204139 0.399295434 -0.913895131
vn 0.763546824 0.617567967 0.188695667
vn 0.926368228 0.288670885 -0.241890524
vn 0.988092935 0.080408904 0.131174541
vn 0.926368228 0.288670885 -0.241890524
vn 0.763546824 0.617567967 0.188695667
vn 0.604961215 0.672244995 -0.426741837
vn 0.279749746 0.932179034 0.229744048
vn 0.619060919 0.776293838 -0.118875800
vn 0.114754450 0.989033470 0.092974247
vn 0.974597487 0.172782462 -0.142498982
vn 0.956113527 -0.244880148 -0.160874597
vn 0.974298969 -0.046696397 -0.220365526
vn 0.844181168 -0.110669605 -0.524509671
vn 0.602663136 -0.761031904 -0.240057462
vn 0.280082003 -0.448049417 -0.849002822
vn 0.602663136 -0.761031904 -0.240057462
vn 0.844181168 -0.110669605 -0.524509671
vn 0.956113527 -0.244880148 -0.160874597
vn 0.602663136 -0.761031904 -0.240057462
vn -0.110171734 -0.659544569 -0.743547679
vn 0.280082003 -0.448049417 -0.849002822
vn -0.110171734 -0.659544569 -0.743547679
vn 0.602663136 -0.761031904 -0.240057462
vn 0.226911719 -0.956745372 -0.182069672
vn -0.773206849 0.468903628 0.426943270
vn -0.571516519 -0.755862082 0.319439169
vn -0.679802034 -0.732380077 -0.038582602
vn -0.362548074 0.773560451 0.519772184
vn -0.820782238 -0.327234165 0.468224645
vn -0.571516519 -0.755862082 0.319439169
vn -0.820782238 -0.327234165 0.468224645
vn -0.362548074 0.773560451 0.519772184
vn -0.305306445 0.914722981 0.264707087
vn -0.105880720 -0.898325138 -0.426381542
vn -0.571516519 -0.755862082 0.319439169
vn 0.591605948 -0.656610985 -0.467829473
vn -0.571516519 -0.755862082 0.319439169
vn -0.105880720 -0.898325138 -0.426381542
vn -0.679802034 -0.732380077 -0.038582602
vn -0.571516519 -0.755862082 0.319439169
vn 0.194766098 -0.944257747 -0.265411896
vn 0.591605948 -0.656610985 -0.467829473
vn 0.194766098 -0.944257747 -0.265411896
vn -0.571516519 -0.755862082 0.319439169
vn -0.820782238 -0.327234165 0.468224645
vn 0.674793376 0.697460959 -0.241251136
vn -0.105880720 -0.898325138 -0.426381542
vn 0.715828439 -0.025727676 -0.697802073
vn -0.105880720 -0.898325138 -0.426381542
vn 0.674793376 0.697460959 -0.241251136
vn 0.531111043 -0.611839561 -0.586151356
vn 0.591605948 -0.656610985 -0.467829473
vn 0.849252312 0.391348613 -0.354424568
vn 0.684888578 0.669997550 -0.286410402
vn 0.849252312 0.391348613 -0.354424568
vn 0.591605948 -0.656610985 -0.467829473
vn 0.194766098 -0.944257747 -0.265411896
vn 0.065629414 0.988181805 -0.138526168
vn 0.684888578 0.669997550 -0.286410402
vn -0.362548074 0.773560451 0.519772184
vn 0.684888578 0.669997550 -0.286410402
vn -0.305306445 0.914722981 0.264707087
vn -0.362548074 0.773560451 0.519772184
vn -0.305306445 0.914722981 0.264707087
vn 0.684888578 0.669997550 -0.286410402
vn 0.849252312 0.391348613 -0.354424568
vn -0.626458010 0.768838709 0.128208427
vn -0.797087499 -0.576875504 0.178510984
vn -0.638106016 -0.769825243 0.013777038
vn -0.797087499 -0.576875504 0.178510984
vn -0.626458010 0.768838709 0.128208427
vn -0.304649052 0.925429079 0.225321935
vn -0.304649052 0.925429079 0.225321935
vn -0.781546274 -0.350913907 0.515795358
vn -0.797087499 -0.576875504 0.178510984
vn -0.781546274 -0.350913907 0.515795358
vn -0.304649052 0.925429079 0.225321935
vn 0.003740637 0.815110455 0.579293495
vn -0.638106016 -0.769825243 0.013777038
vn 0.372736846 -0.926959877 0.042574997
vn 0.719042845 -0.679732480 -0.144710552
vn 0.372736846 -0.926959877 0.042574997
vn -0.638106016 -0.769825243 0.013777038
vn -0.797087499 -0.576875504 0.178510984
vn -0.797087499 -0.576875504 0.178510984
vn 0.205323903 -0.856852006 0.472913031
vn 0.372736846 -0.926959877 0.042574997
vn 0.205323903 -0.856852006 0.472913031
vn -0.797087499 -0.576875504 0.178510984
vn -0.781546274 -0.350913907 0.515795358
vn 0.719042845 -0.679732480 -0.144710552
vn 0.817305463 0.573079053 0.059934791
vn 0.706808163 0.707200161 0.017033873
vn 0.817305463 0.573079053 0.059934791
vn 0.719042845 -0.679732480 -0.144710552
vn 0.372736846 -0.926959877 0.042574997
vn 0.372736846 -0.926959877 0.042574997
vn 0.869951276 0.408047176 0.276915652
vn 0.817305463 0.573079053 0.059934791
vn 0.869951276 0.408047176 0.276915652
vn 0.372736846 -0.926959877 0.042574997
vn 0.205323903 -0.856852006 0.472913031
vn 0.706808163 0.707200161 0.017033873
vn -0.304649052 0.925429079 0.225321935
vn -0.626458010 0.768838709 0.128208427
vn -0.304649052 0.925429079 0.225321935
vn 0.706808163 0.707200161 0.017033873
vn 0.817305463 0.573079053 0.059934791
vn 0.817305463 0.573079053 0.059934791
vn 0.003740637 0.815110455 0.579293495
vn -0.304649052 0.925429079 0.225321935
vn 0.003740637 0.815110455 0.579293495
vn 0.817305463 0.573079053 0.059934791
vn 0.869951276 0.408047176 0.276915652
vn 0.849252312 0.391348613 -0.354424568
vn -0.626458010 0.768838709 0.128208427
vn -0.305306445 0.914722981 0.264707087
vn -0.626458010 0.768838709 0.128208427
vn 0.849252312 0.391348613 -0.354424568
vn 0.706808163 0.707200161 0.017033873
vn -0.305306445 0.914722981 0.264707087
vn -0.638106016 -0.769825243 0.013777038
vn -0.820782238 -0.327234165 0.468224645
vn -0.638106016 -0.769825243 0.013777038
vn -0.305306445 0.914722981 0.264707087
vn -0.626458010 0.768838709 0.128208427
vn 0.194766098 -0.944257747 -0.265411896
vn -0.638106016 -0.769825243 0.013777038
vn 0.719042845 -0.679732480 -0.144710552
vn -0.638106016 -0.769825243 0.013777038
vn 0.194766098 -0.944257747 -0.265411896
vn -0.820782238 -0.327234165 0.468224645
vn 0.719042845 -0.679732480 -0.144710552
vn 0.849252312 0.391348613 -0.354424568
vn 0.194766098 -0.944257747 -0.265411896
vn 0.849252312 0.391348613 -0.354424568
vn 0.719042845 -0.679732480 -0.144710552
vn 0.706808163 0.707200161 0.017033873
vn 0.180566578 0.853730231 0.488405983
vn 0.065629414 0.988181805 -0.138526168
vn -0.333525631 -0.091054939 0.938333444
vn -0.333525631 -0.091054939 0.938333444
vn -0.004508669 0.112613020 0.993628693
vn 0.180566578 0.853730231 0.488405983
vn -0.004508669 0.112613020 0.993628693
vn -0.333525631 -0.091054939 0.938333444
vn -0.068639373 -0.524872090 0.848409056
vn 0.619060919 0.776293838 -0.118875800
vn 0.050889535 0.997862474 -0.040996812
vn 0.114754450 0.989033470 0.092974247
vn 0.050889535 0.997862474 -0.040996812
vn 0.619060919 0.776293838 -0.118875800
vn 0.523814996 0.844099545 -0.114515534
vn -0.004508669 0.112613020 0.993628693
vn -0.442826665 -0.424766044 0.789606454
vn -0.174254597 -0.029950399 0.984245045
vn 0.332353956 -0.821964948 0.462508889
vn 0.098624485 -0.974039001 0.203767600
vn -0.154306912 -0.791875975 0.590865312
vn 0.098624485 -0.974039001 0.203767600
vn 0.332353956 -0.821964948 0.462508889
vn 0.791580338 -0.610381722 -0.028891557
vn -0.773206849 0.468903628 0.426943270
vn 0.791580338 -0.610381722 -0.028891557
vn 0.332353956 -0.821964948 0.462508889
vn 0.337322636 0.796677448 0.501516184
vn 0.037464074 0.834660072 0.549489770
vn 0.127674730 0.981933172 0.139665350
vn 0.127674730 0.981933172 0.139665350
vn -0.033775961 0.935707387 0.351156476
vn -0.033198785 0.997930841 0.055062480
vn -0.033775961 0.935707387 0.351156476
vn 0.127674730 0.981933172 0.139665350
vn 0.037464074 0.834660072 0.549489770
vn 0.180566578 0.853730231 0.488405983
vn -0.004508669 0.112613020 0.993628693
vn 0.337322636 0.796677448 0.501516184
vn 0.674793376 0.697460959 -0.241251136
vn 0.337322636 0.796677448 0.501516184
vn 0.541379610 0.827688499 0.147783172
vn 0.531111043 -0.611839561 -0.586151356
vn 0.899304663 -0.179907178 -0.398603223
vn 0.702772231 -0.610700411 -0.364905740
vn 0.899304663 -0.179907178 -0.398603223
vn 0.531111043 -0.611839561 -0.586151356
vn 0.910635052 0.168248971 -0.377407057
vn 0.676324851 -0.733108641 -0.071668791
vn 0.702772231 -0.610700411 -0.364905740
vn 0.899304663 -0.179907178 -0.398603223
vn 0.961244950 -0.212319829 -0.175864824
vn 0.988611595 0.009591119 -0.150183639
vn 0.844181168 -0.110669605 -0.524509671
vn 0.974298969 -0.046696397 -0.220365526
vn 0.904772380 0.327310048 -0.272497840
vn 0.974597487 0.172782462 -0.142498982
vn 0.945968051 -0.207085458 0.249519656
vn 0.988092935 0.080408904 0.131174541
vn 0.512335124 -0.332552727 -0.791783685
vn 0.988092935 0.080408904 0.131174541
vn 0.926368228 0.288670885 -0.241890524
vn 0.512335124 -0.332552727 -0.791783685
vn -0.442826665 -0.424766044 0.789606454
vn -0.004508669 0.112613020 0.993628693
vn -0.068639373 -0.524872090 0.848409056
vn -0.052275784 -0.894625997 0.443747190
vn 0.047931041 -0.851277937 0.522521282
vn -0.427937033 -0.679250202 0.596229032
vn 0.299298827 -0.291495227 -0.908543199
vn 0.200567688 -0.976114712 0.083502521
vn 0.562801365 -0.824068335 0.064544588
vn 0.200567688 -0.976114712 0.083502521
vn 0.299298827 -0.291495227 -0.908543199
vn 0.099227834 -0.319844143 -0.942259816
vn -0.204744889 0.956247280 0.208975285
vn 0.073204139 0.399295434 -0.913895131
vn 0.182210778 0.959166451 0.216330656
vn 0.073204139 0.399295434 -0.913895131
vn -0.204744889 0.956247280 0.208975285
vn 0.005378007 0.143410469 -0.989648682
vn 0.009323933 0.221024254 0.975223740
vn -0.033775961 0.935707387 0.351156476
vn 0.037464074 0.834660072 0.549489770
vn 0.162738551 -0.985133805 -0.055023182
vn 0.562801365 -0.824068335 0.064544588
vn 0.200567688 -0.976114712 0.083502521
vn 0.562801365 -0.824068335 0.064544588
vn 0.162738551 -0.985133805 -0.055023182
vn 0.644676442 -0.763747079 -0.032904173
vn 0.644676442 -0.763747079 -0.032904173
vn 0.945968051 -0.207085458 0.249519656
vn 0.562801365 -0.824068335 0.064544588
vn 0.945968051 -0.207085458 0.249519656
vn 0.644676442 -0.763747079 -0.032904173
vn 0.991197829 -0.066222876 0.114635921
vn 0.991197829 -0.066222876 0.114635921
vn 0.779456228 0.508811312 0.365457300
vn 0.945968051 -0.207085458 0.249519656
vn 0.779456228 0.508811312 0.365457300
vn 0.991197829 -0.066222876 0.114635921
vn 0.853087760 0.517090101 0.069707253
vn 0.779456228 0.508811312 0.365457300
vn 0.279749746 0.932179034 0.229744048
vn 0.241972578 0.908797371 0.339906766
vn 0.279749746 0.932179034 0.229744048
vn 0.779456228 0.508811312 0.365457300
vn 0.853087760 0.517090101 0.069707253
vn 0.241972578 0.908797371 0.339906766
vn -0.170362640 0.942667751 0.286974009
vn -0.205453735 0.958697129 0.196694120
vn -0.170362640 0.942667751 0.286974009
vn 0.241972578 0.908797371 0.339906766
vn 0.279749746 0.932179034 0.229744048
vn -0.442826665 -0.424766044 0.789606454
vn -0.068639373 -0.524872090 0.848409056
vn -0.427937033 -0.679250202 0.596229032
vn -0.427937033 -0.679250202 0.596229032
vn -0.068639373 -0.524872090 0.848409056
vn -0.154306912 -0.791875975 0.590865312
vn -0.154306912 -0.791875975 0.590865312
vn -0.333525631 -0.091054939 0.938333444
vn 0.332353956 -0.821964948 0.462508889
vn -0.333525631 -0.091054939 0.938333444
vn -0.154306912 -0.791875975 0.590865312
vn -0.068639373 -0.524872090 0.848409056
vn -0.333525631 -0.091054939 0.938333444
vn -0.773206849 0.468903628 0.426943270
vn 0.332353956 -0.821964948 0.462508889
vn -0.773206849 0.468903628 0.426943270
vn -0.333525631 -0.091054939 0.938333444
vn 0.065629414 0.988181805 -0.138526168
vn 0.065629414 0.988181805 -0.138526168
vn -0.362548074 0.773560451 0.519772184
vn -0.773206849 0.468903628 0.426943270
vn 0.684888578 0.669997550 -0.286410402
vn 0.065629414 0.988181805 -0.138526168
vn 0.393171913 0.761189940 -0.515757426
vn 0.853087760 0.517090101 0.069707253
vn 0.974597487 0.172782462 -0.142498982
vn 0.619060919 0.776293838 -0.118875800
vn 0.546186340 0.837560210 0.013167271
vn 0.910635052 0.168248971 -0.377407057
vn 0.541379610 0.827688499 0.147783172
vn 0.904772380 0.327310048 -0.272497840
vn 0.619060919 0.776293838 -0.118875800
vn 0.974597487 0.172782462 -0.142498982
vn 0.619060919 0.776293838 -0.118875800
vn 0.904772380 0.327310048 -0.272497840
vn 0.523814996 0.844099545 -0.114515534
vn 0.619060919 0.776293838 -0.118875800
vn 0.279749746 0.932179034 0.229744048
vn 0.853087760 0.517090101 0.069707253
vn 0.009323933 0.221024254 0.975223740
vn 0.037464074 0.834660072 0.549489770
vn -0.174254597 -0.029950399 0.984245045
vn 0.127674730 0.981933172 0.139665350
vn 0.523814996 0.844099545 -0.114515534
vn 0.546186340 0.837560210 0.013167271
vn 0.523814996 0.844099545 -0.114515534
vn 0.127674730 0.981933172 0.139665350
vn 0.050889535 0.997862474 -0.040996812
vn 0.523814996 0.844099545 -0.114515534
vn 0.910635052 0.168248971 -0.377407057
vn 0.546186340 0.837560210 0.013167271
vn 0.910635052 0.168248971 -0.377407057
vn 0.523814996 0.844099545 -0.114515534
vn 0.904772380 0.327310048 -0.272497840
vn 0.910635052 0.168248971 -0.377407057
vn 0.974298969 -0.046696397 -0.220365526
vn 0.973850404 -0.098058271 -0.204938932
vn 0.974298969 -0.046696397 -0.220365526
vn 0.910635052 0.168248971 -0.377407057
vn 0.904772380 0.327310048 -0.272497840
vn 0.973850404 -0.098058271 -0.204938932
vn 0.988611595 0.009591119 -0.150183639
vn 0.899304663 -0.179907178 -0.398603223
vn 0.988611595 0.009591119 -0.150183639
vn 0.973850404 -0.098058271 -0.204938932
vn 0.974298969 -0.046696397 -0.220365526
vn 0.948739592 -0.312756857 -0.045566821
vn 0.899304663 -0.179907178 -0.398603223
vn 0.988611595 0.009591119 -0.150183639
vn 0.899304663 -0.179907178 -0.398603223
vn 0.948739592 -0.312756857 -0.045566821
vn 0.676324851 -0.733108641 -0.071668791
vn -0.014273529 -0.918866540 -0.394310219
vn 0.356106063 -0.932744582 -0.056356150
vn 0.431437704 -0.828810943 -0.356277881
vn 0.356106063 -0.932744582 -0.056356150
vn -0.014273529 -0.918866540 -0.394310219
vn -0.022170198 -0.999744864 0.004323217
vn 0.431437704 -0.828810943 -0.356277881
vn 0.802554876 -0.588049577 -0.100515498
vn 0.811053232 -0.386925369 -0.438727039
vn 0.802554876 -0.588049577 -0.100515498
vn 0.431437704 -0.828810943 -0.356277881
vn 0.356106063 -0.932744582 -0.056356150
vn 0.151873618 -0.934484914 0.321981910
vn 0.098624485 -0.974039001 0.203767600
vn 0.676324851 -0.733108641 -0.071668791
vn 0.098624485 -0.974039001 0.203767600
vn 0.151873618 -0.934484914 0.321981910
vn -0.052275784 -0.894625997 0.443747190
vn 0.676324851 -0.733108641 -0.071668791
vn 0.791580338 -0.610381722 -0.028891557
vn 0.702772231 -0.610700411 -0.364905740
vn 0.791580338 -0.610381722 -0.028891557
vn 0.676324851 -0.733108641 -0.071668791
vn 0.098624485 -0.974039001 0.203767600
vn 0.791580338 -0.610381722 -0.028891557
vn -0.773206849 0.468903628 0.426943270
vn 0.702772231 -0.610700411 -0.364905740
vn 0.674793376 0.697460959 -0.241251136
vn 0.910635052 0.168248971 -0.377407057
vn 0.531111043 -0.611839561 -0.586151356
vn 0.910635052 0.168248971 -0.377407057
vn 0.674793376 0.697460959 -0.241251136
vn 0.541379610 0.827688499 0.147783172
vn 0.047931041 -0.851277937 0.522521282
vn -0.052275784 -0.894625997 0.443747190
vn 0.151873618 -0.934484914 0.321981910
vn 0.280082003 -0.448049417 -0.849002822
vn 0.811053232 -0.386925369 -0.438727039
vn 0.844181168 -0.110669605 -0.524509671
vn 0.811053232 -0.386925369 -0.438727039
vn 0.280082003 -0.448049417 -0.849002822
vn 0.431437704 -0.828810943 -0.356277881
vn 0.961244950 -0.212319829 -0.175864824
vn 0.802554876 -0.588049577 -0.100515498
vn 0.948739592 -0.312756857 -0.045566821
vn 0.948739592 -0.312756857 -0.045566821
vn 0.699045071 -0.709228507 0.091273841
vn 0.676324851 -0.733108641 -0.071668791
vn 0.676324851 -0.733108641 -0.071668791
vn 0.264212371 -0.929515316 0.257280199
vn 0.151873618 -0.934484914 0.321981910
vn 0.264212371 -0.929515316 0.257280199
vn 0.676324851 -0.733108641 -0.071668791
vn 0.699045071 -0.709228507 0.091273841
vn 0.151873618 -0.934484914 0.321981910
vn 0.009368076 -0.973220701 0.229681752
vn 0.047931041 -0.851277937 0.522521282
vn -0.109080021 -0.990617611 -0.082330424
vn 0.009368076 -0.973220701 0.229681752
vn -0.022170198 -0.999744864 0.004323217
vn -0.155008517 -0.920292140 -0.359214053
vn -0.022170198 -0.999744864 0.004323217
vn -0.014273529 -0.918866540 -0.394310219
vn -0.022170198 -0.999744864 0.004323217
vn -0.155008517 -0.920292140 -0.359214053
vn -0.109080021 -0.990617611 -0.082330424
vn 0.280082003 -0.448049417 -0.849002822
vn -0.014273529 -0.918866540 -0.394310219
vn 0.431437704 -0.828810943 -0.356277881
vn 0.802554876 -0.588049577 -0.100515498
vn 0.961244950 -0.212319829 -0.175864824
vn 0.811053232 -0.386925369 -0.438727039
vn 0.988611595 0.009591119 -0.150183639
vn 0.961244950 -0.212319829 -0.175864824
vn 0.948739592 -0.312756857 -0.045566821
vn 0.811053232 -0.386925369 -0.438727039
vn 0.961244950 -0.212319829 -0.175864824
vn 0.844181168 -0.110669605 -0.524509671
vn -0.123114304 0.977209384 0.172929721
vn 0.279749746 0.932179034 0.229744048
vn 0.114754450 0.989033470 0.092974247
vn 0.279749746 0.932179034 0.229744048
vn -0.123114304 0.977209384 0.172929721
vn -0.170362640 0.942667751 0.286974009
vn -0.033198785 0.997930841 0.055062480
vn 0.050889535 0.997862474 -0.040996812
vn 0.127674730 0.981933172 0.139665350
vn 0.050889535 0.997862474 -0.040996812
vn -0.033198785 0.997930841 0.055062480
vn -0.059205000 0.998224739 -0.006491428
vn 0.337322636 0.796677448 0.501516184
vn 0.674793376 0.697460959 -0.241251136
vn 0.180566578 0.853730231 0.488405983
vn -0.571516519 -0.755862082 0.319439169
vn -0.773206849 0.468903628 0.426943270
vn -0.362548074 0.773560451 0.519772184
vn 0.180566578 0.853730231 0.488405983
vn 0.674793376 0.697460959 -0.241251136
vn 0.393171913 0.761189940 -0.515757426
vn 0.065629414 0.988181805 -0.138526168
vn 0.180566578 0.853730231 0.488405983
vn 0.393171913 0.761189940 -0.515757426
vn -0.014273529 -0.918866540 -0.394310219
vn 0.280082003 -0.448049417 -0.849002822
vn -0.110171734 -0.659544569 -0.743547679
vn -0.109080021 -0.990617611 -0.082330424
vn 0.036914878 -0.974101992 -0.223075325
vn 0.038365194 -0.995049571 0.091675863
vn 0.036914878 -0.974101992 -0.223075325
vn -0.109080021 -0.990617611 -0.082330424
vn -0.155008517 -0.920292140 -0.359214053
vn 0.009368076 -0.973220701 0.229681752
vn -0.109080021 -0.990617611 -0.082330424
vn 0.038365194 -0.995049571 0.091675863
vn -0.014273529 -0.918866540 -0.394310219
vn -0.110171734 -0.659544569 -0.743547679
vn -0.155008517 -0.920292140 -0.359214053
vn 0.009368076 -0.973220701 0.229681752
vn 0.038365194 -0.995049571 0.091675863
vn 0.047931041 -0.851277937 0.522521282
vn 0.009368076 -0.973220701 0.229681752
vn 0.151873618 -0.934484914 0.321981910
vn 0.264212371 -0.929515316 0.257280199
vn 0.699045071 -0.709228507 0.091273841
vn 0.948739592 -0.312756857 -0.045566821
vn 0.802554876 -0.588049577 -0.100515498
vn 0.899304663 -0.179907178 -0.398603223
vn 0.910635052 0.168248971 -0.377407057
vn 0.973850404 -0.098058271 -0.204938932
vn -0.773206849 0.468903628 0.426943270
vn -0.679802034 -0.732380077 -0.038582602
vn 0.702772231 -0.610700411 -0.364905740
vn -0.679802034 -0.732380077 -0.038582602
vn 0.531111043 -0.611839561 -0.586151356
vn 0.702772231 -0.610700411 -0.364905740
vn 0.531111043 -0.611839561 -0.586151356
vn -0.679802034 -0.732380077 -0.038582602
vn -0.105880720 -0.898325138 -0.426381542
vn 0.591605948 -0.656610985 -0.467829473
vn 0.715828439 -0.025727676 -0.697802073
vn -0.105880720 -0.898325138 -0.426381542
vn 0.674793376 0.697460959 -0.241251136
vn 0.715828439 -0.025727676 -0.697802073
vn 0.393171913 0.761189940 -0.515757426
vn 0.715828439 -0.025727676 -0.697802073
vn 0.684888578 0.669997550 -0.286410402
vn 0.393171913 0.761189940 -0.515757426
vn 0.684888578 0.669997550 -0.286410402
vn 0.715828439 -0.025727676 -0.697802073
vn 0.591605948 -0.656610985 -0.467829473
vn 0.541379610 0.827688499 0.147783172
vn 0.127674730 0.981933172 0.139665350
vn 0.546186340 0.837560210 0.013167271
vn 0.127674730 0.981933172 0.139665350
vn 0.541379610 0.827688499 0.147783172
vn 0.337322636 0.796677448 0.501516184
vn -0.154306912 -0.791875975 0.590865312
vn -0.052275784 -0.894625997 0.443747190
vn -0.427937033 -0.679250202 0.596229032
vn 0.226911719 -0.956745372 -0.182069672
vn 0.602663136 -0.761031904 -0.240057462
vn 0.644676442 -0.763747079 -0.032904173
vn 0.644676442 -0.763747079 -0.032904173
vn 0.956113527 -0.244880148 -0.160874597
vn 0.991197829 -0.066222876 0.114635921
vn 0.956113527 -0.244880148 -0.160874597
vn 0.644676442 -0.763747079 -0.032904173
vn 0.602663136 -0.761031904 -0.240057462
vn 0.974597487 0.172782462 -0.142498982
vn 0.991197829 -0.066222876 0.114635921
vn 0.956113527 -0.244880148 -0.160874597
vn 0.991197829 -0.066222876 0.114635921
vn 0.974597487 0.172782462 -0.142498982
vn 0.853087760 0.517090101 0.069707253
vn 0.162738551 -0.985133805 -0.055023182
vn 0.226911719 -0.956745372 -0.182069672
vn 0.644676442 -0.763747079 -0.032904173
vn 0.226911719 -0.956745372 -0.182069672
vn 0.162738551 -0.985133805 -0.055023182
vn 0.036914878 -0.974101992 -0.223075325
vn -0.155008517 -0.920292140 -0.359214053
vn 0.226911719 -0.956745372 -0.182069672
vn 0.036914878 -0.974101992 -0.223075325
vn 0.226911719 -0.956745372 -0.182069672
vn -0.155008517 -0.920292140 -0.359214053
vn -0.110171734 -0.659544569 -0.743547679
vn 0.988611595 0.009591119 -0.150183639
vn 0.956113527 -0.244880148 -0.160874597
vn 0.844181168 -0.110669605 -0.524509671
vn 0.956113527 -0.244880148 -0.160874597
vn 0.988611595 0.009591119 -0.150183639
vn 0.974298969 -0.046696397 -0.220365526
vn 0.170282027 -0.980694755 0.096134433
vn 0.289449784 -0.777386468 0.558470324
vn 0.153774212 -0.886780460 0.435859964
vn -0.639105594 -0.756396312 0.139314967
vn -0.292754311 -0.955615960 -0.033061308
vn -0.764349850 -0.643280809 -0.044261799
vn -0.292754311 -0.955615960 -0.033061308
vn -0.639105594 -0.756396312 0.139314967
vn -0.179089249 -0.945140955 0.273195199
vn 0.079507022 -0.000038078 0.996834305
vn -0.419691026 0.629710760 0.653700086
vn -0.157119968 0.804394314 0.572942496
vn -0.419691026 0.629710760 0.653700086
vn 0.079507022 -0.000038078 0.996834305
vn -0.149639038 0.015824922 0.988614045
vn -0.919998525 0.191422970 0.341994094
vn -0.583319202 0.733302227 0.349294363
vn -0.912282316 0.178167999 0.368777899
vn -0.583319202 0.733302227 0.349294363
vn -0.919998525 0.191422970 0.341994094
vn -0.503164303 0.817363001 0.280612560
vn -0.783792751 -0.546057796 0.295786758
vn -0.919998525 0.191422970 0.341994094
vn -0.912282316 0.178167999 0.368777899
vn -0.919998525 0.191422970 0.341994094
vn -0.783792751 -0.546057796 0.295786758
vn -0.878828624 -0.390425726 0.274277236
vn -0.156862758 -0.981511130 0.109681252
vn -0.291618637 -0.442698310 -0.847924983
vn -0.783792751 -0.546057796 0.295786758
vn -0.291618637 -0.442698310 -0.847924983
vn -0.156862758 -0.981511130 0.109681252
vn -0.055231601 -0.379155585 -0.923683124
vn -0.179089249 -0.945140955 0.273195199
vn 0.092668901 -0.995696959 0.000200360
vn -0.292754311 -0.955615960 -0.033061308
vn 0.092668901 -0.995696959 0.000200360
vn -0.179089249 -0.945140955 0.273195199
vn 0.075564818 -0.970887376 0.227305217
vn -0.503164303 0.817363001 0.280612560
vn -0.205453735 0.958697129 0.196694120
vn -0.583319202 0.733302227 0.349294363
vn -0.205453735 0.958697129 0.196694120
vn -0.503164303 0.817363001 0.280612560
vn -0.204744889 0.956247280 0.208975285
vn -0.284656349 0.958233413 0.027558836
vn -0.059205000 0.998224739 -0.006491428
vn -0.145939097 0.985430209 -0.087344627
vn -0.059205000 0.998224739 -0.006491428
vn -0.284656349 0.958233413 0.027558836
vn -0.123114304 0.977209384 0.172929721
vn -0.503164303 0.817363001 0.280612560
vn -0.762750593 0.362438399 -0.535583737
vn -0.177281360 0.357671585 -0.916865506
vn -0.762750593 0.362438399 -0.535583737
vn -0.503164303 0.817363001 0.280612560
vn -0.919998525 0.191422970 0.341994094
vn -0.919998525 0.191422970 0.341994094
vn -0.972437649 -0.215184003 -0.089782313
vn -0.762750593 0.362438399 -0.535583737
vn -0.972437649 -0.215184003 -0.089782313
vn -0.919998525 0.191422970 0.341994094
vn -0.878828624 -0.390425726 0.274277236
vn -0.544975216 0.819598242 0.176807059
vn -0.284656349 0.958233413 0.027558836
vn -0.760033937 0.635596701 -0.135518439
vn -0.995813046 -0.029440271 -0.086542755
vn -0.983276386 -0.133022353 -0.124388916
vn -0.896259236 -0.430881205 -0.105170188
vn -0.858205650 -0.161034750 -0.487391908
vn -0.483353429 -0.869123496 -0.104851378
vn -0.896259236 -0.430881205 -0.105170188
vn -0.483353429 -0.869123496 -0.104851378
vn -0.858205650 -0.161034750 -0.487391908
vn -0.310725684 -0.486909363 -0.816314169
vn -0.483353429 -0.869123496 -0.104851378
vn 0.056613003 -0.865587787 -0.497546733
vn -0.012808147 -0.993155311 -0.116096856
vn 0.056613003 -0.865587787 -0.497546733
vn -0.483353429 -0.869123496 -0.104851378
vn -0.310725684 -0.486909363 -0.816314169
vn 0.002238707 -0.715689870 -0.698414632
vn -0.147837443 0.586411647 -0.796407855
vn -0.270639937 0.732107798 -0.625117747
vn -0.301473632 -0.772801117 -0.558472992
vn -0.551295521 -0.110908939 -0.826905349
vn 0.208101149 -0.956000208 0.206778902
vn -0.551295521 -0.110908939 -0.826905349
vn -0.301473632 -0.772801117 -0.558472992
vn -0.270639937 0.732107798 -0.625117747
vn -0.122687769 0.984768715 0.123200203
vn -0.270639937 0.732107798 -0.625117747
vn -0.147837443 0.586411647 -0.796407855
vn -0.270639937 0.732107798 -0.625117747
vn -0.122687769 0.984768715 0.123200203
vn -0.064357898 0.643769502 0.762508288
vn -0.270639937 0.732107798 -0.625117747
vn -0.335277531 0.834379053 0.437493512
vn -0.551295521 -0.110908939 -0.826905349
vn -0.335277531 0.834379053 0.437493512
vn -0.270639937 0.732107798 -0.625117747
vn -0.064357898 0.643769502 0.762508288
vn -0.428671908 0.590923017 0.683410845
vn -0.122687769 0.984768715 0.123200203
vn -0.471542228 0.687366897 -0.552426173
vn -0.122687769 0.984768715 0.123200203
vn -0.428671908 0.590923017 0.683410845
vn 0.283731346 0.046778492 0.957762129
vn -0.064357898 0.643769502 0.762508288
vn -0.415926514 -0.378710108 0.826791261
vn -0.335277531 0.834379053 0.437493512
vn -0.415926514 -0.378710108 0.826791261
vn -0.064357898 0.643769502 0.762508288
vn 0.052226190 -0.641259902 0.765544357
vn 0.202679619 -0.943592347 0.261829057
vn -0.301473632 -0.772801117 -0.558472992
vn 0.052226190 -0.641259902 0.765544357
vn 0.052226190 -0.641259902 0.765544357
vn 0.208101149 -0.956000208 0.206778902
vn -0.415926514 -0.378710108 0.826791261
vn 0.208101149 -0.956000208 0.206778902
vn 0.052226190 -0.641259902 0.765544357
vn -0.301473632 -0.772801117 -0.558472992
vn 0.819672724 -0.553047429 0.149248675
vn 0.648758963 0.745435671 -0.153093005
vn 0.562493917 -0.826420214 -0.025104234
vn 0.648758963 0.745435671 -0.153093005
vn 0.819672724 -0.553047429 0.149248675
vn 0.414498478 0.908256561 0.057105441
vn 0.562493917 -0.826420214 -0.025104234
vn 0.745852848 0.490133931 -0.451078993
vn 0.298352216 -0.845271333 -0.443285832
vn 0.745852848 0.490133931 -0.451078993
vn 0.562493917 -0.826420214 -0.025104234
vn 0.648758963 0.745435671 -0.153093005
vn 0.414498478 0.908256561 0.057105441
vn -0.581656087 0.777129827 -0.240302786
vn 0.648758963 0.745435671 -0.153093005
vn -0.581656087 0.777129827 -0.240302786
vn 0.414498478 0.908256561 0.057105441
vn -0.875397282 0.481063966 0.047508521
vn 0.648758963 0.745435671 -0.153093005
vn -0.320778424 0.711490172 -0.625206316
vn 0.745852848 0.490133931 -0.451078993
vn -0.320778424 0.711490172 -0.625206316
vn 0.648758963 0.745435671 -0.153093005
vn -0.581656087 0.777129827 -0.240302786
vn -0.875397282 0.481063966 0.047508521
vn -0.622013361 -0.779016918 -0.078943140
vn -0.581656087 0.777129827 -0.240302786
vn -0.622013361 -0.779016918 -0.078943140
vn -0.875397282 0.481063966 0.047508521
vn -0.502674327 -0.861666272 0.069640202
vn -0.581656087 0.777129827 -0.240302786
vn -0.685932046 -0.646179553 -0.334588125
vn -0.320778424 0.711490172 -0.625206316
vn -0.685932046 -0.646179553 -0.334588125
vn -0.581656087 0.777129827 -0.240302786
vn -0.622013361 -0.779016918 -0.078943140
vn -0.502674327 -0.861666272 0.069640202
vn 0.562493917 -0.826420214 -0.025104234
vn -0.622013361 -0.779016918 -0.078943140
vn 0.562493917 -0.826420214 -0.025104234
vn -0.502674327 -0.861666272 0.069640202
vn 0.819672724 -0.553047429 0.149248675
vn -0.622013361 -0.779016918 -0.078943140
vn 0.298352216 -0.845271333 -0.443285832
vn -0.685932046 -0.646179553 -0.334588125
vn 0.298352216 -0.845271333 -0.443285832
vn -0.622013361 -0.779016918 -0.078943140
vn 0.562493917 -0.826420214 -0.025104234
vn -0.415926514 -0.378710108 0.826791261
vn 0.819672724 -0.553047429 0.149248675
vn -0.502674327 -0.861666272 0.069640202
vn 0.819672724 -0.553047429 0.149248675
vn -0.415926514 -0.378710108 0.826791261
vn 0.208101149 -0.956000208 0.206778902
vn 0.208101149 -0.956000208 0.206778902
vn 0.414498478 0.908256561 0.057105441
vn 0.819672724 -0.553047429 0.149248675
vn 0.414498478 0.908256561 0.057105441
vn 0.208101149 -0.956000208 0.206778902
vn -0.551295521 -0.110908939 -0.826905349
vn -0.335277531 0.834379053 0.437493512
vn 0.414498478 0.908256561 0.057105441
vn -0.551295521 -0.110908939 -0.826905349
vn 0.414498478 0.908256561 0.057105441
vn -0.335277531 0.834379053 0.437493512
vn -0.875397282 0.481063966 0.047508521
vn -0.875397282 0.481063966 0.047508521
vn -0.415926514 -0.378710108 0.826791261
vn -0.502674327 -0.861666272 0.069640202
vn -0.415926514 -0.378710108 0.826791261
vn -0.875397282 0.481063966 0.047508521
vn -0.335277531 0.834379053 0.437493512
vn -0.345651992 0.142423699 0.927491343
vn 0.080156739 -0.727080082 0.681857354
vn 0.202679619 -0.943592347 0.261829057
vn 0.080156739 -0.727080082 0.681857354
vn -0.149639038 0.015824922 0.988614045
vn 0.075984592 -0.529706716 0.844770464
vn -0.149639038 0.015824922 0.988614045
vn 0.080156739 -0.727080082 0.681857354
vn -0.345651992 0.142423699 0.927491343
vn -0.760033937 0.635596701 -0.135518439
vn -0.145939097 0.985430209 -0.087344627
vn -0.551357949 0.824594211 -0.126683859
vn -0.145939097 0.985430209 -0.087344627
vn -0.760033937 0.635596701 -0.135518439
vn -0.284656349 0.958233413 0.027558836
vn -0.149639038 0.015824922 0.988614045
vn 0.079507022 -0.000038078 0.996834305
vn 0.406885303 -0.410970485 0.815811014
vn 0.051850842 -0.954315408 0.294267893
vn 0.170282027 -0.980694755 0.096134433
vn 0.181694628 -0.857512557 -0.481309958
vn 0.170282027 -0.980694755 0.096134433
vn 0.051850842 -0.954315408 0.294267893
vn 0.289449784 -0.777386468 0.558470324
vn 0.002238707 -0.715689870 -0.698414632
vn 0.051850842 -0.954315408 0.294267893
vn 0.181694628 -0.857512557 -0.481309958
vn -0.419691026 0.629710760 0.653700086
vn -0.164276881 0.969165228 0.183662373
vn -0.157119968 0.804394314 0.572942496
vn -0.164276881 0.969165228 0.183662373
vn -0.033775961 0.935707387 0.351156476
vn -0.157119968 0.804394314 0.572942496
vn -0.033775961 0.935707387 0.351156476
vn -0.164276881 0.969165228 0.183662373
vn -0.033198785 0.997930841 0.055062480
vn -0.345651992 0.142423699 0.927491343
vn -0.419691026 0.629710760 0.653700086
vn -0.149639038 0.015824922 0.988614045
vn -0.428671908 0.590923017 0.683410845
vn -0.532993658 0.769398157 0.352057151
vn -0.419691026 0.629710760 0.653700086
vn -0.471542228 0.687366897 -0.552426173
vn -0.883042029 -0.065384553 -0.464716726
vn -0.944720127 0.220698229 -0.242479224
vn -0.883042029 -0.065384553 -0.464716726
vn -0.471542228 0.687366897 -0.552426173
vn -0.070584423 -0.061235497 -0.995624454
vn -0.474029792 -0.860907822 -0.184752480
vn -0.883042029 -0.065384553 -0.464716726
vn -0.070584423 -0.061235497 -0.995624454
vn -0.954056147 -0.279831642 -0.107103314
vn -0.858205650 -0.161034750 -0.487391908
vn -0.991539186 -0.044720628 -0.121861017
vn -0.983276386 -0.133022353 -0.124388916
vn -0.995813046 -0.029440271 -0.086542755
vn -0.951357504 0.239862334 -0.193351907
vn -0.783792751 -0.546057796 0.295786758
vn -0.291618637 -0.442698310 -0.847924983
vn -0.878828624 -0.390425726 0.274277236
vn -0.878828624 -0.390425726 0.274277236
vn -0.291618637 -0.442698310 -0.847924983
vn -0.972437649 -0.215184003 -0.089782313
vn 0.406885303 -0.410970485 0.815811014
vn 0.075984592 -0.529706716 0.844770464
vn -0.149639038 0.015824922 0.988614045
vn 0.153774212 -0.886780460 0.435859964
vn 0.495512201 -0.654027449 0.571590548
vn 0.047931041 -0.851277937 0.522521282
vn -0.055231601 -0.379155585 -0.923683124
vn 0.200567688 -0.976114712 0.083502521
vn 0.099227834 -0.319844143 -0.942259816
vn 0.200567688 -0.976114712 0.083502521
vn -0.055231601 -0.379155585 -0.923683124
vn -0.156862758 -0.981511130 0.109681252
vn -0.204744889 0.956247280 0.208975285
vn -0.177281360 0.357671585 -0.916865506
vn 0.005378007 0.143410469 -0.989648682
vn -0.177281360 0.357671585 -0.916865506
vn -0.204744889 0.956247280 0.208975285
vn -0.503164303 0.817363001 0.280612560
vn 0.009323933 0.221024254 0.975223740
vn -0.157119968 0.804394314 0.572942496
vn -0.033775961 0.935707387 0.351156476
vn 0.162738551 -0.985133805 -0.055023182
vn -0.156862758 -0.981511130 0.109681252
vn -0.383905502 -0.922187792 0.046757254
vn -0.156862758 -0.981511130 0.109681252
vn 0.162738551 -0.985133805 -0.055023182
vn 0.200567688 -0.976114712 0.083502521
vn -0.383905502 -0.922187792 0.046757254
vn -0.783792751 -0.546057796 0.295786758
vn -0.918578627 -0.360418280 0.162209649
vn -0.783792751 -0.546057796 0.295786758
vn -0.383905502 -0.922187792 0.046757254
vn -0.156862758 -0.981511130 0.109681252
vn -0.918578627 -0.360418280 0.162209649
vn -0.912282316 0.178167999 0.368777899
vn -0.967036851 0.246173904 0.065100981
vn -0.912282316 0.178167999 0.368777899
vn -0.918578627 -0.360418280 0.162209649
vn -0.783792751 -0.546057796 0.295786758
vn -0.912282316 0.178167999 0.368777899
vn -0.544975216 0.819598242 0.176807059
vn -0.967036851 0.246173904 0.065100981
vn -0.544975216 0.819598242 0.176807059
vn -0.912282316 0.178167999 0.368777899
vn -0.583319202 0.733302227 0.349294363
vn -0.583319202 0.733302227 0.349294363
vn -0.170362640 0.942667751 0.286974009
vn -0.544975216 0.819598242 0.176807059
vn -0.170362640 0.942667751 0.286974009
vn -0.583319202 0.733302227 0.349294363
vn -0.205453735 0.958697129 0.196694120
vn 0.406885303 -0.410970485 0.815811014
vn 0.495512201 -0.654027449 0.571590548
vn 0.075984592 -0.529706716 0.844770464
vn 0.495512201 -0.654027449 0.571590548
vn 0.289449784 -0.777386468 0.558470324
vn 0.075984592 -0.529706716 0.844770464
vn 0.289449784 -0.777386468 0.558470324
vn 0.080156739 -0.727080082 0.681857354
vn 0.075984592 -0.529706716 0.844770464
vn 0.080156739 -0.727080082 0.681857354
vn 0.289449784 -0.777386468 0.558470324
vn 0.051850842 -0.954315408 0.294267893
vn 0.002238707 -0.715689870 -0.698414632
vn 0.080156739 -0.727080082 0.681857354
vn 0.051850842 -0.954315408 0.294267893
vn 0.080156739 -0.727080082 0.681857354
vn 0.002238707 -0.715689870 -0.698414632
vn 0.202679619 -0.943592347 0.261829057
vn 0.202679619 -0.943592347 0.261829057
vn 0.002238707 -0.715689870 -0.698414632
vn -0.301473632 -0.772801117 -0.558472992
vn 0.052226190 -0.641259902 0.765544357
vn 0.116053528 -0.194107651 0.974091268
vn 0.202679619 -0.943592347 0.261829057
vn -0.967036851 0.246173904 0.065100981
vn -0.760033937 0.635596701 -0.135518439
vn -0.995813046 -0.029440271 -0.086542755
vn -0.515390501 0.850485173 0.105107573
vn -0.532993658 0.769398157 0.352057151
vn -0.944720127 0.220698229 -0.242479224
vn -0.951357504 0.239862334 -0.193351907
vn -0.760033937 0.635596701 -0.135518439
vn -0.551357949 0.824594211 -0.126683859
vn -0.760033937 0.635596701 -0.135518439
vn -0.951357504 0.239862334 -0.193351907
vn -0.995813046 -0.029440271 -0.086542755
vn -0.760033937 0.635596701 -0.135518439
vn -0.967036851 0.246173904 0.065100981
vn -0.544975216 0.819598242 0.176807059
vn 0.009323933 0.221024254 0.975223740
vn 0.079507022 -0.000038078 0.996834305
vn -0.157119968 0.804394314 0.572942496
vn -0.164276881 0.969165228 0.183662373
vn -0.551357949 0.824594211 -0.126683859
vn -0.145939097 0.985430209 -0.087344627
vn -0.551357949 0.824594211 -0.126683859
vn -0.164276881 0.969165228 0.183662373
vn -0.515390501 0.850485173 0.105107573
vn -0.551357949 0.824594211 -0.126683859
vn -0.944720127 0.220698229 -0.242479224
vn -0.951357504 0.239862334 -0.193351907
vn -0.944720127 0.220698229 -0.242479224
vn -0.551357949 0.824594211 -0.126683859
vn -0.515390501 0.850485173 0.105107573
vn -0.944720127 0.220698229 -0.242479224
vn -0.983276386 -0.133022353 -0.124388916
vn -0.951357504 0.239862334 -0.193351907
vn -0.983276386 -0.133022353 -0.124388916
vn -0.944720127 0.220698229 -0.242479224
vn -0.983929661 -0.081517163 -0.158862750
vn -0.983929661 -0.081517163 -0.158862750
vn -0.991539186 -0.044720628 -0.121861017
vn -0.983276386 -0.133022353 -0.124388916
vn -0.991539186 -0.044720628 -0.121861017
vn -0.983929661 -0.081517163 -0.158862750
vn -0.883042029 -0.065384553 -0.464716726
vn -0.923248653 -0.383876867 0.015826413
vn -0.883042029 -0.065384553 -0.464716726
vn -0.474029792 -0.860907822 -0.184752480
vn -0.883042029 -0.065384553 -0.464716726
vn -0.923248653 -0.383876867 0.015826413
vn -0.991539186 -0.044720628 -0.121861017
vn 0.050574877 -0.916580712 -0.396638348
vn -0.292754311 -0.955615960 -0.033061308
vn 0.092668901 -0.995696959 0.000200360
vn -0.292754311 -0.955615960 -0.033061308
vn 0.050574877 -0.916580712 -0.396638348
vn -0.396494365 -0.857994509 -0.326554192
vn -0.396494365 -0.857994509 -0.326554192
vn -0.764349850 -0.643280809 -0.044261799
vn -0.292754311 -0.955615960 -0.033061308
vn -0.764349850 -0.643280809 -0.044261799
vn -0.396494365 -0.857994509 -0.326554192
vn -0.811171061 -0.444106744 -0.380487463
vn -0.055644856 -0.941958491 0.331085867
vn 0.170282027 -0.980694755 0.096134433
vn 0.153774212 -0.886780460 0.435859964
vn 0.170282027 -0.980694755 0.096134433
vn -0.055644856 -0.941958491 0.331085867
vn -0.474029792 -0.860907822 -0.184752480
vn -0.474029792 -0.860907822 -0.184752480
vn 0.181694628 -0.857512557 -0.481309958
vn 0.170282027 -0.980694755 0.096134433
vn 0.181694628 -0.857512557 -0.481309958
vn -0.474029792 -0.860907822 -0.184752480
vn -0.070584423 -0.061235497 -0.995624454
vn 0.181694628 -0.857512557 -0.481309958
vn -0.070584423 -0.061235497 -0.995624454
vn 0.002238707 -0.715689870 -0.698414632
vn -0.428671908 0.590923017 0.683410845
vn -0.944720127 0.220698229 -0.242479224
vn -0.532993658 0.769398157 0.352057151
vn -0.944720127 0.220698229 -0.242479224
vn -0.428671908 0.590923017 0.683410845
vn -0.471542228 0.687366897 -0.552426173
vn 0.047931041 -0.851277937 0.522521282
vn -0.055644856 -0.941958491 0.331085867
vn 0.153774212 -0.886780460 0.435859964
vn -0.310725684 -0.486909363 -0.816314169
vn -0.811171061 -0.444106744 -0.380487463
vn -0.396494365 -0.857994509 -0.326554192
vn -0.811171061 -0.444106744 -0.380487463
vn -0.310725684 -0.486909363 -0.816314169
vn -0.858205650 -0.161034750 -0.487391908
vn -0.954056147 -0.279831642 -0.107103314
vn -0.923248653 -0.383876867 0.015826413
vn -0.764349850 -0.643280809 -0.044261799
vn -0.923248653 -0.383876867 0.015826413
vn -0.474029792 -0.860907822 -0.184752480
vn -0.639105594 -0.756396312 0.139314967
vn -0.474029792 -0.860907822 -0.184752480
vn -0.179089249 -0.945140955 0.273195199
vn -0.639105594 -0.756396312 0.139314967
vn -0.179089249 -0.945140955 0.273195199
vn -0.474029792 -0.860907822 -0.184752480
vn -0.055644856 -0.941958491 0.331085867
vn -0.055644856 -0.941958491 0.331085867
vn 0.047931041 -0.851277937 0.522521282
vn 0.075564818 -0.970887376 0.227305217
vn 0.172291929 -0.980699656 -0.092432005
vn 0.092668901 -0.995696959 0.000200360
vn 0.075564818 -0.970887376 0.227305217
vn 0.183130902 -0.913264147 -0.363884144
vn 0.092668901 -0.995696959 0.000200360
vn 0.172291929 -0.980699656 -0.092432005
vn 0.092668901 -0.995696959 0.000200360
vn 0.183130902 -0.913264147 -0.363884144
vn 0.050574877 -0.916580712 -0.396638348
vn -0.310725684 -0.486909363 -0.816314169
vn -0.396494365 -0.857994509 -0.326554192
vn 0.050574877 -0.916580712 -0.396638348
vn -0.764349850 -0.643280809 -0.044261799
vn -0.811171061 -0.444106744 -0.380487463
vn -0.954056147 -0.279831642 -0.107103314
vn -0.991539186 -0.044720628 -0.121861017
vn -0.923248653 -0.383876867 0.015826413
vn -0.954056147 -0.279831642 -0.107103314
vn -0.811171061 -0.444106744 -0.380487463
vn -0.858205650 -0.161034750 -0.487391908
vn -0.954056147 -0.279831642 -0.107103314
vn -0.123114304 0.977209384 0.172929721
vn -0.544975216 0.819598242 0.176807059
vn -0.170362640 0.942667751 0.286974009
vn -0.544975216 0.819598242 0.176807059
vn -0.123114304 0.977209384 0.172929721
vn -0.284656349 0.958233413 0.027558836
vn -0.033198785 0.997930841 0.055062480
vn -0.145939097 0.985430209 -0.087344627
vn -0.059205000 0.998224739 -0.006491428
vn -0.145939097 0.985430209 -0.087344627
vn -0.033198785 0.997930841 0.055062480
vn -0.164276881 0.969165228 0.183662373
vn -0.419691026 0.629710760 0.653700086
vn -0.345651992 0.142423699 0.927491343
vn -0.428671908 0.590923017 0.683410845
vn -0.270639937 0.732107798 -0.625117747
vn -0.301473632 -0.772801117 -0.558472992
vn 0.002238707 -0.715689870 -0.698414632
vn -0.345651992 0.142423699 0.927491343
vn 0.116053528 -0.194107651 0.974091268
vn -0.428671908 0.590923017 0.683410845
vn 0.202679619 -0.943592347 0.261829057
vn 0.116053528 -0.194107651 0.974091268
vn -0.345651992 0.142423699 0.927491343
vn 0.050574877 -0.916580712 -0.396638348
vn 0.056613003 -0.865587787 -0.497546733
vn -0.310725684 -0.486909363 -0.816314169
vn 0.172291929 -0.980699656 -0.092432005
vn 0.036914878 -0.974101992 -0.223075325
vn 0.183130902 -0.913264147 -0.363884144
vn 0.036914878 -0.974101992 -0.223075325
vn 0.172291929 -0.980699656 -0.092432005
vn 0.038365194 -0.995049571 0.091675863
vn 0.075564818 -0.970887376 0.227305217
vn 0.038365194 -0.995049571 0.091675863
vn 0.172291929 -0.980699656 -0.092432005
vn 0.050574877 -0.916580712 -0.396638348
vn 0.183130902 -0.913264147 -0.363884144
vn 0.056613003 -0.865587787 -0.497546733
vn 0.075564818 -0.970887376 0.227305217
vn 0.047931041 -0.851277937 0.522521282
vn 0.038365194 -0.995049571 0.091675863
vn 0.075564818 -0.970887376 0.227305217
vn -0.179089249 -0.945140955 0.273195199
vn -0.055644856 -0.941958491 0.331085867
vn -0.639105594 -0.756396312 0.139314967
vn -0.764349850 -0.643280809 -0.044261799
vn -0.923248653 -0.383876867 0.015826413
vn -0.883042029 -0.065384553 -0.464716726
vn -0.983929661 -0.081517163 -0.158862750
vn -0.944720127 0.220698229 -0.242479224
vn 0.002238707 -0.715689870 -0.698414632
vn -0.070584423 -0.061235497 -0.995624454
vn -0.147837443 0.586411647 -0.796407855
vn -0.147837443 0.586411647 -0.796407855
vn -0.471542228 0.687366897 -0.552426173
vn -0.122687769 0.984768715 0.123200203
vn -0.471542228 0.687366897 -0.552426173
vn -0.147837443 0.586411647 -0.796407855
vn -0.070584423 -0.061235497 -0.995624454
vn -0.064357898 0.643769502 0.762508288
vn -0.122687769 0.984768715 0.123200203
vn 0.283731346 0.046778492 0.957762129
vn -0.428671908 0.590923017 0.683410845
vn 0.116053528 -0.194107651 0.974091268
vn 0.283731346 0.046778492 0.957762129
vn 0.283731346 0.046778492 0.957762129
vn 0.052226190 -0.641259902 0.765544357
vn -0.064357898 0.643769502 0.762508288
vn 0.052226190 -0.641259902 0.765544357
vn 0.283731346 0.046778492 0.957762129
vn 0.116053528 -0.194107651 0.974091268
vn -0.532993658 0.769398157 0.352057151
vn -0.164276881 0.969165228 0.183662373
vn -0.419691026 0.629710760 0.653700086
vn -0.164276881 0.969165228 0.183662373
vn -0.532993658 0.769398157 0.352057151
vn -0.515390501 0.850485173 0.105107573
vn 0.289449784 -0.777386468 0.558470324
vn 0.495512201 -0.654027449 0.571590548
vn 0.153774212 -0.886780460 0.435859964
vn -0.012808147 -0.993155311 -0.116096856
vn -0.383905502 -0.922187792 0.046757254
vn -0.483353429 -0.869123496 -0.104851378
vn -0.383905502 -0.922187792 0.046757254
vn -0.896259236 -0.430881205 -0.105170188
vn -0.483353429 -0.869123496 -0.104851378
vn -0.896259236 -0.430881205 -0.105170188
vn -0.383905502 -0.922187792 0.046757254
vn -0.918578627 -0.360418280 0.162209649
vn -0.995813046 -0.029440271 -0.086542755
vn -0.918578627 -0.360418280 0.162209649
vn -0.967036851 0.246173904 0.065100981
vn -0.918578627 -0.360418280 0.162209649
vn -0.995813046 -0.029440271 -0.086542755
vn -0.896259236 -0.430881205 -0.105170188
vn 0.162738551 -0.985133805 -0.055023182
vn -0.383905502 -0.922187792 0.046757254
vn -0.012808147 -0.993155311 -0.116096856
vn -0.012808147 -0.993155311 -0.116096856
vn 0.036914878 -0.974101992 -0.223075325
vn 0.162738551 -0.985133805 -0.055023182
vn 0.183130902 -0.913264147 -0.363884144
vn -0.012808147 -0.993155311 -0.116096856
vn 0.056613003 -0.865587787 -0.497546733
vn -0.012808147 -0.993155311 -0.116096856
vn 0.183130902 -0.913264147 -0.363884144
vn 0.036914878 -0.974101992 -0.223075325
vn -0.991539186 -0.044720628 -0.121861017
vn -0.896259236 -0.430881205 -0.105170188
vn -0.983276386 -0.133022353 -0.124388916
vn -0.896259236 -0.430881205 -0.105170188
vn -0.991539186 -0.044720628 -0.121861017
vn -0.858205650 -0.161034750 -0.487391908
vn -0.291618637 -0.442698310 -0.847924983
vn -0.762750593 0.362438399 -0.535583737
vn -0.972437649 -0.215184003 -0.089782313
vn -0.291618637 -0.442698310 -0.847924983
vn -0.177281360 0.357671585 -0.916865506
vn -0.762750593 0.362438399 -0.535583737
vn -0.055231601 -0.379155585 -0.923683124
vn -0.177281360 0.357671585 -0.916865506
vn -0.291618637 -0.442698310 -0.847924983
vn -0.055231601 -0.379155585 -0.923683124
vn 0.005378007 0.143410469 -0.989648682
vn -0.177281360 0.357671585 -0.916865506
vn 0.604961215 0.672244995 -0.426741837
vn 0.512335124 -0.332552727 -0.791783685
vn 0.926368228 0.288670885 -0.241890524
vn 0.073204139 0.399295434 -0.913895131
vn 0.512335124 -0.332552727 -0.791783685
vn 0.604961215 0.672244995 -0.426741837
vn 0.073204139 0.399295434 -0.913895131
vn 0.299298827 -0.291495227 -0.908543199
vn 0.512335124 -0.332552727 -0.791783685
vn 0.005378007 0.143410469 -0.989648682
vn 0.299298827 -0.291495227 -0.908543199
vn 0.073204139 0.399295434 -0.913895131
vn 0.005378007 0.143410469 -0.989648682
vn 0.099227834 -0.319844143 -0.942259816
vn 0.299298827 -0.291495227 -0.908543199
vn -0.055231601 -0.379155585 -0.923683124
vn 0.099227834 -0.319844143 -0.942259816
vn 0.005378007 0.143410469 -0.989648682
vn 0.009323933 0.221024254 0.975223740
vn 0.050248210 -0.697584431 0.714738469
vn 0.079507022 -0.000038078 0.996834305
vn 0.079507022 -0.000038078 0.996834305
vn 0.050248210 -0.697584431 0.714738469
vn 0.406885303 -0.410970485 0.815811014
vn 0.406885303 -0.410970485 0.815811014
vn 0.050248210 -0.697584431 0.714738469
vn 0.495512201 -0.654027449 0.571590548
vn 0.495512201 -0.654027449 0.571590548
vn 0.050248210 -0.697584431 0.714738469
vn 0.047931041 -0.851277937 0.522521282
vn -0.427937033 -0.679250202 0.596229032
vn 0.047931041 -0.851277937 0.522521282
vn 0.050248210 -0.697584431 0.714738469
vn 0.009323933 0.221024254 0.975223740
vn -0.174254597 -0.029950399 0.984245045
vn 0.050248210 -0.697584431 0.714738469
vn -0.442826665 -0.424766044 0.789606454
vn 0.050248210 -0.697584431 0.714738469
vn -0.174254597 -0.029950399 0.984245045
vn -0.427937033 -0.679250202 0.596229032
vn 0.050248210 -0.697584431 0.714738469
vn -0.442826665 -0.424766044 0.789606454
vn -0.320778424 0.711490172 -0.625206316
vn 0.298352216 -0.845271333 -0.443285832
vn 0.745852848 0.490133931 -0.451078993
vn 0.298352216 -0.845271333 -0.443285832
vn -0.320778424 0.711490172 -0.625206316
vn -0.685932046 -0.646179553 -0.334588125
vn 0.003740637 0.815110455 0.579293495
vn 0.205323903 -0.856852006 0.472913031
vn -0.781546274 -0.350913907 0.515795358
vn 0.205323903 -0.856852006 0.472913031
vn 0.003740637 0.815110455 0.579293495
vn 0.869951276 0.408047176 0.276915652
f 3/3/3 2/2/2 1/1/1
f 6/6/6 5/5/5 4/4/4
f 9/9/9 8/8/8 7/7/7
f 12/12/12 11/11/11 10/10/10
f 15/15/15 14/14/14 13/13/13
f 18/18/18 17/17/17 16/16/16
f 21/21/21 20/20/20 19/19/19
f 24/24/24 23/23/23 22/22/22
f 27/27/27 26/26/26 25/25/25
f 30/30/30 29/29/29 28/28/28
f 33/33/33 32/32/32 31/31/31
f 36/36/36 35/35/35 34/34/34
f 39/39/39 38/38/38 37/37/37
f 42/42/42 41/41/41 40/40/40
f 45/45/45 44/44/44 43/43/43
f 48/48/48 47/47/47 46/46/46
f 51/51/51 50/50/50 49/49/49
f 54/54/54 53/53/53 52/52/52
f 57/57/57 56/56/56 55/55/55
f 60/60/60 59/59/59 58/58/58
f 63/63/63 62/62/62 61/61/61
f 66/66/66 65/65/65 64/64/64
f 69/69/69 68/68/68 67/67/67
f 72/72/72 71/71/71 70/70/70
f 75/75/75 74/74/74 73/73/73
f 78/78/78 77/77/77 76/76/76
f 81/81/81 80/80/80 79/79/79
f 84/84/84 83/83/83 82/82/82
f 87/87/87 86/86/86 85/85/85
f 90/90/90 89/89/89 88/88/88
f 93/93/93 92/92/92 91/91/91
f 96/96/96 95/95/95 94/94/94
f 99/99/99 98/98/98 97/97/97
f 102/102/102 101/101/101 100/100/100
f 105/105/105 104/104/104 103/103/103
f 108/108/108 107/107/107 106/106/106
f 111/111/111 110/110/110 109/109/109
f 114/114/114 113/113/113 112/112/112
f 117/117/117 116/116/116 115/115/115
f 120/120/120 119/119/119 118/118/118
f 123/123/123 122/122/122 121/121/121
f 126/126/126 125/125/125 124/124/124
f 129/129/129 128/128/128 127/127/127
f 132/132/132 131/131/131 130/130/130
f 135/135/135 134/134/134 133/133/133
f 138/138/138 137/137/137 136/136/136
f 141/141/141 140/140/140 139/139/139
f 144/144/144 143/143/143 142/142/142
f 147/147/147 146/146/146 145/145/145
f 150/150/150 149/149/149 148/148/148
f 153/153/153 152/152/152 151/151/151
f 156/156/156 155/155/155 154/154/154
f 159/159/159 158/158/158 157/157/157
f 162/162/162 161/161/161 160/160/160
f 165/165/165 164/164/164 163/163/163
f 168/168/168 167/167/167 166/166/166
f 171/171/171 170/170/170 169/169/169
f 174/174/174 173/173/173 172/172/172
f 177/177/177 176/176/176 175/175/175
f 180/180/180 179/179/179 178/178/178
f 183/183/183 182/182/182 181/181/181
f 186/186/186 185/185/185 184/184/184
f 189/189/189 188/188/188 187/187/187
f 192/192/192 191/191/191 190/190/190
f 195/195/195 194/194/194 193/193/193
f 198/198/198 197/197/197 196/196/196
f 201/201/201 200/200/200 199/199/199
f 204/204/204 203/203/203 202/202/202
f 207/207/207 206/206/206 205/205/205
f 210/210/210 209/209/209 208/208/208
f 213/213/213 212/212/212 211/211/211
f 216/216/216 215/215/215 214/214/214
f 219/219/219 218/218/218 217/217/217
f 222/222/222 221/221/221 220/220/220
f 225/225/225 224/224/224 223/223/223
f 228/228/228 227/227/227 226/226/226
f 231/231/231 230/230/230 229/229/229
f 234/234/234 233/233/233 232/232/232
f 237/237/237 236/236/236 235/235/235
f 240/240/240 239/239/239 238/238/238
f 243/243/243 242/242/242 241/241/241
f 246/246/246 245/245/245 244/244/244
f 249/249/249 248/248/248 247/247/247
f 252/252/252 251/251/251 250/250/250
f 255/255/255 254/254/254 253/253/253
f 258/258/258 257/257/257 256/256/256
f 261/261/261 260/260/260 259/259/259
f 264/264/264 263/263/263 262/262/262
f 267/267/267 266/266/266 265/265/265
f 270/270/270 269/269/269 268/268/268
f 273/273/273 272/272/272 271/271/271
f 276/276/276 275/275/275 274/274/274
f 279/279/279 278/278/278 277/277/277
f 282/282/282 281/281/281 280/280/280
f 285/285/285 284/284/284 283/283/283
f 288/288/288 287/287/287 286/286/286
f 291/291/291 290/290/290 289/289/289
f 294/294/294 293/293/293 292/292/292
f 297/297/297 296/296/296 295/295/295
f 300/300/300 299/299/299 298/298/298
f 303/303/303 302/302/302 301/301/301
f 306/306/306 305/305/305 304/304/304
f 309/309/309 308/308/308 307/307/307
f 312/312/312 311/311/311 310/310/310
f 315/315/315 314/314/314 313/313/313
f 318/318/318 317/317/317 316/316/316
f 321/321/321 320/320/320 319/319/319
f 324/324/324 323/323/323 322/322/322
f 327/327/327 326/326/326 325/325/325
f 330/330/330 329/329/329 328/328/328
f 333/333/333 332/332/332 331/331/331
f 336/336/336 335/335/335 334/334/334
f 339/339/339 338/338/338 337/337/337
f 342/342/342 341/341/341 340/340/340
f 345/345/345 344/344/344 343/343/343
f 348/348/348 347/347/347 346/346/346
f 351/351/351 350/350/350 349/349/349
f 354/354/354 353/353/353 352/352/352
f 357/357/357 356/356/356 355/355/355
f 360/360/360 359/359/359 358/358/358
f 363/363/363 362/362/362 361/361/361
f 366/366/366 365/365/365 364/364/364
f 369/369/369 368/368/368 367/367/367
f 372/372/372 371/371/371 370/370/370
f 375/375/375 374/374/374 373/373/373
f 378/378/378 377/377/377 376/376/376
f 381/381/381 380/380/380 379/379/379
f 384/384/384 383/383/383 382/382/382
f 387/387/387 386/386/386 385/385/385
f 390/390/390 389/389/389 388/388/388
f 393/393/393 392/392/392 391/391/391
f 396/396/396 395/395/395 394/394/394
f 399/399/399 398/398/398 397/397/397
f 402/402/402 401/401/401 400/400/400
f 405/405/405 404/404/404 403/403/403
f 408/408/408 407/407/407 406/406/406
f 411/411/411 410/410/410 409/409/409
f 414/414/414 413/413/413 412/412/412
f 417/417/417 416/416/416 415/415/415
f 420/420/420 419/419/419 418/418/418
f 423/423/423 422/422/422 421/421/421
f 426/426/426 425/425/425 424/424/424
f 429/429/429 428/428/428 427/427/427
f 432/432/432 431/431/431 430/430/430
f 435/435/435 434/434/434 433/433/433
f 438/438/438 437/437/437 436/436/436
f 441/441/441 440/440/440 439/439/439
f 444/444/444 443/443/443 442/442/442
f 447/447/447 446/446/446 445/445/445
f 450/450/450 449/449/449 448/448/448
f 453/453/453 452/452/452 451/451/451
f 456/456/456 455/455/455 454/454/454
f 459/459/459 458/458/458 457/457/457
f 462/462/462 461/461/461 460/460/460
f 465/465/465 464/464/464 463/463/463
f 468/468/468 467/467/467 466/466/466
f 471/471/471 470/470/470 469/469/469
f 474/474/474 473/473/473 472/472/472
f 477/477/477 476/476/476 475/475/475
f 480/480/480 479/479/479 478/478/478
f 483/483/483 482/482/482 481/481/481
f 486/486/486 485/485/485 484/484/484
f 489/489/489 488/488/488 487/487/487
f 492/492/492 491/491/491 490/490/490
f 495/495/495 494/494/494 493/493/493
f 498/498/498 497/497/497 496/496/496
f 501/501/501 500/500/500 499/499/499
f 504/504/504 503/503/503 502/502/502
f 507/507/507 506/506/506 505/505/505
f 510/510/510 509/509/509 508/508/508
f 513/513/513 512/512/512 511/511/511
f 516/516/516 515/515/515 514/514/514
f 519/519/519 518/518/518 517/517/517
f 522/522/522 521/521/521 520/520/520
f 525/525/525 524/524/524 523/523/523
f 528/528/528 527/527/527 526/526/526
f 531/531/531 530/530/530 529/529/529
f 534/534/534 533/533/533 532/532/532
f 537/537/537 536/536/536 535/535/535
f 540/540/540 539/539/539 538/538/538
f 543/543/543 542/542/542 541/541/541
f 546/546/546 545/545/545 544/544/544
f 549/549/549 548/548/548 547/547/547
f 552/552/552 551/551/551 550/550/550
f 555/555/555 554/554/554 553/553/553
f 558/558/558 557/557/557 556/556/556
f 561/561/561 560/560/560 559/559/559
f 564/564/564 563/563/563 562/562/562
f 567/567/567 566/566/566 565/565/565
f 570/570/570 569/569/569 568/568/568
f 573/573/573 572/572/572 571/571/571
f 576/576/576 575/575/575 574/574/574
f 579/579/579 578/578/578 577/577/577
f 582/582/582 581/581/581 580/580/580
f 585/585/585 584/584/584 583/583/583
f 588/588/588 587/587/587 586/586/586
f 591/591/591 590/590/590 589/589/589
f 594/594/594 593/593/593 592/592/592
f 597/597/597 596/596/596 595/595/595
f 600/600/600 599/599/599 598/598/598
f 603/603/603 602/602/602 601/601/601
f 606/606/606 605/605/605 604/604/604
f 609/609/609 608/608/608 607/607/607
f 612/612/612 611/611/611 610/610/610
f 615/615/615 614/614/614 613/613/613
f 618/618/618 617/617/617 616/616/616
f 621/621/621 620/620/620 619/619/619
f 624/624/624 623/623/623 622/622/622
f 627/627/627 626/626/626 625/625/625
f 630/630/630 629/629/629 628/628/628
f 633/633/633 632/632/632 631/631/631
f 636/636/636 635/635/635 634/634/634
f 639/639/639 638/638/638 637/637/637
f 642/642/642 641/641/641 640/640/640
f 645/645/645 644/644/644 643/643/643
f 648/648/648 647/647/647 646/646/646
f 651/651/651 650/650/650 649/649/649
f 654/654/654 653/653/653 652/652/652
f 657/657/657 656/656/656 655/655/655
f 660/660/660 659/659/659 658/658/658
f 663/663/663 662/662/662 661/661/661
f 666/666/666 665/665/665 664/664/664
f 669/669/669 668/668/668 667/667/667
f 672/672/672 671/671/671 670/670/670
f 675/675/675 674/674/674 673/673/673
f 678/678/678 677/677/677 676/676/676
f 681/681/681 680/680/680 679/679/679
f 684/684/684 683/683/683 682/682/682
f 687/687/687 686/686/686 685/685/685
f 690/690/690 689/689/689 688/688/688
f 693/693/693 692/692/692 691/691/691
f 696/696/696 695/695/695 694/694/694
f 699/699/699 698/698/698 697/697/697
f 702/702/702 701/701/701 700/700/700
f 705/705/705 704/704/704 703/703/703
f 708/708/708 707/707/707 706/706/706
f 711/711/711 710/710/710 709/709/709
f 714/714/714 713/713/713 712/712/712
f 717/717/717 716/716/716 715/715/715
f 720/720/720 719/719/719 718/718/718
f 723/723/723 722/722/722 721/721/721
f 726/726/726 725/725/725 724/724/724
f 729/729/729 728/728/728 727/727/727
f 732/732/732 731/731/731 730/730/730
f 735/735/735 734/734/734 733/733/733
f 738/738/738 737/737/737 736/736/736
f 741/741/741 740/740/740 739/739/739
f 744/744/744 743/743/743 742/742/742
f 747/747/747 746/746/746 745/745/745
f 750/750/750 749/749/749 748/748/748
f 753/753/753 752/752/752 751/751/751
f 756/756/756 755/755/755 754/754/754
f 759/759/759 758/758/758 757/757/757
f 762/762/762 761/761/761 760/760/760
f 765/765/765 764/764/764 763/763/763
f 768/768/768 767/767/767 766/766/766
f 771/771/771 770/770/770 769/769/769
f 774/774/774 773/773/773 772/772/772
f 777/777/777 776/776/776 775/775/775
f 780/780/780 779/779/779 778/778/778
f 783/783/783 782/782/782 781/781/781
f 786/786/786 785/785/785 784/784/784
f 789/789/789 788/788/788 787/787/787
f 792/792/792 791/791/791 790/790/790
f 795/795/795 794/794/794 793/793/793
f 798/798/798 797/797/797 796/796/796
f 801/801/801 800/800/800 799/799/799
f 804/804/804 803/803/803 802/802/802
f 807/807/807 806/806/806 805/805/805
f 810/810/810 809/809/809 808/808/808
f 813/813/813 812/812/812 811/811/811
f 816/816/816 815/815/815 814/814/814
f 819/819/819 818/818/818 817/817/817
f 822/822/822 821/821/821 820/820/820
f 825/825/825 824/824/824 823/823/823
f 828/828/828 827/827/827 826/826/826
f 831/831/831 830/830/830 829/829/829
f 834/834/834 833/833/833 832/832/832
f 837/837/837 836/836/836 835/835/835
f 840/840/840 839/839/839 838/838/838
f 843/843/843 842/842/842 841/841/841
f 846/846/846 845/845/845 844/844/844
f 849/849/849 848/848/848 847/847/847
f 852/852/852 851/851/851 850/850/850
f 855/855/855 854/854/854 853/853/853
f 858/858/858 857/857/857 856/856/856
f 861/861/861 860/860/860 859/859/859
f 864/864/864 863/863/863 862/862/862
f 867/867/867 866/866/866 865/865/865
f 870/870/870 869/869/869 868/868/868
f 873/873/873 872/872/872 871/871/871
f 876/876/876 875/875/875 874/874/874
f 879/879/879 878/878/878 877/877/877
f 882/882/882 881/881/881 880/880/880
f 885/885/885 884/884/884 883/883/883
f 888/888/888 887/887/887 886/886/886
f 891/891/891 890/890/890 889/889/889
f 894/894/894 893/893/893 892/892/892
f 897/897/897 896/896/896 895/895/895
f 900/900/900 899/899/899 898/898/898
f 903/903/903 902/902/902 901/901/901
f 906/906/906 905/905/905 904/904/904
f 909/909/909 908/908/908 907/907/907
f 912/912/912 911/911/911 910/910/910
f 915/915/915 914/914/914 913/913/913
f 918/918/918 917/917/917 916/916/916
f 921/921/921 920/920/920 919/919/919
f 924/924/924 923/923/923 922/922/922
f 927/927/927 926/926/926 925/925/925
f 930/930/930 929/929/929 928/928/928
f 933/933/933 932/932/932 931/931/931
f 936/936/936 935/935/935 934/934/934
f 939/939/939 938/938/938 937/937/937
f 942/942/942 941/941/941 940/940/940
f 945/945/945 944/944/944 943/943/943
f 948/948/948 947/947/947 946/946/946
f 951/951/951 950/950/950 949/949/949
f 954/954/954 953/953/953 952/952/952
f 957/957/957 956/956/956 955/955/955
f 960/960/960 959/959/959 958/958/958
f 963/963/963 962/962/962 961/961/961
f 966/966/966 965/965/965 964/964/964
f 969/969/969 968/968/968 967/967/967
f 972/972/972 971/971/971 970/970/970
f 975/975/975 974/974/974 973/973/973
f 978/978/978 977/977/977 976/976/976
f 981/981/981 980/980/980 979/979/979
f 984/984/984 983/983/983 982/982/982
f 987/987/987 986/986/986 985/985/985
f 990/990/990 989/989/989 988/988/988
f 993/993/993 992/992/992 991/991/991
f 996/996/996 995/995/995 994/994/994
f 999/999/999 998/998/998 997/997/997
f 1002/1002/1002 1001/1001/1001 1000/1000/1000
f 1005/1005/1005 1004/1004/1004 1003/1003/1003
f 1008/1008/1008 1007/1007/1007 1006/1006/1006
f 1011/1011/1011 1010/1010/1010 1009/1009/1009
f 1014/1014/1014 1013/1013/1013 1012/1012/1012
f 1017/1017/1017 1016/1016/1016 1015/1015/1015
f 1020/1020/1020 1019/1019/1019 1018/1018/1018
f 1023/1023/1023 1022/1022/1022 1021/1021/1021
f 1026/1026/1026 1025/1025/1025 1024/1024/1024
f 1029/1029/1029 1028/1028/1028 1027/1027/1027
f 1032/1032/1032 1031/1031/1031 1030/1030/1030
f 1035/1035/1035 1034/1034/1034 1033/1033/1033
f 1038/1038/1038 1037/1037/1037 1036/1036/1036
f 1041/1041/1041 1040/1040/1040 1039/1039/1039
f 1044/1044/1044 1043/1043/1043 1042/1042/1042
f 1047/1047/1047 1046/1046/1046 1045/1045/1045
f 1050/1050/1050 1049/1049/1049 1048/1048/1048
f 1053/1053/1053 1052/1052/1052 1051/1051/1051
f 1056/1056/1056 1055/1055/1055 1054/1054/1054
f 1059/1059/1059 1058/1058/1058 1057/1057/1057
f 1062/1062/1062 1061/1061/1061 1060/1060/1060
f 1065/1065/1065 1064/1064/1064 1063/1063/1063
f 1068/1068/1068 1067/1067/1067 1066/1066/1066
f 1071/1071/1071 1070/1070/1070 1069/1069/1069
f 1074/1074/1074 1073/1073/1073 1072/1072/1072
f 1077/1077/1077 1076/1076/1076 1075/1075/1075
f 1080/1080/1080 1079/1079/1079 1078/1078/1078
f 1083/1083/1083 1082/1082/1082 1081/1081/1081
f 1086/1086/1086 1085/1085/1085 1084/1084/1084
f 1089/1089/1089 1088/1088/1088 1087/1087/1087
f 1092/1092/1092 1091/1091/1091 1090/1090/1090
f 1095/1095/1095 1094/1094/1094 1093/1093/1093
f 1098/1098/1098 1097/1097/1097 1096/1096/1096
f 1101/1101/1101 1100/1100/1100 1099/1099/1099
f 1104/1104/1104 1103/1103/1103 1102/1102/1102
f 1107/1107/1107 1106/1106/1106 1105/1105/1105
f 1110/1110/1110 1109/1109/1109 1108/1108/1108
f 1113/1113/1113 1112/1112/1112 1111/1111/1111
f 1116/1116/1116 1115/1115/1115 1114/1114/1114
f 1119/1119/1119 1118/1118/1118 1117/1117/1117
f 1122/1122/1122 1121/1121/1121 1120/1120/1120
f 1125/1125/1125 1124/1124/1124 1123/1123/1123
f 1128/1128/1128 1127/1127/1127 1126/1126/1126
f 1131/1131/1131 1130/1130/1130 1129/1129/1129
f 1134/1134/1134 1133/1133/1133 1132/1132/1132
f 1137/1137/1137 1136/1136/1136 1135/1135/1135
f 1140/1140/1140 1139/1139/1139 1138/1138/1138
f 1143/1143/1143 1142/1142/1142 1141/1141/1141
f 1146/1146/1146 1145/1145/1145 1144/1144/1144
f 1149/1149/1149 1148/1148/1148 1147/1147/1147
f 1152/1152/1152 1151/1151/1151 1150/1150/1150
f 1155/1155/1155 1154/1154/1154 1153/1153/1153
f 1158/1158/1158 1157/1157/1157 1156/1156/1156
f 1161/1161/1161 1160/1160/1160 1159/1159/1159
f 1164/1164/1164 1163/1163/1163 1162/1162/1162
f 1167/1167/1167 1166/1166/1166 1165/1165/1165
f 1170/1170/1170 1169/1169/1169 1168/1168/1168
f 1173/1173/1173 1172/1172/1172 1171/1171/1171
f 1176/1176/1176 1175/1175/1175 1174/1174/1174
f 1179/1179/1179 1178/1178/1178 1177/1177/1177
f 1182/1182/1182 1181/1181/1181 1180/1180/1180
f 1185/1185/1185 1184/1184/1184 1183/1183/1183
f 1188/1188/1188 1187/1187/1187 1186/1186/1186
f 1191/1191/1191 1190/1190/1190 1189/1189/1189
f 1194/1194/1194 1193/1193/1193 1192/1192/1192
f 1197/1197/1197 1196/1196/1196 1195/1195/1195
f 1200/1200/1200 1199/1199/1199 1198/1198/1198
f 1203/1203/1203 1202/1202/1202 1201/1201/1201
f 1206/1206/1206 1205/1205/1205 1204/1204/1204
f 1209/1209/1209 1208/1208/1208 1207/1207/1207
f 1212/1212/1212 1211/1211/1211 1210/1210/1210
