# Static pose baked from local Project Zomboid assets
o Body
v -0.008737869 0.028577913 0.250160535
v -0.035762741 0.027607298 0.239295102
v -0.053322591 0.037978174 0.266287787
v -0.035762741 0.027607298 0.239295102
v -0.008737869 0.028577913 0.250160535
v 0.005371829 0.031240615 0.233925921
v 0.019304430 0.045116282 0.226364952
v 0.005926332 0.022328723 0.185828978
v -0.015200406 0.017245686 0.211215295
v 0.005926332 0.022328723 0.185828978
v 0.019304430 0.045116282 0.226364952
v 0.029570718 0.062072631 0.198235932
v -0.068911346 0.071485367 0.285505674
v -0.023186405 0.107809529 0.279975311
v -0.019494761 0.069127402 0.276886937
v -0.023186405 0.107809529 0.279975311
v -0.068911346 0.071485367 0.285505674
v -0.057102976 0.107743366 0.274873233
v 0.071592453 0.099676208 0.039800700
v 0.025279196 0.117287947 0.038228132
v 0.030757603 0.119717343 0.023885496
v 0.025279196 0.117287947 0.038228132
v 0.071592453 0.099676208 0.039800700
v 0.059216138 0.100235182 0.051361922
v 0.058556041 0.045436657 0.062484824
v 0.071592453 0.099676208 0.039800700
v 0.076616755 0.057261480 0.033067119
v 0.071592453 0.099676208 0.039800700
v 0.058556041 0.045436657 0.062484824
v 0.059216138 0.100235182 0.051361922
v 0.035042550 0.011538438 0.059183588
v 0.067179772 0.022917413 0.014175356
v 0.041151404 0.009809884 0.002179562
v 0.067179772 0.022917413 0.014175356
v 0.035042550 0.011538438 0.059183588
v 0.058556041 0.045436657 0.062484824
v -0.015200406 0.017245686 0.211215295
v -0.040803548 -0.000284134 0.169152322
v -0.052228442 0.002825670 0.200899377
v -0.040803548 -0.000284134 0.169152322
v -0.015200406 0.017245686 0.211215295
v 0.005926332 0.022328723 0.185828978
v 0.030757603 0.119717343 0.023885496
v -0.015867135 0.111759983 0.028238481
v -0.009892392 0.115714218 0.013113693
v -0.015867135 0.111759983 0.028238481
v 0.030757603 0.119717343 0.023885496
v 0.025279196 0.117287947 0.038228132
v -0.019861354 0.141158452 0.141259805
v -0.082414732 0.133034475 0.167623276
v -0.068631399 0.129598375 0.126620895
v -0.082414732 0.133034475 0.167623276
v -0.019861354 0.141158452 0.141259805
v -0.029712711 0.145172345 0.186187151
v 0.076099357 0.003609664 -0.031940840
v 0.162086231 0.027206577 -0.105074457
v 0.131326581 -0.007754729 -0.114404420
v 0.162086231 0.027206577 -0.105074457
v 0.076099357 0.003609664 -0.031940840
v 0.104147078 0.045516766 -0.027048372
v 0.162086231 0.027206577 -0.105074457
v 0.177930350 -0.022019250 -0.198961815
v 0.131326581 -0.007754729 -0.114404420
v 0.177930350 -0.022019250 -0.198961815
v 0.162086231 0.027206577 -0.105074457
v 0.196498390 0.026881958 -0.192445444
v 0.033989094 0.016091150 -0.056870865
v 0.084006682 0.082222403 -0.154163482
v 0.028233933 0.096812628 -0.090020403
v 0.084006682 0.082222403 -0.154163482
v 0.033989094 0.016091150 -0.056870865
v 0.087018932 0.007407627 -0.141317483
v 0.087018932 0.007407627 -0.141317483
v 0.142464927 0.053945312 -0.219215406
v 0.084006682 0.082222403 -0.154163482
v 0.142464927 0.053945312 -0.219215406
v 0.087018932 0.007407627 -0.141317483
v 0.148070961 0.012271059 -0.218252919
v 0.028233933 0.096812628 -0.090020403
v 0.154494792 0.090353743 -0.117324988
v 0.100442715 0.098553025 -0.058521223
v 0.154494792 0.090353743 -0.117324988
v 0.028233933 0.096812628 -0.090020403
v 0.084006682 0.082222403 -0.154163482
v 0.084006682 0.082222403 -0.154163482
v 0.176863440 0.061828256 -0.198744422
v 0.154494792 0.090353743 -0.117324988
v 0.176863440 0.061828256 -0.198744422
v 0.084006682 0.082222403 -0.154163482
v 0.142464927 0.053945312 -0.219215406
v 0.100442715 0.098553025 -0.058521223
v 0.162086231 0.027206577 -0.105074457
v 0.104147078 0.045516766 -0.027048372
v 0.162086231 0.027206577 -0.105074457
v 0.100442715 0.098553025 -0.058521223
v 0.154494792 0.090353743 -0.117324988
v 0.154494792 0.090353743 -0.117324988
v 0.196498390 0.026881958 -0.192445444
v 0.162086231 0.027206577 -0.105074457
v 0.196498390 0.026881958 -0.192445444
v 0.154494792 0.090353743 -0.117324988
v 0.176863440 0.061828256 -0.198744422
v 0.283854102 0.097259675 -0.446652816
v 0.225790192 0.108550300 -0.458193705
v 0.252740405 0.067917504 -0.460651018
v 0.225790192 0.108550300 -0.458193705
v 0.283854102 0.097259675 -0.446652816
v 0.251635110 0.129290944 -0.447379441
v 0.199764401 0.009635078 -0.252502430
v 0.248567963 0.057567610 -0.306011707
v 0.229447338 0.023683320 -0.318929335
v 0.248567963 0.057567610 -0.306011707
v 0.199764401 0.009635078 -0.252502430
v 0.220547270 0.043926698 -0.238108752
v 0.229447338 0.023683320 -0.318929335
v 0.272341059 0.074205952 -0.380685086
v 0.266344402 0.041674064 -0.389137946
v 0.272341059 0.074205952 -0.380685086
v 0.229447338 0.023683320 -0.318929335
v 0.248567963 0.057567610 -0.306011707
v 0.165454654 0.027179198 -0.285961235
v 0.182106504 0.081039089 -0.324409489
v 0.146904348 0.076890887 -0.268890803
v 0.182106504 0.081039089 -0.324409489
v 0.165454654 0.027179198 -0.285961235
v 0.198466867 0.042406188 -0.333009962
v 0.198466867 0.042406188 -0.333009962
v 0.232707745 0.082374859 -0.383338283
v 0.182106504 0.081039089 -0.324409489
v 0.232707745 0.082374859 -0.383338283
v 0.198466867 0.042406188 -0.333009962
v 0.246429929 0.054686242 -0.400556446
v 0.146904348 0.076890887 -0.268890803
v 0.236934893 0.093437248 -0.298028778
v 0.206368392 0.090608380 -0.230096299
v 0.236934893 0.093437248 -0.298028778
v 0.146904348 0.076890887 -0.268890803
v 0.182106504 0.081039089 -0.324409489
v 0.182106504 0.081039089 -0.324409489
v 0.251105346 0.089387516 -0.369136463
v 0.236934893 0.093437248 -0.298028778
v 0.251105346 0.089387516 -0.369136463
v 0.182106504 0.081039089 -0.324409489
v 0.232707745 0.082374859 -0.383338283
v 0.206368392 0.090608380 -0.230096299
v 0.248567963 0.057567610 -0.306011707
v 0.220547270 0.043926698 -0.238108752
v 0.248567963 0.057567610 -0.306011707
v 0.206368392 0.090608380 -0.230096299
v 0.236934893 0.093437248 -0.298028778
v 0.236934893 0.093437248 -0.298028778
v 0.272341059 0.074205952 -0.380685086
v 0.248567963 0.057567610 -0.306011707
v 0.272341059 0.074205952 -0.380685086
v 0.236934893 0.093437248 -0.298028778
v 0.251105346 0.089387516 -0.369136463
v 0.104147078 0.045516766 -0.027048372
v 0.067179772 0.022917413 0.014175356
v 0.087326088 0.057345180 0.005100004
v 0.067179772 0.022917413 0.014175356
v 0.104147078 0.045516766 -0.027048372
v 0.076099357 0.003609664 -0.031940840
v 0.041151404 0.009809884 0.002179562
v 0.007834763 0.001067873 -0.045574353
v 0.002519985 -0.006181995 -0.009444187
v 0.007834763 0.001067873 -0.045574353
v 0.041151404 0.009809884 0.002179562
v 0.033989094 0.016091150 -0.056870865
v 0.030757603 0.119717343 0.023885496
v 0.087822399 0.109719705 -0.010400892
v 0.071592453 0.099676208 0.039800700
v 0.087822399 0.109719705 -0.010400892
v 0.030757603 0.119717343 0.023885496
v 0.037849304 0.129465394 -0.024357373
v 0.037849304 0.129465394 -0.024357373
v 0.093743355 0.101627607 -0.051948087
v 0.087822399 0.109719705 -0.010400892
v 0.093743355 0.101627607 -0.051948087
v 0.037849304 0.129465394 -0.024357373
v 0.047506768 0.117432194 -0.066000172
v 0.047506768 0.117432194 -0.066000172
v 0.100442715 0.098553025 -0.058521223
v 0.093743355 0.101627607 -0.051948087
v 0.100442715 0.098553025 -0.058521223
v 0.047506768 0.117432194 -0.066000172
v 0.028233933 0.096812628 -0.090020403
v 0.199764401 0.009635078 -0.252502430
v 0.196498390 0.026881958 -0.192445444
v 0.220547270 0.043926698 -0.238108752
v 0.196498390 0.026881958 -0.192445444
v 0.199764401 0.009635078 -0.252502430
v 0.177930350 -0.022019250 -0.198961815
v 0.220547270 0.043926698 -0.238108752
v 0.176863440 0.061828256 -0.198744422
v 0.206368392 0.090608380 -0.230096299
v 0.176863440 0.061828256 -0.198744422
v 0.220547270 0.043926698 -0.238108752
v 0.196498390 0.026881958 -0.192445444
v 0.176863440 0.061828256 -0.198744422
v 0.146904348 0.076890887 -0.268890803
v 0.206368392 0.090608380 -0.230096299
v 0.146904348 0.076890887 -0.268890803
v 0.176863440 0.061828256 -0.198744422
v 0.142464927 0.053945312 -0.219215406
v 0.142464927 0.053945312 -0.219215406
v 0.165454654 0.027179198 -0.285961235
v 0.146904348 0.076890887 -0.268890803
v 0.165454654 0.027179198 -0.285961235
v 0.142464927 0.053945312 -0.219215406
v 0.148070961 0.012271059 -0.218252919
v 0.071592453 0.099676208 0.039800700
v 0.087326088 0.057345180 0.005100004
v 0.076616755 0.057261480 0.033067119
v 0.087326088 0.057345180 0.005100004
v 0.071592453 0.099676208 0.039800700
v 0.087822399 0.109719705 -0.010400892
v 0.087822399 0.109719705 -0.010400892
v 0.104147078 0.045516766 -0.027048372
v 0.087326088 0.057345180 0.005100004
v 0.104147078 0.045516766 -0.027048372
v 0.087822399 0.109719705 -0.010400892
v 0.093743355 0.101627607 -0.051948087
v 0.093743355 0.101627607 -0.051948087
v 0.100442715 0.098553025 -0.058521223
v 0.104147078 0.045516766 -0.027048372
v -0.002948058 0.129477874 0.092591067
v 0.014280307 0.133759323 0.150808102
v -0.019861354 0.141158452 0.141259805
v 0.027824675 0.121174444 0.160579886
v 0.036543664 0.064876022 0.114789181
v 0.035407742 0.068898650 0.167478449
v 0.036543664 0.064876022 0.114789181
v 0.027824675 0.121174444 0.160579886
v 0.032270297 0.114355576 0.106195769
v 0.036543664 0.064876022 0.114789181
v 0.014484850 0.025119477 0.159255707
v 0.035407742 0.068898650 0.167478449
v 0.014484850 0.025119477 0.159255707
v 0.036543664 0.064876022 0.114789181
v 0.023702473 0.030612818 0.109599627
v -0.034376753 0.003228225 0.148393060
v 0.023702473 0.030612818 0.109599627
v -0.018532499 0.012219860 0.092363787
v 0.023702473 0.030612818 0.109599627
v -0.034376753 0.003228225 0.148393060
v 0.014484850 0.025119477 0.159255707
v 0.039227039 0.020918811 0.211865152
v 0.087366733 0.007230571 0.204108013
v 0.033325680 0.073298133 0.201039840
v 0.087366733 0.007230571 0.204108013
v 0.138390985 0.052162835 0.181646942
v 0.091358618 0.063325431 0.183434863
v 0.138390985 0.052162835 0.181646942
v 0.087366733 0.007230571 0.204108013
v 0.136186952 0.006388407 0.197714088
v 0.061873362 0.091194688 0.251800634
v 0.091358618 0.063325431 0.183434863
v 0.111643376 0.083907114 0.242852044
v 0.091358618 0.063325431 0.183434863
v 0.166385356 0.066269301 0.221732315
v 0.111643376 0.083907114 0.242852044
v 0.166385356 0.066269301 0.221732315
v 0.091358618 0.063325431 0.183434863
v 0.138390985 0.052162835 0.181646942
v 0.062894250 0.085840899 0.261736135
v 0.107388157 0.027779913 0.263717904
v 0.060237856 0.041949597 0.270727987
v 0.062894250 0.085840899 0.261736135
v 0.111643376 0.083907114 0.242852044
v 0.107388157 0.027779913 0.263717904
v 0.062894250 0.085840899 0.261736135
v 0.061873362 0.091194688 0.251800634
v 0.111643376 0.083907114 0.242852044
v 0.111643376 0.083907114 0.242852044
v 0.164357045 0.020615876 0.237700736
v 0.107388157 0.027779913 0.263717904
v 0.164357045 0.020615876 0.237700736
v 0.111643376 0.083907114 0.242852044
v 0.166385356 0.066269301 0.221732315
v 0.046944023 0.023051383 0.240710637
v 0.107388157 0.027779913 0.263717904
v 0.087366733 0.007230571 0.204108013
v 0.107388157 0.027779913 0.263717904
v 0.136186952 0.006388407 0.197714088
v 0.087366733 0.007230571 0.204108013
v 0.136186952 0.006388407 0.197714088
v 0.107388157 0.027779913 0.263717904
v 0.164357045 0.020615876 0.237700736
v 0.133902454 -0.002741212 0.182304467
v 0.161390040 0.024239622 0.112804652
v 0.136992144 0.050766109 0.161621836
v 0.161390040 0.024239622 0.112804652
v 0.133902454 -0.002741212 0.182304467
v 0.158175140 -0.008986483 0.128071417
v 0.158175140 -0.008986483 0.128071417
v 0.181206726 0.010342970 0.081548335
v 0.161390040 0.024239622 0.112804652
v 0.181206726 0.010342970 0.081548335
v 0.158175140 -0.008986483 0.128071417
v 0.181963722 -0.015573750 0.084401938
v 0.136992144 0.050766109 0.161621836
v 0.211183932 0.023801333 0.140988811
v 0.192357471 0.059499313 0.190863244
v 0.211183932 0.023801333 0.140988811
v 0.136992144 0.050766109 0.161621836
v 0.161390040 0.024239622 0.112804652
v 0.161390040 0.024239622 0.112804652
v 0.217144263 0.006730084 0.097311895
v 0.211183932 0.023801333 0.140988811
v 0.217144263 0.006730084 0.097311895
v 0.161390040 0.024239622 0.112804652
v 0.181206726 0.010342970 0.081548335
v 0.192357471 0.059499313 0.190863244
v 0.208278987 -0.001617673 0.152799866
v 0.189242216 0.006311281 0.211513820
v 0.208278987 -0.001617673 0.152799866
v 0.192357471 0.059499313 0.190863244
v 0.211183932 0.023801333 0.140988811
v 0.211183932 0.023801333 0.140988811
v 0.216396291 -0.011516677 0.099311375
v 0.208278987 -0.001617673 0.152799866
v 0.216396291 -0.011516677 0.099311375
v 0.211183932 0.023801333 0.140988811
v 0.217144263 0.006730084 0.097311895
v 0.189242216 0.006311281 0.211513820
v 0.158175140 -0.008986483 0.128071417
v 0.133902454 -0.002741212 0.182304467
v 0.158175140 -0.008986483 0.128071417
v 0.189242216 0.006311281 0.211513820
v 0.208278987 -0.001617673 0.152799866
v 0.208278987 -0.001617673 0.152799866
v 0.181963722 -0.015573750 0.084401938
v 0.158175140 -0.008986483 0.128071417
v 0.181963722 -0.015573750 0.084401938
v 0.208278987 -0.001617673 0.152799866
v 0.216396291 -0.011516677 0.099311375
v 0.205379833 -0.004075246 -0.044787916
v 0.241589157 0.016125807 -0.005576576
v 0.200739918 0.012231622 -0.030772914
v 0.241589157 0.016125807 -0.005576576
v 0.205379833 -0.004075246 -0.044787916
v 0.245647992 0.000023931 -0.019555039
v 0.185951996 0.022942542 0.009566931
v 0.191615176 0.011455884 -0.001224293
v 0.195544551 0.019926266 0.004596347
v 0.191615176 0.011455884 -0.001224293
v 0.185951996 0.022942542 0.009566931
v 0.178635367 0.017988315 0.001949416
v 0.226657863 0.017126962 0.063111734
v 0.185564763 -0.003512949 0.023990218
v 0.237431614 0.004406822 0.029674858
v 0.185564763 -0.003512949 0.023990218
v 0.226657863 0.017126962 0.063111734
v 0.178451552 0.017275152 0.050937724
v 0.226657863 0.017126962 0.063111734
v 0.239501519 -0.014294340 0.023036734
v 0.227459331 -0.020549786 0.066469123
v 0.239501519 -0.014294340 0.023036734
v 0.226657863 0.017126962 0.063111734
v 0.237431614 0.004406822 0.029674858
v 0.176839114 -0.021339834 0.054680931
v 0.239501519 -0.014294340 0.023036734
v 0.189496738 -0.022190148 0.018317219
v 0.239501519 -0.014294340 0.023036734
v 0.176839114 -0.021339834 0.054680931
v 0.227459331 -0.020549786 0.066469123
v 0.164357045 0.020615876 0.237700736
v 0.133902454 -0.002741212 0.182304467
v 0.136186952 0.006388407 0.197714088
v 0.133902454 -0.002741212 0.182304467
v 0.164357045 0.020615876 0.237700736
v 0.189242216 0.006311281 0.211513820
v 0.136186952 0.006388407 0.197714088
v 0.136992144 0.050766109 0.161621836
v 0.138390985 0.052162835 0.181646942
v 0.136992144 0.050766109 0.161621836
v 0.136186952 0.006388407 0.197714088
v 0.133902454 -0.002741212 0.182304467
v 0.166385356 0.066269301 0.221732315
v 0.136992144 0.050766109 0.161621836
v 0.192357471 0.059499313 0.190863244
v 0.136992144 0.050766109 0.161621836
v 0.166385356 0.066269301 0.221732315
v 0.138390985 0.052162835 0.181646942
v 0.192357471 0.059499313 0.190863244
v 0.164357045 0.020615876 0.237700736
v 0.166385356 0.066269301 0.221732315
v 0.164357045 0.020615876 0.237700736
v 0.192357471 0.059499313 0.190863244
v 0.189242216 0.006311281 0.211513820
v 0.017654864 0.067953555 0.275836748
v 0.046944023 0.023051383 0.240710637
v 0.022734133 0.038551690 0.274085450
v 0.046944023 0.023051383 0.240710637
v 0.017654864 0.067953555 0.275836748
v 0.060237856 0.041949597 0.270727987
v 0.022734133 0.038551690 0.274085450
v -0.019494761 0.069127402 0.276886937
v 0.017654864 0.067953555 0.275836748
v -0.019494761 0.069127402 0.276886937
v 0.022734133 0.038551690 0.274085450
v -0.014834065 0.045256934 0.270438328
v 0.014280307 0.133759323 0.150808102
v -0.029712711 0.145172345 0.186187151
v -0.019861354 0.141158452 0.141259805
v -0.029712711 0.145172345 0.186187151
v 0.014280307 0.133759323 0.150808102
v 0.007874992 0.139179659 0.200722519
v -0.019494761 0.069127402 0.276886937
v -0.050345295 0.050576662 0.281413812
v -0.068911346 0.071485367 0.285505674
v 0.018253691 0.020474656 0.251991061
v 0.005371829 0.031240615 0.233925921
v -0.008737869 0.028577913 0.250160535
v 0.005371829 0.031240615 0.233925921
v 0.018253691 0.020474656 0.251991061
v 0.021615581 0.033636951 0.220419195
v 0.039227039 0.020918811 0.211865152
v 0.021615581 0.033636951 0.220419195
v 0.018253691 0.020474656 0.251991061
v 0.005887073 0.124698623 0.250263872
v -0.057102976 0.107743366 0.274873233
v -0.038337212 0.134090604 0.228072312
v 0.005887073 0.124698623 0.250263872
v -0.023186405 0.107809529 0.279975311
v -0.057102976 0.107743366 0.274873233
v 0.005887073 0.124698623 0.250263872
v 0.008557490 0.120369561 0.255024585
v -0.023186405 0.107809529 0.279975311
v -0.090804235 0.121763460 0.206310799
v -0.057102976 0.107743366 0.274873233
v -0.097039437 0.089778379 0.256757694
v -0.057102976 0.107743366 0.274873233
v -0.090804235 0.121763460 0.206310799
v -0.038337212 0.134090604 0.228072312
v 0.017654864 0.067953555 0.275836748
v -0.019494761 0.069127402 0.276886937
v -0.023186405 0.107809529 0.279975311
v 0.060237856 0.041949597 0.270727987
v 0.008557490 0.120369561 0.255024585
v 0.062894250 0.085840899 0.261736135
v 0.060237856 0.041949597 0.270727987
v -0.023186405 0.107809529 0.279975311
v 0.008557490 0.120369561 0.255024585
v 0.060237856 0.041949597 0.270727987
v 0.017654864 0.067953555 0.275836748
v -0.023186405 0.107809529 0.279975311
v 0.013225277 0.069899612 0.220153164
v 0.061873362 0.091194688 0.251800634
v 0.015286898 0.111360415 0.243439648
v 0.061873362 0.091194688 0.251800634
v 0.013225277 0.069899612 0.220153164
v 0.033325680 0.073298133 0.201039840
v 0.035407742 0.068898650 0.167478449
v 0.020101369 0.109747572 0.198910444
v 0.027824675 0.121174444 0.160579886
v 0.020101369 0.109747572 0.198910444
v 0.035407742 0.068898650 0.167478449
v 0.024795712 0.075427375 0.194406024
v 0.019304430 0.045116282 0.226364952
v 0.033325680 0.073298133 0.201039840
v 0.013225277 0.069899612 0.220153164
v 0.029570718 0.062072631 0.198235932
v 0.024795712 0.075427375 0.194406024
v 0.035407742 0.068898650 0.167478449
v 0.020101369 0.109747572 0.198910444
v 0.019535555 0.126075942 0.202877757
v 0.027824675 0.121174444 0.160579886
v 0.181963722 -0.015573750 0.084401938
v 0.178451552 0.017275152 0.050937724
v 0.181206726 0.010342970 0.081548335
v 0.178451552 0.017275152 0.050937724
v 0.181963722 -0.015573750 0.084401938
v 0.176839114 -0.021339834 0.054680931
v 0.181963722 -0.015573750 0.084401938
v 0.227459331 -0.020549786 0.066469123
v 0.176839114 -0.021339834 0.054680931
v 0.227459331 -0.020549786 0.066469123
v 0.181963722 -0.015573750 0.084401938
v 0.216396291 -0.011516677 0.099311375
v 0.216396291 -0.011516677 0.099311375
v 0.226657863 0.017126962 0.063111734
v 0.227459331 -0.020549786 0.066469123
v 0.226657863 0.017126962 0.063111734
v 0.216396291 -0.011516677 0.099311375
v 0.217144263 0.006730084 0.097311895
v 0.226657863 0.017126962 0.063111734
v 0.181206726 0.010342970 0.081548335
v 0.178451552 0.017275152 0.050937724
v 0.181206726 0.010342970 0.081548335
v 0.226657863 0.017126962 0.063111734
v 0.217144263 0.006730084 0.097311895
v -0.068911346 0.071485367 0.285505674
v -0.056681779 0.074787394 0.294123116
v -0.072697328 0.089483933 0.290174302
v -0.056681779 0.074787394 0.294123116
v -0.068911346 0.071485367 0.285505674
v -0.050345295 0.050576662 0.281413812
v -0.072697328 0.089483933 0.290174302
v -0.097287472 0.067370212 0.279640818
v -0.068911346 0.071485367 0.285505674
v -0.097287472 0.067370212 0.279640818
v -0.072697328 0.089483933 0.290174302
v -0.099618649 0.087445233 0.289351334
v 0.237431614 0.004406822 0.029674858
v 0.200739918 0.012231622 -0.030772914
v 0.241589157 0.016125807 -0.005576576
v 0.200739918 0.012231622 -0.030772914
v 0.237431614 0.004406822 0.029674858
v 0.185564763 -0.003512949 0.023990218
v 0.185564763 -0.003512949 0.023990218
v 0.205379833 -0.004075246 -0.044787916
v 0.200739918 0.012231622 -0.030772914
v 0.205379833 -0.004075246 -0.044787916
v 0.185564763 -0.003512949 0.023990218
v 0.189496738 -0.022190148 0.018317219
v 0.205379833 -0.004075246 -0.044787916
v 0.239501519 -0.014294340 0.023036734
v 0.245647992 0.000023931 -0.019555039
v 0.239501519 -0.014294340 0.023036734
v 0.205379833 -0.004075246 -0.044787916
v 0.189496738 -0.022190148 0.018317219
v 0.245647992 0.000023931 -0.019555039
v 0.237431614 0.004406822 0.029674858
v 0.241589157 0.016125807 -0.005576576
v 0.237431614 0.004406822 0.029674858
v 0.245647992 0.000023931 -0.019555039
v 0.239501519 -0.014294340 0.023036734
v 0.176839114 -0.021339834 0.054680931
v 0.179489791 0.019453594 0.028122133
v 0.178451552 0.017275152 0.050937724
v 0.179489791 0.019453594 0.028122133
v 0.176839114 -0.021339834 0.054680931
v 0.168909618 0.003150469 0.010997342
v 0.179489791 0.019453594 0.028122133
v 0.185564763 -0.003512949 0.023990218
v 0.178451552 0.017275152 0.050937724
v 0.185564763 -0.003512949 0.023990218
v 0.179489791 0.019453594 0.028122133
v 0.193007455 0.010586932 0.020673215
v 0.185564763 -0.003512949 0.023990218
v 0.185840759 -0.011285060 0.011955195
v 0.189496738 -0.022190148 0.018317219
v 0.185840759 -0.011285060 0.011955195
v 0.185564763 -0.003512949 0.023990218
v 0.193007455 0.010586932 0.020673215
v 0.185840759 -0.011285060 0.011955195
v 0.176839114 -0.021339834 0.054680931
v 0.189496738 -0.022190148 0.018317219
v 0.176839114 -0.021339834 0.054680931
v 0.185840759 -0.011285060 0.011955195
v 0.168909618 0.003150469 0.010997342
v 0.168909618 0.003150469 0.010997342
v 0.185951996 0.022942542 0.009566931
v 0.179489791 0.019453594 0.028122133
v 0.185951996 0.022942542 0.009566931
v 0.168909618 0.003150469 0.010997342
v 0.178635367 0.017988315 0.001949416
v 0.179489791 0.019453594 0.028122133
v 0.195544551 0.019926266 0.004596347
v 0.193007455 0.010586932 0.020673215
v 0.195544551 0.019926266 0.004596347
v 0.179489791 0.019453594 0.028122133
v 0.185951996 0.022942542 0.009566931
v 0.193007455 0.010586932 0.020673215
v 0.191615176 0.011455884 -0.001224293
v 0.185840759 -0.011285060 0.011955195
v 0.191615176 0.011455884 -0.001224293
v 0.193007455 0.010586932 0.020673215
v 0.195544551 0.019926266 0.004596347
v 0.185840759 -0.011285060 0.011955195
v 0.178635367 0.017988315 0.001949416
v 0.168909618 0.003150469 0.010997342
v 0.178635367 0.017988315 0.001949416
v 0.185840759 -0.011285060 0.011955195
v 0.191615176 0.011455884 -0.001224293
v 0.332420455 0.037192739 -0.425551719
v 0.343572073 -0.010900816 -0.456329688
v 0.333744292 -0.010049131 -0.438951889
v 0.343572073 -0.010900816 -0.456329688
v 0.332420455 0.037192739 -0.425551719
v 0.346065599 0.039533439 -0.444505484
v 0.222163394 0.091031323 -0.427809325
v 0.252740405 0.067917504 -0.460651018
v 0.225790192 0.108550300 -0.458193705
v 0.252740405 0.067917504 -0.460651018
v 0.222163394 0.091031323 -0.427809325
v 0.247637306 0.059857645 -0.437410053
v 0.232707745 0.082374859 -0.383338283
v 0.252401906 0.114938844 -0.412028015
v 0.251105346 0.089387516 -0.369136463
v 0.252401906 0.114938844 -0.412028015
v 0.232707745 0.082374859 -0.383338283
v 0.222163394 0.091031323 -0.427809325
v 0.283854102 0.097259675 -0.446652816
v 0.252401906 0.114938844 -0.412028015
v 0.251635110 0.129290944 -0.447379441
v 0.252401906 0.114938844 -0.412028015
v 0.283854102 0.097259675 -0.446652816
v 0.278286692 0.088646443 -0.413134572
v 0.266344402 0.041674064 -0.389137946
v 0.332420455 0.037192739 -0.425551719
v 0.333744292 -0.010049131 -0.438951889
v 0.332420455 0.037192739 -0.425551719
v 0.266344402 0.041674064 -0.389137946
v 0.272341059 0.074205952 -0.380685086
v 0.252740405 0.067917504 -0.460651018
v 0.307535290 -0.017866554 -0.450190472
v 0.311182432 -0.023835976 -0.466991908
v 0.307535290 -0.017866554 -0.450190472
v 0.252740405 0.067917504 -0.460651018
v 0.247637306 0.059857645 -0.437410053
v 0.252740405 0.067917504 -0.460651018
v 0.346065599 0.039533439 -0.444505484
v 0.283854102 0.097259675 -0.446652816
v 0.346065599 0.039533439 -0.444505484
v 0.252740405 0.067917504 -0.460651018
v 0.311182432 -0.023835976 -0.466991908
v 0.283854102 0.097259675 -0.446652816
v 0.332420455 0.037192739 -0.425551719
v 0.278286692 0.088646443 -0.413134572
v 0.332420455 0.037192739 -0.425551719
v 0.283854102 0.097259675 -0.446652816
v 0.346065599 0.039533439 -0.444505484
v 0.041151404 0.009809884 0.002179562
v 0.076099357 0.003609664 -0.031940840
v 0.033989094 0.016091150 -0.056870865
v 0.067179772 0.022917413 0.014175356
v 0.076099357 0.003609664 -0.031940840
v 0.041151404 0.009809884 0.002179562
v 0.076099357 0.003609664 -0.031940840
v 0.131326581 -0.007754729 -0.114404420
v 0.087018932 0.007407627 -0.141317483
v 0.131326581 -0.007754729 -0.114404420
v 0.148070961 0.012271059 -0.218252919
v 0.087018932 0.007407627 -0.141317483
v 0.148070961 0.012271059 -0.218252919
v 0.131326581 -0.007754729 -0.114404420
v 0.177930350 -0.022019250 -0.198961815
v 0.177930350 -0.022019250 -0.198961815
v 0.165454654 0.027179198 -0.285961235
v 0.148070961 0.012271059 -0.218252919
v 0.165454654 0.027179198 -0.285961235
v 0.177930350 -0.022019250 -0.198961815
v 0.199764401 0.009635078 -0.252502430
v 0.165454654 0.027179198 -0.285961235
v 0.229447338 0.023683320 -0.318929335
v 0.198466867 0.042406188 -0.333009962
v 0.229447338 0.023683320 -0.318929335
v 0.165454654 0.027179198 -0.285961235
v 0.199764401 0.009635078 -0.252502430
v 0.198466867 0.042406188 -0.333009962
v 0.266344402 0.041674064 -0.389137946
v 0.246429929 0.054686242 -0.400556446
v 0.266344402 0.041674064 -0.389137946
v 0.198466867 0.042406188 -0.333009962
v 0.229447338 0.023683320 -0.318929335
v 0.246429929 0.054686242 -0.400556446
v 0.333744292 -0.010049131 -0.438951889
v 0.307535290 -0.017866554 -0.450190472
v 0.333744292 -0.010049131 -0.438951889
v 0.246429929 0.054686242 -0.400556446
v 0.266344402 0.041674064 -0.389137946
v 0.333744292 -0.010049131 -0.438951889
v 0.311182432 -0.023835976 -0.466991908
v 0.307535290 -0.017866554 -0.450190472
v 0.311182432 -0.023835976 -0.466991908
v 0.333744292 -0.010049131 -0.438951889
v 0.343572073 -0.010900816 -0.456329688
v 0.307535290 -0.017866554 -0.450190472
v 0.247637306 0.059857645 -0.437410053
v 0.246429929 0.054686242 -0.400556446
v 0.246429929 0.054686242 -0.400556446
v 0.222163394 0.091031323 -0.427809325
v 0.232707745 0.082374859 -0.383338283
v 0.222163394 0.091031323 -0.427809325
v 0.246429929 0.054686242 -0.400556446
v 0.247637306 0.059857645 -0.437410053
v 0.252401906 0.114938844 -0.412028015
v 0.225790192 0.108550300 -0.458193705
v 0.251635110 0.129290944 -0.447379441
v 0.225790192 0.108550300 -0.458193705
v 0.252401906 0.114938844 -0.412028015
v 0.222163394 0.091031323 -0.427809325
v 0.251105346 0.089387516 -0.369136463
v 0.278286692 0.088646443 -0.413134572
v 0.272341059 0.074205952 -0.380685086
v 0.278286692 0.088646443 -0.413134572
v 0.251105346 0.089387516 -0.369136463
v 0.252401906 0.114938844 -0.412028015
v 0.278286692 0.088646443 -0.413134572
v 0.332420455 0.037192739 -0.425551719
v 0.272341059 0.074205952 -0.380685086
v 0.058556041 0.045436657 0.062484824
v 0.076616755 0.057261480 0.033067119
v 0.067179772 0.022917413 0.014175356
v 0.076616755 0.057261480 0.033067119
v 0.087326088 0.057345180 0.005100004
v 0.067179772 0.022917413 0.014175356
v 0.033989094 0.016091150 -0.056870865
v 0.008005341 0.048168512 -0.067604958
v 0.007834763 0.001067873 -0.045574353
v -0.042259509 0.068324155 0.305950872
v -0.046700346 0.044076928 0.295156281
v -0.038869078 0.047420643 0.302472644
v -0.046700346 0.044076928 0.295156281
v -0.042259509 0.068324155 0.305950872
v -0.057549447 0.056655335 0.295367514
v -0.062925869 0.083980122 0.323438505
v -0.072697328 0.089483933 0.290174302
v -0.056681779 0.074787394 0.294123116
v -0.072697328 0.089483933 0.290174302
v -0.062925869 0.083980122 0.323438505
v -0.081394877 0.097053553 0.331837181
v -0.070070266 0.043497535 0.442098039
v -0.071511867 0.010125902 0.433919911
v -0.087053095 0.032987563 0.445187205
v -0.027405542 0.011934284 0.378599788
v -0.038047346 -0.002732051 0.376501736
v -0.037233111 0.016645250 0.406241005
v -0.042259509 0.068324155 0.305950872
v -0.033819739 0.047544307 0.323232173
v -0.042097058 0.074108826 0.333761707
v -0.033819739 0.047544307 0.323232173
v -0.042259509 0.068324155 0.305950872
v -0.038869078 0.047420643 0.302472644
v -0.049258921 0.074881648 0.316761577
v -0.042097058 0.074108826 0.333761707
v -0.053298349 0.089001004 0.368063156
v -0.042097058 0.074108826 0.333761707
v -0.049258921 0.074881648 0.316761577
v -0.042259509 0.068324155 0.305950872
v -0.041771296 0.070234354 0.378879507
v -0.035255066 0.037563442 0.413548497
v -0.042277650 0.064515428 0.415645703
v -0.035255066 0.037563442 0.413548497
v -0.041771296 0.070234354 0.378879507
v -0.030792927 0.045580797 0.375117342
v -0.041771296 0.070234354 0.378879507
v -0.042277650 0.064515428 0.415645703
v -0.053298349 0.089001004 0.368063156
v -0.081394877 0.097053553 0.331837181
v -0.064432559 0.101216775 0.371090086
v -0.085085251 0.112512791 0.377728860
v -0.064432559 0.101216775 0.371090086
v -0.081394877 0.097053553 0.331837181
v -0.062925869 0.083980122 0.323438505
v -0.124043599 0.101013306 0.375338843
v -0.087713498 0.098420928 0.424062339
v -0.120984380 0.089466957 0.423161276
v -0.087713498 0.098420928 0.424062339
v -0.124043599 0.101013306 0.375338843
v -0.085085251 0.112512791 0.377728860
v -0.049258921 0.074881648 0.316761577
v -0.057549447 0.056655335 0.295367514
v -0.042259509 0.068324155 0.305950872
v -0.035255066 0.037563442 0.413548497
v -0.027405542 0.011934284 0.378599788
v -0.037233111 0.016645250 0.406241005
v -0.029085895 0.046963580 0.352518872
v -0.033518987 0.030961816 0.313415398
v -0.028373368 0.019615417 0.347142573
v -0.038869078 0.047420643 0.302472644
v -0.046700346 0.044076928 0.295156281
v -0.037478529 0.013558468 0.288228556
v -0.037478529 0.013558468 0.288228556
v -0.059662984 0.013037220 0.280868577
v -0.048593284 -0.004763843 0.283617754
v -0.059662984 0.013037220 0.280868577
v -0.037478529 0.013558468 0.288228556
v -0.046700346 0.044076928 0.295156281
v -0.047298338 0.021457475 0.424892132
v -0.035255066 0.037563442 0.413548497
v -0.037233111 0.016645250 0.406241005
v -0.052877861 0.054478119 0.433312040
v -0.064667865 0.090601586 0.423191491
v -0.042277650 0.064515428 0.415645703
v -0.064667865 0.090601586 0.423191491
v -0.052877861 0.054478119 0.433312040
v -0.072790083 0.075743194 0.439778521
v -0.120984380 0.089466957 0.423161276
v -0.091148905 0.071849699 0.443750639
v -0.107078407 0.064571635 0.444605729
v -0.035255066 0.037563442 0.413548497
v -0.052877861 0.054478119 0.433312040
v -0.042277650 0.064515428 0.415645703
v -0.099618649 0.087445233 0.289351334
v -0.081394877 0.097053553 0.331837181
v -0.114646787 0.091568205 0.337435023
v -0.081394877 0.097053553 0.331837181
v -0.099618649 0.087445233 0.289351334
v -0.072697328 0.089483933 0.290174302
v -0.114646787 0.091568205 0.337435023
v -0.085085251 0.112512791 0.377728860
v -0.124043599 0.101013306 0.375338843
v -0.085085251 0.112512791 0.377728860
v -0.114646787 0.091568205 0.337435023
v -0.081394877 0.097053553 0.331837181
v -0.087713498 0.098420928 0.424062339
v -0.085085251 0.112512791 0.377728860
v -0.064667865 0.090601586 0.423191491
v -0.072790083 0.075743194 0.439778521
v -0.087713498 0.098420928 0.424062339
v -0.064667865 0.090601586 0.423191491
v -0.042865029 0.079758720 0.364188858
v -0.044450543 0.094442470 0.363834549
v -0.038219713 0.075935971 0.336811226
v -0.044450543 0.094442470 0.363834549
v -0.042865029 0.079758720 0.364188858
v -0.044280582 0.085643689 0.382816440
v -0.042097058 0.074108826 0.333761707
v -0.044450543 0.094442470 0.363834549
v -0.053298349 0.089001004 0.368063156
v -0.044450543 0.094442470 0.363834549
v -0.042097058 0.074108826 0.333761707
v -0.038219713 0.075935971 0.336811226
v -0.053298349 0.089001004 0.368063156
v -0.044280582 0.085643689 0.382816440
v -0.041771296 0.070234354 0.378879507
v -0.044280582 0.085643689 0.382816440
v -0.053298349 0.089001004 0.368063156
v -0.044450543 0.094442470 0.363834549
v -0.041771296 0.070234354 0.378879507
v -0.042865029 0.079758720 0.364188858
v -0.035759629 0.065087150 0.354989255
v -0.042865029 0.079758720 0.364188858
v -0.041771296 0.070234354 0.378879507
v -0.044280582 0.085643689 0.382816440
v -0.035759629 0.065087150 0.354989255
v -0.038219713 0.075935971 0.336811226
v -0.042097058 0.074108826 0.333761707
v -0.038219713 0.075935971 0.336811226
v -0.035759629 0.065087150 0.354989255
v -0.042865029 0.079758720 0.364188858
v -0.030446309 0.019218205 0.369298949
v -0.029085895 0.046963580 0.352518872
v -0.028373368 0.019615417 0.347142573
v -0.029085895 0.046963580 0.352518872
v -0.030446309 0.019218205 0.369298949
v -0.030792927 0.045580797 0.375117342
v -0.029085895 0.046963580 0.352518872
v -0.041771296 0.070234354 0.378879507
v -0.035759629 0.065087150 0.354989255
v -0.041771296 0.070234354 0.378879507
v -0.029085895 0.046963580 0.352518872
v -0.030792927 0.045580797 0.375117342
v -0.057549447 0.056655335 0.295367514
v -0.050345295 0.050576662 0.281413812
v -0.053322591 0.037978174 0.266287787
v -0.050345295 0.050576662 0.281413812
v -0.057549447 0.056655335 0.295367514
v -0.056681779 0.074787394 0.294123116
v -0.050345295 0.050576662 0.281413812
v -0.019494761 0.069127402 0.276886937
v -0.014834065 0.045256934 0.270438328
v -0.056681779 0.074787394 0.294123116
v -0.049258921 0.074881648 0.316761577
v -0.062925869 0.083980122 0.323438505
v -0.049258921 0.074881648 0.316761577
v -0.056681779 0.074787394 0.294123116
v -0.057549447 0.056655335 0.295367514
v -0.049258921 0.074881648 0.316761577
v -0.053298349 0.089001004 0.368063156
v -0.062925869 0.083980122 0.323438505
v -0.070503920 0.013333786 0.248125187
v -0.035762741 0.027607298 0.239295102
v -0.062250455 0.010341576 0.224941778
v -0.035762741 0.027607298 0.239295102
v -0.070503920 0.013333786 0.248125187
v -0.053322591 0.037978174 0.266287787
v 0.041151404 0.009809884 0.002179562
v -0.006297756 0.002471640 0.049724961
v 0.035042550 0.011538438 0.059183588
v -0.006297756 0.002471640 0.049724961
v 0.041151404 0.009809884 0.002179562
v 0.002519985 -0.006181995 -0.009444187
v -0.009892392 0.115714218 0.013113693
v 0.037849304 0.129465394 -0.024357373
v 0.030757603 0.119717343 0.023885496
v 0.037849304 0.129465394 -0.024357373
v -0.009892392 0.115714218 0.013113693
v -0.003078564 0.125768251 -0.033545234
v 0.037849304 0.129465394 -0.024357373
v 0.002839648 0.116383092 -0.066003184
v 0.047506768 0.117432194 -0.066000172
v 0.002839648 0.116383092 -0.066003184
v 0.037849304 0.129465394 -0.024357373
v -0.003078564 0.125768251 -0.033545234
v 0.002839648 0.116383092 -0.066003184
v 0.028233933 0.096812628 -0.090020403
v 0.047506768 0.117432194 -0.066000172
v 0.028233933 0.096812628 -0.090020403
v 0.002839648 0.116383092 -0.066003184
v 0.007303552 0.106927611 -0.083814725
v -0.073524002 0.024592380 0.288822254
v -0.053322591 0.037978174 0.266287787
v -0.070503920 0.013333786 0.248125187
v -0.053322591 0.037978174 0.266287787
v -0.073524002 0.024592380 0.288822254
v -0.057549447 0.056655335 0.295367514
v 0.007303552 0.106927611 -0.083814725
v 0.008005341 0.048168512 -0.067604958
v 0.028233933 0.096812628 -0.090020403
v 0.028233933 0.096812628 -0.090020403
v 0.008005341 0.048168512 -0.067604958
v 0.033989094 0.016091150 -0.056870865
v -0.091148905 0.071849699 0.443750639
v -0.087053095 0.032987563 0.445187205
v -0.107078407 0.064571635 0.444605729
v -0.087053095 0.032987563 0.445187205
v -0.091148905 0.071849699 0.443750639
v -0.070070266 0.043497535 0.442098039
v -0.036823541 0.009218706 0.319922435
v -0.041408674 -0.000807188 0.342289164
v -0.028373368 0.019615417 0.347142573
v -0.041408674 -0.000807188 0.342289164
v -0.036823541 0.009218706 0.319922435
v -0.040287027 -0.000862475 0.332699724
v -0.046700346 0.044076928 0.295156281
v -0.073524002 0.024592380 0.288822254
v -0.059662984 0.013037220 0.280868577
v -0.073524002 0.024592380 0.288822254
v -0.046700346 0.044076928 0.295156281
v -0.057549447 0.056655335 0.295367514
v -0.064160771 -0.000181251 0.424992966
v -0.071511867 0.010125902 0.433919911
v -0.047298338 0.021457475 0.424892132
v -0.064160771 -0.000181251 0.424992966
v -0.037233111 0.016645250 0.406241005
v -0.055310538 -0.011118455 0.403792172
v -0.037233111 0.016645250 0.406241005
v -0.064160771 -0.000181251 0.424992966
v -0.047298338 0.021457475 0.424892132
v -0.028373368 0.019615417 0.347142573
v -0.043963507 0.004009531 0.367065936
v -0.030446309 0.019218205 0.369298949
v -0.043963507 0.004009531 0.367065936
v -0.028373368 0.019615417 0.347142573
v -0.041408674 -0.000807188 0.342289164
v 0.091358618 0.063325431 0.183434863
v 0.061873362 0.091194688 0.251800634
v 0.033325680 0.073298133 0.201039840
v 0.033325680 0.073298133 0.201039840
v 0.087366733 0.007230571 0.204108013
v 0.091358618 0.063325431 0.183434863
v 0.023702473 0.030612818 0.109599627
v 0.058556041 0.045436657 0.062484824
v 0.035042550 0.011538438 0.059183588
v 0.058556041 0.045436657 0.062484824
v 0.023702473 0.030612818 0.109599627
v 0.036543664 0.064876022 0.114789181
v 0.036543664 0.064876022 0.114789181
v 0.059216138 0.100235182 0.051361922
v 0.058556041 0.045436657 0.062484824
v 0.059216138 0.100235182 0.051361922
v 0.036543664 0.064876022 0.114789181
v 0.032270297 0.114355576 0.106195769
v 0.059216138 0.100235182 0.051361922
v -0.002948058 0.129477874 0.092591067
v 0.025279196 0.117287947 0.038228132
v -0.002948058 0.129477874 0.092591067
v 0.059216138 0.100235182 0.051361922
v 0.032270297 0.114355576 0.106195769
v 0.025279196 0.117287947 0.038228132
v -0.046753032 0.118272715 0.078436494
v -0.015867135 0.111759983 0.028238481
v -0.046753032 0.118272715 0.078436494
v 0.025279196 0.117287947 0.038228132
v -0.002948058 0.129477874 0.092591067
v -0.050345295 0.050576662 0.281413812
v -0.014834065 0.045256934 0.270438328
v -0.053322591 0.037978174 0.266287787
v -0.053322591 0.037978174 0.266287787
v -0.014834065 0.045256934 0.270438328
v -0.008737869 0.028577913 0.250160535
v -0.008737869 0.028577913 0.250160535
v 0.022734133 0.038551690 0.274085450
v 0.018253691 0.020474656 0.251991061
v 0.022734133 0.038551690 0.274085450
v -0.008737869 0.028577913 0.250160535
v -0.014834065 0.045256934 0.270438328
v 0.018253691 0.020474656 0.251991061
v 0.046944023 0.023051383 0.240710637
v 0.039227039 0.020918811 0.211865152
v 0.046944023 0.023051383 0.240710637
v 0.018253691 0.020474656 0.251991061
v 0.022734133 0.038551690 0.274085450
v 0.046944023 0.023051383 0.240710637
v 0.087366733 0.007230571 0.204108013
v 0.039227039 0.020918811 0.211865152
v 0.107388157 0.027779913 0.263717904
v 0.046944023 0.023051383 0.240710637
v 0.060237856 0.041949597 0.270727987
v 0.076099357 0.003609664 -0.031940840
v 0.087018932 0.007407627 -0.141317483
v 0.033989094 0.016091150 -0.056870865
v -0.027405542 0.011934284 0.378599788
v -0.030792927 0.045580797 0.375117342
v -0.030446309 0.019218205 0.369298949
v -0.043963507 0.004009531 0.367065936
v -0.027405542 0.011934284 0.378599788
v -0.030446309 0.019218205 0.369298949
v -0.027405542 0.011934284 0.378599788
v -0.043963507 0.004009531 0.367065936
v -0.038047346 -0.002732051 0.376501736
v -0.027405542 0.011934284 0.378599788
v -0.035255066 0.037563442 0.413548497
v -0.030792927 0.045580797 0.375117342
v 0.346065599 0.039533439 -0.444505484
v 0.311182432 -0.023835976 -0.466991908
v 0.343572073 -0.010900816 -0.456329688
v -0.037478529 0.013558468 0.288228556
v -0.039447724 -0.000841892 0.311002877
v -0.036881352 0.009128338 0.313310921
v -0.033518987 0.030961816 0.313415398
v -0.029085895 0.046963580 0.352518872
v -0.033819739 0.047544307 0.323232173
v -0.037478529 0.013558468 0.288228556
v -0.033518987 0.030961816 0.313415398
v -0.038869078 0.047420643 0.302472644
v -0.036881352 0.009128338 0.313310921
v -0.041943363 0.002088186 0.315619236
v -0.036823541 0.009218706 0.319922435
v -0.041943363 0.002088186 0.315619236
v -0.036881352 0.009128338 0.313310921
v -0.039447724 -0.000841892 0.311002877
v -0.041408674 -0.000807188 0.342289164
v -0.048284362 -0.011918834 0.330979894
v -0.044031969 -0.019863854 0.339896217
v -0.041943363 0.002088186 0.315619236
v -0.039932733 -0.002124537 0.319728942
v -0.036823541 0.009218706 0.319922435
v -0.051516512 -0.004592962 0.315062479
v -0.039447724 -0.000841892 0.311002877
v -0.047820984 -0.009494982 0.308589286
v -0.039447724 -0.000841892 0.311002877
v -0.051516512 -0.004592962 0.315062479
v -0.041943363 0.002088186 0.315619236
v -0.033518987 0.030961816 0.313415398
v -0.036881352 0.009128338 0.313310921
v -0.036823541 0.009218706 0.319922435
v -0.036881352 0.009128338 0.313310921
v -0.033518987 0.030961816 0.313415398
v -0.037478529 0.013558468 0.288228556
v -0.033518987 0.030961816 0.313415398
v -0.033819739 0.047544307 0.323232173
v -0.038869078 0.047420643 0.302472644
v -0.042097058 0.074108826 0.333761707
v -0.029085895 0.046963580 0.352518872
v -0.035759629 0.065087150 0.354989255
v -0.029085895 0.046963580 0.352518872
v -0.042097058 0.074108826 0.333761707
v -0.033819739 0.047544307 0.323232173
v -0.028373368 0.019615417 0.347142573
v -0.033518987 0.030961816 0.313415398
v -0.036823541 0.009218706 0.319922435
v -0.055310538 -0.011118455 0.403792172
v -0.038047346 -0.002732051 0.376501736
v -0.048688309 -0.017397852 0.374403758
v -0.038047346 -0.002732051 0.376501736
v -0.055310538 -0.011118455 0.403792172
v -0.037233111 0.016645250 0.406241005
v -0.038047346 -0.002732051 0.376501736
v -0.049942260 -0.014083057 0.364871832
v -0.048688309 -0.017397852 0.374403758
v -0.049942260 -0.014083057 0.364871832
v -0.038047346 -0.002732051 0.376501736
v -0.043963507 0.004009531 0.367065936
v -0.049942260 -0.014083057 0.364871832
v -0.041408674 -0.000807188 0.342289164
v -0.044031969 -0.019863854 0.339896217
v -0.041408674 -0.000807188 0.342289164
v -0.049942260 -0.014083057 0.364871832
v -0.043963507 0.004009531 0.367065936
v -0.040287027 -0.000862475 0.332699724
v -0.036823541 0.009218706 0.319922435
v -0.039932733 -0.002124537 0.319728942
v 0.032270297 0.114355576 0.106195769
v 0.027824675 0.121174444 0.160579886
v 0.014280307 0.133759323 0.150808102
v 0.005887073 0.124698623 0.250263872
v 0.015286898 0.111360415 0.243439648
v 0.008557490 0.120369561 0.255024585
v 0.027824675 0.121174444 0.160579886
v 0.007874992 0.139179659 0.200722519
v 0.014280307 0.133759323 0.150808102
v 0.007874992 0.139179659 0.200722519
v 0.027824675 0.121174444 0.160579886
v 0.019535555 0.126075942 0.202877757
v 0.014280307 0.133759323 0.150808102
v -0.002948058 0.129477874 0.092591067
v 0.032270297 0.114355576 0.106195769
v -0.039447724 -0.000841892 0.311002877
v -0.048593284 -0.004763843 0.283617754
v -0.047820984 -0.009494982 0.308589286
v -0.097287472 0.067370212 0.279640818
v -0.057102976 0.107743366 0.274873233
v -0.068911346 0.071485367 0.285505674
v -0.039932733 -0.002124537 0.319728942
v -0.051516512 -0.004592962 0.315062479
v -0.047559360 -0.011388917 0.319116798
v -0.051516512 -0.004592962 0.315062479
v -0.039932733 -0.002124537 0.319728942
v -0.041943363 0.002088186 0.315619236
v -0.048284362 -0.011918834 0.330979894
v -0.039932733 -0.002124537 0.319728942
v -0.047559360 -0.011388917 0.319116798
v -0.039932733 -0.002124537 0.319728942
v -0.048284362 -0.011918834 0.330979894
v -0.040287027 -0.000862475 0.332699724
v -0.029712711 0.145172345 0.186187151
v -0.090804235 0.121763460 0.206310799
v -0.082414732 0.133034475 0.167623276
v -0.090804235 0.121763460 0.206310799
v -0.029712711 0.145172345 0.186187151
v -0.038337212 0.134090604 0.228072312
v -0.038337212 0.134090604 0.228072312
v 0.007874992 0.139179659 0.200722519
v 0.005887073 0.124698623 0.250263872
v 0.007874992 0.139179659 0.200722519
v -0.038337212 0.134090604 0.228072312
v -0.029712711 0.145172345 0.186187151
v 0.007874992 0.139179659 0.200722519
v 0.015286898 0.111360415 0.243439648
v 0.005887073 0.124698623 0.250263872
v 0.015286898 0.111360415 0.243439648
v 0.007874992 0.139179659 0.200722519
v 0.019535555 0.126075942 0.202877757
v 0.015286898 0.111360415 0.243439648
v 0.020101369 0.109747572 0.198910444
v 0.005688745 0.086210242 0.223573744
v 0.020101369 0.109747572 0.198910444
v 0.015286898 0.111360415 0.243439648
v 0.019535555 0.126075942 0.202877757
v 0.005688745 0.086210242 0.223573744
v 0.024795712 0.075427375 0.194406024
v 0.013225277 0.069899612 0.220153164
v 0.024795712 0.075427375 0.194406024
v 0.005688745 0.086210242 0.223573744
v 0.020101369 0.109747572 0.198910444
v 0.029570718 0.062072631 0.198235932
v 0.013225277 0.069899612 0.220153164
v 0.024795712 0.075427375 0.194406024
v 0.013225277 0.069899612 0.220153164
v 0.029570718 0.062072631 0.198235932
v 0.019304430 0.045116282 0.226364952
v 0.005926332 0.022328723 0.185828978
v -0.034376753 0.003228225 0.148393060
v -0.040803548 -0.000284134 0.169152322
v -0.034376753 0.003228225 0.148393060
v 0.005926332 0.022328723 0.185828978
v 0.014484850 0.025119477 0.159255707
v 0.014484850 0.025119477 0.159255707
v 0.029570718 0.062072631 0.198235932
v 0.035407742 0.068898650 0.167478449
v 0.029570718 0.062072631 0.198235932
v 0.014484850 0.025119477 0.159255707
v 0.005926332 0.022328723 0.185828978
v -0.015200406 0.017245686 0.211215295
v 0.005371829 0.031240615 0.233925921
v 0.019304430 0.045116282 0.226364952
v 0.005371829 0.031240615 0.233925921
v -0.015200406 0.017245686 0.211215295
v -0.035762741 0.027607298 0.239295102
v 0.019304430 0.045116282 0.226364952
v 0.021615581 0.033636951 0.220419195
v 0.033325680 0.073298133 0.201039840
v 0.021615581 0.033636951 0.220419195
v 0.019304430 0.045116282 0.226364952
v 0.005371829 0.031240615 0.233925921
v 0.021615581 0.033636951 0.220419195
v 0.039227039 0.020918811 0.211865152
v 0.033325680 0.073298133 0.201039840
v 0.062894250 0.085840899 0.261736135
v 0.015286898 0.111360415 0.243439648
v 0.061873362 0.091194688 0.251800634
v 0.015286898 0.111360415 0.243439648
v 0.062894250 0.085840899 0.261736135
v 0.008557490 0.120369561 0.255024585
v -0.035762741 0.027607298 0.239295102
v -0.052228442 0.002825670 0.200899377
v -0.062250455 0.010341576 0.224941778
v -0.052228442 0.002825670 0.200899377
v -0.035762741 0.027607298 0.239295102
v -0.015200406 0.017245686 0.211215295
v -0.064432559 0.101216775 0.371090086
v -0.042277650 0.064515428 0.415645703
v -0.064667865 0.090601586 0.423191491
v -0.062925869 0.083980122 0.323438505
v -0.053298349 0.089001004 0.368063156
v -0.064432559 0.101216775 0.371090086
v -0.042277650 0.064515428 0.415645703
v -0.064432559 0.101216775 0.371090086
v -0.053298349 0.089001004 0.368063156
v -0.064667865 0.090601586 0.423191491
v -0.085085251 0.112512791 0.377728860
v -0.064432559 0.101216775 0.371090086
v -0.047298338 0.021457475 0.424892132
v -0.070070266 0.043497535 0.442098039
v -0.052877861 0.054478119 0.433312040
v -0.070070266 0.043497535 0.442098039
v -0.072790083 0.075743194 0.439778521
v -0.052877861 0.054478119 0.433312040
v -0.072790083 0.075743194 0.439778521
v -0.070070266 0.043497535 0.442098039
v -0.091148905 0.071849699 0.443750639
v -0.091148905 0.071849699 0.443750639
v -0.087713498 0.098420928 0.424062339
v -0.072790083 0.075743194 0.439778521
v -0.052877861 0.054478119 0.433312040
v -0.035255066 0.037563442 0.413548497
v -0.047298338 0.021457475 0.424892132
v -0.068631399 0.129598375 0.126620895
v -0.002948058 0.129477874 0.092591067
v -0.019861354 0.141158452 0.141259805
v -0.002948058 0.129477874 0.092591067
v -0.068631399 0.129598375 0.126620895
v -0.046753032 0.118272715 0.078436494
v -0.097287472 0.067370212 0.279640818
v -0.097039437 0.089778379 0.256757694
v -0.057102976 0.107743366 0.274873233
v 0.035042550 0.011538438 0.059183588
v -0.018532499 0.012219860 0.092363787
v 0.023702473 0.030612818 0.109599627
v -0.018532499 0.012219860 0.092363787
v 0.035042550 0.011538438 0.059183588
v -0.006297756 0.002471640 0.049724961
v -0.039447724 -0.000841892 0.311002877
v -0.037478529 0.013558468 0.288228556
v -0.048593284 -0.004763843 0.283617754
v -0.048284362 -0.011918834 0.330979894
v -0.041408674 -0.000807188 0.342289164
v -0.040287027 -0.000862475 0.332699724
v -0.070070266 0.043497535 0.442098039
v -0.047298338 0.021457475 0.424892132
v -0.071511867 0.010125902 0.433919911
v -0.091148905 0.071849699 0.443750639
v -0.120984380 0.089466957 0.423161276
v -0.087713498 0.098420928 0.424062339
v 0.199764401 0.009635078 -0.252502430
v 0.156547165 0.001535225 -0.339463791
v 0.122445562 -0.010111383 -0.270648659
v 0.156547165 0.001535225 -0.339463791
v 0.199764401 0.009635078 -0.252502430
v 0.229447338 0.023683320 -0.318929335
v 0.177930350 -0.022019250 -0.198961815
v 0.122445562 -0.010111383 -0.270648659
v 0.112506749 -0.023872562 -0.214370367
v 0.122445562 -0.010111383 -0.270648659
v 0.177930350 -0.022019250 -0.198961815
v 0.199764401 0.009635078 -0.252502430
v 0.131326581 -0.007754729 -0.114404420
v 0.112506749 -0.023872562 -0.214370367
v 0.066076759 -0.015680023 -0.132728634
v 0.112506749 -0.023872562 -0.214370367
v 0.131326581 -0.007754729 -0.114404420
v 0.177930350 -0.022019250 -0.198961815
v 0.076099357 0.003609664 -0.031940840
v 0.066076759 -0.015680023 -0.132728634
v 0.030879484 -0.012925613 -0.051752958
v 0.066076759 -0.015680023 -0.132728634
v 0.076099357 0.003609664 -0.031940840
v 0.131326581 -0.007754729 -0.114404420
v 0.030879484 -0.012925613 -0.051752958
v 0.041151404 0.009809884 0.002179562
v 0.076099357 0.003609664 -0.031940840
v 0.181477354 0.005759494 -0.407413847
v 0.229447338 0.023683320 -0.318929335
v 0.266344402 0.041674064 -0.389137946
v 0.229447338 0.023683320 -0.318929335
v 0.181477354 0.005759494 -0.407413847
v 0.156547165 0.001535225 -0.339463791
v 0.179567384 0.100925454 -0.330320556
v 0.121874722 0.065196386 -0.423974466
v 0.212022255 0.109518755 -0.391394780
v 0.121874722 0.065196386 -0.423974466
v 0.179567384 0.100925454 -0.330320556
v 0.096743573 0.074962496 -0.357731163
v 0.073145571 0.077470671 -0.295139967
v 0.179567384 0.100925454 -0.330320556
v 0.147955007 0.091447956 -0.267803156
v 0.179567384 0.100925454 -0.330320556
v 0.073145571 0.077470671 -0.295139967
v 0.096743573 0.074962496 -0.357731163
v 0.050875009 0.085535435 -0.241004433
v 0.147955007 0.091447956 -0.267803156
v 0.131203890 0.081941497 -0.226141896
v 0.147955007 0.091447956 -0.267803156
v 0.050875009 0.085535435 -0.241004433
v 0.073145571 0.077470671 -0.295139967
v 0.080994274 0.096551822 -0.157232594
v 0.050875009 0.085535435 -0.241004433
v 0.131203890 0.081941497 -0.226141896
v 0.050875009 0.085535435 -0.241004433
v 0.080994274 0.096551822 -0.157232594
v 0.029853013 0.102216793 -0.159962740
v 0.080994274 0.096551822 -0.157232594
v 0.008672767 0.112935611 -0.092868977
v 0.029853013 0.102216793 -0.159962740
v 0.013225277 0.069899612 0.220153164
v 0.015286898 0.111360415 0.243439648
v 0.005688745 0.086210242 0.223573744
v -0.133842138 0.000456389 0.221793021
v -0.096561169 0.008773410 0.219839063
v -0.137534981 -0.003635303 0.198879950
v -0.096561169 0.008773410 0.219839063
v -0.133842138 0.000456389 0.221793021
v -0.104738612 0.022223044 0.250579546
v -0.135763033 -0.002519167 0.178791886
v -0.092560911 -0.008797684 0.154257317
v -0.135734518 0.009828726 0.145244695
v -0.092560911 -0.008797684 0.154257317
v -0.135763033 -0.002519167 0.178791886
v -0.089962484 -0.005913805 0.187290763
v -0.122169194 0.055254747 0.269619223
v -0.168986531 0.066205498 0.236367197
v -0.142717351 0.081222095 0.247475869
v -0.168986531 0.066205498 0.236367197
v -0.122169194 0.055254747 0.269619223
v -0.152282675 0.040148739 0.247018571
v -0.092558957 0.087868131 0.013284495
v -0.057884216 0.107161219 0.022290434
v -0.089167589 0.082166639 0.022925198
v -0.057884216 0.107161219 0.022290434
v -0.092558957 0.087868131 0.013284495
v -0.052010362 0.113763507 0.010515569
v -0.079564523 0.028617850 0.036014965
v -0.092558957 0.087868131 0.013284495
v -0.089167589 0.082166639 0.022925198
v -0.092558957 0.087868131 0.013284495
v -0.079564523 0.028617850 0.036014965
v -0.089252015 0.045329866 0.006273500
v -0.049138267 0.001287822 0.043050911
v -0.068696527 0.012465976 -0.008509296
v -0.079564523 0.028617850 0.036014965
v -0.068696527 0.012465976 -0.008509296
v -0.049138267 0.001287822 0.043050911
v -0.039641212 0.003998143 -0.010871276
v -0.089962484 -0.005913805 0.187290763
v -0.040803548 -0.000284134 0.169152322
v -0.092560911 -0.008797684 0.154257317
v -0.040803548 -0.000284134 0.169152322
v -0.089962484 -0.005913805 0.187290763
v -0.052228442 0.002825670 0.200899377
v -0.052010362 0.113763507 0.010515569
v -0.015867135 0.111759983 0.028238481
v -0.057884216 0.107161219 0.022290434
v -0.015867135 0.111759983 0.028238481
v -0.052010362 0.113763507 0.010515569
v -0.009892392 0.115714218 0.013113693
v -0.114574172 0.110466064 0.110830664
v -0.082414732 0.133034475 0.167623276
v -0.133639857 0.112326683 0.152871642
v -0.082414732 0.133034475 0.167623276
v -0.114574172 0.110466064 0.110830664
v -0.068631399 0.129598375 0.126620895
v -0.036809619 -0.001093756 -0.056495885
v -0.067561757 0.002544069 -0.165761308
v -0.079838239 0.022569374 -0.067573928
v -0.067561757 0.002544069 -0.165761308
v -0.036809619 -0.001093756 -0.056495885
v -0.022777616 -0.009333710 -0.155330761
v -0.067561757 0.002544069 -0.165761308
v -0.006010762 -0.017776687 -0.250557939
v -0.048860153 0.012297029 -0.257287320
v -0.006010762 -0.017776687 -0.250557939
v -0.067561757 0.002544069 -0.165761308
v -0.022777616 -0.009333710 -0.155330761
v 0.002526505 0.038884615 -0.053409217
v -0.021496019 0.099523548 -0.163349173
v 0.011824054 0.032065360 -0.152836828
v -0.021496019 0.099523548 -0.163349173
v 0.002526505 0.038884615 -0.053409217
v -0.016114124 0.108955100 -0.086344456
v 0.011824054 0.032065360 -0.152836828
v -0.014317194 0.068215663 -0.249926326
v 0.004532481 0.030540168 -0.250870678
v -0.014317194 0.068215663 -0.249926326
v 0.011824054 0.032065360 -0.152836828
v -0.021496019 0.099523548 -0.163349173
v -0.016114124 0.108955100 -0.086344456
v -0.091579244 0.062267067 -0.172944175
v -0.021496019 0.099523548 -0.163349173
v -0.091579244 0.062267067 -0.172944175
v -0.016114124 0.108955100 -0.086344456
v -0.087959645 0.078192141 -0.093201518
v -0.021496019 0.099523548 -0.163349173
v -0.051894484 0.052559510 -0.252628188
v -0.014317194 0.068215663 -0.249926326
v -0.051894484 0.052559510 -0.252628188
v -0.021496019 0.099523548 -0.163349173
v -0.091579244 0.062267067 -0.172944175
v -0.087959645 0.078192141 -0.093201518
v -0.067561757 0.002544069 -0.165761308
v -0.091579244 0.062267067 -0.172944175
v -0.067561757 0.002544069 -0.165761308
v -0.087959645 0.078192141 -0.093201518
v -0.079838239 0.022569374 -0.067573928
v -0.091579244 0.062267067 -0.172944175
v -0.048860153 0.012297029 -0.257287320
v -0.051894484 0.052559510 -0.252628188
v -0.048860153 0.012297029 -0.257287320
v -0.091579244 0.062267067 -0.172944175
v -0.067561757 0.002544069 -0.165761308
v -0.046924182 0.082699094 -0.519562049
v -0.024594735 0.138062433 -0.511292577
v -0.057145828 0.125758094 -0.509264768
v -0.024594735 0.138062433 -0.511292577
v -0.046924182 0.082699094 -0.519562049
v -0.003896618 0.095422028 -0.522987033
v -0.012149807 0.012940215 -0.307981483
v -0.045364232 0.044070464 -0.381942716
v -0.052159173 0.027508814 -0.309405926
v -0.045364232 0.044070464 -0.381942716
v -0.012149807 0.012940215 -0.307981483
v -0.007424032 0.028634256 -0.380247155
v -0.007424032 0.028634256 -0.380247155
v -0.034059858 0.064915213 -0.456661457
v -0.045364232 0.044070464 -0.381942716
v -0.034059858 0.064915213 -0.456661457
v -0.007424032 0.028634256 -0.380247155
v -0.005331486 0.045988400 -0.459432423
v 0.017690460 0.053267923 -0.317345504
v -0.004473645 0.100659564 -0.361154513
v 0.010033273 0.063004268 -0.375498913
v -0.004473645 0.100659564 -0.361154513
v 0.017690460 0.053267923 -0.317345504
v -0.005603467 0.098864279 -0.295319704
v 0.010033273 0.063004268 -0.375498913
v -0.012417757 0.096330947 -0.440474609
v 0.000464531 0.076293556 -0.464324204
v -0.012417757 0.096330947 -0.440474609
v 0.010033273 0.063004268 -0.375498913
v -0.004473645 0.100659564 -0.361154513
v -0.005603467 0.098864279 -0.295319704
v -0.061232710 0.077320874 -0.370616165
v -0.004473645 0.100659564 -0.361154513
v -0.061232710 0.077320874 -0.370616165
v -0.005603467 0.098864279 -0.295319704
v -0.072295735 0.070973799 -0.297169183
v -0.004473645 0.100659564 -0.361154513
v -0.034525337 0.086388524 -0.437265231
v -0.012417757 0.096330947 -0.440474609
v -0.034525337 0.086388524 -0.437265231
v -0.004473645 0.100659564 -0.361154513
v -0.061232710 0.077320874 -0.370616165
v -0.072295735 0.070973799 -0.297169183
v -0.045364232 0.044070464 -0.381942716
v -0.061232710 0.077320874 -0.370616165
v -0.045364232 0.044070464 -0.381942716
v -0.072295735 0.070973799 -0.297169183
v -0.052159173 0.027508814 -0.309405926
v -0.061232710 0.077320874 -0.370616165
v -0.034059858 0.064915213 -0.456661457
v -0.034525337 0.086388524 -0.437265231
v -0.034059858 0.064915213 -0.456661457
v -0.061232710 0.077320874 -0.370616165
v -0.045364232 0.044070464 -0.381942716
v -0.079838239 0.022569374 -0.067573928
v -0.068696527 0.012465976 -0.008509296
v -0.036809619 -0.001093756 -0.056495885
v -0.068696527 0.012465976 -0.008509296
v -0.079838239 0.022569374 -0.067573928
v -0.090562219 0.044548952 -0.023635192
v 0.007834763 0.001067873 -0.045574353
v -0.039641212 0.003998143 -0.010871276
v 0.002519985 -0.006181995 -0.009444187
v -0.039641212 0.003998143 -0.010871276
v 0.007834763 0.001067873 -0.045574353
v 0.002526505 0.038884615 -0.053409217
v -0.052010362 0.113763507 0.010515569
v -0.093478954 0.096677963 -0.039687414
v -0.044918661 0.123511558 -0.037727300
v -0.093478954 0.096677963 -0.039687414
v -0.052010362 0.113763507 0.010515569
v -0.092558957 0.087868131 0.013284495
v -0.044918661 0.123511558 -0.037727300
v -0.086284773 0.084362294 -0.083079985
v -0.044530548 0.113721253 -0.077343744
v -0.086284773 0.084362294 -0.083079985
v -0.044918661 0.123511558 -0.037727300
v -0.093478954 0.096677963 -0.039687414
v -0.044530548 0.113721253 -0.077343744
v -0.087959645 0.078192141 -0.093201518
v -0.016114124 0.108955100 -0.086344456
v -0.087959645 0.078192141 -0.093201518
v -0.044530548 0.113721253 -0.077343744
v -0.086284773 0.084362294 -0.083079985
v -0.012149807 0.012940215 -0.307981483
v -0.048860153 0.012297029 -0.257287320
v -0.006010762 -0.017776687 -0.250557939
v -0.048860153 0.012297029 -0.257287320
v -0.012149807 0.012940215 -0.307981483
v -0.052159173 0.027508814 -0.309405926
v -0.052159173 0.027508814 -0.309405926
v -0.051894484 0.052559510 -0.252628188
v -0.048860153 0.012297029 -0.257287320
v -0.051894484 0.052559510 -0.252628188
v -0.052159173 0.027508814 -0.309405926
v -0.072295735 0.070973799 -0.297169183
v -0.051894484 0.052559510 -0.252628188
v -0.005603467 0.098864279 -0.295319704
v -0.014317194 0.068215663 -0.249926326
v -0.005603467 0.098864279 -0.295319704
v -0.051894484 0.052559510 -0.252628188
v -0.072295735 0.070973799 -0.297169183
v -0.014317194 0.068215663 -0.249926326
v 0.017690460 0.053267923 -0.317345504
v 0.004532481 0.030540168 -0.250870678
v 0.017690460 0.053267923 -0.317345504
v -0.014317194 0.068215663 -0.249926326
v -0.005603467 0.098864279 -0.295319704
v -0.092558957 0.087868131 0.013284495
v -0.090562219 0.044548952 -0.023635192
v -0.093478954 0.096677963 -0.039687414
v -0.090562219 0.044548952 -0.023635192
v -0.092558957 0.087868131 0.013284495
v -0.089252015 0.045329866 0.006273500
v -0.093478954 0.096677963 -0.039687414
v -0.079838239 0.022569374 -0.067573928
v -0.086284773 0.084362294 -0.083079985
v -0.079838239 0.022569374 -0.067573928
v -0.093478954 0.096677963 -0.039687414
v -0.090562219 0.044548952 -0.023635192
v -0.086284773 0.084362294 -0.083079985
v -0.079838239 0.022569374 -0.067573928
v -0.087959645 0.078192141 -0.093201518
v -0.089925190 0.103204136 0.066101531
v -0.114574172 0.110466064 0.110830664
v -0.138057456 0.084393146 0.101865336
v -0.145410374 0.065036347 0.104923284
v -0.095079627 0.025115733 0.074702324
v -0.113308241 0.070379737 0.061858737
v -0.095079627 0.025115733 0.074702324
v -0.145410374 0.065036347 0.104923284
v -0.126048706 0.016577496 0.115606052
v -0.095079627 0.025115733 0.074702324
v -0.084488937 -0.006953710 0.127457611
v -0.065901231 0.003545654 0.082310150
v -0.084488937 -0.006953710 0.127457611
v -0.095079627 0.025115733 0.074702324
v -0.126048706 0.016577496 0.115606052
v -0.034376753 0.003228225 0.148393060
v -0.065901231 0.003545654 0.082310150
v -0.084488937 -0.006953710 0.127457611
v -0.065901231 0.003545654 0.082310150
v -0.034376753 0.003228225 0.148393060
v -0.018532499 0.012219860 0.092363787
v -0.155022890 -0.008394780 0.175272778
v -0.146363587 0.044638834 0.178110889
v -0.176658544 -0.019781293 0.130919471
v -0.176658544 -0.019781293 0.130919471
v -0.204648231 0.030823328 0.087649553
v -0.211501217 -0.016780013 0.093517616
v -0.204648231 0.030823328 0.087649553
v -0.176658544 -0.019781293 0.130919471
v -0.166287708 0.038270897 0.120320853
v -0.205184876 0.057915186 0.186811933
v -0.227271925 0.053063987 0.140998541
v -0.166287708 0.038270897 0.120320853
v -0.166287708 0.038270897 0.120320853
v -0.234566649 0.037292602 0.073171029
v -0.204648231 0.030823328 0.087649553
v -0.234566649 0.037292602 0.073171029
v -0.166287708 0.038270897 0.120320853
v -0.227271925 0.053063987 0.140998541
v -0.213375571 0.051577011 0.191411871
v -0.227271925 0.053063987 0.140998541
v -0.205184876 0.057915186 0.186811933
v -0.213375571 0.051577011 0.191411871
v -0.237637312 -0.005048317 0.151919470
v -0.227271925 0.053063987 0.140998541
v -0.213375571 0.051577011 0.191411871
v -0.216027914 0.006924256 0.195079201
v -0.237637312 -0.005048317 0.151919470
v -0.227271925 0.053063987 0.140998541
v -0.241291700 -0.010208114 0.078724015
v -0.234566649 0.037292602 0.073171029
v -0.241291700 -0.010208114 0.078724015
v -0.227271925 0.053063987 0.140998541
v -0.237637312 -0.005048317 0.151919470
v -0.182828687 -0.009087460 0.186341624
v -0.176658544 -0.019781293 0.130919471
v -0.237637312 -0.005048317 0.151919470
v -0.237637312 -0.005048317 0.151919470
v -0.211501217 -0.016780013 0.093517616
v -0.241291700 -0.010208114 0.078724015
v -0.211501217 -0.016780013 0.093517616
v -0.237637312 -0.005048317 0.151919470
v -0.176658544 -0.019781293 0.130919471
v -0.201270110 -0.019516390 0.116473620
v -0.132959091 0.020943171 0.113233821
v -0.141731683 -0.014611102 0.115762395
v -0.132959091 0.020943171 0.113233821
v -0.201270110 -0.019516390 0.116473620
v -0.191481215 0.036975238 0.112836044
v -0.141731683 -0.014611102 0.115762395
v -0.093946174 0.011757542 0.111051227
v -0.091884506 -0.012734188 0.111288780
v -0.093946174 0.011757542 0.111051227
v -0.141731683 -0.014611102 0.115762395
v -0.132959091 0.020943171 0.113233821
v -0.191481215 0.036975238 0.112836044
v -0.138070495 0.010214302 0.057263020
v -0.132959091 0.020943171 0.113233821
v -0.138070495 0.010214302 0.057263020
v -0.191481215 0.036975238 0.112836044
v -0.198220977 0.034691668 0.050678963
v -0.132959091 0.020943171 0.113233821
v -0.092718140 0.006724964 0.072517803
v -0.093946174 0.011757542 0.111051227
v -0.092718140 0.006724964 0.072517803
v -0.132959091 0.020943171 0.113233821
v -0.138070495 0.010214302 0.057263020
v -0.198220977 0.034691668 0.050678963
v -0.145078928 -0.016983085 0.059554259
v -0.138070495 0.010214302 0.057263020
v -0.145078928 -0.016983085 0.059554259
v -0.198220977 0.034691668 0.050678963
v -0.207907223 -0.021460841 0.054529818
v -0.138070495 0.010214302 0.057263020
v -0.092046177 -0.014005457 0.073709942
v -0.092718140 0.006724964 0.072517803
v -0.092046177 -0.014005457 0.073709942
v -0.138070495 0.010214302 0.057263020
v -0.145078928 -0.016983085 0.059554259
v -0.207907223 -0.021460841 0.054529818
v -0.141731683 -0.014611102 0.115762395
v -0.145078928 -0.016983085 0.059554259
v -0.141731683 -0.014611102 0.115762395
v -0.207907223 -0.021460841 0.054529818
v -0.201270110 -0.019516390 0.116473620
v -0.145078928 -0.016983085 0.059554259
v -0.091884506 -0.012734188 0.111288780
v -0.092046177 -0.014005457 0.073709942
v -0.091884506 -0.012734188 0.111288780
v -0.145078928 -0.016983085 0.059554259
v -0.141731683 -0.014611102 0.115762395
v 0.028661165 0.004620096 0.147310523
v 0.003484480 0.026483010 0.100997734
v 0.022178186 0.015456371 0.101315177
v 0.003484480 0.026483010 0.100997734
v 0.028661165 0.004620096 0.147310523
v 0.009634635 0.015657008 0.147512823
v -0.027487855 0.017687712 0.145536935
v -0.014499004 0.007525633 0.142623621
v -0.023497767 0.010744877 0.154020809
v -0.014499004 0.007525633 0.142623621
v -0.027487855 0.017687712 0.145536935
v -0.018617552 0.016948804 0.138710996
v -0.057259767 0.024497355 0.085327969
v -0.038651499 -0.007387447 0.133100705
v -0.067436331 0.012102044 0.132390376
v -0.038651499 -0.007387447 0.133100705
v -0.057259767 0.024497355 0.085327969
v -0.021647376 0.013448940 0.087692422
v -0.057259767 0.024497355 0.085327969
v -0.013424903 -0.004411486 0.084304365
v -0.021647376 0.013448940 0.087692422
v -0.013424903 -0.004411486 0.084304365
v -0.057259767 0.024497355 0.085327969
v -0.057164244 -0.011610910 0.074030353
v -0.068673522 -0.025499302 0.122781152
v -0.013424903 -0.004411486 0.084304365
v -0.057164244 -0.011610910 0.074030353
v -0.013424903 -0.004411486 0.084304365
v -0.068673522 -0.025499302 0.122781152
v -0.030481697 -0.024719221 0.127683586
v -0.241291700 -0.010208114 0.078724015
v -0.201270110 -0.019516390 0.116473620
v -0.207907223 -0.021460841 0.054529818
v -0.201270110 -0.019516390 0.116473620
v -0.241291700 -0.010208114 0.078724015
v -0.211501217 -0.016780013 0.093517616
v -0.211501217 -0.016780013 0.093517616
v -0.191481215 0.036975238 0.112836044
v -0.201270110 -0.019516390 0.116473620
v -0.191481215 0.036975238 0.112836044
v -0.211501217 -0.016780013 0.093517616
v -0.204648231 0.030823328 0.087649553
v -0.234566649 0.037292602 0.073171029
v -0.191481215 0.036975238 0.112836044
v -0.204648231 0.030823328 0.087649553
v -0.191481215 0.036975238 0.112836044
v -0.234566649 0.037292602 0.073171029
v -0.198220977 0.034691668 0.050678963
v -0.198220977 0.034691668 0.050678963
v -0.241291700 -0.010208114 0.078724015
v -0.207907223 -0.021460841 0.054529818
v -0.241291700 -0.010208114 0.078724015
v -0.198220977 0.034691668 0.050678963
v -0.234566649 0.037292602 0.073171029
v -0.180222829 0.035870411 0.240953260
v -0.182828687 -0.009087460 0.186341624
v -0.216027914 0.006924256 0.195079201
v -0.182828687 -0.009087460 0.186341624
v -0.180222829 0.035870411 0.240953260
v -0.176546471 0.006211122 0.240104014
v -0.176546471 0.006211122 0.240104014
v -0.152282675 0.040148739 0.247018571
v -0.142829613 0.019186436 0.243113659
v -0.152282675 0.040148739 0.247018571
v -0.176546471 0.006211122 0.240104014
v -0.180222829 0.035870411 0.240953260
v -0.138057456 0.084393146 0.101865336
v -0.133639857 0.112326683 0.152871642
v -0.163178339 0.085119097 0.145888638
v -0.133639857 0.112326683 0.152871642
v -0.138057456 0.084393146 0.101865336
v -0.114574172 0.110466064 0.110830664
v -0.152282675 0.040148739 0.247018571
v -0.122169194 0.055254747 0.269619223
v -0.121434067 0.028992941 0.260558754
v -0.161353066 -0.010112653 0.222320492
v -0.137534981 -0.003635303 0.198879950
v -0.154205081 0.002047885 0.195294360
v -0.137534981 -0.003635303 0.198879950
v -0.161353066 -0.010112653 0.222320492
v -0.133842138 0.000456389 0.221793021
v -0.155022890 -0.008394780 0.175272778
v -0.161353066 -0.010112653 0.222320492
v -0.154205081 0.002047885 0.195294360
v -0.181219813 0.071000790 0.192741835
v -0.168986531 0.066205498 0.236367197
v -0.183740144 0.065775021 0.196157676
v -0.181219813 0.071000790 0.192741835
v -0.142717351 0.081222095 0.247475869
v -0.168986531 0.066205498 0.236367197
v -0.181219813 0.071000790 0.192741835
v -0.143896790 0.101390789 0.194292304
v -0.142717351 0.081222095 0.247475869
v -0.090804235 0.121763460 0.206310799
v -0.142717351 0.081222095 0.247475869
v -0.143896790 0.101390789 0.194292304
v -0.142717351 0.081222095 0.247475869
v -0.090804235 0.121763460 0.206310799
v -0.097039437 0.089778379 0.256757694
v -0.180222829 0.035870411 0.240953260
v -0.168986531 0.066205498 0.236367197
v -0.152282675 0.040148739 0.247018571
v -0.216027914 0.006924256 0.195079201
v -0.168986531 0.066205498 0.236367197
v -0.180222829 0.035870411 0.240953260
v -0.216027914 0.006924256 0.195079201
v -0.183740144 0.065775021 0.196157676
v -0.168986531 0.066205498 0.236367197
v -0.216027914 0.006924256 0.195079201
v -0.213375571 0.051577011 0.191411871
v -0.183740144 0.065775021 0.196157676
v -0.145812188 0.024939651 0.174823177
v -0.205184876 0.057915186 0.186811933
v -0.146363587 0.044638834 0.178110889
v -0.205184876 0.057915186 0.186811933
v -0.145812188 0.024939651 0.174823177
v -0.178655612 0.058807234 0.187447790
v -0.126048706 0.016577496 0.115606052
v -0.154852722 0.054454194 0.142826112
v -0.137529702 0.024125229 0.142370017
v -0.154852722 0.054454194 0.142826112
v -0.126048706 0.016577496 0.115606052
v -0.145410374 0.065036347 0.104923284
v -0.135763033 -0.002519167 0.178791886
v -0.145812188 0.024939651 0.174823177
v -0.146363587 0.044638834 0.178110889
v -0.135734518 0.009828726 0.145244695
v -0.126048706 0.016577496 0.115606052
v -0.137529702 0.024125229 0.142370017
v -0.154852722 0.054454194 0.142826112
v -0.145410374 0.065036347 0.104923284
v -0.165176807 0.067698511 0.143665256
v -0.091884506 -0.012734188 0.111288780
v -0.067436331 0.012102044 0.132390376
v -0.068673522 -0.025499302 0.122781152
v -0.067436331 0.012102044 0.132390376
v -0.091884506 -0.012734188 0.111288780
v -0.093946174 0.011757542 0.111051227
v -0.091884506 -0.012734188 0.111288780
v -0.057164244 -0.011610910 0.074030353
v -0.092046177 -0.014005457 0.073709942
v -0.057164244 -0.011610910 0.074030353
v -0.091884506 -0.012734188 0.111288780
v -0.068673522 -0.025499302 0.122781152
v -0.092046177 -0.014005457 0.073709942
v -0.057259767 0.024497355 0.085327969
v -0.092718140 0.006724964 0.072517803
v -0.057259767 0.024497355 0.085327969
v -0.092046177 -0.014005457 0.073709942
v -0.057164244 -0.011610910 0.074030353
v -0.057259767 0.024497355 0.085327969
v -0.093946174 0.011757542 0.111051227
v -0.092718140 0.006724964 0.072517803
v -0.093946174 0.011757542 0.111051227
v -0.057259767 0.024497355 0.085327969
v -0.067436331 0.012102044 0.132390376
v -0.122169194 0.055254747 0.269619223
v -0.121065618 0.049125285 0.292518945
v -0.121434067 0.028992941 0.260558754
v -0.121065618 0.049125285 0.292518945
v -0.122169194 0.055254747 0.269619223
v -0.120328165 0.070499235 0.288987545
v -0.120328165 0.070499235 0.288987545
v -0.097287472 0.067370212 0.279640818
v -0.099618649 0.087445233 0.289351334
v -0.097287472 0.067370212 0.279640818
v -0.120328165 0.070499235 0.288987545
v -0.122169194 0.055254747 0.269619223
v -0.021647376 0.013448940 0.087692422
v 0.009634635 0.015657008 0.147512823
v -0.038651499 -0.007387447 0.133100705
v 0.009634635 0.015657008 0.147512823
v -0.021647376 0.013448940 0.087692422
v 0.003484480 0.026483010 0.100997734
v -0.038651499 -0.007387447 0.133100705
v 0.028661165 0.004620096 0.147310523
v -0.030481697 -0.024719221 0.127683586
v 0.028661165 0.004620096 0.147310523
v -0.038651499 -0.007387447 0.133100705
v 0.009634635 0.015657008 0.147512823
v 0.028661165 0.004620096 0.147310523
v -0.013424903 -0.004411486 0.084304365
v -0.030481697 -0.024719221 0.127683586
v -0.013424903 -0.004411486 0.084304365
v 0.028661165 0.004620096 0.147310523
v 0.022178186 0.015456371 0.101315177
v 0.022178186 0.015456371 0.101315177
v -0.021647376 0.013448940 0.087692422
v -0.013424903 -0.004411486 0.084304365
v -0.021647376 0.013448940 0.087692422
v 0.022178186 0.015456371 0.101315177
v 0.003484480 0.026483010 0.100997734
v -0.068673522 -0.025499302 0.122781152
v -0.046690605 0.013493568 0.142088408
v -0.034774839 -0.005648556 0.154839260
v -0.046690605 0.013493568 0.142088408
v -0.068673522 -0.025499302 0.122781152
v -0.067436331 0.012102044 0.132390376
v -0.046690605 0.013493568 0.142088408
v -0.038651499 -0.007387447 0.133100705
v -0.033454854 0.007967270 0.131547716
v -0.038651499 -0.007387447 0.133100705
v -0.046690605 0.013493568 0.142088408
v -0.067436331 0.012102044 0.132390376
v -0.038651499 -0.007387447 0.133100705
v -0.027174955 -0.015352549 0.136290956
v -0.033454854 0.007967270 0.131547716
v -0.027174955 -0.015352549 0.136290956
v -0.038651499 -0.007387447 0.133100705
v -0.030481697 -0.024719221 0.127683586
v -0.027174955 -0.015352549 0.136290956
v -0.068673522 -0.025499302 0.122781152
v -0.034774839 -0.005648556 0.154839260
v -0.068673522 -0.025499302 0.122781152
v -0.027174955 -0.015352549 0.136290956
v -0.030481697 -0.024719221 0.127683586
v -0.034774839 -0.005648556 0.154839260
v -0.027487855 0.017687712 0.145536935
v -0.023497767 0.010744877 0.154020809
v -0.027487855 0.017687712 0.145536935
v -0.034774839 -0.005648556 0.154839260
v -0.046690605 0.013493568 0.142088408
v -0.046690605 0.013493568 0.142088408
v -0.018617552 0.016948804 0.138710996
v -0.027487855 0.017687712 0.145536935
v -0.018617552 0.016948804 0.138710996
v -0.046690605 0.013493568 0.142088408
v -0.033454854 0.007967270 0.131547716
v -0.033454854 0.007967270 0.131547716
v -0.014499004 0.007525633 0.142623621
v -0.018617552 0.016948804 0.138710996
v -0.014499004 0.007525633 0.142623621
v -0.033454854 0.007967270 0.131547716
v -0.027174955 -0.015352549 0.136290956
v -0.027174955 -0.015352549 0.136290956
v -0.023497767 0.010744877 0.154020809
v -0.014499004 0.007525633 0.142623621
v -0.023497767 0.010744877 0.154020809
v -0.027174955 -0.015352549 0.136290956
v -0.034774839 -0.005648556 0.154839260
v -0.024941632 0.005768075 -0.516341881
v 0.014884864 -0.020397696 -0.549716044
v -0.030777995 0.001577271 -0.538686634
v 0.014884864 -0.020397696 -0.549716044
v -0.024941632 0.005768075 -0.516341881
v 0.016333717 -0.017058514 -0.530067910
v -0.013059256 0.122876999 -0.481634290
v -0.003896618 0.095422028 -0.522987033
v 0.001635619 0.088541177 -0.499466966
v -0.003896618 0.095422028 -0.522987033
v -0.013059256 0.122876999 -0.481634290
v -0.024594735 0.138062433 -0.511292577
v -0.012417757 0.096330947 -0.440474609
v -0.051363467 0.107403300 -0.476310863
v -0.013059256 0.122876999 -0.481634290
v -0.051363467 0.107403300 -0.476310863
v -0.012417757 0.096330947 -0.440474609
v -0.034525337 0.086388524 -0.437265231
v -0.046924182 0.082699094 -0.519562049
v -0.051363467 0.107403300 -0.476310863
v -0.042400141 0.072984758 -0.486188091
v -0.051363467 0.107403300 -0.476310863
v -0.046924182 0.082699094 -0.519562049
v -0.057145828 0.125758094 -0.509264768
v -0.005331486 0.045988400 -0.459432423
v -0.024941632 0.005768075 -0.516341881
v -0.034059858 0.064915213 -0.456661457
v -0.024941632 0.005768075 -0.516341881
v -0.005331486 0.045988400 -0.459432423
v 0.016333717 -0.017058514 -0.530067910
v -0.003896618 0.095422028 -0.522987033
v 0.038276314 0.002646520 -0.532204187
v 0.001635619 0.088541177 -0.499466966
v 0.038276314 0.002646520 -0.532204187
v -0.003896618 0.095422028 -0.522987033
v 0.044217480 0.001271519 -0.549351659
v -0.003896618 0.095422028 -0.522987033
v -0.030777995 0.001577271 -0.538686634
v 0.044217480 0.001271519 -0.549351659
v -0.030777995 0.001577271 -0.538686634
v -0.003896618 0.095422028 -0.522987033
v -0.046924182 0.082699094 -0.519562049
v -0.046924182 0.082699094 -0.519562049
v -0.024941632 0.005768075 -0.516341881
v -0.030777995 0.001577271 -0.538686634
v -0.024941632 0.005768075 -0.516341881
v -0.046924182 0.082699094 -0.519562049
v -0.042400141 0.072984758 -0.486188091
v -0.039641212 0.003998143 -0.010871276
v 0.002526505 0.038884615 -0.053409217
v -0.036809619 -0.001093756 -0.056495885
v -0.068696527 0.012465976 -0.008509296
v -0.039641212 0.003998143 -0.010871276
v -0.036809619 -0.001093756 -0.056495885
v -0.036809619 -0.001093756 -0.056495885
v 0.011824054 0.032065360 -0.152836828
v -0.022777616 -0.009333710 -0.155330761
v -0.022777616 -0.009333710 -0.155330761
v 0.004532481 0.030540168 -0.250870678
v -0.006010762 -0.017776687 -0.250557939
v 0.004532481 0.030540168 -0.250870678
v -0.022777616 -0.009333710 -0.155330761
v 0.011824054 0.032065360 -0.152836828
v -0.006010762 -0.017776687 -0.250557939
v 0.017690460 0.053267923 -0.317345504
v -0.012149807 0.012940215 -0.307981483
v 0.017690460 0.053267923 -0.317345504
v -0.006010762 -0.017776687 -0.250557939
v 0.004532481 0.030540168 -0.250870678
v 0.017690460 0.053267923 -0.317345504
v -0.007424032 0.028634256 -0.380247155
v -0.012149807 0.012940215 -0.307981483
v -0.007424032 0.028634256 -0.380247155
v 0.017690460 0.053267923 -0.317345504
v 0.010033273 0.063004268 -0.375498913
v 0.010033273 0.063004268 -0.375498913
v -0.005331486 0.045988400 -0.459432423
v -0.007424032 0.028634256 -0.380247155
v -0.005331486 0.045988400 -0.459432423
v 0.010033273 0.063004268 -0.375498913
v 0.000464531 0.076293556 -0.464324204
v 0.000464531 0.076293556 -0.464324204
v 0.016333717 -0.017058514 -0.530067910
v -0.005331486 0.045988400 -0.459432423
v 0.016333717 -0.017058514 -0.530067910
v 0.000464531 0.076293556 -0.464324204
v 0.038276314 0.002646520 -0.532204187
v 0.016333717 -0.017058514 -0.530067910
v 0.044217480 0.001271519 -0.549351659
v 0.014884864 -0.020397696 -0.549716044
v 0.044217480 0.001271519 -0.549351659
v 0.016333717 -0.017058514 -0.530067910
v 0.038276314 0.002646520 -0.532204187
v 0.038276314 0.002646520 -0.532204187
v 0.000464531 0.076293556 -0.464324204
v 0.001635619 0.088541177 -0.499466966
v 0.000464531 0.076293556 -0.464324204
v -0.013059256 0.122876999 -0.481634290
v 0.001635619 0.088541177 -0.499466966
v -0.013059256 0.122876999 -0.481634290
v 0.000464531 0.076293556 -0.464324204
v -0.012417757 0.096330947 -0.440474609
v -0.051363467 0.107403300 -0.476310863
v -0.024594735 0.138062433 -0.511292577
v -0.013059256 0.122876999 -0.481634290
v -0.024594735 0.138062433 -0.511292577
v -0.051363467 0.107403300 -0.476310863
v -0.057145828 0.125758094 -0.509264768
v -0.034525337 0.086388524 -0.437265231
v -0.042400141 0.072984758 -0.486188091
v -0.051363467 0.107403300 -0.476310863
v -0.042400141 0.072984758 -0.486188091
v -0.034525337 0.086388524 -0.437265231
v -0.034059858 0.064915213 -0.456661457
v -0.042400141 0.072984758 -0.486188091
v -0.034059858 0.064915213 -0.456661457
v -0.024941632 0.005768075 -0.516341881
v -0.079564523 0.028617850 0.036014965
v -0.068696527 0.012465976 -0.008509296
v -0.089252015 0.045329866 0.006273500
v -0.089252015 0.045329866 0.006273500
v -0.068696527 0.012465976 -0.008509296
v -0.090562219 0.044548952 -0.023635192
v 0.002526505 0.038884615 -0.053409217
v 0.007834763 0.001067873 -0.045574353
v 0.008005341 0.048168512 -0.067604958
v -0.119864974 0.018991924 0.299004450
v -0.094817082 0.013490088 0.290849378
v -0.107422555 0.036776913 0.294124888
v -0.094817082 0.013490088 0.290849378
v -0.119864974 0.018991924 0.299004450
v -0.102015455 0.007279762 0.296820447
v -0.127573524 0.042884909 0.317651929
v -0.120328165 0.070499235 0.288987545
v -0.132719504 0.064427521 0.327243142
v -0.120328165 0.070499235 0.288987545
v -0.127573524 0.042884909 0.317651929
v -0.121065618 0.049125285 0.292518945
v -0.103194384 0.022441200 0.439133117
v -0.087053095 0.032987563 0.445187205
v -0.071511867 0.010125902 0.433919911
v -0.084489567 -0.024352882 0.373490229
v -0.088143709 -0.015717592 0.401684026
v -0.066588518 -0.020875100 0.373947031
v -0.119864974 0.018991924 0.299004450
v -0.106860770 0.001113594 0.316694311
v -0.102015455 0.007279762 0.296820447
v -0.106860770 0.001113594 0.316694311
v -0.119864974 0.018991924 0.299004450
v -0.128666449 0.019078407 0.326012929
v -0.124225361 0.027226991 0.310051373
v -0.128666449 0.019078407 0.326012929
v -0.119864974 0.018991924 0.299004450
v -0.128666449 0.019078407 0.326012929
v -0.124225361 0.027226991 0.310051373
v -0.141759493 0.032768036 0.360145048
v -0.131033570 0.013492124 0.370889690
v -0.108726955 -0.009141158 0.406972069
v -0.112930849 -0.006632626 0.367765222
v -0.108726955 -0.009141158 0.406972069
v -0.131033570 0.013492124 0.370889690
v -0.130334859 0.008539234 0.407763751
v -0.131033570 0.013492124 0.370889690
v -0.141759493 0.032768036 0.360145048
v -0.130334859 0.008539234 0.407763751
v -0.132719504 0.064427521 0.327243142
v -0.148505984 0.047772991 0.363564720
v -0.127573524 0.042884909 0.317651929
v -0.148505984 0.047772991 0.363564720
v -0.132719504 0.064427521 0.327243142
v -0.150919457 0.070663312 0.371836077
v -0.124043599 0.101013306 0.375338843
v -0.143011807 0.063268906 0.419112618
v -0.150919457 0.070663312 0.371836077
v -0.143011807 0.063268906 0.419112618
v -0.124043599 0.101013306 0.375338843
v -0.120984380 0.089466957 0.423161276
v -0.124225361 0.027226991 0.310051373
v -0.119864974 0.018991924 0.299004450
v -0.107422555 0.036776913 0.294124888
v -0.108726955 -0.009141158 0.406972069
v -0.088143709 -0.015717592 0.401684026
v -0.084489567 -0.024352882 0.373490229
v -0.112021581 -0.005756966 0.345095344
v -0.087014217 -0.017661390 0.341893663
v -0.090811711 -0.005458015 0.308287158
v -0.102015455 0.007279762 0.296820447
v -0.070301383 -0.007306360 0.285290600
v -0.094817082 0.013490088 0.290849378
v -0.070301383 -0.007306360 0.285290600
v -0.059662984 0.013037220 0.280868577
v -0.094817082 0.013490088 0.290849378
v -0.059662984 0.013037220 0.280868577
v -0.070301383 -0.007306360 0.285290600
v -0.048593284 -0.004763843 0.283617754
v -0.090650356 -0.006100530 0.421011717
v -0.088143709 -0.015717592 0.401684026
v -0.108726955 -0.009141158 0.406972069
v -0.119124416 0.012366517 0.427382347
v -0.145455976 0.039246210 0.415960192
v -0.130799790 0.038867591 0.434586104
v -0.145455976 0.039246210 0.415960192
v -0.119124416 0.012366517 0.427382347
v -0.130334859 0.008539234 0.407763751
v -0.120984380 0.089466957 0.423161276
v -0.107078407 0.064571635 0.444605729
v -0.120154599 0.053411364 0.441154356
v -0.108726955 -0.009141158 0.406972069
v -0.130334859 0.008539234 0.407763751
v -0.119124416 0.012366517 0.427382347
v -0.099618649 0.087445233 0.289351334
v -0.132719504 0.064427521 0.327243142
v -0.120328165 0.070499235 0.288987545
v -0.132719504 0.064427521 0.327243142
v -0.099618649 0.087445233 0.289351334
v -0.114646787 0.091568205 0.337435023
v -0.114646787 0.091568205 0.337435023
v -0.150919457 0.070663312 0.371836077
v -0.132719504 0.064427521 0.327243142
v -0.150919457 0.070663312 0.371836077
v -0.114646787 0.091568205 0.337435023
v -0.124043599 0.101013306 0.375338843
v -0.143011807 0.063268906 0.419112618
v -0.145455976 0.039246210 0.415960192
v -0.150919457 0.070663312 0.371836077
v -0.130799790 0.038867591 0.434586104
v -0.145455976 0.039246210 0.415960192
v -0.143011807 0.063268906 0.419112618
v -0.149663085 0.027560975 0.354417033
v -0.137290903 0.019734094 0.355736851
v -0.132230713 0.016175071 0.328396353
v -0.137290903 0.019734094 0.355736851
v -0.149663085 0.027560975 0.354417033
v -0.144207504 0.022122157 0.373872037
v -0.128666449 0.019078407 0.326012929
v -0.149663085 0.027560975 0.354417033
v -0.132230713 0.016175071 0.328396353
v -0.149663085 0.027560975 0.354417033
v -0.128666449 0.019078407 0.326012929
v -0.141759493 0.032768036 0.360145048
v -0.141759493 0.032768036 0.360145048
v -0.144207504 0.022122157 0.373872037
v -0.149663085 0.027560975 0.354417033
v -0.144207504 0.022122157 0.373872037
v -0.141759493 0.032768036 0.360145048
v -0.131033570 0.013492124 0.370889690
v -0.131033570 0.013492124 0.370889690
v -0.137290903 0.019734094 0.355736851
v -0.144207504 0.022122157 0.373872037
v -0.137290903 0.019734094 0.355736851
v -0.131033570 0.013492124 0.370889690
v -0.125873524 0.007803561 0.346923210
v -0.125873524 0.007803561 0.346923210
v -0.132230713 0.016175071 0.328396353
v -0.137290903 0.019734094 0.355736851
v -0.132230713 0.016175071 0.328396353
v -0.125873524 0.007803561 0.346923210
v -0.128666449 0.019078407 0.326012929
v -0.088602442 -0.017750478 0.364093426
v -0.112021581 -0.005756966 0.345095344
v -0.112930849 -0.006632626 0.367765222
v -0.112021581 -0.005756966 0.345095344
v -0.088602442 -0.017750478 0.364093426
v -0.087014217 -0.017661390 0.341893663
v -0.112021581 -0.005756966 0.345095344
v -0.131033570 0.013492124 0.370889690
v -0.112930849 -0.006632626 0.367765222
v -0.131033570 0.013492124 0.370889690
v -0.112021581 -0.005756966 0.345095344
v -0.125873524 0.007803561 0.346923210
v -0.107422555 0.036776913 0.294124888
v -0.121434067 0.028992941 0.260558754
v -0.121065618 0.049125285 0.292518945
v -0.121434067 0.028992941 0.260558754
v -0.107422555 0.036776913 0.294124888
v -0.104738612 0.022223044 0.250579546
v -0.121434067 0.028992941 0.260558754
v -0.142829613 0.019186436 0.243113659
v -0.152282675 0.040148739 0.247018571
v -0.121065618 0.049125285 0.292518945
v -0.124225361 0.027226991 0.310051373
v -0.107422555 0.036776913 0.294124888
v -0.124225361 0.027226991 0.310051373
v -0.121065618 0.049125285 0.292518945
v -0.127573524 0.042884909 0.317651929
v -0.124225361 0.027226991 0.310051373
v -0.127573524 0.042884909 0.317651929
v -0.141759493 0.032768036 0.360145048
v -0.070503920 0.013333786 0.248125187
v -0.096561169 0.008773410 0.219839063
v -0.104738612 0.022223044 0.250579546
v -0.096561169 0.008773410 0.219839063
v -0.070503920 0.013333786 0.248125187
v -0.062250455 0.010341576 0.224941778
v -0.039641212 0.003998143 -0.010871276
v -0.006297756 0.002471640 0.049724961
v 0.002519985 -0.006181995 -0.009444187
v -0.006297756 0.002471640 0.049724961
v -0.039641212 0.003998143 -0.010871276
v -0.049138267 0.001287822 0.043050911
v -0.009892392 0.115714218 0.013113693
v -0.044918661 0.123511558 -0.037727300
v -0.003078564 0.125768251 -0.033545234
v -0.044918661 0.123511558 -0.037727300
v -0.009892392 0.115714218 0.013113693
v -0.052010362 0.113763507 0.010515569
v -0.044918661 0.123511558 -0.037727300
v 0.002839648 0.116383092 -0.066003184
v -0.003078564 0.125768251 -0.033545234
v 0.002839648 0.116383092 -0.066003184
v -0.044918661 0.123511558 -0.037727300
v -0.044530548 0.113721253 -0.077343744
v 0.002839648 0.116383092 -0.066003184
v -0.016114124 0.108955100 -0.086344456
v 0.007303552 0.106927611 -0.083814725
v -0.016114124 0.108955100 -0.086344456
v 0.002839648 0.116383092 -0.066003184
v -0.044530548 0.113721253 -0.077343744
v -0.073524002 0.024592380 0.288822254
v -0.104738612 0.022223044 0.250579546
v -0.107422555 0.036776913 0.294124888
v -0.104738612 0.022223044 0.250579546
v -0.073524002 0.024592380 0.288822254
v -0.070503920 0.013333786 0.248125187
v 0.007303552 0.106927611 -0.083814725
v -0.016114124 0.108955100 -0.086344456
v 0.008005341 0.048168512 -0.067604958
v -0.016114124 0.108955100 -0.086344456
v 0.002526505 0.038884615 -0.053409217
v 0.008005341 0.048168512 -0.067604958
v -0.120154599 0.053411364 0.441154356
v -0.087053095 0.032987563 0.445187205
v -0.103194384 0.022441200 0.439133117
v -0.087053095 0.032987563 0.445187205
v -0.120154599 0.053411364 0.441154356
v -0.107078407 0.064571635 0.444605729
v -0.070684837 -0.012306238 0.316891529
v -0.062584818 -0.014268436 0.340393699
v -0.061786315 -0.014529139 0.330775335
v -0.062584818 -0.014268436 0.340393699
v -0.070684837 -0.012306238 0.316891529
v -0.087014217 -0.017661390 0.341893663
v -0.094817082 0.013490088 0.290849378
v -0.073524002 0.024592380 0.288822254
v -0.107422555 0.036776913 0.294124888
v -0.073524002 0.024592380 0.288822254
v -0.094817082 0.013490088 0.290849378
v -0.059662984 0.013037220 0.280868577
v -0.064160771 -0.000181251 0.424992966
v -0.090650356 -0.006100530 0.421011717
v -0.071511867 0.010125902 0.433919911
v -0.064160771 -0.000181251 0.424992966
v -0.088143709 -0.015717592 0.401684026
v -0.090650356 -0.006100530 0.421011717
v -0.088143709 -0.015717592 0.401684026
v -0.064160771 -0.000181251 0.424992966
v -0.055310538 -0.011118455 0.403792172
v -0.087014217 -0.017661390 0.341893663
v -0.068998886 -0.011904955 0.364825034
v -0.062584818 -0.014268436 0.340393699
v -0.068998886 -0.011904955 0.364825034
v -0.087014217 -0.017661390 0.341893663
v -0.088602442 -0.017750478 0.364093426
v -0.166287708 0.038270897 0.120320853
v -0.146363587 0.044638834 0.178110889
v -0.205184876 0.057915186 0.186811933
v -0.146363587 0.044638834 0.178110889
v -0.166287708 0.038270897 0.120320853
v -0.176658544 -0.019781293 0.130919471
v -0.065901231 0.003545654 0.082310150
v -0.079564523 0.028617850 0.036014965
v -0.095079627 0.025115733 0.074702324
v -0.079564523 0.028617850 0.036014965
v -0.065901231 0.003545654 0.082310150
v -0.049138267 0.001287822 0.043050911
v -0.095079627 0.025115733 0.074702324
v -0.089167589 0.082166639 0.022925198
v -0.113308241 0.070379737 0.061858737
v -0.089167589 0.082166639 0.022925198
v -0.095079627 0.025115733 0.074702324
v -0.079564523 0.028617850 0.036014965
v -0.089167589 0.082166639 0.022925198
v -0.089925190 0.103204136 0.066101531
v -0.113308241 0.070379737 0.061858737
v -0.089925190 0.103204136 0.066101531
v -0.089167589 0.082166639 0.022925198
v -0.057884216 0.107161219 0.022290434
v -0.057884216 0.107161219 0.022290434
v -0.046753032 0.118272715 0.078436494
v -0.089925190 0.103204136 0.066101531
v -0.046753032 0.118272715 0.078436494
v -0.057884216 0.107161219 0.022290434
v -0.015867135 0.111759983 0.028238481
v -0.121434067 0.028992941 0.260558754
v -0.104738612 0.022223044 0.250579546
v -0.142829613 0.019186436 0.243113659
v -0.104738612 0.022223044 0.250579546
v -0.133842138 0.000456389 0.221793021
v -0.142829613 0.019186436 0.243113659
v -0.133842138 0.000456389 0.221793021
v -0.176546471 0.006211122 0.240104014
v -0.142829613 0.019186436 0.243113659
v -0.176546471 0.006211122 0.240104014
v -0.133842138 0.000456389 0.221793021
v -0.161353066 -0.010112653 0.222320492
v -0.161353066 -0.010112653 0.222320492
v -0.182828687 -0.009087460 0.186341624
v -0.176546471 0.006211122 0.240104014
v -0.182828687 -0.009087460 0.186341624
v -0.161353066 -0.010112653 0.222320492
v -0.155022890 -0.008394780 0.175272778
v -0.182828687 -0.009087460 0.186341624
v -0.155022890 -0.008394780 0.175272778
v -0.176658544 -0.019781293 0.130919471
v -0.237637312 -0.005048317 0.151919470
v -0.216027914 0.006924256 0.195079201
v -0.182828687 -0.009087460 0.186341624
v -0.036809619 -0.001093756 -0.056495885
v 0.002526505 0.038884615 -0.053409217
v 0.011824054 0.032065360 -0.152836828
v -0.084489567 -0.024352882 0.373490229
v -0.088602442 -0.017750478 0.364093426
v -0.112930849 -0.006632626 0.367765222
v -0.068998886 -0.011904955 0.364825034
v -0.084489567 -0.024352882 0.373490229
v -0.066588518 -0.020875100 0.373947031
v -0.084489567 -0.024352882 0.373490229
v -0.068998886 -0.011904955 0.364825034
v -0.088602442 -0.017750478 0.364093426
v -0.084489567 -0.024352882 0.373490229
v -0.112930849 -0.006632626 0.367765222
v -0.108726955 -0.009141158 0.406972069
v -0.030777995 0.001577271 -0.538686634
v 0.014884864 -0.020397696 -0.549716044
v 0.044217480 0.001271519 -0.549351659
v -0.070301383 -0.007306360 0.285290600
v -0.069741233 -0.011760027 0.310369651
v -0.059403656 -0.013527476 0.309216633
v -0.090811711 -0.005458015 0.308287158
v -0.106860770 0.001113594 0.316694311
v -0.112021581 -0.005756966 0.345095344
v -0.070301383 -0.007306360 0.285290600
v -0.102015455 0.007279762 0.296820447
v -0.090811711 -0.005458015 0.308287158
v -0.069741233 -0.011760027 0.310369651
v -0.061587930 -0.010399470 0.313860861
v -0.059403656 -0.013527476 0.309216633
v -0.061587930 -0.010399470 0.313860861
v -0.069741233 -0.011760027 0.310369651
v -0.070684837 -0.012306238 0.316891529
v -0.062584818 -0.014268436 0.340393699
v -0.044031969 -0.019863854 0.339896217
v -0.048284362 -0.011918834 0.330979894
v -0.061587930 -0.010399470 0.313860861
v -0.070684837 -0.012306238 0.316891529
v -0.059153172 -0.014342583 0.318008531
v -0.051516512 -0.004592962 0.315062479
v -0.059403656 -0.013527476 0.309216633
v -0.061587930 -0.010399470 0.313860861
v -0.059403656 -0.013527476 0.309216633
v -0.051516512 -0.004592962 0.315062479
v -0.047820984 -0.009494982 0.308589286
v -0.090811711 -0.005458015 0.308287158
v -0.069741233 -0.011760027 0.310369651
v -0.070301383 -0.007306360 0.285290600
v -0.069741233 -0.011760027 0.310369651
v -0.090811711 -0.005458015 0.308287158
v -0.070684837 -0.012306238 0.316891529
v -0.090811711 -0.005458015 0.308287158
v -0.102015455 0.007279762 0.296820447
v -0.106860770 0.001113594 0.316694311
v -0.128666449 0.019078407 0.326012929
v -0.112021581 -0.005756966 0.345095344
v -0.106860770 0.001113594 0.316694311
v -0.112021581 -0.005756966 0.345095344
v -0.128666449 0.019078407 0.326012929
v -0.125873524 0.007803561 0.346923210
v -0.087014217 -0.017661390 0.341893663
v -0.070684837 -0.012306238 0.316891529
v -0.090811711 -0.005458015 0.308287158
v -0.055310538 -0.011118455 0.403792172
v -0.066588518 -0.020875100 0.373947031
v -0.088143709 -0.015717592 0.401684026
v -0.066588518 -0.020875100 0.373947031
v -0.055310538 -0.011118455 0.403792172
v -0.048688309 -0.017397852 0.374403758
v -0.066588518 -0.020875100 0.373947031
v -0.049942260 -0.014083057 0.364871832
v -0.068998886 -0.011904955 0.364825034
v -0.049942260 -0.014083057 0.364871832
v -0.066588518 -0.020875100 0.373947031
v -0.048688309 -0.017397852 0.374403758
v -0.049942260 -0.014083057 0.364871832
v -0.062584818 -0.014268436 0.340393699
v -0.068998886 -0.011904955 0.364825034
v -0.062584818 -0.014268436 0.340393699
v -0.049942260 -0.014083057 0.364871832
v -0.044031969 -0.019863854 0.339896217
v -0.061786315 -0.014529139 0.330775335
v -0.059153172 -0.014342583 0.318008531
v -0.070684837 -0.012306238 0.316891529
v -0.113308241 0.070379737 0.061858737
v -0.138057456 0.084393146 0.101865336
v -0.145410374 0.065036347 0.104923284
v -0.181219813 0.071000790 0.192741835
v -0.183740144 0.065775021 0.196157676
v -0.178655612 0.058807234 0.187447790
v -0.145410374 0.065036347 0.104923284
v -0.163178339 0.085119097 0.145888638
v -0.165176807 0.067698511 0.143665256
v -0.163178339 0.085119097 0.145888638
v -0.145410374 0.065036347 0.104923284
v -0.138057456 0.084393146 0.101865336
v -0.138057456 0.084393146 0.101865336
v -0.113308241 0.070379737 0.061858737
v -0.089925190 0.103204136 0.066101531
v -0.059403656 -0.013527476 0.309216633
v -0.047820984 -0.009494982 0.308589286
v -0.048593284 -0.004763843 0.283617754
v -0.097287472 0.067370212 0.279640818
v -0.122169194 0.055254747 0.269619223
v -0.142717351 0.081222095 0.247475869
v -0.059153172 -0.014342583 0.318008531
v -0.051516512 -0.004592962 0.315062479
v -0.061587930 -0.010399470 0.313860861
v -0.051516512 -0.004592962 0.315062479
v -0.059153172 -0.014342583 0.318008531
v -0.047559360 -0.011388917 0.319116798
v -0.048284362 -0.011918834 0.330979894
v -0.059153172 -0.014342583 0.318008531
v -0.061786315 -0.014529139 0.330775335
v -0.059153172 -0.014342583 0.318008531
v -0.048284362 -0.011918834 0.330979894
v -0.047559360 -0.011388917 0.319116798
v -0.133639857 0.112326683 0.152871642
v -0.090804235 0.121763460 0.206310799
v -0.143896790 0.101390789 0.194292304
v -0.090804235 0.121763460 0.206310799
v -0.133639857 0.112326683 0.152871642
v -0.082414732 0.133034475 0.167623276
v -0.143896790 0.101390789 0.194292304
v -0.163178339 0.085119097 0.145888638
v -0.133639857 0.112326683 0.152871642
v -0.163178339 0.085119097 0.145888638
v -0.143896790 0.101390789 0.194292304
v -0.181219813 0.071000790 0.192741835
v -0.163178339 0.085119097 0.145888638
v -0.178655612 0.058807234 0.187447790
v -0.165176807 0.067698511 0.143665256
v -0.178655612 0.058807234 0.187447790
v -0.163178339 0.085119097 0.145888638
v -0.181219813 0.071000790 0.192741835
v -0.178655612 0.058807234 0.187447790
v -0.154852722 0.054454194 0.142826112
v -0.165176807 0.067698511 0.143665256
v -0.154852722 0.054454194 0.142826112
v -0.178655612 0.058807234 0.187447790
v -0.148666966 0.042486082 0.179637039
v -0.148666966 0.042486082 0.179637039
v -0.137529702 0.024125229 0.142370017
v -0.154852722 0.054454194 0.142826112
v -0.137529702 0.024125229 0.142370017
v -0.148666966 0.042486082 0.179637039
v -0.145812188 0.024939651 0.174823177
v -0.135734518 0.009828726 0.145244695
v -0.145812188 0.024939651 0.174823177
v -0.135763033 -0.002519167 0.178791886
v -0.145812188 0.024939651 0.174823177
v -0.135734518 0.009828726 0.145244695
v -0.137529702 0.024125229 0.142370017
v -0.092560911 -0.008797684 0.154257317
v -0.034376753 0.003228225 0.148393060
v -0.084488937 -0.006953710 0.127457611
v -0.034376753 0.003228225 0.148393060
v -0.092560911 -0.008797684 0.154257317
v -0.040803548 -0.000284134 0.169152322
v -0.084488937 -0.006953710 0.127457611
v -0.135734518 0.009828726 0.145244695
v -0.092560911 -0.008797684 0.154257317
v -0.135734518 0.009828726 0.145244695
v -0.084488937 -0.006953710 0.127457611
v -0.126048706 0.016577496 0.115606052
v -0.089962484 -0.005913805 0.187290763
v -0.137534981 -0.003635303 0.198879950
v -0.096561169 0.008773410 0.219839063
v -0.137534981 -0.003635303 0.198879950
v -0.089962484 -0.005913805 0.187290763
v -0.135763033 -0.002519167 0.178791886
v -0.135763033 -0.002519167 0.178791886
v -0.154205081 0.002047885 0.195294360
v -0.137534981 -0.003635303 0.198879950
v -0.154205081 0.002047885 0.195294360
v -0.135763033 -0.002519167 0.178791886
v -0.146363587 0.044638834 0.178110889
v -0.154205081 0.002047885 0.195294360
v -0.146363587 0.044638834 0.178110889
v -0.155022890 -0.008394780 0.175272778
v -0.213375571 0.051577011 0.191411871
v -0.178655612 0.058807234 0.187447790
v -0.183740144 0.065775021 0.196157676
v -0.178655612 0.058807234 0.187447790
v -0.213375571 0.051577011 0.191411871
v -0.205184876 0.057915186 0.186811933
v -0.096561169 0.008773410 0.219839063
v -0.052228442 0.002825670 0.200899377
v -0.089962484 -0.005913805 0.187290763
v -0.052228442 0.002825670 0.200899377
v -0.096561169 0.008773410 0.219839063
v -0.062250455 0.010341576 0.224941778
v -0.148505984 0.047772991 0.363564720
v -0.145455976 0.039246210 0.415960192
v -0.130334859 0.008539234 0.407763751
v -0.127573524 0.042884909 0.317651929
v -0.148505984 0.047772991 0.363564720
v -0.141759493 0.032768036 0.360145048
v -0.130334859 0.008539234 0.407763751
v -0.141759493 0.032768036 0.360145048
v -0.148505984 0.047772991 0.363564720
v -0.145455976 0.039246210 0.415960192
v -0.148505984 0.047772991 0.363564720
v -0.150919457 0.070663312 0.371836077
v -0.090650356 -0.006100530 0.421011717
v -0.119124416 0.012366517 0.427382347
v -0.103194384 0.022441200 0.439133117
v -0.103194384 0.022441200 0.439133117
v -0.130799790 0.038867591 0.434586104
v -0.120154599 0.053411364 0.441154356
v -0.130799790 0.038867591 0.434586104
v -0.103194384 0.022441200 0.439133117
v -0.119124416 0.012366517 0.427382347
v -0.120154599 0.053411364 0.441154356
v -0.130799790 0.038867591 0.434586104
v -0.143011807 0.063268906 0.419112618
v -0.119124416 0.012366517 0.427382347
v -0.090650356 -0.006100530 0.421011717
v -0.108726955 -0.009141158 0.406972069
v -0.068631399 0.129598375 0.126620895
v -0.089925190 0.103204136 0.066101531
v -0.046753032 0.118272715 0.078436494
v -0.089925190 0.103204136 0.066101531
v -0.068631399 0.129598375 0.126620895
v -0.114574172 0.110466064 0.110830664
v -0.097287472 0.067370212 0.279640818
v -0.142717351 0.081222095 0.247475869
v -0.097039437 0.089778379 0.256757694
v -0.018532499 0.012219860 0.092363787
v -0.049138267 0.001287822 0.043050911
v -0.065901231 0.003545654 0.082310150
v -0.049138267 0.001287822 0.043050911
v -0.018532499 0.012219860 0.092363787
v -0.006297756 0.002471640 0.049724961
v -0.059403656 -0.013527476 0.309216633
v -0.048593284 -0.004763843 0.283617754
v -0.070301383 -0.007306360 0.285290600
v -0.048284362 -0.011918834 0.330979894
v -0.061786315 -0.014529139 0.330775335
v -0.062584818 -0.014268436 0.340393699
v -0.103194384 0.022441200 0.439133117
v -0.071511867 0.010125902 0.433919911
v -0.090650356 -0.006100530 0.421011717
v -0.120154599 0.053411364 0.441154356
v -0.143011807 0.063268906 0.419112618
v -0.120984380 0.089466957 0.423161276
v 0.034132971 0.002096953 -0.291396582
v 0.091145871 -0.000742460 -0.354788580
v 0.036815820 0.010034782 -0.368163527
v 0.091145871 -0.000742460 -0.354788580
v 0.034132971 0.002096953 -0.291396582
v 0.072492050 -0.004277018 -0.279619424
v 0.024807812 -0.007825350 -0.235488664
v 0.072492050 -0.004277018 -0.279619424
v 0.034132971 0.002096953 -0.291396582
v 0.072492050 -0.004277018 -0.279619424
v 0.024807812 -0.007825350 -0.235488664
v 0.057371254 -0.011427617 -0.224969478
v 0.018688574 0.000640450 -0.141654731
v 0.057371254 -0.011427617 -0.224969478
v 0.024807812 -0.007825350 -0.235488664
v 0.057371254 -0.011427617 -0.224969478
v 0.018688574 0.000640450 -0.141654731
v 0.036252913 -0.007129988 -0.137123434
v 0.008303558 0.001219837 -0.052988838
v 0.036252913 -0.007129988 -0.137123434
v 0.018688574 0.000640450 -0.141654731
v 0.036252913 -0.007129988 -0.137123434
v 0.008303558 0.001219837 -0.052988838
v 0.016302705 -0.008252270 -0.053737794
v 0.002519985 -0.006181995 -0.009444187
v 0.008303558 0.001219837 -0.052988838
v -0.039641212 0.003998143 -0.010871276
v 0.036815820 0.010034782 -0.368163527
v 0.107835989 -0.001524812 -0.418826125
v 0.046169242 0.014740329 -0.439679600
v 0.107835989 -0.001524812 -0.418826125
v 0.036815820 0.010034782 -0.368163527
v 0.091145871 -0.000742460 -0.354788580
v 0.005527487 0.127464758 -0.438848718
v -0.061232710 0.077320874 -0.370616165
v -0.034513205 0.086395342 -0.437263302
v -0.061232710 0.077320874 -0.370616165
v 0.005527487 0.127464758 -0.438848718
v -0.003582461 0.115506961 -0.365980212
v -0.003582461 0.115506961 -0.365980212
v -0.072295735 0.070973799 -0.297169183
v -0.061232710 0.077320874 -0.370616165
v -0.072295735 0.070973799 -0.297169183
v -0.003582461 0.115506961 -0.365980212
v -0.018472413 0.110034086 -0.298530548
v -0.020536402 0.102364572 -0.249161874
v -0.072295735 0.070973799 -0.297169183
v -0.018472413 0.110034086 -0.298530548
v -0.072295735 0.070973799 -0.297169183
v -0.020536402 0.102364572 -0.249161874
v -0.051894484 0.052559510 -0.252628188
v -0.020536402 0.102364572 -0.249161874
v -0.091579244 0.062267067 -0.172944175
v -0.051894484 0.052559510 -0.252628188
v -0.091579244 0.062267067 -0.172944175
v -0.020536402 0.102364572 -0.249161874
v -0.026567626 0.116125168 -0.165586616
v 0.002839648 0.116383092 -0.066003184
v -0.044530548 0.113721253 -0.077343744
v 0.008672767 0.112935611 -0.092868977
v -0.044530548 0.113721253 -0.077343744
v -0.026567626 0.116125168 -0.165586616
v 0.008672767 0.112935611 -0.092868977
v -0.145812188 0.024939651 0.174823177
v -0.148666966 0.042486082 0.179637039
v -0.178655612 0.058807234 0.187447790
v -0.039641212 0.003998143 -0.010871276
v 0.008303558 0.001219837 -0.052988838
v -0.036809619 -0.001093756 -0.056495885
v 0.008303558 0.001219837 -0.052988838
v 0.002519985 -0.006181995 -0.009444187
v 0.016302705 -0.008252270 -0.053737794
v 0.018688574 0.000640450 -0.141654731
v -0.036809619 -0.001093756 -0.056495885
v 0.008303558 0.001219837 -0.052988838
v -0.036809619 -0.001093756 -0.056495885
v 0.018688574 0.000640450 -0.141654731
v -0.022777616 -0.009333710 -0.155330761
v 0.024807812 -0.007825350 -0.235488664
v -0.022777616 -0.009333710 -0.155330761
v 0.018688574 0.000640450 -0.141654731
v -0.022777616 -0.009333710 -0.155330761
v 0.024807812 -0.007825350 -0.235488664
v -0.006010762 -0.017776687 -0.250557939
v 0.034132971 0.002096953 -0.291396582
v -0.006010762 -0.017776687 -0.250557939
v 0.024807812 -0.007825350 -0.235488664
v -0.006010762 -0.017776687 -0.250557939
v 0.034132971 0.002096953 -0.291396582
v -0.012149807 0.012940215 -0.307981483
v 0.036815820 0.010034782 -0.368163527
v -0.012149807 0.012940215 -0.307981483
v 0.034132971 0.002096953 -0.291396582
v -0.012149807 0.012940215 -0.307981483
v 0.036815820 0.010034782 -0.368163527
v -0.007424032 0.028634256 -0.380247155
v 0.046169242 0.014740329 -0.439679600
v -0.007424032 0.028634256 -0.380247155
v 0.036815820 0.010034782 -0.368163527
v -0.007424032 0.028634256 -0.380247155
v 0.046169242 0.014740329 -0.439679600
v -0.005331486 0.045988400 -0.459432423
v 0.002519985 -0.006181995 -0.009444187
v 0.030879484 -0.012925613 -0.051752958
v 0.016302705 -0.008252270 -0.053737794
v 0.030879484 -0.012925613 -0.051752958
v 0.002519985 -0.006181995 -0.009444187
v 0.041151404 0.009809884 0.002179562
v 0.036252913 -0.007129988 -0.137123434
v 0.030879484 -0.012925613 -0.051752958
v 0.066076759 -0.015680023 -0.132728634
v 0.030879484 -0.012925613 -0.051752958
v 0.036252913 -0.007129988 -0.137123434
v 0.016302705 -0.008252270 -0.053737794
v 0.057371254 -0.011427617 -0.224969478
v 0.066076759 -0.015680023 -0.132728634
v 0.112506749 -0.023872562 -0.214370367
v 0.066076759 -0.015680023 -0.132728634
v 0.057371254 -0.011427617 -0.224969478
v 0.036252913 -0.007129988 -0.137123434
v 0.072492050 -0.004277018 -0.279619424
v 0.112506749 -0.023872562 -0.214370367
v 0.122445562 -0.010111383 -0.270648659
v 0.112506749 -0.023872562 -0.214370367
v 0.072492050 -0.004277018 -0.279619424
v 0.057371254 -0.011427617 -0.224969478
v 0.091145871 -0.000742460 -0.354788580
v 0.122445562 -0.010111383 -0.270648659
v 0.156547165 0.001535225 -0.339463791
v 0.122445562 -0.010111383 -0.270648659
v 0.091145871 -0.000742460 -0.354788580
v 0.072492050 -0.004277018 -0.279619424
v 0.107835989 -0.001524812 -0.418826125
v 0.156547165 0.001535225 -0.339463791
v 0.181477354 0.005759494 -0.407413847
v 0.156547165 0.001535225 -0.339463791
v 0.107835989 -0.001524812 -0.418826125
v 0.091145871 -0.000742460 -0.354788580
v 0.100442715 0.098553025 -0.058521223
v 0.080994274 0.096551822 -0.157232594
v 0.154494792 0.090353743 -0.117324988
v 0.080994274 0.096551822 -0.157232594
v 0.100442715 0.098553025 -0.058521223
v 0.047506768 0.117432194 -0.066000172
v 0.154494792 0.090353743 -0.117324988
v 0.131203890 0.081941497 -0.226141896
v 0.176863440 0.061828256 -0.198744422
v 0.131203890 0.081941497 -0.226141896
v 0.154494792 0.090353743 -0.117324988
v 0.080994274 0.096551822 -0.157232594
v 0.131203890 0.081941497 -0.226141896
v 0.206368392 0.090608380 -0.230096299
v 0.176863440 0.061828256 -0.198744422
v 0.206368392 0.090608380 -0.230096299
v 0.131203890 0.081941497 -0.226141896
v 0.147955007 0.091447956 -0.267803156
v 0.179567384 0.100925454 -0.330320556
v 0.206368392 0.090608380 -0.230096299
v 0.147955007 0.091447956 -0.267803156
v 0.206368392 0.090608380 -0.230096299
v 0.179567384 0.100925454 -0.330320556
v 0.236934893 0.093437248 -0.298028778
v 0.212022255 0.109518755 -0.391394780
v 0.236934893 0.093437248 -0.298028778
v 0.179567384 0.100925454 -0.330320556
v 0.236934893 0.093437248 -0.298028778
v 0.212022255 0.109518755 -0.391394780
v 0.251105346 0.089387516 -0.369136463
v 0.008672767 0.112935611 -0.092868977
v -0.026567626 0.116125168 -0.165586616
v 0.029853013 0.102216793 -0.159962740
v 0.050875009 0.085535435 -0.241004433
v -0.026567626 0.116125168 -0.165586616
v -0.020536402 0.102364572 -0.249161874
v -0.026567626 0.116125168 -0.165586616
v 0.050875009 0.085535435 -0.241004433
v 0.029853013 0.102216793 -0.159962740
v -0.018472413 0.110034086 -0.298530548
v 0.050875009 0.085535435 -0.241004433
v -0.020536402 0.102364572 -0.249161874
v 0.050875009 0.085535435 -0.241004433
v -0.018472413 0.110034086 -0.298530548
v 0.073145571 0.077470671 -0.295139967
v -0.003582461 0.115506961 -0.365980212
v 0.073145571 0.077470671 -0.295139967
v -0.018472413 0.110034086 -0.298530548
v 0.073145571 0.077470671 -0.295139967
v -0.003582461 0.115506961 -0.365980212
v 0.096743573 0.074962496 -0.357731163
v 0.121874722 0.065196386 -0.423974466
v -0.003582461 0.115506961 -0.365980212
v 0.005527487 0.127464758 -0.438848718
v -0.003582461 0.115506961 -0.365980212
v 0.121874722 0.065196386 -0.423974466
v 0.096743573 0.074962496 -0.357731163
v 0.080994274 0.096551822 -0.157232594
v 0.047506768 0.117432194 -0.066000172
v 0.008672767 0.112935611 -0.092868977
v 0.047506768 0.117432194 -0.066000172
v 0.002839648 0.116383092 -0.066003184
v 0.008672767 0.112935611 -0.092868977
v -0.087959645 0.078192141 -0.093201518
v -0.026567626 0.116125168 -0.165586616
v -0.044530548 0.113721253 -0.077343744
v -0.026567626 0.116125168 -0.165586616
v -0.087959645 0.078192141 -0.093201518
v -0.091579244 0.062267067 -0.172944175
vt 0.603976011 0.300641000
vt 0.536068976 0.310338974
vt 0.529668987 0.295027971
vt 0.536068976 0.310338974
vt 0.603976011 0.300641000
vt 0.607192993 0.314764977
vt 0.606712997 0.341150999
vt 0.557678998 0.388221025
vt 0.542762995 0.342918038
vt 0.557678998 0.388221025
vt 0.606712997 0.341150999
vt 0.608641028 0.390578985
vt 0.752331018 0.240095973
vt 0.690639973 0.291936994
vt 0.695101976 0.256255984
vt 0.690639973 0.291936994
vt 0.752331018 0.240095973
vt 0.741757989 0.289667010
vt 0.654361010 0.548597991
vt 0.737609982 0.533146977
vt 0.740584016 0.545212984
vt 0.737609982 0.533146977
vt 0.654361010 0.548597991
vt 0.651573002 0.534998000
vt 0.579219997 0.533981025
vt 0.654361010 0.548597991
vt 0.617273986 0.557916999
vt 0.654361010 0.548597991
vt 0.579219997 0.533981025
vt 0.651573002 0.534998000
vt 0.542595029 0.531789005
vt 0.576694012 0.571959019
vt 0.538973987 0.574681997
vt 0.576694012 0.571959019
vt 0.542595029 0.531789005
vt 0.579219997 0.533981025
vt 0.542762995 0.342918038
vt 0.500000000 0.388388038
vt 0.500000000 0.343245029
vt 0.500000000 0.388388038
vt 0.542762995 0.342918038
vt 0.557678998 0.388221025
vt 0.740584016 0.545212984
vt 0.792007029 0.531039000
vt 0.792030990 0.544524014
vt 0.792007029 0.531039000
vt 0.740584016 0.545212984
vt 0.737609982 0.533146977
vt 0.737048984 0.443035960
vt 0.792944014 0.388496041
vt 0.792720973 0.437319040
vt 0.792944014 0.388496041
vt 0.737048984 0.443035960
vt 0.733702004 0.387537003
vt 0.571017981 0.613689005
vt 0.619428992 0.710861981
vt 0.582275987 0.710684001
vt 0.619428992 0.710861981
vt 0.571017981 0.613689005
vt 0.616055012 0.614360988
vt 0.619428992 0.710861981
vt 0.594380975 0.772230983
vt 0.582275987 0.710684001
vt 0.594380975 0.772230983
vt 0.619428992 0.710861981
vt 0.633001983 0.775141001
vt 0.782419980 0.616153002
vt 0.728985012 0.700932980
vt 0.737744987 0.630078018
vt 0.728985012 0.700932980
vt 0.782419980 0.616153002
vt 0.775128007 0.709927976
vt 0.775128007 0.709927976
vt 0.721726000 0.771574020
vt 0.728985012 0.700932980
vt 0.721726000 0.771574020
vt 0.775128007 0.709927976
vt 0.769495010 0.770716012
vt 0.737744987 0.630078018
vt 0.676342010 0.704289973
vt 0.679853976 0.629830003
vt 0.676342010 0.704289973
vt 0.737744987 0.630078018
vt 0.728985012 0.700932980
vt 0.728985012 0.700932980
vt 0.676729977 0.770331025
vt 0.676342010 0.704289973
vt 0.676729977 0.770331025
vt 0.728985012 0.700932980
vt 0.721726000 0.771574020
vt 0.679853976 0.629830003
vt 0.619428992 0.710861981
vt 0.616055012 0.614360988
vt 0.619428992 0.710861981
vt 0.679853976 0.629830003
vt 0.676342010 0.704289973
vt 0.676342010 0.704289973
vt 0.633001983 0.775141001
vt 0.619428992 0.710861981
vt 0.633001983 0.775141001
vt 0.676342010 0.704289973
vt 0.676729977 0.770331025
vt 0.659991026 0.210754037
vt 0.631344974 0.176485002
vt 0.627485991 0.213065982
vt 0.631344974 0.176485002
vt 0.659991026 0.210754037
vt 0.656580985 0.176687002
vt 0.605289996 0.831888020
vt 0.658253014 0.895501018
vt 0.619111001 0.899585009
vt 0.658253014 0.895501018
vt 0.605289996 0.831888020
vt 0.645672977 0.828966975
vt 0.619111001 0.899585009
vt 0.666010976 0.980310023
vt 0.637030005 0.980409026
vt 0.666010976 0.980310023
vt 0.619111001 0.899585009
vt 0.658253014 0.895501018
vt 0.759644985 0.827989995
vt 0.721626997 0.896407008
vt 0.724049985 0.825830996
vt 0.721626997 0.896407008
vt 0.759644985 0.827989995
vt 0.750765979 0.897616982
vt 0.750765979 0.897616982
vt 0.708325982 0.980181992
vt 0.721626997 0.896407008
vt 0.708325982 0.980181992
vt 0.750765979 0.897616982
vt 0.738193989 0.980190992
vt 0.724049985 0.825830996
vt 0.680141985 0.887456000
vt 0.676602006 0.820834994
vt 0.680141985 0.887456000
vt 0.724049985 0.825830996
vt 0.721626997 0.896407008
vt 0.721626997 0.896407008
vt 0.686766982 0.980015993
vt 0.680141985 0.887456000
vt 0.686766982 0.980015993
vt 0.721626997 0.896407008
vt 0.708325982 0.980181992
vt 0.676602006 0.820834994
vt 0.658253014 0.895501018
vt 0.645672977 0.828966975
vt 0.658253014 0.895501018
vt 0.676602006 0.820834994
vt 0.680141985 0.887456000
vt 0.680141985 0.887456000
vt 0.666010976 0.980310023
vt 0.658253014 0.895501018
vt 0.666010976 0.980310023
vt 0.680141985 0.887456000
vt 0.686766982 0.980015993
vt 0.616055012 0.614360988
vt 0.576694012 0.571959019
vt 0.621698022 0.580618978
vt 0.576694012 0.571959019
vt 0.616055012 0.614360988
vt 0.571017981 0.613689005
vt 0.538973987 0.574681997
vt 0.500000000 0.602496028
vt 0.500000000 0.577818990
vt 0.500000000 0.602496028
vt 0.538973987 0.574681997
vt 0.524038017 0.615773022
vt 0.740584016 0.545212984
vt 0.678378999 0.585349977
vt 0.654361010 0.548597991
vt 0.678378999 0.585349977
vt 0.740584016 0.545212984
vt 0.743906021 0.578772008
vt 0.743906021 0.578772008
vt 0.681523025 0.613546014
vt 0.678378999 0.585349977
vt 0.681523025 0.613546014
vt 0.743906021 0.578772008
vt 0.741110027 0.611717999
vt 0.741110027 0.611717999
vt 0.679853976 0.629830003
vt 0.681523025 0.613546014
vt 0.679853976 0.629830003
vt 0.741110027 0.611717999
vt 0.737744987 0.630078018
vt 0.605289996 0.831888020
vt 0.633001983 0.775141001
vt 0.645672977 0.828966975
vt 0.633001983 0.775141001
vt 0.605289996 0.831888020
vt 0.594380975 0.772230983
vt 0.645672977 0.828966975
vt 0.676729977 0.770331025
vt 0.676602006 0.820834994
vt 0.676729977 0.770331025
vt 0.645672977 0.828966975
vt 0.633001983 0.775141001
vt 0.676729977 0.770331025
vt 0.724049985 0.825830996
vt 0.676602006 0.820834994
vt 0.724049985 0.825830996
vt 0.676729977 0.770331025
vt 0.721726000 0.771574020
vt 0.721726000 0.771574020
vt 0.759644985 0.827989995
vt 0.724049985 0.825830996
vt 0.759644985 0.827989995
vt 0.721726000 0.771574020
vt 0.769495010 0.770716012
vt 0.654361010 0.548597991
vt 0.621698022 0.580618978
vt 0.617273986 0.557916999
vt 0.621698022 0.580618978
vt 0.654361010 0.548597991
vt 0.678378999 0.585349977
vt 0.678378999 0.585349977
vt 0.616055012 0.614360988
vt 0.621698022 0.580618978
vt 0.616055012 0.614360988
vt 0.678378999 0.585349977
vt 0.681523025 0.613546014
vt 0.681523025 0.613546014
vt 0.679853976 0.629830003
vt 0.616055012 0.614360988
vt 0.736606002 0.492236972
vt 0.670074999 0.445484996
vt 0.737048984 0.443035960
vt 0.648630023 0.437633991
vt 0.585056007 0.484302044
vt 0.602129996 0.430189013
vt 0.585056007 0.484302044
vt 0.648630023 0.437633991
vt 0.652464986 0.490355968
vt 0.585056007 0.484302044
vt 0.557969987 0.421974003
vt 0.602129996 0.430189013
vt 0.557969987 0.421974003
vt 0.585056007 0.484302044
vt 0.551734984 0.483642995
vt 0.500000000 0.421841025
vt 0.551734984 0.483642995
vt 0.499976993 0.485785961
vt 0.551734984 0.483642995
vt 0.500000000 0.421841025
vt 0.557969987 0.421974003
vt 0.860759974 0.111948013
vt 0.866550028 0.170342982
vt 0.843231022 0.111030996
vt 0.866550028 0.170342982
vt 0.842415988 0.253648996
vt 0.841543972 0.177954018
vt 0.842415988 0.253648996
vt 0.866550028 0.170342982
vt 0.864912987 0.245065987
vt 0.925984979 0.112119019
vt 0.954276025 0.147803009
vt 0.927102983 0.159317017
vt 0.954276025 0.147803009
vt 0.926385999 0.225605965
vt 0.927102983 0.159317017
vt 0.926385999 0.225605965
vt 0.954276025 0.147803009
vt 0.948863029 0.233502984
vt 0.912585020 0.119895995
vt 0.891726971 0.161409974
vt 0.899125993 0.115993977
vt 0.912585020 0.119895995
vt 0.927102983 0.159317017
vt 0.891726971 0.161409974
vt 0.912585020 0.119895995
vt 0.925984979 0.112119019
vt 0.927102983 0.159317017
vt 0.927102983 0.159317017
vt 0.893097997 0.233857036
vt 0.891726971 0.161409974
vt 0.893097997 0.233857036
vt 0.927102983 0.159317017
vt 0.926385999 0.225605965
vt 0.885675013 0.117033005
vt 0.891726971 0.161409974
vt 0.866550028 0.170342982
vt 0.891726971 0.161409974
vt 0.864912987 0.245065987
vt 0.866550028 0.170342982
vt 0.864912987 0.245065987
vt 0.891726971 0.161409974
vt 0.893097997 0.233857036
vt 0.864821017 0.288259029
vt 0.847931027 0.394559979
vt 0.844277024 0.292554021
vt 0.847931027 0.394559979
vt 0.864821017 0.288259029
vt 0.866639018 0.393311024
vt 0.866639018 0.393311024
vt 0.848022997 0.457370996
vt 0.847931027 0.394559979
vt 0.848022997 0.457370996
vt 0.866639018 0.393311024
vt 0.863941014 0.456586957
vt 0.949962974 0.277244985
vt 0.913601995 0.368503988
vt 0.923420012 0.273869991
vt 0.913601995 0.368503988
vt 0.949962974 0.277244985
vt 0.953837991 0.381232977
vt 0.953837991 0.381232977
vt 0.906608999 0.451595008
vt 0.913601995 0.368503988
vt 0.906608999 0.451595008
vt 0.953837991 0.381232977
vt 0.949084997 0.455731988
vt 0.923420012 0.273869991
vt 0.890681982 0.381986022
vt 0.893499970 0.278527021
vt 0.890681982 0.381986022
vt 0.923420012 0.273869991
vt 0.913601995 0.368503988
vt 0.913601995 0.368503988
vt 0.885541022 0.453016043
vt 0.890681982 0.381986022
vt 0.885541022 0.453016043
vt 0.913601995 0.368503988
vt 0.906608999 0.451595008
vt 0.893499970 0.278527021
vt 0.866639018 0.393311024
vt 0.864821017 0.288259029
vt 0.866639018 0.393311024
vt 0.893499970 0.278527021
vt 0.890681982 0.381986022
vt 0.890681982 0.381986022
vt 0.863941014 0.456586957
vt 0.866639018 0.393311024
vt 0.863941014 0.456586957
vt 0.890681982 0.381986022
vt 0.885541022 0.453016043
vt 0.947019994 0.590393007
vt 0.913837016 0.561038971
vt 0.945515990 0.578119993
vt 0.913837016 0.561038971
vt 0.947019994 0.590393007
vt 0.915340006 0.594199002
vt 0.990878999 0.528138995
vt 0.974825978 0.551985025
vt 0.972593009 0.535726011
vt 0.974825978 0.551985025
vt 0.990878999 0.528138995
vt 0.993366003 0.540642023
vt 0.906225026 0.484459043
vt 0.948725998 0.517603993
vt 0.911664009 0.519618988
vt 0.948725998 0.517603993
vt 0.906225026 0.484459043
vt 0.963095009 0.491746008
vt 0.906225026 0.484459043
vt 0.894511998 0.525538981
vt 0.889348984 0.487635970
vt 0.894511998 0.525538981
vt 0.906225026 0.484459043
vt 0.911664009 0.519618988
vt 0.849484026 0.491533041
vt 0.894511998 0.525538981
vt 0.855082989 0.524864018
vt 0.894511998 0.525538981
vt 0.849484026 0.491533041
vt 0.889348984 0.487635970
vt 0.893097997 0.233857036
vt 0.864821017 0.288259029
vt 0.864912987 0.245065987
vt 0.864821017 0.288259029
vt 0.893097997 0.233857036
vt 0.893499970 0.278527021
vt 0.864912987 0.245065987
vt 0.844277024 0.292554021
vt 0.842415988 0.253648996
vt 0.844277024 0.292554021
vt 0.864912987 0.245065987
vt 0.864821017 0.288259029
vt 0.926385999 0.225605965
vt 0.949962974 0.277244985
vt 0.923420012 0.273869991
vt 0.949962974 0.277244985
vt 0.926385999 0.225605965
vt 0.948863029 0.233502984
vt 0.923420012 0.273869991
vt 0.893097997 0.233857036
vt 0.926385999 0.225605965
vt 0.893097997 0.233857036
vt 0.923420012 0.273869991
vt 0.893499970 0.278527021
vt 0.897534013 0.059441984
vt 0.885675013 0.117033005
vt 0.886667013 0.065150976
vt 0.885675013 0.117033005
vt 0.897534013 0.059441984
vt 0.899125993 0.115993977
vt 0.886667013 0.065150976
vt 0.899981022 0.024266005
vt 0.897534013 0.059441984
vt 0.899981022 0.024266005
vt 0.886667013 0.065150976
vt 0.884509981 0.024361014
vt 0.670074999 0.445484996
vt 0.733702004 0.387537003
vt 0.737048984 0.443035960
vt 0.733702004 0.387537003
vt 0.670074999 0.445484996
vt 0.696238995 0.383486986
vt 0.695101976 0.256255984
vt 0.725718975 0.226604998
vt 0.752331018 0.240095973
vt 0.865660012 0.066430986
vt 0.856742978 0.024578989
vt 0.867962003 0.024353027
vt 0.856742978 0.024578989
vt 0.865660012 0.066430986
vt 0.854628980 0.084885001
vt 0.860759974 0.111948013
vt 0.854628980 0.084885001
vt 0.865660012 0.066430986
vt 0.701421022 0.329308033
vt 0.741757989 0.289667010
vt 0.732649028 0.332749009
vt 0.701421022 0.329308033
vt 0.690639973 0.291936994
vt 0.741757989 0.289667010
vt 0.701421022 0.329308033
vt 0.692811012 0.310135007
vt 0.690639973 0.291936994
vt 0.792513013 0.341719031
vt 0.741757989 0.289667010
vt 0.792044997 0.285057008
vt 0.741757989 0.289667010
vt 0.792513013 0.341719031
vt 0.732649028 0.332749009
vt 0.897534013 0.059441984
vt 0.899981022 0.024266005
vt 0.911262989 0.059193969
vt 0.899125993 0.115993977
vt 0.910251021 0.082895994
vt 0.912585020 0.119895995
vt 0.899125993 0.115993977
vt 0.911262989 0.059193969
vt 0.910251021 0.082895994
vt 0.899125993 0.115993977
vt 0.897534013 0.059441984
vt 0.911262989 0.059193969
vt 0.935782015 0.047048986
vt 0.925984979 0.112119019
vt 0.924805999 0.080877006
vt 0.925984979 0.112119019
vt 0.935782015 0.047048986
vt 0.953871012 0.104737997
vt 0.602129996 0.430189013
vt 0.647809029 0.384287000
vt 0.648630023 0.437633991
vt 0.647809029 0.384287000
vt 0.602129996 0.430189013
vt 0.621985018 0.395148993
vt 0.950465977 0.024371982
vt 0.953871012 0.104737997
vt 0.935782015 0.047048986
vt 0.608641028 0.390578985
vt 0.621985018 0.395148993
vt 0.602129996 0.430189013
vt 0.647809029 0.384287000
vt 0.660687029 0.378998041
vt 0.648630023 0.437633991
vt 0.863941014 0.456586957
vt 0.827436984 0.477723002
vt 0.848022997 0.457370996
vt 0.827436984 0.477723002
vt 0.863941014 0.456586957
vt 0.849484026 0.491533041
vt 0.863941014 0.456586957
vt 0.889348984 0.487635970
vt 0.849484026 0.491533041
vt 0.889348984 0.487635970
vt 0.863941014 0.456586957
vt 0.885541022 0.453016043
vt 0.885541022 0.453016043
vt 0.906225026 0.484459043
vt 0.889348984 0.487635970
vt 0.906225026 0.484459043
vt 0.885541022 0.453016043
vt 0.906608999 0.451595008
vt 0.906225026 0.484459043
vt 0.949084997 0.455731988
vt 0.963095009 0.491746008
vt 0.949084997 0.455731988
vt 0.906225026 0.484459043
vt 0.906608999 0.451595008
vt 0.752331018 0.240095973
vt 0.726108015 0.194010973
vt 0.758665025 0.187623978
vt 0.726108015 0.194010973
vt 0.752331018 0.240095973
vt 0.725718975 0.226604998
vt 0.758665025 0.187623978
vt 0.792037010 0.252308965
vt 0.752331018 0.240095973
vt 0.792037010 0.252308965
vt 0.758665025 0.187623978
vt 0.790367007 0.188973010
vt 0.911664009 0.519618988
vt 0.945515990 0.578119993
vt 0.913837016 0.561038971
vt 0.945515990 0.578119993
vt 0.911664009 0.519618988
vt 0.948725998 0.517603993
vt 0.948725998 0.517603993
vt 0.947019994 0.590393007
vt 0.945515990 0.578119993
vt 0.947019994 0.590393007
vt 0.948725998 0.517603993
vt 0.956781030 0.521565974
vt 0.862737000 0.582302988
vt 0.894511998 0.525538981
vt 0.896704018 0.570371985
vt 0.894511998 0.525538981
vt 0.862737000 0.582302988
vt 0.855082989 0.524864018
vt 0.896704018 0.570371985
vt 0.911664009 0.519618988
vt 0.913837016 0.561038971
vt 0.911664009 0.519618988
vt 0.896704018 0.570371985
vt 0.894511998 0.525538981
vt 0.849484026 0.491533041
vt 0.809557021 0.530247986
vt 0.827436984 0.477723002
vt 0.809557021 0.530247986
vt 0.849484026 0.491533041
vt 0.827428997 0.528226972
vt 0.980786026 0.511497021
vt 0.948725998 0.517603993
vt 0.963095009 0.491746008
vt 0.948725998 0.517603993
vt 0.980786026 0.511497021
vt 0.958566010 0.518580973
vt 0.948725998 0.517603993
vt 0.960182011 0.537021995
vt 0.956781030 0.521565974
vt 0.960182011 0.537021995
vt 0.948725998 0.517603993
vt 0.958566010 0.518580973
vt 0.847352982 0.524357975
vt 0.849484026 0.491533041
vt 0.855082989 0.524864018
vt 0.849484026 0.491533041
vt 0.847352982 0.524357975
vt 0.827428997 0.528226972
vt 0.827428997 0.528226972
vt 0.803723991 0.566487014
vt 0.809557021 0.530247986
vt 0.803723991 0.566487014
vt 0.827428997 0.528226972
vt 0.814042985 0.565304995
vt 0.980786026 0.511497021
vt 0.972593009 0.535726011
vt 0.958566010 0.518580973
vt 0.972593009 0.535726011
vt 0.980786026 0.511497021
vt 0.990878999 0.528138995
vt 0.958566010 0.518580973
vt 0.974825978 0.551985025
vt 0.960182011 0.537021995
vt 0.974825978 0.551985025
vt 0.958566010 0.518580973
vt 0.972593009 0.535726011
vt 0.847352982 0.524357975
vt 0.814042985 0.565304995
vt 0.827428997 0.528226972
vt 0.814042985 0.565304995
vt 0.847352982 0.524357975
vt 0.836148977 0.564929008
vt 0.700509012 0.125324011
vt 0.666845024 0.162234008
vt 0.664617002 0.143037021
vt 0.666845024 0.162234008
vt 0.700509012 0.125324011
vt 0.704505980 0.137108982
vt 0.645563006 0.016730011
vt 0.622542977 0.051984012
vt 0.638709009 0.006841004
vt 0.622542977 0.051984012
vt 0.645563006 0.016730011
vt 0.633219004 0.054341018
vt 0.654720008 0.032428980
vt 0.688863993 0.017224014
vt 0.682134986 0.032922029
vt 0.688863993 0.017224014
vt 0.654720008 0.032428980
vt 0.645563006 0.016730011
vt 0.717269003 0.049130976
vt 0.688863993 0.017224014
vt 0.696709991 0.007089972
vt 0.688863993 0.017224014
vt 0.717269003 0.049130976
vt 0.703477979 0.051429987
vt 0.664988995 0.072890997
vt 0.700509012 0.125324011
vt 0.664617002 0.143037021
vt 0.700509012 0.125324011
vt 0.664988995 0.072890997
vt 0.684459984 0.053728998
vt 0.622542977 0.051984012
vt 0.631882012 0.137354970
vt 0.621232986 0.152845979
vt 0.631882012 0.137354970
vt 0.622542977 0.051984012
vt 0.633219004 0.054341018
vt 0.627485991 0.213065982
vt 0.668534994 0.274127007
vt 0.659991026 0.210754037
vt 0.668534994 0.274127007
vt 0.627485991 0.213065982
vt 0.617308021 0.294521987
vt 0.717269003 0.049130976
vt 0.700509012 0.125324011
vt 0.703477979 0.051429987
vt 0.700509012 0.125324011
vt 0.717269003 0.049130976
vt 0.704505980 0.137108982
vt 0.538973987 0.574681997
vt 0.571017981 0.613689005
vt 0.524038017 0.615773022
vt 0.576694012 0.571959019
vt 0.571017981 0.613689005
vt 0.538973987 0.574681997
vt 0.571017981 0.613689005
vt 0.582275987 0.710684001
vt 0.537025988 0.709985018
vt 0.582275987 0.710684001
vt 0.551537991 0.772795022
vt 0.537025988 0.709985018
vt 0.551537991 0.772795022
vt 0.582275987 0.710684001
vt 0.594380975 0.772230983
vt 0.594380975 0.772230983
vt 0.567259014 0.843859017
vt 0.551537991 0.772795022
vt 0.567259014 0.843859017
vt 0.594380975 0.772230983
vt 0.605289996 0.831888020
vt 0.567259014 0.843859017
vt 0.619111001 0.899585009
vt 0.584356010 0.906571984
vt 0.619111001 0.899585009
vt 0.567259014 0.843859017
vt 0.605289996 0.831888020
vt 0.584356010 0.906571984
vt 0.637030005 0.980409026
vt 0.614733994 0.980624020
vt 0.637030005 0.980409026
vt 0.584356010 0.906571984
vt 0.619111001 0.899585009
vt 0.652844012 0.056697011
vt 0.664617002 0.143037021
vt 0.631882012 0.137354970
vt 0.664617002 0.143037021
vt 0.652844012 0.056697011
vt 0.664988995 0.072890997
vt 0.664617002 0.143037021
vt 0.621232986 0.152845979
vt 0.631882012 0.137354970
vt 0.621232986 0.152845979
vt 0.664617002 0.143037021
vt 0.666845024 0.162234008
vt 0.631882012 0.137354970
vt 0.633219004 0.054341018
vt 0.652844012 0.056697011
vt 0.652844012 0.056697011
vt 0.645563006 0.016730011
vt 0.654720008 0.032428980
vt 0.645563006 0.016730011
vt 0.652844012 0.056697011
vt 0.633219004 0.054341018
vt 0.688863993 0.017224014
vt 0.638709009 0.006841004
vt 0.696709991 0.007089972
vt 0.638709009 0.006841004
vt 0.688863993 0.017224014
vt 0.645563006 0.016730011
vt 0.682134986 0.032922029
vt 0.703477979 0.051429987
vt 0.684459984 0.053728998
vt 0.703477979 0.051429987
vt 0.682134986 0.032922029
vt 0.688863993 0.017224014
vt 0.703477979 0.051429987
vt 0.700509012 0.125324011
vt 0.684459984 0.053728998
vt 0.579219997 0.533981025
vt 0.617273986 0.557916999
vt 0.576694012 0.571959019
vt 0.617273986 0.557916999
vt 0.621698022 0.580618978
vt 0.576694012 0.571959019
vt 0.524038017 0.615773022
vt 0.500000000 0.638948023
vt 0.500000000 0.602496028
vt 0.562316000 0.205682993
vt 0.522961974 0.236338019
vt 0.545615971 0.210825980
vt 0.522961974 0.236338019
vt 0.562316000 0.205682993
vt 0.532091022 0.248248994
vt 0.725623012 0.153679967
vt 0.758665025 0.187623978
vt 0.726108015 0.194010973
vt 0.758665025 0.187623978
vt 0.725623012 0.153679967
vt 0.757957995 0.150404990
vt 0.537733018 0.033433974
vt 0.500000000 0.037517011
vt 0.519697011 0.023832977
vt 0.526030004 0.122592986
vt 0.512315989 0.122561991
vt 0.529613972 0.090340972
vt 0.562316000 0.205682993
vt 0.548268974 0.184270024
vt 0.562951028 0.184630036
vt 0.548268974 0.184270024
vt 0.562316000 0.205682993
vt 0.545615971 0.210825980
vt 0.572061002 0.201584995
vt 0.562951028 0.184630036
vt 0.590829015 0.158701003
vt 0.562951028 0.184630036
vt 0.572061002 0.201584995
vt 0.562316000 0.205682993
vt 0.565259993 0.140246034
vt 0.546765029 0.089712024
vt 0.572127998 0.085044980
vt 0.546765029 0.089712024
vt 0.565259993 0.140246034
vt 0.549417973 0.127691031
vt 0.565259993 0.140246034
vt 0.572127998 0.085044980
vt 0.590829015 0.158701003
vt 0.757957995 0.150404990
vt 0.722715020 0.111654997
vt 0.760532022 0.105126023
vt 0.722715020 0.111654997
vt 0.757957995 0.150404990
vt 0.725623012 0.153679967
vt 0.792172015 0.104547977
vt 0.757852018 0.056806982
vt 0.792194009 0.057250977
vt 0.757852018 0.056806982
vt 0.792172015 0.104547977
vt 0.760532022 0.105126023
vt 0.572061002 0.201584995
vt 0.532091022 0.248248994
vt 0.562316000 0.205682993
vt 0.546765029 0.089712024
vt 0.526030004 0.122592986
vt 0.529613972 0.090340972
vt 0.550921023 0.157712996
vt 0.533182025 0.182667017
vt 0.529642999 0.157741010
vt 0.545615971 0.210825980
vt 0.522961974 0.236338019
vt 0.519909978 0.217513978
vt 0.519909978 0.217513978
vt 0.500000000 0.238044977
vt 0.500000000 0.219855011
vt 0.500000000 0.238044977
vt 0.519909978 0.217513978
vt 0.522961974 0.236338019
vt 0.523229003 0.064009011
vt 0.546765029 0.089712024
vt 0.529613972 0.090340972
vt 0.555768013 0.043035030
vt 0.609094977 0.102577984
vt 0.572127998 0.085044980
vt 0.609094977 0.102577984
vt 0.555768013 0.043035030
vt 0.572103024 0.039586008
vt 0.792194009 0.057250977
vt 0.763413012 0.025640011
vt 0.792180002 0.027225018
vt 0.546765029 0.089712024
vt 0.555768013 0.043035030
vt 0.572127998 0.085044980
vt 0.790367007 0.188973010
vt 0.757957995 0.150404990
vt 0.792127013 0.138513982
vt 0.757957995 0.150404990
vt 0.790367007 0.188973010
vt 0.758665025 0.187623978
vt 0.792127013 0.138513982
vt 0.760532022 0.105126023
vt 0.792172015 0.104547977
vt 0.760532022 0.105126023
vt 0.792127013 0.138513982
vt 0.757957995 0.150404990
vt 0.757852018 0.056806982
vt 0.760532022 0.105126023
vt 0.730504990 0.052276969
vt 0.738515019 0.024055004
vt 0.757852018 0.056806982
vt 0.730504990 0.052276969
vt 0.603246987 0.024298012
vt 0.622412026 0.024070978
vt 0.602396011 0.060792983
vt 0.622412026 0.024070978
vt 0.603246987 0.024298012
vt 0.611253023 0.002442002
vt 0.562951028 0.184630036
vt 0.578305006 0.159103990
vt 0.590829015 0.158701003
vt 0.578305006 0.159103990
vt 0.562951028 0.184630036
vt 0.567039013 0.175696015
vt 0.590829015 0.158701003
vt 0.573078990 0.153051019
vt 0.565259993 0.140246034
vt 0.573078990 0.153051019
vt 0.590829015 0.158701003
vt 0.578305006 0.159103990
vt 0.592545986 0.003422022
vt 0.603246987 0.024298012
vt 0.578734994 0.028079987
vt 0.603246987 0.024298012
vt 0.592545986 0.003422022
vt 0.611253023 0.002442002
vt 0.578734994 0.028079987
vt 0.602396011 0.060792983
vt 0.593653023 0.061379015
vt 0.602396011 0.060792983
vt 0.578734994 0.028079987
vt 0.603246987 0.024298012
vt 0.527319014 0.135592997
vt 0.550921023 0.157712996
vt 0.529642999 0.157741010
vt 0.550921023 0.157712996
vt 0.527319014 0.135592997
vt 0.549417973 0.127691031
vt 0.550921023 0.157712996
vt 0.565259993 0.140246034
vt 0.563502014 0.161336005
vt 0.565259993 0.140246034
vt 0.550921023 0.157712996
vt 0.549417973 0.127691031
vt 0.532091022 0.248248994
vt 0.581167996 0.257534027
vt 0.529668987 0.295027971
vt 0.581167996 0.257534027
vt 0.532091022 0.248248994
vt 0.583747983 0.233466983
vt 0.725718975 0.226604998
vt 0.695101976 0.256255984
vt 0.681759000 0.232972026
vt 0.583747983 0.233466983
vt 0.572061002 0.201584995
vt 0.598864019 0.200098991
vt 0.572061002 0.201584995
vt 0.583747983 0.233466983
vt 0.532091022 0.248248994
vt 0.572061002 0.201584995
vt 0.590829015 0.158701003
vt 0.598864019 0.200098991
vt 0.500000000 0.297576010
vt 0.536068976 0.310338974
vt 0.500000000 0.316850007
vt 0.536068976 0.310338974
vt 0.500000000 0.297576010
vt 0.529668987 0.295027971
vt 0.538973987 0.574681997
vt 0.500000000 0.531428993
vt 0.542595029 0.531789005
vt 0.500000000 0.531428993
vt 0.538973987 0.574681997
vt 0.500000000 0.577818990
vt 0.792030990 0.544524014
vt 0.743906021 0.578772008
vt 0.740584016 0.545212984
vt 0.743906021 0.578772008
vt 0.792030990 0.544524014
vt 0.792667985 0.574760020
vt 0.743906021 0.578772008
vt 0.792647004 0.590300024
vt 0.741110027 0.611717999
vt 0.792647004 0.590300024
vt 0.743906021 0.578772008
vt 0.792667985 0.574760020
vt 0.792647004 0.590300024
vt 0.737744987 0.630078018
vt 0.741110027 0.611717999
vt 0.737744987 0.630078018
vt 0.792647004 0.590300024
vt 0.784551978 0.602587998
vt 0.500000000 0.268146038
vt 0.529668987 0.295027971
vt 0.500000000 0.297576010
vt 0.529668987 0.295027971
vt 0.500000000 0.268146038
vt 0.532091022 0.248248994
vt 0.784551978 0.602587998
vt 0.783649027 0.610276997
vt 0.737744987 0.630078018
vt 0.737744987 0.630078018
vt 0.783649027 0.610276997
vt 0.782419980 0.616153002
vt 0.560427010 0.030529976
vt 0.519697011 0.023832977
vt 0.548750997 0.021474004
vt 0.519697011 0.023832977
vt 0.560427010 0.030529976
vt 0.537733018 0.033433974
vt 0.519041002 0.182017982
vt 0.507188022 0.161729991
vt 0.529642999 0.157741010
vt 0.507188022 0.161729991
vt 0.519041002 0.182017982
vt 0.512548029 0.168717980
vt 0.522961974 0.236338019
vt 0.500000000 0.268146038
vt 0.500000000 0.238044977
vt 0.500000000 0.268146038
vt 0.522961974 0.236338019
vt 0.532091022 0.248248994
vt 0.500000000 0.066680014
vt 0.500000000 0.037517011
vt 0.523229003 0.064009011
vt 0.500000000 0.066680014
vt 0.529613972 0.090340972
vt 0.500000000 0.090003014
vt 0.529613972 0.090340972
vt 0.500000000 0.066680014
vt 0.523229003 0.064009011
vt 0.529642999 0.157741010
vt 0.507748008 0.137097001
vt 0.527319014 0.135592997
vt 0.507748008 0.137097001
vt 0.529642999 0.157741010
vt 0.507188022 0.161729991
vt 0.954276025 0.147803009
vt 0.925984979 0.112119019
vt 0.953871012 0.104737997
vt 0.843231022 0.111030996
vt 0.866550028 0.170342982
vt 0.841543972 0.177954018
vt 0.551734984 0.483642995
vt 0.579219997 0.533981025
vt 0.542595029 0.531789005
vt 0.579219997 0.533981025
vt 0.551734984 0.483642995
vt 0.585056007 0.484302044
vt 0.585056007 0.484302044
vt 0.651573002 0.534998000
vt 0.579219997 0.533981025
vt 0.651573002 0.534998000
vt 0.585056007 0.484302044
vt 0.652464986 0.490355968
vt 0.651573002 0.534998000
vt 0.736606002 0.492236972
vt 0.737609982 0.533146977
vt 0.736606002 0.492236972
vt 0.651573002 0.534998000
vt 0.652464986 0.490355968
vt 0.737609982 0.533146977
vt 0.792720020 0.493587971
vt 0.792007029 0.531039000
vt 0.792720020 0.493587971
vt 0.737609982 0.533146977
vt 0.736606002 0.492236972
vt 0.581167996 0.257534027
vt 0.585162997 0.277191043
vt 0.529668987 0.295027971
vt 0.529668987 0.295027971
vt 0.585162997 0.277191043
vt 0.603976011 0.300641000
vt 0.867962003 0.024353027
vt 0.886667013 0.065150976
vt 0.865660012 0.066430986
vt 0.886667013 0.065150976
vt 0.867962003 0.024353027
vt 0.884509981 0.024361014
vt 0.865660012 0.066430986
vt 0.885675013 0.117033005
vt 0.860759974 0.111948013
vt 0.885675013 0.117033005
vt 0.865660012 0.066430986
vt 0.886667013 0.065150976
vt 0.885675013 0.117033005
vt 0.866550028 0.170342982
vt 0.860759974 0.111948013
vt 0.891726971 0.161409974
vt 0.885675013 0.117033005
vt 0.899125993 0.115993977
vt 0.571017981 0.613689005
vt 0.537025988 0.709985018
vt 0.524038017 0.615773022
vt 0.526030004 0.122592986
vt 0.549417973 0.127691031
vt 0.527319014 0.135592997
vt 0.507748008 0.137097001
vt 0.526030004 0.122592986
vt 0.527319014 0.135592997
vt 0.526030004 0.122592986
vt 0.507748008 0.137097001
vt 0.512315989 0.122561991
vt 0.526030004 0.122592986
vt 0.546765029 0.089712024
vt 0.549417973 0.127691031
vt 0.668534994 0.274127007
vt 0.617308021 0.294521987
vt 0.642605007 0.302402020
vt 0.519909978 0.217513978
vt 0.507930994 0.190608978
vt 0.519033015 0.188458979
vt 0.533182025 0.182667017
vt 0.550921023 0.157712996
vt 0.548268974 0.184270024
vt 0.519909978 0.217513978
vt 0.533182025 0.182667017
vt 0.545615971 0.210825980
vt 0.519033015 0.188458979
vt 0.507910013 0.186345994
vt 0.519041002 0.182017982
vt 0.507910013 0.186345994
vt 0.519033015 0.188458979
vt 0.507930994 0.190608978
vt 0.507188022 0.161729991
vt 0.500000000 0.168871999
vt 0.500000000 0.160709977
vt 0.507910013 0.186345994
vt 0.508017004 0.181959987
vt 0.519041002 0.182017982
vt 0.500000000 0.186758995
vt 0.507930994 0.190608978
vt 0.500000000 0.190831006
vt 0.507930994 0.190608978
vt 0.500000000 0.186758995
vt 0.507910013 0.186345994
vt 0.533182025 0.182667017
vt 0.519033015 0.188458979
vt 0.519041002 0.182017982
vt 0.519033015 0.188458979
vt 0.533182025 0.182667017
vt 0.519909978 0.217513978
vt 0.533182025 0.182667017
vt 0.548268974 0.184270024
vt 0.545615971 0.210825980
vt 0.562951028 0.184630036
vt 0.550921023 0.157712996
vt 0.563502014 0.161336005
vt 0.550921023 0.157712996
vt 0.562951028 0.184630036
vt 0.548268974 0.184270024
vt 0.529642999 0.157741010
vt 0.533182025 0.182667017
vt 0.519041002 0.182017982
vt 0.500000000 0.090003014
vt 0.512315989 0.122561991
vt 0.500000000 0.122532010
vt 0.512315989 0.122561991
vt 0.500000000 0.090003014
vt 0.529613972 0.090340972
vt 0.512315989 0.122561991
vt 0.500000000 0.137086034
vt 0.500000000 0.122532010
vt 0.500000000 0.137086034
vt 0.512315989 0.122561991
vt 0.507748008 0.137097001
vt 0.500000000 0.137086034
vt 0.507188022 0.161729991
vt 0.500000000 0.160709977
vt 0.507188022 0.161729991
vt 0.500000000 0.137086034
vt 0.507748008 0.137097001
vt 0.512548029 0.168717980
vt 0.519041002 0.182017982
vt 0.508017004 0.181959987
vt 0.652464986 0.490355968
vt 0.648630023 0.437633991
vt 0.670074999 0.445484996
vt 0.701421022 0.329308033
vt 0.674300015 0.332125008
vt 0.692811012 0.310135007
vt 0.648630023 0.437633991
vt 0.696238995 0.383486986
vt 0.670074999 0.445484996
vt 0.696238995 0.383486986
vt 0.648630023 0.437633991
vt 0.660687029 0.378998041
vt 0.670074999 0.445484996
vt 0.736606002 0.492236972
vt 0.652464986 0.490355968
vt 0.507930994 0.190608978
vt 0.500000000 0.219855011
vt 0.500000000 0.190831006
vt 0.792037010 0.252308965
vt 0.741757989 0.289667010
vt 0.752331018 0.240095973
vt 0.508017004 0.181959987
vt 0.500000000 0.186758995
vt 0.500000000 0.183108985
vt 0.500000000 0.186758995
vt 0.508017004 0.181959987
vt 0.507910013 0.186345994
vt 0.500000000 0.168871999
vt 0.508017004 0.181959987
vt 0.500000000 0.183108985
vt 0.508017004 0.181959987
vt 0.500000000 0.168871999
vt 0.512548029 0.168717980
vt 0.733702004 0.387537003
vt 0.792513013 0.341719031
vt 0.792944014 0.388496041
vt 0.792513013 0.341719031
vt 0.733702004 0.387537003
vt 0.732649028 0.332749009
vt 0.732649028 0.332749009
vt 0.696238995 0.383486986
vt 0.701421022 0.329308033
vt 0.696238995 0.383486986
vt 0.732649028 0.332749009
vt 0.733702004 0.387537003
vt 0.696238995 0.383486986
vt 0.674300015 0.332125008
vt 0.701421022 0.329308033
vt 0.674300015 0.332125008
vt 0.696238995 0.383486986
vt 0.660687029 0.378998041
vt 0.674300015 0.332125008
vt 0.647809029 0.384287000
vt 0.641807020 0.349591017
vt 0.647809029 0.384287000
vt 0.674300015 0.332125008
vt 0.660687029 0.378998041
vt 0.641807020 0.349591017
vt 0.621985018 0.395148993
vt 0.625855029 0.350170016
vt 0.621985018 0.395148993
vt 0.641807020 0.349591017
vt 0.647809029 0.384287000
vt 0.608641028 0.390578985
vt 0.625855029 0.350170016
vt 0.621985018 0.395148993
vt 0.625855029 0.350170016
vt 0.608641028 0.390578985
vt 0.606712997 0.341150999
vt 0.557678998 0.388221025
vt 0.500000000 0.421841025
vt 0.500000000 0.388388038
vt 0.500000000 0.421841025
vt 0.557678998 0.388221025
vt 0.557969987 0.421974003
vt 0.557969987 0.421974003
vt 0.608641028 0.390578985
vt 0.602129996 0.430189013
vt 0.608641028 0.390578985
vt 0.557969987 0.421974003
vt 0.557678998 0.388221025
vt 0.542762995 0.342918038
vt 0.607192993 0.314764977
vt 0.606712997 0.341150999
vt 0.607192993 0.314764977
vt 0.542762995 0.342918038
vt 0.536068976 0.310338974
vt 0.847256005 0.024641991
vt 0.854628980 0.084885001
vt 0.843231022 0.111030996
vt 0.854628980 0.084885001
vt 0.847256005 0.024641991
vt 0.856742978 0.024578989
vt 0.854628980 0.084885001
vt 0.860759974 0.111948013
vt 0.843231022 0.111030996
vt 0.912585020 0.119895995
vt 0.924805999 0.080877006
vt 0.925984979 0.112119019
vt 0.924805999 0.080877006
vt 0.912585020 0.119895995
vt 0.910251021 0.082895994
vt 0.536068976 0.310338974
vt 0.500000000 0.343245029
vt 0.500000000 0.316850007
vt 0.500000000 0.343245029
vt 0.536068976 0.310338974
vt 0.542762995 0.342918038
vt 0.608303010 0.159126997
vt 0.572127998 0.085044980
vt 0.609094977 0.102577984
vt 0.598864019 0.200098991
vt 0.590829015 0.158701003
vt 0.608303010 0.159126997
vt 0.572127998 0.085044980
vt 0.608303010 0.159126997
vt 0.590829015 0.158701003
vt 0.730504990 0.052276969
vt 0.760532022 0.105126023
vt 0.722715020 0.111654997
vt 0.523229003 0.064009011
vt 0.537733018 0.033433974
vt 0.555768013 0.043035030
vt 0.537733018 0.033433974
vt 0.572103024 0.039586008
vt 0.555768013 0.043035030
vt 0.572103024 0.039586008
vt 0.537733018 0.033433974
vt 0.560427010 0.030529976
vt 0.763413012 0.025640011
vt 0.757852018 0.056806982
vt 0.738515019 0.024055004
vt 0.555768013 0.043035030
vt 0.546765029 0.089712024
vt 0.523229003 0.064009011
vt 0.792720973 0.437319040
vt 0.736606002 0.492236972
vt 0.737048984 0.443035960
vt 0.736606002 0.492236972
vt 0.792720973 0.437319040
vt 0.792720020 0.493587971
vt 0.792037010 0.252308965
vt 0.792044997 0.285057008
vt 0.741757989 0.289667010
vt 0.542595029 0.531789005
vt 0.499976993 0.485785961
vt 0.551734984 0.483642995
vt 0.499976993 0.485785961
vt 0.542595029 0.531789005
vt 0.500000000 0.531428993
vt 0.507930994 0.190608978
vt 0.519909978 0.217513978
vt 0.500000000 0.219855011
vt 0.500000000 0.168871999
vt 0.507188022 0.161729991
vt 0.512548029 0.168717980
vt 0.537733018 0.033433974
vt 0.523229003 0.064009011
vt 0.500000000 0.037517011
vt 0.763413012 0.025640011
vt 0.792194009 0.057250977
vt 0.757852018 0.056806982
vt 0.198927000 0.849821985
vt 0.160914004 0.913613975
vt 0.147477999 0.849821985
vt 0.160914004 0.913613975
vt 0.198927000 0.849821985
vt 0.204245999 0.913613975
vt 0.193029001 0.793536007
vt 0.147477999 0.849821985
vt 0.148796007 0.793536007
vt 0.147477999 0.849821985
vt 0.193029001 0.793536007
vt 0.198927000 0.849821985
vt 0.185433000 0.736311972
vt 0.148796007 0.793536007
vt 0.132120997 0.736311972
vt 0.148796007 0.793536007
vt 0.185433000 0.736311972
vt 0.193029001 0.793536007
vt 0.170993999 0.676407993
vt 0.132120997 0.736311972
vt 0.124278001 0.685754001
vt 0.132120997 0.736311972
vt 0.170993999 0.676407993
vt 0.185433000 0.736311972
vt 0.124278001 0.685754001
vt 0.153174996 0.639822006
vt 0.170993999 0.676407993
vt 0.164989993 0.988445997
vt 0.204245999 0.913613975
vt 0.212116003 0.989525020
vt 0.204245999 0.913613975
vt 0.164989993 0.988445997
vt 0.160914004 0.913613975
vt 0.846893013 0.896000028
vt 0.895636022 0.980961025
vt 0.848824978 0.980961025
vt 0.895636022 0.980961025
vt 0.846893013 0.896000028
vt 0.895636022 0.896000028
vt 0.895636022 0.825999975
vt 0.846893013 0.896000028
vt 0.850614011 0.825999975
vt 0.846893013 0.896000028
vt 0.895636022 0.825999975
vt 0.895636022 0.896000028
vt 0.895636022 0.772000015
vt 0.850614011 0.825999975
vt 0.850766003 0.772000015
vt 0.850614011 0.825999975
vt 0.895636022 0.772000015
vt 0.895636022 0.825999975
vt 0.856828988 0.698459983
vt 0.895636022 0.772000015
vt 0.850766003 0.772000015
vt 0.895636022 0.772000015
vt 0.856828988 0.698459983
vt 0.895636022 0.696080983
vt 0.856828988 0.698459983
vt 0.895636022 0.662880003
vt 0.895636022 0.696080983
vt 0.935782015 0.047048986
vt 0.924805999 0.080877006
vt 0.922097981 0.058954000
vt 0.396023989 0.300641000
vt 0.463930994 0.310338974
vt 0.392807007 0.314764977
vt 0.463930994 0.310338974
vt 0.396023989 0.300641000
vt 0.470331013 0.295027971
vt 0.393287003 0.341150999
vt 0.442321002 0.388221025
vt 0.391359001 0.390578985
vt 0.442321002 0.388221025
vt 0.393287003 0.341150999
vt 0.457237005 0.342918038
vt 0.247668996 0.240095973
vt 0.309359998 0.291936994
vt 0.258242011 0.289667010
vt 0.309359998 0.291936994
vt 0.247668996 0.240095973
vt 0.304897994 0.256255984
vt 0.345638990 0.548597991
vt 0.262389988 0.533146977
vt 0.348426998 0.534998000
vt 0.262389988 0.533146977
vt 0.345638990 0.548597991
vt 0.259416014 0.545212984
vt 0.420780003 0.533981025
vt 0.345638990 0.548597991
vt 0.348426998 0.534998000
vt 0.345638990 0.548597991
vt 0.420780003 0.533981025
vt 0.382726014 0.557916999
vt 0.457405001 0.531789005
vt 0.423305988 0.571959019
vt 0.420780003 0.533981025
vt 0.423305988 0.571959019
vt 0.457405001 0.531789005
vt 0.461026013 0.574681997
vt 0.457237005 0.342918038
vt 0.500000000 0.388388038
vt 0.442321002 0.388221025
vt 0.500000000 0.388388038
vt 0.457237005 0.342918038
vt 0.500000000 0.343245029
vt 0.259416014 0.545212984
vt 0.207993001 0.531039000
vt 0.262389988 0.533146977
vt 0.207993001 0.531039000
vt 0.259416014 0.545212984
vt 0.207968995 0.544524014
vt 0.262950987 0.443035960
vt 0.207056001 0.388496041
vt 0.266297996 0.387537003
vt 0.207056001 0.388496041
vt 0.262950987 0.443035960
vt 0.207278997 0.437319040
vt 0.428981990 0.613689005
vt 0.380571008 0.710861981
vt 0.383944988 0.614360988
vt 0.380571008 0.710861981
vt 0.428981990 0.613689005
vt 0.417724013 0.710684001
vt 0.380571008 0.710861981
vt 0.405618995 0.772230983
vt 0.366997987 0.775141001
vt 0.405618995 0.772230983
vt 0.380571008 0.710861981
vt 0.417724013 0.710684001
vt 0.217580006 0.616153002
vt 0.271014988 0.700932980
vt 0.224871993 0.709927976
vt 0.271014988 0.700932980
vt 0.217580006 0.616153002
vt 0.262255013 0.630078018
vt 0.224871993 0.709927976
vt 0.278274000 0.771574020
vt 0.230505005 0.770716012
vt 0.278274000 0.771574020
vt 0.224871993 0.709927976
vt 0.271014988 0.700932980
vt 0.262255013 0.630078018
vt 0.323657990 0.704289973
vt 0.271014988 0.700932980
vt 0.323657990 0.704289973
vt 0.262255013 0.630078018
vt 0.320145994 0.629830003
vt 0.271014988 0.700932980
vt 0.323269993 0.770331025
vt 0.278274000 0.771574020
vt 0.323269993 0.770331025
vt 0.271014988 0.700932980
vt 0.323657990 0.704289973
vt 0.320145994 0.629830003
vt 0.380571008 0.710861981
vt 0.323657990 0.704289973
vt 0.380571008 0.710861981
vt 0.320145994 0.629830003
vt 0.383944988 0.614360988
vt 0.323657990 0.704289973
vt 0.366997987 0.775141001
vt 0.323269993 0.770331025
vt 0.366997987 0.775141001
vt 0.323657990 0.704289973
vt 0.380571008 0.710861981
vt 0.340009004 0.210754037
vt 0.368656009 0.176485002
vt 0.343418986 0.176687002
vt 0.368656009 0.176485002
vt 0.340009004 0.210754037
vt 0.372514009 0.213065982
vt 0.394710004 0.831888020
vt 0.341746986 0.895501018
vt 0.354328007 0.828966975
vt 0.341746986 0.895501018
vt 0.394710004 0.831888020
vt 0.380888999 0.899585009
vt 0.380888999 0.899585009
vt 0.333988994 0.980310023
vt 0.341746986 0.895501018
vt 0.333988994 0.980310023
vt 0.380888999 0.899585009
vt 0.362969995 0.980409026
vt 0.240355000 0.827989995
vt 0.278373003 0.896407008
vt 0.249234006 0.897616982
vt 0.278373003 0.896407008
vt 0.240355000 0.827989995
vt 0.275950015 0.825830996
vt 0.249234006 0.897616982
vt 0.291673988 0.980181992
vt 0.261806011 0.980190992
vt 0.291673988 0.980181992
vt 0.249234006 0.897616982
vt 0.278373003 0.896407008
vt 0.275950015 0.825830996
vt 0.319858015 0.887456000
vt 0.278373003 0.896407008
vt 0.319858015 0.887456000
vt 0.275950015 0.825830996
vt 0.323397994 0.820834994
vt 0.278373003 0.896407008
vt 0.313232988 0.980015993
vt 0.291673988 0.980181992
vt 0.313232988 0.980015993
vt 0.278373003 0.896407008
vt 0.319858015 0.887456000
vt 0.323397994 0.820834994
vt 0.341746986 0.895501018
vt 0.319858015 0.887456000
vt 0.341746986 0.895501018
vt 0.323397994 0.820834994
vt 0.354328007 0.828966975
vt 0.319858015 0.887456000
vt 0.333988994 0.980310023
vt 0.313232988 0.980015993
vt 0.333988994 0.980310023
vt 0.319858015 0.887456000
vt 0.341746986 0.895501018
vt 0.383944988 0.614360988
vt 0.423305988 0.571959019
vt 0.428981990 0.613689005
vt 0.423305988 0.571959019
vt 0.383944988 0.614360988
vt 0.378302008 0.580618978
vt 0.500000000 0.602496028
vt 0.461026013 0.574681997
vt 0.500000000 0.577818990
vt 0.461026013 0.574681997
vt 0.500000000 0.602496028
vt 0.475962013 0.615773022
vt 0.259416014 0.545212984
vt 0.321621001 0.585349977
vt 0.256094009 0.578772008
vt 0.321621001 0.585349977
vt 0.259416014 0.545212984
vt 0.345638990 0.548597991
vt 0.256094009 0.578772008
vt 0.318477005 0.613546014
vt 0.258890003 0.611717999
vt 0.318477005 0.613546014
vt 0.256094009 0.578772008
vt 0.321621001 0.585349977
vt 0.258890003 0.611717999
vt 0.320145994 0.629830003
vt 0.262255013 0.630078018
vt 0.320145994 0.629830003
vt 0.258890003 0.611717999
vt 0.318477005 0.613546014
vt 0.394710004 0.831888020
vt 0.366997987 0.775141001
vt 0.405618995 0.772230983
vt 0.366997987 0.775141001
vt 0.394710004 0.831888020
vt 0.354328007 0.828966975
vt 0.354328007 0.828966975
vt 0.323269993 0.770331025
vt 0.366997987 0.775141001
vt 0.323269993 0.770331025
vt 0.354328007 0.828966975
vt 0.323397994 0.820834994
vt 0.323269993 0.770331025
vt 0.275950015 0.825830996
vt 0.278274000 0.771574020
vt 0.275950015 0.825830996
vt 0.323269993 0.770331025
vt 0.323397994 0.820834994
vt 0.278274000 0.771574020
vt 0.240355000 0.827989995
vt 0.230505005 0.770716012
vt 0.240355000 0.827989995
vt 0.278274000 0.771574020
vt 0.275950015 0.825830996
vt 0.345638990 0.548597991
vt 0.378302008 0.580618978
vt 0.321621001 0.585349977
vt 0.378302008 0.580618978
vt 0.345638990 0.548597991
vt 0.382726014 0.557916999
vt 0.321621001 0.585349977
vt 0.383944988 0.614360988
vt 0.318477005 0.613546014
vt 0.383944988 0.614360988
vt 0.321621001 0.585349977
vt 0.378302008 0.580618978
vt 0.318477005 0.613546014
vt 0.383944988 0.614360988
vt 0.320145994 0.629830003
vt 0.263393998 0.492236972
vt 0.262950987 0.443035960
vt 0.329925001 0.445484996
vt 0.351370007 0.437633991
vt 0.414943993 0.484302044
vt 0.347535014 0.490355968
vt 0.414943993 0.484302044
vt 0.351370007 0.437633991
vt 0.397870004 0.430189013
vt 0.414943993 0.484302044
vt 0.442030013 0.421974003
vt 0.448264986 0.483642995
vt 0.442030013 0.421974003
vt 0.414943993 0.484302044
vt 0.397870004 0.430189013
vt 0.500000000 0.421841025
vt 0.448264986 0.483642995
vt 0.442030013 0.421974003
vt 0.448264986 0.483642995
vt 0.500000000 0.421841025
vt 0.499976993 0.485785961
vt 0.139239997 0.111948013
vt 0.156769007 0.111030996
vt 0.133450001 0.170342982
vt 0.133450001 0.170342982
vt 0.157583997 0.253648996
vt 0.135086998 0.245065987
vt 0.157583997 0.253648996
vt 0.133450001 0.170342982
vt 0.158455998 0.177954018
vt 0.074014999 0.112119019
vt 0.072897002 0.159317017
vt 0.045724001 0.147803009
vt 0.045724001 0.147803009
vt 0.073614001 0.225605965
vt 0.051135998 0.233502984
vt 0.073614001 0.225605965
vt 0.045724001 0.147803009
vt 0.072897002 0.159317017
vt 0.087415002 0.119895995
vt 0.072897002 0.159317017
vt 0.074014999 0.112119019
vt 0.087415002 0.119895995
vt 0.108273000 0.161409974
vt 0.072897002 0.159317017
vt 0.087415002 0.119895995
vt 0.100873999 0.115993977
vt 0.108273000 0.161409974
vt 0.072897002 0.159317017
vt 0.106902003 0.233857036
vt 0.073614001 0.225605965
vt 0.106902003 0.233857036
vt 0.072897002 0.159317017
vt 0.108273000 0.161409974
vt 0.114325002 0.117033005
vt 0.133450001 0.170342982
vt 0.108273000 0.161409974
vt 0.108273000 0.161409974
vt 0.135086998 0.245065987
vt 0.106902003 0.233857036
vt 0.135086998 0.245065987
vt 0.108273000 0.161409974
vt 0.133450001 0.170342982
vt 0.135178998 0.288259029
vt 0.152069002 0.394559979
vt 0.133360997 0.393311024
vt 0.152069002 0.394559979
vt 0.135178998 0.288259029
vt 0.155723006 0.292554021
vt 0.133360997 0.393311024
vt 0.151977003 0.457370996
vt 0.136059001 0.456586957
vt 0.151977003 0.457370996
vt 0.133360997 0.393311024
vt 0.152069002 0.394559979
vt 0.050037000 0.277244985
vt 0.086397998 0.368503988
vt 0.046162002 0.381232977
vt 0.086397998 0.368503988
vt 0.050037000 0.277244985
vt 0.076580003 0.273869991
vt 0.046162002 0.381232977
vt 0.093391001 0.451595008
vt 0.050914999 0.455731988
vt 0.093391001 0.451595008
vt 0.046162002 0.381232977
vt 0.086397998 0.368503988
vt 0.076580003 0.273869991
vt 0.109318003 0.381986022
vt 0.086397998 0.368503988
vt 0.109318003 0.381986022
vt 0.076580003 0.273869991
vt 0.106500000 0.278527021
vt 0.086397998 0.368503988
vt 0.114459001 0.453016043
vt 0.093391001 0.451595008
vt 0.114459001 0.453016043
vt 0.086397998 0.368503988
vt 0.109318003 0.381986022
vt 0.106500000 0.278527021
vt 0.133360997 0.393311024
vt 0.109318003 0.381986022
vt 0.133360997 0.393311024
vt 0.106500000 0.278527021
vt 0.135178998 0.288259029
vt 0.109318003 0.381986022
vt 0.136059001 0.456586957
vt 0.114459001 0.453016043
vt 0.136059001 0.456586957
vt 0.109318003 0.381986022
vt 0.133360997 0.393311024
vt 0.052979998 0.588018000
vt 0.086162999 0.555826008
vt 0.084660001 0.594199002
vt 0.086162999 0.555826008
vt 0.052979998 0.588018000
vt 0.054483999 0.578119993
vt 0.009121000 0.528138995
vt 0.025173999 0.551985025
vt 0.006634000 0.540642023
vt 0.025173999 0.551985025
vt 0.009121000 0.528138995
vt 0.027407000 0.535726011
vt 0.093774997 0.484459043
vt 0.051274002 0.517603993
vt 0.036905002 0.491746008
vt 0.051274002 0.517603993
vt 0.093774997 0.484459043
vt 0.088335998 0.520736992
vt 0.093774997 0.484459043
vt 0.105488002 0.525538981
vt 0.088335998 0.520736992
vt 0.105488002 0.525538981
vt 0.093774997 0.484459043
vt 0.110651001 0.487635970
vt 0.150516003 0.491533041
vt 0.105488002 0.525538981
vt 0.110651001 0.487635970
vt 0.105488002 0.525538981
vt 0.150516003 0.491533041
vt 0.144916996 0.524864018
vt 0.106902003 0.233857036
vt 0.135178998 0.288259029
vt 0.106500000 0.278527021
vt 0.135178998 0.288259029
vt 0.106902003 0.233857036
vt 0.135086998 0.245065987
vt 0.135086998 0.245065987
vt 0.155723006 0.292554021
vt 0.135178998 0.288259029
vt 0.155723006 0.292554021
vt 0.135086998 0.245065987
vt 0.157583997 0.253648996
vt 0.073614001 0.225605965
vt 0.050037000 0.277244985
vt 0.051135998 0.233502984
vt 0.050037000 0.277244985
vt 0.073614001 0.225605965
vt 0.076580003 0.273869991
vt 0.076580003 0.273869991
vt 0.106902003 0.233857036
vt 0.106500000 0.278527021
vt 0.106902003 0.233857036
vt 0.076580003 0.273869991
vt 0.073614001 0.225605965
vt 0.102466002 0.059441984
vt 0.114325002 0.117033005
vt 0.100873999 0.115993977
vt 0.114325002 0.117033005
vt 0.102466002 0.059441984
vt 0.113333002 0.065150976
vt 0.113333002 0.065150976
vt 0.100019000 0.024266005
vt 0.115489997 0.024361014
vt 0.100019000 0.024266005
vt 0.113333002 0.065150976
vt 0.102466002 0.059441984
vt 0.329925001 0.445484996
vt 0.266297996 0.387537003
vt 0.303761005 0.383486986
vt 0.266297996 0.387537003
vt 0.329925001 0.445484996
vt 0.262950987 0.443035960
vt 0.304897994 0.256255984
vt 0.247668996 0.240095973
vt 0.274280995 0.226604998
vt 0.134340003 0.066430986
vt 0.143257007 0.024578989
vt 0.145371005 0.084885001
vt 0.143257007 0.024578989
vt 0.134340003 0.066430986
vt 0.132037997 0.024353027
vt 0.139239997 0.111948013
vt 0.134340003 0.066430986
vt 0.145371005 0.084885001
vt 0.298579007 0.329308033
vt 0.309359998 0.291936994
vt 0.307188988 0.310135007
vt 0.298579007 0.329308033
vt 0.258242011 0.289667010
vt 0.309359998 0.291936994
vt 0.298579007 0.329308033
vt 0.267351002 0.332749009
vt 0.258242011 0.289667010
vt 0.207487002 0.341719031
vt 0.258242011 0.289667010
vt 0.267351002 0.332749009
vt 0.258242011 0.289667010
vt 0.207487002 0.341719031
vt 0.207955003 0.285057008
vt 0.102466002 0.059441984
vt 0.088737004 0.059193969
vt 0.100019000 0.024266005
vt 0.100873999 0.115993977
vt 0.088737004 0.059193969
vt 0.102466002 0.059441984
vt 0.100873999 0.115993977
vt 0.089749001 0.082895994
vt 0.088737004 0.059193969
vt 0.100873999 0.115993977
vt 0.087415002 0.119895995
vt 0.089749001 0.082895994
vt 0.064218000 0.047048986
vt 0.074014999 0.112119019
vt 0.046128999 0.104737997
vt 0.074014999 0.112119019
vt 0.064218000 0.047048986
vt 0.075194001 0.080877006
vt 0.397870004 0.430189013
vt 0.352191001 0.384287000
vt 0.378015012 0.395148993
vt 0.352191001 0.384287000
vt 0.397870004 0.430189013
vt 0.351370007 0.437633991
vt 0.049534000 0.024371982
vt 0.064218000 0.047048986
vt 0.046128999 0.104737997
vt 0.391359001 0.390578985
vt 0.397870004 0.430189013
vt 0.378015012 0.395148993
vt 0.352191001 0.384287000
vt 0.351370007 0.437633991
vt 0.339313000 0.378998041
vt 0.136059001 0.456586957
vt 0.172563002 0.477723002
vt 0.150516003 0.491533041
vt 0.172563002 0.477723002
vt 0.136059001 0.456586957
vt 0.151977003 0.457370996
vt 0.136059001 0.456586957
vt 0.110651001 0.487635970
vt 0.114459001 0.453016043
vt 0.110651001 0.487635970
vt 0.136059001 0.456586957
vt 0.150516003 0.491533041
vt 0.114459001 0.453016043
vt 0.093774997 0.484459043
vt 0.093391001 0.451595008
vt 0.093774997 0.484459043
vt 0.114459001 0.453016043
vt 0.110651001 0.487635970
vt 0.093774997 0.484459043
vt 0.050914999 0.455731988
vt 0.093391001 0.451595008
vt 0.050914999 0.455731988
vt 0.093774997 0.484459043
vt 0.036905002 0.491746008
vt 0.247668996 0.240095973
vt 0.273891985 0.194010973
vt 0.274280995 0.226604998
vt 0.273891985 0.194010973
vt 0.247668996 0.240095973
vt 0.241336003 0.187623978
vt 0.241336003 0.187623978
vt 0.207963005 0.252308965
vt 0.209632993 0.188973010
vt 0.207963005 0.252308965
vt 0.241336003 0.187623978
vt 0.247668996 0.240095973
vt 0.088335998 0.520736992
vt 0.054483999 0.578119993
vt 0.051274002 0.517603993
vt 0.054483999 0.578119993
vt 0.088335998 0.520736992
vt 0.086162999 0.555826008
vt 0.051274002 0.517603993
vt 0.052979998 0.588018000
vt 0.045844998 0.522935987
vt 0.052979998 0.588018000
vt 0.051274002 0.517603993
vt 0.054483999 0.578119993
vt 0.137263000 0.582302988
vt 0.105488002 0.525538981
vt 0.144916996 0.524864018
vt 0.105488002 0.525538981
vt 0.137263000 0.582302988
vt 0.103295997 0.563939989
vt 0.103295997 0.563939989
vt 0.088335998 0.520736992
vt 0.105488002 0.525538981
vt 0.088335998 0.520736992
vt 0.103295997 0.563939989
vt 0.086162999 0.555826008
vt 0.150516003 0.491533041
vt 0.190442994 0.530247986
vt 0.172571003 0.528226972
vt 0.190442994 0.530247986
vt 0.150516003 0.491533041
vt 0.172563002 0.477723002
vt 0.019214001 0.511497021
vt 0.051274002 0.517603993
vt 0.041434001 0.518580973
vt 0.051274002 0.517603993
vt 0.019214001 0.511497021
vt 0.036905002 0.491746008
vt 0.051274002 0.517603993
vt 0.039818000 0.537021995
vt 0.041434001 0.518580973
vt 0.039818000 0.537021995
vt 0.051274002 0.517603993
vt 0.045844998 0.522935987
vt 0.152648002 0.524357975
vt 0.150516003 0.491533041
vt 0.172571003 0.528226972
vt 0.150516003 0.491533041
vt 0.152648002 0.524357975
vt 0.144916996 0.524864018
vt 0.172571003 0.528226972
vt 0.196275994 0.566487014
vt 0.185957000 0.565304995
vt 0.196275994 0.566487014
vt 0.172571003 0.528226972
vt 0.190442994 0.530247986
vt 0.019214001 0.511497021
vt 0.027407000 0.535726011
vt 0.009121000 0.528138995
vt 0.027407000 0.535726011
vt 0.019214001 0.511497021
vt 0.041434001 0.518580973
vt 0.041434001 0.518580973
vt 0.025173999 0.551985025
vt 0.027407000 0.535726011
vt 0.025173999 0.551985025
vt 0.041434001 0.518580973
vt 0.039818000 0.537021995
vt 0.152648002 0.524357975
vt 0.185957000 0.565304995
vt 0.163850993 0.564929008
vt 0.185957000 0.565304995
vt 0.152648002 0.524357975
vt 0.172571003 0.528226972
vt 0.299490988 0.125324011
vt 0.333155006 0.162234008
vt 0.295493990 0.137108982
vt 0.333155006 0.162234008
vt 0.299490988 0.125324011
vt 0.335382998 0.143037021
vt 0.354436994 0.016730011
vt 0.377456993 0.051984012
vt 0.366780996 0.054341018
vt 0.377456993 0.051984012
vt 0.354436994 0.016730011
vt 0.361290991 0.006841004
vt 0.345279992 0.032428980
vt 0.311136007 0.017224014
vt 0.354436994 0.016730011
vt 0.311136007 0.017224014
vt 0.345279992 0.032428980
vt 0.317865014 0.032922029
vt 0.282730997 0.049130976
vt 0.311136007 0.017224014
vt 0.296521991 0.051429987
vt 0.311136007 0.017224014
vt 0.282730997 0.049130976
vt 0.303290009 0.007089972
vt 0.335011005 0.072890997
vt 0.299490988 0.125324011
vt 0.315539986 0.053728998
vt 0.299490988 0.125324011
vt 0.335011005 0.072890997
vt 0.335382998 0.143037021
vt 0.377456993 0.051984012
vt 0.368117988 0.137354970
vt 0.366780996 0.054341018
vt 0.368117988 0.137354970
vt 0.377456993 0.051984012
vt 0.378767014 0.152845979
vt 0.372514009 0.213065982
vt 0.331465006 0.274127007
vt 0.382692993 0.294521987
vt 0.331465006 0.274127007
vt 0.372514009 0.213065982
vt 0.340009004 0.210754037
vt 0.282730997 0.049130976
vt 0.299490988 0.125324011
vt 0.295493990 0.137108982
vt 0.299490988 0.125324011
vt 0.282730997 0.049130976
vt 0.296521991 0.051429987
vt 0.461026013 0.574681997
vt 0.475962013 0.615773022
vt 0.428981990 0.613689005
vt 0.423305988 0.571959019
vt 0.461026013 0.574681997
vt 0.428981990 0.613689005
vt 0.428981990 0.613689005
vt 0.462974012 0.709985018
vt 0.417724013 0.710684001
vt 0.417724013 0.710684001
vt 0.448462009 0.772795022
vt 0.405618995 0.772230983
vt 0.448462009 0.772795022
vt 0.417724013 0.710684001
vt 0.462974012 0.709985018
vt 0.405618995 0.772230983
vt 0.432740986 0.843859017
vt 0.394710004 0.831888020
vt 0.432740986 0.843859017
vt 0.405618995 0.772230983
vt 0.448462009 0.772795022
vt 0.432740986 0.843859017
vt 0.380888999 0.899585009
vt 0.394710004 0.831888020
vt 0.380888999 0.899585009
vt 0.432740986 0.843859017
vt 0.415643990 0.906571984
vt 0.415643990 0.906571984
vt 0.362969995 0.980409026
vt 0.380888999 0.899585009
vt 0.362969995 0.980409026
vt 0.415643990 0.906571984
vt 0.385266006 0.980624020
vt 0.347155988 0.056697011
vt 0.335382998 0.143037021
vt 0.335011005 0.072890997
vt 0.335382998 0.143037021
vt 0.347155988 0.056697011
vt 0.368117988 0.137354970
vt 0.335382998 0.143037021
vt 0.378767014 0.152845979
vt 0.333155006 0.162234008
vt 0.378767014 0.152845979
vt 0.335382998 0.143037021
vt 0.368117988 0.137354970
vt 0.368117988 0.137354970
vt 0.347155988 0.056697011
vt 0.366780996 0.054341018
vt 0.347155988 0.056697011
vt 0.354436994 0.016730011
vt 0.366780996 0.054341018
vt 0.354436994 0.016730011
vt 0.347155988 0.056697011
vt 0.345279992 0.032428980
vt 0.311136007 0.017224014
vt 0.361290991 0.006841004
vt 0.354436994 0.016730011
vt 0.361290991 0.006841004
vt 0.311136007 0.017224014
vt 0.303290009 0.007089972
vt 0.317865014 0.032922029
vt 0.296521991 0.051429987
vt 0.311136007 0.017224014
vt 0.296521991 0.051429987
vt 0.317865014 0.032922029
vt 0.315539986 0.053728998
vt 0.296521991 0.051429987
vt 0.315539986 0.053728998
vt 0.299490988 0.125324011
vt 0.420780003 0.533981025
vt 0.423305988 0.571959019
vt 0.382726014 0.557916999
vt 0.382726014 0.557916999
vt 0.423305988 0.571959019
vt 0.378302008 0.580618978
vt 0.475962013 0.615773022
vt 0.500000000 0.602496028
vt 0.500000000 0.638948023
vt 0.437684000 0.205682993
vt 0.477037996 0.236338019
vt 0.467909008 0.248248994
vt 0.477037996 0.236338019
vt 0.437684000 0.205682993
vt 0.454383999 0.210825980
vt 0.274376988 0.153679967
vt 0.241336003 0.187623978
vt 0.242042005 0.150404990
vt 0.241336003 0.187623978
vt 0.274376988 0.153679967
vt 0.273891985 0.194010973
vt 0.462267011 0.033433974
vt 0.480302989 0.023832977
vt 0.500000000 0.037517011
vt 0.473969996 0.122592986
vt 0.470385998 0.090340972
vt 0.487684011 0.122561991
vt 0.437684000 0.205682993
vt 0.451732010 0.184270024
vt 0.454383999 0.210825980
vt 0.451732010 0.184270024
vt 0.437684000 0.205682993
vt 0.437050015 0.184630036
vt 0.427938998 0.201584995
vt 0.437050015 0.184630036
vt 0.437684000 0.205682993
vt 0.437050015 0.184630036
vt 0.427938998 0.201584995
vt 0.409170985 0.158701003
vt 0.434740007 0.140246034
vt 0.453235000 0.089712024
vt 0.450581998 0.127691031
vt 0.453235000 0.089712024
vt 0.434740007 0.140246034
vt 0.427872002 0.085044980
vt 0.434740007 0.140246034
vt 0.409170985 0.158701003
vt 0.427872002 0.085044980
vt 0.242042005 0.150404990
vt 0.277285010 0.111654997
vt 0.274376988 0.153679967
vt 0.277285010 0.111654997
vt 0.242042005 0.150404990
vt 0.239467993 0.105126023
vt 0.207828000 0.104547977
vt 0.242147997 0.056806982
vt 0.239467993 0.105126023
vt 0.242147997 0.056806982
vt 0.207828000 0.104547977
vt 0.207806006 0.057250977
vt 0.427938998 0.201584995
vt 0.437684000 0.205682993
vt 0.467909008 0.248248994
vt 0.453235000 0.089712024
vt 0.470385998 0.090340972
vt 0.473969996 0.122592986
vt 0.449079007 0.157712996
vt 0.470358014 0.157741010
vt 0.466818005 0.182667017
vt 0.454383999 0.210825980
vt 0.480089992 0.217513978
vt 0.477037996 0.236338019
vt 0.480089992 0.217513978
vt 0.500000000 0.238044977
vt 0.477037996 0.236338019
vt 0.500000000 0.238044977
vt 0.480089992 0.217513978
vt 0.500000000 0.219855011
vt 0.476772010 0.064009011
vt 0.470385998 0.090340972
vt 0.453235000 0.089712024
vt 0.444231987 0.043035030
vt 0.390904993 0.102577984
vt 0.427897006 0.039586008
vt 0.390904993 0.102577984
vt 0.444231987 0.043035030
vt 0.427872002 0.085044980
vt 0.207806006 0.057250977
vt 0.207819998 0.027225018
vt 0.236587003 0.025640011
vt 0.453235000 0.089712024
vt 0.427872002 0.085044980
vt 0.444231987 0.043035030
vt 0.209632993 0.188973010
vt 0.242042005 0.150404990
vt 0.241336003 0.187623978
vt 0.242042005 0.150404990
vt 0.209632993 0.188973010
vt 0.207873002 0.138513982
vt 0.207873002 0.138513982
vt 0.239467993 0.105126023
vt 0.242042005 0.150404990
vt 0.239467993 0.105126023
vt 0.207873002 0.138513982
vt 0.207828000 0.104547977
vt 0.242147997 0.056806982
vt 0.269495010 0.052276969
vt 0.239467993 0.105126023
vt 0.261485010 0.024055004
vt 0.269495010 0.052276969
vt 0.242147997 0.056806982
vt 0.377588004 0.024070978
vt 0.396753013 0.024298012
vt 0.397603989 0.060792983
vt 0.396753013 0.024298012
vt 0.377588004 0.024070978
vt 0.388747007 0.002442002
vt 0.437050015 0.184630036
vt 0.421696007 0.159103990
vt 0.432960987 0.175696015
vt 0.421696007 0.159103990
vt 0.437050015 0.184630036
vt 0.409170985 0.158701003
vt 0.409170985 0.158701003
vt 0.426921010 0.153051019
vt 0.421696007 0.159103990
vt 0.426921010 0.153051019
vt 0.409170985 0.158701003
vt 0.434740007 0.140246034
vt 0.407454014 0.003422022
vt 0.396753013 0.024298012
vt 0.388747007 0.002442002
vt 0.396753013 0.024298012
vt 0.407454014 0.003422022
vt 0.421265006 0.028079987
vt 0.421265006 0.028079987
vt 0.397603989 0.060792983
vt 0.396753013 0.024298012
vt 0.397603989 0.060792983
vt 0.421265006 0.028079987
vt 0.406347007 0.061379015
vt 0.472680986 0.135592997
vt 0.449079007 0.157712996
vt 0.450581998 0.127691031
vt 0.449079007 0.157712996
vt 0.472680986 0.135592997
vt 0.470358014 0.157741010
vt 0.449079007 0.157712996
vt 0.434740007 0.140246034
vt 0.450581998 0.127691031
vt 0.434740007 0.140246034
vt 0.449079007 0.157712996
vt 0.436499000 0.161336005
vt 0.467909008 0.248248994
vt 0.418832004 0.257534027
vt 0.416251987 0.233466983
vt 0.418832004 0.257534027
vt 0.467909008 0.248248994
vt 0.470331013 0.295027971
vt 0.274280995 0.226604998
vt 0.318241000 0.232972026
vt 0.304897994 0.256255984
vt 0.416251987 0.233466983
vt 0.427938998 0.201584995
vt 0.467909008 0.248248994
vt 0.427938998 0.201584995
vt 0.416251987 0.233466983
vt 0.401136011 0.200098991
vt 0.427938998 0.201584995
vt 0.401136011 0.200098991
vt 0.409170985 0.158701003
vt 0.500000000 0.297576010
vt 0.463930994 0.310338974
vt 0.470331013 0.295027971
vt 0.463930994 0.310338974
vt 0.500000000 0.297576010
vt 0.500000000 0.316850007
vt 0.461026013 0.574681997
vt 0.500000000 0.531428993
vt 0.500000000 0.577818990
vt 0.500000000 0.531428993
vt 0.461026013 0.574681997
vt 0.457405001 0.531789005
vt 0.207968995 0.544524014
vt 0.256094009 0.578772008
vt 0.207332000 0.574760020
vt 0.256094009 0.578772008
vt 0.207968995 0.544524014
vt 0.259416014 0.545212984
vt 0.256094009 0.578772008
vt 0.207352996 0.590300024
vt 0.207332000 0.574760020
vt 0.207352996 0.590300024
vt 0.256094009 0.578772008
vt 0.258890003 0.611717999
vt 0.207352996 0.590300024
vt 0.262255013 0.630078018
vt 0.215449005 0.602587998
vt 0.262255013 0.630078018
vt 0.207352996 0.590300024
vt 0.258890003 0.611717999
vt 0.500000000 0.268146038
vt 0.470331013 0.295027971
vt 0.467909008 0.248248994
vt 0.470331013 0.295027971
vt 0.500000000 0.268146038
vt 0.500000000 0.297576010
vt 0.215449005 0.602587998
vt 0.262255013 0.630078018
vt 0.216351002 0.610276997
vt 0.262255013 0.630078018
vt 0.217580006 0.616153002
vt 0.216351002 0.610276997
vt 0.439572990 0.030529976
vt 0.480302989 0.023832977
vt 0.462267011 0.033433974
vt 0.480302989 0.023832977
vt 0.439572990 0.030529976
vt 0.451249003 0.021474004
vt 0.480958998 0.182017982
vt 0.492812008 0.161729991
vt 0.487452000 0.168717980
vt 0.492812008 0.161729991
vt 0.480958998 0.182017982
vt 0.470358014 0.157741010
vt 0.477037996 0.236338019
vt 0.500000000 0.268146038
vt 0.467909008 0.248248994
vt 0.500000000 0.268146038
vt 0.477037996 0.236338019
vt 0.500000000 0.238044977
vt 0.500000000 0.066680014
vt 0.476772010 0.064009011
vt 0.500000000 0.037517011
vt 0.500000000 0.066680014
vt 0.470385998 0.090340972
vt 0.476772010 0.064009011
vt 0.470385998 0.090340972
vt 0.500000000 0.066680014
vt 0.500000000 0.090003014
vt 0.470358014 0.157741010
vt 0.492251992 0.137097001
vt 0.492812008 0.161729991
vt 0.492251992 0.137097001
vt 0.470358014 0.157741010
vt 0.472680986 0.135592997
vt 0.045724001 0.147803009
vt 0.046128999 0.104737997
vt 0.074014999 0.112119019
vt 0.156769007 0.111030996
vt 0.158455998 0.177954018
vt 0.133450001 0.170342982
vt 0.448264986 0.483642995
vt 0.420780003 0.533981025
vt 0.414943993 0.484302044
vt 0.420780003 0.533981025
vt 0.448264986 0.483642995
vt 0.457405001 0.531789005
vt 0.414943993 0.484302044
vt 0.348426998 0.534998000
vt 0.347535014 0.490355968
vt 0.348426998 0.534998000
vt 0.414943993 0.484302044
vt 0.420780003 0.533981025
vt 0.348426998 0.534998000
vt 0.263393998 0.492236972
vt 0.347535014 0.490355968
vt 0.263393998 0.492236972
vt 0.348426998 0.534998000
vt 0.262389988 0.533146977
vt 0.262389988 0.533146977
vt 0.207279995 0.493587971
vt 0.263393998 0.492236972
vt 0.207279995 0.493587971
vt 0.262389988 0.533146977
vt 0.207993001 0.531039000
vt 0.418832004 0.257534027
vt 0.470331013 0.295027971
vt 0.414837003 0.277191043
vt 0.470331013 0.295027971
vt 0.396023989 0.300641000
vt 0.414837003 0.277191043
vt 0.132037997 0.024353027
vt 0.113333002 0.065150976
vt 0.115489997 0.024361014
vt 0.113333002 0.065150976
vt 0.132037997 0.024353027
vt 0.134340003 0.066430986
vt 0.134340003 0.066430986
vt 0.114325002 0.117033005
vt 0.113333002 0.065150976
vt 0.114325002 0.117033005
vt 0.134340003 0.066430986
vt 0.139239997 0.111948013
vt 0.114325002 0.117033005
vt 0.139239997 0.111948013
vt 0.133450001 0.170342982
vt 0.108273000 0.161409974
vt 0.100873999 0.115993977
vt 0.114325002 0.117033005
vt 0.428981990 0.613689005
vt 0.475962013 0.615773022
vt 0.462974012 0.709985018
vt 0.473969996 0.122592986
vt 0.472680986 0.135592997
vt 0.450581998 0.127691031
vt 0.492251992 0.137097001
vt 0.473969996 0.122592986
vt 0.487684011 0.122561991
vt 0.473969996 0.122592986
vt 0.492251992 0.137097001
vt 0.472680986 0.135592997
vt 0.473969996 0.122592986
vt 0.450581998 0.127691031
vt 0.453235000 0.089712024
vt 0.331465006 0.274127007
vt 0.357394993 0.302402020
vt 0.382692993 0.294521987
vt 0.480089992 0.217513978
vt 0.480966985 0.188458979
vt 0.492069989 0.190608978
vt 0.466818005 0.182667017
vt 0.451732010 0.184270024
vt 0.449079007 0.157712996
vt 0.480089992 0.217513978
vt 0.454383999 0.210825980
vt 0.466818005 0.182667017
vt 0.480966985 0.188458979
vt 0.492089987 0.186345994
vt 0.492069989 0.190608978
vt 0.492089987 0.186345994
vt 0.480966985 0.188458979
vt 0.480958998 0.182017982
vt 0.492812008 0.161729991
vt 0.500000000 0.160709977
vt 0.500000000 0.168871999
vt 0.492089987 0.186345994
vt 0.480958998 0.182017982
vt 0.491982996 0.181959987
vt 0.500000000 0.186758995
vt 0.492069989 0.190608978
vt 0.492089987 0.186345994
vt 0.492069989 0.190608978
vt 0.500000000 0.186758995
vt 0.500000000 0.190831006
vt 0.466818005 0.182667017
vt 0.480966985 0.188458979
vt 0.480089992 0.217513978
vt 0.480966985 0.188458979
vt 0.466818005 0.182667017
vt 0.480958998 0.182017982
vt 0.466818005 0.182667017
vt 0.454383999 0.210825980
vt 0.451732010 0.184270024
vt 0.437050015 0.184630036
vt 0.449079007 0.157712996
vt 0.451732010 0.184270024
vt 0.449079007 0.157712996
vt 0.437050015 0.184630036
vt 0.436499000 0.161336005
vt 0.470358014 0.157741010
vt 0.480958998 0.182017982
vt 0.466818005 0.182667017
vt 0.500000000 0.090003014
vt 0.487684011 0.122561991
vt 0.470385998 0.090340972
vt 0.487684011 0.122561991
vt 0.500000000 0.090003014
vt 0.500000000 0.122532010
vt 0.487684011 0.122561991
vt 0.500000000 0.137086034
vt 0.492251992 0.137097001
vt 0.500000000 0.137086034
vt 0.487684011 0.122561991
vt 0.500000000 0.122532010
vt 0.500000000 0.137086034
vt 0.492812008 0.161729991
vt 0.492251992 0.137097001
vt 0.492812008 0.161729991
vt 0.500000000 0.137086034
vt 0.500000000 0.160709977
vt 0.487452000 0.168717980
vt 0.491982996 0.181959987
vt 0.480958998 0.182017982
vt 0.347535014 0.490355968
vt 0.329925001 0.445484996
vt 0.351370007 0.437633991
vt 0.298579007 0.329308033
vt 0.307188988 0.310135007
vt 0.325700015 0.332125008
vt 0.351370007 0.437633991
vt 0.303761005 0.383486986
vt 0.339313000 0.378998041
vt 0.303761005 0.383486986
vt 0.351370007 0.437633991
vt 0.329925001 0.445484996
vt 0.329925001 0.445484996
vt 0.347535014 0.490355968
vt 0.263393998 0.492236972
vt 0.492069989 0.190608978
vt 0.500000000 0.190831006
vt 0.500000000 0.219855011
vt 0.207963005 0.252308965
vt 0.247668996 0.240095973
vt 0.258242011 0.289667010
vt 0.491982996 0.181959987
vt 0.500000000 0.186758995
vt 0.492089987 0.186345994
vt 0.500000000 0.186758995
vt 0.491982996 0.181959987
vt 0.500000000 0.183108985
vt 0.500000000 0.168871999
vt 0.491982996 0.181959987
vt 0.487452000 0.168717980
vt 0.491982996 0.181959987
vt 0.500000000 0.168871999
vt 0.500000000 0.183108985
vt 0.266297996 0.387537003
vt 0.207487002 0.341719031
vt 0.267351002 0.332749009
vt 0.207487002 0.341719031
vt 0.266297996 0.387537003
vt 0.207056001 0.388496041
vt 0.267351002 0.332749009
vt 0.303761005 0.383486986
vt 0.266297996 0.387537003
vt 0.303761005 0.383486986
vt 0.267351002 0.332749009
vt 0.298579007 0.329308033
vt 0.303761005 0.383486986
vt 0.325700015 0.332125008
vt 0.339313000 0.378998041
vt 0.325700015 0.332125008
vt 0.303761005 0.383486986
vt 0.298579007 0.329308033
vt 0.325700015 0.332125008
vt 0.352191001 0.384287000
vt 0.339313000 0.378998041
vt 0.352191001 0.384287000
vt 0.325700015 0.332125008
vt 0.358193010 0.349591017
vt 0.358193010 0.349591017
vt 0.378015012 0.395148993
vt 0.352191001 0.384287000
vt 0.378015012 0.395148993
vt 0.358193010 0.349591017
vt 0.374145001 0.350170016
vt 0.391359001 0.390578985
vt 0.374145001 0.350170016
vt 0.393287003 0.341150999
vt 0.374145001 0.350170016
vt 0.391359001 0.390578985
vt 0.378015012 0.395148993
vt 0.442321002 0.388221025
vt 0.500000000 0.421841025
vt 0.442030013 0.421974003
vt 0.500000000 0.421841025
vt 0.442321002 0.388221025
vt 0.500000000 0.388388038
vt 0.442030013 0.421974003
vt 0.391359001 0.390578985
vt 0.442321002 0.388221025
vt 0.391359001 0.390578985
vt 0.442030013 0.421974003
vt 0.397870004 0.430189013
vt 0.457237005 0.342918038
vt 0.392807007 0.314764977
vt 0.463930994 0.310338974
vt 0.392807007 0.314764977
vt 0.457237005 0.342918038
vt 0.393287003 0.341150999
vt 0.152743995 0.024641991
vt 0.145371005 0.084885001
vt 0.143257007 0.024578989
vt 0.145371005 0.084885001
vt 0.152743995 0.024641991
vt 0.156769007 0.111030996
vt 0.145371005 0.084885001
vt 0.156769007 0.111030996
vt 0.139239997 0.111948013
vt 0.087415002 0.119895995
vt 0.075194001 0.080877006
vt 0.089749001 0.082895994
vt 0.075194001 0.080877006
vt 0.087415002 0.119895995
vt 0.074014999 0.112119019
vt 0.463930994 0.310338974
vt 0.500000000 0.343245029
vt 0.457237005 0.342918038
vt 0.500000000 0.343245029
vt 0.463930994 0.310338974
vt 0.500000000 0.316850007
vt 0.391696990 0.159126997
vt 0.390904993 0.102577984
vt 0.427872002 0.085044980
vt 0.401136011 0.200098991
vt 0.391696990 0.159126997
vt 0.409170985 0.158701003
vt 0.427872002 0.085044980
vt 0.409170985 0.158701003
vt 0.391696990 0.159126997
vt 0.269495010 0.052276969
vt 0.277285010 0.111654997
vt 0.239467993 0.105126023
vt 0.476772010 0.064009011
vt 0.444231987 0.043035030
vt 0.462267011 0.033433974
vt 0.462267011 0.033433974
vt 0.427897006 0.039586008
vt 0.439572990 0.030529976
vt 0.427897006 0.039586008
vt 0.462267011 0.033433974
vt 0.444231987 0.043035030
vt 0.236587003 0.025640011
vt 0.261485010 0.024055004
vt 0.242147997 0.056806982
vt 0.444231987 0.043035030
vt 0.476772010 0.064009011
vt 0.453235000 0.089712024
vt 0.207278997 0.437319040
vt 0.263393998 0.492236972
vt 0.207279995 0.493587971
vt 0.263393998 0.492236972
vt 0.207278997 0.437319040
vt 0.262950987 0.443035960
vt 0.207963005 0.252308965
vt 0.258242011 0.289667010
vt 0.207955003 0.285057008
vt 0.499976993 0.485785961
vt 0.457405001 0.531789005
vt 0.448264986 0.483642995
vt 0.457405001 0.531789005
vt 0.499976993 0.485785961
vt 0.500000000 0.531428993
vt 0.492069989 0.190608978
vt 0.500000000 0.219855011
vt 0.480089992 0.217513978
vt 0.500000000 0.168871999
vt 0.487452000 0.168717980
vt 0.492812008 0.161729991
vt 0.462267011 0.033433974
vt 0.500000000 0.037517011
vt 0.476772010 0.064009011
vt 0.236587003 0.025640011
vt 0.242147997 0.056806982
vt 0.207806006 0.057250977
vt 0.080286004 0.849821985
vt 0.113692999 0.913613975
vt 0.069265999 0.913613975
vt 0.113692999 0.913613975
vt 0.080286004 0.849821985
vt 0.113692999 0.849821985
vt 0.077211000 0.793536007
vt 0.113692999 0.849821985
vt 0.080286004 0.849821985
vt 0.113692999 0.849821985
vt 0.077211000 0.793536007
vt 0.113692999 0.793536007
vt 0.093217999 0.736311972
vt 0.113692999 0.793536007
vt 0.077211000 0.793536007
vt 0.113692999 0.793536007
vt 0.093217999 0.736311972
vt 0.113692999 0.736311972
vt 0.102254003 0.685582995
vt 0.113692999 0.736311972
vt 0.093217999 0.736311972
vt 0.113692999 0.736311972
vt 0.102254003 0.685582995
vt 0.113692999 0.687839985
vt 0.113692999 0.639822006
vt 0.102254003 0.685582995
vt 0.074210003 0.639822006
vt 0.069265999 0.913613975
vt 0.113692999 0.987275004
vt 0.064565003 0.988395989
vt 0.113692999 0.987275004
vt 0.069265999 0.913613975
vt 0.113692999 0.913613975
vt 0.939951003 0.980961025
vt 0.979875028 0.896000028
vt 0.979875028 0.980961025
vt 0.979875028 0.896000028
vt 0.939951003 0.980961025
vt 0.941048980 0.896000028
vt 0.941048980 0.896000028
vt 0.979875028 0.825999975
vt 0.979875028 0.896000028
vt 0.979875028 0.825999975
vt 0.941048980 0.896000028
vt 0.940590978 0.825999975
vt 0.940344989 0.772000015
vt 0.979875028 0.825999975
vt 0.940590978 0.825999975
vt 0.979875028 0.825999975
vt 0.940344989 0.772000015
vt 0.979875028 0.772000015
vt 0.940344989 0.772000015
vt 0.979875028 0.700999975
vt 0.979875028 0.772000015
vt 0.979875028 0.700999975
vt 0.940344989 0.772000015
vt 0.929916024 0.698194027
vt 0.895636022 0.642176986
vt 0.932272017 0.644189000
vt 0.895636022 0.662880003
vt 0.932272017 0.644189000
vt 0.929916024 0.698194027
vt 0.895636022 0.662880003
vt 0.064218000 0.047048986
vt 0.077901997 0.058954000
vt 0.075194001 0.080877006
vt 0.074210003 0.639822006
vt 0.102254003 0.685582995
vt 0.056391999 0.676407993
vt 0.102254003 0.685582995
vt 0.113692999 0.639822006
vt 0.113692999 0.687839985
vt 0.093217999 0.736311972
vt 0.056391999 0.676407993
vt 0.102254003 0.685582995
vt 0.056391999 0.676407993
vt 0.093217999 0.736311972
vt 0.041953001 0.736311972
vt 0.077211000 0.793536007
vt 0.041953001 0.736311972
vt 0.093217999 0.736311972
vt 0.041953001 0.736311972
vt 0.077211000 0.793536007
vt 0.034357000 0.793536007
vt 0.080286004 0.849821985
vt 0.034357000 0.793536007
vt 0.077211000 0.793536007
vt 0.034357000 0.793536007
vt 0.080286004 0.849821985
vt 0.028458999 0.849821985
vt 0.069265999 0.913613975
vt 0.028458999 0.849821985
vt 0.080286004 0.849821985
vt 0.028458999 0.849821985
vt 0.069265999 0.913613975
vt 0.023140000 0.913613975
vt 0.064565003 0.988395989
vt 0.023140000 0.913613975
vt 0.069265999 0.913613975
vt 0.023140000 0.913613975
vt 0.064565003 0.988395989
vt 0.015270000 0.989525020
vt 0.113692999 0.639822006
vt 0.124278001 0.685754001
vt 0.113692999 0.687839985
vt 0.124278001 0.685754001
vt 0.113692999 0.639822006
vt 0.153174996 0.639822006
vt 0.113692999 0.736311972
vt 0.124278001 0.685754001
vt 0.132120997 0.736311972
vt 0.124278001 0.685754001
vt 0.113692999 0.736311972
vt 0.113692999 0.687839985
vt 0.113692999 0.793536007
vt 0.132120997 0.736311972
vt 0.148796007 0.793536007
vt 0.132120997 0.736311972
vt 0.113692999 0.793536007
vt 0.113692999 0.736311972
vt 0.113692999 0.849821985
vt 0.148796007 0.793536007
vt 0.147477999 0.849821985
vt 0.148796007 0.793536007
vt 0.113692999 0.849821985
vt 0.113692999 0.793536007
vt 0.113692999 0.913613975
vt 0.147477999 0.849821985
vt 0.160914004 0.913613975
vt 0.147477999 0.849821985
vt 0.113692999 0.913613975
vt 0.113692999 0.849821985
vt 0.113692999 0.987275004
vt 0.160914004 0.913613975
vt 0.164989993 0.988445997
vt 0.160914004 0.913613975
vt 0.113692999 0.987275004
vt 0.113692999 0.913613975
vt 0.811397016 0.647997022
vt 0.856828988 0.698459983
vt 0.811397016 0.700999975
vt 0.856828988 0.698459983
vt 0.811397016 0.647997022
vt 0.858726978 0.644180000
vt 0.811397016 0.700999975
vt 0.850766003 0.772000015
vt 0.811397016 0.772000015
vt 0.850766003 0.772000015
vt 0.811397016 0.700999975
vt 0.856828988 0.698459983
vt 0.850766003 0.772000015
vt 0.811397016 0.825999975
vt 0.811397016 0.772000015
vt 0.811397016 0.825999975
vt 0.850766003 0.772000015
vt 0.850614011 0.825999975
vt 0.846893013 0.896000028
vt 0.811397016 0.825999975
vt 0.850614011 0.825999975
vt 0.811397016 0.825999975
vt 0.846893013 0.896000028
vt 0.811397016 0.896000028
vt 0.848824978 0.980961025
vt 0.811397016 0.896000028
vt 0.846893013 0.896000028
vt 0.811397016 0.896000028
vt 0.848824978 0.980961025
vt 0.811397016 0.980961025
vt 0.895636022 0.662880003
vt 0.929916024 0.698194027
vt 0.895636022 0.696080983
vt 0.895636022 0.772000015
vt 0.929916024 0.698194027
vt 0.940344989 0.772000015
vt 0.929916024 0.698194027
vt 0.895636022 0.772000015
vt 0.895636022 0.696080983
vt 0.940590978 0.825999975
vt 0.895636022 0.772000015
vt 0.940344989 0.772000015
vt 0.895636022 0.772000015
vt 0.940590978 0.825999975
vt 0.895636022 0.825999975
vt 0.941048980 0.896000028
vt 0.895636022 0.825999975
vt 0.940590978 0.825999975
vt 0.895636022 0.825999975
vt 0.941048980 0.896000028
vt 0.895636022 0.896000028
vt 0.895636022 0.980961025
vt 0.941048980 0.896000028
vt 0.939951003 0.980961025
vt 0.941048980 0.896000028
vt 0.895636022 0.980961025
vt 0.895636022 0.896000028
vt 0.856828988 0.698459983
vt 0.858726978 0.644180000
vt 0.895636022 0.662880003
vt 0.858726978 0.644180000
vt 0.895636022 0.642176986
vt 0.895636022 0.662880003
vt 0.979875028 0.647997022
vt 0.929916024 0.698194027
vt 0.932272017 0.644189000
vt 0.929916024 0.698194027
vt 0.979875028 0.647997022
vt 0.979875028 0.700999975
vn -0.109088178 -0.908132942 0.404220644
vn 0.227890808 -0.894499501 0.384625042
vn 0.385226360 -0.776936671 0.497965923
vn 0.227890808 -0.894499501 0.384625042
vn -0.109088178 -0.908132942 0.404220644
vn 0.075256750 -0.994151570 -0.077453713
vn 0.650288946 -0.755540027 -0.079268869
vn 0.592617712 -0.797294780 0.114565621
vn 0.361061575 -0.893746334 0.266180446
vn 0.592617712 -0.797294780 0.114565621
vn 0.650288946 -0.755540027 -0.079268869
vn 0.934556916 -0.300622495 0.190340448
vn 0.106677951 0.258369601 0.960137992
vn 0.201451629 0.342008544 0.917849332
vn 0.092009352 -0.107458955 0.989942853
vn 0.201451629 0.342008544 0.917849332
vn 0.106677951 0.258369601 0.960137992
vn -0.309656441 0.775863934 0.549679947
vn 0.777348264 0.447456806 0.442167484
vn 0.084647796 0.993142070 -0.080644775
vn 0.152627925 0.960466871 0.232826343
vn 0.084647796 0.993142070 -0.080644775
vn 0.777348264 0.447456806 0.442167484
vn 0.795428620 0.526827235 0.299576992
vn 0.853979989 -0.261562656 0.449781231
vn 0.777348264 0.447456806 0.442167484
vn 0.893097869 -0.187811056 0.408782586
vn 0.777348264 0.447456806 0.442167484
vn 0.853979989 -0.261562656 0.449781231
vn 0.795428620 0.526827235 0.299576992
vn 0.432609209 -0.857382962 0.278825625
vn 0.698519950 -0.613330475 0.368640215
vn 0.244164456 -0.961402037 0.126845743
vn 0.698519950 -0.613330475 0.368640215
vn 0.432609209 -0.857382962 0.278825625
vn 0.853979989 -0.261562656 0.449781231
vn 0.361061575 -0.893746334 0.266180446
vn 0.273684833 -0.958060638 0.084949550
vn 0.182047420 -0.926853023 0.328332470
vn 0.273684833 -0.958060638 0.084949550
vn 0.361061575 -0.893746334 0.266180446
vn 0.592617712 -0.797294780 0.114565621
vn 0.152627925 0.960466871 0.232826343
vn -0.103167900 0.994095537 -0.033622142
vn -0.101298706 0.976065643 0.192443321
vn -0.103167900 0.994095537 -0.033622142
vn 0.152627925 0.960466871 0.232826343
vn 0.084647796 0.993142070 -0.080644775
vn -0.040429280 0.986216079 -0.160447249
vn -0.289444861 0.956019694 -0.047413259
vn -0.216586383 0.941477571 -0.258283415
vn -0.289444861 0.956019694 -0.047413259
vn -0.040429280 0.986216079 -0.160447249
vn -0.085454291 0.993882264 0.069968630
vn 0.196489691 -0.949021658 0.246474531
vn 0.825369253 -0.185785285 0.533150471
vn 0.018357018 -0.992151342 0.123688053
vn 0.825369253 -0.185785285 0.533150471
vn 0.196489691 -0.949021658 0.246474531
vn 0.863403691 -0.061879672 0.500704476
vn 0.825369253 -0.185785285 0.533150471
vn 0.225412110 -0.973248577 -0.044458842
vn 0.018357018 -0.992151342 0.123688053
vn 0.225412110 -0.973248577 -0.044458842
vn 0.825369253 -0.185785285 0.533150471
vn 0.950086119 -0.020348083 0.311323501
vn -0.598394314 -0.590226350 -0.541809099
vn -0.613333072 0.454006197 -0.646297853
vn -0.309499826 0.657573391 -0.686882154
vn -0.613333072 0.454006197 -0.646297853
vn -0.598394314 -0.590226350 -0.541809099
vn -0.656706299 -0.611787929 -0.440967536
vn -0.656706299 -0.611787929 -0.440967536
vn -0.846979636 0.145284371 -0.511388255
vn -0.613333072 0.454006197 -0.646297853
vn -0.846979636 0.145284371 -0.511388255
vn -0.656706299 -0.611787929 -0.440967536
vn -0.671646790 -0.642371055 -0.369120601
vn -0.309499826 0.657573391 -0.686882154
vn 0.384596691 0.923015640 -0.011292218
vn 0.479305443 0.865498936 0.145526232
vn 0.384596691 0.923015640 -0.011292218
vn -0.309499826 0.657573391 -0.686882154
vn -0.613333072 0.454006197 -0.646297853
vn -0.613333072 0.454006197 -0.646297853
vn 0.256836116 0.960699023 0.105321399
vn 0.384596691 0.923015640 -0.011292218
vn 0.256836116 0.960699023 0.105321399
vn -0.613333072 0.454006197 -0.646297853
vn -0.846979636 0.145284371 -0.511388255
vn 0.479305443 0.865498936 0.145526232
vn 0.825369253 -0.185785285 0.533150471
vn 0.863403691 -0.061879672 0.500704476
vn 0.825369253 -0.185785285 0.533150471
vn 0.479305443 0.865498936 0.145526232
vn 0.384596691 0.923015640 -0.011292218
vn 0.384596691 0.923015640 -0.011292218
vn 0.950086119 -0.020348083 0.311323501
vn 0.825369253 -0.185785285 0.533150471
vn 0.950086119 -0.020348083 0.311323501
vn 0.384596691 0.923015640 -0.011292218
vn 0.256836116 0.960699023 0.105321399
vn 0.637952095 0.626310225 -0.448054266
vn -0.517482220 0.415358739 -0.748123833
vn -0.168011347 -0.057666649 -0.984096918
vn -0.517482220 0.415358739 -0.748123833
vn 0.637952095 0.626310225 -0.448054266
vn 0.234487374 0.935412072 -0.264612788
vn 0.449238018 -0.889134772 -0.087318730
vn 0.929448747 -0.185269082 0.319061740
vn 0.359277349 -0.932262183 -0.042508916
vn 0.929448747 -0.185269082 0.319061740
vn 0.449238018 -0.889134772 -0.087318730
vn 0.883682404 -0.091269599 0.459102679
vn 0.359277349 -0.932262183 -0.042508916
vn 0.889692846 0.076041858 0.450182492
vn 0.302982289 -0.918828808 0.252893958
vn 0.889692846 0.076041858 0.450182492
vn 0.359277349 -0.932262183 -0.042508916
vn 0.929448747 -0.185269082 0.319061740
vn -0.663705909 -0.593681784 -0.455012534
vn -0.648690631 0.615236960 -0.447977621
vn -0.614453678 0.787107360 -0.053932191
vn -0.648690631 0.615236960 -0.447977621
vn -0.663705909 -0.593681784 -0.455012534
vn -0.617124554 -0.535697501 -0.576355335
vn -0.617124554 -0.535697501 -0.576355335
vn -0.914598529 0.269051157 -0.301862559
vn -0.648690631 0.615236960 -0.447977621
vn -0.914598529 0.269051157 -0.301862559
vn -0.617124554 -0.535697501 -0.576355335
vn -0.719199367 -0.694601926 -0.016746178
vn -0.614453678 0.787107360 -0.053932191
vn 0.198351354 0.975780475 0.092245352
vn 0.167647639 0.927494949 0.334136782
vn 0.198351354 0.975780475 0.092245352
vn -0.614453678 0.787107360 -0.053932191
vn -0.648690631 0.615236960 -0.447977621
vn -0.648690631 0.615236960 -0.447977621
vn 0.187425940 0.978924302 0.081109353
vn 0.198351354 0.975780475 0.092245352
vn 0.187425940 0.978924302 0.081109353
vn -0.648690631 0.615236960 -0.447977621
vn -0.914598529 0.269051157 -0.301862559
vn 0.167647639 0.927494949 0.334136782
vn 0.929448747 -0.185269082 0.319061740
vn 0.883682404 -0.091269599 0.459102679
vn 0.929448747 -0.185269082 0.319061740
vn 0.167647639 0.927494949 0.334136782
vn 0.198351354 0.975780475 0.092245352
vn 0.198351354 0.975780475 0.092245352
vn 0.889692846 0.076041858 0.450182492
vn 0.929448747 -0.185269082 0.319061740
vn 0.889692846 0.076041858 0.450182492
vn 0.198351354 0.975780475 0.092245352
vn 0.187425940 0.978924302 0.081109353
vn 0.863403691 -0.061879672 0.500704476
vn 0.698519950 -0.613330475 0.368640215
vn 0.914982463 -0.050051189 0.400377285
vn 0.698519950 -0.613330475 0.368640215
vn 0.863403691 -0.061879672 0.500704476
vn 0.196489691 -0.949021658 0.246474531
vn 0.244164456 -0.961402037 0.126845743
vn -0.122127890 -0.813840565 -0.568109421
vn 0.005655056 -0.999512521 0.030704094
vn -0.122127890 -0.813840565 -0.568109421
vn 0.244164456 -0.961402037 0.126845743
vn -0.598394314 -0.590226350 -0.541809099
vn 0.152627925 0.960466871 0.232826343
vn 0.740677174 0.627931270 0.238955321
vn 0.777348264 0.447456806 0.442167484
vn 0.740677174 0.627931270 0.238955321
vn 0.152627925 0.960466871 0.232826343
vn 0.137173190 0.990371247 -0.018663058
vn 0.137173190 0.990371247 -0.018663058
vn 0.668556213 0.743430321 -0.018545845
vn 0.740677174 0.627931270 0.238955321
vn 0.668556213 0.743430321 -0.018545845
vn 0.137173190 0.990371247 -0.018663058
vn 0.192290743 0.943404426 -0.270207992
vn 0.192290743 0.943404426 -0.270207992
vn 0.479305443 0.865498936 0.145526232
vn 0.668556213 0.743430321 -0.018545845
vn 0.479305443 0.865498936 0.145526232
vn 0.192290743 0.943404426 -0.270207992
vn -0.309499826 0.657573391 -0.686882154
vn 0.449238018 -0.889134772 -0.087318730
vn 0.950086119 -0.020348083 0.311323501
vn 0.883682404 -0.091269599 0.459102679
vn 0.950086119 -0.020348083 0.311323501
vn 0.449238018 -0.889134772 -0.087318730
vn 0.225412110 -0.973248577 -0.044458842
vn 0.883682404 -0.091269599 0.459102679
vn 0.256836116 0.960699023 0.105321399
vn 0.167647639 0.927494949 0.334136782
vn 0.256836116 0.960699023 0.105321399
vn 0.883682404 -0.091269599 0.459102679
vn 0.950086119 -0.020348083 0.311323501
vn 0.256836116 0.960699023 0.105321399
vn -0.614453678 0.787107360 -0.053932191
vn 0.167647639 0.927494949 0.334136782
vn -0.614453678 0.787107360 -0.053932191
vn 0.256836116 0.960699023 0.105321399
vn -0.846979636 0.145284371 -0.511388255
vn -0.846979636 0.145284371 -0.511388255
vn -0.663705909 -0.593681784 -0.455012534
vn -0.614453678 0.787107360 -0.053932191
vn -0.663705909 -0.593681784 -0.455012534
vn -0.846979636 0.145284371 -0.511388255
vn -0.671646790 -0.642371055 -0.369120601
vn 0.777348264 0.447456806 0.442167484
vn 0.914982463 -0.050051189 0.400377285
vn 0.893097869 -0.187811056 0.408782586
vn 0.914982463 -0.050051189 0.400377285
vn 0.777348264 0.447456806 0.442167484
vn 0.740677174 0.627931270 0.238955321
vn 0.740677174 0.627931270 0.238955321
vn 0.863403691 -0.061879672 0.500704476
vn 0.914982463 -0.050051189 0.400377285
vn 0.863403691 -0.061879672 0.500704476
vn 0.740677174 0.627931270 0.238955321
vn 0.668556213 0.743430321 -0.018545845
vn 0.668556213 0.743430321 -0.018545845
vn 0.479305443 0.865498936 0.145526232
vn 0.863403691 -0.061879672 0.500704476
vn 0.140655502 0.972337011 -0.186485302
vn 0.377621589 0.920627350 -0.099233145
vn -0.040429280 0.986216079 -0.160447249
vn 0.954498682 0.286851190 0.081539320
vn 0.970284178 -0.069555583 0.231755550
vn 0.988884955 -0.082294992 0.123830855
vn 0.970284178 -0.069555583 0.231755550
vn 0.954498682 0.286851190 0.081539320
vn 0.823899514 0.559219378 0.091996074
vn 0.970284178 -0.069555583 0.231755550
vn 0.754536342 -0.652664385 0.068586505
vn 0.988884955 -0.082294992 0.123830855
vn 0.754536342 -0.652664385 0.068586505
vn 0.970284178 -0.069555583 0.231755550
vn 0.602267255 -0.766954083 0.221484961
vn 0.316222307 -0.947195461 -0.053143307
vn 0.602267255 -0.766954083 0.221484961
vn 0.210823055 -0.968729395 0.130831948
vn 0.602267255 -0.766954083 0.221484961
vn 0.316222307 -0.947195461 -0.053143307
vn 0.754536342 -0.652664385 0.068586505
vn -0.362981297 -0.694037283 -0.621736944
vn -0.203620017 -0.783789646 -0.586696412
vn -0.356148148 0.285523274 -0.889738701
vn -0.203620017 -0.783789646 -0.586696412
vn -0.227687893 0.127154089 -0.965396323
vn -0.003307103 0.678858466 -0.734261702
vn -0.227687893 0.127154089 -0.965396323
vn -0.203620017 -0.783789646 -0.586696412
vn -0.304611053 -0.952177647 0.023871224
vn 0.091882688 0.919097371 -0.383167841
vn -0.003307103 0.678858466 -0.734261702
vn 0.384290786 0.791373643 0.475445421
vn -0.003307103 0.678858466 -0.734261702
vn 0.336554471 0.939569191 0.062775983
vn 0.384290786 0.791373643 0.475445421
vn 0.336554471 0.939569191 0.062775983
vn -0.003307103 0.678858466 -0.734261702
vn -0.227687893 0.127154089 -0.965396323
vn 0.265060423 0.403354391 0.875812883
vn 0.186847963 -0.547401010 0.815745042
vn 0.124589423 -0.011482640 0.992141938
vn 0.265060423 0.403354391 0.875812883
vn 0.384290786 0.791373643 0.475445421
vn 0.186847963 -0.547401010 0.815745042
vn 0.265060423 0.403354391 0.875812883
vn 0.091882688 0.919097371 -0.383167841
vn 0.384290786 0.791373643 0.475445421
vn 0.384290786 0.791373643 0.475445421
vn 0.468965796 -0.228583684 0.853124013
vn 0.186847963 -0.547401010 0.815745042
vn 0.468965796 -0.228583684 0.853124013
vn 0.384290786 0.791373643 0.475445421
vn 0.336554471 0.939569191 0.062775983
vn -0.023010062 -0.881665875 0.471312870
vn 0.186847963 -0.547401010 0.815745042
vn -0.203620017 -0.783789646 -0.586696412
vn 0.186847963 -0.547401010 0.815745042
vn -0.304611053 -0.952177647 0.023871224
vn -0.203620017 -0.783789646 -0.586696412
vn -0.304611053 -0.952177647 0.023871224
vn 0.186847963 -0.547401010 0.815745042
vn 0.468965796 -0.228583684 0.853124013
vn -0.673051482 -0.738785802 -0.034601187
vn -0.495662542 0.647019811 -0.579382438
vn -0.354821800 0.810190723 -0.466575269
vn -0.495662542 0.647019811 -0.579382438
vn -0.673051482 -0.738785802 -0.034601187
vn -0.326334257 -0.944015181 -0.048386885
vn -0.326334257 -0.944015181 -0.048386885
vn -0.590661647 0.785119965 -0.186294014
vn -0.495662542 0.647019811 -0.579382438
vn -0.590661647 0.785119965 -0.186294014
vn -0.326334257 -0.944015181 -0.048386885
vn -0.356954075 -0.923113215 0.142988746
vn -0.354821800 0.810190723 -0.466575269
vn 0.530309267 0.791705625 -0.303272625
vn 0.779625417 0.612777551 0.129181589
vn 0.530309267 0.791705625 -0.303272625
vn -0.354821800 0.810190723 -0.466575269
vn -0.495662542 0.647019811 -0.579382438
vn -0.495662542 0.647019811 -0.579382438
vn 0.395965195 0.912454790 -0.103139808
vn 0.530309267 0.791705625 -0.303272625
vn 0.395965195 0.912454790 -0.103139808
vn -0.495662542 0.647019811 -0.579382438
vn -0.590661647 0.785119965 -0.186294014
vn 0.779625417 0.612777551 0.129181589
vn 0.627997065 -0.719321737 0.296977986
vn 0.479635723 -0.777624221 0.406509710
vn 0.627997065 -0.719321737 0.296977986
vn 0.779625417 0.612777551 0.129181589
vn 0.530309267 0.791705625 -0.303272625
vn 0.530309267 0.791705625 -0.303272625
vn 0.755844525 -0.584142224 0.295764969
vn 0.627997065 -0.719321737 0.296977986
vn 0.755844525 -0.584142224 0.295764969
vn 0.530309267 0.791705625 -0.303272625
vn 0.395965195 0.912454790 -0.103139808
vn 0.479635723 -0.777624221 0.406509710
vn -0.326334257 -0.944015181 -0.048386885
vn -0.673051482 -0.738785802 -0.034601187
vn -0.326334257 -0.944015181 -0.048386885
vn 0.479635723 -0.777624221 0.406509710
vn 0.627997065 -0.719321737 0.296977986
vn 0.627997065 -0.719321737 0.296977986
vn -0.356954075 -0.923113215 0.142988746
vn -0.326334257 -0.944015181 -0.048386885
vn -0.356954075 -0.923113215 0.142988746
vn 0.627997065 -0.719321737 0.296977986
vn 0.755844525 -0.584142224 0.295764969
vn -0.109229002 -0.755884951 -0.645528440
vn 0.309724698 0.920512826 -0.238173779
vn -0.317211245 0.947924693 0.028562241
vn 0.309724698 0.920512826 -0.238173779
vn -0.109229002 -0.755884951 -0.645528440
vn 0.867559896 -0.371035817 -0.331168007
vn -0.476578975 0.861598247 -0.174702434
vn 0.650833793 -0.219311441 -0.726854776
vn 0.786685256 0.595515824 0.162748919
vn 0.650833793 -0.219311441 -0.726854776
vn -0.476578975 0.861598247 -0.174702434
vn -0.455855909 -0.060479306 -0.887996421
vn 0.543401699 0.839004533 0.028035446
vn -0.282247826 0.933878447 -0.219561406
vn 0.155471403 0.979270941 0.129834768
vn -0.282247826 0.933878447 -0.219561406
vn 0.543401699 0.839004533 0.028035446
vn -0.565027919 0.817628136 -0.110578853
vn 0.543401699 0.839004533 0.028035446
vn 0.442942989 -0.893831169 -0.069766395
vn 0.501093802 -0.840761405 0.205000639
vn 0.442942989 -0.893831169 -0.069766395
vn 0.543401699 0.839004533 0.028035446
vn 0.155471403 0.979270941 0.129834768
vn -0.527019745 -0.849273326 0.031384804
vn 0.442942989 -0.893831169 -0.069766395
vn -0.113650169 -0.971406133 -0.208455666
vn 0.442942989 -0.893831169 -0.069766395
vn -0.527019745 -0.849273326 0.031384804
vn 0.501093802 -0.840761405 0.205000639
vn 0.468965796 -0.228583684 0.853124013
vn -0.673051482 -0.738785802 -0.034601187
vn -0.304611053 -0.952177647 0.023871224
vn -0.673051482 -0.738785802 -0.034601187
vn 0.468965796 -0.228583684 0.853124013
vn 0.479635723 -0.777624221 0.406509710
vn -0.304611053 -0.952177647 0.023871224
vn -0.354821800 0.810190723 -0.466575269
vn -0.227687893 0.127154089 -0.965396323
vn -0.354821800 0.810190723 -0.466575269
vn -0.304611053 -0.952177647 0.023871224
vn -0.673051482 -0.738785802 -0.034601187
vn 0.336554471 0.939569191 0.062775983
vn -0.354821800 0.810190723 -0.466575269
vn 0.779625417 0.612777551 0.129181589
vn -0.354821800 0.810190723 -0.466575269
vn 0.336554471 0.939569191 0.062775983
vn -0.227687893 0.127154089 -0.965396323
vn 0.779625417 0.612777551 0.129181589
vn 0.468965796 -0.228583684 0.853124013
vn 0.336554471 0.939569191 0.062775983
vn 0.468965796 -0.228583684 0.853124013
vn 0.779625417 0.612777551 0.129181589
vn 0.479635723 -0.777624221 0.406509710
vn 0.084049427 -0.264096655 0.960827066
vn -0.023010062 -0.881665875 0.471312870
vn 0.146253774 -0.466731767 0.872222042
vn -0.023010062 -0.881665875 0.471312870
vn 0.084049427 -0.264096655 0.960827066
vn 0.124589423 -0.011482640 0.992141938
vn 0.146253774 -0.466731767 0.872222042
vn 0.092009352 -0.107458955 0.989942853
vn 0.084049427 -0.264096655 0.960827066
vn 0.092009352 -0.107458955 0.989942853
vn 0.146253774 -0.466731767 0.872222042
vn 0.008556175 -0.604284361 0.796722789
vn 0.377621589 0.920627350 -0.099233145
vn -0.085454291 0.993882264 0.069968630
vn -0.040429280 0.986216079 -0.160447249
vn -0.085454291 0.993882264 0.069968630
vn 0.377621589 0.920627350 -0.099233145
vn 0.354949227 0.920985241 0.160615169
vn 0.092009352 -0.107458955 0.989942853
vn 0.384467394 -0.291579255 0.875880335
vn 0.106677951 0.258369601 0.960137992
vn -0.160314942 -0.980999219 0.109268710
vn 0.075256750 -0.994151570 -0.077453713
vn -0.109088178 -0.908132942 0.404220644
vn 0.075256750 -0.994151570 -0.077453713
vn -0.160314942 -0.980999219 0.109268710
vn -0.658998152 -0.412652525 -0.628839669
vn -0.362981297 -0.694037283 -0.621736944
vn -0.658998152 -0.412652525 -0.628839669
vn -0.160314942 -0.980999219 0.109268710
vn 0.111662781 0.909507709 0.400408729
vn -0.309656441 0.775863934 0.549679947
vn -0.145513787 0.933553721 0.327571652
vn 0.111662781 0.909507709 0.400408729
vn 0.201451629 0.342008544 0.917849332
vn -0.309656441 0.775863934 0.549679947
vn 0.111662781 0.909507709 0.400408729
vn 0.347333351 0.474853919 0.808624325
vn 0.201451629 0.342008544 0.917849332
vn -0.369977296 0.878983520 0.300840109
vn -0.309656441 0.775863934 0.549679947
vn -0.400425151 0.752549582 0.522808593
vn -0.309656441 0.775863934 0.549679947
vn -0.369977296 0.878983520 0.300840109
vn -0.145513787 0.933553721 0.327571652
vn 0.084049427 -0.264096655 0.960827066
vn 0.092009352 -0.107458955 0.989942853
vn 0.201451629 0.342008544 0.917849332
vn 0.124589423 -0.011482640 0.992141938
vn 0.347333351 0.474853919 0.808624325
vn 0.265060423 0.403354391 0.875812883
vn 0.124589423 -0.011482640 0.992141938
vn 0.201451629 0.342008544 0.917849332
vn 0.347333351 0.474853919 0.808624325
vn 0.124589423 -0.011482640 0.992141938
vn 0.084049427 -0.264096655 0.960827066
vn 0.201451629 0.342008544 0.917849332
vn 0.346119806 0.752481220 -0.560333020
vn 0.091882688 0.919097371 -0.383167841
vn 0.822069192 0.486537326 -0.295776392
vn 0.091882688 0.919097371 -0.383167841
vn 0.346119806 0.752481220 -0.560333020
vn -0.356148148 0.285523274 -0.889738701
vn 0.988884955 -0.082294992 0.123830855
vn 0.961911642 -0.008076548 0.273241216
vn 0.954498682 0.286851190 0.081539320
vn 0.961911642 -0.008076548 0.273241216
vn 0.988884955 -0.082294992 0.123830855
vn 0.883529252 0.183121010 0.431094835
vn 0.650288946 -0.755540027 -0.079268869
vn -0.356148148 0.285523274 -0.889738701
vn 0.346119806 0.752481220 -0.560333020
vn 0.934556916 -0.300622495 0.190340448
vn 0.883529252 0.183121010 0.431094835
vn 0.988884955 -0.082294992 0.123830855
vn 0.961911642 -0.008076548 0.273241216
vn 0.912050742 0.367696773 0.181555850
vn 0.954498682 0.286851190 0.081539320
vn -0.356954075 -0.923113215 0.142988746
vn -0.565027919 0.817628136 -0.110578853
vn -0.590661647 0.785119965 -0.186294014
vn -0.565027919 0.817628136 -0.110578853
vn -0.356954075 -0.923113215 0.142988746
vn -0.527019745 -0.849273326 0.031384804
vn -0.356954075 -0.923113215 0.142988746
vn 0.501093802 -0.840761405 0.205000639
vn -0.527019745 -0.849273326 0.031384804
vn 0.501093802 -0.840761405 0.205000639
vn -0.356954075 -0.923113215 0.142988746
vn 0.755844525 -0.584142224 0.295764969
vn 0.755844525 -0.584142224 0.295764969
vn 0.543401699 0.839004533 0.028035446
vn 0.501093802 -0.840761405 0.205000639
vn 0.543401699 0.839004533 0.028035446
vn 0.755844525 -0.584142224 0.295764969
vn 0.395965195 0.912454790 -0.103139808
vn 0.543401699 0.839004533 0.028035446
vn -0.590661647 0.785119965 -0.186294014
vn -0.565027919 0.817628136 -0.110578853
vn -0.590661647 0.785119965 -0.186294014
vn 0.543401699 0.839004533 0.028035446
vn 0.395965195 0.912454790 -0.103139808
vn 0.106677951 0.258369601 0.960137992
vn 0.783843464 0.532465498 -0.319483830
vn 0.318399512 0.824095764 -0.468495382
vn 0.783843464 0.532465498 -0.319483830
vn 0.106677951 0.258369601 0.960137992
vn 0.384467394 -0.291579255 0.875880335
vn 0.318399512 0.824095764 -0.468495382
vn -0.456004995 0.794259175 0.401511902
vn 0.106677951 0.258369601 0.960137992
vn -0.456004995 0.794259175 0.401511902
vn 0.318399512 0.824095764 -0.468495382
vn -0.416750304 0.841806184 -0.343047421
vn 0.155471403 0.979270941 0.129834768
vn -0.317211245 0.947924693 0.028562241
vn 0.309724698 0.920512826 -0.238173779
vn -0.317211245 0.947924693 0.028562241
vn 0.155471403 0.979270941 0.129834768
vn -0.282247826 0.933878447 -0.219561406
vn -0.282247826 0.933878447 -0.219561406
vn -0.109229002 -0.755884951 -0.645528440
vn -0.317211245 0.947924693 0.028562241
vn -0.109229002 -0.755884951 -0.645528440
vn -0.282247826 0.933878447 -0.219561406
vn -0.113650169 -0.971406133 -0.208455666
vn -0.109229002 -0.755884951 -0.645528440
vn 0.442942989 -0.893831169 -0.069766395
vn 0.867559896 -0.371035817 -0.331168007
vn 0.442942989 -0.893831169 -0.069766395
vn -0.109229002 -0.755884951 -0.645528440
vn -0.113650169 -0.971406133 -0.208455666
vn 0.867559896 -0.371035817 -0.331168007
vn 0.155471403 0.979270941 0.129834768
vn 0.309724698 0.920512826 -0.238173779
vn 0.155471403 0.979270941 0.129834768
vn 0.867559896 -0.371035817 -0.331168007
vn 0.442942989 -0.893831169 -0.069766395
vn -0.527019745 -0.849273326 0.031384804
vn -0.716662833 0.574958499 0.394736758
vn -0.565027919 0.817628136 -0.110578853
vn -0.716662833 0.574958499 0.394736758
vn -0.527019745 -0.849273326 0.031384804
vn -0.990251448 -0.050391441 -0.129856735
vn -0.716662833 0.574958499 0.394736758
vn -0.282247826 0.933878447 -0.219561406
vn -0.565027919 0.817628136 -0.110578853
vn -0.282247826 0.933878447 -0.219561406
vn -0.716662833 0.574958499 0.394736758
vn 0.942281081 -0.095512979 0.320910633
vn -0.282247826 0.933878447 -0.219561406
vn -0.221292268 -0.761197108 -0.609597158
vn -0.113650169 -0.971406133 -0.208455666
vn -0.221292268 -0.761197108 -0.609597158
vn -0.282247826 0.933878447 -0.219561406
vn 0.942281081 -0.095512979 0.320910633
vn -0.221292268 -0.761197108 -0.609597158
vn -0.527019745 -0.849273326 0.031384804
vn -0.113650169 -0.971406133 -0.208455666
vn -0.527019745 -0.849273326 0.031384804
vn -0.221292268 -0.761197108 -0.609597158
vn -0.990251448 -0.050391441 -0.129856735
vn -0.990251448 -0.050391441 -0.129856735
vn -0.476578975 0.861598247 -0.174702434
vn -0.716662833 0.574958499 0.394736758
vn -0.476578975 0.861598247 -0.174702434
vn -0.990251448 -0.050391441 -0.129856735
vn -0.455855909 -0.060479306 -0.887996421
vn -0.716662833 0.574958499 0.394736758
vn 0.786685256 0.595515824 0.162748919
vn 0.942281081 -0.095512979 0.320910633
vn 0.786685256 0.595515824 0.162748919
vn -0.716662833 0.574958499 0.394736758
vn -0.476578975 0.861598247 -0.174702434
vn 0.942281081 -0.095512979 0.320910633
vn 0.650833793 -0.219311441 -0.726854776
vn -0.221292268 -0.761197108 -0.609597158
vn 0.650833793 -0.219311441 -0.726854776
vn 0.942281081 -0.095512979 0.320910633
vn 0.786685256 0.595515824 0.162748919
vn -0.221292268 -0.761197108 -0.609597158
vn -0.455855909 -0.060479306 -0.887996421
vn -0.990251448 -0.050391441 -0.129856735
vn -0.455855909 -0.060479306 -0.887996421
vn -0.221292268 -0.761197108 -0.609597158
vn 0.650833793 -0.219311441 -0.726854776
vn 0.698461948 0.201654562 0.686648633
vn 0.960130315 -0.252120131 -0.120769276
vn 0.123529742 -0.666261855 0.735415218
vn 0.960130315 -0.252120131 -0.120769276
vn 0.698461948 0.201654562 0.686648633
vn 0.408733608 0.302712595 -0.860988921
vn -0.991168491 -0.132566099 -0.003354252
vn -0.168011347 -0.057666649 -0.984096918
vn -0.517482220 0.415358739 -0.748123833
vn -0.168011347 -0.057666649 -0.984096918
vn -0.991168491 -0.132566099 -0.003354252
vn -0.789944632 -0.576166614 -0.209808273
vn -0.914598529 0.269051157 -0.301862559
vn -0.075692294 0.900995589 0.427173998
vn 0.187425940 0.978924302 0.081109353
vn -0.075692294 0.900995589 0.427173998
vn -0.914598529 0.269051157 -0.301862559
vn -0.991168491 -0.132566099 -0.003354252
vn 0.637952095 0.626310225 -0.448054266
vn -0.075692294 0.900995589 0.427173998
vn 0.234487374 0.935412072 -0.264612788
vn -0.075692294 0.900995589 0.427173998
vn 0.637952095 0.626310225 -0.448054266
vn 0.681137740 0.641896713 0.352164718
vn 0.302982289 -0.918828808 0.252893958
vn 0.698461948 0.201654562 0.686648633
vn 0.123529742 -0.666261855 0.735415218
vn 0.698461948 0.201654562 0.686648633
vn 0.302982289 -0.918828808 0.252893958
vn 0.889692846 0.076041858 0.450182492
vn -0.168011347 -0.057666649 -0.984096918
vn -0.688410656 -0.713029239 0.132966433
vn 0.100345592 -0.026358942 -0.994603423
vn -0.688410656 -0.713029239 0.132966433
vn -0.168011347 -0.057666649 -0.984096918
vn -0.789944632 -0.576166614 -0.209808273
vn -0.168011347 -0.057666649 -0.984096918
vn 0.408733608 0.302712595 -0.860988921
vn 0.637952095 0.626310225 -0.448054266
vn 0.408733608 0.302712595 -0.860988921
vn -0.168011347 -0.057666649 -0.984096918
vn 0.100345592 -0.026358942 -0.994603423
vn 0.637952095 0.626310225 -0.448054266
vn 0.698461948 0.201654562 0.686648633
vn 0.681137740 0.641896713 0.352164718
vn 0.698461948 0.201654562 0.686648633
vn 0.637952095 0.626310225 -0.448054266
vn 0.408733608 0.302712595 -0.860988921
vn 0.244164456 -0.961402037 0.126845743
vn 0.196489691 -0.949021658 0.246474531
vn -0.598394314 -0.590226350 -0.541809099
vn 0.698519950 -0.613330475 0.368640215
vn 0.196489691 -0.949021658 0.246474531
vn 0.244164456 -0.961402037 0.126845743
vn 0.196489691 -0.949021658 0.246474531
vn 0.018357018 -0.992151342 0.123688053
vn -0.656706299 -0.611787929 -0.440967536
vn 0.018357018 -0.992151342 0.123688053
vn -0.671646790 -0.642371055 -0.369120601
vn -0.656706299 -0.611787929 -0.440967536
vn -0.671646790 -0.642371055 -0.369120601
vn 0.018357018 -0.992151342 0.123688053
vn 0.225412110 -0.973248577 -0.044458842
vn 0.225412110 -0.973248577 -0.044458842
vn -0.663705909 -0.593681784 -0.455012534
vn -0.671646790 -0.642371055 -0.369120601
vn -0.663705909 -0.593681784 -0.455012534
vn 0.225412110 -0.973248577 -0.044458842
vn 0.449238018 -0.889134772 -0.087318730
vn -0.663705909 -0.593681784 -0.455012534
vn 0.359277349 -0.932262183 -0.042508916
vn -0.617124554 -0.535697501 -0.576355335
vn 0.359277349 -0.932262183 -0.042508916
vn -0.663705909 -0.593681784 -0.455012534
vn 0.449238018 -0.889134772 -0.087318730
vn -0.617124554 -0.535697501 -0.576355335
vn 0.302982289 -0.918828808 0.252893958
vn -0.719199367 -0.694601926 -0.016746178
vn 0.302982289 -0.918828808 0.252893958
vn -0.617124554 -0.535697501 -0.576355335
vn 0.359277349 -0.932262183 -0.042508916
vn -0.719199367 -0.694601926 -0.016746178
vn 0.123529742 -0.666261855 0.735415218
vn -0.688410656 -0.713029239 0.132966433
vn 0.123529742 -0.666261855 0.735415218
vn -0.719199367 -0.694601926 -0.016746178
vn 0.302982289 -0.918828808 0.252893958
vn 0.123529742 -0.666261855 0.735415218
vn 0.100345592 -0.026358942 -0.994603423
vn -0.688410656 -0.713029239 0.132966433
vn 0.100345592 -0.026358942 -0.994603423
vn 0.123529742 -0.666261855 0.735415218
vn 0.960130315 -0.252120131 -0.120769276
vn -0.688410656 -0.713029239 0.132966433
vn -0.789944632 -0.576166614 -0.209808273
vn -0.719199367 -0.694601926 -0.016746178
vn -0.719199367 -0.694601926 -0.016746178
vn -0.991168491 -0.132566099 -0.003354252
vn -0.914598529 0.269051157 -0.301862559
vn -0.991168491 -0.132566099 -0.003354252
vn -0.719199367 -0.694601926 -0.016746178
vn -0.789944632 -0.576166614 -0.209808273
vn -0.075692294 0.900995589 0.427173998
vn -0.517482220 0.415358739 -0.748123833
vn 0.234487374 0.935412072 -0.264612788
vn -0.517482220 0.415358739 -0.748123833
vn -0.075692294 0.900995589 0.427173998
vn -0.991168491 -0.132566099 -0.003354252
vn 0.187425940 0.978924302 0.081109353
vn 0.681137740 0.641896713 0.352164718
vn 0.889692846 0.076041858 0.450182492
vn 0.681137740 0.641896713 0.352164718
vn 0.187425940 0.978924302 0.081109353
vn -0.075692294 0.900995589 0.427173998
vn 0.681137740 0.641896713 0.352164718
vn 0.698461948 0.201654562 0.686648633
vn 0.889692846 0.076041858 0.450182492
vn 0.853979989 -0.261562656 0.449781231
vn 0.893097869 -0.187811056 0.408782586
vn 0.698519950 -0.613330475 0.368640215
vn 0.893097869 -0.187811056 0.408782586
vn 0.914982463 -0.050051189 0.400377285
vn 0.698519950 -0.613330475 0.368640215
vn -0.598394314 -0.590226350 -0.541809099
vn -0.267576638 -0.362245105 -0.892850058
vn -0.122127890 -0.813840565 -0.568109421
vn 0.750359161 0.480239251 -0.454237154
vn 0.244533569 0.316464169 -0.916544469
vn 0.888017827 0.210773359 -0.408655026
vn 0.244533569 0.316464169 -0.916544469
vn 0.750359161 0.480239251 -0.454237154
vn 0.950445392 -0.134661234 -0.280214041
vn 0.565081325 0.806554084 -0.173647935
vn 0.318399512 0.824095764 -0.468495382
vn 0.783843464 0.532465498 -0.319483830
vn 0.318399512 0.824095764 -0.468495382
vn 0.565081325 0.806554084 -0.173647935
vn 0.097937646 0.968205946 -0.230185717
vn 0.350033554 -0.071559608 0.933999857
vn 0.188274423 -0.421111269 0.887253087
vn 0.004091616 -0.145740958 0.989314324
vn 0.982987220 -0.168921990 0.072121334
vn 0.820874357 -0.556342125 0.129029956
vn 0.774755033 -0.460442173 0.433298563
vn 0.750359161 0.480239251 -0.454237154
vn 0.955067631 0.253020300 -0.154358506
vn 0.763307432 0.595009577 -0.251645320
vn 0.955067631 0.253020300 -0.154358506
vn 0.750359161 0.480239251 -0.454237154
vn 0.888017827 0.210773359 -0.408655026
vn 0.554872154 0.782005808 -0.283872875
vn 0.763307432 0.595009577 -0.251645320
vn 0.538518030 0.840766854 -0.055762257
vn 0.763307432 0.595009577 -0.251645320
vn 0.554872154 0.782005808 -0.283872875
vn 0.750359161 0.480239251 -0.454237154
vn 0.918195960 0.365824523 0.151949324
vn 0.942779632 0.116160769 0.312527185
vn 0.834296934 0.496389241 0.239888198
vn 0.942779632 0.116160769 0.312527185
vn 0.918195960 0.365824523 0.151949324
vn 0.971327408 0.213194226 0.105220188
vn 0.918195960 0.365824523 0.151949324
vn 0.834296934 0.496389241 0.239888198
vn 0.538518030 0.840766854 -0.055762257
vn 0.097937646 0.968205946 -0.230185717
vn 0.632097393 0.774573817 -0.022097246
vn 0.016654143 0.999533087 -0.025617325
vn 0.632097393 0.774573817 -0.022097246
vn 0.097937646 0.968205946 -0.230185717
vn 0.565081325 0.806554084 -0.173647935
vn -0.539607482 0.838989339 0.070147372
vn -0.099757582 0.884691389 0.455378492
vn -0.484068874 0.684794633 0.544732628
vn -0.099757582 0.884691389 0.455378492
vn -0.539607482 0.838989339 0.070147372
vn 0.016654143 0.999533087 -0.025617325
vn 0.554872154 0.782005808 -0.283872875
vn 0.950445392 -0.134661234 -0.280214041
vn 0.750359161 0.480239251 -0.454237154
vn 0.942779632 0.116160769 0.312527185
vn 0.982987220 -0.168921990 0.072121334
vn 0.774755033 -0.460442173 0.433298563
vn 0.981140353 0.190838129 -0.030731360
vn 0.986301801 0.000725441 -0.164949175
vn 0.959592020 -0.279517325 -0.032453355
vn 0.888017827 0.210773359 -0.408655026
vn 0.244533569 0.316464169 -0.916544469
vn 0.824720653 0.015384279 -0.565331026
vn 0.824720653 0.015384279 -0.565331026
vn -0.020917104 0.171594297 -0.984945619
vn 0.471222837 -0.658694456 -0.586575358
vn -0.020917104 0.171594297 -0.984945619
vn 0.824720653 0.015384279 -0.565331026
vn 0.244533569 0.316464169 -0.916544469
vn 0.610105800 -0.250203322 0.751777367
vn 0.942779632 0.116160769 0.312527185
vn 0.774755033 -0.460442173 0.433298563
vn 0.648524603 0.153952168 0.745462655
vn 0.600065530 0.712123699 0.364418986
vn 0.834296934 0.496389241 0.239888198
vn 0.600065530 0.712123699 0.364418986
vn 0.648524603 0.153952168 0.745462655
vn 0.338589916 0.379568506 0.860978872
vn -0.484068874 0.684794633 0.544732628
vn -0.014623323 0.363748693 0.931382331
vn -0.230838081 0.230012931 0.945414106
vn 0.942779632 0.116160769 0.312527185
vn 0.648524603 0.153952168 0.745462655
vn 0.834296934 0.496389241 0.239888198
vn -0.416750304 0.841806184 -0.343047421
vn 0.097937646 0.968205946 -0.230185717
vn -0.490782172 0.815318914 -0.307226183
vn 0.097937646 0.968205946 -0.230185717
vn -0.416750304 0.841806184 -0.343047421
vn 0.318399512 0.824095764 -0.468495382
vn -0.490782172 0.815318914 -0.307226183
vn 0.016654143 0.999533087 -0.025617325
vn -0.539607482 0.838989339 0.070147372
vn 0.016654143 0.999533087 -0.025617325
vn -0.490782172 0.815318914 -0.307226183
vn 0.097937646 0.968205946 -0.230185717
vn -0.099757582 0.884691389 0.455378492
vn 0.016654143 0.999533087 -0.025617325
vn 0.600065530 0.712123699 0.364418986
vn 0.338589916 0.379568506 0.860978872
vn -0.099757582 0.884691389 0.455378492
vn 0.600065530 0.712123699 0.364418986
vn 0.967725572 0.229551931 0.103986189
vn 0.503321289 0.847645959 -0.167821356
vn 0.955919557 0.292080970 -0.030108247
vn 0.503321289 0.847645959 -0.167821356
vn 0.967725572 0.229551931 0.103986189
vn 0.635791707 0.456964039 0.622055280
vn 0.763307432 0.595009577 -0.251645320
vn 0.503321289 0.847645959 -0.167821356
vn 0.538518030 0.840766854 -0.055762257
vn 0.503321289 0.847645959 -0.167821356
vn 0.763307432 0.595009577 -0.251645320
vn 0.955919557 0.292080970 -0.030108247
vn 0.538518030 0.840766854 -0.055762257
vn 0.635791707 0.456964039 0.622055280
vn 0.918195960 0.365824523 0.151949324
vn 0.635791707 0.456964039 0.622055280
vn 0.538518030 0.840766854 -0.055762257
vn 0.503321289 0.847645959 -0.167821356
vn 0.918195960 0.365824523 0.151949324
vn 0.967725572 0.229551931 0.103986189
vn 0.950780924 0.307251655 0.040150403
vn 0.967725572 0.229551931 0.103986189
vn 0.918195960 0.365824523 0.151949324
vn 0.635791707 0.456964039 0.622055280
vn 0.950780924 0.307251655 0.040150403
vn 0.955919557 0.292080970 -0.030108247
vn 0.763307432 0.595009577 -0.251645320
vn 0.955919557 0.292080970 -0.030108247
vn 0.950780924 0.307251655 0.040150403
vn 0.967725572 0.229551931 0.103986189
vn 0.979486245 -0.196186277 -0.046017830
vn 0.981140353 0.190838129 -0.030731360
vn 0.959592020 -0.279517325 -0.032453355
vn 0.981140353 0.190838129 -0.030731360
vn 0.979486245 -0.196186277 -0.046017830
vn 0.971327408 0.213194226 0.105220188
vn 0.981140353 0.190838129 -0.030731360
vn 0.918195960 0.365824523 0.151949324
vn 0.950780924 0.307251655 0.040150403
vn 0.918195960 0.365824523 0.151949324
vn 0.981140353 0.190838129 -0.030731360
vn 0.971327408 0.213194226 0.105220188
vn 0.950445392 -0.134661234 -0.280214041
vn 0.384467394 -0.291579255 0.875880335
vn 0.385226360 -0.776936671 0.497965923
vn 0.384467394 -0.291579255 0.875880335
vn 0.950445392 -0.134661234 -0.280214041
vn 0.783843464 0.532465498 -0.319483830
vn 0.384467394 -0.291579255 0.875880335
vn 0.092009352 -0.107458955 0.989942853
vn 0.008556175 -0.604284361 0.796722789
vn 0.783843464 0.532465498 -0.319483830
vn 0.554872154 0.782005808 -0.283872875
vn 0.565081325 0.806554084 -0.173647935
vn 0.554872154 0.782005808 -0.283872875
vn 0.783843464 0.532465498 -0.319483830
vn 0.950445392 -0.134661234 -0.280214041
vn 0.554872154 0.782005808 -0.283872875
vn 0.538518030 0.840766854 -0.055762257
vn 0.565081325 0.806554084 -0.173647935
vn 0.181047078 -0.926747159 0.329183321
vn 0.227890808 -0.894499501 0.384625042
vn 0.199006239 -0.937457859 0.285603361
vn 0.227890808 -0.894499501 0.384625042
vn 0.181047078 -0.926747159 0.329183321
vn 0.385226360 -0.776936671 0.497965923
vn 0.244164456 -0.961402037 0.126845743
vn 0.080243251 -0.988761917 0.126138382
vn 0.432609209 -0.857382962 0.278825625
vn 0.080243251 -0.988761917 0.126138382
vn 0.244164456 -0.961402037 0.126845743
vn 0.005655056 -0.999512521 0.030704094
vn -0.101298706 0.976065643 0.192443321
vn 0.137173190 0.990371247 -0.018663058
vn 0.152627925 0.960466871 0.232826343
vn 0.137173190 0.990371247 -0.018663058
vn -0.101298706 0.976065643 0.192443321
vn -0.071260588 0.997453115 -0.003035038
vn 0.137173190 0.990371247 -0.018663058
vn 0.001639077 0.952286007 -0.305202679
vn 0.192290743 0.943404426 -0.270207992
vn 0.001639077 0.952286007 -0.305202679
vn 0.137173190 0.990371247 -0.018663058
vn -0.071260588 0.997453115 -0.003035038
vn 0.001639077 0.952286007 -0.305202679
vn -0.309499826 0.657573391 -0.686882154
vn 0.192290743 0.943404426 -0.270207992
vn -0.309499826 0.657573391 -0.686882154
vn 0.001639077 0.952286007 -0.305202679
vn -0.077829397 0.017512778 -0.996812865
vn 0.170005855 -0.969490403 -0.176596625
vn 0.385226360 -0.776936671 0.497965923
vn 0.181047078 -0.926747159 0.329183321
vn 0.385226360 -0.776936671 0.497965923
vn 0.170005855 -0.969490403 -0.176596625
vn 0.950445392 -0.134661234 -0.280214041
vn -0.077829397 0.017512778 -0.996812865
vn -0.267576638 -0.362245105 -0.892850058
vn -0.309499826 0.657573391 -0.686882154
vn -0.309499826 0.657573391 -0.686882154
vn -0.267576638 -0.362245105 -0.892850058
vn -0.598394314 -0.590226350 -0.541809099
vn -0.014623323 0.363748693 0.931382331
vn 0.004091616 -0.145740958 0.989314324
vn -0.230838081 0.230012931 0.945414106
vn 0.004091616 -0.145740958 0.989314324
vn -0.014623323 0.363748693 0.931382331
vn 0.350033554 -0.071559608 0.933999857
vn 0.935814941 -0.332946876 -0.115744435
vn 0.913740933 -0.398054025 0.081427891
vn 0.959592020 -0.279517325 -0.032453355
vn 0.913740933 -0.398054025 0.081427891
vn 0.935814941 -0.332946876 -0.115744435
vn 0.893767355 -0.440557246 0.084197559
vn 0.244533569 0.316464169 -0.916544469
vn 0.170005855 -0.969490403 -0.176596625
vn -0.020917104 0.171594297 -0.984945619
vn 0.170005855 -0.969490403 -0.176596625
vn 0.244533569 0.316464169 -0.916544469
vn 0.950445392 -0.134661234 -0.280214041
vn 0.388001793 -0.695524582 0.604731482
vn 0.188274423 -0.421111269 0.887253087
vn 0.610105800 -0.250203322 0.751777367
vn 0.388001793 -0.695524582 0.604731482
vn 0.774755033 -0.460442173 0.433298563
vn 0.466982807 -0.790436823 0.396404701
vn 0.774755033 -0.460442173 0.433298563
vn 0.388001793 -0.695524582 0.604731482
vn 0.610105800 -0.250203322 0.751777367
vn 0.959592020 -0.279517325 -0.032453355
vn 0.853770269 -0.507992013 -0.114107155
vn 0.979486245 -0.196186277 -0.046017830
vn 0.853770269 -0.507992013 -0.114107155
vn 0.959592020 -0.279517325 -0.032453355
vn 0.913740933 -0.398054025 0.081427891
vn -0.003307103 0.678858466 -0.734261702
vn 0.091882688 0.919097371 -0.383167841
vn -0.356148148 0.285523274 -0.889738701
vn -0.356148148 0.285523274 -0.889738701
vn -0.203620017 -0.783789646 -0.586696412
vn -0.003307103 0.678858466 -0.734261702
vn 0.602267255 -0.766954083 0.221484961
vn 0.853979989 -0.261562656 0.449781231
vn 0.432609209 -0.857382962 0.278825625
vn 0.853979989 -0.261562656 0.449781231
vn 0.602267255 -0.766954083 0.221484961
vn 0.970284178 -0.069555583 0.231755550
vn 0.970284178 -0.069555583 0.231755550
vn 0.795428620 0.526827235 0.299576992
vn 0.853979989 -0.261562656 0.449781231
vn 0.795428620 0.526827235 0.299576992
vn 0.970284178 -0.069555583 0.231755550
vn 0.823899514 0.559219378 0.091996074
vn 0.795428620 0.526827235 0.299576992
vn 0.140655502 0.972337011 -0.186485302
vn 0.084647796 0.993142070 -0.080644775
vn 0.140655502 0.972337011 -0.186485302
vn 0.795428620 0.526827235 0.299576992
vn 0.823899514 0.559219378 0.091996074
vn 0.084647796 0.993142070 -0.080644775
vn -0.166081759 0.957435953 -0.236078898
vn -0.103167900 0.994095537 -0.033622142
vn -0.166081759 0.957435953 -0.236078898
vn 0.084647796 0.993142070 -0.080644775
vn 0.140655502 0.972337011 -0.186485302
vn 0.384467394 -0.291579255 0.875880335
vn 0.008556175 -0.604284361 0.796722789
vn 0.385226360 -0.776936671 0.497965923
vn 0.385226360 -0.776936671 0.497965923
vn 0.008556175 -0.604284361 0.796722789
vn -0.109088178 -0.908132942 0.404220644
vn -0.109088178 -0.908132942 0.404220644
vn 0.146253774 -0.466731767 0.872222042
vn -0.160314942 -0.980999219 0.109268710
vn 0.146253774 -0.466731767 0.872222042
vn -0.109088178 -0.908132942 0.404220644
vn 0.008556175 -0.604284361 0.796722789
vn -0.160314942 -0.980999219 0.109268710
vn -0.023010062 -0.881665875 0.471312870
vn -0.362981297 -0.694037283 -0.621736944
vn -0.023010062 -0.881665875 0.471312870
vn -0.160314942 -0.980999219 0.109268710
vn 0.146253774 -0.466731767 0.872222042
vn -0.023010062 -0.881665875 0.471312870
vn -0.203620017 -0.783789646 -0.586696412
vn -0.362981297 -0.694037283 -0.621736944
vn 0.186847963 -0.547401010 0.815745042
vn -0.023010062 -0.881665875 0.471312870
vn 0.124589423 -0.011482640 0.992141938
vn 0.196489691 -0.949021658 0.246474531
vn -0.656706299 -0.611787929 -0.440967536
vn -0.598394314 -0.590226350 -0.541809099
vn 0.982987220 -0.168921990 0.072121334
vn 0.971327408 0.213194226 0.105220188
vn 0.979486245 -0.196186277 -0.046017830
vn 0.853770269 -0.507992013 -0.114107155
vn 0.982987220 -0.168921990 0.072121334
vn 0.979486245 -0.196186277 -0.046017830
vn 0.982987220 -0.168921990 0.072121334
vn 0.853770269 -0.507992013 -0.114107155
vn 0.820874357 -0.556342125 0.129029956
vn 0.982987220 -0.168921990 0.072121334
vn 0.942779632 0.116160769 0.312527185
vn 0.971327408 0.213194226 0.105220188
vn 0.408733608 0.302712595 -0.860988921
vn 0.100345592 -0.026358942 -0.994603423
vn 0.960130315 -0.252120131 -0.120769276
vn 0.824720653 0.015384279 -0.565331026
vn 0.854233770 -0.519051058 -0.029507038
vn 0.978083987 -0.207807027 -0.012959687
vn 0.986301801 0.000725441 -0.164949175
vn 0.981140353 0.190838129 -0.030731360
vn 0.955067631 0.253020300 -0.154358506
vn 0.824720653 0.015384279 -0.565331026
vn 0.986301801 0.000725441 -0.164949175
vn 0.888017827 0.210773359 -0.408655026
vn 0.978083987 -0.207807027 -0.012959687
vn 0.792859696 -0.607227695 -0.051458995
vn 0.935814941 -0.332946876 -0.115744435
vn 0.792859696 -0.607227695 -0.051458995
vn 0.978083987 -0.207807027 -0.012959687
vn 0.854233770 -0.519051058 -0.029507038
vn 0.913740933 -0.398054025 0.081427891
vn 0.539304165 -0.823789541 -0.174704921
vn 0.538012797 -0.842488611 -0.027480356
vn 0.792859696 -0.607227695 -0.051458995
vn 0.828083269 -0.503863938 -0.245762551
vn 0.935814941 -0.332946876 -0.115744435
vn 0.540217604 -0.833423371 -0.116492166
vn 0.854233770 -0.519051058 -0.029507038
vn 0.532228593 -0.844872312 0.054069420
vn 0.854233770 -0.519051058 -0.029507038
vn 0.540217604 -0.833423371 -0.116492166
vn 0.792859696 -0.607227695 -0.051458995
vn 0.986301801 0.000725441 -0.164949175
vn 0.978083987 -0.207807027 -0.012959687
vn 0.935814941 -0.332946876 -0.115744435
vn 0.978083987 -0.207807027 -0.012959687
vn 0.986301801 0.000725441 -0.164949175
vn 0.824720653 0.015384279 -0.565331026
vn 0.986301801 0.000725441 -0.164949175
vn 0.955067631 0.253020300 -0.154358506
vn 0.888017827 0.210773359 -0.408655026
vn 0.763307432 0.595009577 -0.251645320
vn 0.981140353 0.190838129 -0.030731360
vn 0.950780924 0.307251655 0.040150403
vn 0.981140353 0.190838129 -0.030731360
vn 0.763307432 0.595009577 -0.251645320
vn 0.955067631 0.253020300 -0.154358506
vn 0.959592020 -0.279517325 -0.032453355
vn 0.986301801 0.000725441 -0.164949175
vn 0.935814941 -0.332946876 -0.115744435
vn 0.466982807 -0.790436823 0.396404701
vn 0.820874357 -0.556342125 0.129029956
vn 0.522753771 -0.841532547 0.136203771
vn 0.820874357 -0.556342125 0.129029956
vn 0.466982807 -0.790436823 0.396404701
vn 0.774755033 -0.460442173 0.433298563
vn 0.820874357 -0.556342125 0.129029956
vn 0.539391799 -0.839738263 -0.062419038
vn 0.522753771 -0.841532547 0.136203771
vn 0.539391799 -0.839738263 -0.062419038
vn 0.820874357 -0.556342125 0.129029956
vn 0.853770269 -0.507992013 -0.114107155
vn 0.539391799 -0.839738263 -0.062419038
vn 0.913740933 -0.398054025 0.081427891
vn 0.538012797 -0.842488611 -0.027480356
vn 0.913740933 -0.398054025 0.081427891
vn 0.539391799 -0.839738263 -0.062419038
vn 0.853770269 -0.507992013 -0.114107155
vn 0.893767355 -0.440557246 0.084197559
vn 0.935814941 -0.332946876 -0.115744435
vn 0.828083269 -0.503863938 -0.245762551
vn 0.823899514 0.559219378 0.091996074
vn 0.954498682 0.286851190 0.081539320
vn 0.377621589 0.920627350 -0.099233145
vn 0.111662781 0.909507709 0.400408729
vn 0.822069192 0.486537326 -0.295776392
vn 0.347333351 0.474853919 0.808624325
vn 0.954498682 0.286851190 0.081539320
vn 0.354949227 0.920985241 0.160615169
vn 0.377621589 0.920627350 -0.099233145
vn 0.354949227 0.920985241 0.160615169
vn 0.954498682 0.286851190 0.081539320
vn 0.912050742 0.367696773 0.181555850
vn 0.377621589 0.920627350 -0.099233145
vn 0.140655502 0.972337011 -0.186485302
vn 0.823899514 0.559219378 0.091996074
vn 0.854233770 -0.519051058 -0.029507038
vn 0.471222837 -0.658694456 -0.586575358
vn 0.532228593 -0.844872312 0.054069420
vn -0.456004995 0.794259175 0.401511902
vn -0.309656441 0.775863934 0.549679947
vn 0.106677951 0.258369601 0.960137992
vn 0.828083269 -0.503863938 -0.245762551
vn 0.540217604 -0.833423371 -0.116492166
vn 0.508851487 -0.738101046 -0.443031613
vn 0.540217604 -0.833423371 -0.116492166
vn 0.828083269 -0.503863938 -0.245762551
vn 0.792859696 -0.607227695 -0.051458995
vn 0.539304165 -0.823789541 -0.174704921
vn 0.828083269 -0.503863938 -0.245762551
vn 0.508851487 -0.738101046 -0.443031613
vn 0.828083269 -0.503863938 -0.245762551
vn 0.539304165 -0.823789541 -0.174704921
vn 0.893767355 -0.440557246 0.084197559
vn -0.085454291 0.993882264 0.069968630
vn -0.369977296 0.878983520 0.300840109
vn -0.289444861 0.956019694 -0.047413259
vn -0.369977296 0.878983520 0.300840109
vn -0.085454291 0.993882264 0.069968630
vn -0.145513787 0.933553721 0.327571652
vn -0.145513787 0.933553721 0.327571652
vn 0.354949227 0.920985241 0.160615169
vn 0.111662781 0.909507709 0.400408729
vn 0.354949227 0.920985241 0.160615169
vn -0.145513787 0.933553721 0.327571652
vn -0.085454291 0.993882264 0.069968630
vn 0.354949227 0.920985241 0.160615169
vn 0.822069192 0.486537326 -0.295776392
vn 0.111662781 0.909507709 0.400408729
vn 0.822069192 0.486537326 -0.295776392
vn 0.354949227 0.920985241 0.160615169
vn 0.912050742 0.367696773 0.181555850
vn 0.822069192 0.486537326 -0.295776392
vn 0.961911642 -0.008076548 0.273241216
vn 0.973331647 -0.048418112 0.224234678
vn 0.961911642 -0.008076548 0.273241216
vn 0.822069192 0.486537326 -0.295776392
vn 0.912050742 0.367696773 0.181555850
vn 0.973331647 -0.048418112 0.224234678
vn 0.883529252 0.183121010 0.431094835
vn 0.346119806 0.752481220 -0.560333020
vn 0.883529252 0.183121010 0.431094835
vn 0.973331647 -0.048418112 0.224234678
vn 0.961911642 -0.008076548 0.273241216
vn 0.934556916 -0.300622495 0.190340448
vn 0.346119806 0.752481220 -0.560333020
vn 0.883529252 0.183121010 0.431094835
vn 0.346119806 0.752481220 -0.560333020
vn 0.934556916 -0.300622495 0.190340448
vn 0.650288946 -0.755540027 -0.079268869
vn 0.592617712 -0.797294780 0.114565621
vn 0.316222307 -0.947195461 -0.053143307
vn 0.273684833 -0.958060638 0.084949550
vn 0.316222307 -0.947195461 -0.053143307
vn 0.592617712 -0.797294780 0.114565621
vn 0.754536342 -0.652664385 0.068586505
vn 0.754536342 -0.652664385 0.068586505
vn 0.934556916 -0.300622495 0.190340448
vn 0.988884955 -0.082294992 0.123830855
vn 0.934556916 -0.300622495 0.190340448
vn 0.754536342 -0.652664385 0.068586505
vn 0.592617712 -0.797294780 0.114565621
vn 0.361061575 -0.893746334 0.266180446
vn 0.075256750 -0.994151570 -0.077453713
vn 0.650288946 -0.755540027 -0.079268869
vn 0.075256750 -0.994151570 -0.077453713
vn 0.361061575 -0.893746334 0.266180446
vn 0.227890808 -0.894499501 0.384625042
vn 0.650288946 -0.755540027 -0.079268869
vn -0.658998152 -0.412652525 -0.628839669
vn -0.356148148 0.285523274 -0.889738701
vn -0.658998152 -0.412652525 -0.628839669
vn 0.650288946 -0.755540027 -0.079268869
vn 0.075256750 -0.994151570 -0.077453713
vn -0.658998152 -0.412652525 -0.628839669
vn -0.362981297 -0.694037283 -0.621736944
vn -0.356148148 0.285523274 -0.889738701
vn 0.265060423 0.403354391 0.875812883
vn 0.822069192 0.486537326 -0.295776392
vn 0.091882688 0.919097371 -0.383167841
vn 0.822069192 0.486537326 -0.295776392
vn 0.265060423 0.403354391 0.875812883
vn 0.347333351 0.474853919 0.808624325
vn 0.227890808 -0.894499501 0.384625042
vn 0.182047420 -0.926853023 0.328332470
vn 0.199006239 -0.937457859 0.285603361
vn 0.182047420 -0.926853023 0.328332470
vn 0.227890808 -0.894499501 0.384625042
vn 0.361061575 -0.893746334 0.266180446
vn 0.632097393 0.774573817 -0.022097246
vn 0.834296934 0.496389241 0.239888198
vn 0.600065530 0.712123699 0.364418986
vn 0.565081325 0.806554084 -0.173647935
vn 0.538518030 0.840766854 -0.055762257
vn 0.632097393 0.774573817 -0.022097246
vn 0.834296934 0.496389241 0.239888198
vn 0.632097393 0.774573817 -0.022097246
vn 0.538518030 0.840766854 -0.055762257
vn 0.600065530 0.712123699 0.364418986
vn 0.016654143 0.999533087 -0.025617325
vn 0.632097393 0.774573817 -0.022097246
vn 0.610105800 -0.250203322 0.751777367
vn 0.350033554 -0.071559608 0.933999857
vn 0.648524603 0.153952168 0.745462655
vn 0.350033554 -0.071559608 0.933999857
vn 0.338589916 0.379568506 0.860978872
vn 0.648524603 0.153952168 0.745462655
vn 0.338589916 0.379568506 0.860978872
vn 0.350033554 -0.071559608 0.933999857
vn -0.014623323 0.363748693 0.931382331
vn -0.014623323 0.363748693 0.931382331
vn -0.099757582 0.884691389 0.455378492
vn 0.338589916 0.379568506 0.860978872
vn 0.648524603 0.153952168 0.745462655
vn 0.942779632 0.116160769 0.312527185
vn 0.610105800 -0.250203322 0.751777367
vn -0.216586383 0.941477571 -0.258283415
vn 0.140655502 0.972337011 -0.186485302
vn -0.040429280 0.986216079 -0.160447249
vn 0.140655502 0.972337011 -0.186485302
vn -0.216586383 0.941477571 -0.258283415
vn -0.166081759 0.957435953 -0.236078898
vn -0.456004995 0.794259175 0.401511902
vn -0.400425151 0.752549582 0.522808593
vn -0.309656441 0.775863934 0.549679947
vn 0.432609209 -0.857382962 0.278825625
vn 0.210823055 -0.968729395 0.130831948
vn 0.602267255 -0.766954083 0.221484961
vn 0.210823055 -0.968729395 0.130831948
vn 0.432609209 -0.857382962 0.278825625
vn 0.080243251 -0.988761917 0.126138382
vn 0.854233770 -0.519051058 -0.029507038
vn 0.824720653 0.015384279 -0.565331026
vn 0.471222837 -0.658694456 -0.586575358
vn 0.539304165 -0.823789541 -0.174704921
vn 0.913740933 -0.398054025 0.081427891
vn 0.893767355 -0.440557246 0.084197559
vn 0.350033554 -0.071559608 0.933999857
vn 0.610105800 -0.250203322 0.751777367
vn 0.188274423 -0.421111269 0.887253087
vn -0.014623323 0.363748693 0.931382331
vn -0.484068874 0.684794633 0.544732628
vn -0.099757582 0.884691389 0.455378492
vn 0.449238018 -0.889134772 -0.087318730
vn 0.184381172 -0.982288154 -0.033370141
vn 0.120969153 -0.976085233 -0.180621375
vn 0.184381172 -0.982288154 -0.033370141
vn 0.449238018 -0.889134772 -0.087318730
vn 0.359277349 -0.932262183 -0.042508916
vn 0.225412110 -0.973248577 -0.044458842
vn 0.120969153 -0.976085233 -0.180621375
vn -0.042470364 -0.998983287 -0.015121546
vn 0.120969153 -0.976085233 -0.180621375
vn 0.225412110 -0.973248577 -0.044458842
vn 0.449238018 -0.889134772 -0.087318730
vn 0.018357018 -0.992151342 0.123688053
vn -0.042470364 -0.998983287 -0.015121546
vn -0.012839548 -0.996078102 0.087541770
vn -0.042470364 -0.998983287 -0.015121546
vn 0.018357018 -0.992151342 0.123688053
vn 0.225412110 -0.973248577 -0.044458842
vn 0.196489691 -0.949021658 0.246474531
vn -0.012839548 -0.996078102 0.087541770
vn 0.077135109 -0.986452975 0.144778113
vn -0.012839548 -0.996078102 0.087541770
vn 0.196489691 -0.949021658 0.246474531
vn 0.018357018 -0.992151342 0.123688053
vn 0.077135109 -0.986452975 0.144778113
vn 0.244164456 -0.961402037 0.126845743
vn 0.196489691 -0.949021658 0.246474531
vn 0.275616143 -0.961255757 -0.004807458
vn 0.359277349 -0.932262183 -0.042508916
vn 0.302982289 -0.918828808 0.252893958
vn 0.359277349 -0.932262183 -0.042508916
vn 0.275616143 -0.961255757 -0.004807458
vn 0.184381172 -0.982288154 -0.033370141
vn -0.175254711 0.984208306 -0.024895720
vn 0.094828744 0.995483429 -0.004500201
vn -0.090088951 0.995835885 0.013959640
vn 0.094828744 0.995483429 -0.004500201
vn -0.175254711 0.984208306 -0.024895720
vn 0.090885920 0.994032374 -0.060327343
vn 0.097284046 0.995237437 0.006185375
vn -0.175254711 0.984208306 -0.024895720
vn -0.104689491 0.992654403 0.060641132
vn -0.175254711 0.984208306 -0.024895720
vn 0.097284046 0.995237437 0.006185375
vn 0.090885920 0.994032374 -0.060327343
vn 0.148875851 0.986225097 -0.072083560
vn -0.104689491 0.992654403 0.060641132
vn 0.127609404 0.991488243 0.025824501
vn -0.104689491 0.992654403 0.060641132
vn 0.148875851 0.986225097 -0.072083560
vn 0.097284046 0.995237437 0.006185375
vn 0.135621841 0.983143037 -0.122623344
vn 0.148875851 0.986225097 -0.072083560
vn 0.127609404 0.991488243 0.025824501
vn 0.148875851 0.986225097 -0.072083560
vn 0.135621841 0.983143037 -0.122623344
vn 0.187115409 0.974110640 -0.126871131
vn 0.135621841 0.983143037 -0.122623344
vn 0.084395375 0.991394678 -0.100070042
vn 0.187115409 0.974110640 -0.126871131
vn 0.346119806 0.752481220 -0.560333020
vn 0.822069192 0.486537326 -0.295776392
vn 0.973331647 -0.048418112 0.224234678
vn 0.189405012 -0.839988725 0.508472894
vn 0.054955246 -0.937306982 0.344144653
vn 0.054671217 -0.991791323 0.115589924
vn 0.054955246 -0.937306982 0.344144653
vn 0.189405012 -0.839988725 0.508472894
vn -0.127251134 -0.911201691 0.391814531
vn -0.471876554 -0.853287456 -0.221885185
vn -0.041385645 -0.996399942 -0.073989087
vn -0.571312678 -0.770284507 -0.283308317
vn -0.041385645 -0.996399942 -0.073989087
vn -0.471876554 -0.853287456 -0.221885185
vn 0.054404310 -0.977366384 0.204438553
vn -0.711863807 0.161783663 0.683429562
vn -0.726859937 0.411758710 0.549662984
vn -0.449337041 0.746758050 0.490355624
vn -0.726859937 0.411758710 0.549662984
vn -0.711863807 0.161783663 0.683429562
vn -0.366426554 -0.115004734 0.923312240
vn -0.938572875 0.303672397 0.163902511
vn -0.338180844 0.935704344 -0.100454451
vn -0.905995180 0.137754714 -0.400245390
vn -0.338180844 0.935704344 -0.100454451
vn -0.938572875 0.303672397 0.163902511
vn -0.357804615 0.916897167 0.176848647
vn -0.827591864 -0.551713375 -0.103460419
vn -0.938572875 0.303672397 0.163902511
vn -0.905995180 0.137754714 -0.400245390
vn -0.938572875 0.303672397 0.163902511
vn -0.827591864 -0.551713375 -0.103460419
vn -0.942214684 -0.323424973 0.087337139
vn -0.229298336 -0.973136109 0.020697481
vn -0.625269098 -0.780293849 0.013418799
vn -0.827591864 -0.551713375 -0.103460419
vn -0.625269098 -0.780293849 0.013418799
vn -0.229298336 -0.973136109 0.020697481
vn -0.101659562 -0.988029325 -0.116031833
vn 0.054404310 -0.977366384 0.204438553
vn 0.273684833 -0.958060638 0.084949550
vn -0.041385645 -0.996399942 -0.073989087
vn 0.273684833 -0.958060638 0.084949550
vn 0.054404310 -0.977366384 0.204438553
vn 0.182047420 -0.926853023 0.328332470
vn -0.357804615 0.916897167 0.176848647
vn -0.103167900 0.994095537 -0.033622142
vn -0.338180844 0.935704344 -0.100454451
vn -0.103167900 0.994095537 -0.033622142
vn -0.357804615 0.916897167 0.176848647
vn -0.101298706 0.976065643 0.192443321
vn -0.413478557 0.865586413 -0.282481228
vn -0.289444861 0.956019694 -0.047413259
vn -0.500489490 0.862636841 -0.073266303
vn -0.289444861 0.956019694 -0.047413259
vn -0.413478557 0.865586413 -0.282481228
vn -0.216586383 0.941477571 -0.258283415
vn 0.168138922 -0.980604024 0.100722639
vn -0.724535178 -0.688114717 -0.039330804
vn -0.876456836 -0.480241555 -0.034517575
vn -0.724535178 -0.688114717 -0.039330804
vn 0.168138922 -0.980604024 0.100722639
vn 0.409049693 -0.906665471 0.103131338
vn -0.724535178 -0.688114717 -0.039330804
vn 0.253986755 -0.958653130 -0.128354608
vn -0.784250201 -0.555938024 -0.275471477
vn 0.253986755 -0.958653130 -0.128354608
vn -0.724535178 -0.688114717 -0.039330804
vn 0.409049693 -0.906665471 0.103131338
vn 0.984220226 -0.137019097 -0.111965680
vn 0.459264855 0.869686208 -0.180891381
vn 0.995725208 -0.088162312 0.027544800
vn 0.459264855 0.869686208 -0.180891381
vn 0.984220226 -0.137019097 -0.111965680
vn -0.009767427 0.921040310 -0.389344764
vn 0.995725208 -0.088162312 0.027544800
vn 0.737769873 0.673139785 0.050778384
vn 0.989944549 -0.108080020 0.091260614
vn 0.737769873 0.673139785 0.050778384
vn 0.995725208 -0.088162312 0.027544800
vn 0.459264855 0.869686208 -0.180891381
vn -0.009767427 0.921040310 -0.389344764
vn -0.771684675 0.591214035 -0.234454103
vn 0.459264855 0.869686208 -0.180891381
vn -0.771684675 0.591214035 -0.234454103
vn -0.009767427 0.921040310 -0.389344764
vn -0.846777491 0.513082649 -0.140406821
vn 0.459264855 0.869686208 -0.180891381
vn -0.767508734 0.634949796 -0.088142495
vn 0.737769873 0.673139785 0.050778384
vn -0.767508734 0.634949796 -0.088142495
vn 0.459264855 0.869686208 -0.180891381
vn -0.771684675 0.591214035 -0.234454103
vn -0.846777491 0.513082649 -0.140406821
vn -0.724535178 -0.688114717 -0.039330804
vn -0.771684675 0.591214035 -0.234454103
vn -0.724535178 -0.688114717 -0.039330804
vn -0.846777491 0.513082649 -0.140406821
vn -0.876456836 -0.480241555 -0.034517575
vn -0.771684675 0.591214035 -0.234454103
vn -0.784250201 -0.555938024 -0.275471477
vn -0.767508734 0.634949796 -0.088142495
vn -0.784250201 -0.555938024 -0.275471477
vn -0.771684675 0.591214035 -0.234454103
vn -0.724535178 -0.688114717 -0.039330804
vn -0.780494070 -0.039961740 -0.623884658
vn 0.041885420 0.845906119 -0.531684539
vn -0.863210568 0.395096635 -0.314270846
vn 0.041885420 0.845906119 -0.531684539
vn -0.780494070 -0.039961740 -0.623884658
vn 0.298997656 0.379756434 -0.875434436
vn -0.063249521 -0.955208696 -0.289094871
vn -0.681459025 -0.690722427 -0.241901067
vn -0.771160057 -0.627074259 -0.109954716
vn -0.681459025 -0.690722427 -0.241901067
vn -0.063249521 -0.955208696 -0.289094871
vn -0.029517885 -0.974629926 -0.221867531
vn -0.029517885 -0.974629926 -0.221867531
vn -0.795819178 -0.603604971 -0.048299848
vn -0.681459025 -0.690722427 -0.241901067
vn -0.795819178 -0.603604971 -0.048299848
vn -0.029517885 -0.974629926 -0.221867531
vn 0.185229222 -0.964033957 0.190600799
vn 0.998561361 -0.047816149 0.024265679
vn 0.307577623 0.950939716 -0.033311584
vn 0.993538555 0.044079687 -0.104585471
vn 0.307577623 0.950939716 -0.033311584
vn 0.998561361 -0.047816149 0.024265679
vn 0.006316643 0.965910367 0.258799658
vn 0.993538555 0.044079687 -0.104585471
vn 0.537456824 0.824790523 0.175672296
vn 0.960735329 0.089149735 0.262754547
vn 0.537456824 0.824790523 0.175672296
vn 0.993538555 0.044079687 -0.104585471
vn 0.307577623 0.950939716 -0.033311584
vn 0.006316643 0.965910367 0.258799658
vn -0.675849140 0.733714690 -0.069933494
vn 0.307577623 0.950939716 -0.033311584
vn -0.675849140 0.733714690 -0.069933494
vn 0.006316643 0.965910367 0.258799658
vn -0.788114704 0.605772624 0.109154667
vn 0.307577623 0.950939716 -0.033311584
vn -0.715994624 0.696103334 0.052837942
vn 0.537456824 0.824790523 0.175672296
vn -0.715994624 0.696103334 0.052837942
vn 0.307577623 0.950939716 -0.033311584
vn -0.675849140 0.733714690 -0.069933494
vn -0.788114704 0.605772624 0.109154667
vn -0.681459025 -0.690722427 -0.241901067
vn -0.675849140 0.733714690 -0.069933494
vn -0.681459025 -0.690722427 -0.241901067
vn -0.788114704 0.605772624 0.109154667
vn -0.771160057 -0.627074259 -0.109954716
vn -0.675849140 0.733714690 -0.069933494
vn -0.795819178 -0.603604971 -0.048299848
vn -0.715994624 0.696103334 0.052837942
vn -0.795819178 -0.603604971 -0.048299848
vn -0.675849140 0.733714690 -0.069933494
vn -0.681459025 -0.690722427 -0.241901067
vn -0.876456836 -0.480241555 -0.034517575
vn -0.625269098 -0.780293849 0.013418799
vn 0.168138922 -0.980604024 0.100722639
vn -0.625269098 -0.780293849 0.013418799
vn -0.876456836 -0.480241555 -0.034517575
vn -0.970026194 -0.241914241 -0.022949587
vn -0.122127890 -0.813840565 -0.568109421
vn -0.101659562 -0.988029325 -0.116031833
vn 0.005655056 -0.999512521 0.030704094
vn -0.101659562 -0.988029325 -0.116031833
vn -0.122127890 -0.813840565 -0.568109421
vn 0.984220226 -0.137019097 -0.111965680
vn -0.357804615 0.916897167 0.176848647
vn -0.897165643 0.435701288 -0.072513423
vn -0.275286782 0.958723501 -0.071178899
vn -0.897165643 0.435701288 -0.072513423
vn -0.357804615 0.916897167 0.176848647
vn -0.938572875 0.303672397 0.163902511
vn -0.275286782 0.958723501 -0.071178899
vn -0.829874008 0.511341136 -0.223247339
vn -0.284835976 0.938776642 -0.193821780
vn -0.829874008 0.511341136 -0.223247339
vn -0.275286782 0.958723501 -0.071178899
vn -0.897165643 0.435701288 -0.072513423
vn -0.284835976 0.938776642 -0.193821780
vn -0.846777491 0.513082649 -0.140406821
vn -0.009767427 0.921040310 -0.389344764
vn -0.846777491 0.513082649 -0.140406821
vn -0.284835976 0.938776642 -0.193821780
vn -0.829874008 0.511341136 -0.223247339
vn -0.063249521 -0.955208696 -0.289094871
vn -0.784250201 -0.555938024 -0.275471477
vn 0.253986755 -0.958653130 -0.128354608
vn -0.784250201 -0.555938024 -0.275471477
vn -0.063249521 -0.955208696 -0.289094871
vn -0.771160057 -0.627074259 -0.109954716
vn -0.771160057 -0.627074259 -0.109954716
vn -0.767508734 0.634949796 -0.088142495
vn -0.784250201 -0.555938024 -0.275471477
vn -0.767508734 0.634949796 -0.088142495
vn -0.771160057 -0.627074259 -0.109954716
vn -0.788114704 0.605772624 0.109154667
vn -0.767508734 0.634949796 -0.088142495
vn 0.006316643 0.965910367 0.258799658
vn 0.737769873 0.673139785 0.050778384
vn 0.006316643 0.965910367 0.258799658
vn -0.767508734 0.634949796 -0.088142495
vn -0.788114704 0.605772624 0.109154667
vn 0.737769873 0.673139785 0.050778384
vn 0.998561361 -0.047816149 0.024265679
vn 0.989944549 -0.108080020 0.091260614
vn 0.998561361 -0.047816149 0.024265679
vn 0.737769873 0.673139785 0.050778384
vn 0.006316643 0.965910367 0.258799658
vn -0.938572875 0.303672397 0.163902511
vn -0.970026194 -0.241914241 -0.022949587
vn -0.897165643 0.435701288 -0.072513423
vn -0.970026194 -0.241914241 -0.022949587
vn -0.938572875 0.303672397 0.163902511
vn -0.942214684 -0.323424973 0.087337139
vn -0.897165643 0.435701288 -0.072513423
vn -0.876456836 -0.480241555 -0.034517575
vn -0.829874008 0.511341136 -0.223247339
vn -0.876456836 -0.480241555 -0.034517575
vn -0.897165643 0.435701288 -0.072513423
vn -0.970026194 -0.241914241 -0.022949587
vn -0.829874008 0.511341136 -0.223247339
vn -0.876456836 -0.480241555 -0.034517575
vn -0.846777491 0.513082649 -0.140406821
vn -0.469572221 0.810387049 -0.350392295
vn -0.413478557 0.865586413 -0.282481228
vn -0.674471087 0.579445212 -0.457528140
vn -0.799349095 -0.282658057 -0.530231503
vn -0.653387584 -0.569228910 -0.499062233
vn -0.803936986 0.006382459 -0.594680239
vn -0.653387584 -0.569228910 -0.499062233
vn -0.799349095 -0.282658057 -0.530231503
vn -0.653580537 -0.612592281 -0.444480797
vn -0.653387584 -0.569228910 -0.499062233
vn -0.172258755 -0.948522261 -0.265767648
vn -0.103730917 -0.981237192 -0.162522212
vn -0.172258755 -0.948522261 -0.265767648
vn -0.653387584 -0.569228910 -0.499062233
vn -0.653580537 -0.612592281 -0.444480797
vn 0.316222307 -0.947195461 -0.053143307
vn -0.103730917 -0.981237192 -0.162522212
vn -0.172258755 -0.948522261 -0.265767648
vn -0.103730917 -0.981237192 -0.162522212
vn 0.316222307 -0.947195461 -0.053143307
vn 0.210823055 -0.968729395 0.130831948
vn 0.762253036 -0.634532969 -0.127821048
vn 0.917285255 0.255620478 -0.305361968
vn 0.603186682 -0.720738003 -0.341617561
vn 0.603186682 -0.720738003 -0.341617561
vn 0.579352868 -0.247274487 -0.776663107
vn -0.371031012 -0.928596801 0.006630937
vn 0.579352868 -0.247274487 -0.776663107
vn 0.603186682 -0.720738003 -0.341617561
vn 0.550113863 0.714288019 -0.432628436
vn 0.143434818 0.984521238 -0.100719338
vn -0.692504992 0.720918875 -0.026698515
vn 0.550113863 0.714288019 -0.432628436
vn 0.550113863 0.714288019 -0.432628436
vn -0.423335615 0.838078197 -0.344110291
vn 0.579352868 -0.247274487 -0.776663107
vn -0.423335615 0.838078197 -0.344110291
vn 0.550113863 0.714288019 -0.432628436
vn -0.692504992 0.720918875 -0.026698515
vn -0.842252405 0.284135369 0.458124414
vn -0.692504992 0.720918875 -0.026698515
vn 0.143434818 0.984521238 -0.100719338
vn -0.842252405 0.284135369 0.458124414
vn -0.784060314 -0.566700599 0.253179492
vn -0.692504992 0.720918875 -0.026698515
vn -0.842252405 0.284135369 0.458124414
vn -0.756180729 -0.124096130 0.642488020
vn -0.784060314 -0.566700599 0.253179492
vn -0.692504992 0.720918875 -0.026698515
vn -0.944793643 -0.208510619 -0.252761340
vn -0.423335615 0.838078197 -0.344110291
vn -0.944793643 -0.208510619 -0.252761340
vn -0.692504992 0.720918875 -0.026698515
vn -0.784060314 -0.566700599 0.253179492
vn -0.312622106 -0.897018584 0.312450122
vn 0.603186682 -0.720738003 -0.341617561
vn -0.784060314 -0.566700599 0.253179492
vn -0.784060314 -0.566700599 0.253179492
vn -0.371031012 -0.928596801 0.006630937
vn -0.944793643 -0.208510619 -0.252761340
vn -0.371031012 -0.928596801 0.006630937
vn -0.784060314 -0.566700599 0.253179492
vn 0.603186682 -0.720738003 -0.341617561
vn -0.181850353 -0.588557357 0.787737702
vn 0.181398844 0.794174899 0.579983352
vn 0.079904387 -0.884004303 0.460599263
vn 0.181398844 0.794174899 0.579983352
vn -0.181850353 -0.588557357 0.787737702
vn -0.018458341 0.928614276 0.370587122
vn 0.079904387 -0.884004303 0.460599263
vn -0.156460517 0.792352033 0.589659530
vn -0.139821051 -0.940066121 0.311007654
vn -0.156460517 0.792352033 0.589659530
vn 0.079904387 -0.884004303 0.460599263
vn 0.181398844 0.794174899 0.579983352
vn -0.018458341 0.928614276 0.370587122
vn 0.322753991 0.799762410 -0.506171856
vn 0.181398844 0.794174899 0.579983352
vn 0.322753991 0.799762410 -0.506171856
vn -0.018458341 0.928614276 0.370587122
vn -0.037736149 0.516283769 -0.855585795
vn 0.181398844 0.794174899 0.579983352
vn 0.115308156 0.892374045 -0.436317079
vn -0.156460517 0.792352033 0.589659530
vn 0.115308156 0.892374045 -0.436317079
vn 0.181398844 0.794174899 0.579983352
vn 0.322753991 0.799762410 -0.506171856
vn -0.037736149 0.516283769 -0.855585795
vn 0.113562868 -0.810179674 -0.575075970
vn 0.322753991 0.799762410 -0.506171856
vn 0.113562868 -0.810179674 -0.575075970
vn -0.037736149 0.516283769 -0.855585795
vn -0.110164229 -0.877728009 -0.466323263
vn 0.322753991 0.799762410 -0.506171856
vn 0.212517145 -0.587947145 -0.780483579
vn 0.115308156 0.892374045 -0.436317079
vn 0.212517145 -0.587947145 -0.780483579
vn 0.322753991 0.799762410 -0.506171856
vn 0.113562868 -0.810179674 -0.575075970
vn -0.110164229 -0.877728009 -0.466323263
vn 0.079904387 -0.884004303 0.460599263
vn 0.113562868 -0.810179674 -0.575075970
vn 0.079904387 -0.884004303 0.460599263
vn -0.110164229 -0.877728009 -0.466323263
vn -0.181850353 -0.588557357 0.787737702
vn 0.113562868 -0.810179674 -0.575075970
vn -0.139821051 -0.940066121 0.311007654
vn 0.212517145 -0.587947145 -0.780483579
vn -0.139821051 -0.940066121 0.311007654
vn 0.113562868 -0.810179674 -0.575075970
vn 0.079904387 -0.884004303 0.460599263
vn 0.684098176 -0.683146314 0.255579341
vn 0.135336369 0.990268320 0.032445674
vn 0.757981612 -0.064123494 -0.649116364
vn 0.135336369 0.990268320 0.032445674
vn 0.684098176 -0.683146314 0.255579341
vn -0.351731532 0.836264648 0.420649934
vn -0.114775325 0.707297939 0.697535841
vn 0.952146949 -0.080971799 -0.294719790
vn 0.601066670 -0.210089635 0.771090918
vn 0.952146949 -0.080971799 -0.294719790
vn -0.114775325 0.707297939 0.697535841
vn 0.154558581 0.779232962 -0.607377671
vn 0.148834973 0.928148408 -0.341157858
vn -0.027653859 0.835947598 0.548112102
vn -0.157721928 0.685824360 0.710470788
vn -0.027653859 0.835947598 0.548112102
vn 0.148834973 0.928148408 -0.341157858
vn -0.198199124 0.980147738 0.005245808
vn 0.148834973 0.928148408 -0.341157858
vn 0.396173490 -0.744653201 -0.537157496
vn -0.198199124 0.980147738 0.005245808
vn 0.396173490 -0.744653201 -0.537157496
vn 0.148834973 0.928148408 -0.341157858
vn 0.072051309 -0.718486503 -0.691798926
vn -0.222215530 -0.947993360 0.227879021
vn 0.396173490 -0.744653201 -0.537157496
vn 0.072051309 -0.718486503 -0.691798926
vn 0.396173490 -0.744653201 -0.537157496
vn -0.222215530 -0.947993360 0.227879021
vn 0.300248000 -0.953852225 0.004131738
vn -0.944793643 -0.208510619 -0.252761340
vn -0.181850353 -0.588557357 0.787737702
vn -0.110164229 -0.877728009 -0.466323263
vn -0.181850353 -0.588557357 0.787737702
vn -0.944793643 -0.208510619 -0.252761340
vn -0.371031012 -0.928596801 0.006630937
vn -0.371031012 -0.928596801 0.006630937
vn -0.018458341 0.928614276 0.370587122
vn -0.181850353 -0.588557357 0.787737702
vn -0.018458341 0.928614276 0.370587122
vn -0.371031012 -0.928596801 0.006630937
vn 0.579352868 -0.247274487 -0.776663107
vn -0.423335615 0.838078197 -0.344110291
vn -0.018458341 0.928614276 0.370587122
vn 0.579352868 -0.247274487 -0.776663107
vn -0.018458341 0.928614276 0.370587122
vn -0.423335615 0.838078197 -0.344110291
vn -0.037736149 0.516283769 -0.855585795
vn -0.037736149 0.516283769 -0.855585795
vn -0.944793643 -0.208510619 -0.252761340
vn -0.110164229 -0.877728009 -0.466323263
vn -0.944793643 -0.208510619 -0.252761340
vn -0.037736149 0.516283769 -0.855585795
vn -0.423335615 0.838078197 -0.344110291
vn -0.673619577 -0.205258291 0.710004013
vn -0.312622106 -0.897018584 0.312450122
vn -0.756180729 -0.124096130 0.642488020
vn -0.312622106 -0.897018584 0.312450122
vn -0.673619577 -0.205258291 0.710004013
vn -0.404598827 -0.529734137 0.745440496
vn -0.404598827 -0.529734137 0.745440496
vn -0.366426554 -0.115004734 0.923312240
vn -0.052857114 -0.624422432 0.779296318
vn -0.366426554 -0.115004734 0.923312240
vn -0.404598827 -0.529734137 0.745440496
vn -0.673619577 -0.205258291 0.710004013
vn -0.674471087 0.579445212 -0.457528140
vn -0.500489490 0.862636841 -0.073266303
vn -0.783275020 0.577476457 -0.230219863
vn -0.500489490 0.862636841 -0.073266303
vn -0.674471087 0.579445212 -0.457528140
vn -0.413478557 0.865586413 -0.282481228
vn -0.366426554 -0.115004734 0.923312240
vn -0.711863807 0.161783663 0.683429562
vn -0.549174042 -0.594289076 0.587561372
vn 0.065987063 -0.977871462 0.198527357
vn 0.054671217 -0.991791323 0.115589924
vn 0.317462563 -0.765224767 -0.560043371
vn 0.054671217 -0.991791323 0.115589924
vn 0.065987063 -0.977871462 0.198527357
vn 0.189405012 -0.839988725 0.508472894
vn 0.762253036 -0.634532969 -0.127821048
vn 0.065987063 -0.977871462 0.198527357
vn 0.317462563 -0.765224767 -0.560043371
vn -0.688914515 0.714119436 0.124218446
vn -0.726859937 0.411758710 0.549662984
vn -0.750668605 0.460749376 0.473504655
vn -0.688914515 0.714119436 0.124218446
vn -0.449337041 0.746758050 0.490355624
vn -0.726859937 0.411758710 0.549662984
vn -0.688914515 0.714119436 0.124218446
vn -0.534289506 0.824932150 0.184449647
vn -0.449337041 0.746758050 0.490355624
vn -0.369977296 0.878983520 0.300840109
vn -0.449337041 0.746758050 0.490355624
vn -0.534289506 0.824932150 0.184449647
vn -0.449337041 0.746758050 0.490355624
vn -0.369977296 0.878983520 0.300840109
vn -0.400425151 0.752549582 0.522808593
vn -0.673619577 -0.205258291 0.710004013
vn -0.726859937 0.411758710 0.549662984
vn -0.366426554 -0.115004734 0.923312240
vn -0.756180729 -0.124096130 0.642488020
vn -0.726859937 0.411758710 0.549662984
vn -0.673619577 -0.205258291 0.710004013
vn -0.756180729 -0.124096130 0.642488020
vn -0.750668605 0.460749376 0.473504655
vn -0.726859937 0.411758710 0.549662984
vn -0.756180729 -0.124096130 0.642488020
vn -0.842252405 0.284135369 0.458124414
vn -0.750668605 0.460749376 0.473504655
vn -0.969104408 -0.106021909 -0.222701597
vn 0.143434818 0.984521238 -0.100719338
vn 0.917285255 0.255620478 -0.305361968
vn 0.143434818 0.984521238 -0.100719338
vn -0.969104408 -0.106021909 -0.222701597
vn -0.742279360 -0.154255966 -0.652093895
vn -0.653580537 -0.612592281 -0.444480797
vn -0.788470849 -0.566045406 -0.240637318
vn -0.916865433 -0.358100592 -0.176413562
vn -0.788470849 -0.566045406 -0.240637318
vn -0.653580537 -0.612592281 -0.444480797
vn -0.799349095 -0.282658057 -0.530231503
vn -0.471876554 -0.853287456 -0.221885185
vn -0.969104408 -0.106021909 -0.222701597
vn 0.917285255 0.255620478 -0.305361968
vn -0.571312678 -0.770284507 -0.283308317
vn -0.653580537 -0.612592281 -0.444480797
vn -0.916865433 -0.358100592 -0.176413562
vn -0.788470849 -0.566045406 -0.240637318
vn -0.799349095 -0.282658057 -0.530231503
vn -0.901948763 -0.207032926 -0.378979942
vn -0.139821051 -0.940066121 0.311007654
vn -0.157721928 0.685824360 0.710470788
vn -0.222215530 -0.947993360 0.227879021
vn -0.157721928 0.685824360 0.710470788
vn -0.139821051 -0.940066121 0.311007654
vn -0.156460517 0.792352033 0.589659530
vn -0.139821051 -0.940066121 0.311007654
vn 0.072051309 -0.718486503 -0.691798926
vn 0.212517145 -0.587947145 -0.780483579
vn 0.072051309 -0.718486503 -0.691798926
vn -0.139821051 -0.940066121 0.311007654
vn -0.222215530 -0.947993360 0.227879021
vn 0.212517145 -0.587947145 -0.780483579
vn 0.148834973 0.928148408 -0.341157858
vn 0.115308156 0.892374045 -0.436317079
vn 0.148834973 0.928148408 -0.341157858
vn 0.212517145 -0.587947145 -0.780483579
vn 0.072051309 -0.718486503 -0.691798926
vn 0.148834973 0.928148408 -0.341157858
vn -0.156460517 0.792352033 0.589659530
vn 0.115308156 0.892374045 -0.436317079
vn -0.156460517 0.792352033 0.589659530
vn 0.148834973 0.928148408 -0.341157858
vn -0.157721928 0.685824360 0.710470788
vn -0.711863807 0.161783663 0.683429562
vn -0.961250726 -0.259115942 -0.094106167
vn -0.549174042 -0.594289076 0.587561372
vn -0.961250726 -0.259115942 -0.094106167
vn -0.711863807 0.161783663 0.683429562
vn -0.821588718 0.417661379 -0.388008957
vn -0.821588718 0.417661379 -0.388008957
vn -0.456004995 0.794259175 0.401511902
vn -0.416750304 0.841806184 -0.343047421
vn -0.456004995 0.794259175 0.401511902
vn -0.821588718 0.417661379 -0.388008957
vn -0.711863807 0.161783663 0.683429562
vn -0.198199124 0.980147738 0.005245808
vn -0.351731532 0.836264648 0.420649934
vn -0.027653859 0.835947598 0.548112102
vn -0.351731532 0.836264648 0.420649934
vn -0.198199124 0.980147738 0.005245808
vn 0.135336369 0.990268320 0.032445674
vn -0.027653859 0.835947598 0.548112102
vn 0.684098176 -0.683146314 0.255579341
vn 0.300248000 -0.953852225 0.004131738
vn 0.684098176 -0.683146314 0.255579341
vn -0.027653859 0.835947598 0.548112102
vn -0.351731532 0.836264648 0.420649934
vn 0.684098176 -0.683146314 0.255579341
vn 0.396173490 -0.744653201 -0.537157496
vn 0.300248000 -0.953852225 0.004131738
vn 0.396173490 -0.744653201 -0.537157496
vn 0.684098176 -0.683146314 0.255579341
vn 0.757981612 -0.064123494 -0.649116364
vn 0.757981612 -0.064123494 -0.649116364
vn -0.198199124 0.980147738 0.005245808
vn 0.396173490 -0.744653201 -0.537157496
vn -0.198199124 0.980147738 0.005245808
vn 0.757981612 -0.064123494 -0.649116364
vn 0.135336369 0.990268320 0.032445674
vn -0.222215530 -0.947993360 0.227879021
vn -0.709218510 0.394443788 0.584314302
vn -0.312914495 -0.301186062 0.900761608
vn -0.709218510 0.394443788 0.584314302
vn -0.222215530 -0.947993360 0.227879021
vn -0.157721928 0.685824360 0.710470788
vn -0.709218510 0.394443788 0.584314302
vn -0.027653859 0.835947598 0.548112102
vn 0.131350525 0.156227909 -0.978948354
vn -0.027653859 0.835947598 0.548112102
vn -0.709218510 0.394443788 0.584314302
vn -0.157721928 0.685824360 0.710470788
vn -0.027653859 0.835947598 0.548112102
vn 0.505311426 -0.817650139 0.275877894
vn 0.131350525 0.156227909 -0.978948354
vn 0.505311426 -0.817650139 0.275877894
vn -0.027653859 0.835947598 0.548112102
vn 0.300248000 -0.953852225 0.004131738
vn 0.505311426 -0.817650139 0.275877894
vn -0.222215530 -0.947993360 0.227879021
vn -0.312914495 -0.301186062 0.900761608
vn -0.222215530 -0.947993360 0.227879021
vn 0.505311426 -0.817650139 0.275877894
vn 0.300248000 -0.953852225 0.004131738
vn -0.312914495 -0.301186062 0.900761608
vn -0.114775325 0.707297939 0.697535841
vn 0.601066670 -0.210089635 0.771090918
vn -0.114775325 0.707297939 0.697535841
vn -0.312914495 -0.301186062 0.900761608
vn -0.709218510 0.394443788 0.584314302
vn -0.709218510 0.394443788 0.584314302
vn 0.154558581 0.779232962 -0.607377671
vn -0.114775325 0.707297939 0.697535841
vn 0.154558581 0.779232962 -0.607377671
vn -0.709218510 0.394443788 0.584314302
vn 0.131350525 0.156227909 -0.978948354
vn 0.131350525 0.156227909 -0.978948354
vn 0.952146949 -0.080971799 -0.294719790
vn 0.154558581 0.779232962 -0.607377671
vn 0.952146949 -0.080971799 -0.294719790
vn 0.131350525 0.156227909 -0.978948354
vn 0.505311426 -0.817650139 0.275877894
vn 0.505311426 -0.817650139 0.275877894
vn 0.601066670 -0.210089635 0.771090918
vn 0.952146949 -0.080971799 -0.294719790
vn 0.601066670 -0.210089635 0.771090918
vn 0.505311426 -0.817650139 0.275877894
vn -0.312914495 -0.301186062 0.900761608
vn -0.682273218 -0.616325032 0.393251459
vn -0.262297694 -0.862887695 -0.432000862
vn -0.321543919 0.083118394 -0.943239546
vn -0.262297694 -0.862887695 -0.432000862
vn -0.682273218 -0.616325032 0.393251459
vn 0.387449559 -0.664003614 0.639517037
vn 0.628538003 0.718880165 0.296902824
vn 0.298997656 0.379756434 -0.875434436
vn 0.926225234 0.373247687 0.052848662
vn 0.298997656 0.379756434 -0.875434436
vn 0.628538003 0.718880165 0.296902824
vn 0.041885420 0.845906119 -0.531684539
vn 0.537456824 0.824790523 0.175672296
vn -0.763753105 0.450898707 0.461921586
vn 0.628538003 0.718880165 0.296902824
vn -0.763753105 0.450898707 0.461921586
vn 0.537456824 0.824790523 0.175672296
vn -0.715994624 0.696103334 0.052837942
vn -0.780494070 -0.039961740 -0.623884658
vn -0.763753105 0.450898707 0.461921586
vn -0.948530384 -0.286425475 0.135094625
vn -0.763753105 0.450898707 0.461921586
vn -0.780494070 -0.039961740 -0.623884658
vn -0.863210568 0.395096635 -0.314270846
vn 0.185229222 -0.964033957 0.190600799
vn -0.682273218 -0.616325032 0.393251459
vn -0.795819178 -0.603604971 -0.048299848
vn -0.682273218 -0.616325032 0.393251459
vn 0.185229222 -0.964033957 0.190600799
vn 0.387449559 -0.664003614 0.639517037
vn 0.298997656 0.379756434 -0.875434436
vn 0.931903106 0.121978515 0.341581386
vn 0.926225234 0.373247687 0.052848662
vn 0.931903106 0.121978515 0.341581386
vn 0.298997656 0.379756434 -0.875434436
vn 0.136231727 0.187082890 -0.972851946
vn 0.298997656 0.379756434 -0.875434436
vn -0.321543919 0.083118394 -0.943239546
vn 0.136231727 0.187082890 -0.972851946
vn -0.321543919 0.083118394 -0.943239546
vn 0.298997656 0.379756434 -0.875434436
vn -0.780494070 -0.039961740 -0.623884658
vn -0.780494070 -0.039961740 -0.623884658
vn -0.682273218 -0.616325032 0.393251459
vn -0.321543919 0.083118394 -0.943239546
vn -0.682273218 -0.616325032 0.393251459
vn -0.780494070 -0.039961740 -0.623884658
vn -0.948530384 -0.286425475 0.135094625
vn -0.101659562 -0.988029325 -0.116031833
vn 0.984220226 -0.137019097 -0.111965680
vn 0.168138922 -0.980604024 0.100722639
vn -0.625269098 -0.780293849 0.013418799
vn -0.101659562 -0.988029325 -0.116031833
vn 0.168138922 -0.980604024 0.100722639
vn 0.168138922 -0.980604024 0.100722639
vn 0.995725208 -0.088162312 0.027544800
vn 0.409049693 -0.906665471 0.103131338
vn 0.409049693 -0.906665471 0.103131338
vn 0.989944549 -0.108080020 0.091260614
vn 0.253986755 -0.958653130 -0.128354608
vn 0.989944549 -0.108080020 0.091260614
vn 0.409049693 -0.906665471 0.103131338
vn 0.995725208 -0.088162312 0.027544800
vn 0.253986755 -0.958653130 -0.128354608
vn 0.998561361 -0.047816149 0.024265679
vn -0.063249521 -0.955208696 -0.289094871
vn 0.998561361 -0.047816149 0.024265679
vn 0.253986755 -0.958653130 -0.128354608
vn 0.989944549 -0.108080020 0.091260614
vn 0.998561361 -0.047816149 0.024265679
vn -0.029517885 -0.974629926 -0.221867531
vn -0.063249521 -0.955208696 -0.289094871
vn -0.029517885 -0.974629926 -0.221867531
vn 0.998561361 -0.047816149 0.024265679
vn 0.993538555 0.044079687 -0.104585471
vn 0.993538555 0.044079687 -0.104585471
vn 0.185229222 -0.964033957 0.190600799
vn -0.029517885 -0.974629926 -0.221867531
vn 0.185229222 -0.964033957 0.190600799
vn 0.993538555 0.044079687 -0.104585471
vn 0.960735329 0.089149735 0.262754547
vn 0.960735329 0.089149735 0.262754547
vn 0.387449559 -0.664003614 0.639517037
vn 0.185229222 -0.964033957 0.190600799
vn 0.387449559 -0.664003614 0.639517037
vn 0.960735329 0.089149735 0.262754547
vn 0.931903106 0.121978515 0.341581386
vn 0.387449559 -0.664003614 0.639517037
vn 0.136231727 0.187082890 -0.972851946
vn -0.262297694 -0.862887695 -0.432000862
vn 0.136231727 0.187082890 -0.972851946
vn 0.387449559 -0.664003614 0.639517037
vn 0.931903106 0.121978515 0.341581386
vn 0.931903106 0.121978515 0.341581386
vn 0.960735329 0.089149735 0.262754547
vn 0.926225234 0.373247687 0.052848662
vn 0.960735329 0.089149735 0.262754547
vn 0.628538003 0.718880165 0.296902824
vn 0.926225234 0.373247687 0.052848662
vn 0.628538003 0.718880165 0.296902824
vn 0.960735329 0.089149735 0.262754547
vn 0.537456824 0.824790523 0.175672296
vn -0.763753105 0.450898707 0.461921586
vn 0.041885420 0.845906119 -0.531684539
vn 0.628538003 0.718880165 0.296902824
vn 0.041885420 0.845906119 -0.531684539
vn -0.763753105 0.450898707 0.461921586
vn -0.863210568 0.395096635 -0.314270846
vn -0.715994624 0.696103334 0.052837942
vn -0.948530384 -0.286425475 0.135094625
vn -0.763753105 0.450898707 0.461921586
vn -0.948530384 -0.286425475 0.135094625
vn -0.715994624 0.696103334 0.052837942
vn -0.795819178 -0.603604971 -0.048299848
vn -0.948530384 -0.286425475 0.135094625
vn -0.795819178 -0.603604971 -0.048299848
vn -0.682273218 -0.616325032 0.393251459
vn -0.827591864 -0.551713375 -0.103460419
vn -0.625269098 -0.780293849 0.013418799
vn -0.942214684 -0.323424973 0.087337139
vn -0.942214684 -0.323424973 0.087337139
vn -0.625269098 -0.780293849 0.013418799
vn -0.970026194 -0.241914241 -0.022949587
vn 0.984220226 -0.137019097 -0.111965680
vn -0.122127890 -0.813840565 -0.568109421
vn -0.267576638 -0.362245105 -0.892850058
vn -0.681783924 -0.409344215 -0.606306849
vn -0.282268626 -0.028351903 -0.958916364
vn -0.520802819 -0.826188289 -0.214889122
vn -0.282268626 -0.028351903 -0.958916364
vn -0.681783924 -0.409344215 -0.606306849
vn -0.507666775 -0.676435252 -0.533582042
vn -0.936062498 -0.094890297 -0.338796150
vn -0.821588718 0.417661379 -0.388008957
vn -0.853346889 0.399379731 -0.335104337
vn -0.821588718 0.417661379 -0.388008957
vn -0.936062498 -0.094890297 -0.338796150
vn -0.961250726 -0.259115942 -0.094106167
vn -0.199709568 -0.421020261 0.884792647
vn 0.004091616 -0.145740958 0.989314324
vn 0.188274423 -0.421111269 0.887253087
vn -0.266303793 -0.963071147 -0.039702087
vn 0.037066179 -0.929376146 0.367268401
vn 0.142780762 -0.987392577 0.068334133
vn -0.681783924 -0.409344215 -0.606306849
vn -0.605856271 -0.739227617 -0.294076026
vn -0.507666775 -0.676435252 -0.533582042
vn -0.605856271 -0.739227617 -0.294076026
vn -0.681783924 -0.409344215 -0.606306849
vn -0.821285371 -0.414850202 -0.391649906
vn -0.892978672 -0.105948546 -0.437451708
vn -0.821285371 -0.414850202 -0.391649906
vn -0.681783924 -0.409344215 -0.606306849
vn -0.821285371 -0.414850202 -0.391649906
vn -0.892978672 -0.105948546 -0.437451708
vn -0.973585999 -0.123558582 -0.191998903
vn -0.731014683 -0.682351334 0.003766990
vn -0.536710779 -0.824321531 0.180098732
vn -0.609677069 -0.791818517 -0.036294742
vn -0.536710779 -0.824321531 0.180098732
vn -0.731014683 -0.682351334 0.003766990
vn -0.824669348 -0.558182255 0.091394948
vn -0.731014683 -0.682351334 0.003766990
vn -0.973585999 -0.123558582 -0.191998903
vn -0.824669348 -0.558182255 0.091394948
vn -0.853346889 0.399379731 -0.335104337
vn -0.957733050 -0.236049417 -0.164402183
vn -0.936062498 -0.094890297 -0.338796150
vn -0.957733050 -0.236049417 -0.164402183
vn -0.853346889 0.399379731 -0.335104337
vn -0.903597713 0.414547502 -0.107988614
vn -0.539607482 0.838989339 0.070147372
vn -0.812714610 0.431478974 0.391562074
vn -0.903597713 0.414547502 -0.107988614
vn -0.812714610 0.431478974 0.391562074
vn -0.539607482 0.838989339 0.070147372
vn -0.484068874 0.684794633 0.544732628
vn -0.892978672 -0.105948546 -0.437451708
vn -0.681783924 -0.409344215 -0.606306849
vn -0.520802819 -0.826188289 -0.214889122
vn -0.536710779 -0.824321531 0.180098732
vn 0.037066179 -0.929376146 0.367268401
vn -0.266303793 -0.963071147 -0.039702087
vn -0.576399329 -0.799258509 -0.170145965
vn -0.143733711 -0.980879281 -0.131211493
vn -0.390368190 -0.874395961 -0.288174218
vn -0.507666775 -0.676435252 -0.533582042
vn -0.285536668 -0.690383942 -0.664709578
vn -0.282268626 -0.028351903 -0.958916364
vn -0.285536668 -0.690383942 -0.664709578
vn -0.020917104 0.171594297 -0.984945619
vn -0.282268626 -0.028351903 -0.958916364
vn -0.020917104 0.171594297 -0.984945619
vn -0.285536668 -0.690383942 -0.664709578
vn 0.471222837 -0.658694456 -0.586575358
vn -0.124045395 -0.716888486 0.686063874
vn 0.037066179 -0.929376146 0.367268401
vn -0.536710779 -0.824321531 0.180098732
vn -0.503113908 -0.578121280 0.642380091
vn -0.937171971 -0.265067249 0.226821628
vn -0.591853167 -0.211895438 0.777695411
vn -0.937171971 -0.265067249 0.226821628
vn -0.503113908 -0.578121280 0.642380091
vn -0.824669348 -0.558182255 0.091394948
vn -0.484068874 0.684794633 0.544732628
vn -0.230838081 0.230012931 0.945414106
vn -0.439482384 0.093674343 0.893353430
vn -0.536710779 -0.824321531 0.180098732
vn -0.824669348 -0.558182255 0.091394948
vn -0.503113908 -0.578121280 0.642380091
vn -0.416750304 0.841806184 -0.343047421
vn -0.853346889 0.399379731 -0.335104337
vn -0.821588718 0.417661379 -0.388008957
vn -0.853346889 0.399379731 -0.335104337
vn -0.416750304 0.841806184 -0.343047421
vn -0.490782172 0.815318914 -0.307226183
vn -0.490782172 0.815318914 -0.307226183
vn -0.903597713 0.414547502 -0.107988614
vn -0.853346889 0.399379731 -0.335104337
vn -0.903597713 0.414547502 -0.107988614
vn -0.490782172 0.815318914 -0.307226183
vn -0.539607482 0.838989339 0.070147372
vn -0.812714610 0.431478974 0.391562074
vn -0.937171971 -0.265067249 0.226821628
vn -0.903597713 0.414547502 -0.107988614
vn -0.591853167 -0.211895438 0.777695411
vn -0.937171971 -0.265067249 0.226821628
vn -0.812714610 0.431478974 0.391562074
vn -0.952004434 -0.081760856 -0.294962236
vn -0.627820177 -0.777383669 -0.038941696
vn -0.661130022 -0.729399201 -0.175738160
vn -0.627820177 -0.777383669 -0.038941696
vn -0.952004434 -0.081760856 -0.294962236
vn -0.758188263 -0.426689261 0.493038368
vn -0.821285371 -0.414850202 -0.391649906
vn -0.952004434 -0.081760856 -0.294962236
vn -0.661130022 -0.729399201 -0.175738160
vn -0.952004434 -0.081760856 -0.294962236
vn -0.821285371 -0.414850202 -0.391649906
vn -0.973585999 -0.123558582 -0.191998903
vn -0.973585999 -0.123558582 -0.191998903
vn -0.758188263 -0.426689261 0.493038368
vn -0.952004434 -0.081760856 -0.294962236
vn -0.758188263 -0.426689261 0.493038368
vn -0.973585999 -0.123558582 -0.191998903
vn -0.731014683 -0.682351334 0.003766990
vn -0.731014683 -0.682351334 0.003766990
vn -0.627820177 -0.777383669 -0.038941696
vn -0.758188263 -0.426689261 0.493038368
vn -0.627820177 -0.777383669 -0.038941696
vn -0.731014683 -0.682351334 0.003766990
vn -0.678786912 -0.726651555 -0.105952093
vn -0.678786912 -0.726651555 -0.105952093
vn -0.661130022 -0.729399201 -0.175738160
vn -0.627820177 -0.777383669 -0.038941696
vn -0.661130022 -0.729399201 -0.175738160
vn -0.678786912 -0.726651555 -0.105952093
vn -0.821285371 -0.414850202 -0.391649906
vn -0.225322244 -0.962058781 -0.153859639
vn -0.576399329 -0.799258509 -0.170145965
vn -0.609677069 -0.791818517 -0.036294742
vn -0.576399329 -0.799258509 -0.170145965
vn -0.225322244 -0.962058781 -0.153859639
vn -0.143733711 -0.980879281 -0.131211493
vn -0.576399329 -0.799258509 -0.170145965
vn -0.731014683 -0.682351334 0.003766990
vn -0.609677069 -0.791818517 -0.036294742
vn -0.731014683 -0.682351334 0.003766990
vn -0.576399329 -0.799258509 -0.170145965
vn -0.678786912 -0.726651555 -0.105952093
vn -0.520802819 -0.826188289 -0.214889122
vn -0.549174042 -0.594289076 0.587561372
vn -0.961250726 -0.259115942 -0.094106167
vn -0.549174042 -0.594289076 0.587561372
vn -0.520802819 -0.826188289 -0.214889122
vn -0.127251134 -0.911201691 0.391814531
vn -0.549174042 -0.594289076 0.587561372
vn -0.052857114 -0.624422432 0.779296318
vn -0.366426554 -0.115004734 0.923312240
vn -0.961250726 -0.259115942 -0.094106167
vn -0.892978672 -0.105948546 -0.437451708
vn -0.520802819 -0.826188289 -0.214889122
vn -0.892978672 -0.105948546 -0.437451708
vn -0.961250726 -0.259115942 -0.094106167
vn -0.936062498 -0.094890297 -0.338796150
vn -0.892978672 -0.105948546 -0.437451708
vn -0.936062498 -0.094890297 -0.338796150
vn -0.973585999 -0.123558582 -0.191998903
vn 0.181047078 -0.926747159 0.329183321
vn 0.054955246 -0.937306982 0.344144653
vn -0.127251134 -0.911201691 0.391814531
vn 0.054955246 -0.937306982 0.344144653
vn 0.181047078 -0.926747159 0.329183321
vn 0.199006239 -0.937457859 0.285603361
vn -0.101659562 -0.988029325 -0.116031833
vn 0.080243251 -0.988761917 0.126138382
vn 0.005655056 -0.999512521 0.030704094
vn 0.080243251 -0.988761917 0.126138382
vn -0.101659562 -0.988029325 -0.116031833
vn -0.229298336 -0.973136109 0.020697481
vn -0.101298706 0.976065643 0.192443321
vn -0.275286782 0.958723501 -0.071178899
vn -0.071260588 0.997453115 -0.003035038
vn -0.275286782 0.958723501 -0.071178899
vn -0.101298706 0.976065643 0.192443321
vn -0.357804615 0.916897167 0.176848647
vn -0.275286782 0.958723501 -0.071178899
vn 0.001639077 0.952286007 -0.305202679
vn -0.071260588 0.997453115 -0.003035038
vn 0.001639077 0.952286007 -0.305202679
vn -0.275286782 0.958723501 -0.071178899
vn -0.284835976 0.938776642 -0.193821780
vn 0.001639077 0.952286007 -0.305202679
vn -0.009767427 0.921040310 -0.389344764
vn -0.077829397 0.017512778 -0.996812865
vn -0.009767427 0.921040310 -0.389344764
vn 0.001639077 0.952286007 -0.305202679
vn -0.284835976 0.938776642 -0.193821780
vn 0.170005855 -0.969490403 -0.176596625
vn -0.127251134 -0.911201691 0.391814531
vn -0.520802819 -0.826188289 -0.214889122
vn -0.127251134 -0.911201691 0.391814531
vn 0.170005855 -0.969490403 -0.176596625
vn 0.181047078 -0.926747159 0.329183321
vn -0.077829397 0.017512778 -0.996812865
vn -0.009767427 0.921040310 -0.389344764
vn -0.267576638 -0.362245105 -0.892850058
vn -0.009767427 0.921040310 -0.389344764
vn 0.984220226 -0.137019097 -0.111965680
vn -0.267576638 -0.362245105 -0.892850058
vn -0.439482384 0.093674343 0.893353430
vn 0.004091616 -0.145740958 0.989314324
vn -0.199709568 -0.421020261 0.884792647
vn 0.004091616 -0.145740958 0.989314324
vn -0.439482384 0.093674343 0.893353430
vn -0.230838081 0.230012931 0.945414106
vn -0.075171058 -0.975610318 -0.206237288
vn -0.032359439 -0.999470989 -0.003257086
vn 0.013872039 -0.999888988 0.005438564
vn -0.032359439 -0.999470989 -0.003257086
vn -0.075171058 -0.975610318 -0.206237288
vn -0.143733711 -0.980879281 -0.131211493
vn -0.282268626 -0.028351903 -0.958916364
vn 0.170005855 -0.969490403 -0.176596625
vn -0.520802819 -0.826188289 -0.214889122
vn 0.170005855 -0.969490403 -0.176596625
vn -0.282268626 -0.028351903 -0.958916364
vn -0.020917104 0.171594297 -0.984945619
vn 0.388001793 -0.695524582 0.604731482
vn -0.124045395 -0.716888486 0.686063874
vn 0.188274423 -0.421111269 0.887253087
vn 0.388001793 -0.695524582 0.604731482
vn 0.037066179 -0.929376146 0.367268401
vn -0.124045395 -0.716888486 0.686063874
vn 0.037066179 -0.929376146 0.367268401
vn 0.388001793 -0.695524582 0.604731482
vn 0.466982807 -0.790436823 0.396404701
vn -0.143733711 -0.980879281 -0.131211493
vn 0.116377740 -0.976737592 -0.180110792
vn -0.032359439 -0.999470989 -0.003257086
vn 0.116377740 -0.976737592 -0.180110792
vn -0.143733711 -0.980879281 -0.131211493
vn -0.225322244 -0.962058781 -0.153859639
vn 0.550113863 0.714288019 -0.432628436
vn 0.917285255 0.255620478 -0.305361968
vn 0.143434818 0.984521238 -0.100719338
vn 0.917285255 0.255620478 -0.305361968
vn 0.550113863 0.714288019 -0.432628436
vn 0.603186682 -0.720738003 -0.341617561
vn -0.103730917 -0.981237192 -0.162522212
vn -0.827591864 -0.551713375 -0.103460419
vn -0.653387584 -0.569228910 -0.499062233
vn -0.827591864 -0.551713375 -0.103460419
vn -0.103730917 -0.981237192 -0.162522212
vn -0.229298336 -0.973136109 0.020697481
vn -0.653387584 -0.569228910 -0.499062233
vn -0.905995180 0.137754714 -0.400245390
vn -0.803936986 0.006382459 -0.594680239
vn -0.905995180 0.137754714 -0.400245390
vn -0.653387584 -0.569228910 -0.499062233
vn -0.827591864 -0.551713375 -0.103460419
vn -0.905995180 0.137754714 -0.400245390
vn -0.469572221 0.810387049 -0.350392295
vn -0.803936986 0.006382459 -0.594680239
vn -0.469572221 0.810387049 -0.350392295
vn -0.905995180 0.137754714 -0.400245390
vn -0.338180844 0.935704344 -0.100454451
vn -0.338180844 0.935704344 -0.100454451
vn -0.166081759 0.957435953 -0.236078898
vn -0.469572221 0.810387049 -0.350392295
vn -0.166081759 0.957435953 -0.236078898
vn -0.338180844 0.935704344 -0.100454451
vn -0.103167900 0.994095537 -0.033622142
vn -0.549174042 -0.594289076 0.587561372
vn -0.127251134 -0.911201691 0.391814531
vn -0.052857114 -0.624422432 0.779296318
vn -0.127251134 -0.911201691 0.391814531
vn 0.189405012 -0.839988725 0.508472894
vn -0.052857114 -0.624422432 0.779296318
vn 0.189405012 -0.839988725 0.508472894
vn -0.404598827 -0.529734137 0.745440496
vn -0.052857114 -0.624422432 0.779296318
vn -0.404598827 -0.529734137 0.745440496
vn 0.189405012 -0.839988725 0.508472894
vn 0.065987063 -0.977871462 0.198527357
vn 0.065987063 -0.977871462 0.198527357
vn -0.312622106 -0.897018584 0.312450122
vn -0.404598827 -0.529734137 0.745440496
vn -0.312622106 -0.897018584 0.312450122
vn 0.065987063 -0.977871462 0.198527357
vn 0.762253036 -0.634532969 -0.127821048
vn -0.312622106 -0.897018584 0.312450122
vn 0.762253036 -0.634532969 -0.127821048
vn 0.603186682 -0.720738003 -0.341617561
vn -0.784060314 -0.566700599 0.253179492
vn -0.756180729 -0.124096130 0.642488020
vn -0.312622106 -0.897018584 0.312450122
vn 0.168138922 -0.980604024 0.100722639
vn 0.984220226 -0.137019097 -0.111965680
vn 0.995725208 -0.088162312 0.027544800
vn -0.266303793 -0.963071147 -0.039702087
vn -0.225322244 -0.962058781 -0.153859639
vn -0.609677069 -0.791818517 -0.036294742
vn 0.116377740 -0.976737592 -0.180110792
vn -0.266303793 -0.963071147 -0.039702087
vn 0.142780762 -0.987392577 0.068334133
vn -0.266303793 -0.963071147 -0.039702087
vn 0.116377740 -0.976737592 -0.180110792
vn -0.225322244 -0.962058781 -0.153859639
vn -0.266303793 -0.963071147 -0.039702087
vn -0.609677069 -0.791818517 -0.036294742
vn -0.536710779 -0.824321531 0.180098732
vn -0.321543919 0.083118394 -0.943239546
vn -0.262297694 -0.862887695 -0.432000862
vn 0.136231727 0.187082890 -0.972851946
vn -0.285536668 -0.690383942 -0.664709578
vn -0.218466851 -0.968430310 -0.120062359
vn 0.115416416 -0.988702373 -0.095638213
vn -0.390368190 -0.874395961 -0.288174218
vn -0.605856271 -0.739227617 -0.294076026
vn -0.576399329 -0.799258509 -0.170145965
vn -0.285536668 -0.690383942 -0.664709578
vn -0.507666775 -0.676435252 -0.533582042
vn -0.390368190 -0.874395961 -0.288174218
vn -0.218466851 -0.968430310 -0.120062359
vn 0.223139463 -0.969387375 -0.102454370
vn 0.115416416 -0.988702373 -0.095638213
vn 0.223139463 -0.969387375 -0.102454370
vn -0.218466851 -0.968430310 -0.120062359
vn -0.075171058 -0.975610318 -0.206237288
vn -0.032359439 -0.999470989 -0.003257086
vn 0.538012797 -0.842488611 -0.027480356
vn 0.539304165 -0.823789541 -0.174704921
vn 0.223139463 -0.969387375 -0.102454370
vn -0.075171058 -0.975610318 -0.206237288
vn 0.140045949 -0.941235400 -0.307348424
vn 0.540217604 -0.833423371 -0.116492166
vn 0.115416416 -0.988702373 -0.095638213
vn 0.223139463 -0.969387375 -0.102454370
vn 0.115416416 -0.988702373 -0.095638213
vn 0.540217604 -0.833423371 -0.116492166
vn 0.532228593 -0.844872312 0.054069420
vn -0.390368190 -0.874395961 -0.288174218
vn -0.218466851 -0.968430310 -0.120062359
vn -0.285536668 -0.690383942 -0.664709578
vn -0.218466851 -0.968430310 -0.120062359
vn -0.390368190 -0.874395961 -0.288174218
vn -0.075171058 -0.975610318 -0.206237288
vn -0.390368190 -0.874395961 -0.288174218
vn -0.507666775 -0.676435252 -0.533582042
vn -0.605856271 -0.739227617 -0.294076026
vn -0.821285371 -0.414850202 -0.391649906
vn -0.576399329 -0.799258509 -0.170145965
vn -0.605856271 -0.739227617 -0.294076026
vn -0.576399329 -0.799258509 -0.170145965
vn -0.821285371 -0.414850202 -0.391649906
vn -0.678786912 -0.726651555 -0.105952093
vn -0.143733711 -0.980879281 -0.131211493
vn -0.075171058 -0.975610318 -0.206237288
vn -0.390368190 -0.874395961 -0.288174218
vn 0.466982807 -0.790436823 0.396404701
vn 0.142780762 -0.987392577 0.068334133
vn 0.037066179 -0.929376146 0.367268401
vn 0.142780762 -0.987392577 0.068334133
vn 0.466982807 -0.790436823 0.396404701
vn 0.522753771 -0.841532547 0.136203771
vn 0.142780762 -0.987392577 0.068334133
vn 0.539391799 -0.839738263 -0.062419038
vn 0.116377740 -0.976737592 -0.180110792
vn 0.539391799 -0.839738263 -0.062419038
vn 0.142780762 -0.987392577 0.068334133
vn 0.522753771 -0.841532547 0.136203771
vn 0.539391799 -0.839738263 -0.062419038
vn -0.032359439 -0.999470989 -0.003257086
vn 0.116377740 -0.976737592 -0.180110792
vn -0.032359439 -0.999470989 -0.003257086
vn 0.539391799 -0.839738263 -0.062419038
vn 0.538012797 -0.842488611 -0.027480356
vn 0.013872039 -0.999888988 0.005438564
vn 0.140045949 -0.941235400 -0.307348424
vn -0.075171058 -0.975610318 -0.206237288
vn -0.803936986 0.006382459 -0.594680239
vn -0.674471087 0.579445212 -0.457528140
vn -0.799349095 -0.282658057 -0.530231503
vn -0.688914515 0.714119436 0.124218446
vn -0.750668605 0.460749376 0.473504655
vn -0.742279360 -0.154255966 -0.652093895
vn -0.799349095 -0.282658057 -0.530231503
vn -0.783275020 0.577476457 -0.230219863
vn -0.901948763 -0.207032926 -0.378979942
vn -0.783275020 0.577476457 -0.230219863
vn -0.799349095 -0.282658057 -0.530231503
vn -0.674471087 0.579445212 -0.457528140
vn -0.674471087 0.579445212 -0.457528140
vn -0.803936986 0.006382459 -0.594680239
vn -0.469572221 0.810387049 -0.350392295
vn 0.115416416 -0.988702373 -0.095638213
vn 0.532228593 -0.844872312 0.054069420
vn 0.471222837 -0.658694456 -0.586575358
vn -0.456004995 0.794259175 0.401511902
vn -0.711863807 0.161783663 0.683429562
vn -0.449337041 0.746758050 0.490355624
vn 0.140045949 -0.941235400 -0.307348424
vn 0.540217604 -0.833423371 -0.116492166
vn 0.223139463 -0.969387375 -0.102454370
vn 0.540217604 -0.833423371 -0.116492166
vn 0.140045949 -0.941235400 -0.307348424
vn 0.508851487 -0.738101046 -0.443031613
vn 0.539304165 -0.823789541 -0.174704921
vn 0.140045949 -0.941235400 -0.307348424
vn 0.013872039 -0.999888988 0.005438564
vn 0.140045949 -0.941235400 -0.307348424
vn 0.539304165 -0.823789541 -0.174704921
vn 0.508851487 -0.738101046 -0.443031613
vn -0.500489490 0.862636841 -0.073266303
vn -0.369977296 0.878983520 0.300840109
vn -0.534289506 0.824932150 0.184449647
vn -0.369977296 0.878983520 0.300840109
vn -0.500489490 0.862636841 -0.073266303
vn -0.289444861 0.956019694 -0.047413259
vn -0.534289506 0.824932150 0.184449647
vn -0.783275020 0.577476457 -0.230219863
vn -0.500489490 0.862636841 -0.073266303
vn -0.783275020 0.577476457 -0.230219863
vn -0.534289506 0.824932150 0.184449647
vn -0.688914515 0.714119436 0.124218446
vn -0.783275020 0.577476457 -0.230219863
vn -0.742279360 -0.154255966 -0.652093895
vn -0.901948763 -0.207032926 -0.378979942
vn -0.742279360 -0.154255966 -0.652093895
vn -0.783275020 0.577476457 -0.230219863
vn -0.688914515 0.714119436 0.124218446
vn -0.742279360 -0.154255966 -0.652093895
vn -0.788470849 -0.566045406 -0.240637318
vn -0.901948763 -0.207032926 -0.378979942
vn -0.788470849 -0.566045406 -0.240637318
vn -0.742279360 -0.154255966 -0.652093895
vn -0.782076194 -0.552361789 -0.288536447
vn -0.782076194 -0.552361789 -0.288536447
vn -0.916865433 -0.358100592 -0.176413562
vn -0.788470849 -0.566045406 -0.240637318
vn -0.916865433 -0.358100592 -0.176413562
vn -0.782076194 -0.552361789 -0.288536447
vn -0.969104408 -0.106021909 -0.222701597
vn -0.571312678 -0.770284507 -0.283308317
vn -0.969104408 -0.106021909 -0.222701597
vn -0.471876554 -0.853287456 -0.221885185
vn -0.969104408 -0.106021909 -0.222701597
vn -0.571312678 -0.770284507 -0.283308317
vn -0.916865433 -0.358100592 -0.176413562
vn -0.041385645 -0.996399942 -0.073989087
vn 0.316222307 -0.947195461 -0.053143307
vn -0.172258755 -0.948522261 -0.265767648
vn 0.316222307 -0.947195461 -0.053143307
vn -0.041385645 -0.996399942 -0.073989087
vn 0.273684833 -0.958060638 0.084949550
vn -0.172258755 -0.948522261 -0.265767648
vn -0.571312678 -0.770284507 -0.283308317
vn -0.041385645 -0.996399942 -0.073989087
vn -0.571312678 -0.770284507 -0.283308317
vn -0.172258755 -0.948522261 -0.265767648
vn -0.653580537 -0.612592281 -0.444480797
vn 0.054404310 -0.977366384 0.204438553
vn 0.054671217 -0.991791323 0.115589924
vn 0.054955246 -0.937306982 0.344144653
vn 0.054671217 -0.991791323 0.115589924
vn 0.054404310 -0.977366384 0.204438553
vn -0.471876554 -0.853287456 -0.221885185
vn -0.471876554 -0.853287456 -0.221885185
vn 0.317462563 -0.765224767 -0.560043371
vn 0.054671217 -0.991791323 0.115589924
vn 0.317462563 -0.765224767 -0.560043371
vn -0.471876554 -0.853287456 -0.221885185
vn 0.917285255 0.255620478 -0.305361968
vn 0.317462563 -0.765224767 -0.560043371
vn 0.917285255 0.255620478 -0.305361968
vn 0.762253036 -0.634532969 -0.127821048
vn -0.842252405 0.284135369 0.458124414
vn -0.742279360 -0.154255966 -0.652093895
vn -0.750668605 0.460749376 0.473504655
vn -0.742279360 -0.154255966 -0.652093895
vn -0.842252405 0.284135369 0.458124414
vn 0.143434818 0.984521238 -0.100719338
vn 0.054955246 -0.937306982 0.344144653
vn 0.182047420 -0.926853023 0.328332470
vn 0.054404310 -0.977366384 0.204438553
vn 0.182047420 -0.926853023 0.328332470
vn 0.054955246 -0.937306982 0.344144653
vn 0.199006239 -0.937457859 0.285603361
vn -0.957733050 -0.236049417 -0.164402183
vn -0.937171971 -0.265067249 0.226821628
vn -0.824669348 -0.558182255 0.091394948
vn -0.936062498 -0.094890297 -0.338796150
vn -0.957733050 -0.236049417 -0.164402183
vn -0.973585999 -0.123558582 -0.191998903
vn -0.824669348 -0.558182255 0.091394948
vn -0.973585999 -0.123558582 -0.191998903
vn -0.957733050 -0.236049417 -0.164402183
vn -0.937171971 -0.265067249 0.226821628
vn -0.957733050 -0.236049417 -0.164402183
vn -0.903597713 0.414547502 -0.107988614
vn -0.124045395 -0.716888486 0.686063874
vn -0.503113908 -0.578121280 0.642380091
vn -0.199709568 -0.421020261 0.884792647
vn -0.199709568 -0.421020261 0.884792647
vn -0.591853167 -0.211895438 0.777695411
vn -0.439482384 0.093674343 0.893353430
vn -0.591853167 -0.211895438 0.777695411
vn -0.199709568 -0.421020261 0.884792647
vn -0.503113908 -0.578121280 0.642380091
vn -0.439482384 0.093674343 0.893353430
vn -0.591853167 -0.211895438 0.777695411
vn -0.812714610 0.431478974 0.391562074
vn -0.503113908 -0.578121280 0.642380091
vn -0.124045395 -0.716888486 0.686063874
vn -0.536710779 -0.824321531 0.180098732
vn -0.216586383 0.941477571 -0.258283415
vn -0.469572221 0.810387049 -0.350392295
vn -0.166081759 0.957435953 -0.236078898
vn -0.469572221 0.810387049 -0.350392295
vn -0.216586383 0.941477571 -0.258283415
vn -0.413478557 0.865586413 -0.282481228
vn -0.456004995 0.794259175 0.401511902
vn -0.449337041 0.746758050 0.490355624
vn -0.400425151 0.752549582 0.522808593
vn 0.210823055 -0.968729395 0.130831948
vn -0.229298336 -0.973136109 0.020697481
vn -0.103730917 -0.981237192 -0.162522212
vn -0.229298336 -0.973136109 0.020697481
vn 0.210823055 -0.968729395 0.130831948
vn 0.080243251 -0.988761917 0.126138382
vn 0.115416416 -0.988702373 -0.095638213
vn 0.471222837 -0.658694456 -0.586575358
vn -0.285536668 -0.690383942 -0.664709578
vn 0.539304165 -0.823789541 -0.174704921
vn 0.013872039 -0.999888988 0.005438564
vn -0.032359439 -0.999470989 -0.003257086
vn -0.199709568 -0.421020261 0.884792647
vn 0.188274423 -0.421111269 0.887253087
vn -0.124045395 -0.716888486 0.686063874
vn -0.439482384 0.093674343 0.893353430
vn -0.812714610 0.431478974 0.391562074
vn -0.484068874 0.684794633 0.544732628
vn -0.084059330 -0.981137941 -0.174075756
vn -0.073262500 -0.994809116 -0.070621729
vn -0.239225993 -0.964622079 -0.110793359
vn -0.073262500 -0.994809116 -0.070621729
vn -0.084059330 -0.981137941 -0.174075756
vn -0.114462227 -0.982426424 -0.147433780
vn 0.094935406 -0.995440129 0.009285395
vn -0.114462227 -0.982426424 -0.147433780
vn -0.084059330 -0.981137941 -0.174075756
vn -0.114462227 -0.982426424 -0.147433780
vn 0.094935406 -0.995440129 0.009285395
vn -0.207228947 -0.977059678 -0.049097334
vn 0.004044424 -0.998447808 0.055548340
vn -0.207228947 -0.977059678 -0.049097334
vn 0.094935406 -0.995440129 0.009285395
vn -0.207228947 -0.977059678 -0.049097334
vn 0.004044424 -0.998447808 0.055548340
vn -0.360816473 -0.930312968 -0.065797071
vn -0.189879755 -0.980846827 -0.043418672
vn -0.360816473 -0.930312968 -0.065797071
vn 0.004044424 -0.998447808 0.055548340
vn -0.360816473 -0.930312968 -0.065797071
vn -0.189879755 -0.980846827 -0.043418672
vn -0.521174033 -0.843269173 -0.131433363
vn 0.005655056 -0.999512521 0.030704094
vn -0.189879755 -0.980846827 -0.043418672
vn -0.101659562 -0.988029325 -0.116031833
vn -0.239225993 -0.964622079 -0.110793359
vn -0.060202052 -0.997597260 -0.034284390
vn -0.345692338 -0.928154280 -0.137936365
vn -0.060202052 -0.997597260 -0.034284390
vn -0.239225993 -0.964622079 -0.110793359
vn -0.073262500 -0.994809116 -0.070621729
vn -0.076961558 0.991972944 0.100332432
vn -0.675849140 0.733714690 -0.069933494
vn -0.706573429 0.681521785 -0.190478464
vn -0.675849140 0.733714690 -0.069933494
vn -0.076961558 0.991972944 0.100332432
vn 0.087682057 0.992007558 0.090735115
vn 0.087682057 0.992007558 0.090735115
vn -0.788114704 0.605772624 0.109154667
vn -0.675849140 0.733714690 -0.069933494
vn -0.788114704 0.605772624 0.109154667
vn 0.087682057 0.992007558 0.090735115
vn 0.009048085 0.997088312 0.075716779
vn -0.426471853 0.901134811 -0.077960320
vn -0.788114704 0.605772624 0.109154667
vn 0.009048085 0.997088312 0.075716779
vn -0.788114704 0.605772624 0.109154667
vn -0.426471853 0.901134811 -0.077960320
vn -0.767508734 0.634949796 -0.088142495
vn -0.426471853 0.901134811 -0.077960320
vn -0.771684675 0.591214035 -0.234454103
vn -0.767508734 0.634949796 -0.088142495
vn -0.771684675 0.591214035 -0.234454103
vn -0.426471853 0.901134811 -0.077960320
vn -0.226292701 0.966292318 -0.122763060
vn 0.001639077 0.952286007 -0.305202679
vn -0.284835976 0.938776642 -0.193821780
vn 0.084395375 0.991394678 -0.100070042
vn -0.284835976 0.938776642 -0.193821780
vn -0.226292701 0.966292318 -0.122763060
vn 0.084395375 0.991394678 -0.100070042
vn -0.969104408 -0.106021909 -0.222701597
vn -0.782076194 -0.552361789 -0.288536447
vn -0.742279360 -0.154255966 -0.652093895
vn -0.101659562 -0.988029325 -0.116031833
vn -0.189879755 -0.980846827 -0.043418672
vn 0.168138922 -0.980604024 0.100722639
vn -0.189879755 -0.980846827 -0.043418672
vn 0.005655056 -0.999512521 0.030704094
vn -0.521174033 -0.843269173 -0.131433363
vn 0.004044424 -0.998447808 0.055548340
vn 0.168138922 -0.980604024 0.100722639
vn -0.189879755 -0.980846827 -0.043418672
vn 0.168138922 -0.980604024 0.100722639
vn 0.004044424 -0.998447808 0.055548340
vn 0.409049693 -0.906665471 0.103131338
vn 0.094935406 -0.995440129 0.009285395
vn 0.409049693 -0.906665471 0.103131338
vn 0.004044424 -0.998447808 0.055548340
vn 0.409049693 -0.906665471 0.103131338
vn 0.094935406 -0.995440129 0.009285395
vn 0.253986755 -0.958653130 -0.128354608
vn -0.084059330 -0.981137941 -0.174075756
vn 0.253986755 -0.958653130 -0.128354608
vn 0.094935406 -0.995440129 0.009285395
vn 0.253986755 -0.958653130 -0.128354608
vn -0.084059330 -0.981137941 -0.174075756
vn -0.063249521 -0.955208696 -0.289094871
vn -0.239225993 -0.964622079 -0.110793359
vn -0.063249521 -0.955208696 -0.289094871
vn -0.084059330 -0.981137941 -0.174075756
vn -0.063249521 -0.955208696 -0.289094871
vn -0.239225993 -0.964622079 -0.110793359
vn -0.029517885 -0.974629926 -0.221867531
vn -0.345692338 -0.928154280 -0.137936365
vn -0.029517885 -0.974629926 -0.221867531
vn -0.239225993 -0.964622079 -0.110793359
vn -0.029517885 -0.974629926 -0.221867531
vn -0.345692338 -0.928154280 -0.137936365
vn 0.185229222 -0.964033957 0.190600799
vn 0.005655056 -0.999512521 0.030704094
vn 0.077135109 -0.986452975 0.144778113
vn -0.521174033 -0.843269173 -0.131433363
vn 0.077135109 -0.986452975 0.144778113
vn 0.005655056 -0.999512521 0.030704094
vn 0.244164456 -0.961402037 0.126845743
vn -0.360816473 -0.930312968 -0.065797071
vn 0.077135109 -0.986452975 0.144778113
vn -0.012839548 -0.996078102 0.087541770
vn 0.077135109 -0.986452975 0.144778113
vn -0.360816473 -0.930312968 -0.065797071
vn -0.521174033 -0.843269173 -0.131433363
vn -0.207228947 -0.977059678 -0.049097334
vn -0.012839548 -0.996078102 0.087541770
vn -0.042470364 -0.998983287 -0.015121546
vn -0.012839548 -0.996078102 0.087541770
vn -0.207228947 -0.977059678 -0.049097334
vn -0.360816473 -0.930312968 -0.065797071
vn -0.114462227 -0.982426424 -0.147433780
vn -0.042470364 -0.998983287 -0.015121546
vn 0.120969153 -0.976085233 -0.180621375
vn -0.042470364 -0.998983287 -0.015121546
vn -0.114462227 -0.982426424 -0.147433780
vn -0.207228947 -0.977059678 -0.049097334
vn -0.073262500 -0.994809116 -0.070621729
vn 0.120969153 -0.976085233 -0.180621375
vn 0.184381172 -0.982288154 -0.033370141
vn 0.120969153 -0.976085233 -0.180621375
vn -0.073262500 -0.994809116 -0.070621729
vn -0.114462227 -0.982426424 -0.147433780
vn -0.060202052 -0.997597260 -0.034284390
vn 0.184381172 -0.982288154 -0.033370141
vn 0.275616143 -0.961255757 -0.004807458
vn 0.184381172 -0.982288154 -0.033370141
vn -0.060202052 -0.997597260 -0.034284390
vn -0.073262500 -0.994809116 -0.070621729
vn 0.479305443 0.865498936 0.145526232
vn 0.135621841 0.983143037 -0.122623344
vn 0.384596691 0.923015640 -0.011292218
vn 0.135621841 0.983143037 -0.122623344
vn 0.479305443 0.865498936 0.145526232
vn 0.192290743 0.943404426 -0.270207992
vn 0.384596691 0.923015640 -0.011292218
vn 0.127609404 0.991488243 0.025824501
vn 0.256836116 0.960699023 0.105321399
vn 0.127609404 0.991488243 0.025824501
vn 0.384596691 0.923015640 -0.011292218
vn 0.135621841 0.983143037 -0.122623344
vn 0.127609404 0.991488243 0.025824501
vn 0.167647639 0.927494949 0.334136782
vn 0.256836116 0.960699023 0.105321399
vn 0.167647639 0.927494949 0.334136782
vn 0.127609404 0.991488243 0.025824501
vn -0.104689491 0.992654403 0.060641132
vn -0.175254711 0.984208306 -0.024895720
vn 0.167647639 0.927494949 0.334136782
vn -0.104689491 0.992654403 0.060641132
vn 0.167647639 0.927494949 0.334136782
vn -0.175254711 0.984208306 -0.024895720
vn 0.198351354 0.975780475 0.092245352
vn -0.090088951 0.995835885 0.013959640
vn 0.198351354 0.975780475 0.092245352
vn -0.175254711 0.984208306 -0.024895720
vn 0.198351354 0.975780475 0.092245352
vn -0.090088951 0.995835885 0.013959640
vn 0.187425940 0.978924302 0.081109353
vn 0.084395375 0.991394678 -0.100070042
vn -0.226292701 0.966292318 -0.122763060
vn 0.187115409 0.974110640 -0.126871131
vn 0.148875851 0.986225097 -0.072083560
vn -0.226292701 0.966292318 -0.122763060
vn -0.426471853 0.901134811 -0.077960320
vn -0.226292701 0.966292318 -0.122763060
vn 0.148875851 0.986225097 -0.072083560
vn 0.187115409 0.974110640 -0.126871131
vn 0.009048085 0.997088312 0.075716779
vn 0.148875851 0.986225097 -0.072083560
vn -0.426471853 0.901134811 -0.077960320
vn 0.148875851 0.986225097 -0.072083560
vn 0.009048085 0.997088312 0.075716779
vn 0.097284046 0.995237437 0.006185375
vn 0.087682057 0.992007558 0.090735115
vn 0.097284046 0.995237437 0.006185375
vn 0.009048085 0.997088312 0.075716779
vn 0.097284046 0.995237437 0.006185375
vn 0.087682057 0.992007558 0.090735115
vn 0.090885920 0.994032374 -0.060327343
vn 0.094828744 0.995483429 -0.004500201
vn 0.087682057 0.992007558 0.090735115
vn -0.076961558 0.991972944 0.100332432
vn 0.087682057 0.992007558 0.090735115
vn 0.094828744 0.995483429 -0.004500201
vn 0.090885920 0.994032374 -0.060327343
vn 0.135621841 0.983143037 -0.122623344
vn 0.192290743 0.943404426 -0.270207992
vn 0.084395375 0.991394678 -0.100070042
vn 0.192290743 0.943404426 -0.270207992
vn 0.001639077 0.952286007 -0.305202679
vn 0.084395375 0.991394678 -0.100070042
vn -0.846777491 0.513082649 -0.140406821
vn -0.226292701 0.966292318 -0.122763060
vn -0.284835976 0.938776642 -0.193821780
vn -0.226292701 0.966292318 -0.122763060
vn -0.846777491 0.513082649 -0.140406821
vn -0.771684675 0.591214035 -0.234454103
f 3/3/3 2/2/2 1/1/1
f 6/6/6 5/5/5 4/4/4
f 9/9/9 8/8/8 7/7/7
f 12/12/12 11/11/11 10/10/10
f 15/15/15 14/14/14 13/13/13
f 18/18/18 17/17/17 16/16/16
f 21/21/21 20/20/20 19/19/19
f 24/24/24 23/23/23 22/22/22
f 27/27/27 26/26/26 25/25/25
f 30/30/30 29/29/29 28/28/28
f 33/33/33 32/32/32 31/31/31
f 36/36/36 35/35/35 34/34/34
f 39/39/39 38/38/38 37/37/37
f 42/42/42 41/41/41 40/40/40
f 45/45/45 44/44/44 43/43/43
f 48/48/48 47/47/47 46/46/46
f 51/51/51 50/50/50 49/49/49
f 54/54/54 53/53/53 52/52/52
f 57/57/57 56/56/56 55/55/55
f 60/60/60 59/59/59 58/58/58
f 63/63/63 62/62/62 61/61/61
f 66/66/66 65/65/65 64/64/64
f 69/69/69 68/68/68 67/67/67
f 72/72/72 71/71/71 70/70/70
f 75/75/75 74/74/74 73/73/73
f 78/78/78 77/77/77 76/76/76
f 81/81/81 80/80/80 79/79/79
f 84/84/84 83/83/83 82/82/82
f 87/87/87 86/86/86 85/85/85
f 90/90/90 89/89/89 88/88/88
f 93/93/93 92/92/92 91/91/91
f 96/96/96 95/95/95 94/94/94
f 99/99/99 98/98/98 97/97/97
f 102/102/102 101/101/101 100/100/100
f 105/105/105 104/104/104 103/103/103
f 108/108/108 107/107/107 106/106/106
f 111/111/111 110/110/110 109/109/109
f 114/114/114 113/113/113 112/112/112
f 117/117/117 116/116/116 115/115/115
f 120/120/120 119/119/119 118/118/118
f 123/123/123 122/122/122 121/121/121
f 126/126/126 125/125/125 124/124/124
f 129/129/129 128/128/128 127/127/127
f 132/132/132 131/131/131 130/130/130
f 135/135/135 134/134/134 133/133/133
f 138/138/138 137/137/137 136/136/136
f 141/141/141 140/140/140 139/139/139
f 144/144/144 143/143/143 142/142/142
f 147/147/147 146/146/146 145/145/145
f 150/150/150 149/149/149 148/148/148
f 153/153/153 152/152/152 151/151/151
f 156/156/156 155/155/155 154/154/154
f 159/159/159 158/158/158 157/157/157
f 162/162/162 161/161/161 160/160/160
f 165/165/165 164/164/164 163/163/163
f 168/168/168 167/167/167 166/166/166
f 171/171/171 170/170/170 169/169/169
f 174/174/174 173/173/173 172/172/172
f 177/177/177 176/176/176 175/175/175
f 180/180/180 179/179/179 178/178/178
f 183/183/183 182/182/182 181/181/181
f 186/186/186 185/185/185 184/184/184
f 189/189/189 188/188/188 187/187/187
f 192/192/192 191/191/191 190/190/190
f 195/195/195 194/194/194 193/193/193
f 198/198/198 197/197/197 196/196/196
f 201/201/201 200/200/200 199/199/199
f 204/204/204 203/203/203 202/202/202
f 207/207/207 206/206/206 205/205/205
f 210/210/210 209/209/209 208/208/208
f 213/213/213 212/212/212 211/211/211
f 216/216/216 215/215/215 214/214/214
f 219/219/219 218/218/218 217/217/217
f 222/222/222 221/221/221 220/220/220
f 225/225/225 224/224/224 223/223/223
f 228/228/228 227/227/227 226/226/226
f 231/231/231 230/230/230 229/229/229
f 234/234/234 233/233/233 232/232/232
f 237/237/237 236/236/236 235/235/235
f 240/240/240 239/239/239 238/238/238
f 243/243/243 242/242/242 241/241/241
f 246/246/246 245/245/245 244/244/244
f 249/249/249 248/248/248 247/247/247
f 252/252/252 251/251/251 250/250/250
f 255/255/255 254/254/254 253/253/253
f 258/258/258 257/257/257 256/256/256
f 261/261/261 260/260/260 259/259/259
f 264/264/264 263/263/263 262/262/262
f 267/267/267 266/266/266 265/265/265
f 270/270/270 269/269/269 268/268/268
f 273/273/273 272/272/272 271/271/271
f 276/276/276 275/275/275 274/274/274
f 279/279/279 278/278/278 277/277/277
f 282/282/282 281/281/281 280/280/280
f 285/285/285 284/284/284 283/283/283
f 288/288/288 287/287/287 286/286/286
f 291/291/291 290/290/290 289/289/289
f 294/294/294 293/293/293 292/292/292
f 297/297/297 296/296/296 295/295/295
f 300/300/300 299/299/299 298/298/298
f 303/303/303 302/302/302 301/301/301
f 306/306/306 305/305/305 304/304/304
f 309/309/309 308/308/308 307/307/307
f 312/312/312 311/311/311 310/310/310
f 315/315/315 314/314/314 313/313/313
f 318/318/318 317/317/317 316/316/316
f 321/321/321 320/320/320 319/319/319
f 324/324/324 323/323/323 322/322/322
f 327/327/327 326/326/326 325/325/325
f 330/330/330 329/329/329 328/328/328
f 333/333/333 332/332/332 331/331/331
f 336/336/336 335/335/335 334/334/334
f 339/339/339 338/338/338 337/337/337
f 342/342/342 341/341/341 340/340/340
f 345/345/345 344/344/344 343/343/343
f 348/348/348 347/347/347 346/346/346
f 351/351/351 350/350/350 349/349/349
f 354/354/354 353/353/353 352/352/352
f 357/357/357 356/356/356 355/355/355
f 360/360/360 359/359/359 358/358/358
f 363/363/363 362/362/362 361/361/361
f 366/366/366 365/365/365 364/364/364
f 369/369/369 368/368/368 367/367/367
f 372/372/372 371/371/371 370/370/370
f 375/375/375 374/374/374 373/373/373
f 378/378/378 377/377/377 376/376/376
f 381/381/381 380/380/380 379/379/379
f 384/384/384 383/383/383 382/382/382
f 387/387/387 386/386/386 385/385/385
f 390/390/390 389/389/389 388/388/388
f 393/393/393 392/392/392 391/391/391
f 396/396/396 395/395/395 394/394/394
f 399/399/399 398/398/398 397/397/397
f 402/402/402 401/401/401 400/400/400
f 405/405/405 404/404/404 403/403/403
f 408/408/408 407/407/407 406/406/406
f 411/411/411 410/410/410 409/409/409
f 414/414/414 413/413/413 412/412/412
f 417/417/417 416/416/416 415/415/415
f 420/420/420 419/419/419 418/418/418
f 423/423/423 422/422/422 421/421/421
f 426/426/426 425/425/425 424/424/424
f 429/429/429 428/428/428 427/427/427
f 432/432/432 431/431/431 430/430/430
f 435/435/435 434/434/434 433/433/433
f 438/438/438 437/437/437 436/436/436
f 441/441/441 440/440/440 439/439/439
f 444/444/444 443/443/443 442/442/442
f 447/447/447 446/446/446 445/445/445
f 450/450/450 449/449/449 448/448/448
f 453/453/453 452/452/452 451/451/451
f 456/456/456 455/455/455 454/454/454
f 459/459/459 458/458/458 457/457/457
f 462/462/462 461/461/461 460/460/460
f 465/465/465 464/464/464 463/463/463
f 468/468/468 467/467/467 466/466/466
f 471/471/471 470/470/470 469/469/469
f 474/474/474 473/473/473 472/472/472
f 477/477/477 476/476/476 475/475/475
f 480/480/480 479/479/479 478/478/478
f 483/483/483 482/482/482 481/481/481
f 486/486/486 485/485/485 484/484/484
f 489/489/489 488/488/488 487/487/487
f 492/492/492 491/491/491 490/490/490
f 495/495/495 494/494/494 493/493/493
f 498/498/498 497/497/497 496/496/496
f 501/501/501 500/500/500 499/499/499
f 504/504/504 503/503/503 502/502/502
f 507/507/507 506/506/506 505/505/505
f 510/510/510 509/509/509 508/508/508
f 513/513/513 512/512/512 511/511/511
f 516/516/516 515/515/515 514/514/514
f 519/519/519 518/518/518 517/517/517
f 522/522/522 521/521/521 520/520/520
f 525/525/525 524/524/524 523/523/523
f 528/528/528 527/527/527 526/526/526
f 531/531/531 530/530/530 529/529/529
f 534/534/534 533/533/533 532/532/532
f 537/537/537 536/536/536 535/535/535
f 540/540/540 539/539/539 538/538/538
f 543/543/543 542/542/542 541/541/541
f 546/546/546 545/545/545 544/544/544
f 549/549/549 548/548/548 547/547/547
f 552/552/552 551/551/551 550/550/550
f 555/555/555 554/554/554 553/553/553
f 558/558/558 557/557/557 556/556/556
f 561/561/561 560/560/560 559/559/559
f 564/564/564 563/563/563 562/562/562
f 567/567/567 566/566/566 565/565/565
f 570/570/570 569/569/569 568/568/568
f 573/573/573 572/572/572 571/571/571
f 576/576/576 575/575/575 574/574/574
f 579/579/579 578/578/578 577/577/577
f 582/582/582 581/581/581 580/580/580
f 585/585/585 584/584/584 583/583/583
f 588/588/588 587/587/587 586/586/586
f 591/591/591 590/590/590 589/589/589
f 594/594/594 593/593/593 592/592/592
f 597/597/597 596/596/596 595/595/595
f 600/600/600 599/599/599 598/598/598
f 603/603/603 602/602/602 601/601/601
f 606/606/606 605/605/605 604/604/604
f 609/609/609 608/608/608 607/607/607
f 612/612/612 611/611/611 610/610/610
f 615/615/615 614/614/614 613/613/613
f 618/618/618 617/617/617 616/616/616
f 621/621/621 620/620/620 619/619/619
f 624/624/624 623/623/623 622/622/622
f 627/627/627 626/626/626 625/625/625
f 630/630/630 629/629/629 628/628/628
f 633/633/633 632/632/632 631/631/631
f 636/636/636 635/635/635 634/634/634
f 639/639/639 638/638/638 637/637/637
f 642/642/642 641/641/641 640/640/640
f 645/645/645 644/644/644 643/643/643
f 648/648/648 647/647/647 646/646/646
f 651/651/651 650/650/650 649/649/649
f 654/654/654 653/653/653 652/652/652
f 657/657/657 656/656/656 655/655/655
f 660/660/660 659/659/659 658/658/658
f 663/663/663 662/662/662 661/661/661
f 666/666/666 665/665/665 664/664/664
f 669/669/669 668/668/668 667/667/667
f 672/672/672 671/671/671 670/670/670
f 675/675/675 674/674/674 673/673/673
f 678/678/678 677/677/677 676/676/676
f 681/681/681 680/680/680 679/679/679
f 684/684/684 683/683/683 682/682/682
f 687/687/687 686/686/686 685/685/685
f 690/690/690 689/689/689 688/688/688
f 693/693/693 692/692/692 691/691/691
f 696/696/696 695/695/695 694/694/694
f 699/699/699 698/698/698 697/697/697
f 702/702/702 701/701/701 700/700/700
f 705/705/705 704/704/704 703/703/703
f 708/708/708 707/707/707 706/706/706
f 711/711/711 710/710/710 709/709/709
f 714/714/714 713/713/713 712/712/712
f 717/717/717 716/716/716 715/715/715
f 720/720/720 719/719/719 718/718/718
f 723/723/723 722/722/722 721/721/721
f 726/726/726 725/725/725 724/724/724
f 729/729/729 728/728/728 727/727/727
f 732/732/732 731/731/731 730/730/730
f 735/735/735 734/734/734 733/733/733
f 738/738/738 737/737/737 736/736/736
f 741/741/741 740/740/740 739/739/739
f 744/744/744 743/743/743 742/742/742
f 747/747/747 746/746/746 745/745/745
f 750/750/750 749/749/749 748/748/748
f 753/753/753 752/752/752 751/751/751
f 756/756/756 755/755/755 754/754/754
f 759/759/759 758/758/758 757/757/757
f 762/762/762 761/761/761 760/760/760
f 765/765/765 764/764/764 763/763/763
f 768/768/768 767/767/767 766/766/766
f 771/771/771 770/770/770 769/769/769
f 774/774/774 773/773/773 772/772/772
f 777/777/777 776/776/776 775/775/775
f 780/780/780 779/779/779 778/778/778
f 783/783/783 782/782/782 781/781/781
f 786/786/786 785/785/785 784/784/784
f 789/789/789 788/788/788 787/787/787
f 792/792/792 791/791/791 790/790/790
f 795/795/795 794/794/794 793/793/793
f 798/798/798 797/797/797 796/796/796
f 801/801/801 800/800/800 799/799/799
f 804/804/804 803/803/803 802/802/802
f 807/807/807 806/806/806 805/805/805
f 810/810/810 809/809/809 808/808/808
f 813/813/813 812/812/812 811/811/811
f 816/816/816 815/815/815 814/814/814
f 819/819/819 818/818/818 817/817/817
f 822/822/822 821/821/821 820/820/820
f 825/825/825 824/824/824 823/823/823
f 828/828/828 827/827/827 826/826/826
f 831/831/831 830/830/830 829/829/829
f 834/834/834 833/833/833 832/832/832
f 837/837/837 836/836/836 835/835/835
f 840/840/840 839/839/839 838/838/838
f 843/843/843 842/842/842 841/841/841
f 846/846/846 845/845/845 844/844/844
f 849/849/849 848/848/848 847/847/847
f 852/852/852 851/851/851 850/850/850
f 855/855/855 854/854/854 853/853/853
f 858/858/858 857/857/857 856/856/856
f 861/861/861 860/860/860 859/859/859
f 864/864/864 863/863/863 862/862/862
f 867/867/867 866/866/866 865/865/865
f 870/870/870 869/869/869 868/868/868
f 873/873/873 872/872/872 871/871/871
f 876/876/876 875/875/875 874/874/874
f 879/879/879 878/878/878 877/877/877
f 882/882/882 881/881/881 880/880/880
f 885/885/885 884/884/884 883/883/883
f 888/888/888 887/887/887 886/886/886
f 891/891/891 890/890/890 889/889/889
f 894/894/894 893/893/893 892/892/892
f 897/897/897 896/896/896 895/895/895
f 900/900/900 899/899/899 898/898/898
f 903/903/903 902/902/902 901/901/901
f 906/906/906 905/905/905 904/904/904
f 909/909/909 908/908/908 907/907/907
f 912/912/912 911/911/911 910/910/910
f 915/915/915 914/914/914 913/913/913
f 918/918/918 917/917/917 916/916/916
f 921/921/921 920/920/920 919/919/919
f 924/924/924 923/923/923 922/922/922
f 927/927/927 926/926/926 925/925/925
f 930/930/930 929/929/929 928/928/928
f 933/933/933 932/932/932 931/931/931
f 936/936/936 935/935/935 934/934/934
f 939/939/939 938/938/938 937/937/937
f 942/942/942 941/941/941 940/940/940
f 945/945/945 944/944/944 943/943/943
f 948/948/948 947/947/947 946/946/946
f 951/951/951 950/950/950 949/949/949
f 954/954/954 953/953/953 952/952/952
f 957/957/957 956/956/956 955/955/955
f 960/960/960 959/959/959 958/958/958
f 963/963/963 962/962/962 961/961/961
f 966/966/966 965/965/965 964/964/964
f 969/969/969 968/968/968 967/967/967
f 972/972/972 971/971/971 970/970/970
f 975/975/975 974/974/974 973/973/973
f 978/978/978 977/977/977 976/976/976
f 981/981/981 980/980/980 979/979/979
f 984/984/984 983/983/983 982/982/982
f 987/987/987 986/986/986 985/985/985
f 990/990/990 989/989/989 988/988/988
f 993/993/993 992/992/992 991/991/991
f 996/996/996 995/995/995 994/994/994
f 999/999/999 998/998/998 997/997/997
f 1002/1002/1002 1001/1001/1001 1000/1000/1000
f 1005/1005/1005 1004/1004/1004 1003/1003/1003
f 1008/1008/1008 1007/1007/1007 1006/1006/1006
f 1011/1011/1011 1010/1010/1010 1009/1009/1009
f 1014/1014/1014 1013/1013/1013 1012/1012/1012
f 1017/1017/1017 1016/1016/1016 1015/1015/1015
f 1020/1020/1020 1019/1019/1019 1018/1018/1018
f 1023/1023/1023 1022/1022/1022 1021/1021/1021
f 1026/1026/1026 1025/1025/1025 1024/1024/1024
f 1029/1029/1029 1028/1028/1028 1027/1027/1027
f 1032/1032/1032 1031/1031/1031 1030/1030/1030
f 1035/1035/1035 1034/1034/1034 1033/1033/1033
f 1038/1038/1038 1037/1037/1037 1036/1036/1036
f 1041/1041/1041 1040/1040/1040 1039/1039/1039
f 1044/1044/1044 1043/1043/1043 1042/1042/1042
f 1047/1047/1047 1046/1046/1046 1045/1045/1045
f 1050/1050/1050 1049/1049/1049 1048/1048/1048
f 1053/1053/1053 1052/1052/1052 1051/1051/1051
f 1056/1056/1056 1055/1055/1055 1054/1054/1054
f 1059/1059/1059 1058/1058/1058 1057/1057/1057
f 1062/1062/1062 1061/1061/1061 1060/1060/1060
f 1065/1065/1065 1064/1064/1064 1063/1063/1063
f 1068/1068/1068 1067/1067/1067 1066/1066/1066
f 1071/1071/1071 1070/1070/1070 1069/1069/1069
f 1074/1074/1074 1073/1073/1073 1072/1072/1072
f 1077/1077/1077 1076/1076/1076 1075/1075/1075
f 1080/1080/1080 1079/1079/1079 1078/1078/1078
f 1083/1083/1083 1082/1082/1082 1081/1081/1081
f 1086/1086/1086 1085/1085/1085 1084/1084/1084
f 1089/1089/1089 1088/1088/1088 1087/1087/1087
f 1092/1092/1092 1091/1091/1091 1090/1090/1090
f 1095/1095/1095 1094/1094/1094 1093/1093/1093
f 1098/1098/1098 1097/1097/1097 1096/1096/1096
f 1101/1101/1101 1100/1100/1100 1099/1099/1099
f 1104/1104/1104 1103/1103/1103 1102/1102/1102
f 1107/1107/1107 1106/1106/1106 1105/1105/1105
f 1110/1110/1110 1109/1109/1109 1108/1108/1108
f 1113/1113/1113 1112/1112/1112 1111/1111/1111
f 1116/1116/1116 1115/1115/1115 1114/1114/1114
f 1119/1119/1119 1118/1118/1118 1117/1117/1117
f 1122/1122/1122 1121/1121/1121 1120/1120/1120
f 1125/1125/1125 1124/1124/1124 1123/1123/1123
f 1128/1128/1128 1127/1127/1127 1126/1126/1126
f 1131/1131/1131 1130/1130/1130 1129/1129/1129
f 1134/1134/1134 1133/1133/1133 1132/1132/1132
f 1137/1137/1137 1136/1136/1136 1135/1135/1135
f 1140/1140/1140 1139/1139/1139 1138/1138/1138
f 1143/1143/1143 1142/1142/1142 1141/1141/1141
f 1146/1146/1146 1145/1145/1145 1144/1144/1144
f 1149/1149/1149 1148/1148/1148 1147/1147/1147
f 1152/1152/1152 1151/1151/1151 1150/1150/1150
f 1155/1155/1155 1154/1154/1154 1153/1153/1153
f 1158/1158/1158 1157/1157/1157 1156/1156/1156
f 1161/1161/1161 1160/1160/1160 1159/1159/1159
f 1164/1164/1164 1163/1163/1163 1162/1162/1162
f 1167/1167/1167 1166/1166/1166 1165/1165/1165
f 1170/1170/1170 1169/1169/1169 1168/1168/1168
f 1173/1173/1173 1172/1172/1172 1171/1171/1171
f 1176/1176/1176 1175/1175/1175 1174/1174/1174
f 1179/1179/1179 1178/1178/1178 1177/1177/1177
f 1182/1182/1182 1181/1181/1181 1180/1180/1180
f 1185/1185/1185 1184/1184/1184 1183/1183/1183
f 1188/1188/1188 1187/1187/1187 1186/1186/1186
f 1191/1191/1191 1190/1190/1190 1189/1189/1189
f 1194/1194/1194 1193/1193/1193 1192/1192/1192
f 1197/1197/1197 1196/1196/1196 1195/1195/1195
f 1200/1200/1200 1199/1199/1199 1198/1198/1198
f 1203/1203/1203 1202/1202/1202 1201/1201/1201
f 1206/1206/1206 1205/1205/1205 1204/1204/1204
f 1209/1209/1209 1208/1208/1208 1207/1207/1207
f 1212/1212/1212 1211/1211/1211 1210/1210/1210
f 1215/1215/1215 1214/1214/1214 1213/1213/1213
f 1218/1218/1218 1217/1217/1217 1216/1216/1216
f 1221/1221/1221 1220/1220/1220 1219/1219/1219
f 1224/1224/1224 1223/1223/1223 1222/1222/1222
f 1227/1227/1227 1226/1226/1226 1225/1225/1225
f 1230/1230/1230 1229/1229/1229 1228/1228/1228
f 1233/1233/1233 1232/1232/1232 1231/1231/1231
f 1236/1236/1236 1235/1235/1235 1234/1234/1234
f 1239/1239/1239 1238/1238/1238 1237/1237/1237
f 1242/1242/1242 1241/1241/1241 1240/1240/1240
f 1245/1245/1245 1244/1244/1244 1243/1243/1243
f 1248/1248/1248 1247/1247/1247 1246/1246/1246
f 1251/1251/1251 1250/1250/1250 1249/1249/1249
f 1254/1254/1254 1253/1253/1253 1252/1252/1252
f 1257/1257/1257 1256/1256/1256 1255/1255/1255
f 1260/1260/1260 1259/1259/1259 1258/1258/1258
f 1263/1263/1263 1262/1262/1262 1261/1261/1261
f 1266/1266/1266 1265/1265/1265 1264/1264/1264
f 1269/1269/1269 1268/1268/1268 1267/1267/1267
f 1272/1272/1272 1271/1271/1271 1270/1270/1270
f 1275/1275/1275 1274/1274/1274 1273/1273/1273
f 1278/1278/1278 1277/1277/1277 1276/1276/1276
f 1281/1281/1281 1280/1280/1280 1279/1279/1279
f 1284/1284/1284 1283/1283/1283 1282/1282/1282
f 1287/1287/1287 1286/1286/1286 1285/1285/1285
f 1290/1290/1290 1289/1289/1289 1288/1288/1288
f 1293/1293/1293 1292/1292/1292 1291/1291/1291
f 1296/1296/1296 1295/1295/1295 1294/1294/1294
f 1299/1299/1299 1298/1298/1298 1297/1297/1297
f 1302/1302/1302 1301/1301/1301 1300/1300/1300
f 1305/1305/1305 1304/1304/1304 1303/1303/1303
f 1308/1308/1308 1307/1307/1307 1306/1306/1306
f 1311/1311/1311 1310/1310/1310 1309/1309/1309
f 1314/1314/1314 1313/1313/1313 1312/1312/1312
f 1317/1317/1317 1316/1316/1316 1315/1315/1315
f 1320/1320/1320 1319/1319/1319 1318/1318/1318
f 1323/1323/1323 1322/1322/1322 1321/1321/1321
f 1326/1326/1326 1325/1325/1325 1324/1324/1324
f 1329/1329/1329 1328/1328/1328 1327/1327/1327
f 1332/1332/1332 1331/1331/1331 1330/1330/1330
f 1335/1335/1335 1334/1334/1334 1333/1333/1333
f 1338/1338/1338 1337/1337/1337 1336/1336/1336
f 1341/1341/1341 1340/1340/1340 1339/1339/1339
f 1344/1344/1344 1343/1343/1343 1342/1342/1342
f 1347/1347/1347 1346/1346/1346 1345/1345/1345
f 1350/1350/1350 1349/1349/1349 1348/1348/1348
f 1353/1353/1353 1352/1352/1352 1351/1351/1351
f 1356/1356/1356 1355/1355/1355 1354/1354/1354
f 1359/1359/1359 1358/1358/1358 1357/1357/1357
f 1362/1362/1362 1361/1361/1361 1360/1360/1360
f 1365/1365/1365 1364/1364/1364 1363/1363/1363
f 1368/1368/1368 1367/1367/1367 1366/1366/1366
f 1371/1371/1371 1370/1370/1370 1369/1369/1369
f 1374/1374/1374 1373/1373/1373 1372/1372/1372
f 1377/1377/1377 1376/1376/1376 1375/1375/1375
f 1380/1380/1380 1379/1379/1379 1378/1378/1378
f 1383/1383/1383 1382/1382/1382 1381/1381/1381
f 1386/1386/1386 1385/1385/1385 1384/1384/1384
f 1389/1389/1389 1388/1388/1388 1387/1387/1387
f 1392/1392/1392 1391/1391/1391 1390/1390/1390
f 1395/1395/1395 1394/1394/1394 1393/1393/1393
f 1398/1398/1398 1397/1397/1397 1396/1396/1396
f 1401/1401/1401 1400/1400/1400 1399/1399/1399
f 1404/1404/1404 1403/1403/1403 1402/1402/1402
f 1407/1407/1407 1406/1406/1406 1405/1405/1405
f 1410/1410/1410 1409/1409/1409 1408/1408/1408
f 1413/1413/1413 1412/1412/1412 1411/1411/1411
f 1416/1416/1416 1415/1415/1415 1414/1414/1414
f 1419/1419/1419 1418/1418/1418 1417/1417/1417
f 1422/1422/1422 1421/1421/1421 1420/1420/1420
f 1425/1425/1425 1424/1424/1424 1423/1423/1423
f 1428/1428/1428 1427/1427/1427 1426/1426/1426
f 1431/1431/1431 1430/1430/1430 1429/1429/1429
f 1434/1434/1434 1433/1433/1433 1432/1432/1432
f 1437/1437/1437 1436/1436/1436 1435/1435/1435
f 1440/1440/1440 1439/1439/1439 1438/1438/1438
f 1443/1443/1443 1442/1442/1442 1441/1441/1441
f 1446/1446/1446 1445/1445/1445 1444/1444/1444
f 1449/1449/1449 1448/1448/1448 1447/1447/1447
f 1452/1452/1452 1451/1451/1451 1450/1450/1450
f 1455/1455/1455 1454/1454/1454 1453/1453/1453
f 1458/1458/1458 1457/1457/1457 1456/1456/1456
f 1461/1461/1461 1460/1460/1460 1459/1459/1459
f 1464/1464/1464 1463/1463/1463 1462/1462/1462
f 1467/1467/1467 1466/1466/1466 1465/1465/1465
f 1470/1470/1470 1469/1469/1469 1468/1468/1468
f 1473/1473/1473 1472/1472/1472 1471/1471/1471
f 1476/1476/1476 1475/1475/1475 1474/1474/1474
f 1479/1479/1479 1478/1478/1478 1477/1477/1477
f 1482/1482/1482 1481/1481/1481 1480/1480/1480
f 1485/1485/1485 1484/1484/1484 1483/1483/1483
f 1488/1488/1488 1487/1487/1487 1486/1486/1486
f 1491/1491/1491 1490/1490/1490 1489/1489/1489
f 1494/1494/1494 1493/1493/1493 1492/1492/1492
f 1497/1497/1497 1496/1496/1496 1495/1495/1495
f 1500/1500/1500 1499/1499/1499 1498/1498/1498
f 1503/1503/1503 1502/1502/1502 1501/1501/1501
f 1506/1506/1506 1505/1505/1505 1504/1504/1504
f 1509/1509/1509 1508/1508/1508 1507/1507/1507
f 1512/1512/1512 1511/1511/1511 1510/1510/1510
f 1515/1515/1515 1514/1514/1514 1513/1513/1513
f 1518/1518/1518 1517/1517/1517 1516/1516/1516
f 1521/1521/1521 1520/1520/1520 1519/1519/1519
f 1524/1524/1524 1523/1523/1523 1522/1522/1522
f 1527/1527/1527 1526/1526/1526 1525/1525/1525
f 1530/1530/1530 1529/1529/1529 1528/1528/1528
f 1533/1533/1533 1532/1532/1532 1531/1531/1531
f 1536/1536/1536 1535/1535/1535 1534/1534/1534
f 1539/1539/1539 1538/1538/1538 1537/1537/1537
f 1542/1542/1542 1541/1541/1541 1540/1540/1540
f 1545/1545/1545 1544/1544/1544 1543/1543/1543
f 1548/1548/1548 1547/1547/1547 1546/1546/1546
f 1551/1551/1551 1550/1550/1550 1549/1549/1549
f 1554/1554/1554 1553/1553/1553 1552/1552/1552
f 1557/1557/1557 1556/1556/1556 1555/1555/1555
f 1560/1560/1560 1559/1559/1559 1558/1558/1558
f 1563/1563/1563 1562/1562/1562 1561/1561/1561
f 1566/1566/1566 1565/1565/1565 1564/1564/1564
f 1569/1569/1569 1568/1568/1568 1567/1567/1567
f 1572/1572/1572 1571/1571/1571 1570/1570/1570
f 1575/1575/1575 1574/1574/1574 1573/1573/1573
f 1578/1578/1578 1577/1577/1577 1576/1576/1576
f 1581/1581/1581 1580/1580/1580 1579/1579/1579
f 1584/1584/1584 1583/1583/1583 1582/1582/1582
f 1587/1587/1587 1586/1586/1586 1585/1585/1585
f 1590/1590/1590 1589/1589/1589 1588/1588/1588
f 1593/1593/1593 1592/1592/1592 1591/1591/1591
f 1596/1596/1596 1595/1595/1595 1594/1594/1594
f 1599/1599/1599 1598/1598/1598 1597/1597/1597
f 1602/1602/1602 1601/1601/1601 1600/1600/1600
f 1605/1605/1605 1604/1604/1604 1603/1603/1603
f 1608/1608/1608 1607/1607/1607 1606/1606/1606
f 1611/1611/1611 1610/1610/1610 1609/1609/1609
f 1614/1614/1614 1613/1613/1613 1612/1612/1612
f 1617/1617/1617 1616/1616/1616 1615/1615/1615
f 1620/1620/1620 1619/1619/1619 1618/1618/1618
f 1623/1623/1623 1622/1622/1622 1621/1621/1621
f 1626/1626/1626 1625/1625/1625 1624/1624/1624
f 1629/1629/1629 1628/1628/1628 1627/1627/1627
f 1632/1632/1632 1631/1631/1631 1630/1630/1630
f 1635/1635/1635 1634/1634/1634 1633/1633/1633
f 1638/1638/1638 1637/1637/1637 1636/1636/1636
f 1641/1641/1641 1640/1640/1640 1639/1639/1639
f 1644/1644/1644 1643/1643/1643 1642/1642/1642
f 1647/1647/1647 1646/1646/1646 1645/1645/1645
f 1650/1650/1650 1649/1649/1649 1648/1648/1648
f 1653/1653/1653 1652/1652/1652 1651/1651/1651
f 1656/1656/1656 1655/1655/1655 1654/1654/1654
f 1659/1659/1659 1658/1658/1658 1657/1657/1657
f 1662/1662/1662 1661/1661/1661 1660/1660/1660
f 1665/1665/1665 1664/1664/1664 1663/1663/1663
f 1668/1668/1668 1667/1667/1667 1666/1666/1666
f 1671/1671/1671 1670/1670/1670 1669/1669/1669
f 1674/1674/1674 1673/1673/1673 1672/1672/1672
f 1677/1677/1677 1676/1676/1676 1675/1675/1675
f 1680/1680/1680 1679/1679/1679 1678/1678/1678
f 1683/1683/1683 1682/1682/1682 1681/1681/1681
f 1686/1686/1686 1685/1685/1685 1684/1684/1684
f 1689/1689/1689 1688/1688/1688 1687/1687/1687
f 1692/1692/1692 1691/1691/1691 1690/1690/1690
f 1695/1695/1695 1694/1694/1694 1693/1693/1693
f 1698/1698/1698 1697/1697/1697 1696/1696/1696
f 1701/1701/1701 1700/1700/1700 1699/1699/1699
f 1704/1704/1704 1703/1703/1703 1702/1702/1702
f 1707/1707/1707 1706/1706/1706 1705/1705/1705
f 1710/1710/1710 1709/1709/1709 1708/1708/1708
f 1713/1713/1713 1712/1712/1712 1711/1711/1711
f 1716/1716/1716 1715/1715/1715 1714/1714/1714
f 1719/1719/1719 1718/1718/1718 1717/1717/1717
f 1722/1722/1722 1721/1721/1721 1720/1720/1720
f 1725/1725/1725 1724/1724/1724 1723/1723/1723
f 1728/1728/1728 1727/1727/1727 1726/1726/1726
f 1731/1731/1731 1730/1730/1730 1729/1729/1729
f 1734/1734/1734 1733/1733/1733 1732/1732/1732
f 1737/1737/1737 1736/1736/1736 1735/1735/1735
f 1740/1740/1740 1739/1739/1739 1738/1738/1738
f 1743/1743/1743 1742/1742/1742 1741/1741/1741
f 1746/1746/1746 1745/1745/1745 1744/1744/1744
f 1749/1749/1749 1748/1748/1748 1747/1747/1747
f 1752/1752/1752 1751/1751/1751 1750/1750/1750
f 1755/1755/1755 1754/1754/1754 1753/1753/1753
f 1758/1758/1758 1757/1757/1757 1756/1756/1756
f 1761/1761/1761 1760/1760/1760 1759/1759/1759
f 1764/1764/1764 1763/1763/1763 1762/1762/1762
f 1767/1767/1767 1766/1766/1766 1765/1765/1765
f 1770/1770/1770 1769/1769/1769 1768/1768/1768
f 1773/1773/1773 1772/1772/1772 1771/1771/1771
f 1776/1776/1776 1775/1775/1775 1774/1774/1774
f 1779/1779/1779 1778/1778/1778 1777/1777/1777
f 1782/1782/1782 1781/1781/1781 1780/1780/1780
f 1785/1785/1785 1784/1784/1784 1783/1783/1783
f 1788/1788/1788 1787/1787/1787 1786/1786/1786
f 1791/1791/1791 1790/1790/1790 1789/1789/1789
f 1794/1794/1794 1793/1793/1793 1792/1792/1792
f 1797/1797/1797 1796/1796/1796 1795/1795/1795
f 1800/1800/1800 1799/1799/1799 1798/1798/1798
f 1803/1803/1803 1802/1802/1802 1801/1801/1801
f 1806/1806/1806 1805/1805/1805 1804/1804/1804
f 1809/1809/1809 1808/1808/1808 1807/1807/1807
f 1812/1812/1812 1811/1811/1811 1810/1810/1810
f 1815/1815/1815 1814/1814/1814 1813/1813/1813
f 1818/1818/1818 1817/1817/1817 1816/1816/1816
f 1821/1821/1821 1820/1820/1820 1819/1819/1819
f 1824/1824/1824 1823/1823/1823 1822/1822/1822
f 1827/1827/1827 1826/1826/1826 1825/1825/1825
f 1830/1830/1830 1829/1829/1829 1828/1828/1828
f 1833/1833/1833 1832/1832/1832 1831/1831/1831
f 1836/1836/1836 1835/1835/1835 1834/1834/1834
f 1839/1839/1839 1838/1838/1838 1837/1837/1837
f 1842/1842/1842 1841/1841/1841 1840/1840/1840
f 1845/1845/1845 1844/1844/1844 1843/1843/1843
f 1848/1848/1848 1847/1847/1847 1846/1846/1846
f 1851/1851/1851 1850/1850/1850 1849/1849/1849
f 1854/1854/1854 1853/1853/1853 1852/1852/1852
f 1857/1857/1857 1856/1856/1856 1855/1855/1855
f 1860/1860/1860 1859/1859/1859 1858/1858/1858
f 1863/1863/1863 1862/1862/1862 1861/1861/1861
f 1866/1866/1866 1865/1865/1865 1864/1864/1864
f 1869/1869/1869 1868/1868/1868 1867/1867/1867
f 1872/1872/1872 1871/1871/1871 1870/1870/1870
f 1875/1875/1875 1874/1874/1874 1873/1873/1873
f 1878/1878/1878 1877/1877/1877 1876/1876/1876
f 1881/1881/1881 1880/1880/1880 1879/1879/1879
f 1884/1884/1884 1883/1883/1883 1882/1882/1882
f 1887/1887/1887 1886/1886/1886 1885/1885/1885
f 1890/1890/1890 1889/1889/1889 1888/1888/1888
f 1893/1893/1893 1892/1892/1892 1891/1891/1891
f 1896/1896/1896 1895/1895/1895 1894/1894/1894
f 1899/1899/1899 1898/1898/1898 1897/1897/1897
f 1902/1902/1902 1901/1901/1901 1900/1900/1900
f 1905/1905/1905 1904/1904/1904 1903/1903/1903
f 1908/1908/1908 1907/1907/1907 1906/1906/1906
f 1911/1911/1911 1910/1910/1910 1909/1909/1909
f 1914/1914/1914 1913/1913/1913 1912/1912/1912
f 1917/1917/1917 1916/1916/1916 1915/1915/1915
f 1920/1920/1920 1919/1919/1919 1918/1918/1918
f 1923/1923/1923 1922/1922/1922 1921/1921/1921
f 1926/1926/1926 1925/1925/1925 1924/1924/1924
f 1929/1929/1929 1928/1928/1928 1927/1927/1927
f 1932/1932/1932 1931/1931/1931 1930/1930/1930
f 1935/1935/1935 1934/1934/1934 1933/1933/1933
f 1938/1938/1938 1937/1937/1937 1936/1936/1936
f 1941/1941/1941 1940/1940/1940 1939/1939/1939
f 1944/1944/1944 1943/1943/1943 1942/1942/1942
f 1947/1947/1947 1946/1946/1946 1945/1945/1945
f 1950/1950/1950 1949/1949/1949 1948/1948/1948
f 1953/1953/1953 1952/1952/1952 1951/1951/1951
f 1956/1956/1956 1955/1955/1955 1954/1954/1954
f 1959/1959/1959 1958/1958/1958 1957/1957/1957
f 1962/1962/1962 1961/1961/1961 1960/1960/1960
f 1965/1965/1965 1964/1964/1964 1963/1963/1963
f 1968/1968/1968 1967/1967/1967 1966/1966/1966
f 1971/1971/1971 1970/1970/1970 1969/1969/1969
f 1974/1974/1974 1973/1973/1973 1972/1972/1972
f 1977/1977/1977 1976/1976/1976 1975/1975/1975
f 1980/1980/1980 1979/1979/1979 1978/1978/1978
f 1983/1983/1983 1982/1982/1982 1981/1981/1981
f 1986/1986/1986 1985/1985/1985 1984/1984/1984
f 1989/1989/1989 1988/1988/1988 1987/1987/1987
f 1992/1992/1992 1991/1991/1991 1990/1990/1990
f 1995/1995/1995 1994/1994/1994 1993/1993/1993
f 1998/1998/1998 1997/1997/1997 1996/1996/1996
f 2001/2001/2001 2000/2000/2000 1999/1999/1999
f 2004/2004/2004 2003/2003/2003 2002/2002/2002
f 2007/2007/2007 2006/2006/2006 2005/2005/2005
f 2010/2010/2010 2009/2009/2009 2008/2008/2008
f 2013/2013/2013 2012/2012/2012 2011/2011/2011
f 2016/2016/2016 2015/2015/2015 2014/2014/2014
f 2019/2019/2019 2018/2018/2018 2017/2017/2017
f 2022/2022/2022 2021/2021/2021 2020/2020/2020
f 2025/2025/2025 2024/2024/2024 2023/2023/2023
f 2028/2028/2028 2027/2027/2027 2026/2026/2026
f 2031/2031/2031 2030/2030/2030 2029/2029/2029
f 2034/2034/2034 2033/2033/2033 2032/2032/2032
f 2037/2037/2037 2036/2036/2036 2035/2035/2035
f 2040/2040/2040 2039/2039/2039 2038/2038/2038
f 2043/2043/2043 2042/2042/2042 2041/2041/2041
f 2046/2046/2046 2045/2045/2045 2044/2044/2044
f 2049/2049/2049 2048/2048/2048 2047/2047/2047
f 2052/2052/2052 2051/2051/2051 2050/2050/2050
f 2055/2055/2055 2054/2054/2054 2053/2053/2053
f 2058/2058/2058 2057/2057/2057 2056/2056/2056
f 2061/2061/2061 2060/2060/2060 2059/2059/2059
f 2064/2064/2064 2063/2063/2063 2062/2062/2062
f 2067/2067/2067 2066/2066/2066 2065/2065/2065
f 2070/2070/2070 2069/2069/2069 2068/2068/2068
f 2073/2073/2073 2072/2072/2072 2071/2071/2071
f 2076/2076/2076 2075/2075/2075 2074/2074/2074
f 2079/2079/2079 2078/2078/2078 2077/2077/2077
f 2082/2082/2082 2081/2081/2081 2080/2080/2080
f 2085/2085/2085 2084/2084/2084 2083/2083/2083
f 2088/2088/2088 2087/2087/2087 2086/2086/2086
f 2091/2091/2091 2090/2090/2090 2089/2089/2089
f 2094/2094/2094 2093/2093/2093 2092/2092/2092
f 2097/2097/2097 2096/2096/2096 2095/2095/2095
f 2100/2100/2100 2099/2099/2099 2098/2098/2098
f 2103/2103/2103 2102/2102/2102 2101/2101/2101
f 2106/2106/2106 2105/2105/2105 2104/2104/2104
f 2109/2109/2109 2108/2108/2108 2107/2107/2107
f 2112/2112/2112 2111/2111/2111 2110/2110/2110
f 2115/2115/2115 2114/2114/2114 2113/2113/2113
f 2118/2118/2118 2117/2117/2117 2116/2116/2116
f 2121/2121/2121 2120/2120/2120 2119/2119/2119
f 2124/2124/2124 2123/2123/2123 2122/2122/2122
f 2127/2127/2127 2126/2126/2126 2125/2125/2125
f 2130/2130/2130 2129/2129/2129 2128/2128/2128
f 2133/2133/2133 2132/2132/2132 2131/2131/2131
f 2136/2136/2136 2135/2135/2135 2134/2134/2134
f 2139/2139/2139 2138/2138/2138 2137/2137/2137
f 2142/2142/2142 2141/2141/2141 2140/2140/2140
f 2145/2145/2145 2144/2144/2144 2143/2143/2143
f 2148/2148/2148 2147/2147/2147 2146/2146/2146
f 2151/2151/2151 2150/2150/2150 2149/2149/2149
f 2154/2154/2154 2153/2153/2153 2152/2152/2152
f 2157/2157/2157 2156/2156/2156 2155/2155/2155
f 2160/2160/2160 2159/2159/2159 2158/2158/2158
f 2163/2163/2163 2162/2162/2162 2161/2161/2161
f 2166/2166/2166 2165/2165/2165 2164/2164/2164
f 2169/2169/2169 2168/2168/2168 2167/2167/2167
f 2172/2172/2172 2171/2171/2171 2170/2170/2170
f 2175/2175/2175 2174/2174/2174 2173/2173/2173
f 2178/2178/2178 2177/2177/2177 2176/2176/2176
f 2181/2181/2181 2180/2180/2180 2179/2179/2179
f 2184/2184/2184 2183/2183/2183 2182/2182/2182
f 2187/2187/2187 2186/2186/2186 2185/2185/2185
f 2190/2190/2190 2189/2189/2189 2188/2188/2188
f 2193/2193/2193 2192/2192/2192 2191/2191/2191
f 2196/2196/2196 2195/2195/2195 2194/2194/2194
f 2199/2199/2199 2198/2198/2198 2197/2197/2197
f 2202/2202/2202 2201/2201/2201 2200/2200/2200
f 2205/2205/2205 2204/2204/2204 2203/2203/2203
f 2208/2208/2208 2207/2207/2207 2206/2206/2206
f 2211/2211/2211 2210/2210/2210 2209/2209/2209
f 2214/2214/2214 2213/2213/2213 2212/2212/2212
f 2217/2217/2217 2216/2216/2216 2215/2215/2215
f 2220/2220/2220 2219/2219/2219 2218/2218/2218
f 2223/2223/2223 2222/2222/2222 2221/2221/2221
f 2226/2226/2226 2225/2225/2225 2224/2224/2224
f 2229/2229/2229 2228/2228/2228 2227/2227/2227
f 2232/2232/2232 2231/2231/2231 2230/2230/2230
f 2235/2235/2235 2234/2234/2234 2233/2233/2233
f 2238/2238/2238 2237/2237/2237 2236/2236/2236
f 2241/2241/2241 2240/2240/2240 2239/2239/2239
f 2244/2244/2244 2243/2243/2243 2242/2242/2242
f 2247/2247/2247 2246/2246/2246 2245/2245/2245
f 2250/2250/2250 2249/2249/2249 2248/2248/2248
f 2253/2253/2253 2252/2252/2252 2251/2251/2251
f 2256/2256/2256 2255/2255/2255 2254/2254/2254
f 2259/2259/2259 2258/2258/2258 2257/2257/2257
f 2262/2262/2262 2261/2261/2261 2260/2260/2260
f 2265/2265/2265 2264/2264/2264 2263/2263/2263
f 2268/2268/2268 2267/2267/2267 2266/2266/2266
f 2271/2271/2271 2270/2270/2270 2269/2269/2269
f 2274/2274/2274 2273/2273/2273 2272/2272/2272
f 2277/2277/2277 2276/2276/2276 2275/2275/2275
f 2280/2280/2280 2279/2279/2279 2278/2278/2278
f 2283/2283/2283 2282/2282/2282 2281/2281/2281
f 2286/2286/2286 2285/2285/2285 2284/2284/2284
f 2289/2289/2289 2288/2288/2288 2287/2287/2287
f 2292/2292/2292 2291/2291/2291 2290/2290/2290
f 2295/2295/2295 2294/2294/2294 2293/2293/2293
f 2298/2298/2298 2297/2297/2297 2296/2296/2296
f 2301/2301/2301 2300/2300/2300 2299/2299/2299
f 2304/2304/2304 2303/2303/2303 2302/2302/2302
f 2307/2307/2307 2306/2306/2306 2305/2305/2305
f 2310/2310/2310 2309/2309/2309 2308/2308/2308
f 2313/2313/2313 2312/2312/2312 2311/2311/2311
f 2316/2316/2316 2315/2315/2315 2314/2314/2314
f 2319/2319/2319 2318/2318/2318 2317/2317/2317
f 2322/2322/2322 2321/2321/2321 2320/2320/2320
f 2325/2325/2325 2324/2324/2324 2323/2323/2323
f 2328/2328/2328 2327/2327/2327 2326/2326/2326
f 2331/2331/2331 2330/2330/2330 2329/2329/2329
f 2334/2334/2334 2333/2333/2333 2332/2332/2332
f 2337/2337/2337 2336/2336/2336 2335/2335/2335
f 2340/2340/2340 2339/2339/2339 2338/2338/2338
f 2343/2343/2343 2342/2342/2342 2341/2341/2341
f 2346/2346/2346 2345/2345/2345 2344/2344/2344
f 2349/2349/2349 2348/2348/2348 2347/2347/2347
f 2352/2352/2352 2351/2351/2351 2350/2350/2350
f 2355/2355/2355 2354/2354/2354 2353/2353/2353
f 2358/2358/2358 2357/2357/2357 2356/2356/2356
f 2361/2361/2361 2360/2360/2360 2359/2359/2359
f 2364/2364/2364 2363/2363/2363 2362/2362/2362
f 2367/2367/2367 2366/2366/2366 2365/2365/2365
f 2370/2370/2370 2369/2369/2369 2368/2368/2368
f 2373/2373/2373 2372/2372/2372 2371/2371/2371
f 2376/2376/2376 2375/2375/2375 2374/2374/2374
f 2379/2379/2379 2378/2378/2378 2377/2377/2377
f 2382/2382/2382 2381/2381/2381 2380/2380/2380
f 2385/2385/2385 2384/2384/2384 2383/2383/2383
f 2388/2388/2388 2387/2387/2387 2386/2386/2386
f 2391/2391/2391 2390/2390/2390 2389/2389/2389
f 2394/2394/2394 2393/2393/2393 2392/2392/2392
f 2397/2397/2397 2396/2396/2396 2395/2395/2395
f 2400/2400/2400 2399/2399/2399 2398/2398/2398
f 2403/2403/2403 2402/2402/2402 2401/2401/2401
f 2406/2406/2406 2405/2405/2405 2404/2404/2404
f 2409/2409/2409 2408/2408/2408 2407/2407/2407
f 2412/2412/2412 2411/2411/2411 2410/2410/2410
f 2415/2415/2415 2414/2414/2414 2413/2413/2413
f 2418/2418/2418 2417/2417/2417 2416/2416/2416
f 2421/2421/2421 2420/2420/2420 2419/2419/2419
f 2424/2424/2424 2423/2423/2423 2422/2422/2422
f 2427/2427/2427 2426/2426/2426 2425/2425/2425
f 2430/2430/2430 2429/2429/2429 2428/2428/2428
f 2433/2433/2433 2432/2432/2432 2431/2431/2431
f 2436/2436/2436 2435/2435/2435 2434/2434/2434
f 2439/2439/2439 2438/2438/2438 2437/2437/2437
f 2442/2442/2442 2441/2441/2441 2440/2440/2440
f 2445/2445/2445 2444/2444/2444 2443/2443/2443
f 2448/2448/2448 2447/2447/2447 2446/2446/2446
f 2451/2451/2451 2450/2450/2450 2449/2449/2449
f 2454/2454/2454 2453/2453/2453 2452/2452/2452
f 2457/2457/2457 2456/2456/2456 2455/2455/2455
f 2460/2460/2460 2459/2459/2459 2458/2458/2458
f 2463/2463/2463 2462/2462/2462 2461/2461/2461
f 2466/2466/2466 2465/2465/2465 2464/2464/2464
f 2469/2469/2469 2468/2468/2468 2467/2467/2467
f 2472/2472/2472 2471/2471/2471 2470/2470/2470
f 2475/2475/2475 2474/2474/2474 2473/2473/2473
f 2478/2478/2478 2477/2477/2477 2476/2476/2476
f 2481/2481/2481 2480/2480/2480 2479/2479/2479
f 2484/2484/2484 2483/2483/2483 2482/2482/2482
f 2487/2487/2487 2486/2486/2486 2485/2485/2485
f 2490/2490/2490 2489/2489/2489 2488/2488/2488
f 2493/2493/2493 2492/2492/2492 2491/2491/2491
f 2496/2496/2496 2495/2495/2495 2494/2494/2494
f 2499/2499/2499 2498/2498/2498 2497/2497/2497
f 2502/2502/2502 2501/2501/2501 2500/2500/2500
f 2505/2505/2505 2504/2504/2504 2503/2503/2503
f 2508/2508/2508 2507/2507/2507 2506/2506/2506
f 2511/2511/2511 2510/2510/2510 2509/2509/2509
f 2514/2514/2514 2513/2513/2513 2512/2512/2512
f 2517/2517/2517 2516/2516/2516 2515/2515/2515
f 2520/2520/2520 2519/2519/2519 2518/2518/2518
f 2523/2523/2523 2522/2522/2522 2521/2521/2521
f 2526/2526/2526 2525/2525/2525 2524/2524/2524
f 2529/2529/2529 2528/2528/2528 2527/2527/2527
f 2532/2532/2532 2531/2531/2531 2530/2530/2530
f 2535/2535/2535 2534/2534/2534 2533/2533/2533
f 2538/2538/2538 2537/2537/2537 2536/2536/2536
f 2541/2541/2541 2540/2540/2540 2539/2539/2539
f 2544/2544/2544 2543/2543/2543 2542/2542/2542
f 2547/2547/2547 2546/2546/2546 2545/2545/2545
f 2550/2550/2550 2549/2549/2549 2548/2548/2548
f 2553/2553/2553 2552/2552/2552 2551/2551/2551
f 2556/2556/2556 2555/2555/2555 2554/2554/2554
f 2559/2559/2559 2558/2558/2558 2557/2557/2557
f 2562/2562/2562 2561/2561/2561 2560/2560/2560
f 2565/2565/2565 2564/2564/2564 2563/2563/2563
f 2568/2568/2568 2567/2567/2567 2566/2566/2566
f 2571/2571/2571 2570/2570/2570 2569/2569/2569
f 2574/2574/2574 2573/2573/2573 2572/2572/2572
f 2577/2577/2577 2576/2576/2576 2575/2575/2575
f 2580/2580/2580 2579/2579/2579 2578/2578/2578
f 2583/2583/2583 2582/2582/2582 2581/2581/2581
f 2586/2586/2586 2585/2585/2585 2584/2584/2584
f 2589/2589/2589 2588/2588/2588 2587/2587/2587
f 2592/2592/2592 2591/2591/2591 2590/2590/2590
f 2595/2595/2595 2594/2594/2594 2593/2593/2593
f 2598/2598/2598 2597/2597/2597 2596/2596/2596
f 2601/2601/2601 2600/2600/2600 2599/2599/2599
f 2604/2604/2604 2603/2603/2603 2602/2602/2602
f 2607/2607/2607 2606/2606/2606 2605/2605/2605
f 2610/2610/2610 2609/2609/2609 2608/2608/2608
f 2613/2613/2613 2612/2612/2612 2611/2611/2611
f 2616/2616/2616 2615/2615/2615 2614/2614/2614
f 2619/2619/2619 2618/2618/2618 2617/2617/2617
f 2622/2622/2622 2621/2621/2621 2620/2620/2620
f 2625/2625/2625 2624/2624/2624 2623/2623/2623
f 2628/2628/2628 2627/2627/2627 2626/2626/2626
f 2631/2631/2631 2630/2630/2630 2629/2629/2629
f 2634/2634/2634 2633/2633/2633 2632/2632/2632
f 2637/2637/2637 2636/2636/2636 2635/2635/2635
f 2640/2640/2640 2639/2639/2639 2638/2638/2638
f 2643/2643/2643 2642/2642/2642 2641/2641/2641
f 2646/2646/2646 2645/2645/2645 2644/2644/2644
f 2649/2649/2649 2648/2648/2648 2647/2647/2647
f 2652/2652/2652 2651/2651/2651 2650/2650/2650
f 2655/2655/2655 2654/2654/2654 2653/2653/2653
f 2658/2658/2658 2657/2657/2657 2656/2656/2656
f 2661/2661/2661 2660/2660/2660 2659/2659/2659
f 2664/2664/2664 2663/2663/2663 2662/2662/2662
f 2667/2667/2667 2666/2666/2666 2665/2665/2665
f 2670/2670/2670 2669/2669/2669 2668/2668/2668
f 2673/2673/2673 2672/2672/2672 2671/2671/2671
f 2676/2676/2676 2675/2675/2675 2674/2674/2674
f 2679/2679/2679 2678/2678/2678 2677/2677/2677
f 2682/2682/2682 2681/2681/2681 2680/2680/2680
f 2685/2685/2685 2684/2684/2684 2683/2683/2683
f 2688/2688/2688 2687/2687/2687 2686/2686/2686
f 2691/2691/2691 2690/2690/2690 2689/2689/2689
f 2694/2694/2694 2693/2693/2693 2692/2692/2692
f 2697/2697/2697 2696/2696/2696 2695/2695/2695
f 2700/2700/2700 2699/2699/2699 2698/2698/2698
f 2703/2703/2703 2702/2702/2702 2701/2701/2701
f 2706/2706/2706 2705/2705/2705 2704/2704/2704
f 2709/2709/2709 2708/2708/2708 2707/2707/2707
f 2712/2712/2712 2711/2711/2711 2710/2710/2710
f 2715/2715/2715 2714/2714/2714 2713/2713/2713
f 2718/2718/2718 2717/2717/2717 2716/2716/2716
f 2721/2721/2721 2720/2720/2720 2719/2719/2719
f 2724/2724/2724 2723/2723/2723 2722/2722/2722
f 2727/2727/2727 2726/2726/2726 2725/2725/2725
f 2730/2730/2730 2729/2729/2729 2728/2728/2728
f 2733/2733/2733 2732/2732/2732 2731/2731/2731
f 2736/2736/2736 2735/2735/2735 2734/2734/2734
f 2739/2739/2739 2738/2738/2738 2737/2737/2737
f 2742/2742/2742 2741/2741/2741 2740/2740/2740
f 2745/2745/2745 2744/2744/2744 2743/2743/2743
f 2748/2748/2748 2747/2747/2747 2746/2746/2746
