# Static pose baked from local Project Zomboid assets
o Bob_Jacket
v -0.010259399 0.021132942 0.252345878
v -0.031992572 0.013906119 0.244187303
v -0.043625360 0.028433167 0.275805323
v -0.031992572 0.013906119 0.244187303
v -0.010259399 0.021132942 0.252345878
v 0.006657078 0.023690595 0.234687617
v 0.034579672 0.046569483 0.218558635
v 0.010741178 0.016939654 0.188810791
v -0.012691641 0.010655336 0.214927561
v 0.010741178 0.016939654 0.188810791
v 0.034579672 0.046569483 0.218558635
v 0.037728231 0.062923081 0.200983296
v -0.069780260 0.075744196 0.298175790
v -0.024108875 0.114678222 0.286972202
v -0.019455075 0.067069137 0.290713456
v -0.024108875 0.114678222 0.286972202
v -0.069780260 0.075744196 0.298175790
v -0.060689635 0.115234540 0.280865008
v 0.073917951 0.112834798 0.048509218
v 0.023160585 0.142536494 0.039003286
v 0.026858128 0.139354073 0.024608903
v 0.023160585 0.142536494 0.039003286
v 0.073917951 0.112834798 0.048509218
v 0.068764828 0.111214161 0.057260994
v 0.070318897 0.047347861 0.066471801
v 0.073917951 0.112834798 0.048509218
v 0.088234727 0.055060650 0.037394911
v 0.073917951 0.112834798 0.048509218
v 0.070318897 0.047347861 0.066471801
v 0.068764828 0.111214161 0.057260994
v 0.040726767 0.000553011 0.061413206
v 0.077693842 0.009820945 0.016209439
v 0.047356257 -0.014300137 0.006393854
v 0.077693842 0.009820945 0.016209439
v 0.040726767 0.000553011 0.061413206
v 0.070318897 0.047347861 0.066471801
v -0.012691641 0.010655336 0.214927561
v -0.039059329 -0.007533092 0.170842386
v -0.050979781 -0.004374075 0.203966952
v -0.039059329 -0.007533092 0.170842386
v -0.012691641 0.010655336 0.214927561
v 0.010741178 0.016939654 0.188810791
v 0.026858128 0.139354073 0.024608903
v -0.020578863 0.139245673 0.026843418
v -0.012831661 0.139437631 0.012058299
v -0.020578863 0.139245673 0.026843418
v 0.026858128 0.139354073 0.024608903
v 0.023160585 0.142536494 0.039003286
v -0.021055726 0.154652411 0.139998717
v -0.085422070 0.142739657 0.167444296
v -0.072284239 0.142914834 0.124577169
v -0.085422070 0.142739657 0.167444296
v -0.021055726 0.154652411 0.139998717
v -0.030415582 0.155267528 0.186495393
v 0.026858128 0.139354073 0.024608903
v 0.099792678 0.122701642 -0.009652688
v 0.073917951 0.112834798 0.048509218
v 0.099792678 0.122701642 -0.009652688
v 0.026858128 0.139354073 0.024608903
v 0.040808143 0.145933836 -0.026173947
v 0.073917951 0.112834798 0.048509218
v 0.100889692 0.056838735 0.008912700
v 0.088234727 0.055060650 0.037394911
v 0.100889692 0.056838735 0.008912700
v 0.073917951 0.112834798 0.048509218
v 0.099792678 0.122701642 -0.009652688
v 0.001565154 0.153251671 0.089871330
v 0.017532081 0.145143173 0.150146333
v -0.021055726 0.154652411 0.139998717
v 0.034999321 0.127728449 0.161345170
v 0.050695156 0.062243967 0.116042436
v 0.043804642 0.069152906 0.168802969
v 0.050695156 0.062243967 0.116042436
v 0.034999321 0.127728449 0.161345170
v 0.053970027 0.118089842 0.102416627
v 0.050695156 0.062243967 0.116042436
v 0.016926009 0.024791126 0.159688088
v 0.043804642 0.069152906 0.168802969
v 0.016926009 0.024791126 0.159688088
v 0.050695156 0.062243967 0.116042436
v 0.032445101 0.024422769 0.110244379
v -0.032464700 0.001123692 0.143443954
v 0.032445101 0.024422769 0.110244379
v -0.015389516 0.000878588 0.095245266
v 0.032445101 0.024422769 0.110244379
v -0.032464700 0.001123692 0.143443954
v 0.016926009 0.024791126 0.159688088
v 0.037022363 0.014407472 0.207953358
v 0.085971633 -0.000377073 0.201643495
v 0.033293250 0.077742635 0.194198073
v 0.085971633 -0.000377073 0.201643495
v 0.135317243 0.057144719 0.176456795
v 0.090819600 0.067618516 0.176567277
v 0.135317243 0.057144719 0.176456795
v 0.085971633 -0.000377073 0.201643495
v 0.132496613 -0.000640510 0.197002480
v 0.063581708 0.100505974 0.253322774
v 0.090819600 0.067618516 0.176567277
v 0.114992327 0.092070190 0.247582622
v 0.090819600 0.067618516 0.176567277
v 0.171516108 0.073894343 0.224609357
v 0.114992327 0.092070190 0.247582622
v 0.171516108 0.073894343 0.224609357
v 0.090819600 0.067618516 0.176567277
v 0.135317243 0.057144719 0.176456795
v 0.071065694 0.089198882 0.266576186
v 0.109776816 0.024250298 0.272772817
v 0.061672219 0.039314878 0.280329926
v 0.071065694 0.089198882 0.266576186
v 0.114992327 0.092070190 0.247582622
v 0.109776816 0.024250298 0.272772817
v 0.071065694 0.089198882 0.266576186
v 0.063581708 0.100505974 0.253322774
v 0.114992327 0.092070190 0.247582622
v 0.114992327 0.092070190 0.247582622
v 0.169065341 0.016422676 0.244801142
v 0.109776816 0.024250298 0.272772817
v 0.169065341 0.016422676 0.244801142
v 0.114992327 0.092070190 0.247582622
v 0.171516108 0.073894343 0.224609357
v 0.047576901 0.014852638 0.244545600
v 0.109776816 0.024250298 0.272772817
v 0.085971633 -0.000377073 0.201643495
v 0.109776816 0.024250298 0.272772817
v 0.132496613 -0.000640510 0.197002480
v 0.085971633 -0.000377073 0.201643495
v 0.132496613 -0.000640510 0.197002480
v 0.109776816 0.024250298 0.272772817
v 0.169065341 0.016422676 0.244801142
v 0.129117895 -0.009282303 0.182797393
v 0.157703474 0.029730805 0.107999651
v 0.132545925 0.056565718 0.158025526
v 0.157703474 0.029730805 0.107999651
v 0.129117895 -0.009282303 0.182797393
v 0.153921401 -0.015755359 0.126861376
v 0.153921401 -0.015755359 0.126861376
v 0.169590861 0.023164335 0.075442132
v 0.157703474 0.029730805 0.107999651
v 0.169590861 0.023164335 0.075442132
v 0.153921401 -0.015755359 0.126861376
v 0.170053642 -0.026762244 0.084692105
v 0.132545925 0.056565718 0.158025526
v 0.220001862 0.028717536 0.140662117
v 0.199413257 0.066446385 0.191570593
v 0.220001862 0.028717536 0.140662117
v 0.132545925 0.056565718 0.158025526
v 0.157703474 0.029730805 0.107999651
v 0.157703474 0.029730805 0.107999651
v 0.234298775 0.017965057 0.099548148
v 0.220001862 0.028717536 0.140662117
v 0.234298775 0.017965057 0.099548148
v 0.157703474 0.029730805 0.107999651
v 0.169590861 0.023164335 0.075442132
v 0.199413257 0.066446385 0.191570593
v 0.215957638 -0.007207884 0.155842877
v 0.195907847 0.001065473 0.216622593
v 0.215957638 -0.007207884 0.155842877
v 0.199413257 0.066446385 0.191570593
v 0.220001862 0.028717536 0.140662117
v 0.220001862 0.028717536 0.140662117
v 0.231368286 -0.021759489 0.105257070
v 0.215957638 -0.007207884 0.155842877
v 0.231368286 -0.021759489 0.105257070
v 0.220001862 0.028717536 0.140662117
v 0.234298775 0.017965057 0.099548148
v 0.195907847 0.001065473 0.216622593
v 0.153921401 -0.015755359 0.126861376
v 0.129117895 -0.009282303 0.182797393
v 0.153921401 -0.015755359 0.126861376
v 0.195907847 0.001065473 0.216622593
v 0.215957638 -0.007207884 0.155842877
v 0.215957638 -0.007207884 0.155842877
v 0.170053642 -0.026762244 0.084692105
v 0.153921401 -0.015755359 0.126861376
v 0.170053642 -0.026762244 0.084692105
v 0.215957638 -0.007207884 0.155842877
v 0.231368286 -0.021759489 0.105257070
v 0.169065341 0.016422676 0.244801142
v 0.129117895 -0.009282303 0.182797393
v 0.132496613 -0.000640510 0.197002480
v 0.129117895 -0.009282303 0.182797393
v 0.169065341 0.016422676 0.244801142
v 0.195907847 0.001065473 0.216622593
v 0.132496613 -0.000640510 0.197002480
v 0.132545925 0.056565718 0.158025526
v 0.135317243 0.057144719 0.176456795
v 0.132545925 0.056565718 0.158025526
v 0.132496613 -0.000640510 0.197002480
v 0.129117895 -0.009282303 0.182797393
v 0.171516108 0.073894343 0.224609357
v 0.132545925 0.056565718 0.158025526
v 0.199413257 0.066446385 0.191570593
v 0.132545925 0.056565718 0.158025526
v 0.171516108 0.073894343 0.224609357
v 0.135317243 0.057144719 0.176456795
v 0.199413257 0.066446385 0.191570593
v 0.169065341 0.016422676 0.244801142
v 0.171516108 0.073894343 0.224609357
v 0.169065341 0.016422676 0.244801142
v 0.199413257 0.066446385 0.191570593
v 0.195907847 0.001065473 0.216622593
v 0.017938619 0.070040883 0.285254634
v 0.047576901 0.014852638 0.244545600
v 0.023588476 0.035916997 0.282608386
v 0.047576901 0.014852638 0.244545600
v 0.017938619 0.070040883 0.285254634
v 0.061672219 0.039314878 0.280329926
v 0.023588476 0.035916997 0.282608386
v -0.019455075 0.067069137 0.290713456
v 0.017938619 0.070040883 0.285254634
v -0.019455075 0.067069137 0.290713456
v 0.023588476 0.035916997 0.282608386
v -0.015238513 0.041513904 0.278353260
v 0.017532081 0.145143173 0.150146333
v -0.030415582 0.155267528 0.186495393
v -0.021055726 0.154652411 0.139998717
v -0.030415582 0.155267528 0.186495393
v 0.017532081 0.145143173 0.150146333
v 0.011657503 0.148240859 0.201565740
v -0.019455075 0.067069137 0.290713456
v -0.046170733 0.048115055 0.293142904
v -0.069780260 0.075744196 0.298175790
v 0.017211558 0.013323733 0.255085797
v 0.006657078 0.023690595 0.234687617
v -0.010259399 0.021132942 0.252345878
v 0.006657078 0.023690595 0.234687617
v 0.017211558 0.013323733 0.255085797
v 0.021288473 0.028231657 0.216197272
v 0.037022363 0.014407472 0.207953358
v 0.021288473 0.028231657 0.216197272
v 0.017211558 0.013323733 0.255085797
v 0.008886604 0.132819160 0.254335514
v -0.060689635 0.115234540 0.280865008
v -0.040266997 0.143757971 0.231117513
v 0.008886604 0.132819160 0.254335514
v -0.024108875 0.114678222 0.286972202
v -0.060689635 0.115234540 0.280865008
v 0.008886604 0.132819160 0.254335514
v 0.010363922 0.129613838 0.257006071
v -0.024108875 0.114678222 0.286972202
v -0.094620441 0.130851398 0.209438783
v -0.060689635 0.115234540 0.280865008
v -0.102628856 0.101355945 0.263016800
v -0.060689635 0.115234540 0.280865008
v -0.094620441 0.130851398 0.209438783
v -0.040266997 0.143757971 0.231117513
v 0.017938619 0.070040883 0.285254634
v -0.019455075 0.067069137 0.290713456
v -0.024108875 0.114678222 0.286972202
v 0.061672219 0.039314878 0.280329926
v 0.010363922 0.129613838 0.257006071
v 0.071065694 0.089198882 0.266576186
v 0.061672219 0.039314878 0.280329926
v -0.024108875 0.114678222 0.286972202
v 0.010363922 0.129613838 0.257006071
v 0.061672219 0.039314878 0.280329926
v 0.017938619 0.070040883 0.285254634
v -0.024108875 0.114678222 0.286972202
v 0.033219158 0.080255796 0.212498600
v 0.063581708 0.100505974 0.253322774
v 0.020229939 0.117954447 0.239173540
v 0.063581708 0.100505974 0.253322774
v 0.033219158 0.080255796 0.212498600
v 0.033293250 0.077742635 0.194198073
v 0.043804642 0.069152906 0.168802969
v 0.031710015 0.112255186 0.203743888
v 0.034999321 0.127728449 0.161345170
v 0.031710015 0.112255186 0.203743888
v 0.043804642 0.069152906 0.168802969
v 0.037115576 0.080203347 0.199014154
v 0.034579672 0.046569483 0.218558635
v 0.033293250 0.077742635 0.194198073
v 0.033219158 0.080255796 0.212498600
v 0.037728231 0.062923081 0.200983296
v 0.037115576 0.080203347 0.199014154
v 0.043804642 0.069152906 0.168802969
v 0.031710015 0.112255186 0.203743888
v 0.027257711 0.130579692 0.204914811
v 0.034999321 0.127728449 0.161345170
v 0.070318897 0.047347861 0.066471801
v 0.088234727 0.055060650 0.037394911
v 0.077693842 0.009820945 0.016209439
v 0.088234727 0.055060650 0.037394911
v 0.100889692 0.056838735 0.008912700
v 0.077693842 0.009820945 0.016209439
v -0.046170733 0.048115055 0.293142904
v -0.019455075 0.067069137 0.290713456
v -0.015238513 0.041513904 0.278353260
v -0.031992572 0.013906119 0.244187303
v -0.050979781 -0.004374075 0.203966952
v -0.043625360 0.028433167 0.275805323
v 0.047356257 -0.014300137 0.006393854
v -0.004055348 -0.007311908 0.049717278
v 0.040726767 0.000553011 0.061413206
v -0.004055348 -0.007311908 0.049717278
v 0.047356257 -0.014300137 0.006393854
v 0.003639124 -0.026158420 -0.007457669
v -0.012831661 0.139437631 0.012058299
v 0.040808143 0.145933836 -0.026173947
v 0.026858128 0.139354073 0.024608903
v 0.040808143 0.145933836 -0.026173947
v -0.012831661 0.139437631 0.012058299
v -0.003942155 0.142319320 -0.035550664
v 0.090819600 0.067618516 0.176567277
v 0.063581708 0.100505974 0.253322774
v 0.033293250 0.077742635 0.194198073
v 0.033293250 0.077742635 0.194198073
v 0.085971633 -0.000377073 0.201643495
v 0.090819600 0.067618516 0.176567277
v 0.032445101 0.024422769 0.110244379
v 0.070318897 0.047347861 0.066471801
v 0.040726767 0.000553011 0.061413206
v 0.070318897 0.047347861 0.066471801
v 0.032445101 0.024422769 0.110244379
v 0.050695156 0.062243967 0.116042436
v 0.050695156 0.062243967 0.116042436
v 0.068764828 0.111214161 0.057260994
v 0.070318897 0.047347861 0.066471801
v 0.068764828 0.111214161 0.057260994
v 0.050695156 0.062243967 0.116042436
v 0.053970027 0.118089842 0.102416627
v 0.068764828 0.111214161 0.057260994
v 0.001565154 0.153251671 0.089871330
v 0.023160585 0.142536494 0.039003286
v 0.001565154 0.153251671 0.089871330
v 0.068764828 0.111214161 0.057260994
v 0.053970027 0.118089842 0.102416627
v 0.023160585 0.142536494 0.039003286
v -0.048339501 0.142742454 0.075083788
v -0.020578863 0.139245673 0.026843418
v -0.048339501 0.142742454 0.075083788
v 0.023160585 0.142536494 0.039003286
v 0.001565154 0.153251671 0.089871330
v -0.046170733 0.048115055 0.293142904
v -0.015238513 0.041513904 0.278353260
v -0.043625360 0.028433167 0.275805323
v -0.043625360 0.028433167 0.275805323
v -0.015238513 0.041513904 0.278353260
v -0.010259399 0.021132942 0.252345878
v -0.010259399 0.021132942 0.252345878
v 0.023588476 0.035916997 0.282608386
v 0.017211558 0.013323733 0.255085797
v 0.023588476 0.035916997 0.282608386
v -0.010259399 0.021132942 0.252345878
v -0.015238513 0.041513904 0.278353260
v 0.017211558 0.013323733 0.255085797
v 0.047576901 0.014852638 0.244545600
v 0.037022363 0.014407472 0.207953358
v 0.047576901 0.014852638 0.244545600
v 0.017211558 0.013323733 0.255085797
v 0.023588476 0.035916997 0.282608386
v 0.047576901 0.014852638 0.244545600
v 0.085971633 -0.000377073 0.201643495
v 0.037022363 0.014407472 0.207953358
v 0.109776816 0.024250298 0.272772817
v 0.047576901 0.014852638 0.244545600
v 0.061672219 0.039314878 0.280329926
v 0.053970027 0.118089842 0.102416627
v 0.034999321 0.127728449 0.161345170
v 0.017532081 0.145143173 0.150146333
v 0.008886604 0.132819160 0.254335514
v 0.020229939 0.117954447 0.239173540
v 0.010363922 0.129613838 0.257006071
v 0.034999321 0.127728449 0.161345170
v 0.011657503 0.148240859 0.201565740
v 0.017532081 0.145143173 0.150146333
v 0.011657503 0.148240859 0.201565740
v 0.034999321 0.127728449 0.161345170
v 0.027257711 0.130579692 0.204914811
v 0.017532081 0.145143173 0.150146333
v 0.001565154 0.153251671 0.089871330
v 0.053970027 0.118089842 0.102416627
v -0.103323831 0.076344807 0.290164771
v -0.060689635 0.115234540 0.280865008
v -0.069780260 0.075744196 0.298175790
v -0.030415582 0.155267528 0.186495393
v -0.094620441 0.130851398 0.209438783
v -0.085422070 0.142739657 0.167444296
v -0.094620441 0.130851398 0.209438783
v -0.030415582 0.155267528 0.186495393
v -0.040266997 0.143757971 0.231117513
v -0.040266997 0.143757971 0.231117513
v 0.011657503 0.148240859 0.201565740
v 0.008886604 0.132819160 0.254335514
v 0.011657503 0.148240859 0.201565740
v -0.040266997 0.143757971 0.231117513
v -0.030415582 0.155267528 0.186495393
v 0.011657503 0.148240859 0.201565740
v 0.020229939 0.117954447 0.239173540
v 0.008886604 0.132819160 0.254335514
v 0.020229939 0.117954447 0.239173540
v 0.011657503 0.148240859 0.201565740
v 0.027257711 0.130579692 0.204914811
v 0.020229939 0.117954447 0.239173540
v 0.031710015 0.112255186 0.203743888
v 0.029337105 0.095310070 0.219895641
v 0.031710015 0.112255186 0.203743888
v 0.020229939 0.117954447 0.239173540
v 0.027257711 0.130579692 0.204914811
v 0.029337105 0.095310070 0.219895641
v 0.037115576 0.080203347 0.199014154
v 0.033219158 0.080255796 0.212498600
v 0.037115576 0.080203347 0.199014154
v 0.029337105 0.095310070 0.219895641
v 0.031710015 0.112255186 0.203743888
v 0.037728231 0.062923081 0.200983296
v 0.033219158 0.080255796 0.212498600
v 0.037115576 0.080203347 0.199014154
v 0.033219158 0.080255796 0.212498600
v 0.037728231 0.062923081 0.200983296
v 0.034579672 0.046569483 0.218558635
v 0.010741178 0.016939654 0.188810791
v -0.032464700 0.001123692 0.143443954
v -0.039059329 -0.007533092 0.170842386
v -0.032464700 0.001123692 0.143443954
v 0.010741178 0.016939654 0.188810791
v 0.016926009 0.024791126 0.159688088
v 0.016926009 0.024791126 0.159688088
v 0.037728231 0.062923081 0.200983296
v 0.043804642 0.069152906 0.168802969
v 0.037728231 0.062923081 0.200983296
v 0.016926009 0.024791126 0.159688088
v 0.010741178 0.016939654 0.188810791
v -0.012691641 0.010655336 0.214927561
v 0.006657078 0.023690595 0.234687617
v 0.034579672 0.046569483 0.218558635
v 0.006657078 0.023690595 0.234687617
v -0.012691641 0.010655336 0.214927561
v -0.031992572 0.013906119 0.244187303
v 0.034579672 0.046569483 0.218558635
v 0.021288473 0.028231657 0.216197272
v 0.033293250 0.077742635 0.194198073
v 0.021288473 0.028231657 0.216197272
v 0.034579672 0.046569483 0.218558635
v 0.006657078 0.023690595 0.234687617
v 0.021288473 0.028231657 0.216197272
v 0.037022363 0.014407472 0.207953358
v 0.033293250 0.077742635 0.194198073
v 0.071065694 0.089198882 0.266576186
v 0.020229939 0.117954447 0.239173540
v 0.063581708 0.100505974 0.253322774
v 0.020229939 0.117954447 0.239173540
v 0.071065694 0.089198882 0.266576186
v 0.010363922 0.129613838 0.257006071
v -0.012691641 0.010655336 0.214927561
v -0.050979781 -0.004374075 0.203966952
v -0.031992572 0.013906119 0.244187303
v -0.072284239 0.142914834 0.124577169
v 0.001565154 0.153251671 0.089871330
v -0.021055726 0.154652411 0.139998717
v 0.001565154 0.153251671 0.089871330
v -0.072284239 0.142914834 0.124577169
v -0.048339501 0.142742454 0.075083788
v -0.103323831 0.076344807 0.290164771
v -0.102628856 0.101355945 0.263016800
v -0.060689635 0.115234540 0.280865008
v 0.040726767 0.000553011 0.061413206
v -0.015389516 0.000878588 0.095245266
v 0.032445101 0.024422769 0.110244379
v -0.015389516 0.000878588 0.095245266
v 0.040726767 0.000553011 0.061413206
v -0.004055348 -0.007311908 0.049717278
v 0.033219158 0.080255796 0.212498600
v 0.020229939 0.117954447 0.239173540
v 0.029337105 0.095310070 0.219895641
v -0.130682841 -0.006036775 0.225076737
v -0.094612503 -0.005492027 0.224148366
v -0.135920963 -0.011163478 0.199801432
v -0.094612503 -0.005492027 0.224148366
v -0.130682841 -0.006036775 0.225076737
v -0.111141404 0.007744596 0.255178322
v -0.142305119 -0.007620591 0.163880458
v -0.094519050 -0.016327322 0.155067941
v -0.143056020 0.005787110 0.143030013
v -0.094519050 -0.016327322 0.155067941
v -0.142305119 -0.007620591 0.163880458
v -0.090216125 -0.013359882 0.190119035
v -0.130347650 0.057285953 0.280108953
v -0.175482607 0.071660773 0.241587845
v -0.147391066 0.088376525 0.253119776
v -0.175482607 0.071660773 0.241587845
v -0.130347650 0.057285953 0.280108953
v -0.156664421 0.039576780 0.254901640
v -0.105975215 0.089686257 0.013152400
v -0.066618871 0.129883699 0.020690285
v -0.104572670 0.088039012 0.022654815
v -0.066618871 0.129883699 0.020690285
v -0.105975215 0.089686257 0.013152400
v -0.055463564 0.131462670 0.010121078
v -0.092691554 0.024850507 0.033570571
v -0.105975215 0.089686257 0.013152400
v -0.104572670 0.088039012 0.022654815
v -0.105975215 0.089686257 0.013152400
v -0.092691554 0.024850507 0.033570571
v -0.101208325 0.041433242 0.006793219
v -0.053261665 -0.009950076 0.043940811
v -0.073643052 -0.003802775 -0.011470278
v -0.092691554 0.024850507 0.033570571
v -0.073643052 -0.003802775 -0.011470278
v -0.053261665 -0.009950076 0.043940811
v -0.038664664 -0.019281066 -0.008435615
v -0.090216125 -0.013359882 0.190119035
v -0.039059329 -0.007533092 0.170842386
v -0.094519050 -0.016327322 0.155067941
v -0.039059329 -0.007533092 0.170842386
v -0.090216125 -0.013359882 0.190119035
v -0.050979781 -0.004374075 0.203966952
v -0.055463564 0.131462670 0.010121078
v -0.020578863 0.139245673 0.026843418
v -0.066618871 0.129883699 0.020690285
v -0.020578863 0.139245673 0.026843418
v -0.055463564 0.131462670 0.010121078
v -0.012831661 0.139437631 0.012058299
v -0.120349717 0.122475460 0.108097746
v -0.085422070 0.142739657 0.167444296
v -0.138639214 0.121063983 0.151802577
v -0.085422070 0.142739657 0.167444296
v -0.120349717 0.122475460 0.108097746
v -0.072284239 0.142914834 0.124577169
v -0.055463564 0.131462670 0.010121078
v -0.106762899 0.107843261 -0.043018652
v -0.052168339 0.139351279 -0.040182476
v -0.106762899 0.107843261 -0.043018652
v -0.055463564 0.131462670 0.010121078
v -0.105975215 0.089686257 0.013152400
v -0.105975215 0.089686257 0.013152400
v -0.104422172 0.042069819 -0.024252361
v -0.106762899 0.107843261 -0.043018652
v -0.104422172 0.042069819 -0.024252361
v -0.105975215 0.089686257 0.013152400
v -0.101208325 0.041433242 0.006793219
v -0.097386775 0.127253741 0.062107721
v -0.120349717 0.122475460 0.108097746
v -0.145931131 0.092171712 0.097629206
v -0.154026053 0.066473381 0.100615484
v -0.103494587 0.021438623 0.072601508
v -0.120678859 0.081381384 0.059121875
v -0.103494587 0.021438623 0.072601508
v -0.154026053 0.066473381 0.100615484
v -0.132386887 0.012056740 0.112196515
v -0.103494587 0.021438623 0.072601508
v -0.085844442 -0.007830003 0.127049287
v -0.069163421 -0.006747608 0.078936020
v -0.085844442 -0.007830003 0.127049287
v -0.103494587 0.021438623 0.072601508
v -0.132386887 0.012056740 0.112196515
v -0.032464700 0.001123692 0.143443954
v -0.069163421 -0.006747608 0.078936020
v -0.085844442 -0.007830003 0.127049287
v -0.069163421 -0.006747608 0.078936020
v -0.032464700 0.001123692 0.143443954
v -0.015389516 0.000878588 0.095245266
v -0.150142507 -0.014519480 0.174163682
v -0.141174748 0.049776207 0.174471149
v -0.173344770 -0.027124537 0.129923492
v -0.173344770 -0.027124537 0.129923492
v -0.201286697 0.036607821 0.088697279
v -0.210103108 -0.023536068 0.096165785
v -0.201286697 0.036607821 0.088697279
v -0.173344770 -0.027124537 0.129923492
v -0.160765478 0.043245715 0.117058804
v -0.208047008 0.067060231 0.187146007
v -0.233601073 0.060777666 0.141817417
v -0.160765478 0.043245715 0.117058804
v -0.160765478 0.043245715 0.117058804
v -0.237384443 0.044194214 0.069612889
v -0.201286697 0.036607821 0.088697279
v -0.237384443 0.044194214 0.069612889
v -0.160765478 0.043245715 0.117058804
v -0.233601073 0.060777666 0.141817417
v -0.222350074 0.054643384 0.188016254
v -0.233601073 0.060777666 0.141817417
v -0.208047008 0.067060231 0.187146007
v -0.222350074 0.054643384 0.188016254
v -0.246063715 -0.009440653 0.155059275
v -0.233601073 0.060777666 0.141817417
v -0.222350074 0.054643384 0.188016254
v -0.224381580 0.003336046 0.199384702
v -0.246063715 -0.009440653 0.155059275
v -0.233601073 0.060777666 0.141817417
v -0.245915927 -0.015619524 0.076544413
v -0.237384443 0.044194214 0.069612889
v -0.245915927 -0.015619524 0.076544413
v -0.233601073 0.060777666 0.141817417
v -0.246063715 -0.009440653 0.155059275
v -0.185721066 -0.017622487 0.187397193
v -0.173344770 -0.027124537 0.129923492
v -0.246063715 -0.009440653 0.155059275
v -0.246063715 -0.009440653 0.155059275
v -0.210103108 -0.023536068 0.096165785
v -0.245915927 -0.015619524 0.076544413
v -0.210103108 -0.023536068 0.096165785
v -0.246063715 -0.009440653 0.155059275
v -0.173344770 -0.027124537 0.129923492
v -0.202418130 -0.025617263 0.121705173
v -0.131163920 0.027666986 0.117523292
v -0.141097440 -0.020571557 0.121187780
v -0.131163920 0.027666986 0.117523292
v -0.202418130 -0.025617263 0.121705173
v -0.191132473 0.043770832 0.117313594
v -0.141097440 -0.020571557 0.121187780
v -0.095459503 0.026059715 0.123558134
v -0.096047725 -0.024336298 0.120270747
v -0.095459503 0.026059715 0.123558134
v -0.141097440 -0.020571557 0.121187780
v -0.131163920 0.027666986 0.117523292
v -0.191132473 0.043770832 0.117313594
v -0.135142987 0.014404407 0.048550716
v -0.131163920 0.027666986 0.117523292
v -0.135142987 0.014404407 0.048550716
v -0.191132473 0.043770832 0.117313594
v -0.197401467 0.040782763 0.043121767
v -0.131163920 0.027666986 0.117523292
v -0.089838281 0.014757054 0.056833926
v -0.095459503 0.026059715 0.123558134
v -0.089838281 0.014757054 0.056833926
v -0.131163920 0.027666986 0.117523292
v -0.135142987 0.014404407 0.048550716
v -0.197401467 0.040782763 0.043121767
v -0.143668549 -0.023683466 0.052302520
v -0.135142987 0.014404407 0.048550716
v -0.143668549 -0.023683466 0.052302520
v -0.197401467 0.040782763 0.043121767
v -0.208898078 -0.028186187 0.047686233
v -0.135142987 0.014404407 0.048550716
v -0.090079398 -0.020672126 0.058177003
v -0.089838281 0.014757054 0.056833926
v -0.090079398 -0.020672126 0.058177003
v -0.135142987 0.014404407 0.048550716
v -0.143668549 -0.023683466 0.052302520
v -0.208898078 -0.028186187 0.047686233
v -0.141097440 -0.020571557 0.121187780
v -0.143668549 -0.023683466 0.052302520
v -0.141097440 -0.020571557 0.121187780
v -0.208898078 -0.028186187 0.047686233
v -0.202418130 -0.025617263 0.121705173
v -0.143668549 -0.023683466 0.052302520
v -0.096047725 -0.024336298 0.120270747
v -0.090079398 -0.020672126 0.058177003
v -0.096047725 -0.024336298 0.120270747
v -0.143668549 -0.023683466 0.052302520
v -0.141097440 -0.020571557 0.121187780
v -0.245915927 -0.015619524 0.076544413
v -0.202418130 -0.025617263 0.121705173
v -0.208898078 -0.028186187 0.047686233
v -0.202418130 -0.025617263 0.121705173
v -0.245915927 -0.015619524 0.076544413
v -0.210103108 -0.023536068 0.096165785
v -0.210103108 -0.023536068 0.096165785
v -0.191132473 0.043770832 0.117313594
v -0.202418130 -0.025617263 0.121705173
v -0.191132473 0.043770832 0.117313594
v -0.210103108 -0.023536068 0.096165785
v -0.201286697 0.036607821 0.088697279
v -0.237384443 0.044194214 0.069612889
v -0.191132473 0.043770832 0.117313594
v -0.201286697 0.036607821 0.088697279
v -0.191132473 0.043770832 0.117313594
v -0.237384443 0.044194214 0.069612889
v -0.197401467 0.040782763 0.043121767
v -0.197401467 0.040782763 0.043121767
v -0.245915927 -0.015619524 0.076544413
v -0.208898078 -0.028186187 0.047686233
v -0.245915927 -0.015619524 0.076544413
v -0.197401467 0.040782763 0.043121767
v -0.237384443 0.044194214 0.069612889
v -0.183819591 0.037742951 0.249702184
v -0.185721066 -0.017622487 0.187397193
v -0.224381580 0.003336046 0.199384702
v -0.185721066 -0.017622487 0.187397193
v -0.183819591 0.037742951 0.249702184
v -0.179149192 0.003391534 0.248197602
v -0.179149192 0.003391534 0.248197602
v -0.156664421 0.039576780 0.254901640
v -0.144098341 0.015552927 0.251011366
v -0.156664421 0.039576780 0.254901640
v -0.179149192 0.003391534 0.248197602
v -0.183819591 0.037742951 0.249702184
v -0.145931131 0.092171712 0.097629206
v -0.138639214 0.121063983 0.151802577
v -0.170892030 0.090546979 0.143046567
v -0.138639214 0.121063983 0.151802577
v -0.145931131 0.092171712 0.097629206
v -0.120349717 0.122475460 0.108097746
v -0.156664421 0.039576780 0.254901640
v -0.130347650 0.057285953 0.280108953
v -0.128851527 0.023011806 0.268887136
v -0.159487262 -0.016787684 0.226236316
v -0.135920963 -0.011163478 0.199801432
v -0.150382095 -0.003065147 0.192986629
v -0.135920963 -0.011163478 0.199801432
v -0.159487262 -0.016787684 0.226236316
v -0.130682841 -0.006036775 0.225076737
v -0.150142507 -0.014519480 0.174163682
v -0.159487262 -0.016787684 0.226236316
v -0.150382095 -0.003065147 0.192986629
v -0.189654669 0.076097856 0.192834284
v -0.175482607 0.071660773 0.241587845
v -0.190717201 0.072863158 0.195013258
v -0.189654669 0.076097856 0.192834284
v -0.147391066 0.088376525 0.253119776
v -0.175482607 0.071660773 0.241587845
v -0.189654669 0.076097856 0.192834284
v -0.149230248 0.110003781 0.196248300
v -0.147391066 0.088376525 0.253119776
v -0.094620441 0.130851398 0.209438783
v -0.147391066 0.088376525 0.253119776
v -0.149230248 0.110003781 0.196248300
v -0.147391066 0.088376525 0.253119776
v -0.094620441 0.130851398 0.209438783
v -0.102628856 0.101355945 0.263016800
v -0.183819591 0.037742951 0.249702184
v -0.175482607 0.071660773 0.241587845
v -0.156664421 0.039576780 0.254901640
v -0.224381580 0.003336046 0.199384702
v -0.175482607 0.071660773 0.241587845
v -0.183819591 0.037742951 0.249702184
v -0.224381580 0.003336046 0.199384702
v -0.190717201 0.072863158 0.195013258
v -0.175482607 0.071660773 0.241587845
v -0.224381580 0.003336046 0.199384702
v -0.222350074 0.054643384 0.188016254
v -0.190717201 0.072863158 0.195013258
v -0.161331839 0.025672727 0.156718147
v -0.208047008 0.067060231 0.187146007
v -0.141174748 0.049776207 0.174471149
v -0.208047008 0.067060231 0.187146007
v -0.161331839 0.025672727 0.156718147
v -0.183875092 0.065414732 0.172791719
v -0.132386887 0.012056740 0.112196515
v -0.166326747 0.049666644 0.140260037
v -0.150829187 0.020804332 0.138765454
v -0.166326747 0.049666644 0.140260037
v -0.132386887 0.012056740 0.112196515
v -0.154026053 0.066473381 0.100615484
v -0.142305119 -0.007620591 0.163880458
v -0.161331839 0.025672727 0.156718147
v -0.141174748 0.049776207 0.174471149
v -0.143056020 0.005787110 0.143030013
v -0.132386887 0.012056740 0.112196515
v -0.150829187 0.020804332 0.138765454
v -0.166326747 0.049666644 0.140260037
v -0.154026053 0.066473381 0.100615484
v -0.173747006 0.067053143 0.140479534
v -0.092691554 0.024850507 0.033570571
v -0.073643052 -0.003802775 -0.011470278
v -0.101208325 0.041433242 0.006793219
v -0.101208325 0.041433242 0.006793219
v -0.073643052 -0.003802775 -0.011470278
v -0.104422172 0.042069819 -0.024252361
v -0.128851527 0.023011806 0.268887136
v -0.144098341 0.015552927 0.251011366
v -0.156664421 0.039576780 0.254901640
v -0.094612503 -0.005492027 0.224148366
v -0.111141404 0.007744596 0.255178322
v -0.050979781 -0.004374075 0.203966952
v -0.038664664 -0.019281066 -0.008435615
v -0.004055348 -0.007311908 0.049717278
v 0.003639124 -0.026158420 -0.007457669
v -0.004055348 -0.007311908 0.049717278
v -0.038664664 -0.019281066 -0.008435615
v -0.053261665 -0.009950076 0.043940811
v -0.012831661 0.139437631 0.012058299
v -0.052168339 0.139351279 -0.040182476
v -0.003942155 0.142319320 -0.035550664
v -0.052168339 0.139351279 -0.040182476
v -0.012831661 0.139437631 0.012058299
v -0.055463564 0.131462670 0.010121078
v -0.160765478 0.043245715 0.117058804
v -0.141174748 0.049776207 0.174471149
v -0.208047008 0.067060231 0.187146007
v -0.141174748 0.049776207 0.174471149
v -0.160765478 0.043245715 0.117058804
v -0.173344770 -0.027124537 0.129923492
v -0.069163421 -0.006747608 0.078936020
v -0.092691554 0.024850507 0.033570571
v -0.103494587 0.021438623 0.072601508
v -0.092691554 0.024850507 0.033570571
v -0.069163421 -0.006747608 0.078936020
v -0.053261665 -0.009950076 0.043940811
v -0.103494587 0.021438623 0.072601508
v -0.104572670 0.088039012 0.022654815
v -0.120678859 0.081381384 0.059121875
v -0.104572670 0.088039012 0.022654815
v -0.103494587 0.021438623 0.072601508
v -0.092691554 0.024850507 0.033570571
v -0.104572670 0.088039012 0.022654815
v -0.097386775 0.127253741 0.062107721
v -0.120678859 0.081381384 0.059121875
v -0.097386775 0.127253741 0.062107721
v -0.104572670 0.088039012 0.022654815
v -0.066618871 0.129883699 0.020690285
v -0.066618871 0.129883699 0.020690285
v -0.048339501 0.142742454 0.075083788
v -0.097386775 0.127253741 0.062107721
v -0.048339501 0.142742454 0.075083788
v -0.066618871 0.129883699 0.020690285
v -0.020578863 0.139245673 0.026843418
v -0.128851527 0.023011806 0.268887136
v -0.111141404 0.007744596 0.255178322
v -0.144098341 0.015552927 0.251011366
v -0.111141404 0.007744596 0.255178322
v -0.130682841 -0.006036775 0.225076737
v -0.144098341 0.015552927 0.251011366
v -0.130682841 -0.006036775 0.225076737
v -0.179149192 0.003391534 0.248197602
v -0.144098341 0.015552927 0.251011366
v -0.179149192 0.003391534 0.248197602
v -0.130682841 -0.006036775 0.225076737
v -0.159487262 -0.016787684 0.226236316
v -0.159487262 -0.016787684 0.226236316
v -0.185721066 -0.017622487 0.187397193
v -0.179149192 0.003391534 0.248197602
v -0.185721066 -0.017622487 0.187397193
v -0.159487262 -0.016787684 0.226236316
v -0.150142507 -0.014519480 0.174163682
v -0.185721066 -0.017622487 0.187397193
v -0.150142507 -0.014519480 0.174163682
v -0.173344770 -0.027124537 0.129923492
v -0.246063715 -0.009440653 0.155059275
v -0.224381580 0.003336046 0.199384702
v -0.185721066 -0.017622487 0.187397193
v -0.120678859 0.081381384 0.059121875
v -0.145931131 0.092171712 0.097629206
v -0.154026053 0.066473381 0.100615484
v -0.189654669 0.076097856 0.192834284
v -0.190717201 0.072863158 0.195013258
v -0.183875092 0.065414732 0.172791719
v -0.154026053 0.066473381 0.100615484
v -0.170892030 0.090546979 0.143046567
v -0.173747006 0.067053143 0.140479534
v -0.170892030 0.090546979 0.143046567
v -0.154026053 0.066473381 0.100615484
v -0.145931131 0.092171712 0.097629206
v -0.145931131 0.092171712 0.097629206
v -0.120678859 0.081381384 0.059121875
v -0.097386775 0.127253741 0.062107721
v -0.103323831 0.076344807 0.290164771
v -0.130347650 0.057285953 0.280108953
v -0.147391066 0.088376525 0.253119776
v -0.138639214 0.121063983 0.151802577
v -0.094620441 0.130851398 0.209438783
v -0.149230248 0.110003781 0.196248300
v -0.094620441 0.130851398 0.209438783
v -0.138639214 0.121063983 0.151802577
v -0.085422070 0.142739657 0.167444296
v -0.149230248 0.110003781 0.196248300
v -0.170892030 0.090546979 0.143046567
v -0.138639214 0.121063983 0.151802577
v -0.170892030 0.090546979 0.143046567
v -0.149230248 0.110003781 0.196248300
v -0.189654669 0.076097856 0.192834284
v -0.170892030 0.090546979 0.143046567
v -0.183875092 0.065414732 0.172791719
v -0.173747006 0.067053143 0.140479534
v -0.183875092 0.065414732 0.172791719
v -0.170892030 0.090546979 0.143046567
v -0.189654669 0.076097856 0.192834284
v -0.183875092 0.065414732 0.172791719
v -0.166326747 0.049666644 0.140260037
v -0.173747006 0.067053143 0.140479534
v -0.166326747 0.049666644 0.140260037
v -0.183875092 0.065414732 0.172791719
v -0.168951407 0.040158142 0.160927523
v -0.168951407 0.040158142 0.160927523
v -0.150829187 0.020804332 0.138765454
v -0.166326747 0.049666644 0.140260037
v -0.150829187 0.020804332 0.138765454
v -0.168951407 0.040158142 0.160927523
v -0.161331839 0.025672727 0.156718147
v -0.143056020 0.005787110 0.143030013
v -0.161331839 0.025672727 0.156718147
v -0.142305119 -0.007620591 0.163880458
v -0.161331839 0.025672727 0.156718147
v -0.143056020 0.005787110 0.143030013
v -0.150829187 0.020804332 0.138765454
v -0.094519050 -0.016327322 0.155067941
v -0.032464700 0.001123692 0.143443954
v -0.085844442 -0.007830003 0.127049287
v -0.032464700 0.001123692 0.143443954
v -0.094519050 -0.016327322 0.155067941
v -0.039059329 -0.007533092 0.170842386
v -0.085844442 -0.007830003 0.127049287
v -0.143056020 0.005787110 0.143030013
v -0.094519050 -0.016327322 0.155067941
v -0.143056020 0.005787110 0.143030013
v -0.085844442 -0.007830003 0.127049287
v -0.132386887 0.012056740 0.112196515
v -0.090216125 -0.013359882 0.190119035
v -0.135920963 -0.011163478 0.199801432
v -0.094612503 -0.005492027 0.224148366
v -0.135920963 -0.011163478 0.199801432
v -0.090216125 -0.013359882 0.190119035
v -0.142305119 -0.007620591 0.163880458
v -0.142305119 -0.007620591 0.163880458
v -0.150382095 -0.003065147 0.192986629
v -0.135920963 -0.011163478 0.199801432
v -0.150382095 -0.003065147 0.192986629
v -0.142305119 -0.007620591 0.163880458
v -0.141174748 0.049776207 0.174471149
v -0.150382095 -0.003065147 0.192986629
v -0.141174748 0.049776207 0.174471149
v -0.150142507 -0.014519480 0.174163682
v -0.222350074 0.054643384 0.188016254
v -0.183875092 0.065414732 0.172791719
v -0.190717201 0.072863158 0.195013258
v -0.183875092 0.065414732 0.172791719
v -0.222350074 0.054643384 0.188016254
v -0.208047008 0.067060231 0.187146007
v -0.050979781 -0.004374075 0.203966952
v -0.090216125 -0.013359882 0.190119035
v -0.094612503 -0.005492027 0.224148366
v -0.072284239 0.142914834 0.124577169
v -0.097386775 0.127253741 0.062107721
v -0.048339501 0.142742454 0.075083788
v -0.097386775 0.127253741 0.062107721
v -0.072284239 0.142914834 0.124577169
v -0.120349717 0.122475460 0.108097746
v -0.103323831 0.076344807 0.290164771
v -0.147391066 0.088376525 0.253119776
v -0.102628856 0.101355945 0.263016800
v -0.015389516 0.000878588 0.095245266
v -0.053261665 -0.009950076 0.043940811
v -0.069163421 -0.006747608 0.078936020
v -0.053261665 -0.009950076 0.043940811
v -0.015389516 0.000878588 0.095245266
v -0.004055348 -0.007311908 0.049717278
v -0.161331839 0.025672727 0.156718147
v -0.168951407 0.040158142 0.160927523
v -0.183875092 0.065414732 0.172791719
v -0.089838281 0.014757054 0.056833926
v -0.096047725 -0.024336298 0.120270747
v -0.095459503 0.026059715 0.123558134
v -0.096047725 -0.024336298 0.120270747
v -0.089838281 0.014757054 0.056833926
v -0.090079398 -0.020672126 0.058177003
v 0.170053642 -0.026762244 0.084692105
v 0.234298775 0.017965057 0.099548148
v 0.169590861 0.023164335 0.075442132
v 0.234298775 0.017965057 0.099548148
v 0.170053642 -0.026762244 0.084692105
v 0.231368286 -0.021759489 0.105257070
v -0.106762899 0.107843261 -0.043018652
v -0.003942155 0.142319320 -0.035550664
v -0.052168339 0.139351279 -0.040182476
v -0.104422172 0.042069819 -0.024252361
v -0.003942155 0.142319320 -0.035550664
v -0.106762899 0.107843261 -0.043018652
v -0.073643052 -0.003802775 -0.011470278
v -0.003942155 0.142319320 -0.035550664
v -0.104422172 0.042069819 -0.024252361
v -0.038664664 -0.019281066 -0.008435615
v -0.003942155 0.142319320 -0.035550664
v -0.073643052 -0.003802775 -0.011470278
v 0.003639124 -0.026158420 -0.007457669
v -0.003942155 0.142319320 -0.035550664
v -0.038664664 -0.019281066 -0.008435615
v -0.003942155 0.142319320 -0.035550664
v 0.099792678 0.122701642 -0.009652688
v 0.040808143 0.145933836 -0.026173947
v -0.003942155 0.142319320 -0.035550664
v 0.100889692 0.056838735 0.008912700
v 0.099792678 0.122701642 -0.009652688
v -0.003942155 0.142319320 -0.035550664
v 0.077693842 0.009820945 0.016209439
v 0.100889692 0.056838735 0.008912700
v -0.003942155 0.142319320 -0.035550664
v 0.047356257 -0.014300137 0.006393854
v 0.077693842 0.009820945 0.016209439
v 0.003639124 -0.026158420 -0.007457669
v 0.047356257 -0.014300137 0.006393854
v -0.003942155 0.142319320 -0.035550664
v -0.103323831 0.076344807 0.290164771
v -0.075336592 0.051165832 0.225556131
v -0.130347650 0.057285953 0.280108953
v -0.130347650 0.057285953 0.280108953
v -0.075336592 0.051165832 0.225556131
v -0.128851527 0.023011806 0.268887136
v -0.128851527 0.023011806 0.268887136
v -0.075336592 0.051165832 0.225556131
v -0.111141404 0.007744596 0.255178322
v -0.111141404 0.007744596 0.255178322
v -0.075336592 0.051165832 0.225556131
v -0.050979781 -0.004374075 0.203966952
v -0.069780260 0.075744196 0.298175790
v -0.075336592 0.051165832 0.225556131
v -0.103323831 0.076344807 0.290164771
v -0.046170733 0.048115055 0.293142904
v -0.075336592 0.051165832 0.225556131
v -0.069780260 0.075744196 0.298175790
v -0.043625360 0.028433167 0.275805323
v -0.075336592 0.051165832 0.225556131
v -0.046170733 0.048115055 0.293142904
v -0.050979781 -0.004374075 0.203966952
v -0.075336592 0.051165832 0.225556131
v -0.043625360 0.028433167 0.275805323
vt 0.603976011 0.300641000
vt 0.535688996 0.312111974
vt 0.534528017 0.296684980
vt 0.535688996 0.312111974
vt 0.603976011 0.300641000
vt 0.607192993 0.314764977
vt 0.610871017 0.355998993
vt 0.557678998 0.388221025
vt 0.542762995 0.342918038
vt 0.557678998 0.388221025
vt 0.610871017 0.355998993
vt 0.608641028 0.390578985
vt 0.752331018 0.240095973
vt 0.690639973 0.291936994
vt 0.695101976 0.256255984
vt 0.690639973 0.291936994
vt 0.752331018 0.240095973
vt 0.741757989 0.289667010
vt 0.654361010 0.548597991
vt 0.741535008 0.533851981
vt 0.743856013 0.546953976
vt 0.741535008 0.533851981
vt 0.654361010 0.548597991
vt 0.651573002 0.534998000
vt 0.579219997 0.533981025
vt 0.654361010 0.548597991
vt 0.617273986 0.557916999
vt 0.654361010 0.548597991
vt 0.579219997 0.533981025
vt 0.651573002 0.534998000
vt 0.542595029 0.531789005
vt 0.576694012 0.571959019
vt 0.538973987 0.574681997
vt 0.576694012 0.571959019
vt 0.542595029 0.531789005
vt 0.579219997 0.533981025
vt 0.542762995 0.342918038
vt 0.500000000 0.388388038
vt 0.500000000 0.345978975
vt 0.500000000 0.388388038
vt 0.542762995 0.342918038
vt 0.557678998 0.388221025
vt 0.743856013 0.546953976
vt 0.792635977 0.531741023
vt 0.792668998 0.545962989
vt 0.792635977 0.531741023
vt 0.743856013 0.546953976
vt 0.741535008 0.533851981
vt 0.737048984 0.443035960
vt 0.792944014 0.388496041
vt 0.792720973 0.437319040
vt 0.792944014 0.388496041
vt 0.737048984 0.443035960
vt 0.733702004 0.387537003
vt 0.743856013 0.546953976
vt 0.678378999 0.585349977
vt 0.654361010 0.548597991
vt 0.678378999 0.585349977
vt 0.743856013 0.546953976
vt 0.743906021 0.578772008
vt 0.654361010 0.548597991
vt 0.621698022 0.580618978
vt 0.617273986 0.557916999
vt 0.621698022 0.580618978
vt 0.654361010 0.548597991
vt 0.678378999 0.585349977
vt 0.741281986 0.490468025
vt 0.670074999 0.445484996
vt 0.737048984 0.443035960
vt 0.648630023 0.437633991
vt 0.585056007 0.484302044
vt 0.602129996 0.430189013
vt 0.585056007 0.484302044
vt 0.648630023 0.437633991
vt 0.652464986 0.490355968
vt 0.585056007 0.484302044
vt 0.557969987 0.421974003
vt 0.602129996 0.430189013
vt 0.557969987 0.421974003
vt 0.585056007 0.484302044
vt 0.551734984 0.483642995
vt 0.500000000 0.421841025
vt 0.551734984 0.483642995
vt 0.499976993 0.485785961
vt 0.551734984 0.483642995
vt 0.500000000 0.421841025
vt 0.557969987 0.421974003
vt 0.860759974 0.111948013
vt 0.866550028 0.170342982
vt 0.843231022 0.111030996
vt 0.866550028 0.170342982
vt 0.842415988 0.253648996
vt 0.841543972 0.177954018
vt 0.842415988 0.253648996
vt 0.866550028 0.170342982
vt 0.864912987 0.245065987
vt 0.925984979 0.112119019
vt 0.954276025 0.147803009
vt 0.927102983 0.159317017
vt 0.954276025 0.147803009
vt 0.926385999 0.225605965
vt 0.927102983 0.159317017
vt 0.926385999 0.225605965
vt 0.954276025 0.147803009
vt 0.948863029 0.233502984
vt 0.912585020 0.119895995
vt 0.891726971 0.161409974
vt 0.899125993 0.115993977
vt 0.912585020 0.119895995
vt 0.927102983 0.159317017
vt 0.891726971 0.161409974
vt 0.912585020 0.119895995
vt 0.925984979 0.112119019
vt 0.927102983 0.159317017
vt 0.927102983 0.159317017
vt 0.893097997 0.233857036
vt 0.891726971 0.161409974
vt 0.893097997 0.233857036
vt 0.927102983 0.159317017
vt 0.926385999 0.225605965
vt 0.885675013 0.117033005
vt 0.891726971 0.161409974
vt 0.866550028 0.170342982
vt 0.891726971 0.161409974
vt 0.864912987 0.245065987
vt 0.866550028 0.170342982
vt 0.864912987 0.245065987
vt 0.891726971 0.161409974
vt 0.893097997 0.233857036
vt 0.864821017 0.288259029
vt 0.847931027 0.394559979
vt 0.844277024 0.292554021
vt 0.847931027 0.394559979
vt 0.864821017 0.288259029
vt 0.866639018 0.393311024
vt 0.866639018 0.393311024
vt 0.848022997 0.457370996
vt 0.847931027 0.394559979
vt 0.848022997 0.457370996
vt 0.866639018 0.393311024
vt 0.863941014 0.456586957
vt 0.949962974 0.277244985
vt 0.913601995 0.368503988
vt 0.923420012 0.273869991
vt 0.913601995 0.368503988
vt 0.949962974 0.277244985
vt 0.953837991 0.381232977
vt 0.953837991 0.381232977
vt 0.906608999 0.451595008
vt 0.913601995 0.368503988
vt 0.906608999 0.451595008
vt 0.953837991 0.381232977
vt 0.949084997 0.455731988
vt 0.923420012 0.273869991
vt 0.890681982 0.381986022
vt 0.893499970 0.278527021
vt 0.890681982 0.381986022
vt 0.923420012 0.273869991
vt 0.913601995 0.368503988
vt 0.913601995 0.368503988
vt 0.885541022 0.453016043
vt 0.890681982 0.381986022
vt 0.885541022 0.453016043
vt 0.913601995 0.368503988
vt 0.906608999 0.451595008
vt 0.893499970 0.278527021
vt 0.866639018 0.393311024
vt 0.864821017 0.288259029
vt 0.866639018 0.393311024
vt 0.893499970 0.278527021
vt 0.890681982 0.381986022
vt 0.890681982 0.381986022
vt 0.863941014 0.456586957
vt 0.866639018 0.393311024
vt 0.863941014 0.456586957
vt 0.890681982 0.381986022
vt 0.885541022 0.453016043
vt 0.893097997 0.233857036
vt 0.864821017 0.288259029
vt 0.864912987 0.245065987
vt 0.864821017 0.288259029
vt 0.893097997 0.233857036
vt 0.893499970 0.278527021
vt 0.864912987 0.245065987
vt 0.844277024 0.292554021
vt 0.842415988 0.253648996
vt 0.844277024 0.292554021
vt 0.864912987 0.245065987
vt 0.864821017 0.288259029
vt 0.926385999 0.225605965
vt 0.949962974 0.277244985
vt 0.923420012 0.273869991
vt 0.949962974 0.277244985
vt 0.926385999 0.225605965
vt 0.948863029 0.233502984
vt 0.923420012 0.273869991
vt 0.893097997 0.233857036
vt 0.926385999 0.225605965
vt 0.893097997 0.233857036
vt 0.923420012 0.273869991
vt 0.893499970 0.278527021
vt 0.897534013 0.059441984
vt 0.885675013 0.117033005
vt 0.886667013 0.065150976
vt 0.885675013 0.117033005
vt 0.897534013 0.059441984
vt 0.899125993 0.115993977
vt 0.886667013 0.065150976
vt 0.899981022 0.024266005
vt 0.897534013 0.059441984
vt 0.899981022 0.024266005
vt 0.886667013 0.065150976
vt 0.884509981 0.024361014
vt 0.670074999 0.445484996
vt 0.733702004 0.387537003
vt 0.737048984 0.443035960
vt 0.733702004 0.387537003
vt 0.670074999 0.445484996
vt 0.696238995 0.383486986
vt 0.695101976 0.256255984
vt 0.725718975 0.226604998
vt 0.752331018 0.240095973
vt 0.865660012 0.066430986
vt 0.856742978 0.024578989
vt 0.867962003 0.024353027
vt 0.856742978 0.024578989
vt 0.865660012 0.066430986
vt 0.854628980 0.084885001
vt 0.860759974 0.111948013
vt 0.854628980 0.084885001
vt 0.865660012 0.066430986
vt 0.701421022 0.329308033
vt 0.741757989 0.289667010
vt 0.732649028 0.332749009
vt 0.701421022 0.329308033
vt 0.690639973 0.291936994
vt 0.741757989 0.289667010
vt 0.701421022 0.329308033
vt 0.692811012 0.310135007
vt 0.690639973 0.291936994
vt 0.792513013 0.341719031
vt 0.741757989 0.289667010
vt 0.791697025 0.285986006
vt 0.741757989 0.289667010
vt 0.792513013 0.341719031
vt 0.732649028 0.332749009
vt 0.897534013 0.059441984
vt 0.899981022 0.024266005
vt 0.911262989 0.059193969
vt 0.899125993 0.115993977
vt 0.910251021 0.082895994
vt 0.912585020 0.119895995
vt 0.899125993 0.115993977
vt 0.911262989 0.059193969
vt 0.910251021 0.082895994
vt 0.899125993 0.115993977
vt 0.897534013 0.059441984
vt 0.911262989 0.059193969
vt 0.935548007 0.047254980
vt 0.925984979 0.112119019
vt 0.924805999 0.080877006
vt 0.925984979 0.112119019
vt 0.935548007 0.047254980
vt 0.953871012 0.104737997
vt 0.602129996 0.430189013
vt 0.647809029 0.384287000
vt 0.648630023 0.437633991
vt 0.647809029 0.384287000
vt 0.602129996 0.430189013
vt 0.621985018 0.395148993
vt 0.964044988 0.046155989
vt 0.953871012 0.104737997
vt 0.935548007 0.047254980
vt 0.608641028 0.390578985
vt 0.621985018 0.395148993
vt 0.602129996 0.430189013
vt 0.647809029 0.384287000
vt 0.660687029 0.378998041
vt 0.648630023 0.437633991
vt 0.579219997 0.533981025
vt 0.617273986 0.557916999
vt 0.576694012 0.571959019
vt 0.617273986 0.557916999
vt 0.621698022 0.580618978
vt 0.576694012 0.571959019
vt 0.725718975 0.226604998
vt 0.695101976 0.256255984
vt 0.681759000 0.232972026
vt 0.535688996 0.312111974
vt 0.500000000 0.345978975
vt 0.534528017 0.296684980
vt 0.538973987 0.574681997
vt 0.500000000 0.531428993
vt 0.542595029 0.531789005
vt 0.500000000 0.531428993
vt 0.538973987 0.574681997
vt 0.500000000 0.577818990
vt 0.792668998 0.545962989
vt 0.743906021 0.578772008
vt 0.743856013 0.546953976
vt 0.743906021 0.578772008
vt 0.792668998 0.545962989
vt 0.792667985 0.574760020
vt 0.954276025 0.147803009
vt 0.925984979 0.112119019
vt 0.953871012 0.104737997
vt 0.843231022 0.111030996
vt 0.866550028 0.170342982
vt 0.841543972 0.177954018
vt 0.551734984 0.483642995
vt 0.579219997 0.533981025
vt 0.542595029 0.531789005
vt 0.579219997 0.533981025
vt 0.551734984 0.483642995
vt 0.585056007 0.484302044
vt 0.585056007 0.484302044
vt 0.651573002 0.534998000
vt 0.579219997 0.533981025
vt 0.651573002 0.534998000
vt 0.585056007 0.484302044
vt 0.652464986 0.490355968
vt 0.651573002 0.534998000
vt 0.741281986 0.490468025
vt 0.741535008 0.533851981
vt 0.741281986 0.490468025
vt 0.651573002 0.534998000
vt 0.652464986 0.490355968
vt 0.741535008 0.533851981
vt 0.793290019 0.492604971
vt 0.792635977 0.531741023
vt 0.793290019 0.492604971
vt 0.741535008 0.533851981
vt 0.741281986 0.490468025
vt 0.581167996 0.257534027
vt 0.585162997 0.277191043
vt 0.534528017 0.296684980
vt 0.534528017 0.296684980
vt 0.585162997 0.277191043
vt 0.603976011 0.300641000
vt 0.867962003 0.024353027
vt 0.886667013 0.065150976
vt 0.865660012 0.066430986
vt 0.886667013 0.065150976
vt 0.867962003 0.024353027
vt 0.884509981 0.024361014
vt 0.865660012 0.066430986
vt 0.885675013 0.117033005
vt 0.860759974 0.111948013
vt 0.885675013 0.117033005
vt 0.865660012 0.066430986
vt 0.886667013 0.065150976
vt 0.885675013 0.117033005
vt 0.866550028 0.170342982
vt 0.860759974 0.111948013
vt 0.891726971 0.161409974
vt 0.885675013 0.117033005
vt 0.899125993 0.115993977
vt 0.652464986 0.490355968
vt 0.648630023 0.437633991
vt 0.670074999 0.445484996
vt 0.701421022 0.329308033
vt 0.674300015 0.332125008
vt 0.692811012 0.310135007
vt 0.648630023 0.437633991
vt 0.696238995 0.383486986
vt 0.670074999 0.445484996
vt 0.696238995 0.383486986
vt 0.648630023 0.437633991
vt 0.660687029 0.378998041
vt 0.670074999 0.445484996
vt 0.741281986 0.490468025
vt 0.652464986 0.490355968
vt 0.791822016 0.254308999
vt 0.741757989 0.289667010
vt 0.752331018 0.240095973
vt 0.733702004 0.387537003
vt 0.792513013 0.341719031
vt 0.792944014 0.388496041
vt 0.792513013 0.341719031
vt 0.733702004 0.387537003
vt 0.732649028 0.332749009
vt 0.732649028 0.332749009
vt 0.696238995 0.383486986
vt 0.701421022 0.329308033
vt 0.696238995 0.383486986
vt 0.732649028 0.332749009
vt 0.733702004 0.387537003
vt 0.696238995 0.383486986
vt 0.674300015 0.332125008
vt 0.701421022 0.329308033
vt 0.674300015 0.332125008
vt 0.696238995 0.383486986
vt 0.660687029 0.378998041
vt 0.674300015 0.332125008
vt 0.647809029 0.384287000
vt 0.642271996 0.359522998
vt 0.647809029 0.384287000
vt 0.674300015 0.332125008
vt 0.660687029 0.378998041
vt 0.642271996 0.359522998
vt 0.621985018 0.395148993
vt 0.630401015 0.361163020
vt 0.621985018 0.395148993
vt 0.642271996 0.359522998
vt 0.647809029 0.384287000
vt 0.608641028 0.390578985
vt 0.630401015 0.361163020
vt 0.621985018 0.395148993
vt 0.630401015 0.361163020
vt 0.608641028 0.390578985
vt 0.610871017 0.355998993
vt 0.557678998 0.388221025
vt 0.500000000 0.421841025
vt 0.500000000 0.388388038
vt 0.500000000 0.421841025
vt 0.557678998 0.388221025
vt 0.557969987 0.421974003
vt 0.557969987 0.421974003
vt 0.608641028 0.390578985
vt 0.602129996 0.430189013
vt 0.608641028 0.390578985
vt 0.557969987 0.421974003
vt 0.557678998 0.388221025
vt 0.542762995 0.342918038
vt 0.607192993 0.314764977
vt 0.610871017 0.355998993
vt 0.607192993 0.314764977
vt 0.542762995 0.342918038
vt 0.535688996 0.312111974
vt 0.841925025 0.054974973
vt 0.854628980 0.084885001
vt 0.843231022 0.111030996
vt 0.854628980 0.084885001
vt 0.841925025 0.054974973
vt 0.856742978 0.024578989
vt 0.854628980 0.084885001
vt 0.860759974 0.111948013
vt 0.843231022 0.111030996
vt 0.912585020 0.119895995
vt 0.924805999 0.080877006
vt 0.925984979 0.112119019
vt 0.924805999 0.080877006
vt 0.912585020 0.119895995
vt 0.910251021 0.082895994
vt 0.542762995 0.342918038
vt 0.500000000 0.345978975
vt 0.535688996 0.312111974
vt 0.792720973 0.437319040
vt 0.741281986 0.490468025
vt 0.737048984 0.443035960
vt 0.741281986 0.490468025
vt 0.792720973 0.437319040
vt 0.793290019 0.492604971
vt 0.791822016 0.254308999
vt 0.791697025 0.285986006
vt 0.741757989 0.289667010
vt 0.542595029 0.531789005
vt 0.499976993 0.485785961
vt 0.551734984 0.483642995
vt 0.499976993 0.485785961
vt 0.542595029 0.531789005
vt 0.500000000 0.531428993
vt 0.935548007 0.047254980
vt 0.924805999 0.080877006
vt 0.912096977 0.056493998
vt 0.396023989 0.300641000
vt 0.464455009 0.312301040
vt 0.392807007 0.314764977
vt 0.464455009 0.312301040
vt 0.396023989 0.300641000
vt 0.467204005 0.296949029
vt 0.389115006 0.356135011
vt 0.442321002 0.388221025
vt 0.391359001 0.390578985
vt 0.442321002 0.388221025
vt 0.389115006 0.356135011
vt 0.457237005 0.342918038
vt 0.247668996 0.240095973
vt 0.309359998 0.291936994
vt 0.258242011 0.289667010
vt 0.309359998 0.291936994
vt 0.247668996 0.240095973
vt 0.304897994 0.256255984
vt 0.345638990 0.548597991
vt 0.258446991 0.533842981
vt 0.348426998 0.534998000
vt 0.258446991 0.533842981
vt 0.345638990 0.548597991
vt 0.256424993 0.546688974
vt 0.420780003 0.533981025
vt 0.345638990 0.548597991
vt 0.348426998 0.534998000
vt 0.345638990 0.548597991
vt 0.420780003 0.533981025
vt 0.382726014 0.557916999
vt 0.457405001 0.531789005
vt 0.423305988 0.571959019
vt 0.420780003 0.533981025
vt 0.423305988 0.571959019
vt 0.457405001 0.531789005
vt 0.461026013 0.574681997
vt 0.457237005 0.342918038
vt 0.500000000 0.388388038
vt 0.442321002 0.388221025
vt 0.500000000 0.388388038
vt 0.457237005 0.342918038
vt 0.500000000 0.345978975
vt 0.256424993 0.546688974
vt 0.207439005 0.531753004
vt 0.258446991 0.533842981
vt 0.207439005 0.531753004
vt 0.256424993 0.546688974
vt 0.207432002 0.545928001
vt 0.262950987 0.443035960
vt 0.207056001 0.388496041
vt 0.266297996 0.387537003
vt 0.207056001 0.388496041
vt 0.262950987 0.443035960
vt 0.207278997 0.437319040
vt 0.256424993 0.546688974
vt 0.321621001 0.585349977
vt 0.256094009 0.578772008
vt 0.321621001 0.585349977
vt 0.256424993 0.546688974
vt 0.345638990 0.548597991
vt 0.345638990 0.548597991
vt 0.378302008 0.580618978
vt 0.321621001 0.585349977
vt 0.378302008 0.580618978
vt 0.345638990 0.548597991
vt 0.382726014 0.557916999
vt 0.258354008 0.490774035
vt 0.262950987 0.443035960
vt 0.329925001 0.445484996
vt 0.351370007 0.437633991
vt 0.414943993 0.484302044
vt 0.347535014 0.490355968
vt 0.414943993 0.484302044
vt 0.351370007 0.437633991
vt 0.397870004 0.430189013
vt 0.414943993 0.484302044
vt 0.442030013 0.421974003
vt 0.448264986 0.483642995
vt 0.442030013 0.421974003
vt 0.414943993 0.484302044
vt 0.397870004 0.430189013
vt 0.500000000 0.421841025
vt 0.448264986 0.483642995
vt 0.442030013 0.421974003
vt 0.448264986 0.483642995
vt 0.500000000 0.421841025
vt 0.499976993 0.485785961
vt 0.139239997 0.111948013
vt 0.156769007 0.111030996
vt 0.133450001 0.170342982
vt 0.133450001 0.170342982
vt 0.157583997 0.253648996
vt 0.135086998 0.245065987
vt 0.157583997 0.253648996
vt 0.133450001 0.170342982
vt 0.158455998 0.177954018
vt 0.074014999 0.112119019
vt 0.072897002 0.159317017
vt 0.045724001 0.147803009
vt 0.045724001 0.147803009
vt 0.073614001 0.225605965
vt 0.051135998 0.233502984
vt 0.073614001 0.225605965
vt 0.045724001 0.147803009
vt 0.072897002 0.159317017
vt 0.087415002 0.119895995
vt 0.072897002 0.159317017
vt 0.074014999 0.112119019
vt 0.087415002 0.119895995
vt 0.108273000 0.161409974
vt 0.072897002 0.159317017
vt 0.087415002 0.119895995
vt 0.100873999 0.115993977
vt 0.108273000 0.161409974
vt 0.072897002 0.159317017
vt 0.106902003 0.233857036
vt 0.073614001 0.225605965
vt 0.106902003 0.233857036
vt 0.072897002 0.159317017
vt 0.108273000 0.161409974
vt 0.114325002 0.117033005
vt 0.133450001 0.170342982
vt 0.108273000 0.161409974
vt 0.108273000 0.161409974
vt 0.135086998 0.245065987
vt 0.106902003 0.233857036
vt 0.135086998 0.245065987
vt 0.108273000 0.161409974
vt 0.133450001 0.170342982
vt 0.135178998 0.288259029
vt 0.152069002 0.394559979
vt 0.133360997 0.393311024
vt 0.152069002 0.394559979
vt 0.135178998 0.288259029
vt 0.155723006 0.292554021
vt 0.133360997 0.393311024
vt 0.151977003 0.457370996
vt 0.136059001 0.456586957
vt 0.151977003 0.457370996
vt 0.133360997 0.393311024
vt 0.152069002 0.394559979
vt 0.050037000 0.277244985
vt 0.086397998 0.368503988
vt 0.046162002 0.381232977
vt 0.086397998 0.368503988
vt 0.050037000 0.277244985
vt 0.076580003 0.273869991
vt 0.046162002 0.381232977
vt 0.093391001 0.451595008
vt 0.050914999 0.455731988
vt 0.093391001 0.451595008
vt 0.046162002 0.381232977
vt 0.086397998 0.368503988
vt 0.076580003 0.273869991
vt 0.109318003 0.381986022
vt 0.086397998 0.368503988
vt 0.109318003 0.381986022
vt 0.076580003 0.273869991
vt 0.106500000 0.278527021
vt 0.086397998 0.368503988
vt 0.114459001 0.453016043
vt 0.093391001 0.451595008
vt 0.114459001 0.453016043
vt 0.086397998 0.368503988
vt 0.109318003 0.381986022
vt 0.106500000 0.278527021
vt 0.133360997 0.393311024
vt 0.109318003 0.381986022
vt 0.133360997 0.393311024
vt 0.106500000 0.278527021
vt 0.135178998 0.288259029
vt 0.109318003 0.381986022
vt 0.136059001 0.456586957
vt 0.114459001 0.453016043
vt 0.136059001 0.456586957
vt 0.109318003 0.381986022
vt 0.133360997 0.393311024
vt 0.106902003 0.233857036
vt 0.135178998 0.288259029
vt 0.106500000 0.278527021
vt 0.135178998 0.288259029
vt 0.106902003 0.233857036
vt 0.135086998 0.245065987
vt 0.135086998 0.245065987
vt 0.155723006 0.292554021
vt 0.135178998 0.288259029
vt 0.155723006 0.292554021
vt 0.135086998 0.245065987
vt 0.157583997 0.253648996
vt 0.073614001 0.225605965
vt 0.050037000 0.277244985
vt 0.051135998 0.233502984
vt 0.050037000 0.277244985
vt 0.073614001 0.225605965
vt 0.076580003 0.273869991
vt 0.076580003 0.273869991
vt 0.106902003 0.233857036
vt 0.106500000 0.278527021
vt 0.106902003 0.233857036
vt 0.076580003 0.273869991
vt 0.073614001 0.225605965
vt 0.102466002 0.059441984
vt 0.114325002 0.117033005
vt 0.100873999 0.115993977
vt 0.114325002 0.117033005
vt 0.102466002 0.059441984
vt 0.113333002 0.065150976
vt 0.113333002 0.065150976
vt 0.100019000 0.024266005
vt 0.115489997 0.024361014
vt 0.100019000 0.024266005
vt 0.113333002 0.065150976
vt 0.102466002 0.059441984
vt 0.329925001 0.445484996
vt 0.266297996 0.387537003
vt 0.303761005 0.383486986
vt 0.266297996 0.387537003
vt 0.329925001 0.445484996
vt 0.262950987 0.443035960
vt 0.304897994 0.256255984
vt 0.247668996 0.240095973
vt 0.274280995 0.226604998
vt 0.134340003 0.066430986
vt 0.143257007 0.024578989
vt 0.145371005 0.084885001
vt 0.143257007 0.024578989
vt 0.134340003 0.066430986
vt 0.132037997 0.024353027
vt 0.139239997 0.111948013
vt 0.134340003 0.066430986
vt 0.145371005 0.084885001
vt 0.298579007 0.329308033
vt 0.309359998 0.291936994
vt 0.307188988 0.310135007
vt 0.298579007 0.329308033
vt 0.258242011 0.289667010
vt 0.309359998 0.291936994
vt 0.298579007 0.329308033
vt 0.267351002 0.332749009
vt 0.258242011 0.289667010
vt 0.207487002 0.341719031
vt 0.258242011 0.289667010
vt 0.267351002 0.332749009
vt 0.258242011 0.289667010
vt 0.207487002 0.341719031
vt 0.208268002 0.286002040
vt 0.102466002 0.059441984
vt 0.088737004 0.059193969
vt 0.100019000 0.024266005
vt 0.100873999 0.115993977
vt 0.088737004 0.059193969
vt 0.102466002 0.059441984
vt 0.100873999 0.115993977
vt 0.089749001 0.082895994
vt 0.088737004 0.059193969
vt 0.100873999 0.115993977
vt 0.087415002 0.119895995
vt 0.089749001 0.082895994
vt 0.068429001 0.051310003
vt 0.074014999 0.112119019
vt 0.046128999 0.104737997
vt 0.074014999 0.112119019
vt 0.068429001 0.051310003
vt 0.076572001 0.084110022
vt 0.397870004 0.430189013
vt 0.352191001 0.384287000
vt 0.378015012 0.395148993
vt 0.352191001 0.384287000
vt 0.397870004 0.430189013
vt 0.351370007 0.437633991
vt 0.046535999 0.049862027
vt 0.068429001 0.051310003
vt 0.046128999 0.104737997
vt 0.391359001 0.390578985
vt 0.397870004 0.430189013
vt 0.378015012 0.395148993
vt 0.352191001 0.384287000
vt 0.351370007 0.437633991
vt 0.339313000 0.378998041
vt 0.420780003 0.533981025
vt 0.423305988 0.571959019
vt 0.382726014 0.557916999
vt 0.382726014 0.557916999
vt 0.423305988 0.571959019
vt 0.378302008 0.580618978
vt 0.274280995 0.226604998
vt 0.318241000 0.232972026
vt 0.304897994 0.256255984
vt 0.464455009 0.312301040
vt 0.467204005 0.296949029
vt 0.500000000 0.345978975
vt 0.461026013 0.574681997
vt 0.500000000 0.531428993
vt 0.500000000 0.577818990
vt 0.500000000 0.531428993
vt 0.461026013 0.574681997
vt 0.457405001 0.531789005
vt 0.207432002 0.545928001
vt 0.256094009 0.578772008
vt 0.207332000 0.574760020
vt 0.256094009 0.578772008
vt 0.207432002 0.545928001
vt 0.256424993 0.546688974
vt 0.045724001 0.147803009
vt 0.046128999 0.104737997
vt 0.074014999 0.112119019
vt 0.156769007 0.111030996
vt 0.158455998 0.177954018
vt 0.133450001 0.170342982
vt 0.448264986 0.483642995
vt 0.420780003 0.533981025
vt 0.414943993 0.484302044
vt 0.420780003 0.533981025
vt 0.448264986 0.483642995
vt 0.457405001 0.531789005
vt 0.414943993 0.484302044
vt 0.348426998 0.534998000
vt 0.347535014 0.490355968
vt 0.348426998 0.534998000
vt 0.414943993 0.484302044
vt 0.420780003 0.533981025
vt 0.348426998 0.534998000
vt 0.258354008 0.490774035
vt 0.347535014 0.490355968
vt 0.258354008 0.490774035
vt 0.348426998 0.534998000
vt 0.258446991 0.533842981
vt 0.258446991 0.533842981
vt 0.206678003 0.492614985
vt 0.258354008 0.490774035
vt 0.206678003 0.492614985
vt 0.258446991 0.533842981
vt 0.207439005 0.531753004
vt 0.418832004 0.257534027
vt 0.467204005 0.296949029
vt 0.414837003 0.277191043
vt 0.467204005 0.296949029
vt 0.396023989 0.300641000
vt 0.414837003 0.277191043
vt 0.132037997 0.024353027
vt 0.113333002 0.065150976
vt 0.115489997 0.024361014
vt 0.113333002 0.065150976
vt 0.132037997 0.024353027
vt 0.134340003 0.066430986
vt 0.134340003 0.066430986
vt 0.114325002 0.117033005
vt 0.113333002 0.065150976
vt 0.114325002 0.117033005
vt 0.134340003 0.066430986
vt 0.139239997 0.111948013
vt 0.114325002 0.117033005
vt 0.139239997 0.111948013
vt 0.133450001 0.170342982
vt 0.108273000 0.161409974
vt 0.100873999 0.115993977
vt 0.114325002 0.117033005
vt 0.347535014 0.490355968
vt 0.329925001 0.445484996
vt 0.351370007 0.437633991
vt 0.298579007 0.329308033
vt 0.307188988 0.310135007
vt 0.321146011 0.348260999
vt 0.351370007 0.437633991
vt 0.303761005 0.383486986
vt 0.339313000 0.378998041
vt 0.303761005 0.383486986
vt 0.351370007 0.437633991
vt 0.329925001 0.445484996
vt 0.329925001 0.445484996
vt 0.347535014 0.490355968
vt 0.258354008 0.490774035
vt 0.207821995 0.254350007
vt 0.247668996 0.240095973
vt 0.258242011 0.289667010
vt 0.266297996 0.387537003
vt 0.207487002 0.341719031
vt 0.267351002 0.332749009
vt 0.207487002 0.341719031
vt 0.266297996 0.387537003
vt 0.207056001 0.388496041
vt 0.267351002 0.332749009
vt 0.303761005 0.383486986
vt 0.266297996 0.387537003
vt 0.303761005 0.383486986
vt 0.267351002 0.332749009
vt 0.298579007 0.329308033
vt 0.303761005 0.383486986
vt 0.321146011 0.348260999
vt 0.339313000 0.378998041
vt 0.321146011 0.348260999
vt 0.303761005 0.383486986
vt 0.298579007 0.329308033
vt 0.321146011 0.348260999
vt 0.352191001 0.384287000
vt 0.339313000 0.378998041
vt 0.352191001 0.384287000
vt 0.321146011 0.348260999
vt 0.356211007 0.361407995
vt 0.356211007 0.361407995
vt 0.378015012 0.395148993
vt 0.352191001 0.384287000
vt 0.378015012 0.395148993
vt 0.356211007 0.361407995
vt 0.373277992 0.363389015
vt 0.391359001 0.390578985
vt 0.373277992 0.363389015
vt 0.389115006 0.356135011
vt 0.373277992 0.363389015
vt 0.391359001 0.390578985
vt 0.378015012 0.395148993
vt 0.442321002 0.388221025
vt 0.500000000 0.421841025
vt 0.442030013 0.421974003
vt 0.500000000 0.421841025
vt 0.442321002 0.388221025
vt 0.500000000 0.388388038
vt 0.442030013 0.421974003
vt 0.391359001 0.390578985
vt 0.442321002 0.388221025
vt 0.391359001 0.390578985
vt 0.442030013 0.421974003
vt 0.397870004 0.430189013
vt 0.457237005 0.342918038
vt 0.392807007 0.314764977
vt 0.464455009 0.312301040
vt 0.392807007 0.314764977
vt 0.457237005 0.342918038
vt 0.389115006 0.356135011
vt 0.157878995 0.035984993
vt 0.145371005 0.084885001
vt 0.143257007 0.024578989
vt 0.145371005 0.084885001
vt 0.157878995 0.035984993
vt 0.156769007 0.111030996
vt 0.145371005 0.084885001
vt 0.156769007 0.111030996
vt 0.139239997 0.111948013
vt 0.087415002 0.119895995
vt 0.076572001 0.084110022
vt 0.089749001 0.082895994
vt 0.076572001 0.084110022
vt 0.087415002 0.119895995
vt 0.074014999 0.112119019
vt 0.500000000 0.345978975
vt 0.457237005 0.342918038
vt 0.464455009 0.312301040
vt 0.207278997 0.437319040
vt 0.258354008 0.490774035
vt 0.206678003 0.492614985
vt 0.258354008 0.490774035
vt 0.207278997 0.437319040
vt 0.262950987 0.443035960
vt 0.207821995 0.254350007
vt 0.258242011 0.289667010
vt 0.208268002 0.286002040
vt 0.499976993 0.485785961
vt 0.457405001 0.531789005
vt 0.448264986 0.483642995
vt 0.457405001 0.531789005
vt 0.499976993 0.485785961
vt 0.500000000 0.531428993
vt 0.068429001 0.051310003
vt 0.070969000 0.061758995
vt 0.076572001 0.084110022
vt 0.091627002 0.350187004
vt 0.134295002 0.355179012
vt 0.150214002 0.355962992
vt 0.134295002 0.355179012
vt 0.091627002 0.350187004
vt 0.112695001 0.351606965
vt 0.862178028 0.355179012
vt 0.904846013 0.350187004
vt 0.846258998 0.355962992
vt 0.904846013 0.350187004
vt 0.862178028 0.355179012
vt 0.883777976 0.351606965
vt 0.319858015 0.483940959
vt 0.205568001 0.473351955
vt 0.254330993 0.477364004
vt 0.376538992 0.479210973
vt 0.205568001 0.473351955
vt 0.319858015 0.483940959
vt 0.421541989 0.470551014
vt 0.205568001 0.473351955
vt 0.376538992 0.479210973
vt 0.459262997 0.473273993
vt 0.205568001 0.473351955
vt 0.421541989 0.470551014
vt 0.498236001 0.476410031
vt 0.205568001 0.473351955
vt 0.459262997 0.473273993
vt 0.790903986 0.473351955
vt 0.676615000 0.483940959
vt 0.742142022 0.477364004
vt 0.790903986 0.473351955
vt 0.619934022 0.479210973
vt 0.676615000 0.483940959
vt 0.790903986 0.473351955
vt 0.574931026 0.470551014
vt 0.619934022 0.479210973
vt 0.790903986 0.473351955
vt 0.537209988 0.473273993
vt 0.574931026 0.470551014
vt 0.498236001 0.476410031
vt 0.537209988 0.473273993
vt 0.790903986 0.473351955
vt 0.207821995 0.254350007
vt 0.229282007 0.259953976
vt 0.247668996 0.240095973
vt 0.247668996 0.240095973
vt 0.263552010 0.246096969
vt 0.274280995 0.226604998
vt 0.418832004 0.257534027
vt 0.430368990 0.284291983
vt 0.467204005 0.296949029
vt 0.467204005 0.296949029
vt 0.470382005 0.329998016
vt 0.500000000 0.345978975
vt 0.752331018 0.240095973
vt 0.764449000 0.263674974
vt 0.791822016 0.254308999
vt 0.725718975 0.226604998
vt 0.728157997 0.255044997
vt 0.752331018 0.240095973
vt 0.534528017 0.296684980
vt 0.565195978 0.285703003
vt 0.581167996 0.257534027
vt 0.500000000 0.345978975
vt 0.526955009 0.326691985
vt 0.534528017 0.296684980
vn -0.018859359 -0.880630818 0.473427594
vn 0.193079072 -0.922583984 0.334004887
vn -0.510812429 -0.709087324 0.486071837
vn 0.193079072 -0.922583984 0.334004887
vn -0.018859359 -0.880630818 0.473427594
vn 0.174521656 -0.979776736 -0.097876147
vn 0.603275366 -0.772917772 0.196613709
vn 0.614805477 -0.788644022 0.007404839
vn 0.415885022 -0.885989109 0.205092534
vn 0.614805477 -0.788644022 0.007404839
vn 0.603275366 -0.772917772 0.196613709
vn 0.920155571 -0.390217010 0.032317338
vn -0.246024890 -0.308419253 0.918884823
vn 0.233001497 0.409313247 0.882141127
vn 0.131510991 -0.067993472 0.988980155
vn 0.233001497 0.409313247 0.882141127
vn -0.246024890 -0.308419253 0.918884823
vn -0.263604731 0.793329653 0.548762797
vn 0.778123225 0.460829262 0.426802809
vn 0.195494492 0.977661128 -0.077205068
vn 0.240948662 0.955659688 0.169287632
vn 0.195494492 0.977661128 -0.077205068
vn 0.778123225 0.460829262 0.426802809
vn 0.830408052 0.500678136 0.244425595
vn 0.850908295 -0.269326238 0.451019347
vn 0.778123225 0.460829262 0.426802809
vn 0.885224892 -0.109318849 0.452135246
vn 0.778123225 0.460829262 0.426802809
vn 0.850908295 -0.269326238 0.451019347
vn 0.830408052 0.500678136 0.244425595
vn 0.459097889 -0.802232610 0.381643772
vn 0.649843297 -0.452552992 -0.610654959
vn 0.445146921 -0.552180805 -0.704940123
vn 0.649843297 -0.452552992 -0.610654959
vn 0.459097889 -0.802232610 0.381643772
vn 0.850908295 -0.269326238 0.451019347
vn 0.415885022 -0.885989109 0.205092534
vn 0.293118352 -0.955808198 0.022634482
vn 0.077927380 -0.821355111 0.565069115
vn 0.293118352 -0.955808198 0.022634482
vn 0.415885022 -0.885989109 0.205092534
vn 0.614805477 -0.788644022 0.007404839
vn 0.240948662 0.955659688 0.169287632
vn -0.104509882 0.987347828 -0.119255826
vn -0.094034644 0.992995344 0.071538330
vn -0.104509882 0.987347828 -0.119255826
vn 0.240948662 0.955659688 0.169287632
vn 0.195494492 0.977661128 -0.077205068
vn -0.058041205 0.997749569 -0.033571045
vn -0.305348530 0.952221592 0.006026203
vn -0.259478465 0.960664772 -0.098965255
vn -0.305348530 0.952221592 0.006026203
vn -0.058041205 0.997749569 -0.033571045
vn -0.081463879 0.991638436 0.100084207
vn 0.240948662 0.955659688 0.169287632
vn 0.749661085 0.494444552 -0.439923678
vn 0.778123225 0.460829262 0.426802809
vn 0.749661085 0.494444552 -0.439923678
vn 0.240948662 0.955659688 0.169287632
vn 0.142391023 0.989516367 -0.024127892
vn 0.778123225 0.460829262 0.426802809
vn 0.643423265 -0.235019831 -0.728541132
vn 0.885224892 -0.109318849 0.452135246
vn 0.643423265 -0.235019831 -0.728541132
vn 0.778123225 0.460829262 0.426802809
vn 0.749661085 0.494444552 -0.439923678
vn 0.230854095 0.971676441 -0.050510197
vn 0.427803619 0.903718814 0.016624352
vn -0.058041205 0.997749569 -0.033571045
vn 0.938405505 0.304241581 0.163805275
vn 0.947980047 -0.133767653 0.288859906
vn 0.982703282 -0.121245938 0.139977437
vn 0.947980047 -0.133767653 0.288859906
vn 0.938405505 0.304241581 0.163805275
vn 0.833812430 0.527400428 0.163112292
vn 0.947980047 -0.133767653 0.288859906
vn 0.724605424 -0.679928055 0.112449185
vn 0.982703282 -0.121245938 0.139977437
vn 0.724605424 -0.679928055 0.112449185
vn 0.947980047 -0.133767653 0.288859906
vn 0.589286717 -0.741834814 0.320034802
vn 0.304623230 -0.952351986 -0.015178334
vn 0.589286717 -0.741834814 0.320034802
vn 0.187801173 -0.960851139 0.203705198
vn 0.589286717 -0.741834814 0.320034802
vn 0.304623230 -0.952351986 -0.015178334
vn 0.724605424 -0.679928055 0.112449185
vn -0.369610997 -0.693381445 -0.618554673
vn -0.181840299 -0.778715269 -0.600447030
vn -0.386047724 0.240700218 -0.890522633
vn -0.181840299 -0.778715269 -0.600447030
vn -0.203072220 0.106141467 -0.973393889
vn 0.009293293 0.675599757 -0.737210013
vn -0.203072220 0.106141467 -0.973393889
vn -0.181840299 -0.778715269 -0.600447030
vn -0.284047775 -0.957864552 0.042571830
vn 0.141619228 0.937042420 -0.319210742
vn 0.009293293 0.675599757 -0.737210013
vn 0.398873745 0.785201288 0.473665148
vn 0.009293293 0.675599757 -0.737210013
vn 0.358022200 0.928890797 0.094773369
vn 0.398873745 0.785201288 0.473665148
vn 0.358022200 0.928890797 0.094773369
vn 0.009293293 0.675599757 -0.737210013
vn -0.203072220 0.106141467 -0.973393889
vn 0.267216455 0.441889881 0.856346133
vn 0.204798317 -0.546817692 0.811817751
vn 0.137146384 0.038955015 0.989784510
vn 0.267216455 0.441889881 0.856346133
vn 0.398873745 0.785201288 0.473665148
vn 0.204798317 -0.546817692 0.811817751
vn 0.267216455 0.441889881 0.856346133
vn 0.141619228 0.937042420 -0.319210742
vn 0.398873745 0.785201288 0.473665148
vn 0.398873745 0.785201288 0.473665148
vn 0.482514315 -0.218566118 0.848179691
vn 0.204798317 -0.546817692 0.811817751
vn 0.482514315 -0.218566118 0.848179691
vn 0.398873745 0.785201288 0.473665148
vn 0.358022200 0.928890797 0.094773369
vn -0.025220934 -0.886697307 0.461661987
vn 0.204798317 -0.546817692 0.811817751
vn -0.181840299 -0.778715269 -0.600447030
vn 0.204798317 -0.546817692 0.811817751
vn -0.284047775 -0.957864552 0.042571830
vn -0.181840299 -0.778715269 -0.600447030
vn -0.284047775 -0.957864552 0.042571830
vn 0.204798317 -0.546817692 0.811817751
vn 0.482514315 -0.218566118 0.848179691
vn -0.684954849 -0.727480456 -0.040112860
vn -0.530358137 0.688950696 -0.494031563
vn -0.344606043 0.816715927 -0.462840976
vn -0.530358137 0.688950696 -0.494031563
vn -0.684954849 -0.727480456 -0.040112860
vn -0.419620770 -0.907396054 -0.023469351
vn -0.419620770 -0.907396054 -0.023469351
vn -0.409422910 0.270038207 -0.871465574
vn -0.530358137 0.688950696 -0.494031563
vn -0.409422910 0.270038207 -0.871465574
vn -0.419620770 -0.907396054 -0.023469351
vn -0.023506717 -0.854370546 -0.519132358
vn -0.344606043 0.816715927 -0.462840976
vn 0.580197840 0.787878805 -0.206439953
vn 0.790107032 0.594833673 0.147999254
vn 0.580197840 0.787878805 -0.206439953
vn -0.344606043 0.816715927 -0.462840976
vn -0.530358137 0.688950696 -0.494031563
vn -0.530358137 0.688950696 -0.494031563
vn 0.508041744 0.504481380 -0.698134746
vn 0.580197840 0.787878805 -0.206439953
vn 0.508041744 0.504481380 -0.698134746
vn -0.530358137 0.688950696 -0.494031563
vn -0.409422910 0.270038207 -0.871465574
vn 0.790107032 0.594833673 0.147999254
vn 0.605033785 -0.709262931 0.361773705
vn 0.484359858 -0.770844296 0.413756692
vn 0.605033785 -0.709262931 0.361773705
vn 0.790107032 0.594833673 0.147999254
vn 0.580197840 0.787878805 -0.206439953
vn 0.580197840 0.787878805 -0.206439953
vn 0.762476129 -0.645757560 -0.040340145
vn 0.605033785 -0.709262931 0.361773705
vn 0.762476129 -0.645757560 -0.040340145
vn 0.580197840 0.787878805 -0.206439953
vn 0.508041744 0.504481380 -0.698134746
vn 0.484359858 -0.770844296 0.413756692
vn -0.419620770 -0.907396054 -0.023469351
vn -0.684954849 -0.727480456 -0.040112860
vn -0.419620770 -0.907396054 -0.023469351
vn 0.484359858 -0.770844296 0.413756692
vn 0.605033785 -0.709262931 0.361773705
vn 0.605033785 -0.709262931 0.361773705
vn -0.023506717 -0.854370546 -0.519132358
vn -0.419620770 -0.907396054 -0.023469351
vn -0.023506717 -0.854370546 -0.519132358
vn 0.605033785 -0.709262931 0.361773705
vn 0.762476129 -0.645757560 -0.040340145
vn 0.482514315 -0.218566118 0.848179691
vn -0.684954849 -0.727480456 -0.040112860
vn -0.284047775 -0.957864552 0.042571830
vn -0.684954849 -0.727480456 -0.040112860
vn 0.482514315 -0.218566118 0.848179691
vn 0.484359858 -0.770844296 0.413756692
vn -0.284047775 -0.957864552 0.042571830
vn -0.344606043 0.816715927 -0.462840976
vn -0.203072220 0.106141467 -0.973393889
vn -0.344606043 0.816715927 -0.462840976
vn -0.284047775 -0.957864552 0.042571830
vn -0.684954849 -0.727480456 -0.040112860
vn 0.358022200 0.928890797 0.094773369
vn -0.344606043 0.816715927 -0.462840976
vn 0.790107032 0.594833673 0.147999254
vn -0.344606043 0.816715927 -0.462840976
vn 0.358022200 0.928890797 0.094773369
vn -0.203072220 0.106141467 -0.973393889
vn 0.790107032 0.594833673 0.147999254
vn 0.482514315 -0.218566118 0.848179691
vn 0.358022200 0.928890797 0.094773369
vn 0.482514315 -0.218566118 0.848179691
vn 0.790107032 0.594833673 0.147999254
vn 0.484359858 -0.770844296 0.413756692
vn 0.142286800 -0.204090116 0.968556499
vn -0.025220934 -0.886697307 0.461661987
vn 0.171007549 -0.512297319 0.841610287
vn -0.025220934 -0.886697307 0.461661987
vn 0.142286800 -0.204090116 0.968556499
vn 0.137146384 0.038955015 0.989784510
vn 0.171007549 -0.512297319 0.841610287
vn 0.131510991 -0.067993472 0.988980155
vn 0.142286800 -0.204090116 0.968556499
vn 0.131510991 -0.067993472 0.988980155
vn 0.171007549 -0.512297319 0.841610287
vn 0.072205122 -0.637262683 0.767256602
vn 0.427803619 0.903718814 0.016624352
vn -0.081463879 0.991638436 0.100084207
vn -0.058041205 0.997749569 -0.033571045
vn -0.081463879 0.991638436 0.100084207
vn 0.427803619 0.903718814 0.016624352
vn 0.378905098 0.907707818 0.180270476
vn 0.131510991 -0.067993472 0.988980155
vn -0.460244213 -0.580200938 0.671968850
vn -0.246024890 -0.308419253 0.918884823
vn -0.180069938 -0.973364943 0.141899633
vn 0.174521656 -0.979776736 -0.097876147
vn -0.018859359 -0.880630818 0.473427594
vn 0.174521656 -0.979776736 -0.097876147
vn -0.180069938 -0.973364943 0.141899633
vn -0.857824347 -0.262984717 -0.441561353
vn -0.369610997 -0.693381445 -0.618554673
vn -0.857824347 -0.262984717 -0.441561353
vn -0.180069938 -0.973364943 0.141899633
vn 0.137156676 0.903939510 0.405069634
vn -0.263604731 0.793329653 0.548762797
vn -0.128756519 0.934550818 0.331717541
vn 0.137156676 0.903939510 0.405069634
vn 0.233001497 0.409313247 0.882141127
vn -0.263604731 0.793329653 0.548762797
vn 0.137156676 0.903939510 0.405069634
vn 0.372656694 0.505817122 0.777994876
vn 0.233001497 0.409313247 0.882141127
vn -0.366143516 0.887145299 0.280913054
vn -0.263604731 0.793329653 0.548762797
vn -0.396527437 0.780089612 0.483969203
vn -0.263604731 0.793329653 0.548762797
vn -0.366143516 0.887145299 0.280913054
vn -0.128756519 0.934550818 0.331717541
vn 0.142286800 -0.204090116 0.968556499
vn 0.131510991 -0.067993472 0.988980155
vn 0.233001497 0.409313247 0.882141127
vn 0.137146384 0.038955015 0.989784510
vn 0.372656694 0.505817122 0.777994876
vn 0.267216455 0.441889881 0.856346133
vn 0.137146384 0.038955015 0.989784510
vn 0.233001497 0.409313247 0.882141127
vn 0.372656694 0.505817122 0.777994876
vn 0.137146384 0.038955015 0.989784510
vn 0.142286800 -0.204090116 0.968556499
vn 0.233001497 0.409313247 0.882141127
vn 0.448719768 0.765763846 -0.460712820
vn 0.141619228 0.937042420 -0.319210742
vn 0.751067632 0.657993140 -0.054244269
vn 0.141619228 0.937042420 -0.319210742
vn 0.448719768 0.765763846 -0.460712820
vn -0.386047724 0.240700218 -0.890522633
vn 0.982703282 -0.121245938 0.139977437
vn 0.967730961 0.166791448 0.188884621
vn 0.938405505 0.304241581 0.163805275
vn 0.967730961 0.166791448 0.188884621
vn 0.982703282 -0.121245938 0.139977437
vn 0.970191705 0.108518020 0.216683859
vn 0.603275366 -0.772917772 0.196613709
vn -0.386047724 0.240700218 -0.890522633
vn 0.448719768 0.765763846 -0.460712820
vn 0.920155571 -0.390217010 0.032317338
vn 0.970191705 0.108518020 0.216683859
vn 0.982703282 -0.121245938 0.139977437
vn 0.967730961 0.166791448 0.188884621
vn 0.846083694 0.484872388 0.221452364
vn 0.938405505 0.304241581 0.163805275
vn 0.850908295 -0.269326238 0.451019347
vn 0.885224892 -0.109318849 0.452135246
vn 0.649843297 -0.452552992 -0.610654959
vn 0.885224892 -0.109318849 0.452135246
vn 0.643423265 -0.235019831 -0.728541132
vn 0.649843297 -0.452552992 -0.610654959
vn -0.460244213 -0.580200938 0.671968850
vn 0.131510991 -0.067993472 0.988980155
vn 0.072205122 -0.637262683 0.767256602
vn 0.193079072 -0.922583984 0.334004887
vn 0.077927380 -0.821355111 0.565069115
vn -0.510812429 -0.709087324 0.486071837
vn 0.445146921 -0.552180805 -0.704940123
vn 0.044972828 -0.967827732 0.247561964
vn 0.459097889 -0.802232610 0.381643772
vn 0.044972828 -0.967827732 0.247561964
vn 0.445146921 -0.552180805 -0.704940123
vn 0.175670593 -0.487508145 -0.855263498
vn -0.094034644 0.992995344 0.071538330
vn 0.142391023 0.989516367 -0.024127892
vn 0.240948662 0.955659688 0.169287632
vn 0.142391023 0.989516367 -0.024127892
vn -0.094034644 0.992995344 0.071538330
vn 0.170928668 -0.121283106 -0.977790263
vn 0.009293293 0.675599757 -0.737210013
vn 0.141619228 0.937042420 -0.319210742
vn -0.386047724 0.240700218 -0.890522633
vn -0.386047724 0.240700218 -0.890522633
vn -0.181840299 -0.778715269 -0.600447030
vn 0.009293293 0.675599757 -0.737210013
vn 0.589286717 -0.741834814 0.320034802
vn 0.850908295 -0.269326238 0.451019347
vn 0.459097889 -0.802232610 0.381643772
vn 0.850908295 -0.269326238 0.451019347
vn 0.589286717 -0.741834814 0.320034802
vn 0.947980047 -0.133767653 0.288859906
vn 0.947980047 -0.133767653 0.288859906
vn 0.830408052 0.500678136 0.244425595
vn 0.850908295 -0.269326238 0.451019347
vn 0.830408052 0.500678136 0.244425595
vn 0.947980047 -0.133767653 0.288859906
vn 0.833812430 0.527400428 0.163112292
vn 0.830408052 0.500678136 0.244425595
vn 0.230854095 0.971676441 -0.050510197
vn 0.195494492 0.977661128 -0.077205068
vn 0.230854095 0.971676441 -0.050510197
vn 0.830408052 0.500678136 0.244425595
vn 0.833812430 0.527400428 0.163112292
vn 0.195494492 0.977661128 -0.077205068
vn -0.178508155 0.972495631 -0.149623149
vn -0.104509882 0.987347828 -0.119255826
vn -0.178508155 0.972495631 -0.149623149
vn 0.195494492 0.977661128 -0.077205068
vn 0.230854095 0.971676441 -0.050510197
vn -0.460244213 -0.580200938 0.671968850
vn 0.072205122 -0.637262683 0.767256602
vn -0.510812429 -0.709087324 0.486071837
vn -0.510812429 -0.709087324 0.486071837
vn 0.072205122 -0.637262683 0.767256602
vn -0.018859359 -0.880630818 0.473427594
vn -0.018859359 -0.880630818 0.473427594
vn 0.171007549 -0.512297319 0.841610287
vn -0.180069938 -0.973364943 0.141899633
vn 0.171007549 -0.512297319 0.841610287
vn -0.018859359 -0.880630818 0.473427594
vn 0.072205122 -0.637262683 0.767256602
vn -0.180069938 -0.973364943 0.141899633
vn -0.025220934 -0.886697307 0.461661987
vn -0.369610997 -0.693381445 -0.618554673
vn -0.025220934 -0.886697307 0.461661987
vn -0.180069938 -0.973364943 0.141899633
vn 0.171007549 -0.512297319 0.841610287
vn -0.025220934 -0.886697307 0.461661987
vn -0.181840299 -0.778715269 -0.600447030
vn -0.369610997 -0.693381445 -0.618554673
vn 0.204798317 -0.546817692 0.811817751
vn -0.025220934 -0.886697307 0.461661987
vn 0.137146384 0.038955015 0.989784510
vn 0.833812430 0.527400428 0.163112292
vn 0.938405505 0.304241581 0.163805275
vn 0.427803619 0.903718814 0.016624352
vn 0.137156676 0.903939510 0.405069634
vn 0.751067632 0.657993140 -0.054244269
vn 0.372656694 0.505817122 0.777994876
vn 0.938405505 0.304241581 0.163805275
vn 0.378905098 0.907707818 0.180270476
vn 0.427803619 0.903718814 0.016624352
vn 0.378905098 0.907707818 0.180270476
vn 0.938405505 0.304241581 0.163805275
vn 0.846083694 0.484872388 0.221452364
vn 0.427803619 0.903718814 0.016624352
vn 0.230854095 0.971676441 -0.050510197
vn 0.833812430 0.527400428 0.163112292
vn -0.260536666 -0.119537979 0.958035134
vn -0.263604731 0.793329653 0.548762797
vn -0.246024890 -0.308419253 0.918884823
vn -0.081463879 0.991638436 0.100084207
vn -0.366143516 0.887145299 0.280913054
vn -0.305348530 0.952221592 0.006026203
vn -0.366143516 0.887145299 0.280913054
vn -0.081463879 0.991638436 0.100084207
vn -0.128756519 0.934550818 0.331717541
vn -0.128756519 0.934550818 0.331717541
vn 0.378905098 0.907707818 0.180270476
vn 0.137156676 0.903939510 0.405069634
vn 0.378905098 0.907707818 0.180270476
vn -0.128756519 0.934550818 0.331717541
vn -0.081463879 0.991638436 0.100084207
vn 0.378905098 0.907707818 0.180270476
vn 0.751067632 0.657993140 -0.054244269
vn 0.137156676 0.903939510 0.405069634
vn 0.751067632 0.657993140 -0.054244269
vn 0.378905098 0.907707818 0.180270476
vn 0.846083694 0.484872388 0.221452364
vn 0.751067632 0.657993140 -0.054244269
vn 0.967730961 0.166791448 0.188884621
vn 0.950805085 0.122669081 0.284467901
vn 0.967730961 0.166791448 0.188884621
vn 0.751067632 0.657993140 -0.054244269
vn 0.846083694 0.484872388 0.221452364
vn 0.950805085 0.122669081 0.284467901
vn 0.970191705 0.108518020 0.216683859
vn 0.448719768 0.765763846 -0.460712820
vn 0.970191705 0.108518020 0.216683859
vn 0.950805085 0.122669081 0.284467901
vn 0.967730961 0.166791448 0.188884621
vn 0.920155571 -0.390217010 0.032317338
vn 0.448719768 0.765763846 -0.460712820
vn 0.970191705 0.108518020 0.216683859
vn 0.448719768 0.765763846 -0.460712820
vn 0.920155571 -0.390217010 0.032317338
vn 0.603275366 -0.772917772 0.196613709
vn 0.614805477 -0.788644022 0.007404839
vn 0.304623230 -0.952351986 -0.015178334
vn 0.293118352 -0.955808198 0.022634482
vn 0.304623230 -0.952351986 -0.015178334
vn 0.614805477 -0.788644022 0.007404839
vn 0.724605424 -0.679928055 0.112449185
vn 0.724605424 -0.679928055 0.112449185
vn 0.920155571 -0.390217010 0.032317338
vn 0.982703282 -0.121245938 0.139977437
vn 0.920155571 -0.390217010 0.032317338
vn 0.724605424 -0.679928055 0.112449185
vn 0.614805477 -0.788644022 0.007404839
vn 0.415885022 -0.885989109 0.205092534
vn 0.174521656 -0.979776736 -0.097876147
vn 0.603275366 -0.772917772 0.196613709
vn 0.174521656 -0.979776736 -0.097876147
vn 0.415885022 -0.885989109 0.205092534
vn 0.193079072 -0.922583984 0.334004887
vn 0.603275366 -0.772917772 0.196613709
vn -0.857824347 -0.262984717 -0.441561353
vn -0.386047724 0.240700218 -0.890522633
vn -0.857824347 -0.262984717 -0.441561353
vn 0.603275366 -0.772917772 0.196613709
vn 0.174521656 -0.979776736 -0.097876147
vn -0.857824347 -0.262984717 -0.441561353
vn -0.369610997 -0.693381445 -0.618554673
vn -0.386047724 0.240700218 -0.890522633
vn 0.267216455 0.441889881 0.856346133
vn 0.751067632 0.657993140 -0.054244269
vn 0.141619228 0.937042420 -0.319210742
vn 0.751067632 0.657993140 -0.054244269
vn 0.267216455 0.441889881 0.856346133
vn 0.372656694 0.505817122 0.777994876
vn 0.415885022 -0.885989109 0.205092534
vn 0.077927380 -0.821355111 0.565069115
vn 0.193079072 -0.922583984 0.334004887
vn -0.259478465 0.960664772 -0.098965255
vn 0.230854095 0.971676441 -0.050510197
vn -0.058041205 0.997749569 -0.033571045
vn 0.230854095 0.971676441 -0.050510197
vn -0.259478465 0.960664772 -0.098965255
vn -0.178508155 0.972495631 -0.149623149
vn -0.260536666 -0.119537979 0.958035134
vn -0.396527437 0.780089612 0.483969203
vn -0.263604731 0.793329653 0.548762797
vn 0.459097889 -0.802232610 0.381643772
vn 0.187801173 -0.960851139 0.203705198
vn 0.589286717 -0.741834814 0.320034802
vn 0.187801173 -0.960851139 0.203705198
vn 0.459097889 -0.802232610 0.381643772
vn 0.044972828 -0.967827732 0.247561964
vn 0.448719768 0.765763846 -0.460712820
vn 0.751067632 0.657993140 -0.054244269
vn 0.950805085 0.122669081 0.284467901
vn 0.089882328 -0.857902893 0.505889111
vn 0.087107312 -0.946050732 0.312090258
vn -0.043776866 -0.998443270 0.034563316
vn 0.087107312 -0.946050732 0.312090258
vn 0.089882328 -0.857902893 0.505889111
vn 0.429912406 -0.439766603 0.788530696
vn -0.592239224 -0.805350429 -0.025756302
vn -0.007062018 -0.983163549 -0.182591248
vn -0.439964807 -0.813478085 -0.380373993
vn -0.007062018 -0.983163549 -0.182591248
vn -0.592239224 -0.805350429 -0.025756302
vn 0.033021637 -0.993190752 0.111721540
vn -0.072938077 -0.244389419 0.966930116
vn -0.750134647 0.396279195 0.529396648
vn -0.489700834 0.738106885 0.464102704
vn -0.750134647 0.396279195 0.529396648
vn -0.072938077 -0.244389419 0.966930116
vn -0.416285601 -0.119027482 0.901409317
vn -0.947020598 0.298467933 0.118612307
vn -0.423429306 0.869941509 -0.252803073
vn -0.927096792 0.129814618 -0.351624379
vn -0.423429306 0.869941509 -0.252803073
vn -0.947020598 0.298467933 0.118612307
vn -0.463740274 0.879860450 0.103877557
vn -0.832758093 -0.549941294 -0.063863382
vn -0.947020598 0.298467933 0.118612307
vn -0.927096792 0.129814618 -0.351624379
vn -0.947020598 0.298467933 0.118612307
vn -0.832758093 -0.549941294 -0.063863382
vn -0.934273370 -0.345898349 0.086530931
vn -0.273973783 -0.956062437 0.104321535
vn -0.292915199 -0.509183334 -0.809279321
vn -0.832758093 -0.549941294 -0.063863382
vn -0.292915199 -0.509183334 -0.809279321
vn -0.273973783 -0.956062437 0.104321535
vn -0.074440814 -0.609172889 -0.789535912
vn 0.033021637 -0.993190752 0.111721540
vn 0.293118352 -0.955808198 0.022634482
vn -0.007062018 -0.983163549 -0.182591248
vn 0.293118352 -0.955808198 0.022634482
vn 0.033021637 -0.993190752 0.111721540
vn 0.077927380 -0.821355111 0.565069115
vn -0.463740274 0.879860450 0.103877557
vn -0.104509882 0.987347828 -0.119255826
vn -0.423429306 0.869941509 -0.252803073
vn -0.104509882 0.987347828 -0.119255826
vn -0.463740274 0.879860450 0.103877557
vn -0.094034644 0.992995344 0.071538330
vn -0.478020166 0.863311008 -0.161835794
vn -0.305348530 0.952221592 0.006026203
vn -0.518265704 0.853791538 -0.049403131
vn -0.305348530 0.952221592 0.006026203
vn -0.478020166 0.863311008 -0.161835794
vn -0.259478465 0.960664772 -0.098965255
vn -0.463740274 0.879860450 0.103877557
vn -0.611798279 0.353181199 -0.707789450
vn -0.274355115 0.958148750 -0.081732755
vn -0.611798279 0.353181199 -0.707789450
vn -0.463740274 0.879860450 0.103877557
vn -0.947020598 0.298467933 0.118612307
vn -0.947020598 0.298467933 0.118612307
vn -0.279430032 -0.303287634 -0.911007941
vn -0.611798279 0.353181199 -0.707789450
vn -0.279430032 -0.303287634 -0.911007941
vn -0.947020598 0.298467933 0.118612307
vn -0.934273370 -0.345898349 0.086530931
vn -0.559582919 0.775744970 -0.291696243
vn -0.478020166 0.863311008 -0.161835794
vn -0.734936185 0.536273477 -0.415065733
vn -0.791254892 -0.231096301 -0.566136199
vn -0.703436926 -0.543326597 -0.458227782
vn -0.824299067 0.009314592 -0.566077986
vn -0.703436926 -0.543326597 -0.458227782
vn -0.791254892 -0.231096301 -0.566136199
vn -0.606832457 -0.641121875 -0.469805397
vn -0.703436926 -0.543326597 -0.458227782
vn -0.181067699 -0.953728799 -0.240033052
vn -0.206110350 -0.976412562 -0.064319761
vn -0.181067699 -0.953728799 -0.240033052
vn -0.703436926 -0.543326597 -0.458227782
vn -0.606832457 -0.641121875 -0.469805397
vn 0.304623230 -0.952351986 -0.015178334
vn -0.206110350 -0.976412562 -0.064319761
vn -0.181067699 -0.953728799 -0.240033052
vn -0.206110350 -0.976412562 -0.064319761
vn 0.304623230 -0.952351986 -0.015178334
vn 0.187801173 -0.960851139 0.203705198
vn 0.757788321 -0.640890363 -0.122541437
vn 0.982802747 0.152297330 -0.104423575
vn 0.588890676 -0.711171357 -0.383983167
vn 0.588890676 -0.711171357 -0.383983167
vn 0.419186873 -0.312052733 -0.852587507
vn -0.462252272 -0.882667128 -0.084979876
vn 0.419186873 -0.312052733 -0.852587507
vn 0.588890676 -0.711171357 -0.383983167
vn 0.538823119 0.708668272 -0.455476593
vn 0.085882870 0.996220322 -0.013007781
vn -0.704697873 0.706746168 -0.062536079
vn 0.538823119 0.708668272 -0.455476593
vn 0.538823119 0.708668272 -0.455476593
vn -0.472709298 0.798494000 -0.372764339
vn 0.419186873 -0.312052733 -0.852587507
vn -0.472709298 0.798494000 -0.372764339
vn 0.538823119 0.708668272 -0.455476593
vn -0.704697873 0.706746168 -0.062536079
vn -0.832324343 0.322819986 0.450581230
vn -0.704697873 0.706746168 -0.062536079
vn 0.085882870 0.996220322 -0.013007781
vn -0.832324343 0.322819986 0.450581230
vn -0.797040127 -0.562722654 0.219249289
vn -0.704697873 0.706746168 -0.062536079
vn -0.832324343 0.322819986 0.450581230
vn -0.765158140 -0.104296371 0.635338719
vn -0.797040127 -0.562722654 0.219249289
vn -0.704697873 0.706746168 -0.062536079
vn -0.935296774 -0.200853984 -0.291337642
vn -0.472709298 0.798494000 -0.372764339
vn -0.935296774 -0.200853984 -0.291337642
vn -0.704697873 0.706746168 -0.062536079
vn -0.797040127 -0.562722654 0.219249289
vn -0.304330001 -0.897748955 0.318480868
vn 0.588890676 -0.711171357 -0.383983167
vn -0.797040127 -0.562722654 0.219249289
vn -0.797040127 -0.562722654 0.219249289
vn -0.462252272 -0.882667128 -0.084979876
vn -0.935296774 -0.200853984 -0.291337642
vn -0.462252272 -0.882667128 -0.084979876
vn -0.797040127 -0.562722654 0.219249289
vn 0.588890676 -0.711171357 -0.383983167
vn -0.197300139 -0.576025538 0.793263661
vn 0.091428000 0.819069252 0.566362499
vn 0.012105239 -0.848976867 0.528291343
vn 0.091428000 0.819069252 0.566362499
vn -0.197300139 -0.576025538 0.793263661
vn -0.045096718 0.936468654 0.347840116
vn 0.012105239 -0.848976867 0.528291343
vn 0.578236147 0.427188190 0.695092231
vn 0.606246274 -0.735634555 0.302170908
vn 0.578236147 0.427188190 0.695092231
vn 0.012105239 -0.848976867 0.528291343
vn 0.091428000 0.819069252 0.566362499
vn -0.045096718 0.936468654 0.347840116
vn 0.266175184 0.783921916 -0.560907481
vn 0.091428000 0.819069252 0.566362499
vn 0.266175184 0.783921916 -0.560907481
vn -0.045096718 0.936468654 0.347840116
vn -0.072748914 0.493162484 -0.866890050
vn 0.091428000 0.819069252 0.566362499
vn 0.724781259 0.641887569 -0.250344712
vn 0.578236147 0.427188190 0.695092231
vn 0.724781259 0.641887569 -0.250344712
vn 0.091428000 0.819069252 0.566362499
vn 0.266175184 0.783921916 -0.560907481
vn -0.072748914 0.493162484 -0.866890050
vn 0.062677462 -0.797710935 -0.599773957
vn 0.266175184 0.783921916 -0.560907481
vn 0.062677462 -0.797710935 -0.599773957
vn -0.072748914 0.493162484 -0.866890050
vn -0.135580299 -0.868864240 -0.476122795
vn 0.266175184 0.783921916 -0.560907481
vn 0.495374082 -0.622244833 -0.606148403
vn 0.724781259 0.641887569 -0.250344712
vn 0.495374082 -0.622244833 -0.606148403
vn 0.266175184 0.783921916 -0.560907481
vn 0.062677462 -0.797710935 -0.599773957
vn -0.135580299 -0.868864240 -0.476122795
vn 0.012105239 -0.848976867 0.528291343
vn 0.062677462 -0.797710935 -0.599773957
vn 0.012105239 -0.848976867 0.528291343
vn -0.135580299 -0.868864240 -0.476122795
vn -0.197300139 -0.576025538 0.793263661
vn 0.062677462 -0.797710935 -0.599773957
vn 0.606246274 -0.735634555 0.302170908
vn 0.495374082 -0.622244833 -0.606148403
vn 0.606246274 -0.735634555 0.302170908
vn 0.062677462 -0.797710935 -0.599773957
vn 0.012105239 -0.848976867 0.528291343
vn -0.935296774 -0.200853984 -0.291337642
vn -0.197300139 -0.576025538 0.793263661
vn -0.135580299 -0.868864240 -0.476122795
vn -0.197300139 -0.576025538 0.793263661
vn -0.935296774 -0.200853984 -0.291337642
vn -0.462252272 -0.882667128 -0.084979876
vn -0.462252272 -0.882667128 -0.084979876
vn -0.045096718 0.936468654 0.347840116
vn -0.197300139 -0.576025538 0.793263661
vn -0.045096718 0.936468654 0.347840116
vn -0.462252272 -0.882667128 -0.084979876
vn 0.419186873 -0.312052733 -0.852587507
vn -0.472709298 0.798494000 -0.372764339
vn -0.045096718 0.936468654 0.347840116
vn 0.419186873 -0.312052733 -0.852587507
vn -0.045096718 0.936468654 0.347840116
vn -0.472709298 0.798494000 -0.372764339
vn -0.072748914 0.493162484 -0.866890050
vn -0.072748914 0.493162484 -0.866890050
vn -0.935296774 -0.200853984 -0.291337642
vn -0.135580299 -0.868864240 -0.476122795
vn -0.935296774 -0.200853984 -0.291337642
vn -0.072748914 0.493162484 -0.866890050
vn -0.472709298 0.798494000 -0.372764339
vn -0.661759326 -0.232925112 0.712615245
vn -0.304330001 -0.897748955 0.318480868
vn -0.765158140 -0.104296371 0.635338719
vn -0.304330001 -0.897748955 0.318480868
vn -0.661759326 -0.232925112 0.712615245
vn -0.403964440 -0.552799774 0.728851933
vn -0.403964440 -0.552799774 0.728851933
vn -0.416285601 -0.119027482 0.901409317
vn -0.141929888 -0.640331371 0.754871938
vn -0.416285601 -0.119027482 0.901409317
vn -0.403964440 -0.552799774 0.728851933
vn -0.661759326 -0.232925112 0.712615245
vn -0.734936185 0.536273477 -0.415065733
vn -0.518265704 0.853791538 -0.049403131
vn -0.791257813 0.569115097 -0.223649455
vn -0.518265704 0.853791538 -0.049403131
vn -0.734936185 0.536273477 -0.415065733
vn -0.478020166 0.863311008 -0.161835794
vn -0.416285601 -0.119027482 0.901409317
vn -0.072938077 -0.244389419 0.966930116
vn 0.295541656 -0.301454302 0.906521061
vn 0.069541921 -0.970678050 0.230104419
vn -0.043776866 -0.998443270 0.034563316
vn -0.161780687 -0.910619662 -0.380261541
vn -0.043776866 -0.998443270 0.034563316
vn 0.069541921 -0.970678050 0.230104419
vn 0.089882328 -0.857902893 0.505889111
vn 0.757788321 -0.640890363 -0.122541437
vn 0.069541921 -0.970678050 0.230104419
vn -0.161780687 -0.910619662 -0.380261541
vn -0.696253718 0.707556218 0.120809597
vn -0.750134647 0.396279195 0.529396648
vn -0.765204225 0.497093989 0.409096639
vn -0.696253718 0.707556218 0.120809597
vn -0.489700834 0.738106885 0.464102704
vn -0.750134647 0.396279195 0.529396648
vn -0.696253718 0.707556218 0.120809597
vn -0.547759077 0.817377370 0.178477533
vn -0.489700834 0.738106885 0.464102704
vn -0.366143516 0.887145299 0.280913054
vn -0.489700834 0.738106885 0.464102704
vn -0.547759077 0.817377370 0.178477533
vn -0.489700834 0.738106885 0.464102704
vn -0.366143516 0.887145299 0.280913054
vn -0.396527437 0.780089612 0.483969203
vn -0.661759326 -0.232925112 0.712615245
vn -0.750134647 0.396279195 0.529396648
vn -0.416285601 -0.119027482 0.901409317
vn -0.765158140 -0.104296371 0.635338719
vn -0.750134647 0.396279195 0.529396648
vn -0.661759326 -0.232925112 0.712615245
vn -0.765158140 -0.104296371 0.635338719
vn -0.765204225 0.497093989 0.409096639
vn -0.750134647 0.396279195 0.529396648
vn -0.765158140 -0.104296371 0.635338719
vn -0.832324343 0.322819986 0.450581230
vn -0.765204225 0.497093989 0.409096639
vn -0.663738753 -0.601233912 0.444936682
vn 0.085882870 0.996220322 -0.013007781
vn 0.982802747 0.152297330 -0.104423575
vn 0.085882870 0.996220322 -0.013007781
vn -0.663738753 -0.601233912 0.444936682
vn -0.882008037 0.073481835 -0.465469915
vn -0.606832457 -0.641121875 -0.469805397
vn -0.833204248 -0.400416418 -0.381362522
vn -0.816012098 -0.442073322 -0.372418358
vn -0.833204248 -0.400416418 -0.381362522
vn -0.606832457 -0.641121875 -0.469805397
vn -0.791254892 -0.231096301 -0.566136199
vn -0.592239224 -0.805350429 -0.025756302
vn -0.663738753 -0.601233912 0.444936682
vn 0.982802747 0.152297330 -0.104423575
vn -0.439964807 -0.813478085 -0.380373993
vn -0.606832457 -0.641121875 -0.469805397
vn -0.816012098 -0.442073322 -0.372418358
vn -0.833204248 -0.400416418 -0.381362522
vn -0.791254892 -0.231096301 -0.566136199
vn -0.920965293 -0.076809942 -0.381998903
vn -0.832758093 -0.549941294 -0.063863382
vn -0.292915199 -0.509183334 -0.809279321
vn -0.934273370 -0.345898349 0.086530931
vn -0.934273370 -0.345898349 0.086530931
vn -0.292915199 -0.509183334 -0.809279321
vn -0.279430032 -0.303287634 -0.911007941
vn 0.295541656 -0.301454302 0.906521061
vn -0.141929888 -0.640331371 0.754871938
vn -0.416285601 -0.119027482 0.901409317
vn 0.087107312 -0.946050732 0.312090258
vn 0.429912406 -0.439766603 0.788530696
vn 0.077927380 -0.821355111 0.565069115
vn -0.074440814 -0.609172889 -0.789535912
vn 0.044972828 -0.967827732 0.247561964
vn 0.175670593 -0.487508145 -0.855263498
vn 0.044972828 -0.967827732 0.247561964
vn -0.074440814 -0.609172889 -0.789535912
vn -0.273973783 -0.956062437 0.104321535
vn -0.094034644 0.992995344 0.071538330
vn -0.274355115 0.958148750 -0.081732755
vn 0.170928668 -0.121283106 -0.977790263
vn -0.274355115 0.958148750 -0.081732755
vn -0.094034644 0.992995344 0.071538330
vn -0.463740274 0.879860450 0.103877557
vn 0.538823119 0.708668272 -0.455476593
vn 0.982802747 0.152297330 -0.104423575
vn 0.085882870 0.996220322 -0.013007781
vn 0.982802747 0.152297330 -0.104423575
vn 0.538823119 0.708668272 -0.455476593
vn 0.588890676 -0.711171357 -0.383983167
vn -0.206110350 -0.976412562 -0.064319761
vn -0.832758093 -0.549941294 -0.063863382
vn -0.703436926 -0.543326597 -0.458227782
vn -0.832758093 -0.549941294 -0.063863382
vn -0.206110350 -0.976412562 -0.064319761
vn -0.273973783 -0.956062437 0.104321535
vn -0.703436926 -0.543326597 -0.458227782
vn -0.927096792 0.129814618 -0.351624379
vn -0.824299067 0.009314592 -0.566077986
vn -0.927096792 0.129814618 -0.351624379
vn -0.703436926 -0.543326597 -0.458227782
vn -0.832758093 -0.549941294 -0.063863382
vn -0.927096792 0.129814618 -0.351624379
vn -0.559582919 0.775744970 -0.291696243
vn -0.824299067 0.009314592 -0.566077986
vn -0.559582919 0.775744970 -0.291696243
vn -0.927096792 0.129814618 -0.351624379
vn -0.423429306 0.869941509 -0.252803073
vn -0.423429306 0.869941509 -0.252803073
vn -0.178508155 0.972495631 -0.149623149
vn -0.559582919 0.775744970 -0.291696243
vn -0.178508155 0.972495631 -0.149623149
vn -0.423429306 0.869941509 -0.252803073
vn -0.104509882 0.987347828 -0.119255826
vn 0.295541656 -0.301454302 0.906521061
vn 0.429912406 -0.439766603 0.788530696
vn -0.141929888 -0.640331371 0.754871938
vn 0.429912406 -0.439766603 0.788530696
vn 0.089882328 -0.857902893 0.505889111
vn -0.141929888 -0.640331371 0.754871938
vn 0.089882328 -0.857902893 0.505889111
vn -0.403964440 -0.552799774 0.728851933
vn -0.141929888 -0.640331371 0.754871938
vn -0.403964440 -0.552799774 0.728851933
vn 0.089882328 -0.857902893 0.505889111
vn 0.069541921 -0.970678050 0.230104419
vn 0.069541921 -0.970678050 0.230104419
vn -0.304330001 -0.897748955 0.318480868
vn -0.403964440 -0.552799774 0.728851933
vn -0.304330001 -0.897748955 0.318480868
vn 0.069541921 -0.970678050 0.230104419
vn 0.757788321 -0.640890363 -0.122541437
vn -0.304330001 -0.897748955 0.318480868
vn 0.757788321 -0.640890363 -0.122541437
vn 0.588890676 -0.711171357 -0.383983167
vn -0.797040127 -0.562722654 0.219249289
vn -0.765158140 -0.104296371 0.635338719
vn -0.304330001 -0.897748955 0.318480868
vn -0.824299067 0.009314592 -0.566077986
vn -0.734936185 0.536273477 -0.415065733
vn -0.791254892 -0.231096301 -0.566136199
vn -0.696253718 0.707556218 0.120809597
vn -0.765204225 0.497093989 0.409096639
vn -0.882008037 0.073481835 -0.465469915
vn -0.791254892 -0.231096301 -0.566136199
vn -0.791257813 0.569115097 -0.223649455
vn -0.920965293 -0.076809942 -0.381998903
vn -0.791257813 0.569115097 -0.223649455
vn -0.791254892 -0.231096301 -0.566136199
vn -0.734936185 0.536273477 -0.415065733
vn -0.734936185 0.536273477 -0.415065733
vn -0.824299067 0.009314592 -0.566077986
vn -0.559582919 0.775744970 -0.291696243
vn -0.260536666 -0.119537979 0.958035134
vn -0.072938077 -0.244389419 0.966930116
vn -0.489700834 0.738106885 0.464102704
vn -0.518265704 0.853791538 -0.049403131
vn -0.366143516 0.887145299 0.280913054
vn -0.547759077 0.817377370 0.178477533
vn -0.366143516 0.887145299 0.280913054
vn -0.518265704 0.853791538 -0.049403131
vn -0.305348530 0.952221592 0.006026203
vn -0.547759077 0.817377370 0.178477533
vn -0.791257813 0.569115097 -0.223649455
vn -0.518265704 0.853791538 -0.049403131
vn -0.791257813 0.569115097 -0.223649455
vn -0.547759077 0.817377370 0.178477533
vn -0.696253718 0.707556218 0.120809597
vn -0.791257813 0.569115097 -0.223649455
vn -0.882008037 0.073481835 -0.465469915
vn -0.920965293 -0.076809942 -0.381998903
vn -0.882008037 0.073481835 -0.465469915
vn -0.791257813 0.569115097 -0.223649455
vn -0.696253718 0.707556218 0.120809597
vn -0.882008037 0.073481835 -0.465469915
vn -0.833204248 -0.400416418 -0.381362522
vn -0.920965293 -0.076809942 -0.381998903
vn -0.833204248 -0.400416418 -0.381362522
vn -0.882008037 0.073481835 -0.465469915
vn -0.861594235 -0.396635116 -0.316758519
vn -0.861594235 -0.396635116 -0.316758519
vn -0.816012098 -0.442073322 -0.372418358
vn -0.833204248 -0.400416418 -0.381362522
vn -0.816012098 -0.442073322 -0.372418358
vn -0.861594235 -0.396635116 -0.316758519
vn -0.663738753 -0.601233912 0.444936682
vn -0.439964807 -0.813478085 -0.380373993
vn -0.663738753 -0.601233912 0.444936682
vn -0.592239224 -0.805350429 -0.025756302
vn -0.663738753 -0.601233912 0.444936682
vn -0.439964807 -0.813478085 -0.380373993
vn -0.816012098 -0.442073322 -0.372418358
vn -0.007062018 -0.983163549 -0.182591248
vn 0.304623230 -0.952351986 -0.015178334
vn -0.181067699 -0.953728799 -0.240033052
vn 0.304623230 -0.952351986 -0.015178334
vn -0.007062018 -0.983163549 -0.182591248
vn 0.293118352 -0.955808198 0.022634482
vn -0.181067699 -0.953728799 -0.240033052
vn -0.439964807 -0.813478085 -0.380373993
vn -0.007062018 -0.983163549 -0.182591248
vn -0.439964807 -0.813478085 -0.380373993
vn -0.181067699 -0.953728799 -0.240033052
vn -0.606832457 -0.641121875 -0.469805397
vn 0.033021637 -0.993190752 0.111721540
vn -0.043776866 -0.998443270 0.034563316
vn 0.087107312 -0.946050732 0.312090258
vn -0.043776866 -0.998443270 0.034563316
vn 0.033021637 -0.993190752 0.111721540
vn -0.592239224 -0.805350429 -0.025756302
vn -0.592239224 -0.805350429 -0.025756302
vn -0.161780687 -0.910619662 -0.380261541
vn -0.043776866 -0.998443270 0.034563316
vn -0.161780687 -0.910619662 -0.380261541
vn -0.592239224 -0.805350429 -0.025756302
vn 0.982802747 0.152297330 -0.104423575
vn -0.161780687 -0.910619662 -0.380261541
vn 0.982802747 0.152297330 -0.104423575
vn 0.757788321 -0.640890363 -0.122541437
vn -0.832324343 0.322819986 0.450581230
vn -0.882008037 0.073481835 -0.465469915
vn -0.765204225 0.497093989 0.409096639
vn -0.882008037 0.073481835 -0.465469915
vn -0.832324343 0.322819986 0.450581230
vn 0.085882870 0.996220322 -0.013007781
vn 0.077927380 -0.821355111 0.565069115
vn 0.033021637 -0.993190752 0.111721540
vn 0.087107312 -0.946050732 0.312090258
vn -0.259478465 0.960664772 -0.098965255
vn -0.559582919 0.775744970 -0.291696243
vn -0.178508155 0.972495631 -0.149623149
vn -0.559582919 0.775744970 -0.291696243
vn -0.259478465 0.960664772 -0.098965255
vn -0.478020166 0.863311008 -0.161835794
vn -0.260536666 -0.119537979 0.958035134
vn -0.489700834 0.738106885 0.464102704
vn -0.396527437 0.780089612 0.483969203
vn 0.187801173 -0.960851139 0.203705198
vn -0.273973783 -0.956062437 0.104321535
vn -0.206110350 -0.976412562 -0.064319761
vn -0.273973783 -0.956062437 0.104321535
vn 0.187801173 -0.960851139 0.203705198
vn 0.044972828 -0.967827732 0.247561964
vn -0.663738753 -0.601233912 0.444936682
vn -0.861594235 -0.396635116 -0.316758519
vn -0.882008037 0.073481835 -0.465469915
vn 0.724781259 0.641887569 -0.250344712
vn 0.606246274 -0.735634555 0.302170908
vn 0.578236147 0.427188190 0.695092231
vn 0.606246274 -0.735634555 0.302170908
vn 0.724781259 0.641887569 -0.250344712
vn 0.495374082 -0.622244833 -0.606148403
vn -0.023506717 -0.854370546 -0.519132358
vn 0.508041744 0.504481380 -0.698134746
vn -0.409422910 0.270038207 -0.871465574
vn 0.508041744 0.504481380 -0.698134746
vn -0.023506717 -0.854370546 -0.519132358
vn 0.762476129 -0.645757560 -0.040340145
vn -0.611798279 0.353181199 -0.707789450
vn 0.170928668 -0.121283106 -0.977790263
vn -0.274355115 0.958148750 -0.081732755
vn -0.279430032 -0.303287634 -0.911007941
vn 0.170928668 -0.121283106 -0.977790263
vn -0.611798279 0.353181199 -0.707789450
vn -0.292915199 -0.509183334 -0.809279321
vn 0.170928668 -0.121283106 -0.977790263
vn -0.279430032 -0.303287634 -0.911007941
vn -0.074440814 -0.609172889 -0.789535912
vn 0.170928668 -0.121283106 -0.977790263
vn -0.292915199 -0.509183334 -0.809279321
vn 0.175670593 -0.487508145 -0.855263498
vn 0.170928668 -0.121283106 -0.977790263
vn -0.074440814 -0.609172889 -0.789535912
vn 0.170928668 -0.121283106 -0.977790263
vn 0.749661085 0.494444552 -0.439923678
vn 0.142391023 0.989516367 -0.024127892
vn 0.170928668 -0.121283106 -0.977790263
vn 0.643423265 -0.235019831 -0.728541132
vn 0.749661085 0.494444552 -0.439923678
vn 0.170928668 -0.121283106 -0.977790263
vn 0.649843297 -0.452552992 -0.610654959
vn 0.643423265 -0.235019831 -0.728541132
vn 0.170928668 -0.121283106 -0.977790263
vn 0.445146921 -0.552180805 -0.704940123
vn 0.649843297 -0.452552992 -0.610654959
vn 0.175670593 -0.487508145 -0.855263498
vn 0.445146921 -0.552180805 -0.704940123
vn 0.170928668 -0.121283106 -0.977790263
vn -0.260536666 -0.119537979 0.958035134
vn -0.026570425 -0.652769375 0.757090586
vn -0.072938077 -0.244389419 0.966930116
vn -0.072938077 -0.244389419 0.966930116
vn -0.026570425 -0.652769375 0.757090586
vn 0.295541656 -0.301454302 0.906521061
vn 0.295541656 -0.301454302 0.906521061
vn -0.026570425 -0.652769375 0.757090586
vn 0.429912406 -0.439766603 0.788530696
vn 0.429912406 -0.439766603 0.788530696
vn -0.026570425 -0.652769375 0.757090586
vn 0.077927380 -0.821355111 0.565069115
vn -0.246024890 -0.308419253 0.918884823
vn -0.026570425 -0.652769375 0.757090586
vn -0.260536666 -0.119537979 0.958035134
vn -0.460244213 -0.580200938 0.671968850
vn -0.026570425 -0.652769375 0.757090586
vn -0.246024890 -0.308419253 0.918884823
vn -0.510812429 -0.709087324 0.486071837
vn -0.026570425 -0.652769375 0.757090586
vn -0.460244213 -0.580200938 0.671968850
vn 0.077927380 -0.821355111 0.565069115
vn -0.026570425 -0.652769375 0.757090586
vn -0.510812429 -0.709087324 0.486071837
f 3/3/3 2/2/2 1/1/1
f 6/6/6 5/5/5 4/4/4
f 9/9/9 8/8/8 7/7/7
f 12/12/12 11/11/11 10/10/10
f 15/15/15 14/14/14 13/13/13
f 18/18/18 17/17/17 16/16/16
f 21/21/21 20/20/20 19/19/19
f 24/24/24 23/23/23 22/22/22
f 27/27/27 26/26/26 25/25/25
f 30/30/30 29/29/29 28/28/28
f 33/33/33 32/32/32 31/31/31
f 36/36/36 35/35/35 34/34/34
f 39/39/39 38/38/38 37/37/37
f 42/42/42 41/41/41 40/40/40
f 45/45/45 44/44/44 43/43/43
f 48/48/48 47/47/47 46/46/46
f 51/51/51 50/50/50 49/49/49
f 54/54/54 53/53/53 52/52/52
f 57/57/57 56/56/56 55/55/55
f 60/60/60 59/59/59 58/58/58
f 63/63/63 62/62/62 61/61/61
f 66/66/66 65/65/65 64/64/64
f 69/69/69 68/68/68 67/67/67
f 72/72/72 71/71/71 70/70/70
f 75/75/75 74/74/74 73/73/73
f 78/78/78 77/77/77 76/76/76
f 81/81/81 80/80/80 79/79/79
f 84/84/84 83/83/83 82/82/82
f 87/87/87 86/86/86 85/85/85
f 90/90/90 89/89/89 88/88/88
f 93/93/93 92/92/92 91/91/91
f 96/96/96 95/95/95 94/94/94
f 99/99/99 98/98/98 97/97/97
f 102/102/102 101/101/101 100/100/100
f 105/105/105 104/104/104 103/103/103
f 108/108/108 107/107/107 106/106/106
f 111/111/111 110/110/110 109/109/109
f 114/114/114 113/113/113 112/112/112
f 117/117/117 116/116/116 115/115/115
f 120/120/120 119/119/119 118/118/118
f 123/123/123 122/122/122 121/121/121
f 126/126/126 125/125/125 124/124/124
f 129/129/129 128/128/128 127/127/127
f 132/132/132 131/131/131 130/130/130
f 135/135/135 134/134/134 133/133/133
f 138/138/138 137/137/137 136/136/136
f 141/141/141 140/140/140 139/139/139
f 144/144/144 143/143/143 142/142/142
f 147/147/147 146/146/146 145/145/145
f 150/150/150 149/149/149 148/148/148
f 153/153/153 152/152/152 151/151/151
f 156/156/156 155/155/155 154/154/154
f 159/159/159 158/158/158 157/157/157
f 162/162/162 161/161/161 160/160/160
f 165/165/165 164/164/164 163/163/163
f 168/168/168 167/167/167 166/166/166
f 171/171/171 170/170/170 169/169/169
f 174/174/174 173/173/173 172/172/172
f 177/177/177 176/176/176 175/175/175
f 180/180/180 179/179/179 178/178/178
f 183/183/183 182/182/182 181/181/181
f 186/186/186 185/185/185 184/184/184
f 189/189/189 188/188/188 187/187/187
f 192/192/192 191/191/191 190/190/190
f 195/195/195 194/194/194 193/193/193
f 198/198/198 197/197/197 196/196/196
f 201/201/201 200/200/200 199/199/199
f 204/204/204 203/203/203 202/202/202
f 207/207/207 206/206/206 205/205/205
f 210/210/210 209/209/209 208/208/208
f 213/213/213 212/212/212 211/211/211
f 216/216/216 215/215/215 214/214/214
f 219/219/219 218/218/218 217/217/217
f 222/222/222 221/221/221 220/220/220
f 225/225/225 224/224/224 223/223/223
f 228/228/228 227/227/227 226/226/226
f 231/231/231 230/230/230 229/229/229
f 234/234/234 233/233/233 232/232/232
f 237/237/237 236/236/236 235/235/235
f 240/240/240 239/239/239 238/238/238
f 243/243/243 242/242/242 241/241/241
f 246/246/246 245/245/245 244/244/244
f 249/249/249 248/248/248 247/247/247
f 252/252/252 251/251/251 250/250/250
f 255/255/255 254/254/254 253/253/253
f 258/258/258 257/257/257 256/256/256
f 261/261/261 260/260/260 259/259/259
f 264/264/264 263/263/263 262/262/262
f 267/267/267 266/266/266 265/265/265
f 270/270/270 269/269/269 268/268/268
f 273/273/273 272/272/272 271/271/271
f 276/276/276 275/275/275 274/274/274
f 279/279/279 278/278/278 277/277/277
f 282/282/282 281/281/281 280/280/280
f 285/285/285 284/284/284 283/283/283
f 288/288/288 287/287/287 286/286/286
f 291/291/291 290/290/290 289/289/289
f 294/294/294 293/293/293 292/292/292
f 297/297/297 296/296/296 295/295/295
f 300/300/300 299/299/299 298/298/298
f 303/303/303 302/302/302 301/301/301
f 306/306/306 305/305/305 304/304/304
f 309/309/309 308/308/308 307/307/307
f 312/312/312 311/311/311 310/310/310
f 315/315/315 314/314/314 313/313/313
f 318/318/318 317/317/317 316/316/316
f 321/321/321 320/320/320 319/319/319
f 324/324/324 323/323/323 322/322/322
f 327/327/327 326/326/326 325/325/325
f 330/330/330 329/329/329 328/328/328
f 333/333/333 332/332/332 331/331/331
f 336/336/336 335/335/335 334/334/334
f 339/339/339 338/338/338 337/337/337
f 342/342/342 341/341/341 340/340/340
f 345/345/345 344/344/344 343/343/343
f 348/348/348 347/347/347 346/346/346
f 351/351/351 350/350/350 349/349/349
f 354/354/354 353/353/353 352/352/352
f 357/357/357 356/356/356 355/355/355
f 360/360/360 359/359/359 358/358/358
f 363/363/363 362/362/362 361/361/361
f 366/366/366 365/365/365 364/364/364
f 369/369/369 368/368/368 367/367/367
f 372/372/372 371/371/371 370/370/370
f 375/375/375 374/374/374 373/373/373
f 378/378/378 377/377/377 376/376/376
f 381/381/381 380/380/380 379/379/379
f 384/384/384 383/383/383 382/382/382
f 387/387/387 386/386/386 385/385/385
f 390/390/390 389/389/389 388/388/388
f 393/393/393 392/392/392 391/391/391
f 396/396/396 395/395/395 394/394/394
f 399/399/399 398/398/398 397/397/397
f 402/402/402 401/401/401 400/400/400
f 405/405/405 404/404/404 403/403/403
f 408/408/408 407/407/407 406/406/406
f 411/411/411 410/410/410 409/409/409
f 414/414/414 413/413/413 412/412/412
f 417/417/417 416/416/416 415/415/415
f 420/420/420 419/419/419 418/418/418
f 423/423/423 422/422/422 421/421/421
f 426/426/426 425/425/425 424/424/424
f 429/429/429 428/428/428 427/427/427
f 432/432/432 431/431/431 430/430/430
f 435/435/435 434/434/434 433/433/433
f 438/438/438 437/437/437 436/436/436
f 441/441/441 440/440/440 439/439/439
f 444/444/444 443/443/443 442/442/442
f 447/447/447 446/446/446 445/445/445
f 450/450/450 449/449/449 448/448/448
f 453/453/453 452/452/452 451/451/451
f 456/456/456 455/455/455 454/454/454
f 459/459/459 458/458/458 457/457/457
f 462/462/462 461/461/461 460/460/460
f 465/465/465 464/464/464 463/463/463
f 468/468/468 467/467/467 466/466/466
f 471/471/471 470/470/470 469/469/469
f 474/474/474 473/473/473 472/472/472
f 477/477/477 476/476/476 475/475/475
f 480/480/480 479/479/479 478/478/478
f 483/483/483 482/482/482 481/481/481
f 486/486/486 485/485/485 484/484/484
f 489/489/489 488/488/488 487/487/487
f 492/492/492 491/491/491 490/490/490
f 495/495/495 494/494/494 493/493/493
f 498/498/498 497/497/497 496/496/496
f 501/501/501 500/500/500 499/499/499
f 504/504/504 503/503/503 502/502/502
f 507/507/507 506/506/506 505/505/505
f 510/510/510 509/509/509 508/508/508
f 513/513/513 512/512/512 511/511/511
f 516/516/516 515/515/515 514/514/514
f 519/519/519 518/518/518 517/517/517
f 522/522/522 521/521/521 520/520/520
f 525/525/525 524/524/524 523/523/523
f 528/528/528 527/527/527 526/526/526
f 531/531/531 530/530/530 529/529/529
f 534/534/534 533/533/533 532/532/532
f 537/537/537 536/536/536 535/535/535
f 540/540/540 539/539/539 538/538/538
f 543/543/543 542/542/542 541/541/541
f 546/546/546 545/545/545 544/544/544
f 549/549/549 548/548/548 547/547/547
f 552/552/552 551/551/551 550/550/550
f 555/555/555 554/554/554 553/553/553
f 558/558/558 557/557/557 556/556/556
f 561/561/561 560/560/560 559/559/559
f 564/564/564 563/563/563 562/562/562
f 567/567/567 566/566/566 565/565/565
f 570/570/570 569/569/569 568/568/568
f 573/573/573 572/572/572 571/571/571
f 576/576/576 575/575/575 574/574/574
f 579/579/579 578/578/578 577/577/577
f 582/582/582 581/581/581 580/580/580
f 585/585/585 584/584/584 583/583/583
f 588/588/588 587/587/587 586/586/586
f 591/591/591 590/590/590 589/589/589
f 594/594/594 593/593/593 592/592/592
f 597/597/597 596/596/596 595/595/595
f 600/600/600 599/599/599 598/598/598
f 603/603/603 602/602/602 601/601/601
f 606/606/606 605/605/605 604/604/604
f 609/609/609 608/608/608 607/607/607
f 612/612/612 611/611/611 610/610/610
f 615/615/615 614/614/614 613/613/613
f 618/618/618 617/617/617 616/616/616
f 621/621/621 620/620/620 619/619/619
f 624/624/624 623/623/623 622/622/622
f 627/627/627 626/626/626 625/625/625
f 630/630/630 629/629/629 628/628/628
f 633/633/633 632/632/632 631/631/631
f 636/636/636 635/635/635 634/634/634
f 639/639/639 638/638/638 637/637/637
f 642/642/642 641/641/641 640/640/640
f 645/645/645 644/644/644 643/643/643
f 648/648/648 647/647/647 646/646/646
f 651/651/651 650/650/650 649/649/649
f 654/654/654 653/653/653 652/652/652
f 657/657/657 656/656/656 655/655/655
f 660/660/660 659/659/659 658/658/658
f 663/663/663 662/662/662 661/661/661
f 666/666/666 665/665/665 664/664/664
f 669/669/669 668/668/668 667/667/667
f 672/672/672 671/671/671 670/670/670
f 675/675/675 674/674/674 673/673/673
f 678/678/678 677/677/677 676/676/676
f 681/681/681 680/680/680 679/679/679
f 684/684/684 683/683/683 682/682/682
f 687/687/687 686/686/686 685/685/685
f 690/690/690 689/689/689 688/688/688
f 693/693/693 692/692/692 691/691/691
f 696/696/696 695/695/695 694/694/694
f 699/699/699 698/698/698 697/697/697
f 702/702/702 701/701/701 700/700/700
f 705/705/705 704/704/704 703/703/703
f 708/708/708 707/707/707 706/706/706
f 711/711/711 710/710/710 709/709/709
f 714/714/714 713/713/713 712/712/712
f 717/717/717 716/716/716 715/715/715
f 720/720/720 719/719/719 718/718/718
f 723/723/723 722/722/722 721/721/721
f 726/726/726 725/725/725 724/724/724
f 729/729/729 728/728/728 727/727/727
f 732/732/732 731/731/731 730/730/730
f 735/735/735 734/734/734 733/733/733
f 738/738/738 737/737/737 736/736/736
f 741/741/741 740/740/740 739/739/739
f 744/744/744 743/743/743 742/742/742
f 747/747/747 746/746/746 745/745/745
f 750/750/750 749/749/749 748/748/748
f 753/753/753 752/752/752 751/751/751
f 756/756/756 755/755/755 754/754/754
f 759/759/759 758/758/758 757/757/757
f 762/762/762 761/761/761 760/760/760
f 765/765/765 764/764/764 763/763/763
f 768/768/768 767/767/767 766/766/766
f 771/771/771 770/770/770 769/769/769
f 774/774/774 773/773/773 772/772/772
f 777/777/777 776/776/776 775/775/775
f 780/780/780 779/779/779 778/778/778
f 783/783/783 782/782/782 781/781/781
f 786/786/786 785/785/785 784/784/784
f 789/789/789 788/788/788 787/787/787
f 792/792/792 791/791/791 790/790/790
f 795/795/795 794/794/794 793/793/793
f 798/798/798 797/797/797 796/796/796
f 801/801/801 800/800/800 799/799/799
f 804/804/804 803/803/803 802/802/802
f 807/807/807 806/806/806 805/805/805
f 810/810/810 809/809/809 808/808/808
f 813/813/813 812/812/812 811/811/811
f 816/816/816 815/815/815 814/814/814
f 819/819/819 818/818/818 817/817/817
f 822/822/822 821/821/821 820/820/820
f 825/825/825 824/824/824 823/823/823
f 828/828/828 827/827/827 826/826/826
f 831/831/831 830/830/830 829/829/829
f 834/834/834 833/833/833 832/832/832
f 837/837/837 836/836/836 835/835/835
f 840/840/840 839/839/839 838/838/838
f 843/843/843 842/842/842 841/841/841
f 846/846/846 845/845/845 844/844/844
f 849/849/849 848/848/848 847/847/847
f 852/852/852 851/851/851 850/850/850
f 855/855/855 854/854/854 853/853/853
f 858/858/858 857/857/857 856/856/856
f 861/861/861 860/860/860 859/859/859
f 864/864/864 863/863/863 862/862/862
f 867/867/867 866/866/866 865/865/865
f 870/870/870 869/869/869 868/868/868
f 873/873/873 872/872/872 871/871/871
f 876/876/876 875/875/875 874/874/874
f 879/879/879 878/878/878 877/877/877
f 882/882/882 881/881/881 880/880/880
f 885/885/885 884/884/884 883/883/883
f 888/888/888 887/887/887 886/886/886
f 891/891/891 890/890/890 889/889/889
f 894/894/894 893/893/893 892/892/892
f 897/897/897 896/896/896 895/895/895
f 900/900/900 899/899/899 898/898/898
f 903/903/903 902/902/902 901/901/901
f 906/906/906 905/905/905 904/904/904
f 909/909/909 908/908/908 907/907/907
f 912/912/912 911/911/911 910/910/910
f 915/915/915 914/914/914 913/913/913
f 918/918/918 917/917/917 916/916/916
f 921/921/921 920/920/920 919/919/919
f 924/924/924 923/923/923 922/922/922
f 927/927/927 926/926/926 925/925/925
f 930/930/930 929/929/929 928/928/928
f 933/933/933 932/932/932 931/931/931
f 936/936/936 935/935/935 934/934/934
f 939/939/939 938/938/938 937/937/937
f 942/942/942 941/941/941 940/940/940
f 945/945/945 944/944/944 943/943/943
f 948/948/948 947/947/947 946/946/946
f 951/951/951 950/950/950 949/949/949
f 954/954/954 953/953/953 952/952/952
f 957/957/957 956/956/956 955/955/955
f 960/960/960 959/959/959 958/958/958
f 963/963/963 962/962/962 961/961/961
f 966/966/966 965/965/965 964/964/964
f 969/969/969 968/968/968 967/967/967
f 972/972/972 971/971/971 970/970/970
f 975/975/975 974/974/974 973/973/973
f 978/978/978 977/977/977 976/976/976
f 981/981/981 980/980/980 979/979/979
f 984/984/984 983/983/983 982/982/982
f 987/987/987 986/986/986 985/985/985
f 990/990/990 989/989/989 988/988/988
f 993/993/993 992/992/992 991/991/991
f 996/996/996 995/995/995 994/994/994
