# Static pose baked from local Project Zomboid assets
o Body
v 0.068212374 0.015849644 0.258489389
v 0.035329819 0.014942606 0.241342693
v 0.030575868 0.031677002 0.270660048
v 0.035329819 0.014942606 0.241342693
v 0.068212374 0.015849644 0.258489389
v 0.080914831 0.012234582 0.237670446
v 0.085350722 0.014504468 0.213916888
v 0.055984131 -0.006568018 0.177028587
v 0.042491489 -0.002650039 0.210393420
v 0.055984131 -0.006568018 0.177028587
v 0.085350722 0.014504468 0.213916888
v 0.090198000 0.027129480 0.178041380
v 0.030865981 0.069660259 0.289065035
v 0.078964210 0.092344617 0.263998978
v 0.067463173 0.062164673 0.273714764
v 0.078964210 0.092344617 0.263998978
v 0.030865981 0.069660259 0.289065035
v 0.046918931 0.100080166 0.268915988
v 0.070284248 0.096388495 0.032173963
v 0.026853787 0.108733509 0.037202828
v 0.025403995 0.110974595 0.022404916
v 0.026853787 0.108733509 0.037202828
v 0.070284248 0.096388495 0.032173963
v 0.063999140 0.094450304 0.043347743
v 0.069761362 0.039305240 0.050739855
v 0.070284248 0.096388495 0.032173963
v 0.079981442 0.055218234 0.023198004
v 0.070284248 0.096388495 0.032173963
v 0.069761362 0.039305240 0.050739855
v 0.063999140 0.094450304 0.043347743
v 0.048793681 0.003411878 0.049140939
v 0.073165147 0.024243125 0.004802252
v 0.047391317 0.004022947 -0.004737860
v 0.073165147 0.024243125 0.004802252
v 0.048793681 0.003411878 0.049140939
v 0.069761362 0.039305240 0.050739855
v 0.042491489 -0.002650039 0.210393420
v 0.002820127 -0.018066458 0.177432952
v 0.001785231 -0.006797021 0.213745060
v 0.002820127 -0.018066458 0.177432952
v 0.042491489 -0.002650039 0.210393420
v 0.055984131 -0.006568018 0.177028587
v 0.025403995 0.110974595 0.022404916
v -0.015012346 0.099684448 0.033839294
v -0.015412990 0.101664464 0.016768071
v -0.015012346 0.099684448 0.033839294
v 0.025403995 0.110974595 0.022404916
v 0.026853787 0.108733509 0.037202828
v 0.040782895 0.118301897 0.137228728
v -0.007439420 0.122719351 0.176515307
v -0.011147628 0.115949536 0.138868325
v -0.007439420 0.122719351 0.176515307
v 0.040782895 0.118301897 0.137228728
v 0.049577234 0.122549370 0.177050872
v 0.102498980 0.032346786 -0.027021448
v 0.146131898 0.072581256 -0.125878136
v 0.164980244 0.033968339 -0.105647486
v 0.146131898 0.072581256 -0.125878136
v 0.102498980 0.032346786 -0.027021448
v 0.086835542 0.069565594 -0.047193464
v 0.146131898 0.072581256 -0.125878136
v 0.218957505 0.020909552 -0.200956434
v 0.164980244 0.033968339 -0.105647486
v 0.218957505 0.020909552 -0.200956434
v 0.146131898 0.072581256 -0.125878136
v 0.183978091 0.052632869 -0.209270766
v 0.087194801 -0.006659945 -0.030467091
v 0.076258414 -0.002478980 -0.157761523
v 0.018664927 0.031331952 -0.090212841
v 0.076258414 -0.002478980 -0.157761523
v 0.087194801 -0.006659945 -0.030467091
v 0.138944620 -0.012216893 -0.115964910
v 0.138944620 -0.012216893 -0.115964910
v 0.145736316 0.002340170 -0.207401016
v 0.076258414 -0.002478980 -0.157761523
v 0.145736316 0.002340170 -0.207401016
v 0.138944620 -0.012216893 -0.115964910
v 0.181649307 -0.003932209 -0.205128754
v 0.018664927 0.031331952 -0.090212841
v 0.091336194 0.075995622 -0.160244446
v 0.056034877 0.078837673 -0.087964407
v 0.091336194 0.075995622 -0.160244446
v 0.018664927 0.031331952 -0.090212841
v 0.076258414 -0.002478980 -0.157761523
v 0.076258414 -0.002478980 -0.157761523
v 0.149559933 0.042936607 -0.208522651
v 0.091336194 0.075995622 -0.160244446
v 0.149559933 0.042936607 -0.208522651
v 0.076258414 -0.002478980 -0.157761523
v 0.145736316 0.002340170 -0.207401016
v 0.056034877 0.078837673 -0.087964407
v 0.146131898 0.072581256 -0.125878136
v 0.086835542 0.069565594 -0.047193464
v 0.146131898 0.072581256 -0.125878136
v 0.056034877 0.078837673 -0.087964407
v 0.091336194 0.075995622 -0.160244446
v 0.091336194 0.075995622 -0.160244446
v 0.183978091 0.052632869 -0.209270766
v 0.146131898 0.072581256 -0.125878136
v 0.183978091 0.052632869 -0.209270766
v 0.091336194 0.075995622 -0.160244446
v 0.149559933 0.042936607 -0.208522651
v 0.058042762 0.046762020 -0.446982915
v 0.010790171 0.009387222 -0.448533971
v 0.059004937 0.001877766 -0.450057460
v 0.010790171 0.009387222 -0.448533971
v 0.058042762 0.046762020 -0.446982915
v 0.012688426 0.044116623 -0.446221428
v 0.173877448 0.021318705 -0.261355591
v 0.110832140 0.050397520 -0.313530953
v 0.134053988 0.018201997 -0.323768264
v 0.110832140 0.050397520 -0.313530953
v 0.173877448 0.021318705 -0.261355591
v 0.151062462 0.055714276 -0.250798995
v 0.134053988 0.018201997 -0.323768264
v 0.065625284 0.039906310 -0.378689283
v 0.090881927 0.017662237 -0.387097834
v 0.065625284 0.039906310 -0.378689283
v 0.134053988 0.018201997 -0.323768264
v 0.110832140 0.050397520 -0.313530953
v 0.140953590 -0.017673401 -0.261643141
v 0.076981007 -0.006077562 -0.282367171
v 0.102736394 -0.009739295 -0.221852913
v 0.076981007 -0.006077562 -0.282367171
v 0.140953590 -0.017673401 -0.261643141
v 0.108882713 -0.008406222 -0.310845052
v 0.108882713 -0.008406222 -0.310845052
v 0.045857749 0.009435215 -0.360207639
v 0.076981007 -0.006077562 -0.282367171
v 0.045857749 0.009435215 -0.360207639
v 0.108882713 -0.008406222 -0.310845052
v 0.065764945 0.003530256 -0.388593502
v 0.102736394 -0.009739295 -0.221852913
v 0.081464335 0.055489419 -0.289091407
v 0.111859749 0.061993907 -0.221334888
v 0.081464335 0.055489419 -0.289091407
v 0.102736394 -0.009739295 -0.221852913
v 0.076981007 -0.006077562 -0.282367171
v 0.076981007 -0.006077562 -0.282367171
v 0.049192517 0.033356520 -0.356507840
v 0.081464335 0.055489419 -0.289091407
v 0.049192517 0.033356520 -0.356507840
v 0.076981007 -0.006077562 -0.282367171
v 0.045857749 0.009435215 -0.360207639
v 0.111859749 0.061993907 -0.221334888
v 0.110832140 0.050397520 -0.313530953
v 0.151062462 0.055714276 -0.250798995
v 0.110832140 0.050397520 -0.313530953
v 0.111859749 0.061993907 -0.221334888
v 0.081464335 0.055489419 -0.289091407
v 0.081464335 0.055489419 -0.289091407
v 0.065625284 0.039906310 -0.378689283
v 0.110832140 0.050397520 -0.313530953
v 0.065625284 0.039906310 -0.378689283
v 0.081464335 0.055489419 -0.289091407
v 0.049192517 0.033356520 -0.356507840
v 0.086835542 0.069565594 -0.047193464
v 0.073165147 0.024243125 0.004802252
v 0.086799931 0.057369767 -0.005883528
v 0.073165147 0.024243125 0.004802252
v 0.086835542 0.069565594 -0.047193464
v 0.102498980 0.032346786 -0.027021448
v 0.047391317 0.004022947 -0.004737860
v 0.009529790 -0.008181433 -0.048147717
v 0.010041820 -0.016864621 -0.011946385
v 0.009529790 -0.008181433 -0.048147717
v 0.047391317 0.004022947 -0.004737860
v 0.087194801 -0.006659945 -0.030467091
v 0.025403995 0.110974595 0.022404916
v 0.078265177 0.109637287 -0.019258100
v 0.070284248 0.096388495 0.032173963
v 0.078265177 0.109637287 -0.019258100
v 0.025403995 0.110974595 0.022404916
v 0.024706513 0.122635165 -0.025929707
v 0.024706513 0.122635165 -0.025929707
v 0.060773116 0.088992730 -0.073555199
v 0.078265177 0.109637287 -0.019258100
v 0.060773116 0.088992730 -0.073555199
v 0.024706513 0.122635165 -0.025929707
v 0.023228889 0.085929825 -0.074771974
v 0.023228889 0.085929825 -0.074771974
v 0.056034877 0.078837673 -0.087964407
v 0.060773116 0.088992730 -0.073555199
v 0.056034877 0.078837673 -0.087964407
v 0.023228889 0.085929825 -0.074771974
v 0.018664927 0.031331952 -0.090212841
v 0.173877448 0.021318705 -0.261355591
v 0.183978091 0.052632869 -0.209270766
v 0.151062462 0.055714276 -0.250798995
v 0.183978091 0.052632869 -0.209270766
v 0.173877448 0.021318705 -0.261355591
v 0.218957505 0.020909552 -0.200956434
v 0.151062462 0.055714276 -0.250798995
v 0.149559933 0.042936607 -0.208522651
v 0.111859749 0.061993907 -0.221334888
v 0.149559933 0.042936607 -0.208522651
v 0.151062462 0.055714276 -0.250798995
v 0.183978091 0.052632869 -0.209270766
v 0.149559933 0.042936607 -0.208522651
v 0.102736394 -0.009739295 -0.221852913
v 0.111859749 0.061993907 -0.221334888
v 0.102736394 -0.009739295 -0.221852913
v 0.149559933 0.042936607 -0.208522651
v 0.145736316 0.002340170 -0.207401016
v 0.145736316 0.002340170 -0.207401016
v 0.140953590 -0.017673401 -0.261643141
v 0.102736394 -0.009739295 -0.221852913
v 0.140953590 -0.017673401 -0.261643141
v 0.145736316 0.002340170 -0.207401016
v 0.181649307 -0.003932209 -0.205128754
v 0.070284248 0.096388495 0.032173963
v 0.086799931 0.057369767 -0.005883528
v 0.079981442 0.055218234 0.023198004
v 0.086799931 0.057369767 -0.005883528
v 0.070284248 0.096388495 0.032173963
v 0.078265177 0.109637287 -0.019258100
v 0.078265177 0.109637287 -0.019258100
v 0.086835542 0.069565594 -0.047193464
v 0.086799931 0.057369767 -0.005883528
v 0.086835542 0.069565594 -0.047193464
v 0.078265177 0.109637287 -0.019258100
v 0.060773116 0.088992730 -0.073555199
v 0.060773116 0.088992730 -0.073555199
v 0.056034877 0.078837673 -0.087964407
v 0.086835542 0.069565594 -0.047193464
v 0.034398237 0.111611237 0.089900342
v 0.074231292 0.104503523 0.135537534
v 0.040782895 0.118301897 0.137228728
v 0.087675667 0.089080156 0.140736324
v 0.070441307 0.040815933 0.095570259
v 0.087792171 0.035173587 0.145416703
v 0.070441307 0.040815933 0.095570259
v 0.087675667 0.089080156 0.140736324
v 0.069921288 0.091689113 0.091292224
v 0.070441307 0.040815933 0.095570259
v 0.058173583 -0.004528779 0.144575618
v 0.087792171 0.035173587 0.145416703
v 0.058173583 -0.004528779 0.144575618
v 0.070441307 0.040815933 0.095570259
v 0.052581424 0.008156165 0.092679457
v 0.007440031 -0.017291087 0.146143022
v 0.052581424 0.008156165 0.092679457
v 0.005268804 -0.004552817 0.088136246
v 0.052581424 0.008156165 0.092679457
v 0.007440031 -0.017291087 0.146143022
v 0.058173583 -0.004528779 0.144575618
v 0.097206051 0.062011086 0.300192712
v 0.129424103 0.061905637 0.339269006
v 0.081687084 0.011633413 0.289382622
v 0.129424103 0.061905637 0.339269006
v 0.149468612 0.002459796 0.380310819
v 0.114632364 0.003861165 0.340679909
v 0.149468612 0.002459796 0.380310819
v 0.129424103 0.061905637 0.339269006
v 0.161634558 0.049492881 0.379445471
v 0.134996401 -0.003743237 0.264211402
v 0.114632364 0.003861165 0.340679909
v 0.167174330 -0.010560175 0.303305518
v 0.114632364 0.003861165 0.340679909
v 0.193944831 -0.010281921 0.352284275
v 0.167174330 -0.010560175 0.303305518
v 0.193944831 -0.010281921 0.352284275
v 0.114632364 0.003861165 0.340679909
v 0.149468612 0.002459796 0.380310819
v 0.142668682 0.002818873 0.259064143
v 0.181896254 0.047612956 0.301601187
v 0.149897988 0.046887681 0.263539965
v 0.142668682 0.002818873 0.259064143
v 0.167174330 -0.010560175 0.303305518
v 0.181896254 0.047612956 0.301601187
v 0.142668682 0.002818873 0.259064143
v 0.134996401 -0.003743237 0.264211402
v 0.167174330 -0.010560175 0.303305518
v 0.167174330 -0.010560175 0.303305518
v 0.206159880 0.036580514 0.351472737
v 0.181896254 0.047612956 0.301601187
v 0.206159880 0.036580514 0.351472737
v 0.167174330 -0.010560175 0.303305518
v 0.193944831 -0.010281921 0.352284275
v 0.121709680 0.063031403 0.283026093
v 0.181896254 0.047612956 0.301601187
v 0.129424103 0.061905637 0.339269006
v 0.181896254 0.047612956 0.301601187
v 0.161634558 0.049492881 0.379445471
v 0.129424103 0.061905637 0.339269006
v 0.161634558 0.049492881 0.379445471
v 0.181896254 0.047612956 0.301601187
v 0.206159880 0.036580514 0.351472737
v 0.161075018 0.053949695 0.400941522
v 0.162693046 0.004463686 0.463088708
v 0.147886367 -0.001845942 0.404582473
v 0.162693046 0.004463686 0.463088708
v 0.161075018 0.053949695 0.400941522
v 0.170324539 0.040048253 0.458305152
v 0.170324539 0.040048253 0.458305152
v 0.175175545 0.004122053 0.502427532
v 0.162693046 0.004463686 0.463088708
v 0.175175545 0.004122053 0.502427532
v 0.170324539 0.040048253 0.458305152
v 0.182055876 0.029112228 0.505704389
v 0.147886367 -0.001845942 0.404582473
v 0.217385644 -0.001382502 0.447324447
v 0.206331425 -0.017484158 0.386846522
v 0.217385644 -0.001382502 0.447324447
v 0.147886367 -0.001845942 0.404582473
v 0.162693046 0.004463686 0.463088708
v 0.162693046 0.004463686 0.463088708
v 0.213926527 0.001285202 0.494937038
v 0.217385644 -0.001382502 0.447324447
v 0.213926527 0.001285202 0.494937038
v 0.162693046 0.004463686 0.463088708
v 0.175175545 0.004122053 0.502427532
v 0.206331425 -0.017484158 0.386846522
v 0.222840383 0.025990883 0.443450288
v 0.219542725 0.037991901 0.383133325
v 0.222840383 0.025990883 0.443450288
v 0.206331425 -0.017484158 0.386846522
v 0.217385644 -0.001382502 0.447324447
v 0.217385644 -0.001382502 0.447324447
v 0.217750531 0.019803033 0.497628524
v 0.222840383 0.025990883 0.443450288
v 0.217750531 0.019803033 0.497628524
v 0.217385644 -0.001382502 0.447324447
v 0.213926527 0.001285202 0.494937038
v 0.219542725 0.037991901 0.383133325
v 0.170324539 0.040048253 0.458305152
v 0.161075018 0.053949695 0.400941522
v 0.170324539 0.040048253 0.458305152
v 0.219542725 0.037991901 0.383133325
v 0.222840383 0.025990883 0.443450288
v 0.222840383 0.025990883 0.443450288
v 0.182055876 0.029112228 0.505704389
v 0.170324539 0.040048253 0.458305152
v 0.182055876 0.029112228 0.505704389
v 0.222840383 0.025990883 0.443450288
v 0.217750531 0.019803033 0.497628524
v 0.183610945 0.026902586 0.634763724
v 0.218845632 -0.008148204 0.606715814
v 0.177149606 0.009188096 0.623436285
v 0.218845632 -0.008148204 0.606715814
v 0.183610945 0.026902586 0.634763724
v 0.224703664 0.009477977 0.617947159
v 0.145650100 0.015250859 0.576508846
v 0.153027292 0.027145397 0.585704600
v 0.150258767 0.016538748 0.586653945
v 0.153027292 0.027145397 0.585704600
v 0.145650100 0.015250859 0.576508846
v 0.143388892 0.026499099 0.574395153
v 0.213968262 -0.012079384 0.532043551
v 0.173657644 0.019854449 0.563673055
v 0.222331457 -0.000344394 0.566514511
v 0.173657644 0.019854449 0.563673055
v 0.213968262 -0.012079384 0.532043551
v 0.165881996 -0.000195539 0.536351853
v 0.213968262 -0.012079384 0.532043551
v 0.227825694 0.017696929 0.573026541
v 0.224326010 0.024096735 0.528112049
v 0.227825694 0.017696929 0.573026541
v 0.213968262 -0.012079384 0.532043551
v 0.222331457 -0.000344394 0.566514511
v 0.174209687 0.037435946 0.531634943
v 0.227825694 0.017696929 0.573026541
v 0.181076647 0.037379450 0.569530846
v 0.227825694 0.017696929 0.573026541
v 0.174209687 0.037435946 0.531634943
v 0.224326010 0.024096735 0.528112049
v 0.206159880 0.036580514 0.351472737
v 0.161075018 0.053949695 0.400941522
v 0.161634558 0.049492881 0.379445471
v 0.161075018 0.053949695 0.400941522
v 0.206159880 0.036580514 0.351472737
v 0.219542725 0.037991901 0.383133325
v 0.161634558 0.049492881 0.379445471
v 0.147886367 -0.001845942 0.404582473
v 0.149468612 0.002459796 0.380310819
v 0.147886367 -0.001845942 0.404582473
v 0.161634558 0.049492881 0.379445471
v 0.161075018 0.053949695 0.400941522
v 0.193944831 -0.010281921 0.352284275
v 0.147886367 -0.001845942 0.404582473
v 0.206331425 -0.017484158 0.386846522
v 0.147886367 -0.001845942 0.404582473
v 0.193944831 -0.010281921 0.352284275
v 0.149468612 0.002459796 0.380310819
v 0.206331425 -0.017484158 0.386846522
v 0.206159880 0.036580514 0.351472737
v 0.193944831 -0.010281921 0.352284275
v 0.206159880 0.036580514 0.351472737
v 0.206331425 -0.017484158 0.386846522
v 0.219542725 0.037991901 0.383133325
v 0.094092347 0.060714850 0.289694118
v 0.121709680 0.063031403 0.283026093
v 0.096447137 0.031318205 0.292833740
v 0.121709680 0.063031403 0.283026093
v 0.094092347 0.060714850 0.289694118
v 0.149897988 0.046887681 0.263539965
v 0.096447137 0.031318205 0.292833740
v 0.067463173 0.062164673 0.273714764
v 0.094092347 0.060714850 0.289694118
v 0.067463173 0.062164673 0.273714764
v 0.096447137 0.031318205 0.292833740
v 0.063943669 0.037296631 0.278920801
v 0.074231292 0.104503523 0.135537534
v 0.049577234 0.122549370 0.177050872
v 0.040782895 0.118301897 0.137228728
v 0.049577234 0.122549370 0.177050872
v 0.074231292 0.104503523 0.135537534
v 0.087508563 0.108053654 0.180021688
v 0.067463173 0.062164673 0.273714764
v 0.041249432 0.044021480 0.282978214
v 0.030865981 0.069660259 0.289065035
v 0.092762086 0.013698214 0.274309387
v 0.080914831 0.012234582 0.237670446
v 0.068212374 0.015849644 0.258489389
v 0.080914831 0.012234582 0.237670446
v 0.092762086 0.013698214 0.274309387
v 0.093656775 0.022081302 0.258801868
v 0.097206051 0.062011086 0.300192712
v 0.093656775 0.022081302 0.258801868
v 0.092762086 0.013698214 0.274309387
v 0.100494158 0.090520024 0.224297106
v 0.046918931 0.100080166 0.268915988
v 0.055330010 0.116866321 0.215211839
v 0.100494158 0.090520024 0.224297106
v 0.078964210 0.092344617 0.263998978
v 0.046918931 0.100080166 0.268915988
v 0.100494158 0.090520024 0.224297106
v 0.103591740 0.086292333 0.228949141
v 0.078964210 0.092344617 0.263998978
v -0.002686419 0.118264800 0.211979413
v 0.046918931 0.100080166 0.268915988
v 0.000160811 0.092820864 0.266305389
v 0.046918931 0.100080166 0.268915988
v -0.002686419 0.118264800 0.211979413
v 0.055330010 0.116866321 0.215211839
v 0.094092347 0.060714850 0.289694118
v 0.067463173 0.062164673 0.273714764
v 0.078964210 0.092344617 0.263998978
v 0.149897988 0.046887681 0.263539965
v 0.103591740 0.086292333 0.228949141
v 0.142668682 0.002818873 0.259064143
v 0.149897988 0.046887681 0.263539965
v 0.078964210 0.092344617 0.263998978
v 0.103591740 0.086292333 0.228949141
v 0.149897988 0.046887681 0.263539965
v 0.094092347 0.060714850 0.289694118
v 0.078964210 0.092344617 0.263998978
v 0.087858151 0.040334006 0.210027137
v 0.134996401 -0.003743237 0.264211402
v 0.104333860 0.077212381 0.223935755
v 0.134996401 -0.003743237 0.264211402
v 0.087858151 0.040334006 0.210027137
v 0.081687084 0.011633413 0.289382622
v 0.087792171 0.035173587 0.145416703
v 0.091900827 0.076221116 0.177224633
v 0.087675667 0.089080156 0.140736324
v 0.091900827 0.076221116 0.177224633
v 0.087792171 0.035173587 0.145416703
v 0.087456084 0.041313343 0.174602631
v 0.085350722 0.014504468 0.213916888
v 0.081687084 0.011633413 0.289382622
v 0.087858151 0.040334006 0.210027137
v 0.090198000 0.027129480 0.178041380
v 0.087456084 0.041313343 0.174602631
v 0.087792171 0.035173587 0.145416703
v 0.091900827 0.076221116 0.177224633
v 0.096125767 0.092467006 0.179712861
v 0.087675667 0.089080156 0.140736324
v 0.182055876 0.029112228 0.505704389
v 0.165881996 -0.000195539 0.536351853
v 0.175175545 0.004122053 0.502427532
v 0.165881996 -0.000195539 0.536351853
v 0.182055876 0.029112228 0.505704389
v 0.174209687 0.037435946 0.531634943
v 0.182055876 0.029112228 0.505704389
v 0.224326010 0.024096735 0.528112049
v 0.174209687 0.037435946 0.531634943
v 0.224326010 0.024096735 0.528112049
v 0.182055876 0.029112228 0.505704389
v 0.217750531 0.019803033 0.497628524
v 0.217750531 0.019803033 0.497628524
v 0.213968262 -0.012079384 0.532043551
v 0.224326010 0.024096735 0.528112049
v 0.213968262 -0.012079384 0.532043551
v 0.217750531 0.019803033 0.497628524
v 0.213926527 0.001285202 0.494937038
v 0.213968262 -0.012079384 0.532043551
v 0.175175545 0.004122053 0.502427532
v 0.165881996 -0.000195539 0.536351853
v 0.175175545 0.004122053 0.502427532
v 0.213968262 -0.012079384 0.532043551
v 0.213926527 0.001285202 0.494937038
v 0.030865981 0.069660259 0.289065035
v 0.032149986 0.066382846 0.309428118
v 0.017791465 0.083046231 0.307584587
v 0.032149986 0.066382846 0.309428118
v 0.030865981 0.069660259 0.289065035
v 0.041249432 0.044021480 0.282978214
v 0.017791465 0.083046231 0.307584587
v 0.001740353 0.073135013 0.292005601
v 0.030865981 0.069660259 0.289065035
v 0.001740353 0.073135013 0.292005601
v 0.017791465 0.083046231 0.307584587
v -0.008523051 0.083752571 0.308172985
v 0.222331457 -0.000344394 0.566514511
v 0.177149606 0.009188096 0.623436285
v 0.218845632 -0.008148204 0.606715814
v 0.177149606 0.009188096 0.623436285
v 0.222331457 -0.000344394 0.566514511
v 0.173657644 0.019854449 0.563673055
v 0.173657644 0.019854449 0.563673055
v 0.183610945 0.026902586 0.634763724
v 0.177149606 0.009188096 0.623436285
v 0.183610945 0.026902586 0.634763724
v 0.173657644 0.019854449 0.563673055
v 0.181076647 0.037379450 0.569530846
v 0.183610945 0.026902586 0.634763724
v 0.227825694 0.017696929 0.573026541
v 0.224703664 0.009477977 0.617947159
v 0.227825694 0.017696929 0.573026541
v 0.183610945 0.026902586 0.634763724
v 0.181076647 0.037379450 0.569530846
v 0.224703664 0.009477977 0.617947159
v 0.222331457 -0.000344394 0.566514511
v 0.218845632 -0.008148204 0.606715814
v 0.222331457 -0.000344394 0.566514511
v 0.224703664 0.009477977 0.617947159
v 0.227825694 0.017696929 0.573026541
v 0.174209687 0.037435946 0.531634943
v 0.153107002 0.006826934 0.560026731
v 0.165881996 -0.000195539 0.536351853
v 0.153107002 0.006826934 0.560026731
v 0.174209687 0.037435946 0.531634943
v 0.154739757 0.032666852 0.559238195
v 0.153107002 0.006826934 0.560026731
v 0.173657644 0.019854449 0.563673055
v 0.165881996 -0.000195539 0.536351853
v 0.173657644 0.019854449 0.563673055
v 0.153107002 0.006826934 0.560026731
v 0.163140076 0.011613192 0.573928523
v 0.173657644 0.019854449 0.563673055
v 0.174125320 0.033316376 0.570180895
v 0.181076647 0.037379450 0.569530846
v 0.174125320 0.033316376 0.570180895
v 0.173657644 0.019854449 0.563673055
v 0.163140076 0.011613192 0.573928523
v 0.174125320 0.033316376 0.570180895
v 0.174209687 0.037435946 0.531634943
v 0.181076647 0.037379450 0.569530846
v 0.174209687 0.037435946 0.531634943
v 0.174125320 0.033316376 0.570180895
v 0.154739757 0.032666852 0.559238195
v 0.154739757 0.032666852 0.559238195
v 0.145650100 0.015250859 0.576508846
v 0.153107002 0.006826934 0.560026731
v 0.145650100 0.015250859 0.576508846
v 0.154739757 0.032666852 0.559238195
v 0.143388892 0.026499099 0.574395153
v 0.153107002 0.006826934 0.560026731
v 0.150258767 0.016538748 0.586653945
v 0.163140076 0.011613192 0.573928523
v 0.150258767 0.016538748 0.586653945
v 0.153107002 0.006826934 0.560026731
v 0.145650100 0.015250859 0.576508846
v 0.163140076 0.011613192 0.573928523
v 0.153027292 0.027145397 0.585704600
v 0.174125320 0.033316376 0.570180895
v 0.153027292 0.027145397 0.585704600
v 0.163140076 0.011613192 0.573928523
v 0.150258767 0.016538748 0.586653945
v 0.174125320 0.033316376 0.570180895
v 0.143388892 0.026499099 0.574395153
v 0.154739757 0.032666852 0.559238195
v 0.143388892 0.026499099 0.574395153
v 0.174125320 0.033316376 0.570180895
v 0.153027292 0.027145397 0.585704600
v 0.135565508 0.048032315 -0.426968053
v 0.178334806 0.017336661 -0.451730851
v 0.171474826 0.015077199 -0.433099315
v 0.178334806 0.017336661 -0.451730851
v 0.135565508 0.048032315 -0.426968053
v 0.142552639 0.054724740 -0.448352757
v 0.022002737 0.002890630 -0.415741419
v 0.059004937 0.001877766 -0.450057460
v 0.010790171 0.009387222 -0.448533971
v 0.059004937 0.001877766 -0.450057460
v 0.022002737 0.002890630 -0.415741419
v 0.062045527 -0.001309466 -0.425324045
v 0.045857749 0.009435215 -0.360207639
v 0.024547874 0.044060573 -0.409949612
v 0.049192517 0.033356520 -0.356507840
v 0.024547874 0.044060573 -0.409949612
v 0.045857749 0.009435215 -0.360207639
v 0.022002737 0.002890630 -0.415741419
v 0.058042762 0.046762020 -0.446982915
v 0.024547874 0.044060573 -0.409949612
v 0.012688426 0.044116623 -0.446221428
v 0.024547874 0.044060573 -0.409949612
v 0.058042762 0.046762020 -0.446982915
v 0.061372181 0.045408398 -0.412115461
v 0.090881927 0.017662237 -0.387097834
v 0.135565508 0.048032315 -0.426968053
v 0.171474826 0.015077199 -0.433099315
v 0.135565508 0.048032315 -0.426968053
v 0.090881927 0.017662237 -0.387097834
v 0.065625284 0.039906310 -0.378689283
v 0.059004937 0.001877766 -0.450057460
v 0.159678707 -0.011644204 -0.437698006
v 0.166259276 -0.017014694 -0.453793904
v 0.159678707 -0.011644204 -0.437698006
v 0.059004937 0.001877766 -0.450057460
v 0.062045527 -0.001309466 -0.425324045
v 0.059004937 0.001877766 -0.450057460
v 0.142552639 0.054724740 -0.448352757
v 0.058042762 0.046762020 -0.446982915
v 0.142552639 0.054724740 -0.448352757
v 0.059004937 0.001877766 -0.450057460
v 0.166259276 -0.017014694 -0.453793904
v 0.058042762 0.046762020 -0.446982915
v 0.135565508 0.048032315 -0.426968053
v 0.061372181 0.045408398 -0.412115461
v 0.135565508 0.048032315 -0.426968053
v 0.058042762 0.046762020 -0.446982915
v 0.142552639 0.054724740 -0.448352757
v 0.047391317 0.004022947 -0.004737860
v 0.102498980 0.032346786 -0.027021448
v 0.087194801 -0.006659945 -0.030467091
v 0.073165147 0.024243125 0.004802252
v 0.102498980 0.032346786 -0.027021448
v 0.047391317 0.004022947 -0.004737860
v 0.102498980 0.032346786 -0.027021448
v 0.164980244 0.033968339 -0.105647486
v 0.138944620 -0.012216893 -0.115964910
v 0.164980244 0.033968339 -0.105647486
v 0.181649307 -0.003932209 -0.205128754
v 0.138944620 -0.012216893 -0.115964910
v 0.181649307 -0.003932209 -0.205128754
v 0.164980244 0.033968339 -0.105647486
v 0.218957505 0.020909552 -0.200956434
v 0.218957505 0.020909552 -0.200956434
v 0.140953590 -0.017673401 -0.261643141
v 0.181649307 -0.003932209 -0.205128754
v 0.140953590 -0.017673401 -0.261643141
v 0.218957505 0.020909552 -0.200956434
v 0.173877448 0.021318705 -0.261355591
v 0.140953590 -0.017673401 -0.261643141
v 0.134053988 0.018201997 -0.323768264
v 0.108882713 -0.008406222 -0.310845052
v 0.134053988 0.018201997 -0.323768264
v 0.140953590 -0.017673401 -0.261643141
v 0.173877448 0.021318705 -0.261355591
v 0.108882713 -0.008406222 -0.310845052
v 0.090881927 0.017662237 -0.387097834
v 0.065764945 0.003530256 -0.388593502
v 0.090881927 0.017662237 -0.387097834
v 0.108882713 -0.008406222 -0.310845052
v 0.134053988 0.018201997 -0.323768264
v 0.065764945 0.003530256 -0.388593502
v 0.171474826 0.015077199 -0.433099315
v 0.159678707 -0.011644204 -0.437698006
v 0.171474826 0.015077199 -0.433099315
v 0.065764945 0.003530256 -0.388593502
v 0.090881927 0.017662237 -0.387097834
v 0.171474826 0.015077199 -0.433099315
v 0.166259276 -0.017014694 -0.453793904
v 0.159678707 -0.011644204 -0.437698006
v 0.166259276 -0.017014694 -0.453793904
v 0.171474826 0.015077199 -0.433099315
v 0.178334806 0.017336661 -0.451730851
v 0.159678707 -0.011644204 -0.437698006
v 0.062045527 -0.001309466 -0.425324045
v 0.065764945 0.003530256 -0.388593502
v 0.065764945 0.003530256 -0.388593502
v 0.022002737 0.002890630 -0.415741419
v 0.045857749 0.009435215 -0.360207639
v 0.022002737 0.002890630 -0.415741419
v 0.065764945 0.003530256 -0.388593502
v 0.062045527 -0.001309466 -0.425324045
v 0.024547874 0.044060573 -0.409949612
v 0.010790171 0.009387222 -0.448533971
v 0.012688426 0.044116623 -0.446221428
v 0.010790171 0.009387222 -0.448533971
v 0.024547874 0.044060573 -0.409949612
v 0.022002737 0.002890630 -0.415741419
v 0.049192517 0.033356520 -0.356507840
v 0.061372181 0.045408398 -0.412115461
v 0.065625284 0.039906310 -0.378689283
v 0.061372181 0.045408398 -0.412115461
v 0.049192517 0.033356520 -0.356507840
v 0.024547874 0.044060573 -0.409949612
v 0.061372181 0.045408398 -0.412115461
v 0.135565508 0.048032315 -0.426968053
v 0.065625284 0.039906310 -0.378689283
v 0.069761362 0.039305240 0.050739855
v 0.079981442 0.055218234 0.023198004
v 0.073165147 0.024243125 0.004802252
v 0.079981442 0.055218234 0.023198004
v 0.086799931 0.057369767 -0.005883528
v 0.073165147 0.024243125 0.004802252
v 0.087194801 -0.006659945 -0.030467091
v 0.000516170 0.038958561 -0.068158271
v 0.009529790 -0.008181433 -0.048147717
v 0.044410699 0.064807860 0.319477525
v 0.040640963 0.039917943 0.309966826
v 0.048390537 0.043857512 0.317070506
v 0.040640963 0.039917943 0.309966826
v 0.044410699 0.064807860 0.319477525
v 0.029690002 0.048195556 0.309194852
v 0.023345729 0.080752292 0.336212730
v 0.017791465 0.083046231 0.307584587
v 0.032149986 0.066382846 0.309428118
v 0.017791465 0.083046231 0.307584587
v 0.023345729 0.080752292 0.336212730
v 0.004529634 0.093711091 0.343996089
v 0.017646199 0.046275766 0.456831350
v 0.017142163 0.012498211 0.450393297
v 0.000978930 0.035459995 0.460524612
v 0.061047073 0.012698313 0.394884082
v 0.050825007 -0.002354227 0.393587319
v 0.051154187 0.018551040 0.422282761
v 0.044410699 0.064807860 0.319477525
v 0.053483533 0.045198871 0.337776333
v 0.044473334 0.072025884 0.346951650
v 0.053483533 0.045198871 0.337776333
v 0.044410699 0.064807860 0.319477525
v 0.048390537 0.043857512 0.317070506
v 0.037251922 0.071713740 0.329962015
v 0.044473334 0.072025884 0.346951650
v 0.032931328 0.088347474 0.380481086
v 0.044473334 0.072025884 0.346951650
v 0.037251922 0.071713740 0.329962015
v 0.044410699 0.064807860 0.319477525
v 0.045017123 0.070501678 0.392207750
v 0.052549277 0.039867142 0.428492463
v 0.044762169 0.066680446 0.429221922
v 0.052549277 0.039867142 0.428492463
v 0.045017123 0.070501678 0.392207750
v 0.056688556 0.046009381 0.389681619
v 0.045017123 0.070501678 0.392207750
v 0.044762169 0.066680446 0.429221922
v 0.032931328 0.088347474 0.380481086
v 0.004529634 0.093711091 0.343996089
v 0.021458823 0.100381221 0.382915944
v 0.000506706 0.111412427 0.389041976
v 0.021458823 0.100381221 0.382915944
v 0.004529634 0.093711091 0.343996089
v 0.023345729 0.080752292 0.336212730
v -0.038111644 0.098699150 0.387399181
v -0.001606590 0.099667381 0.436051203
v -0.034609242 0.089734286 0.435741983
v -0.001606590 0.099667381 0.436051203
v -0.038111644 0.098699150 0.387399181
v 0.000506706 0.111412427 0.389041976
v 0.037251922 0.071713740 0.329962015
v 0.029690002 0.048195556 0.309194852
v 0.044410699 0.064807860 0.319477525
v 0.052549277 0.039867142 0.428492463
v 0.061047073 0.012698313 0.394884082
v 0.051154187 0.018551040 0.422282761
v 0.058301598 0.046269240 0.367035482
v 0.054236084 0.028146021 0.328828010
v 0.059784827 0.018710981 0.363076104
v 0.048390537 0.043857512 0.317070506
v 0.040640963 0.039917943 0.309966826
v 0.050717136 0.009357152 0.304589055
v 0.050717136 0.009357152 0.304589055
v 0.028539319 0.007823834 0.297351348
v 0.040121123 -0.009488458 0.300973557
v 0.028539319 0.007823834 0.297351348
v 0.050717136 0.009357152 0.304589055
v 0.040640963 0.039917943 0.309966826
v 0.040999496 0.024032965 0.440699100
v 0.052549277 0.039867142 0.428492463
v 0.051154187 0.018551040 0.422282761
v 0.034495944 0.057272568 0.447423788
v 0.021651536 0.092473382 0.435496578
v 0.044762169 0.066680446 0.429221922
v 0.021651536 0.092473382 0.435496578
v 0.034495944 0.057272568 0.447423788
v 0.013997882 0.078267616 0.452860032
v -0.034609242 0.089734286 0.435741983
v -0.004232334 0.074063239 0.457098641
v -0.019944637 0.066388167 0.458389848
v 0.052549277 0.039867142 0.428492463
v 0.034495944 0.057272568 0.447423788
v 0.044762169 0.066680446 0.429221922
v -0.008523051 0.083752571 0.308172985
v 0.004529634 0.093711091 0.343996089
v -0.028538029 0.087577331 0.349997835
v 0.004529634 0.093711091 0.343996089
v -0.008523051 0.083752571 0.308172985
v 0.017791465 0.083046231 0.307584587
v -0.028538029 0.087577331 0.349997835
v 0.000506706 0.111412427 0.389041976
v -0.038111644 0.098699150 0.387399181
v 0.000506706 0.111412427 0.389041976
v -0.028538029 0.087577331 0.349997835
v 0.004529634 0.093711091 0.343996089
v -0.001606590 0.099667381 0.436051203
v 0.000506706 0.111412427 0.389041976
v 0.021651536 0.092473382 0.435496578
v 0.013997882 0.078267616 0.452860032
v -0.001606590 0.099667381 0.436051203
v 0.021651536 0.092473382 0.435496578
v 0.043616005 0.079218210 0.377049126
v 0.041609490 0.093812810 0.375943029
v 0.048303953 0.074118104 0.349887771
v 0.041609490 0.093812810 0.375943029
v 0.043616005 0.079218210 0.377049126
v 0.042076611 0.086016283 0.395353222
v 0.044473334 0.072025884 0.346951650
v 0.041609490 0.093812810 0.375943029
v 0.032931328 0.088347474 0.380481086
v 0.041609490 0.093812810 0.375943029
v 0.044473334 0.072025884 0.346951650
v 0.048303953 0.074118104 0.349887771
v 0.032931328 0.088347474 0.380481086
v 0.042076611 0.086016283 0.395353222
v 0.045017123 0.070501678 0.392207750
v 0.042076611 0.086016283 0.395353222
v 0.032931328 0.088347474 0.380481086
v 0.041609490 0.093812810 0.375943029
v 0.045017123 0.070501678 0.392207750
v 0.043616005 0.079218210 0.377049126
v 0.051117092 0.064298790 0.368592235
v 0.043616005 0.079218210 0.377049126
v 0.045017123 0.070501678 0.392207750
v 0.042076611 0.086016283 0.395353222
v 0.051117092 0.064298790 0.368592235
v 0.048303953 0.074118104 0.349887771
v 0.044473334 0.072025884 0.346951650
v 0.048303953 0.074118104 0.349887771
v 0.051117092 0.064298790 0.368592235
v 0.043616005 0.079218210 0.377049126
v 0.057776733 0.019401673 0.385231248
v 0.058301598 0.046269240 0.367035482
v 0.059784827 0.018710981 0.363076104
v 0.058301598 0.046269240 0.367035482
v 0.057776733 0.019401673 0.385231248
v 0.056688556 0.046009381 0.389681619
v 0.058301598 0.046269240 0.367035482
v 0.045017123 0.070501678 0.392207750
v 0.051117092 0.064298790 0.368592235
v 0.045017123 0.070501678 0.392207750
v 0.058301598 0.046269240 0.367035482
v 0.056688556 0.046009381 0.389681619
v 0.029690002 0.048195556 0.309194852
v 0.041249432 0.044021480 0.282978214
v 0.030575868 0.031677002 0.270660048
v 0.041249432 0.044021480 0.282978214
v 0.029690002 0.048195556 0.309194852
v 0.032149986 0.066382846 0.309428118
v 0.041249432 0.044021480 0.282978214
v 0.067463173 0.062164673 0.273714764
v 0.063943669 0.037296631 0.278920801
v 0.032149986 0.066382846 0.309428118
v 0.037251922 0.071713740 0.329962015
v 0.023345729 0.080752292 0.336212730
v 0.037251922 0.071713740 0.329962015
v 0.032149986 0.066382846 0.309428118
v 0.029690002 0.048195556 0.309194852
v 0.037251922 0.071713740 0.329962015
v 0.032931328 0.088347474 0.380481086
v 0.023345729 0.080752292 0.336212730
v 0.002865218 0.011480436 0.261773212
v 0.035329819 0.014942606 0.241342693
v 0.002253690 0.004844834 0.238223915
v 0.035329819 0.014942606 0.241342693
v 0.002865218 0.011480436 0.261773212
v 0.030575868 0.031677002 0.270660048
v 0.047391317 0.004022947 -0.004737860
v 0.007118801 -0.009204541 0.046095964
v 0.048793681 0.003411878 0.049140939
v 0.007118801 -0.009204541 0.046095964
v 0.047391317 0.004022947 -0.004737860
v 0.010041820 -0.016864621 -0.011946385
v -0.015412990 0.101664464 0.016768071
v 0.024706513 0.122635165 -0.025929707
v 0.025403995 0.110974595 0.022404916
v 0.024706513 0.122635165 -0.025929707
v -0.015412990 0.101664464 0.016768071
v -0.016215205 0.113555981 -0.029949330
v 0.024706513 0.122635165 -0.025929707
v -0.013433946 0.105769354 -0.063239839
v 0.023228889 0.085929825 -0.074771974
v -0.013433946 0.105769354 -0.063239839
v 0.024706513 0.122635165 -0.025929707
v -0.016215205 0.113555981 -0.029949330
v -0.013433946 0.105769354 -0.063239839
v 0.018664927 0.031331952 -0.090212841
v 0.023228889 0.085929825 -0.074771974
v 0.018664927 0.031331952 -0.090212841
v -0.013433946 0.105769354 -0.063239839
v -0.008803939 0.088684897 -0.081592164
v 0.010888972 0.018244780 0.300619931
v 0.030575868 0.031677002 0.270660048
v 0.002865218 0.011480436 0.261773212
v 0.030575868 0.031677002 0.270660048
v 0.010888972 0.018244780 0.300619931
v 0.029690002 0.048195556 0.309194852
v -0.008803939 0.088684897 -0.081592164
v 0.000516170 0.038958561 -0.068158271
v 0.018664927 0.031331952 -0.090212841
v 0.018664927 0.031331952 -0.090212841
v 0.000516170 0.038958561 -0.068158271
v 0.087194801 -0.006659945 -0.030467091
v -0.004232334 0.074063239 0.457098641
v 0.000978930 0.035459995 0.460524612
v -0.019944637 0.066388167 0.458389848
v 0.000978930 0.035459995 0.460524612
v -0.004232334 0.074063239 0.457098641
v 0.017646199 0.046275766 0.456831350
v 0.051571476 0.006683349 0.336462012
v 0.047328673 -0.002298538 0.359334199
v 0.059784827 0.018710981 0.363076104
v 0.047328673 -0.002298538 0.359334199
v 0.051571476 0.006683349 0.336462012
v 0.048428673 -0.002817884 0.349756162
v 0.040640963 0.039917943 0.309966826
v 0.010888972 0.018244780 0.300619931
v 0.028539319 0.007823834 0.297351348
v 0.010888972 0.018244780 0.300619931
v 0.040640963 0.039917943 0.309966826
v 0.029690002 0.048195556 0.309194852
v 0.024764413 0.001956697 0.441982343
v 0.017142163 0.012498211 0.450393297
v 0.040999496 0.024032965 0.440699100
v 0.024764413 0.001956697 0.441982343
v 0.051154187 0.018551040 0.422282761
v 0.033874094 -0.009806047 0.421340776
v 0.051154187 0.018551040 0.422282761
v 0.024764413 0.001956697 0.441982343
v 0.040999496 0.024032965 0.440699100
v 0.059784827 0.018710981 0.363076104
v 0.044695684 0.003718817 0.383838794
v 0.057776733 0.019401673 0.385231248
v 0.044695684 0.003718817 0.383838794
v 0.059784827 0.018710981 0.363076104
v 0.047328673 -0.002298538 0.359334199
v 0.114632364 0.003861165 0.340679909
v 0.134996401 -0.003743237 0.264211402
v 0.081687084 0.011633413 0.289382622
v 0.081687084 0.011633413 0.289382622
v 0.129424103 0.061905637 0.339269006
v 0.114632364 0.003861165 0.340679909
v 0.052581424 0.008156165 0.092679457
v 0.069761362 0.039305240 0.050739855
v 0.048793681 0.003411878 0.049140939
v 0.069761362 0.039305240 0.050739855
v 0.052581424 0.008156165 0.092679457
v 0.070441307 0.040815933 0.095570259
v 0.070441307 0.040815933 0.095570259
v 0.063999140 0.094450304 0.043347743
v 0.069761362 0.039305240 0.050739855
v 0.063999140 0.094450304 0.043347743
v 0.070441307 0.040815933 0.095570259
v 0.069921288 0.091689113 0.091292224
v 0.063999140 0.094450304 0.043347743
v 0.034398237 0.111611237 0.089900342
v 0.026853787 0.108733509 0.037202828
v 0.034398237 0.111611237 0.089900342
v 0.063999140 0.094450304 0.043347743
v 0.069921288 0.091689113 0.091292224
v 0.026853787 0.108733509 0.037202828
v -0.012638270 0.106006589 0.089207564
v -0.015012346 0.099684448 0.033839294
v -0.012638270 0.106006589 0.089207564
v 0.026853787 0.108733509 0.037202828
v 0.034398237 0.111611237 0.089900342
v 0.041249432 0.044021480 0.282978214
v 0.063943669 0.037296631 0.278920801
v 0.030575868 0.031677002 0.270660048
v 0.030575868 0.031677002 0.270660048
v 0.063943669 0.037296631 0.278920801
v 0.068212374 0.015849644 0.258489389
v 0.068212374 0.015849644 0.258489389
v 0.096447137 0.031318205 0.292833740
v 0.092762086 0.013698214 0.274309387
v 0.096447137 0.031318205 0.292833740
v 0.068212374 0.015849644 0.258489389
v 0.063943669 0.037296631 0.278920801
v 0.092762086 0.013698214 0.274309387
v 0.121709680 0.063031403 0.283026093
v 0.097206051 0.062011086 0.300192712
v 0.121709680 0.063031403 0.283026093
v 0.092762086 0.013698214 0.274309387
v 0.096447137 0.031318205 0.292833740
v 0.121709680 0.063031403 0.283026093
v 0.129424103 0.061905637 0.339269006
v 0.097206051 0.062011086 0.300192712
v 0.181896254 0.047612956 0.301601187
v 0.121709680 0.063031403 0.283026093
v 0.149897988 0.046887681 0.263539965
v 0.102498980 0.032346786 -0.027021448
v 0.138944620 -0.012216893 -0.115964910
v 0.087194801 -0.006659945 -0.030467091
v 0.061047073 0.012698313 0.394884082
v 0.056688556 0.046009381 0.389681619
v 0.057776733 0.019401673 0.385231248
v 0.044695684 0.003718817 0.383838794
v 0.061047073 0.012698313 0.394884082
v 0.057776733 0.019401673 0.385231248
v 0.061047073 0.012698313 0.394884082
v 0.044695684 0.003718817 0.383838794
v 0.050825007 -0.002354227 0.393587319
v 0.061047073 0.012698313 0.394884082
v 0.052549277 0.039867142 0.428492463
v 0.056688556 0.046009381 0.389681619
v 0.142552639 0.054724740 -0.448352757
v 0.166259276 -0.017014694 -0.453793904
v 0.178334806 0.017336661 -0.451730851
v 0.050717136 0.009357152 0.304589055
v 0.049215523 -0.003895930 0.328084136
v 0.051500581 0.006249438 0.329864261
v 0.054236084 0.028146021 0.328828010
v 0.058301598 0.046269240 0.367035482
v 0.053483533 0.045198871 0.337776333
v 0.050717136 0.009357152 0.304589055
v 0.054236084 0.028146021 0.328828010
v 0.048390537 0.043857512 0.317070506
v 0.051500581 0.006249438 0.329864261
v 0.046647906 -0.000803254 0.332552584
v 0.051571476 0.006683349 0.336462012
v 0.046647906 -0.000803254 0.332552584
v 0.051500581 0.006249438 0.329864261
v 0.049215523 -0.003895930 0.328084136
v 0.047328673 -0.002298538 0.359334199
v 0.040747423 -0.014171823 0.348640480
v 0.045246921 -0.021520492 0.357938790
v 0.046647906 -0.000803254 0.332552584
v 0.048788192 -0.004738704 0.336866603
v 0.051571476 0.006683349 0.336462012
v 0.037268867 -0.007774354 0.332378520
v 0.049215523 -0.003895930 0.328084136
v 0.041087983 -0.012897400 0.326152951
v 0.049215523 -0.003895930 0.328084136
v 0.037268867 -0.007774354 0.332378520
v 0.046647906 -0.000803254 0.332552584
v 0.054236084 0.028146021 0.328828010
v 0.051500581 0.006249438 0.329864261
v 0.051571476 0.006683349 0.336462012
v 0.051500581 0.006249438 0.329864261
v 0.054236084 0.028146021 0.328828010
v 0.050717136 0.009357152 0.304589055
v 0.054236084 0.028146021 0.328828010
v 0.053483533 0.045198871 0.337776333
v 0.048390537 0.043857512 0.317070506
v 0.044473334 0.072025884 0.346951650
v 0.058301598 0.046269240 0.367035482
v 0.051117092 0.064298790 0.368592235
v 0.058301598 0.046269240 0.367035482
v 0.044473334 0.072025884 0.346951650
v 0.053483533 0.045198871 0.337776333
v 0.059784827 0.018710981 0.363076104
v 0.054236084 0.028146021 0.328828010
v 0.051571476 0.006683349 0.336462012
v 0.033874094 -0.009806047 0.421340776
v 0.050825007 -0.002354227 0.393587319
v 0.040603766 -0.017406205 0.392290600
v 0.050825007 -0.002354227 0.393587319
v 0.033874094 -0.009806047 0.421340776
v 0.051154187 0.018551040 0.422282761
v 0.050825007 -0.002354227 0.393587319
v 0.039232704 -0.014626076 0.382605098
v 0.040603766 -0.017406205 0.392290600
v 0.039232704 -0.014626076 0.382605098
v 0.050825007 -0.002354227 0.393587319
v 0.044695684 0.003718817 0.383838794
v 0.039232704 -0.014626076 0.382605098
v 0.047328673 -0.002298538 0.359334199
v 0.045246921 -0.021520492 0.357938790
v 0.047328673 -0.002298538 0.359334199
v 0.039232704 -0.014626076 0.382605098
v 0.044695684 0.003718817 0.383838794
v 0.048428673 -0.002817884 0.349756162
v 0.051571476 0.006683349 0.336462012
v 0.048788192 -0.004738704 0.336866603
v 0.069921288 0.091689113 0.091292224
v 0.087675667 0.089080156 0.140736324
v 0.074231292 0.104503523 0.135537534
v 0.100494158 0.090520024 0.224297106
v 0.104333860 0.077212381 0.223935755
v 0.103591740 0.086292333 0.228949141
v 0.087675667 0.089080156 0.140736324
v 0.087508563 0.108053654 0.180021688
v 0.074231292 0.104503523 0.135537534
v 0.087508563 0.108053654 0.180021688
v 0.087675667 0.089080156 0.140736324
v 0.096125767 0.092467006 0.179712861
v 0.074231292 0.104503523 0.135537534
v 0.034398237 0.111611237 0.089900342
v 0.069921288 0.091689113 0.091292224
v 0.049215523 -0.003895930 0.328084136
v 0.040121123 -0.009488458 0.300973557
v 0.041087983 -0.012897400 0.326152951
v 0.001740353 0.073135013 0.292005601
v 0.046918931 0.100080166 0.268915988
v 0.030865981 0.069660259 0.289065035
v 0.048788192 -0.004738704 0.336866603
v 0.037268867 -0.007774354 0.332378520
v 0.041428772 -0.014235920 0.336763142
v 0.037268867 -0.007774354 0.332378520
v 0.048788192 -0.004738704 0.336866603
v 0.046647906 -0.000803254 0.332552584
v 0.040747423 -0.014171823 0.348640480
v 0.048788192 -0.004738704 0.336866603
v 0.041428772 -0.014235920 0.336763142
v 0.048788192 -0.004738704 0.336866603
v 0.040747423 -0.014171823 0.348640480
v 0.048428673 -0.002817884 0.349756162
v 0.049577234 0.122549370 0.177050872
v -0.002686419 0.118264800 0.211979413
v -0.007439420 0.122719351 0.176515307
v -0.002686419 0.118264800 0.211979413
v 0.049577234 0.122549370 0.177050872
v 0.055330010 0.116866321 0.215211839
v 0.055330010 0.116866321 0.215211839
v 0.087508563 0.108053654 0.180021688
v 0.100494158 0.090520024 0.224297106
v 0.087508563 0.108053654 0.180021688
v 0.055330010 0.116866321 0.215211839
v 0.049577234 0.122549370 0.177050872
v 0.087508563 0.108053654 0.180021688
v 0.104333860 0.077212381 0.223935755
v 0.100494158 0.090520024 0.224297106
v 0.104333860 0.077212381 0.223935755
v 0.087508563 0.108053654 0.180021688
v 0.096125767 0.092467006 0.179712861
v 0.104333860 0.077212381 0.223935755
v 0.091900827 0.076221116 0.177224633
v 0.083893040 0.054305634 0.211297161
v 0.091900827 0.076221116 0.177224633
v 0.104333860 0.077212381 0.223935755
v 0.096125767 0.092467006 0.179712861
v 0.083893040 0.054305634 0.211297161
v 0.087456084 0.041313343 0.174602631
v 0.087858151 0.040334006 0.210027137
v 0.087456084 0.041313343 0.174602631
v 0.083893040 0.054305634 0.211297161
v 0.091900827 0.076221116 0.177224633
v 0.090198000 0.027129480 0.178041380
v 0.087858151 0.040334006 0.210027137
v 0.087456084 0.041313343 0.174602631
v 0.087858151 0.040334006 0.210027137
v 0.090198000 0.027129480 0.178041380
v 0.085350722 0.014504468 0.213916888
v 0.055984131 -0.006568018 0.177028587
v 0.007440031 -0.017291087 0.146143022
v 0.002820127 -0.018066458 0.177432952
v 0.007440031 -0.017291087 0.146143022
v 0.055984131 -0.006568018 0.177028587
v 0.058173583 -0.004528779 0.144575618
v 0.058173583 -0.004528779 0.144575618
v 0.090198000 0.027129480 0.178041380
v 0.087792171 0.035173587 0.145416703
v 0.090198000 0.027129480 0.178041380
v 0.058173583 -0.004528779 0.144575618
v 0.055984131 -0.006568018 0.177028587
v 0.042491489 -0.002650039 0.210393420
v 0.080914831 0.012234582 0.237670446
v 0.085350722 0.014504468 0.213916888
v 0.080914831 0.012234582 0.237670446
v 0.042491489 -0.002650039 0.210393420
v 0.035329819 0.014942606 0.241342693
v 0.085350722 0.014504468 0.213916888
v 0.093656775 0.022081302 0.258801868
v 0.081687084 0.011633413 0.289382622
v 0.093656775 0.022081302 0.258801868
v 0.085350722 0.014504468 0.213916888
v 0.080914831 0.012234582 0.237670446
v 0.093656775 0.022081302 0.258801868
v 0.097206051 0.062011086 0.300192712
v 0.081687084 0.011633413 0.289382622
v 0.142668682 0.002818873 0.259064143
v 0.104333860 0.077212381 0.223935755
v 0.134996401 -0.003743237 0.264211402
v 0.104333860 0.077212381 0.223935755
v 0.142668682 0.002818873 0.259064143
v 0.103591740 0.086292333 0.228949141
v 0.035329819 0.014942606 0.241342693
v 0.001785231 -0.006797021 0.213745060
v 0.002253690 0.004844834 0.238223915
v 0.001785231 -0.006797021 0.213745060
v 0.035329819 0.014942606 0.241342693
v 0.042491489 -0.002650039 0.210393420
v 0.021458823 0.100381221 0.382915944
v 0.044762169 0.066680446 0.429221922
v 0.021651536 0.092473382 0.435496578
v 0.023345729 0.080752292 0.336212730
v 0.032931328 0.088347474 0.380481086
v 0.021458823 0.100381221 0.382915944
v 0.044762169 0.066680446 0.429221922
v 0.021458823 0.100381221 0.382915944
v 0.032931328 0.088347474 0.380481086
v 0.021651536 0.092473382 0.435496578
v 0.000506706 0.111412427 0.389041976
v 0.021458823 0.100381221 0.382915944
v 0.040999496 0.024032965 0.440699100
v 0.017646199 0.046275766 0.456831350
v 0.034495944 0.057272568 0.447423788
v 0.017646199 0.046275766 0.456831350
v 0.013997882 0.078267616 0.452860032
v 0.034495944 0.057272568 0.447423788
v 0.013997882 0.078267616 0.452860032
v 0.017646199 0.046275766 0.456831350
v -0.004232334 0.074063239 0.457098641
v -0.004232334 0.074063239 0.457098641
v -0.001606590 0.099667381 0.436051203
v 0.013997882 0.078267616 0.452860032
v 0.034495944 0.057272568 0.447423788
v 0.052549277 0.039867142 0.428492463
v 0.040999496 0.024032965 0.440699100
v -0.011147628 0.115949536 0.138868325
v 0.034398237 0.111611237 0.089900342
v 0.040782895 0.118301897 0.137228728
v 0.034398237 0.111611237 0.089900342
v -0.011147628 0.115949536 0.138868325
v -0.012638270 0.106006589 0.089207564
v 0.001740353 0.073135013 0.292005601
v 0.000160811 0.092820864 0.266305389
v 0.046918931 0.100080166 0.268915988
v 0.048793681 0.003411878 0.049140939
v 0.005268804 -0.004552817 0.088136246
v 0.052581424 0.008156165 0.092679457
v 0.005268804 -0.004552817 0.088136246
v 0.048793681 0.003411878 0.049140939
v 0.007118801 -0.009204541 0.046095964
v 0.049215523 -0.003895930 0.328084136
v 0.050717136 0.009357152 0.304589055
v 0.040121123 -0.009488458 0.300973557
v 0.040747423 -0.014171823 0.348640480
v 0.047328673 -0.002298538 0.359334199
v 0.048428673 -0.002817884 0.349756162
v 0.017646199 0.046275766 0.456831350
v 0.040999496 0.024032965 0.440699100
v 0.017142163 0.012498211 0.450393297
v -0.004232334 0.074063239 0.457098641
v -0.034609242 0.089734286 0.435741983
v -0.001606590 0.099667381 0.436051203
v 0.173877448 0.021318705 -0.261355591
v 0.136312921 -0.008873664 -0.339006126
v 0.159001136 -0.017797251 -0.267601899
v 0.136312921 -0.008873664 -0.339006126
v 0.173877448 0.021318705 -0.261355591
v 0.134053988 0.018201997 -0.323768264
v 0.218957505 0.020909552 -0.200956434
v 0.159001136 -0.017797251 -0.267601899
v 0.184365806 -0.021108291 -0.188888999
v 0.159001136 -0.017797251 -0.267601899
v 0.218957505 0.020909552 -0.200956434
v 0.173877448 0.021318705 -0.261355591
v 0.164980244 0.033968339 -0.105647486
v 0.184365806 -0.021108291 -0.188888999
v 0.131044777 -0.018321139 -0.105961749
v 0.184365806 -0.021108291 -0.188888999
v 0.164980244 0.033968339 -0.105647486
v 0.218957505 0.020909552 -0.200956434
v 0.102498980 0.032346786 -0.027021448
v 0.131044777 -0.018321139 -0.105961749
v 0.088560104 -0.013691437 -0.028254667
v 0.131044777 -0.018321139 -0.105961749
v 0.102498980 0.032346786 -0.027021448
v 0.164980244 0.033968339 -0.105647486
v 0.088560104 -0.013691437 -0.028254667
v 0.047391317 0.004022947 -0.004737860
v 0.102498980 0.032346786 -0.027021448
v 0.112898668 -0.008460736 -0.406654223
v 0.134053988 0.018201997 -0.323768264
v 0.090881927 0.017662237 -0.387097834
v 0.134053988 0.018201997 -0.323768264
v 0.112898668 -0.008460736 -0.406654223
v 0.136312921 -0.008873664 -0.339006126
v 0.050307556 0.000394954 -0.287410920
v -0.013123373 0.068864909 -0.421183763
v 0.017668599 0.001361077 -0.349081635
v -0.013123373 0.068864909 -0.421183763
v 0.050307556 0.000394954 -0.287410920
v 0.002580097 0.060606538 -0.350948989
v 0.014214864 0.048067502 -0.287378044
v 0.050307556 0.000394954 -0.287410920
v 0.090277030 -0.003948158 -0.216810877
v 0.050307556 0.000394954 -0.287410920
v 0.014214864 0.048067502 -0.287378044
v 0.002580097 0.060606538 -0.350948989
v 0.018195337 0.049945457 -0.236052057
v 0.090277030 -0.003948158 -0.216810877
v 0.119315261 -0.002695617 -0.209059377
v 0.090277030 -0.003948158 -0.216810877
v 0.018195337 0.049945457 -0.236052057
v 0.014214864 0.048067502 -0.287378044
v 0.063325078 -0.002893399 -0.165270412
v 0.018195337 0.049945457 -0.236052057
v 0.119315261 -0.002695617 -0.209059377
v 0.018195337 0.049945457 -0.236052057
v 0.063325078 -0.002893399 -0.165270412
v 0.013865167 0.056088925 -0.155253538
v 0.063325078 -0.002893399 -0.165270412
v -0.010444407 0.101546687 -0.090266887
v 0.013865167 0.056088925 -0.155253538
v 0.087858151 0.040334006 0.210027137
v 0.104333860 0.077212381 0.223935755
v 0.083893040 0.054305634 0.211297161
v -0.060925514 0.006590430 0.254235367
v -0.031142107 0.012599571 0.243729063
v -0.072141627 0.002683778 0.234486040
v -0.031142107 0.012599571 0.243729063
v -0.060925514 0.006590430 0.254235367
v -0.025489222 0.029700792 0.272672808
v -0.084594961 0.009570598 0.216598872
v -0.051396327 -0.014495646 0.179800334
v -0.090033994 0.013823408 0.182693600
v -0.051396327 -0.014495646 0.179800334
v -0.084594961 0.009570598 0.216598872
v -0.039247127 -0.005531202 0.213327872
v -0.027130665 0.067615965 0.291147140
v -0.077069224 0.085720076 0.271012240
v -0.046684681 0.096780780 0.272276397
v -0.077069224 0.085720076 0.271012240
v -0.027130665 0.067615965 0.291147140
v -0.065203634 0.049422227 0.275608537
v -0.092881450 0.062743637 0.026411785
v -0.057139938 0.091291061 0.034649518
v -0.085866066 0.063328739 0.038792018
v -0.057139938 0.091291061 0.034649518
v -0.092881450 0.062743637 0.026411785
v -0.056866958 0.094010279 0.019499527
v -0.069738212 0.010336241 0.046499232
v -0.092881450 0.062743637 0.026411785
v -0.085866066 0.063328739 0.038792018
v -0.092881450 0.062743637 0.026411785
v -0.069738212 0.010336241 0.046499232
v -0.084891303 0.021221382 0.017375542
v -0.036227606 -0.014243958 0.046556393
v -0.063582488 -0.007967236 -0.001129759
v -0.069738212 0.010336241 0.046499232
v -0.063582488 -0.007967236 -0.001129759
v -0.036227606 -0.014243958 0.046556393
v -0.032916148 -0.012536497 -0.007573909
v -0.039247127 -0.005531202 0.213327872
v 0.002820127 -0.018066458 0.177432952
v -0.051396327 -0.014495646 0.179800334
v 0.002820127 -0.018066458 0.177432952
v -0.039247127 -0.005531202 0.213327872
v 0.001785231 -0.006797021 0.213745060
v -0.056866958 0.094010279 0.019499527
v -0.015012346 0.099684448 0.033839294
v -0.057139938 0.091291061 0.034649518
v -0.015012346 0.099684448 0.033839294
v -0.056866958 0.094010279 0.019499527
v -0.015412990 0.101664464 0.016768071
v -0.062116947 0.105599369 0.138549731
v -0.007439420 0.122719351 0.176515307
v -0.063734341 0.114183863 0.179975715
v -0.007439420 0.122719351 0.176515307
v -0.062116947 0.105599369 0.138549731
v -0.011147628 0.115949536 0.138868325
v -0.051666559 -0.020601641 -0.053801215
v -0.103564023 0.000364886 -0.154718501
v -0.090578324 0.011842191 -0.056064182
v -0.103564023 0.000364886 -0.154718501
v -0.051666559 -0.020601641 -0.053801215
v -0.062842059 -0.024044391 -0.153532829
v -0.103564023 0.000364886 -0.154718501
v -0.066339534 -0.029108445 -0.248088201
v -0.099628037 0.012115515 -0.247920769
v -0.066339534 -0.029108445 -0.248088201
v -0.103564023 0.000364886 -0.154718501
v -0.062842059 -0.024044391 -0.153532829
v -0.007094063 0.007122315 -0.057230690
v -0.032338698 0.080638616 -0.158714759
v -0.018097998 0.006042803 -0.156712060
v -0.032338698 0.080638616 -0.158714759
v -0.007094063 0.007122315 -0.057230690
v -0.017789673 0.089063164 -0.082726021
v -0.018097998 0.006042803 -0.156712060
v -0.050161139 0.056209483 -0.247987678
v -0.042998233 0.014583736 -0.251362639
v -0.050161139 0.056209483 -0.247987678
v -0.018097998 0.006042803 -0.156712060
v -0.032338698 0.080638616 -0.158714759
v -0.017789673 0.089063164 -0.082726021
v -0.110624613 0.064745341 -0.155476538
v -0.032338698 0.080638616 -0.158714759
v -0.110624613 0.064745341 -0.155476538
v -0.017789673 0.089063164 -0.082726021
v -0.092942440 0.068506587 -0.078170006
v -0.032338698 0.080638616 -0.158714759
v -0.090482952 0.051704138 -0.243704680
v -0.050161139 0.056209483 -0.247987678
v -0.090482952 0.051704138 -0.243704680
v -0.032338698 0.080638616 -0.158714759
v -0.110624613 0.064745341 -0.155476538
v -0.092942440 0.068506587 -0.078170006
v -0.103564023 0.000364886 -0.154718501
v -0.110624613 0.064745341 -0.155476538
v -0.103564023 0.000364886 -0.154718501
v -0.092942440 0.068506587 -0.078170006
v -0.090578324 0.011842191 -0.056064182
v -0.110624613 0.064745341 -0.155476538
v -0.099628037 0.012115515 -0.247920769
v -0.090482952 0.051704138 -0.243704680
v -0.099628037 0.012115515 -0.247920769
v -0.110624613 0.064745341 -0.155476538
v -0.103564023 0.000364886 -0.154718501
v -0.111140625 0.074848190 -0.515416570
v -0.074045798 0.120796859 -0.503384076
v -0.108791495 0.118260166 -0.502207657
v -0.074045798 0.120796859 -0.503384076
v -0.111140625 0.074848190 -0.515416570
v -0.066212626 0.074865656 -0.517956046
v -0.073210716 0.000322982 -0.303530230
v -0.108522977 0.036538136 -0.374128108
v -0.107340445 0.025607012 -0.300228469
v -0.108522977 0.036538136 -0.374128108
v -0.073210716 0.000322982 -0.303530230
v -0.076545112 0.011023430 -0.376778744
v -0.076545112 0.011023430 -0.376778744
v -0.105034045 0.050017917 -0.452079986
v -0.108522977 0.036538136 -0.374128108
v -0.105034045 0.050017917 -0.452079986
v -0.076545112 0.011023430 -0.376778744
v -0.082839680 0.023941015 -0.457085884
v -0.035463712 0.030064221 -0.320707904
v -0.050798128 0.079952959 -0.364667132
v -0.049792327 0.039166937 -0.377691050
v -0.050798128 0.079952959 -0.364667132
v -0.035463712 0.030064221 -0.320707904
v -0.041324856 0.081274444 -0.299496342
v -0.049792327 0.039166937 -0.377691050
v -0.073806275 0.074103524 -0.439150000
v -0.068681423 0.051503350 -0.460734084
v -0.073806275 0.074103524 -0.439150000
v -0.049792327 0.039166937 -0.377691050
v -0.050798128 0.079952959 -0.364667132
v -0.041324856 0.081274444 -0.299496342
v -0.112531984 0.073368429 -0.363491080
v -0.050798128 0.079952959 -0.364667132
v -0.112531984 0.073368429 -0.363491080
v -0.041324856 0.081274444 -0.299496342
v -0.112437167 0.073472773 -0.288945025
v -0.050798128 0.079952959 -0.364667132
v -0.097525044 0.070764269 -0.433402267
v -0.073806275 0.074103524 -0.439150000
v -0.097525044 0.070764269 -0.433402267
v -0.050798128 0.079952959 -0.364667132
v -0.112531984 0.073368429 -0.363491080
v -0.112437167 0.073472773 -0.288945025
v -0.108522977 0.036538136 -0.374128108
v -0.112531984 0.073368429 -0.363491080
v -0.108522977 0.036538136 -0.374128108
v -0.112437167 0.073472773 -0.288945025
v -0.107340445 0.025607012 -0.300228469
v -0.112531984 0.073368429 -0.363491080
v -0.105034045 0.050017917 -0.452079986
v -0.097525044 0.070764269 -0.433402267
v -0.105034045 0.050017917 -0.452079986
v -0.112531984 0.073368429 -0.363491080
v -0.108522977 0.036538136 -0.374128108
v -0.090578324 0.011842191 -0.056064182
v -0.063582488 -0.007967236 -0.001129759
v -0.051666559 -0.020601641 -0.053801215
v -0.063582488 -0.007967236 -0.001129759
v -0.090578324 0.011842191 -0.056064182
v -0.090020175 0.020909363 -0.012127909
v 0.009529790 -0.008181433 -0.048147717
v -0.032916148 -0.012536497 -0.007573909
v 0.010041820 -0.016864621 -0.011946385
v -0.032916148 -0.012536497 -0.007573909
v 0.009529790 -0.008181433 -0.048147717
v -0.007094063 0.007122315 -0.057230690
v -0.056866958 0.094010279 0.019499527
v -0.101947481 0.072477336 -0.025622289
v -0.057564439 0.105670849 -0.028835095
v -0.101947481 0.072477336 -0.025622289
v -0.056866958 0.094010279 0.019499527
v -0.092881450 0.062743637 0.026411785
v -0.057564439 0.105670849 -0.028835095
v -0.093247732 0.069688217 -0.068886483
v -0.052106964 0.097701740 -0.068545767
v -0.093247732 0.069688217 -0.068886483
v -0.057564439 0.105670849 -0.028835095
v -0.101947481 0.072477336 -0.025622289
v -0.052106964 0.097701740 -0.068545767
v -0.092942440 0.068506587 -0.078170006
v -0.017789673 0.089063164 -0.082726021
v -0.092942440 0.068506587 -0.078170006
v -0.052106964 0.097701740 -0.068545767
v -0.093247732 0.069688217 -0.068886483
v -0.073210716 0.000322982 -0.303530230
v -0.099628037 0.012115515 -0.247920769
v -0.066339534 -0.029108445 -0.248088201
v -0.099628037 0.012115515 -0.247920769
v -0.073210716 0.000322982 -0.303530230
v -0.107340445 0.025607012 -0.300228469
v -0.107340445 0.025607012 -0.300228469
v -0.090482952 0.051704138 -0.243704680
v -0.099628037 0.012115515 -0.247920769
v -0.090482952 0.051704138 -0.243704680
v -0.107340445 0.025607012 -0.300228469
v -0.112437167 0.073472773 -0.288945025
v -0.090482952 0.051704138 -0.243704680
v -0.041324856 0.081274444 -0.299496342
v -0.050161139 0.056209483 -0.247987678
v -0.041324856 0.081274444 -0.299496342
v -0.090482952 0.051704138 -0.243704680
v -0.112437167 0.073472773 -0.288945025
v -0.050161139 0.056209483 -0.247987678
v -0.035463712 0.030064221 -0.320707904
v -0.042998233 0.014583736 -0.251362639
v -0.035463712 0.030064221 -0.320707904
v -0.050161139 0.056209483 -0.247987678
v -0.041324856 0.081274444 -0.299496342
v -0.092881450 0.062743637 0.026411785
v -0.090020175 0.020909363 -0.012127909
v -0.101947481 0.072477336 -0.025622289
v -0.090020175 0.020909363 -0.012127909
v -0.092881450 0.062743637 0.026411785
v -0.084891303 0.021221382 0.017375542
v -0.101947481 0.072477336 -0.025622289
v -0.090578324 0.011842191 -0.056064182
v -0.093247732 0.069688217 -0.068886483
v -0.090578324 0.011842191 -0.056064182
v -0.101947481 0.072477336 -0.025622289
v -0.090020175 0.020909363 -0.012127909
v -0.093247732 0.069688217 -0.068886483
v -0.090578324 0.011842191 -0.056064182
v -0.092942440 0.068506587 -0.078170006
v -0.059017927 0.096298499 0.089864455
v -0.062116947 0.105599369 0.138549731
v -0.091274623 0.084072554 0.137662258
v -0.100533904 0.065846521 0.143152512
v -0.070926231 0.017643026 0.095515952
v -0.086434621 0.066059318 0.091232159
v -0.070926231 0.017643026 0.095515952
v -0.100533904 0.065846521 0.143152512
v -0.087620652 0.013519654 0.147668609
v -0.070926231 0.017643026 0.095515952
v -0.049355546 -0.017802771 0.145956050
v -0.043655761 -0.007618993 0.092642487
v -0.049355546 -0.017802771 0.145956050
v -0.070926231 0.017643026 0.095515952
v -0.087620652 0.013519654 0.147668609
v 0.007440031 -0.017291087 0.146143022
v -0.043655761 -0.007618993 0.092642487
v -0.049355546 -0.017802771 0.145956050
v -0.043655761 -0.007618993 0.092642487
v 0.007440031 -0.017291087 0.146143022
v 0.005268804 -0.004552817 0.088136246
v -0.126802099 -0.006354684 0.219812352
v -0.120648705 0.046653999 0.212897315
v -0.175249062 -0.016652246 0.230386950
v -0.175249062 -0.016652246 0.230386950
v -0.222062998 0.034583262 0.244662709
v -0.219130011 -0.013170847 0.252491151
v -0.222062998 0.034583262 0.244662709
v -0.175249062 -0.016652246 0.230386950
v -0.181631856 0.041779609 0.218771446
v -0.125504925 0.059111395 0.272337567
v -0.175306000 0.055384243 0.283117184
v -0.181631856 0.041779609 0.218771446
v -0.181631856 0.041779609 0.218771446
v -0.242409271 0.041924069 0.277322260
v -0.222062998 0.034583262 0.244662709
v -0.242409271 0.041924069 0.277322260
v -0.181631856 0.041779609 0.218771446
v -0.175306000 0.055384243 0.283117184
v -0.123100081 0.052564502 0.281269212
v -0.175306000 0.055384243 0.283117184
v -0.125504925 0.059111395 0.272337567
v -0.123100081 0.052564502 0.281269212
v -0.168610124 -0.003117016 0.294801173
v -0.175306000 0.055384243 0.283117184
v -0.123100081 0.052564502 0.281269212
v -0.121314496 0.007800782 0.283984688
v -0.168610124 -0.003117016 0.294801173
v -0.175306000 0.055384243 0.283117184
v -0.239748723 -0.005711477 0.285008761
v -0.242409271 0.041924069 0.277322260
v -0.239748723 -0.005711477 0.285008761
v -0.175306000 0.055384243 0.283117184
v -0.168610124 -0.003117016 0.294801173
v -0.122516328 -0.007633466 0.249412324
v -0.175249062 -0.016652246 0.230386950
v -0.168610124 -0.003117016 0.294801173
v -0.168610124 -0.003117016 0.294801173
v -0.219130011 -0.013170847 0.252491151
v -0.239748723 -0.005711477 0.285008761
v -0.219130011 -0.013170847 0.252491151
v -0.168610124 -0.003117016 0.294801173
v -0.175249062 -0.016652246 0.230386950
v -0.200377225 -0.017592392 0.242144128
v -0.203432308 0.021800183 0.173203879
v -0.202525009 -0.013681858 0.182566565
v -0.203432308 0.021800183 0.173203879
v -0.200377225 -0.017592392 0.242144128
v -0.201321297 0.038835754 0.231404883
v -0.202525009 -0.013681858 0.182566565
v -0.208050812 0.013562180 0.133504759
v -0.208047126 -0.012229283 0.132734128
v -0.208050812 0.013562180 0.133504759
v -0.202525009 -0.013681858 0.182566565
v -0.203432308 0.021800183 0.173203879
v -0.201321297 0.038835754 0.231404883
v -0.259720908 0.014142538 0.180053690
v -0.203432308 0.021800183 0.173203879
v -0.259720908 0.014142538 0.180053690
v -0.201321297 0.038835754 0.231404883
v -0.263612146 0.039916629 0.239693395
v -0.203432308 0.021800183 0.173203879
v -0.247070416 0.007203240 0.135406422
v -0.208050812 0.013562180 0.133504759
v -0.247070416 0.007203240 0.135406422
v -0.203432308 0.021800183 0.173203879
v -0.259720908 0.014142538 0.180053690
v -0.263612146 0.039916629 0.239693395
v -0.258662028 -0.013013391 0.187503526
v -0.259720908 0.014142538 0.180053690
v -0.258662028 -0.013013391 0.187503526
v -0.263612146 0.039916629 0.239693395
v -0.262479392 -0.016183630 0.250376652
v -0.259720908 0.014142538 0.180053690
v -0.245792182 -0.012090336 0.134290520
v -0.247070416 0.007203240 0.135406422
v -0.245792182 -0.012090336 0.134290520
v -0.259720908 0.014142538 0.180053690
v -0.258662028 -0.013013391 0.187503526
v -0.262479392 -0.016183630 0.250376652
v -0.202525009 -0.013681858 0.182566565
v -0.258662028 -0.013013391 0.187503526
v -0.202525009 -0.013681858 0.182566565
v -0.262479392 -0.016183630 0.250376652
v -0.200377225 -0.017592392 0.242144128
v -0.258662028 -0.013013391 0.187503526
v -0.208047126 -0.012229283 0.132734128
v -0.245792182 -0.012090336 0.134290520
v -0.208047126 -0.012229283 0.132734128
v -0.258662028 -0.013013391 0.187503526
v -0.202525009 -0.013681858 0.182566565
v -0.194991587 -0.007325066 0.002108259
v -0.239786974 0.018168322 0.026606977
v -0.240494691 0.000422688 0.014127644
v -0.239786974 0.018168322 0.026606977
v -0.194991587 -0.007325066 0.002108259
v -0.193727643 0.010622859 0.014762809
v -0.169973689 0.009530106 0.058718773
v -0.174547844 -0.004290458 0.050440208
v -0.164789344 -0.000655091 0.061060611
v -0.174547844 -0.004290458 0.050440208
v -0.169973689 0.009530106 0.058718773
v -0.174650160 0.006610731 0.048949965
v -0.244698439 0.020856837 0.100263244
v -0.195206993 -0.001540624 0.073917604
v -0.195034977 0.019123514 0.101879633
v -0.195206993 -0.001540624 0.073917604
v -0.244698439 0.020856837 0.100263244
v -0.246289275 0.008354193 0.065091473
v -0.244698439 0.020856837 0.100263244
v -0.247148784 -0.010294696 0.058051377
v -0.246289275 0.008354193 0.065091473
v -0.247148784 -0.010294696 0.058051377
v -0.244698439 0.020856837 0.100263244
v -0.247816102 -0.016742905 0.103090159
v -0.195976367 -0.019502158 0.105739693
v -0.247148784 -0.010294696 0.058051377
v -0.247816102 -0.016742905 0.103090159
v -0.247148784 -0.010294696 0.058051377
v -0.195976367 -0.019502158 0.105739693
v -0.198120425 -0.020089991 0.067290830
v -0.239748723 -0.005711477 0.285008761
v -0.200377225 -0.017592392 0.242144128
v -0.262479392 -0.016183630 0.250376652
v -0.200377225 -0.017592392 0.242144128
v -0.239748723 -0.005711477 0.285008761
v -0.219130011 -0.013170847 0.252491151
v -0.219130011 -0.013170847 0.252491151
v -0.201321297 0.038835754 0.231404883
v -0.200377225 -0.017592392 0.242144128
v -0.201321297 0.038835754 0.231404883
v -0.219130011 -0.013170847 0.252491151
v -0.222062998 0.034583262 0.244662709
v -0.242409271 0.041924069 0.277322260
v -0.201321297 0.038835754 0.231404883
v -0.222062998 0.034583262 0.244662709
v -0.201321297 0.038835754 0.231404883
v -0.242409271 0.041924069 0.277322260
v -0.263612146 0.039916629 0.239693395
v -0.263612146 0.039916629 0.239693395
v -0.239748723 -0.005711477 0.285008761
v -0.262479392 -0.016183630 0.250376652
v -0.239748723 -0.005711477 0.285008761
v -0.263612146 0.039916629 0.239693395
v -0.242409271 0.041924069 0.277322260
v -0.099246009 0.040741640 0.276422516
v -0.122516328 -0.007633466 0.249412324
v -0.121314496 0.007800782 0.283984688
v -0.122516328 -0.007633466 0.249412324
v -0.099246009 0.040741640 0.276422516
v -0.095802370 0.011119437 0.278331872
v -0.095802370 0.011119437 0.278331872
v -0.065203634 0.049422227 0.275608537
v -0.062605719 0.026776192 0.273909455
v -0.065203634 0.049422227 0.275608537
v -0.095802370 0.011119437 0.278331872
v -0.099246009 0.040741640 0.276422516
v -0.091274623 0.084072554 0.137662258
v -0.063734341 0.114183863 0.179975715
v -0.098990568 0.094284895 0.184835677
v -0.063734341 0.114183863 0.179975715
v -0.091274623 0.084072554 0.137662258
v -0.062116947 0.105599369 0.138549731
v -0.065203634 0.049422227 0.275608537
v -0.027130665 0.067615965 0.291147140
v -0.036094742 0.041295215 0.285754904
v -0.085570109 -0.007521439 0.258312952
v -0.072141627 0.002683778 0.234486040
v -0.094807744 0.002136816 0.224775863
v -0.072141627 0.002683778 0.234486040
v -0.085570109 -0.007521439 0.258312952
v -0.060925514 0.006590430 0.254235367
v -0.126802099 -0.006354684 0.219812352
v -0.085570109 -0.007521439 0.258312952
v -0.094807744 0.002136816 0.224775863
v -0.099651603 0.090751526 0.235522658
v -0.077069224 0.085720076 0.271012240
v -0.101736272 0.086153362 0.240543401
v -0.099651603 0.090751526 0.235522658
v -0.046684681 0.096780780 0.272276397
v -0.077069224 0.085720076 0.271012240
v -0.099651603 0.090751526 0.235522658
v -0.060080022 0.112798292 0.219355108
v -0.046684681 0.096780780 0.272276397
v -0.002686419 0.118264800 0.211979413
v -0.046684681 0.096780780 0.272276397
v -0.060080022 0.112798292 0.219355108
v -0.046684681 0.096780780 0.272276397
v -0.002686419 0.118264800 0.211979413
v 0.000160811 0.092820864 0.266305389
v -0.099246009 0.040741640 0.276422516
v -0.077069224 0.085720076 0.271012240
v -0.065203634 0.049422227 0.275608537
v -0.121314496 0.007800782 0.283984688
v -0.077069224 0.085720076 0.271012240
v -0.099246009 0.040741640 0.276422516
v -0.121314496 0.007800782 0.283984688
v -0.101736272 0.086153362 0.240543401
v -0.077069224 0.085720076 0.271012240
v -0.121314496 0.007800782 0.283984688
v -0.123100081 0.052564502 0.281269212
v -0.101736272 0.086153362 0.240543401
v -0.086269888 0.034969414 0.211271091
v -0.125504925 0.059111395 0.272337567
v -0.120648705 0.046653999 0.212897315
v -0.125504925 0.059111395 0.272337567
v -0.086269888 0.034969414 0.211271091
v -0.103782336 0.075394165 0.230370838
v -0.087620652 0.013519654 0.147668609
v -0.098851294 0.062138370 0.182148402
v -0.089527014 0.028247128 0.179170989
v -0.098851294 0.062138370 0.182148402
v -0.087620652 0.013519654 0.147668609
v -0.100533904 0.065846521 0.143152512
v -0.084594961 0.009570598 0.216598872
v -0.086269888 0.034969414 0.211271091
v -0.120648705 0.046653999 0.212897315
v -0.090033994 0.013823408 0.182693600
v -0.087620652 0.013519654 0.147668609
v -0.089527014 0.028247128 0.179170989
v -0.098851294 0.062138370 0.182148402
v -0.100533904 0.065846521 0.143152512
v -0.105265779 0.077598778 0.184911260
v -0.208047126 -0.012229283 0.132734128
v -0.195034977 0.019123514 0.101879633
v -0.195976367 -0.019502158 0.105739693
v -0.195034977 0.019123514 0.101879633
v -0.208047126 -0.012229283 0.132734128
v -0.208050812 0.013562180 0.133504759
v -0.208047126 -0.012229283 0.132734128
v -0.247816102 -0.016742905 0.103090159
v -0.245792182 -0.012090336 0.134290520
v -0.247816102 -0.016742905 0.103090159
v -0.208047126 -0.012229283 0.132734128
v -0.195976367 -0.019502158 0.105739693
v -0.245792182 -0.012090336 0.134290520
v -0.244698439 0.020856837 0.100263244
v -0.247070416 0.007203240 0.135406422
v -0.244698439 0.020856837 0.100263244
v -0.245792182 -0.012090336 0.134290520
v -0.247816102 -0.016742905 0.103090159
v -0.244698439 0.020856837 0.100263244
v -0.208050812 0.013562180 0.133504759
v -0.247070416 0.007203240 0.135406422
v -0.208050812 0.013562180 0.133504759
v -0.244698439 0.020856837 0.100263244
v -0.195034977 0.019123514 0.101879633
v -0.027130665 0.067615965 0.291147140
v -0.032695112 0.047217595 0.309411328
v -0.036094742 0.041295215 0.285754904
v -0.032695112 0.047217595 0.309411328
v -0.027130665 0.067615965 0.291147140
v -0.030180610 0.068867875 0.307572167
v -0.030180610 0.068867875 0.307572167
v 0.001740353 0.073135013 0.292005601
v -0.008523051 0.083752571 0.308172985
v 0.001740353 0.073135013 0.292005601
v -0.030180610 0.068867875 0.307572167
v -0.027130665 0.067615965 0.291147140
v -0.246289275 0.008354193 0.065091473
v -0.193727643 0.010622859 0.014762809
v -0.195206993 -0.001540624 0.073917604
v -0.193727643 0.010622859 0.014762809
v -0.246289275 0.008354193 0.065091473
v -0.239786974 0.018168322 0.026606977
v -0.195206993 -0.001540624 0.073917604
v -0.194991587 -0.007325066 0.002108259
v -0.198120425 -0.020089991 0.067290830
v -0.194991587 -0.007325066 0.002108259
v -0.195206993 -0.001540624 0.073917604
v -0.193727643 0.010622859 0.014762809
v -0.194991587 -0.007325066 0.002108259
v -0.247148784 -0.010294696 0.058051377
v -0.198120425 -0.020089991 0.067290830
v -0.247148784 -0.010294696 0.058051377
v -0.194991587 -0.007325066 0.002108259
v -0.240494691 0.000422688 0.014127644
v -0.240494691 0.000422688 0.014127644
v -0.246289275 0.008354193 0.065091473
v -0.247148784 -0.010294696 0.058051377
v -0.246289275 0.008354193 0.065091473
v -0.240494691 0.000422688 0.014127644
v -0.239786974 0.018168322 0.026606977
v -0.195976367 -0.019502158 0.105739693
v -0.178421141 0.016593154 0.075361567
v -0.173323242 -0.008741789 0.077134337
v -0.178421141 0.016593154 0.075361567
v -0.195976367 -0.019502158 0.105739693
v -0.195034977 0.019123514 0.101879633
v -0.178421141 0.016593154 0.075361567
v -0.195206993 -0.001540624 0.073917604
v -0.187641573 0.008729933 0.062323751
v -0.195206993 -0.001540624 0.073917604
v -0.178421141 0.016593154 0.075361567
v -0.195034977 0.019123514 0.101879633
v -0.195206993 -0.001540624 0.073917604
v -0.192466453 -0.014837428 0.067524654
v -0.187641573 0.008729933 0.062323751
v -0.192466453 -0.014837428 0.067524654
v -0.195206993 -0.001540624 0.073917604
v -0.198120425 -0.020089991 0.067290830
v -0.192466453 -0.014837428 0.067524654
v -0.195976367 -0.019502158 0.105739693
v -0.173323242 -0.008741789 0.077134337
v -0.195976367 -0.019502158 0.105739693
v -0.192466453 -0.014837428 0.067524654
v -0.198120425 -0.020089991 0.067290830
v -0.173323242 -0.008741789 0.077134337
v -0.169973689 0.009530106 0.058718773
v -0.164789344 -0.000655091 0.061060611
v -0.169973689 0.009530106 0.058718773
v -0.173323242 -0.008741789 0.077134337
v -0.178421141 0.016593154 0.075361567
v -0.178421141 0.016593154 0.075361567
v -0.174650160 0.006610731 0.048949965
v -0.169973689 0.009530106 0.058718773
v -0.174650160 0.006610731 0.048949965
v -0.178421141 0.016593154 0.075361567
v -0.187641573 0.008729933 0.062323751
v -0.187641573 0.008729933 0.062323751
v -0.174547844 -0.004290458 0.050440208
v -0.174650160 0.006610731 0.048949965
v -0.174547844 -0.004290458 0.050440208
v -0.187641573 0.008729933 0.062323751
v -0.192466453 -0.014837428 0.067524654
v -0.192466453 -0.014837428 0.067524654
v -0.164789344 -0.000655091 0.061060611
v -0.174547844 -0.004290458 0.050440208
v -0.164789344 -0.000655091 0.061060611
v -0.192466453 -0.014837428 0.067524654
v -0.173323242 -0.008741789 0.077134337
v -0.112202826 -0.005193851 -0.517448008
v -0.080895642 -0.039463127 -0.552520911
v -0.118551634 -0.006062613 -0.540027905
v -0.080895642 -0.039463127 -0.552520911
v -0.112202826 -0.005193851 -0.517448008
v -0.078939996 -0.037971347 -0.532690418
v -0.067937747 0.101034598 -0.474828458
v -0.066212626 0.074865656 -0.517956046
v -0.063352318 0.065165038 -0.494959048
v -0.066212626 0.074865656 -0.517956046
v -0.067937747 0.101034598 -0.474828458
v -0.074045798 0.120796859 -0.503384076
v -0.073806275 0.074103524 -0.439150000
v -0.109167787 0.096907289 -0.470581608
v -0.067937747 0.101034598 -0.474828458
v -0.109167787 0.096907289 -0.470581608
v -0.073806275 0.074103524 -0.439150000
v -0.097525044 0.070764269 -0.433402267
v -0.111140625 0.074848190 -0.515416570
v -0.109167787 0.096907289 -0.470581608
v -0.110253530 0.062086266 -0.482782193
v -0.109167787 0.096907289 -0.470581608
v -0.111140625 0.074848190 -0.515416570
v -0.108791495 0.118260166 -0.502207657
v -0.082839680 0.023941015 -0.457085884
v -0.112202826 -0.005193851 -0.517448008
v -0.105034045 0.050017917 -0.452079986
v -0.112202826 -0.005193851 -0.517448008
v -0.082839680 0.023941015 -0.457085884
v -0.078939996 -0.037971347 -0.532690418
v -0.066212626 0.074865656 -0.517956046
v -0.052231670 -0.025307099 -0.533472440
v -0.063352318 0.065165038 -0.494959048
v -0.052231670 -0.025307099 -0.533472440
v -0.066212626 0.074865656 -0.517956046
v -0.046595456 -0.027208730 -0.550672461
v -0.066212626 0.074865656 -0.517956046
v -0.118551634 -0.006062613 -0.540027905
v -0.046595456 -0.027208730 -0.550672461
v -0.118551634 -0.006062613 -0.540027905
v -0.066212626 0.074865656 -0.517956046
v -0.111140625 0.074848190 -0.515416570
v -0.111140625 0.074848190 -0.515416570
v -0.112202826 -0.005193851 -0.517448008
v -0.118551634 -0.006062613 -0.540027905
v -0.112202826 -0.005193851 -0.517448008
v -0.111140625 0.074848190 -0.515416570
v -0.110253530 0.062086266 -0.482782193
v -0.032916148 -0.012536497 -0.007573909
v -0.007094063 0.007122315 -0.057230690
v -0.051666559 -0.020601641 -0.053801215
v -0.063582488 -0.007967236 -0.001129759
v -0.032916148 -0.012536497 -0.007573909
v -0.051666559 -0.020601641 -0.053801215
v -0.051666559 -0.020601641 -0.053801215
v -0.018097998 0.006042803 -0.156712060
v -0.062842059 -0.024044391 -0.153532829
v -0.062842059 -0.024044391 -0.153532829
v -0.042998233 0.014583736 -0.251362639
v -0.066339534 -0.029108445 -0.248088201
v -0.042998233 0.014583736 -0.251362639
v -0.062842059 -0.024044391 -0.153532829
v -0.018097998 0.006042803 -0.156712060
v -0.066339534 -0.029108445 -0.248088201
v -0.035463712 0.030064221 -0.320707904
v -0.073210716 0.000322982 -0.303530230
v -0.035463712 0.030064221 -0.320707904
v -0.066339534 -0.029108445 -0.248088201
v -0.042998233 0.014583736 -0.251362639
v -0.035463712 0.030064221 -0.320707904
v -0.076545112 0.011023430 -0.376778744
v -0.073210716 0.000322982 -0.303530230
v -0.076545112 0.011023430 -0.376778744
v -0.035463712 0.030064221 -0.320707904
v -0.049792327 0.039166937 -0.377691050
v -0.049792327 0.039166937 -0.377691050
v -0.082839680 0.023941015 -0.457085884
v -0.076545112 0.011023430 -0.376778744
v -0.082839680 0.023941015 -0.457085884
v -0.049792327 0.039166937 -0.377691050
v -0.068681423 0.051503350 -0.460734084
v -0.068681423 0.051503350 -0.460734084
v -0.078939996 -0.037971347 -0.532690418
v -0.082839680 0.023941015 -0.457085884
v -0.078939996 -0.037971347 -0.532690418
v -0.068681423 0.051503350 -0.460734084
v -0.052231670 -0.025307099 -0.533472440
v -0.078939996 -0.037971347 -0.532690418
v -0.046595456 -0.027208730 -0.550672461
v -0.080895642 -0.039463127 -0.552520911
v -0.046595456 -0.027208730 -0.550672461
v -0.078939996 -0.037971347 -0.532690418
v -0.052231670 -0.025307099 -0.533472440
v -0.052231670 -0.025307099 -0.533472440
v -0.068681423 0.051503350 -0.460734084
v -0.063352318 0.065165038 -0.494959048
v -0.068681423 0.051503350 -0.460734084
v -0.067937747 0.101034598 -0.474828458
v -0.063352318 0.065165038 -0.494959048
v -0.067937747 0.101034598 -0.474828458
v -0.068681423 0.051503350 -0.460734084
v -0.073806275 0.074103524 -0.439150000
v -0.109167787 0.096907289 -0.470581608
v -0.074045798 0.120796859 -0.503384076
v -0.067937747 0.101034598 -0.474828458
v -0.074045798 0.120796859 -0.503384076
v -0.109167787 0.096907289 -0.470581608
v -0.108791495 0.118260166 -0.502207657
v -0.097525044 0.070764269 -0.433402267
v -0.110253530 0.062086266 -0.482782193
v -0.109167787 0.096907289 -0.470581608
v -0.110253530 0.062086266 -0.482782193
v -0.097525044 0.070764269 -0.433402267
v -0.105034045 0.050017917 -0.452079986
v -0.110253530 0.062086266 -0.482782193
v -0.105034045 0.050017917 -0.452079986
v -0.112202826 -0.005193851 -0.517448008
v -0.069738212 0.010336241 0.046499232
v -0.063582488 -0.007967236 -0.001129759
v -0.084891303 0.021221382 0.017375542
v -0.084891303 0.021221382 0.017375542
v -0.063582488 -0.007967236 -0.001129759
v -0.090020175 0.020909363 -0.012127909
v -0.007094063 0.007122315 -0.057230690
v 0.009529790 -0.008181433 -0.048147717
v 0.000516170 0.038958561 -0.068158271
v -0.031765365 0.012990809 0.315387290
v -0.006589520 0.007790471 0.307430810
v -0.020540406 0.033349740 0.309181847
v -0.006589520 0.007790471 0.307430810
v -0.031765365 0.012990809 0.315387290
v -0.013592759 0.001694772 0.313742344
v -0.040111193 0.037587151 0.332805443
v -0.030180610 0.068867875 0.307572167
v -0.045849655 0.059441715 0.341290999
v -0.030180610 0.068867875 0.307572167
v -0.040111193 0.037587151 0.332805443
v -0.032695112 0.047217595 0.309411328
v -0.014867812 0.024158843 0.455085527
v 0.000978930 0.035459995 0.460524612
v 0.017142163 0.012498211 0.450393297
v 0.005014468 -0.025416604 0.391875440
v 0.001181303 -0.015441888 0.419599492
v 0.022809529 -0.021411124 0.392083042
v -0.031765365 0.012990809 0.315387290
v -0.018212169 -0.003570515 0.333926669
v -0.013592759 0.001694772 0.313742344
v -0.018212169 -0.003570515 0.333926669
v -0.031765365 0.012990809 0.315387290
v -0.040501552 0.014223633 0.342388967
v -0.036333726 0.021658762 0.326010871
v -0.040501552 0.014223633 0.342388967
v -0.031765365 0.012990809 0.315387290
v -0.040501552 0.014223633 0.342388967
v -0.036333726 0.021658762 0.326010871
v -0.053900466 0.029282103 0.375818697
v -0.042601046 0.010901394 0.387503138
v -0.019569347 -0.009189927 0.424620090
v -0.023936483 -0.008833984 0.385352498
v -0.019569347 -0.009189927 0.424620090
v -0.042601046 0.010901394 0.387503138
v -0.041673130 0.007884782 0.424580823
v -0.042601046 0.010901394 0.387503138
v -0.053900466 0.029282103 0.375818697
v -0.041673130 0.007884782 0.424580823
v -0.045849655 0.059441715 0.341290999
v -0.061066070 0.044245523 0.378484813
v -0.040111193 0.037587151 0.332805443
v -0.061066070 0.044245523 0.378484813
v -0.045849655 0.059441715 0.341290999
v -0.064114912 0.067455028 0.385572151
v -0.038111644 0.098699150 0.387399181
v -0.055886370 0.062744784 0.433136678
v -0.064114912 0.067455028 0.385572151
v -0.055886370 0.062744784 0.433136678
v -0.038111644 0.098699150 0.387399181
v -0.034609242 0.089734286 0.435741983
v -0.036333726 0.021658762 0.326010871
v -0.031765365 0.012990809 0.315387290
v -0.020540406 0.033349740 0.309181847
v -0.019569347 -0.009189927 0.424620090
v 0.001181303 -0.015441888 0.419599492
v 0.005014468 -0.025416604 0.391875440
v -0.023106511 -0.009106791 0.362664316
v 0.002224073 -0.020443424 0.359985409
v -0.002001376 -0.010108243 0.325808368
v -0.013592759 0.001694772 0.313742344
v 0.018498839 -0.012558619 0.302859111
v -0.006589520 0.007790471 0.307430810
v 0.018498839 -0.012558619 0.302859111
v 0.028539319 0.007823834 0.297351348
v -0.006589520 0.007790471 0.307430810
v 0.028539319 0.007823834 0.297351348
v 0.018498839 -0.012558619 0.302859111
v 0.040121123 -0.009488458 0.300973557
v -0.001554030 -0.004913111 0.438414210
v 0.001181303 -0.015441888 0.419599492
v -0.019569347 -0.009189927 0.424620090
v -0.030530429 0.013039843 0.443932230
v -0.057648554 0.038531283 0.431238600
v -0.042943355 0.039534623 0.449802602
v -0.057648554 0.038531283 0.431238600
v -0.030530429 0.013039843 0.443932230
v -0.041673130 0.007884782 0.424580823
v -0.034609242 0.089734286 0.435741983
v -0.019944637 0.066388167 0.458389848
v -0.032703777 0.054696181 0.455569882
v -0.019569347 -0.009189927 0.424620090
v -0.041673130 0.007884782 0.424580823
v -0.030530429 0.013039843 0.443932230
v -0.008523051 0.083752571 0.308172985
v -0.045849655 0.059441715 0.341290999
v -0.030180610 0.068867875 0.307572167
v -0.045849655 0.059441715 0.341290999
v -0.008523051 0.083752571 0.308172985
v -0.028538029 0.087577331 0.349997835
v -0.028538029 0.087577331 0.349997835
v -0.064114912 0.067455028 0.385572151
v -0.045849655 0.059441715 0.341290999
v -0.064114912 0.067455028 0.385572151
v -0.028538029 0.087577331 0.349997835
v -0.038111644 0.098699150 0.387399181
v -0.055886370 0.062744784 0.433136678
v -0.057648554 0.038531283 0.431238600
v -0.064114912 0.067455028 0.385572151
v -0.042943355 0.039534623 0.449802602
v -0.057648554 0.038531283 0.431238600
v -0.055886370 0.062744784 0.433136678
v -0.061665162 0.023562555 0.370397750
v -0.049070655 0.016170198 0.372072363
v -0.043975476 0.011347103 0.344932874
v -0.049070655 0.016170198 0.372072363
v -0.061665162 0.023562555 0.370397750
v -0.056009776 0.019295229 0.390086524
v -0.040501552 0.014223633 0.342388967
v -0.061665162 0.023562555 0.370397750
v -0.043975476 0.011347103 0.344932874
v -0.061665162 0.023562555 0.370397750
v -0.040501552 0.014223633 0.342388967
v -0.053900466 0.029282103 0.375818697
v -0.053900466 0.029282103 0.375818697
v -0.056009776 0.019295229 0.390086524
v -0.061665162 0.023562555 0.370397750
v -0.056009776 0.019295229 0.390086524
v -0.053900466 0.029282103 0.375818697
v -0.042601046 0.010901394 0.387503138
v -0.042601046 0.010901394 0.387503138
v -0.049070655 0.016170198 0.372072363
v -0.056009776 0.019295229 0.390086524
v -0.049070655 0.016170198 0.372072363
v -0.042601046 0.010901394 0.387503138
v -0.037337012 0.004129880 0.363842737
v -0.037337012 0.004129880 0.363842737
v -0.043975476 0.011347103 0.344932874
v -0.049070655 0.016170198 0.372072363
v -0.043975476 0.011347103 0.344932874
v -0.037337012 0.004129880 0.363842737
v -0.040501552 0.014223633 0.342388967
v 0.000691767 -0.019429088 0.382166100
v -0.023106511 -0.009106791 0.362664316
v -0.023936483 -0.008833984 0.385352498
v -0.023106511 -0.009106791 0.362664316
v 0.000691767 -0.019429088 0.382166100
v 0.002224073 -0.020443424 0.359985409
v -0.023106511 -0.009106791 0.362664316
v -0.042601046 0.010901394 0.387503138
v -0.023936483 -0.008833984 0.385352498
v -0.042601046 0.010901394 0.387503138
v -0.023106511 -0.009106791 0.362664316
v -0.037337012 0.004129880 0.363842737
v -0.020540406 0.033349740 0.309181847
v -0.036094742 0.041295215 0.285754904
v -0.032695112 0.047217595 0.309411328
v -0.036094742 0.041295215 0.285754904
v -0.020540406 0.033349740 0.309181847
v -0.025489222 0.029700792 0.272672808
v -0.036094742 0.041295215 0.285754904
v -0.062605719 0.026776192 0.273909455
v -0.065203634 0.049422227 0.275608537
v -0.032695112 0.047217595 0.309411328
v -0.036333726 0.021658762 0.326010871
v -0.020540406 0.033349740 0.309181847
v -0.036333726 0.021658762 0.326010871
v -0.032695112 0.047217595 0.309411328
v -0.040111193 0.037587151 0.332805443
v -0.036333726 0.021658762 0.326010871
v -0.040111193 0.037587151 0.332805443
v -0.053900466 0.029282103 0.375818697
v 0.002865218 0.011480436 0.261773212
v -0.031142107 0.012599571 0.243729063
v -0.025489222 0.029700792 0.272672808
v -0.031142107 0.012599571 0.243729063
v 0.002865218 0.011480436 0.261773212
v 0.002253690 0.004844834 0.238223915
v -0.032916148 -0.012536497 -0.007573909
v 0.007118801 -0.009204541 0.046095964
v 0.010041820 -0.016864621 -0.011946385
v 0.007118801 -0.009204541 0.046095964
v -0.032916148 -0.012536497 -0.007573909
v -0.036227606 -0.014243958 0.046556393
v -0.015412990 0.101664464 0.016768071
v -0.057564439 0.105670849 -0.028835095
v -0.016215205 0.113555981 -0.029949330
v -0.057564439 0.105670849 -0.028835095
v -0.015412990 0.101664464 0.016768071
v -0.056866958 0.094010279 0.019499527
v -0.057564439 0.105670849 -0.028835095
v -0.013433946 0.105769354 -0.063239839
v -0.016215205 0.113555981 -0.029949330
v -0.013433946 0.105769354 -0.063239839
v -0.057564439 0.105670849 -0.028835095
v -0.052106964 0.097701740 -0.068545767
v -0.013433946 0.105769354 -0.063239839
v -0.017789673 0.089063164 -0.082726021
v -0.008803939 0.088684897 -0.081592164
v -0.017789673 0.089063164 -0.082726021
v -0.013433946 0.105769354 -0.063239839
v -0.052106964 0.097701740 -0.068545767
v 0.010888972 0.018244780 0.300619931
v -0.025489222 0.029700792 0.272672808
v -0.020540406 0.033349740 0.309181847
v -0.025489222 0.029700792 0.272672808
v 0.010888972 0.018244780 0.300619931
v 0.002865218 0.011480436 0.261773212
v -0.008803939 0.088684897 -0.081592164
v -0.017789673 0.089063164 -0.082726021
v 0.000516170 0.038958561 -0.068158271
v -0.017789673 0.089063164 -0.082726021
v -0.007094063 0.007122315 -0.057230690
v 0.000516170 0.038958561 -0.068158271
v -0.032703777 0.054696181 0.455569882
v 0.000978930 0.035459995 0.460524612
v -0.014867812 0.024158843 0.455085527
v 0.000978930 0.035459995 0.460524612
v -0.032703777 0.054696181 0.455569882
v -0.019944637 0.066388167 0.458389848
v 0.018333865 -0.015925786 0.334677336
v 0.026542569 -0.016437817 0.358218100
v 0.027325376 -0.017172926 0.348623031
v 0.026542569 -0.016437817 0.358218100
v 0.018333865 -0.015925786 0.334677336
v 0.002224073 -0.020443424 0.359985409
v -0.006589520 0.007790471 0.307430810
v 0.010888972 0.018244780 0.300619931
v -0.020540406 0.033349740 0.309181847
v 0.010888972 0.018244780 0.300619931
v -0.006589520 0.007790471 0.307430810
v 0.028539319 0.007823834 0.297351348
v 0.024764413 0.001956697 0.441982343
v -0.001554030 -0.004913111 0.438414210
v 0.017142163 0.012498211 0.450393297
v 0.024764413 0.001956697 0.441982343
v 0.001181303 -0.015441888 0.419599492
v -0.001554030 -0.004913111 0.438414210
v 0.001181303 -0.015441888 0.419599492
v 0.024764413 0.001956697 0.441982343
v 0.033874094 -0.009806047 0.421340776
v 0.002224073 -0.020443424 0.359985409
v 0.020121428 -0.012997267 0.382519292
v 0.026542569 -0.016437817 0.358218100
v 0.020121428 -0.012997267 0.382519292
v 0.002224073 -0.020443424 0.359985409
v 0.000691767 -0.019429088 0.382166100
v -0.181631856 0.041779609 0.218771446
v -0.120648705 0.046653999 0.212897315
v -0.125504925 0.059111395 0.272337567
v -0.120648705 0.046653999 0.212897315
v -0.181631856 0.041779609 0.218771446
v -0.175249062 -0.016652246 0.230386950
v -0.043655761 -0.007618993 0.092642487
v -0.069738212 0.010336241 0.046499232
v -0.070926231 0.017643026 0.095515952
v -0.069738212 0.010336241 0.046499232
v -0.043655761 -0.007618993 0.092642487
v -0.036227606 -0.014243958 0.046556393
v -0.070926231 0.017643026 0.095515952
v -0.085866066 0.063328739 0.038792018
v -0.086434621 0.066059318 0.091232159
v -0.085866066 0.063328739 0.038792018
v -0.070926231 0.017643026 0.095515952
v -0.069738212 0.010336241 0.046499232
v -0.085866066 0.063328739 0.038792018
v -0.059017927 0.096298499 0.089864455
v -0.086434621 0.066059318 0.091232159
v -0.059017927 0.096298499 0.089864455
v -0.085866066 0.063328739 0.038792018
v -0.057139938 0.091291061 0.034649518
v -0.057139938 0.091291061 0.034649518
v -0.012638270 0.106006589 0.089207564
v -0.059017927 0.096298499 0.089864455
v -0.012638270 0.106006589 0.089207564
v -0.057139938 0.091291061 0.034649518
v -0.015012346 0.099684448 0.033839294
v -0.036094742 0.041295215 0.285754904
v -0.025489222 0.029700792 0.272672808
v -0.062605719 0.026776192 0.273909455
v -0.025489222 0.029700792 0.272672808
v -0.060925514 0.006590430 0.254235367
v -0.062605719 0.026776192 0.273909455
v -0.060925514 0.006590430 0.254235367
v -0.095802370 0.011119437 0.278331872
v -0.062605719 0.026776192 0.273909455
v -0.095802370 0.011119437 0.278331872
v -0.060925514 0.006590430 0.254235367
v -0.085570109 -0.007521439 0.258312952
v -0.085570109 -0.007521439 0.258312952
v -0.122516328 -0.007633466 0.249412324
v -0.095802370 0.011119437 0.278331872
v -0.122516328 -0.007633466 0.249412324
v -0.085570109 -0.007521439 0.258312952
v -0.126802099 -0.006354684 0.219812352
v -0.122516328 -0.007633466 0.249412324
v -0.126802099 -0.006354684 0.219812352
v -0.175249062 -0.016652246 0.230386950
v -0.168610124 -0.003117016 0.294801173
v -0.121314496 0.007800782 0.283984688
v -0.122516328 -0.007633466 0.249412324
v -0.051666559 -0.020601641 -0.053801215
v -0.007094063 0.007122315 -0.057230690
v -0.018097998 0.006042803 -0.156712060
v 0.005014468 -0.025416604 0.391875440
v 0.000691767 -0.019429088 0.382166100
v -0.023936483 -0.008833984 0.385352498
v 0.020121428 -0.012997267 0.382519292
v 0.005014468 -0.025416604 0.391875440
v 0.022809529 -0.021411124 0.392083042
v 0.005014468 -0.025416604 0.391875440
v 0.020121428 -0.012997267 0.382519292
v 0.000691767 -0.019429088 0.382166100
v 0.005014468 -0.025416604 0.391875440
v -0.023936483 -0.008833984 0.385352498
v -0.019569347 -0.009189927 0.424620090
v -0.118551634 -0.006062613 -0.540027905
v -0.080895642 -0.039463127 -0.552520911
v -0.046595456 -0.027208730 -0.550672461
v 0.018498839 -0.012558619 0.302859111
v 0.019245940 -0.015691055 0.328132365
v 0.029627156 -0.017220475 0.327032349
v -0.002001376 -0.010108243 0.325808368
v -0.018212169 -0.003570515 0.333926669
v -0.023106511 -0.009106791 0.362664316
v 0.018498839 -0.012558619 0.302859111
v -0.013592759 0.001694772 0.313742344
v -0.002001376 -0.010108243 0.325808368
v 0.019245940 -0.015691055 0.328132365
v 0.027365168 -0.013919902 0.331517208
v 0.029627156 -0.017220475 0.327032349
v 0.027365168 -0.013919902 0.331517208
v 0.019245940 -0.015691055 0.328132365
v 0.018333865 -0.015925786 0.334677336
v 0.026542569 -0.016437817 0.358218100
v 0.045246921 -0.021520492 0.357938790
v 0.040747423 -0.014171823 0.348640480
v 0.027365168 -0.013919902 0.331517208
v 0.018333865 -0.015925786 0.334677336
v 0.029921771 -0.017572162 0.335853581
v 0.037268867 -0.007774354 0.332378520
v 0.029627156 -0.017220475 0.327032349
v 0.027365168 -0.013919902 0.331517208
v 0.029627156 -0.017220475 0.327032349
v 0.037268867 -0.007774354 0.332378520
v 0.041087983 -0.012897400 0.326152951
v -0.002001376 -0.010108243 0.325808368
v 0.019245940 -0.015691055 0.328132365
v 0.018498839 -0.012558619 0.302859111
v 0.019245940 -0.015691055 0.328132365
v -0.002001376 -0.010108243 0.325808368
v 0.018333865 -0.015925786 0.334677336
v -0.002001376 -0.010108243 0.325808368
v -0.013592759 0.001694772 0.313742344
v -0.018212169 -0.003570515 0.333926669
v -0.040501552 0.014223633 0.342388967
v -0.023106511 -0.009106791 0.362664316
v -0.018212169 -0.003570515 0.333926669
v -0.023106511 -0.009106791 0.362664316
v -0.040501552 0.014223633 0.342388967
v -0.037337012 0.004129880 0.363842737
v 0.002224073 -0.020443424 0.359985409
v 0.018333865 -0.015925786 0.334677336
v -0.002001376 -0.010108243 0.325808368
v 0.033874094 -0.009806047 0.421340776
v 0.022809529 -0.021411124 0.392083042
v 0.001181303 -0.015441888 0.419599492
v 0.022809529 -0.021411124 0.392083042
v 0.033874094 -0.009806047 0.421340776
v 0.040603766 -0.017406205 0.392290600
v 0.022809529 -0.021411124 0.392083042
v 0.039232704 -0.014626076 0.382605098
v 0.020121428 -0.012997267 0.382519292
v 0.039232704 -0.014626076 0.382605098
v 0.022809529 -0.021411124 0.392083042
v 0.040603766 -0.017406205 0.392290600
v 0.039232704 -0.014626076 0.382605098
v 0.026542569 -0.016437817 0.358218100
v 0.020121428 -0.012997267 0.382519292
v 0.026542569 -0.016437817 0.358218100
v 0.039232704 -0.014626076 0.382605098
v 0.045246921 -0.021520492 0.357938790
v 0.027325376 -0.017172926 0.348623031
v 0.029921771 -0.017572162 0.335853581
v 0.018333865 -0.015925786 0.334677336
v -0.086434621 0.066059318 0.091232159
v -0.091274623 0.084072554 0.137662258
v -0.100533904 0.065846521 0.143152512
v -0.099651603 0.090751526 0.235522658
v -0.101736272 0.086153362 0.240543401
v -0.103782336 0.075394165 0.230370838
v -0.100533904 0.065846521 0.143152512
v -0.098990568 0.094284895 0.184835677
v -0.105265779 0.077598778 0.184911260
v -0.098990568 0.094284895 0.184835677
v -0.100533904 0.065846521 0.143152512
v -0.091274623 0.084072554 0.137662258
v -0.091274623 0.084072554 0.137662258
v -0.086434621 0.066059318 0.091232159
v -0.059017927 0.096298499 0.089864455
v 0.029627156 -0.017220475 0.327032349
v 0.041087983 -0.012897400 0.326152951
v 0.040121123 -0.009488458 0.300973557
v 0.001740353 0.073135013 0.292005601
v -0.027130665 0.067615965 0.291147140
v -0.046684681 0.096780780 0.272276397
v 0.029921771 -0.017572162 0.335853581
v 0.037268867 -0.007774354 0.332378520
v 0.027365168 -0.013919902 0.331517208
v 0.037268867 -0.007774354 0.332378520
v 0.029921771 -0.017572162 0.335853581
v 0.041428772 -0.014235920 0.336763142
v 0.040747423 -0.014171823 0.348640480
v 0.029921771 -0.017572162 0.335853581
v 0.027325376 -0.017172926 0.348623031
v 0.029921771 -0.017572162 0.335853581
v 0.040747423 -0.014171823 0.348640480
v 0.041428772 -0.014235920 0.336763142
v -0.063734341 0.114183863 0.179975715
v -0.002686419 0.118264800 0.211979413
v -0.060080022 0.112798292 0.219355108
v -0.002686419 0.118264800 0.211979413
v -0.063734341 0.114183863 0.179975715
v -0.007439420 0.122719351 0.176515307
v -0.060080022 0.112798292 0.219355108
v -0.098990568 0.094284895 0.184835677
v -0.063734341 0.114183863 0.179975715
v -0.098990568 0.094284895 0.184835677
v -0.060080022 0.112798292 0.219355108
v -0.099651603 0.090751526 0.235522658
v -0.098990568 0.094284895 0.184835677
v -0.103782336 0.075394165 0.230370838
v -0.105265779 0.077598778 0.184911260
v -0.103782336 0.075394165 0.230370838
v -0.098990568 0.094284895 0.184835677
v -0.099651603 0.090751526 0.235522658
v -0.103782336 0.075394165 0.230370838
v -0.098851294 0.062138370 0.182148402
v -0.105265779 0.077598778 0.184911260
v -0.098851294 0.062138370 0.182148402
v -0.103782336 0.075394165 0.230370838
v -0.083781353 0.053090972 0.214230261
v -0.083781353 0.053090972 0.214230261
v -0.089527014 0.028247128 0.179170989
v -0.098851294 0.062138370 0.182148402
v -0.089527014 0.028247128 0.179170989
v -0.083781353 0.053090972 0.214230261
v -0.086269888 0.034969414 0.211271091
v -0.090033994 0.013823408 0.182693600
v -0.086269888 0.034969414 0.211271091
v -0.084594961 0.009570598 0.216598872
v -0.086269888 0.034969414 0.211271091
v -0.090033994 0.013823408 0.182693600
v -0.089527014 0.028247128 0.179170989
v -0.051396327 -0.014495646 0.179800334
v 0.007440031 -0.017291087 0.146143022
v -0.049355546 -0.017802771 0.145956050
v 0.007440031 -0.017291087 0.146143022
v -0.051396327 -0.014495646 0.179800334
v 0.002820127 -0.018066458 0.177432952
v -0.049355546 -0.017802771 0.145956050
v -0.090033994 0.013823408 0.182693600
v -0.051396327 -0.014495646 0.179800334
v -0.090033994 0.013823408 0.182693600
v -0.049355546 -0.017802771 0.145956050
v -0.087620652 0.013519654 0.147668609
v -0.039247127 -0.005531202 0.213327872
v -0.072141627 0.002683778 0.234486040
v -0.031142107 0.012599571 0.243729063
v -0.072141627 0.002683778 0.234486040
v -0.039247127 -0.005531202 0.213327872
v -0.084594961 0.009570598 0.216598872
v -0.084594961 0.009570598 0.216598872
v -0.094807744 0.002136816 0.224775863
v -0.072141627 0.002683778 0.234486040
v -0.094807744 0.002136816 0.224775863
v -0.084594961 0.009570598 0.216598872
v -0.120648705 0.046653999 0.212897315
v -0.094807744 0.002136816 0.224775863
v -0.120648705 0.046653999 0.212897315
v -0.126802099 -0.006354684 0.219812352
v -0.123100081 0.052564502 0.281269212
v -0.103782336 0.075394165 0.230370838
v -0.101736272 0.086153362 0.240543401
v -0.103782336 0.075394165 0.230370838
v -0.123100081 0.052564502 0.281269212
v -0.125504925 0.059111395 0.272337567
v -0.031142107 0.012599571 0.243729063
v 0.001785231 -0.006797021 0.213745060
v -0.039247127 -0.005531202 0.213327872
v 0.001785231 -0.006797021 0.213745060
v -0.031142107 0.012599571 0.243729063
v 0.002253690 0.004844834 0.238223915
v -0.061066070 0.044245523 0.378484813
v -0.057648554 0.038531283 0.431238600
v -0.041673130 0.007884782 0.424580823
v -0.040111193 0.037587151 0.332805443
v -0.061066070 0.044245523 0.378484813
v -0.053900466 0.029282103 0.375818697
v -0.041673130 0.007884782 0.424580823
v -0.053900466 0.029282103 0.375818697
v -0.061066070 0.044245523 0.378484813
v -0.057648554 0.038531283 0.431238600
v -0.061066070 0.044245523 0.378484813
v -0.064114912 0.067455028 0.385572151
v -0.001554030 -0.004913111 0.438414210
v -0.030530429 0.013039843 0.443932230
v -0.014867812 0.024158843 0.455085527
v -0.014867812 0.024158843 0.455085527
v -0.042943355 0.039534623 0.449802602
v -0.032703777 0.054696181 0.455569882
v -0.042943355 0.039534623 0.449802602
v -0.014867812 0.024158843 0.455085527
v -0.030530429 0.013039843 0.443932230
v -0.032703777 0.054696181 0.455569882
v -0.042943355 0.039534623 0.449802602
v -0.055886370 0.062744784 0.433136678
v -0.030530429 0.013039843 0.443932230
v -0.001554030 -0.004913111 0.438414210
v -0.019569347 -0.009189927 0.424620090
v -0.011147628 0.115949536 0.138868325
v -0.059017927 0.096298499 0.089864455
v -0.012638270 0.106006589 0.089207564
v -0.059017927 0.096298499 0.089864455
v -0.011147628 0.115949536 0.138868325
v -0.062116947 0.105599369 0.138549731
v 0.001740353 0.073135013 0.292005601
v -0.046684681 0.096780780 0.272276397
v 0.000160811 0.092820864 0.266305389
v 0.005268804 -0.004552817 0.088136246
v -0.036227606 -0.014243958 0.046556393
v -0.043655761 -0.007618993 0.092642487
v -0.036227606 -0.014243958 0.046556393
v 0.005268804 -0.004552817 0.088136246
v 0.007118801 -0.009204541 0.046095964
v 0.029627156 -0.017220475 0.327032349
v 0.040121123 -0.009488458 0.300973557
v 0.018498839 -0.012558619 0.302859111
v 0.040747423 -0.014171823 0.348640480
v 0.027325376 -0.017172926 0.348623031
v 0.026542569 -0.016437817 0.358218100
v -0.014867812 0.024158843 0.455085527
v 0.017142163 0.012498211 0.450393297
v -0.001554030 -0.004913111 0.438414210
v -0.032703777 0.054696181 0.455569882
v -0.055886370 0.062744784 0.433136678
v -0.034609242 0.089734286 0.435741983
v 0.018547927 -0.016492903 -0.279248963
v 0.080733931 -0.019567873 -0.342049206
v -0.000325359 -0.007306150 -0.353166780
v 0.080733931 -0.019567873 -0.342049206
v 0.018547927 -0.016492903 -0.279248963
v 0.098871817 -0.022343990 -0.267666979
v 0.016212339 -0.027192136 -0.238170921
v 0.098871817 -0.022343990 -0.267666979
v 0.018547927 -0.016492903 -0.279248963
v 0.098871817 -0.022343990 -0.267666979
v 0.016212339 -0.027192136 -0.238170921
v 0.101914815 -0.028334366 -0.210963412
v 0.016328379 -0.021882496 -0.145492049
v 0.101914815 -0.028334366 -0.210963412
v 0.016212339 -0.027192136 -0.238170921
v 0.101914815 -0.028334366 -0.210963412
v 0.016328379 -0.021882496 -0.145492049
v 0.073546877 -0.023219951 -0.128243770
v 0.009838042 -0.023428970 -0.057547749
v 0.073546877 -0.023219951 -0.128243770
v 0.016328379 -0.021882496 -0.145492049
v 0.073546877 -0.023219951 -0.128243770
v 0.009838042 -0.023428970 -0.057547749
v 0.045832365 -0.022840198 -0.048039756
v 0.010041820 -0.016864621 -0.011946385
v 0.009838042 -0.023428970 -0.057547749
v -0.032916148 -0.012536497 -0.007573909
v -0.000325359 -0.007306150 -0.353166780
v 0.066355581 -0.020365837 -0.406117723
v -0.011799373 -0.002373540 -0.424059737
v 0.066355581 -0.020365837 -0.406117723
v -0.000325359 -0.007306150 -0.353166780
v 0.080733931 -0.019567873 -0.342049206
v -0.053804974 0.112906491 -0.440869068
v -0.112531984 0.073368429 -0.363491080
v -0.097511265 0.070767422 -0.433401786
v -0.112531984 0.073368429 -0.363491080
v -0.053804974 0.112906491 -0.440869068
v -0.050654085 0.102724018 -0.366488504
v -0.050654085 0.102724018 -0.366488504
v -0.112437167 0.073472773 -0.288945025
v -0.112531984 0.073368429 -0.363491080
v -0.112437167 0.073472773 -0.288945025
v -0.050654085 0.102724018 -0.366488504
v -0.050985863 0.095503089 -0.301708686
v -0.046420870 0.090915880 -0.247111793
v -0.112437167 0.073472773 -0.288945025
v -0.050985863 0.095503089 -0.301708686
v -0.112437167 0.073472773 -0.288945025
v -0.046420870 0.090915880 -0.247111793
v -0.090482952 0.051704138 -0.243704680
v -0.046420870 0.090915880 -0.247111793
v -0.110624613 0.064745341 -0.155476538
v -0.090482952 0.051704138 -0.243704680
v -0.110624613 0.064745341 -0.155476538
v -0.046420870 0.090915880 -0.247111793
v -0.032832333 0.098117773 -0.159474062
v -0.013433946 0.105769354 -0.063239839
v -0.052106964 0.097701740 -0.068545767
v -0.010444407 0.101546687 -0.090266887
v -0.052106964 0.097701740 -0.068545767
v -0.032832333 0.098117773 -0.159474062
v -0.010444407 0.101546687 -0.090266887
v -0.086269888 0.034969414 0.211271091
v -0.083781353 0.053090972 0.214230261
v -0.103782336 0.075394165 0.230370838
v -0.032916148 -0.012536497 -0.007573909
v 0.009838042 -0.023428970 -0.057547749
v -0.051666559 -0.020601641 -0.053801215
v 0.009838042 -0.023428970 -0.057547749
v 0.010041820 -0.016864621 -0.011946385
v 0.045832365 -0.022840198 -0.048039756
v 0.016328379 -0.021882496 -0.145492049
v -0.051666559 -0.020601641 -0.053801215
v 0.009838042 -0.023428970 -0.057547749
v -0.051666559 -0.020601641 -0.053801215
v 0.016328379 -0.021882496 -0.145492049
v -0.062842059 -0.024044391 -0.153532829
v 0.016212339 -0.027192136 -0.238170921
v -0.062842059 -0.024044391 -0.153532829
v 0.016328379 -0.021882496 -0.145492049
v -0.062842059 -0.024044391 -0.153532829
v 0.016212339 -0.027192136 -0.238170921
v -0.066339534 -0.029108445 -0.248088201
v 0.018547927 -0.016492903 -0.279248963
v -0.066339534 -0.029108445 -0.248088201
v 0.016212339 -0.027192136 -0.238170921
v -0.066339534 -0.029108445 -0.248088201
v 0.018547927 -0.016492903 -0.279248963
v -0.073210716 0.000322982 -0.303530230
v -0.000325359 -0.007306150 -0.353166780
v -0.073210716 0.000322982 -0.303530230
v 0.018547927 -0.016492903 -0.279248963
v -0.073210716 0.000322982 -0.303530230
v -0.000325359 -0.007306150 -0.353166780
v -0.076545112 0.011023430 -0.376778744
v -0.011799373 -0.002373540 -0.424059737
v -0.076545112 0.011023430 -0.376778744
v -0.000325359 -0.007306150 -0.353166780
v -0.076545112 0.011023430 -0.376778744
v -0.011799373 -0.002373540 -0.424059737
v -0.082839680 0.023941015 -0.457085884
v 0.010041820 -0.016864621 -0.011946385
v 0.088560104 -0.013691437 -0.028254667
v 0.045832365 -0.022840198 -0.048039756
v 0.088560104 -0.013691437 -0.028254667
v 0.010041820 -0.016864621 -0.011946385
v 0.047391317 0.004022947 -0.004737860
v 0.073546877 -0.023219951 -0.128243770
v 0.088560104 -0.013691437 -0.028254667
v 0.131044777 -0.018321139 -0.105961749
v 0.088560104 -0.013691437 -0.028254667
v 0.073546877 -0.023219951 -0.128243770
v 0.045832365 -0.022840198 -0.048039756
v 0.101914815 -0.028334366 -0.210963412
v 0.131044777 -0.018321139 -0.105961749
v 0.184365806 -0.021108291 -0.188888999
v 0.131044777 -0.018321139 -0.105961749
v 0.101914815 -0.028334366 -0.210963412
v 0.073546877 -0.023219951 -0.128243770
v 0.098871817 -0.022343990 -0.267666979
v 0.184365806 -0.021108291 -0.188888999
v 0.159001136 -0.017797251 -0.267601899
v 0.184365806 -0.021108291 -0.188888999
v 0.098871817 -0.022343990 -0.267666979
v 0.101914815 -0.028334366 -0.210963412
v 0.080733931 -0.019567873 -0.342049206
v 0.159001136 -0.017797251 -0.267601899
v 0.136312921 -0.008873664 -0.339006126
v 0.159001136 -0.017797251 -0.267601899
v 0.080733931 -0.019567873 -0.342049206
v 0.098871817 -0.022343990 -0.267666979
v 0.066355581 -0.020365837 -0.406117723
v 0.136312921 -0.008873664 -0.339006126
v 0.112898668 -0.008460736 -0.406654223
v 0.136312921 -0.008873664 -0.339006126
v 0.066355581 -0.020365837 -0.406117723
v 0.080733931 -0.019567873 -0.342049206
v 0.056034877 0.078837673 -0.087964407
v 0.063325078 -0.002893399 -0.165270412
v 0.091336194 0.075995622 -0.160244446
v 0.063325078 -0.002893399 -0.165270412
v 0.056034877 0.078837673 -0.087964407
v 0.023228889 0.085929825 -0.074771974
v 0.091336194 0.075995622 -0.160244446
v 0.119315261 -0.002695617 -0.209059377
v 0.149559933 0.042936607 -0.208522651
v 0.119315261 -0.002695617 -0.209059377
v 0.091336194 0.075995622 -0.160244446
v 0.063325078 -0.002893399 -0.165270412
v 0.119315261 -0.002695617 -0.209059377
v 0.111859749 0.061993907 -0.221334888
v 0.149559933 0.042936607 -0.208522651
v 0.111859749 0.061993907 -0.221334888
v 0.119315261 -0.002695617 -0.209059377
v 0.090277030 -0.003948158 -0.216810877
v 0.050307556 0.000394954 -0.287410920
v 0.111859749 0.061993907 -0.221334888
v 0.090277030 -0.003948158 -0.216810877
v 0.111859749 0.061993907 -0.221334888
v 0.050307556 0.000394954 -0.287410920
v 0.081464335 0.055489419 -0.289091407
v 0.017668599 0.001361077 -0.349081635
v 0.081464335 0.055489419 -0.289091407
v 0.050307556 0.000394954 -0.287410920
v 0.081464335 0.055489419 -0.289091407
v 0.017668599 0.001361077 -0.349081635
v 0.049192517 0.033356520 -0.356507840
v -0.010444407 0.101546687 -0.090266887
v -0.032832333 0.098117773 -0.159474062
v 0.013865167 0.056088925 -0.155253538
v 0.018195337 0.049945457 -0.236052057
v -0.032832333 0.098117773 -0.159474062
v -0.046420870 0.090915880 -0.247111793
v -0.032832333 0.098117773 -0.159474062
v 0.018195337 0.049945457 -0.236052057
v 0.013865167 0.056088925 -0.155253538
v -0.050985863 0.095503089 -0.301708686
v 0.018195337 0.049945457 -0.236052057
v -0.046420870 0.090915880 -0.247111793
v 0.018195337 0.049945457 -0.236052057
v -0.050985863 0.095503089 -0.301708686
v 0.014214864 0.048067502 -0.287378044
v -0.050654085 0.102724018 -0.366488504
v 0.014214864 0.048067502 -0.287378044
v -0.050985863 0.095503089 -0.301708686
v 0.014214864 0.048067502 -0.287378044
v -0.050654085 0.102724018 -0.366488504
v 0.002580097 0.060606538 -0.350948989
v -0.013123373 0.068864909 -0.421183763
v -0.050654085 0.102724018 -0.366488504
v -0.053804974 0.112906491 -0.440869068
v -0.050654085 0.102724018 -0.366488504
v -0.013123373 0.068864909 -0.421183763
v 0.002580097 0.060606538 -0.350948989
v 0.063325078 -0.002893399 -0.165270412
v 0.023228889 0.085929825 -0.074771974
v -0.010444407 0.101546687 -0.090266887
v 0.023228889 0.085929825 -0.074771974
v -0.013433946 0.105769354 -0.063239839
v -0.010444407 0.101546687 -0.090266887
v -0.092942440 0.068506587 -0.078170006
v -0.032832333 0.098117773 -0.159474062
v -0.052106964 0.097701740 -0.068545767
v -0.032832333 0.098117773 -0.159474062
v -0.092942440 0.068506587 -0.078170006
v -0.110624613 0.064745341 -0.155476538
vt 0.603976011 0.300641000
vt 0.536068976 0.310338974
vt 0.529668987 0.295027971
vt 0.536068976 0.310338974
vt 0.603976011 0.300641000
vt 0.607192993 0.314764977
vt 0.606712997 0.341150999
vt 0.557678998 0.388221025
vt 0.542762995 0.342918038
vt 0.557678998 0.388221025
vt 0.606712997 0.341150999
vt 0.608641028 0.390578985
vt 0.752331018 0.240095973
vt 0.690639973 0.291936994
vt 0.695101976 0.256255984
vt 0.690639973 0.291936994
vt 0.752331018 0.240095973
vt 0.741757989 0.289667010
vt 0.654361010 0.548597991
vt 0.737609982 0.533146977
vt 0.740584016 0.545212984
vt 0.737609982 0.533146977
vt 0.654361010 0.548597991
vt 0.651573002 0.534998000
vt 0.579219997 0.533981025
vt 0.654361010 0.548597991
vt 0.617273986 0.557916999
vt 0.654361010 0.548597991
vt 0.579219997 0.533981025
vt 0.651573002 0.534998000
vt 0.542595029 0.531789005
vt 0.576694012 0.571959019
vt 0.538973987 0.574681997
vt 0.576694012 0.571959019
vt 0.542595029 0.531789005
vt 0.579219997 0.533981025
vt 0.542762995 0.342918038
vt 0.500000000 0.388388038
vt 0.500000000 0.343245029
vt 0.500000000 0.388388038
vt 0.542762995 0.342918038
vt 0.557678998 0.388221025
vt 0.740584016 0.545212984
vt 0.792007029 0.531039000
vt 0.792030990 0.544524014
vt 0.792007029 0.531039000
vt 0.740584016 0.545212984
vt 0.737609982 0.533146977
vt 0.737048984 0.443035960
vt 0.792944014 0.388496041
vt 0.792720973 0.437319040
vt 0.792944014 0.388496041
vt 0.737048984 0.443035960
vt 0.733702004 0.387537003
vt 0.571017981 0.613689005
vt 0.619428992 0.710861981
vt 0.582275987 0.710684001
vt 0.619428992 0.710861981
vt 0.571017981 0.613689005
vt 0.616055012 0.614360988
vt 0.619428992 0.710861981
vt 0.594380975 0.772230983
vt 0.582275987 0.710684001
vt 0.594380975 0.772230983
vt 0.619428992 0.710861981
vt 0.633001983 0.775141001
vt 0.782419980 0.616153002
vt 0.728985012 0.700932980
vt 0.737744987 0.630078018
vt 0.728985012 0.700932980
vt 0.782419980 0.616153002
vt 0.775128007 0.709927976
vt 0.775128007 0.709927976
vt 0.721726000 0.771574020
vt 0.728985012 0.700932980
vt 0.721726000 0.771574020
vt 0.775128007 0.709927976
vt 0.769495010 0.770716012
vt 0.737744987 0.630078018
vt 0.676342010 0.704289973
vt 0.679853976 0.629830003
vt 0.676342010 0.704289973
vt 0.737744987 0.630078018
vt 0.728985012 0.700932980
vt 0.728985012 0.700932980
vt 0.676729977 0.770331025
vt 0.676342010 0.704289973
vt 0.676729977 0.770331025
vt 0.728985012 0.700932980
vt 0.721726000 0.771574020
vt 0.679853976 0.629830003
vt 0.619428992 0.710861981
vt 0.616055012 0.614360988
vt 0.619428992 0.710861981
vt 0.679853976 0.629830003
vt 0.676342010 0.704289973
vt 0.676342010 0.704289973
vt 0.633001983 0.775141001
vt 0.619428992 0.710861981
vt 0.633001983 0.775141001
vt 0.676342010 0.704289973
vt 0.676729977 0.770331025
vt 0.659991026 0.210754037
vt 0.631344974 0.176485002
vt 0.627485991 0.213065982
vt 0.631344974 0.176485002
vt 0.659991026 0.210754037
vt 0.656580985 0.176687002
vt 0.605289996 0.831888020
vt 0.658253014 0.895501018
vt 0.619111001 0.899585009
vt 0.658253014 0.895501018
vt 0.605289996 0.831888020
vt 0.645672977 0.828966975
vt 0.619111001 0.899585009
vt 0.666010976 0.980310023
vt 0.637030005 0.980409026
vt 0.666010976 0.980310023
vt 0.619111001 0.899585009
vt 0.658253014 0.895501018
vt 0.759644985 0.827989995
vt 0.721626997 0.896407008
vt 0.724049985 0.825830996
vt 0.721626997 0.896407008
vt 0.759644985 0.827989995
vt 0.750765979 0.897616982
vt 0.750765979 0.897616982
vt 0.708325982 0.980181992
vt 0.721626997 0.896407008
vt 0.708325982 0.980181992
vt 0.750765979 0.897616982
vt 0.738193989 0.980190992
vt 0.724049985 0.825830996
vt 0.680141985 0.887456000
vt 0.676602006 0.820834994
vt 0.680141985 0.887456000
vt 0.724049985 0.825830996
vt 0.721626997 0.896407008
vt 0.721626997 0.896407008
vt 0.686766982 0.980015993
vt 0.680141985 0.887456000
vt 0.686766982 0.980015993
vt 0.721626997 0.896407008
vt 0.708325982 0.980181992
vt 0.676602006 0.820834994
vt 0.658253014 0.895501018
vt 0.645672977 0.828966975
vt 0.658253014 0.895501018
vt 0.676602006 0.820834994
vt 0.680141985 0.887456000
vt 0.680141985 0.887456000
vt 0.666010976 0.980310023
vt 0.658253014 0.895501018
vt 0.666010976 0.980310023
vt 0.680141985 0.887456000
vt 0.686766982 0.980015993
vt 0.616055012 0.614360988
vt 0.576694012 0.571959019
vt 0.621698022 0.580618978
vt 0.576694012 0.571959019
vt 0.616055012 0.614360988
vt 0.571017981 0.613689005
vt 0.538973987 0.574681997
vt 0.500000000 0.602496028
vt 0.500000000 0.577818990
vt 0.500000000 0.602496028
vt 0.538973987 0.574681997
vt 0.524038017 0.615773022
vt 0.740584016 0.545212984
vt 0.678378999 0.585349977
vt 0.654361010 0.548597991
vt 0.678378999 0.585349977
vt 0.740584016 0.545212984
vt 0.743906021 0.578772008
vt 0.743906021 0.578772008
vt 0.681523025 0.613546014
vt 0.678378999 0.585349977
vt 0.681523025 0.613546014
vt 0.743906021 0.578772008
vt 0.741110027 0.611717999
vt 0.741110027 0.611717999
vt 0.679853976 0.629830003
vt 0.681523025 0.613546014
vt 0.679853976 0.629830003
vt 0.741110027 0.611717999
vt 0.737744987 0.630078018
vt 0.605289996 0.831888020
vt 0.633001983 0.775141001
vt 0.645672977 0.828966975
vt 0.633001983 0.775141001
vt 0.605289996 0.831888020
vt 0.594380975 0.772230983
vt 0.645672977 0.828966975
vt 0.676729977 0.770331025
vt 0.676602006 0.820834994
vt 0.676729977 0.770331025
vt 0.645672977 0.828966975
vt 0.633001983 0.775141001
vt 0.676729977 0.770331025
vt 0.724049985 0.825830996
vt 0.676602006 0.820834994
vt 0.724049985 0.825830996
vt 0.676729977 0.770331025
vt 0.721726000 0.771574020
vt 0.721726000 0.771574020
vt 0.759644985 0.827989995
vt 0.724049985 0.825830996
vt 0.759644985 0.827989995
vt 0.721726000 0.771574020
vt 0.769495010 0.770716012
vt 0.654361010 0.548597991
vt 0.621698022 0.580618978
vt 0.617273986 0.557916999
vt 0.621698022 0.580618978
vt 0.654361010 0.548597991
vt 0.678378999 0.585349977
vt 0.678378999 0.585349977
vt 0.616055012 0.614360988
vt 0.621698022 0.580618978
vt 0.616055012 0.614360988
vt 0.678378999 0.585349977
vt 0.681523025 0.613546014
vt 0.681523025 0.613546014
vt 0.679853976 0.629830003
vt 0.616055012 0.614360988
vt 0.736606002 0.492236972
vt 0.670074999 0.445484996
vt 0.737048984 0.443035960
vt 0.648630023 0.437633991
vt 0.585056007 0.484302044
vt 0.602129996 0.430189013
vt 0.585056007 0.484302044
vt 0.648630023 0.437633991
vt 0.652464986 0.490355968
vt 0.585056007 0.484302044
vt 0.557969987 0.421974003
vt 0.602129996 0.430189013
vt 0.557969987 0.421974003
vt 0.585056007 0.484302044
vt 0.551734984 0.483642995
vt 0.500000000 0.421841025
vt 0.551734984 0.483642995
vt 0.499976993 0.485785961
vt 0.551734984 0.483642995
vt 0.500000000 0.421841025
vt 0.557969987 0.421974003
vt 0.860759974 0.111948013
vt 0.866550028 0.170342982
vt 0.843231022 0.111030996
vt 0.866550028 0.170342982
vt 0.842415988 0.253648996
vt 0.841543972 0.177954018
vt 0.842415988 0.253648996
vt 0.866550028 0.170342982
vt 0.864912987 0.245065987
vt 0.925984979 0.112119019
vt 0.954276025 0.147803009
vt 0.927102983 0.159317017
vt 0.954276025 0.147803009
vt 0.926385999 0.225605965
vt 0.927102983 0.159317017
vt 0.926385999 0.225605965
vt 0.954276025 0.147803009
vt 0.948863029 0.233502984
vt 0.912585020 0.119895995
vt 0.891726971 0.161409974
vt 0.899125993 0.115993977
vt 0.912585020 0.119895995
vt 0.927102983 0.159317017
vt 0.891726971 0.161409974
vt 0.912585020 0.119895995
vt 0.925984979 0.112119019
vt 0.927102983 0.159317017
vt 0.927102983 0.159317017
vt 0.893097997 0.233857036
vt 0.891726971 0.161409974
vt 0.893097997 0.233857036
vt 0.927102983 0.159317017
vt 0.926385999 0.225605965
vt 0.885675013 0.117033005
vt 0.891726971 0.161409974
vt 0.866550028 0.170342982
vt 0.891726971 0.161409974
vt 0.864912987 0.245065987
vt 0.866550028 0.170342982
vt 0.864912987 0.245065987
vt 0.891726971 0.161409974
vt 0.893097997 0.233857036
vt 0.864821017 0.288259029
vt 0.847931027 0.394559979
vt 0.844277024 0.292554021
vt 0.847931027 0.394559979
vt 0.864821017 0.288259029
vt 0.866639018 0.393311024
vt 0.866639018 0.393311024
vt 0.848022997 0.457370996
vt 0.847931027 0.394559979
vt 0.848022997 0.457370996
vt 0.866639018 0.393311024
vt 0.863941014 0.456586957
vt 0.949962974 0.277244985
vt 0.913601995 0.368503988
vt 0.923420012 0.273869991
vt 0.913601995 0.368503988
vt 0.949962974 0.277244985
vt 0.953837991 0.381232977
vt 0.953837991 0.381232977
vt 0.906608999 0.451595008
vt 0.913601995 0.368503988
vt 0.906608999 0.451595008
vt 0.953837991 0.381232977
vt 0.949084997 0.455731988
vt 0.923420012 0.273869991
vt 0.890681982 0.381986022
vt 0.893499970 0.278527021
vt 0.890681982 0.381986022
vt 0.923420012 0.273869991
vt 0.913601995 0.368503988
vt 0.913601995 0.368503988
vt 0.885541022 0.453016043
vt 0.890681982 0.381986022
vt 0.885541022 0.453016043
vt 0.913601995 0.368503988
vt 0.906608999 0.451595008
vt 0.893499970 0.278527021
vt 0.866639018 0.393311024
vt 0.864821017 0.288259029
vt 0.866639018 0.393311024
vt 0.893499970 0.278527021
vt 0.890681982 0.381986022
vt 0.890681982 0.381986022
vt 0.863941014 0.456586957
vt 0.866639018 0.393311024
vt 0.863941014 0.456586957
vt 0.890681982 0.381986022
vt 0.885541022 0.453016043
vt 0.947019994 0.590393007
vt 0.913837016 0.561038971
vt 0.945515990 0.578119993
vt 0.913837016 0.561038971
vt 0.947019994 0.590393007
vt 0.915340006 0.594199002
vt 0.990878999 0.528138995
vt 0.974825978 0.551985025
vt 0.972593009 0.535726011
vt 0.974825978 0.551985025
vt 0.990878999 0.528138995
vt 0.993366003 0.540642023
vt 0.906225026 0.484459043
vt 0.948725998 0.517603993
vt 0.911664009 0.519618988
vt 0.948725998 0.517603993
vt 0.906225026 0.484459043
vt 0.963095009 0.491746008
vt 0.906225026 0.484459043
vt 0.894511998 0.525538981
vt 0.889348984 0.487635970
vt 0.894511998 0.525538981
vt 0.906225026 0.484459043
vt 0.911664009 0.519618988
vt 0.849484026 0.491533041
vt 0.894511998 0.525538981
vt 0.855082989 0.524864018
vt 0.894511998 0.525538981
vt 0.849484026 0.491533041
vt 0.889348984 0.487635970
vt 0.893097997 0.233857036
vt 0.864821017 0.288259029
vt 0.864912987 0.245065987
vt 0.864821017 0.288259029
vt 0.893097997 0.233857036
vt 0.893499970 0.278527021
vt 0.864912987 0.245065987
vt 0.844277024 0.292554021
vt 0.842415988 0.253648996
vt 0.844277024 0.292554021
vt 0.864912987 0.245065987
vt 0.864821017 0.288259029
vt 0.926385999 0.225605965
vt 0.949962974 0.277244985
vt 0.923420012 0.273869991
vt 0.949962974 0.277244985
vt 0.926385999 0.225605965
vt 0.948863029 0.233502984
vt 0.923420012 0.273869991
vt 0.893097997 0.233857036
vt 0.926385999 0.225605965
vt 0.893097997 0.233857036
vt 0.923420012 0.273869991
vt 0.893499970 0.278527021
vt 0.897534013 0.059441984
vt 0.885675013 0.117033005
vt 0.886667013 0.065150976
vt 0.885675013 0.117033005
vt 0.897534013 0.059441984
vt 0.899125993 0.115993977
vt 0.886667013 0.065150976
vt 0.899981022 0.024266005
vt 0.897534013 0.059441984
vt 0.899981022 0.024266005
vt 0.886667013 0.065150976
vt 0.884509981 0.024361014
vt 0.670074999 0.445484996
vt 0.733702004 0.387537003
vt 0.737048984 0.443035960
vt 0.733702004 0.387537003
vt 0.670074999 0.445484996
vt 0.696238995 0.383486986
vt 0.695101976 0.256255984
vt 0.725718975 0.226604998
vt 0.752331018 0.240095973
vt 0.865660012 0.066430986
vt 0.856742978 0.024578989
vt 0.867962003 0.024353027
vt 0.856742978 0.024578989
vt 0.865660012 0.066430986
vt 0.854628980 0.084885001
vt 0.860759974 0.111948013
vt 0.854628980 0.084885001
vt 0.865660012 0.066430986
vt 0.701421022 0.329308033
vt 0.741757989 0.289667010
vt 0.732649028 0.332749009
vt 0.701421022 0.329308033
vt 0.690639973 0.291936994
vt 0.741757989 0.289667010
vt 0.701421022 0.329308033
vt 0.692811012 0.310135007
vt 0.690639973 0.291936994
vt 0.792513013 0.341719031
vt 0.741757989 0.289667010
vt 0.792044997 0.285057008
vt 0.741757989 0.289667010
vt 0.792513013 0.341719031
vt 0.732649028 0.332749009
vt 0.897534013 0.059441984
vt 0.899981022 0.024266005
vt 0.911262989 0.059193969
vt 0.899125993 0.115993977
vt 0.910251021 0.082895994
vt 0.912585020 0.119895995
vt 0.899125993 0.115993977
vt 0.911262989 0.059193969
vt 0.910251021 0.082895994
vt 0.899125993 0.115993977
vt 0.897534013 0.059441984
vt 0.911262989 0.059193969
vt 0.935782015 0.047048986
vt 0.925984979 0.112119019
vt 0.924805999 0.080877006
vt 0.925984979 0.112119019
vt 0.935782015 0.047048986
vt 0.953871012 0.104737997
vt 0.602129996 0.430189013
vt 0.647809029 0.384287000
vt 0.648630023 0.437633991
vt 0.647809029 0.384287000
vt 0.602129996 0.430189013
vt 0.621985018 0.395148993
vt 0.950465977 0.024371982
vt 0.953871012 0.104737997
vt 0.935782015 0.047048986
vt 0.608641028 0.390578985
vt 0.621985018 0.395148993
vt 0.602129996 0.430189013
vt 0.647809029 0.384287000
vt 0.660687029 0.378998041
vt 0.648630023 0.437633991
vt 0.863941014 0.456586957
vt 0.827436984 0.477723002
vt 0.848022997 0.457370996
vt 0.827436984 0.477723002
vt 0.863941014 0.456586957
vt 0.849484026 0.491533041
vt 0.863941014 0.456586957
vt 0.889348984 0.487635970
vt 0.849484026 0.491533041
vt 0.889348984 0.487635970
vt 0.863941014 0.456586957
vt 0.885541022 0.453016043
vt 0.885541022 0.453016043
vt 0.906225026 0.484459043
vt 0.889348984 0.487635970
vt 0.906225026 0.484459043
vt 0.885541022 0.453016043
vt 0.906608999 0.451595008
vt 0.906225026 0.484459043
vt 0.949084997 0.455731988
vt 0.963095009 0.491746008
vt 0.949084997 0.455731988
vt 0.906225026 0.484459043
vt 0.906608999 0.451595008
vt 0.752331018 0.240095973
vt 0.726108015 0.194010973
vt 0.758665025 0.187623978
vt 0.726108015 0.194010973
vt 0.752331018 0.240095973
vt 0.725718975 0.226604998
vt 0.758665025 0.187623978
vt 0.792037010 0.252308965
vt 0.752331018 0.240095973
vt 0.792037010 0.252308965
vt 0.758665025 0.187623978
vt 0.790367007 0.188973010
vt 0.911664009 0.519618988
vt 0.945515990 0.578119993
vt 0.913837016 0.561038971
vt 0.945515990 0.578119993
vt 0.911664009 0.519618988
vt 0.948725998 0.517603993
vt 0.948725998 0.517603993
vt 0.947019994 0.590393007
vt 0.945515990 0.578119993
vt 0.947019994 0.590393007
vt 0.948725998 0.517603993
vt 0.956781030 0.521565974
vt 0.862737000 0.582302988
vt 0.894511998 0.525538981
vt 0.896704018 0.570371985
vt 0.894511998 0.525538981
vt 0.862737000 0.582302988
vt 0.855082989 0.524864018
vt 0.896704018 0.570371985
vt 0.911664009 0.519618988
vt 0.913837016 0.561038971
vt 0.911664009 0.519618988
vt 0.896704018 0.570371985
vt 0.894511998 0.525538981
vt 0.849484026 0.491533041
vt 0.809557021 0.530247986
vt 0.827436984 0.477723002
vt 0.809557021 0.530247986
vt 0.849484026 0.491533041
vt 0.827428997 0.528226972
vt 0.980786026 0.511497021
vt 0.948725998 0.517603993
vt 0.963095009 0.491746008
vt 0.948725998 0.517603993
vt 0.980786026 0.511497021
vt 0.958566010 0.518580973
vt 0.948725998 0.517603993
vt 0.960182011 0.537021995
vt 0.956781030 0.521565974
vt 0.960182011 0.537021995
vt 0.948725998 0.517603993
vt 0.958566010 0.518580973
vt 0.847352982 0.524357975
vt 0.849484026 0.491533041
vt 0.855082989 0.524864018
vt 0.849484026 0.491533041
vt 0.847352982 0.524357975
vt 0.827428997 0.528226972
vt 0.827428997 0.528226972
vt 0.803723991 0.566487014
vt 0.809557021 0.530247986
vt 0.803723991 0.566487014
vt 0.827428997 0.528226972
vt 0.814042985 0.565304995
vt 0.980786026 0.511497021
vt 0.972593009 0.535726011
vt 0.958566010 0.518580973
vt 0.972593009 0.535726011
vt 0.980786026 0.511497021
vt 0.990878999 0.528138995
vt 0.958566010 0.518580973
vt 0.974825978 0.551985025
vt 0.960182011 0.537021995
vt 0.974825978 0.551985025
vt 0.958566010 0.518580973
vt 0.972593009 0.535726011
vt 0.847352982 0.524357975
vt 0.814042985 0.565304995
vt 0.827428997 0.528226972
vt 0.814042985 0.565304995
vt 0.847352982 0.524357975
vt 0.836148977 0.564929008
vt 0.700509012 0.125324011
vt 0.666845024 0.162234008
vt 0.664617002 0.143037021
vt 0.666845024 0.162234008
vt 0.700509012 0.125324011
vt 0.704505980 0.137108982
vt 0.645563006 0.016730011
vt 0.622542977 0.051984012
vt 0.638709009 0.006841004
vt 0.622542977 0.051984012
vt 0.645563006 0.016730011
vt 0.633219004 0.054341018
vt 0.654720008 0.032428980
vt 0.688863993 0.017224014
vt 0.682134986 0.032922029
vt 0.688863993 0.017224014
vt 0.654720008 0.032428980
vt 0.645563006 0.016730011
vt 0.717269003 0.049130976
vt 0.688863993 0.017224014
vt 0.696709991 0.007089972
vt 0.688863993 0.017224014
vt 0.717269003 0.049130976
vt 0.703477979 0.051429987
vt 0.664988995 0.072890997
vt 0.700509012 0.125324011
vt 0.664617002 0.143037021
vt 0.700509012 0.125324011
vt 0.664988995 0.072890997
vt 0.684459984 0.053728998
vt 0.622542977 0.051984012
vt 0.631882012 0.137354970
vt 0.621232986 0.152845979
vt 0.631882012 0.137354970
vt 0.622542977 0.051984012
vt 0.633219004 0.054341018
vt 0.627485991 0.213065982
vt 0.668534994 0.274127007
vt 0.659991026 0.210754037
vt 0.668534994 0.274127007
vt 0.627485991 0.213065982
vt 0.617308021 0.294521987
vt 0.717269003 0.049130976
vt 0.700509012 0.125324011
vt 0.703477979 0.051429987
vt 0.700509012 0.125324011
vt 0.717269003 0.049130976
vt 0.704505980 0.137108982
vt 0.538973987 0.574681997
vt 0.571017981 0.613689005
vt 0.524038017 0.615773022
vt 0.576694012 0.571959019
vt 0.571017981 0.613689005
vt 0.538973987 0.574681997
vt 0.571017981 0.613689005
vt 0.582275987 0.710684001
vt 0.537025988 0.709985018
vt 0.582275987 0.710684001
vt 0.551537991 0.772795022
vt 0.537025988 0.709985018
vt 0.551537991 0.772795022
vt 0.582275987 0.710684001
vt 0.594380975 0.772230983
vt 0.594380975 0.772230983
vt 0.567259014 0.843859017
vt 0.551537991 0.772795022
vt 0.567259014 0.843859017
vt 0.594380975 0.772230983
vt 0.605289996 0.831888020
vt 0.567259014 0.843859017
vt 0.619111001 0.899585009
vt 0.584356010 0.906571984
vt 0.619111001 0.899585009
vt 0.567259014 0.843859017
vt 0.605289996 0.831888020
vt 0.584356010 0.906571984
vt 0.637030005 0.980409026
vt 0.614733994 0.980624020
vt 0.637030005 0.980409026
vt 0.584356010 0.906571984
vt 0.619111001 0.899585009
vt 0.652844012 0.056697011
vt 0.664617002 0.143037021
vt 0.631882012 0.137354970
vt 0.664617002 0.143037021
vt 0.652844012 0.056697011
vt 0.664988995 0.072890997
vt 0.664617002 0.143037021
vt 0.621232986 0.152845979
vt 0.631882012 0.137354970
vt 0.621232986 0.152845979
vt 0.664617002 0.143037021
vt 0.666845024 0.162234008
vt 0.631882012 0.137354970
vt 0.633219004 0.054341018
vt 0.652844012 0.056697011
vt 0.652844012 0.056697011
vt 0.645563006 0.016730011
vt 0.654720008 0.032428980
vt 0.645563006 0.016730011
vt 0.652844012 0.056697011
vt 0.633219004 0.054341018
vt 0.688863993 0.017224014
vt 0.638709009 0.006841004
vt 0.696709991 0.007089972
vt 0.638709009 0.006841004
vt 0.688863993 0.017224014
vt 0.645563006 0.016730011
vt 0.682134986 0.032922029
vt 0.703477979 0.051429987
vt 0.684459984 0.053728998
vt 0.703477979 0.051429987
vt 0.682134986 0.032922029
vt 0.688863993 0.017224014
vt 0.703477979 0.051429987
vt 0.700509012 0.125324011
vt 0.684459984 0.053728998
vt 0.579219997 0.533981025
vt 0.617273986 0.557916999
vt 0.576694012 0.571959019
vt 0.617273986 0.557916999
vt 0.621698022 0.580618978
vt 0.576694012 0.571959019
vt 0.524038017 0.615773022
vt 0.500000000 0.638948023
vt 0.500000000 0.602496028
vt 0.562316000 0.205682993
vt 0.522961974 0.236338019
vt 0.545615971 0.210825980
vt 0.522961974 0.236338019
vt 0.562316000 0.205682993
vt 0.532091022 0.248248994
vt 0.725623012 0.153679967
vt 0.758665025 0.187623978
vt 0.726108015 0.194010973
vt 0.758665025 0.187623978
vt 0.725623012 0.153679967
vt 0.757957995 0.150404990
vt 0.537733018 0.033433974
vt 0.500000000 0.037517011
vt 0.519697011 0.023832977
vt 0.526030004 0.122592986
vt 0.512315989 0.122561991
vt 0.529613972 0.090340972
vt 0.562316000 0.205682993
vt 0.548268974 0.184270024
vt 0.562951028 0.184630036
vt 0.548268974 0.184270024
vt 0.562316000 0.205682993
vt 0.545615971 0.210825980
vt 0.572061002 0.201584995
vt 0.562951028 0.184630036
vt 0.590829015 0.158701003
vt 0.562951028 0.184630036
vt 0.572061002 0.201584995
vt 0.562316000 0.205682993
vt 0.565259993 0.140246034
vt 0.546765029 0.089712024
vt 0.572127998 0.085044980
vt 0.546765029 0.089712024
vt 0.565259993 0.140246034
vt 0.549417973 0.127691031
vt 0.565259993 0.140246034
vt 0.572127998 0.085044980
vt 0.590829015 0.158701003
vt 0.757957995 0.150404990
vt 0.722715020 0.111654997
vt 0.760532022 0.105126023
vt 0.722715020 0.111654997
vt 0.757957995 0.150404990
vt 0.725623012 0.153679967
vt 0.792172015 0.104547977
vt 0.757852018 0.056806982
vt 0.792194009 0.057250977
vt 0.757852018 0.056806982
vt 0.792172015 0.104547977
vt 0.760532022 0.105126023
vt 0.572061002 0.201584995
vt 0.532091022 0.248248994
vt 0.562316000 0.205682993
vt 0.546765029 0.089712024
vt 0.526030004 0.122592986
vt 0.529613972 0.090340972
vt 0.550921023 0.157712996
vt 0.533182025 0.182667017
vt 0.529642999 0.157741010
vt 0.545615971 0.210825980
vt 0.522961974 0.236338019
vt 0.519909978 0.217513978
vt 0.519909978 0.217513978
vt 0.500000000 0.238044977
vt 0.500000000 0.219855011
vt 0.500000000 0.238044977
vt 0.519909978 0.217513978
vt 0.522961974 0.236338019
vt 0.523229003 0.064009011
vt 0.546765029 0.089712024
vt 0.529613972 0.090340972
vt 0.555768013 0.043035030
vt 0.609094977 0.102577984
vt 0.572127998 0.085044980
vt 0.609094977 0.102577984
vt 0.555768013 0.043035030
vt 0.572103024 0.039586008
vt 0.792194009 0.057250977
vt 0.763413012 0.025640011
vt 0.792180002 0.027225018
vt 0.546765029 0.089712024
vt 0.555768013 0.043035030
vt 0.572127998 0.085044980
vt 0.790367007 0.188973010
vt 0.757957995 0.150404990
vt 0.792127013 0.138513982
vt 0.757957995 0.150404990
vt 0.790367007 0.188973010
vt 0.758665025 0.187623978
vt 0.792127013 0.138513982
vt 0.760532022 0.105126023
vt 0.792172015 0.104547977
vt 0.760532022 0.105126023
vt 0.792127013 0.138513982
vt 0.757957995 0.150404990
vt 0.757852018 0.056806982
vt 0.760532022 0.105126023
vt 0.730504990 0.052276969
vt 0.738515019 0.024055004
vt 0.757852018 0.056806982
vt 0.730504990 0.052276969
vt 0.603246987 0.024298012
vt 0.622412026 0.024070978
vt 0.602396011 0.060792983
vt 0.622412026 0.024070978
vt 0.603246987 0.024298012
vt 0.611253023 0.002442002
vt 0.562951028 0.184630036
vt 0.578305006 0.159103990
vt 0.590829015 0.158701003
vt 0.578305006 0.159103990
vt 0.562951028 0.184630036
vt 0.567039013 0.175696015
vt 0.590829015 0.158701003
vt 0.573078990 0.153051019
vt 0.565259993 0.140246034
vt 0.573078990 0.153051019
vt 0.590829015 0.158701003
vt 0.578305006 0.159103990
vt 0.592545986 0.003422022
vt 0.603246987 0.024298012
vt 0.578734994 0.028079987
vt 0.603246987 0.024298012
vt 0.592545986 0.003422022
vt 0.611253023 0.002442002
vt 0.578734994 0.028079987
vt 0.602396011 0.060792983
vt 0.593653023 0.061379015
vt 0.602396011 0.060792983
vt 0.578734994 0.028079987
vt 0.603246987 0.024298012
vt 0.527319014 0.135592997
vt 0.550921023 0.157712996
vt 0.529642999 0.157741010
vt 0.550921023 0.157712996
vt 0.527319014 0.135592997
vt 0.549417973 0.127691031
vt 0.550921023 0.157712996
vt 0.565259993 0.140246034
vt 0.563502014 0.161336005
vt 0.565259993 0.140246034
vt 0.550921023 0.157712996
vt 0.549417973 0.127691031
vt 0.532091022 0.248248994
vt 0.581167996 0.257534027
vt 0.529668987 0.295027971
vt 0.581167996 0.257534027
vt 0.532091022 0.248248994
vt 0.583747983 0.233466983
vt 0.725718975 0.226604998
vt 0.695101976 0.256255984
vt 0.681759000 0.232972026
vt 0.583747983 0.233466983
vt 0.572061002 0.201584995
vt 0.598864019 0.200098991
vt 0.572061002 0.201584995
vt 0.583747983 0.233466983
vt 0.532091022 0.248248994
vt 0.572061002 0.201584995
vt 0.590829015 0.158701003
vt 0.598864019 0.200098991
vt 0.500000000 0.297576010
vt 0.536068976 0.310338974
vt 0.500000000 0.316850007
vt 0.536068976 0.310338974
vt 0.500000000 0.297576010
vt 0.529668987 0.295027971
vt 0.538973987 0.574681997
vt 0.500000000 0.531428993
vt 0.542595029 0.531789005
vt 0.500000000 0.531428993
vt 0.538973987 0.574681997
vt 0.500000000 0.577818990
vt 0.792030990 0.544524014
vt 0.743906021 0.578772008
vt 0.740584016 0.545212984
vt 0.743906021 0.578772008
vt 0.792030990 0.544524014
vt 0.792667985 0.574760020
vt 0.743906021 0.578772008
vt 0.792647004 0.590300024
vt 0.741110027 0.611717999
vt 0.792647004 0.590300024
vt 0.743906021 0.578772008
vt 0.792667985 0.574760020
vt 0.792647004 0.590300024
vt 0.737744987 0.630078018
vt 0.741110027 0.611717999
vt 0.737744987 0.630078018
vt 0.792647004 0.590300024
vt 0.784551978 0.602587998
vt 0.500000000 0.268146038
vt 0.529668987 0.295027971
vt 0.500000000 0.297576010
vt 0.529668987 0.295027971
vt 0.500000000 0.268146038
vt 0.532091022 0.248248994
vt 0.784551978 0.602587998
vt 0.783649027 0.610276997
vt 0.737744987 0.630078018
vt 0.737744987 0.630078018
vt 0.783649027 0.610276997
vt 0.782419980 0.616153002
vt 0.560427010 0.030529976
vt 0.519697011 0.023832977
vt 0.548750997 0.021474004
vt 0.519697011 0.023832977
vt 0.560427010 0.030529976
vt 0.537733018 0.033433974
vt 0.519041002 0.182017982
vt 0.507188022 0.161729991
vt 0.529642999 0.157741010
vt 0.507188022 0.161729991
vt 0.519041002 0.182017982
vt 0.512548029 0.168717980
vt 0.522961974 0.236338019
vt 0.500000000 0.268146038
vt 0.500000000 0.238044977
vt 0.500000000 0.268146038
vt 0.522961974 0.236338019
vt 0.532091022 0.248248994
vt 0.500000000 0.066680014
vt 0.500000000 0.037517011
vt 0.523229003 0.064009011
vt 0.500000000 0.066680014
vt 0.529613972 0.090340972
vt 0.500000000 0.090003014
vt 0.529613972 0.090340972
vt 0.500000000 0.066680014
vt 0.523229003 0.064009011
vt 0.529642999 0.157741010
vt 0.507748008 0.137097001
vt 0.527319014 0.135592997
vt 0.507748008 0.137097001
vt 0.529642999 0.157741010
vt 0.507188022 0.161729991
vt 0.954276025 0.147803009
vt 0.925984979 0.112119019
vt 0.953871012 0.104737997
vt 0.843231022 0.111030996
vt 0.866550028 0.170342982
vt 0.841543972 0.177954018
vt 0.551734984 0.483642995
vt 0.579219997 0.533981025
vt 0.542595029 0.531789005
vt 0.579219997 0.533981025
vt 0.551734984 0.483642995
vt 0.585056007 0.484302044
vt 0.585056007 0.484302044
vt 0.651573002 0.534998000
vt 0.579219997 0.533981025
vt 0.651573002 0.534998000
vt 0.585056007 0.484302044
vt 0.652464986 0.490355968
vt 0.651573002 0.534998000
vt 0.736606002 0.492236972
vt 0.737609982 0.533146977
vt 0.736606002 0.492236972
vt 0.651573002 0.534998000
vt 0.652464986 0.490355968
vt 0.737609982 0.533146977
vt 0.792720020 0.493587971
vt 0.792007029 0.531039000
vt 0.792720020 0.493587971
vt 0.737609982 0.533146977
vt 0.736606002 0.492236972
vt 0.581167996 0.257534027
vt 0.585162997 0.277191043
vt 0.529668987 0.295027971
vt 0.529668987 0.295027971
vt 0.585162997 0.277191043
vt 0.603976011 0.300641000
vt 0.867962003 0.024353027
vt 0.886667013 0.065150976
vt 0.865660012 0.066430986
vt 0.886667013 0.065150976
vt 0.867962003 0.024353027
vt 0.884509981 0.024361014
vt 0.865660012 0.066430986
vt 0.885675013 0.117033005
vt 0.860759974 0.111948013
vt 0.885675013 0.117033005
vt 0.865660012 0.066430986
vt 0.886667013 0.065150976
vt 0.885675013 0.117033005
vt 0.866550028 0.170342982
vt 0.860759974 0.111948013
vt 0.891726971 0.161409974
vt 0.885675013 0.117033005
vt 0.899125993 0.115993977
vt 0.571017981 0.613689005
vt 0.537025988 0.709985018
vt 0.524038017 0.615773022
vt 0.526030004 0.122592986
vt 0.549417973 0.127691031
vt 0.527319014 0.135592997
vt 0.507748008 0.137097001
vt 0.526030004 0.122592986
vt 0.527319014 0.135592997
vt 0.526030004 0.122592986
vt 0.507748008 0.137097001
vt 0.512315989 0.122561991
vt 0.526030004 0.122592986
vt 0.546765029 0.089712024
vt 0.549417973 0.127691031
vt 0.668534994 0.274127007
vt 0.617308021 0.294521987
vt 0.642605007 0.302402020
vt 0.519909978 0.217513978
vt 0.507930994 0.190608978
vt 0.519033015 0.188458979
vt 0.533182025 0.182667017
vt 0.550921023 0.157712996
vt 0.548268974 0.184270024
vt 0.519909978 0.217513978
vt 0.533182025 0.182667017
vt 0.545615971 0.210825980
vt 0.519033015 0.188458979
vt 0.507910013 0.186345994
vt 0.519041002 0.182017982
vt 0.507910013 0.186345994
vt 0.519033015 0.188458979
vt 0.507930994 0.190608978
vt 0.507188022 0.161729991
vt 0.500000000 0.168871999
vt 0.500000000 0.160709977
vt 0.507910013 0.186345994
vt 0.508017004 0.181959987
vt 0.519041002 0.182017982
vt 0.500000000 0.186758995
vt 0.507930994 0.190608978
vt 0.500000000 0.190831006
vt 0.507930994 0.190608978
vt 0.500000000 0.186758995
vt 0.507910013 0.186345994
vt 0.533182025 0.182667017
vt 0.519033015 0.188458979
vt 0.519041002 0.182017982
vt 0.519033015 0.188458979
vt 0.533182025 0.182667017
vt 0.519909978 0.217513978
vt 0.533182025 0.182667017
vt 0.548268974 0.184270024
vt 0.545615971 0.210825980
vt 0.562951028 0.184630036
vt 0.550921023 0.157712996
vt 0.563502014 0.161336005
vt 0.550921023 0.157712996
vt 0.562951028 0.184630036
vt 0.548268974 0.184270024
vt 0.529642999 0.157741010
vt 0.533182025 0.182667017
vt 0.519041002 0.182017982
vt 0.500000000 0.090003014
vt 0.512315989 0.122561991
vt 0.500000000 0.122532010
vt 0.512315989 0.122561991
vt 0.500000000 0.090003014
vt 0.529613972 0.090340972
vt 0.512315989 0.122561991
vt 0.500000000 0.137086034
vt 0.500000000 0.122532010
vt 0.500000000 0.137086034
vt 0.512315989 0.122561991
vt 0.507748008 0.137097001
vt 0.500000000 0.137086034
vt 0.507188022 0.161729991
vt 0.500000000 0.160709977
vt 0.507188022 0.161729991
vt 0.500000000 0.137086034
vt 0.507748008 0.137097001
vt 0.512548029 0.168717980
vt 0.519041002 0.182017982
vt 0.508017004 0.181959987
vt 0.652464986 0.490355968
vt 0.648630023 0.437633991
vt 0.670074999 0.445484996
vt 0.701421022 0.329308033
vt 0.674300015 0.332125008
vt 0.692811012 0.310135007
vt 0.648630023 0.437633991
vt 0.696238995 0.383486986
vt 0.670074999 0.445484996
vt 0.696238995 0.383486986
vt 0.648630023 0.437633991
vt 0.660687029 0.378998041
vt 0.670074999 0.445484996
vt 0.736606002 0.492236972
vt 0.652464986 0.490355968
vt 0.507930994 0.190608978
vt 0.500000000 0.219855011
vt 0.500000000 0.190831006
vt 0.792037010 0.252308965
vt 0.741757989 0.289667010
vt 0.752331018 0.240095973
vt 0.508017004 0.181959987
vt 0.500000000 0.186758995
vt 0.500000000 0.183108985
vt 0.500000000 0.186758995
vt 0.508017004 0.181959987
vt 0.507910013 0.186345994
vt 0.500000000 0.168871999
vt 0.508017004 0.181959987
vt 0.500000000 0.183108985
vt 0.508017004 0.181959987
vt 0.500000000 0.168871999
vt 0.512548029 0.168717980
vt 0.733702004 0.387537003
vt 0.792513013 0.341719031
vt 0.792944014 0.388496041
vt 0.792513013 0.341719031
vt 0.733702004 0.387537003
vt 0.732649028 0.332749009
vt 0.732649028 0.332749009
vt 0.696238995 0.383486986
vt 0.701421022 0.329308033
vt 0.696238995 0.383486986
vt 0.732649028 0.332749009
vt 0.733702004 0.387537003
vt 0.696238995 0.383486986
vt 0.674300015 0.332125008
vt 0.701421022 0.329308033
vt 0.674300015 0.332125008
vt 0.696238995 0.383486986
vt 0.660687029 0.378998041
vt 0.674300015 0.332125008
vt 0.647809029 0.384287000
vt 0.641807020 0.349591017
vt 0.647809029 0.384287000
vt 0.674300015 0.332125008
vt 0.660687029 0.378998041
vt 0.641807020 0.349591017
vt 0.621985018 0.395148993
vt 0.625855029 0.350170016
vt 0.621985018 0.395148993
vt 0.641807020 0.349591017
vt 0.647809029 0.384287000
vt 0.608641028 0.390578985
vt 0.625855029 0.350170016
vt 0.621985018 0.395148993
vt 0.625855029 0.350170016
vt 0.608641028 0.390578985
vt 0.606712997 0.341150999
vt 0.557678998 0.388221025
vt 0.500000000 0.421841025
vt 0.500000000 0.388388038
vt 0.500000000 0.421841025
vt 0.557678998 0.388221025
vt 0.557969987 0.421974003
vt 0.557969987 0.421974003
vt 0.608641028 0.390578985
vt 0.602129996 0.430189013
vt 0.608641028 0.390578985
vt 0.557969987 0.421974003
vt 0.557678998 0.388221025
vt 0.542762995 0.342918038
vt 0.607192993 0.314764977
vt 0.606712997 0.341150999
vt 0.607192993 0.314764977
vt 0.542762995 0.342918038
vt 0.536068976 0.310338974
vt 0.847256005 0.024641991
vt 0.854628980 0.084885001
vt 0.843231022 0.111030996
vt 0.854628980 0.084885001
vt 0.847256005 0.024641991
vt 0.856742978 0.024578989
vt 0.854628980 0.084885001
vt 0.860759974 0.111948013
vt 0.843231022 0.111030996
vt 0.912585020 0.119895995
vt 0.924805999 0.080877006
vt 0.925984979 0.112119019
vt 0.924805999 0.080877006
vt 0.912585020 0.119895995
vt 0.910251021 0.082895994
vt 0.536068976 0.310338974
vt 0.500000000 0.343245029
vt 0.500000000 0.316850007
vt 0.500000000 0.343245029
vt 0.536068976 0.310338974
vt 0.542762995 0.342918038
vt 0.608303010 0.159126997
vt 0.572127998 0.085044980
vt 0.609094977 0.102577984
vt 0.598864019 0.200098991
vt 0.590829015 0.158701003
vt 0.608303010 0.159126997
vt 0.572127998 0.085044980
vt 0.608303010 0.159126997
vt 0.590829015 0.158701003
vt 0.730504990 0.052276969
vt 0.760532022 0.105126023
vt 0.722715020 0.111654997
vt 0.523229003 0.064009011
vt 0.537733018 0.033433974
vt 0.555768013 0.043035030
vt 0.537733018 0.033433974
vt 0.572103024 0.039586008
vt 0.555768013 0.043035030
vt 0.572103024 0.039586008
vt 0.537733018 0.033433974
vt 0.560427010 0.030529976
vt 0.763413012 0.025640011
vt 0.757852018 0.056806982
vt 0.738515019 0.024055004
vt 0.555768013 0.043035030
vt 0.546765029 0.089712024
vt 0.523229003 0.064009011
vt 0.792720973 0.437319040
vt 0.736606002 0.492236972
vt 0.737048984 0.443035960
vt 0.736606002 0.492236972
vt 0.792720973 0.437319040
vt 0.792720020 0.493587971
vt 0.792037010 0.252308965
vt 0.792044997 0.285057008
vt 0.741757989 0.289667010
vt 0.542595029 0.531789005
vt 0.499976993 0.485785961
vt 0.551734984 0.483642995
vt 0.499976993 0.485785961
vt 0.542595029 0.531789005
vt 0.500000000 0.531428993
vt 0.507930994 0.190608978
vt 0.519909978 0.217513978
vt 0.500000000 0.219855011
vt 0.500000000 0.168871999
vt 0.507188022 0.161729991
vt 0.512548029 0.168717980
vt 0.537733018 0.033433974
vt 0.523229003 0.064009011
vt 0.500000000 0.037517011
vt 0.763413012 0.025640011
vt 0.792194009 0.057250977
vt 0.757852018 0.056806982
vt 0.198927000 0.849821985
vt 0.160914004 0.913613975
vt 0.147477999 0.849821985
vt 0.160914004 0.913613975
vt 0.198927000 0.849821985
vt 0.204245999 0.913613975
vt 0.193029001 0.793536007
vt 0.147477999 0.849821985
vt 0.148796007 0.793536007
vt 0.147477999 0.849821985
vt 0.193029001 0.793536007
vt 0.198927000 0.849821985
vt 0.185433000 0.736311972
vt 0.148796007 0.793536007
vt 0.132120997 0.736311972
vt 0.148796007 0.793536007
vt 0.185433000 0.736311972
vt 0.193029001 0.793536007
vt 0.170993999 0.676407993
vt 0.132120997 0.736311972
vt 0.124278001 0.685754001
vt 0.132120997 0.736311972
vt 0.170993999 0.676407993
vt 0.185433000 0.736311972
vt 0.124278001 0.685754001
vt 0.153174996 0.639822006
vt 0.170993999 0.676407993
vt 0.164989993 0.988445997
vt 0.204245999 0.913613975
vt 0.212116003 0.989525020
vt 0.204245999 0.913613975
vt 0.164989993 0.988445997
vt 0.160914004 0.913613975
vt 0.846893013 0.896000028
vt 0.895636022 0.980961025
vt 0.848824978 0.980961025
vt 0.895636022 0.980961025
vt 0.846893013 0.896000028
vt 0.895636022 0.896000028
vt 0.895636022 0.825999975
vt 0.846893013 0.896000028
vt 0.850614011 0.825999975
vt 0.846893013 0.896000028
vt 0.895636022 0.825999975
vt 0.895636022 0.896000028
vt 0.895636022 0.772000015
vt 0.850614011 0.825999975
vt 0.850766003 0.772000015
vt 0.850614011 0.825999975
vt 0.895636022 0.772000015
vt 0.895636022 0.825999975
vt 0.856828988 0.698459983
vt 0.895636022 0.772000015
vt 0.850766003 0.772000015
vt 0.895636022 0.772000015
vt 0.856828988 0.698459983
vt 0.895636022 0.696080983
vt 0.856828988 0.698459983
vt 0.895636022 0.662880003
vt 0.895636022 0.696080983
vt 0.935782015 0.047048986
vt 0.924805999 0.080877006
vt 0.922097981 0.058954000
vt 0.396023989 0.300641000
vt 0.463930994 0.310338974
vt 0.392807007 0.314764977
vt 0.463930994 0.310338974
vt 0.396023989 0.300641000
vt 0.470331013 0.295027971
vt 0.393287003 0.341150999
vt 0.442321002 0.388221025
vt 0.391359001 0.390578985
vt 0.442321002 0.388221025
vt 0.393287003 0.341150999
vt 0.457237005 0.342918038
vt 0.247668996 0.240095973
vt 0.309359998 0.291936994
vt 0.258242011 0.289667010
vt 0.309359998 0.291936994
vt 0.247668996 0.240095973
vt 0.304897994 0.256255984
vt 0.345638990 0.548597991
vt 0.262389988 0.533146977
vt 0.348426998 0.534998000
vt 0.262389988 0.533146977
vt 0.345638990 0.548597991
vt 0.259416014 0.545212984
vt 0.420780003 0.533981025
vt 0.345638990 0.548597991
vt 0.348426998 0.534998000
vt 0.345638990 0.548597991
vt 0.420780003 0.533981025
vt 0.382726014 0.557916999
vt 0.457405001 0.531789005
vt 0.423305988 0.571959019
vt 0.420780003 0.533981025
vt 0.423305988 0.571959019
vt 0.457405001 0.531789005
vt 0.461026013 0.574681997
vt 0.457237005 0.342918038
vt 0.500000000 0.388388038
vt 0.442321002 0.388221025
vt 0.500000000 0.388388038
vt 0.457237005 0.342918038
vt 0.500000000 0.343245029
vt 0.259416014 0.545212984
vt 0.207993001 0.531039000
vt 0.262389988 0.533146977
vt 0.207993001 0.531039000
vt 0.259416014 0.545212984
vt 0.207968995 0.544524014
vt 0.262950987 0.443035960
vt 0.207056001 0.388496041
vt 0.266297996 0.387537003
vt 0.207056001 0.388496041
vt 0.262950987 0.443035960
vt 0.207278997 0.437319040
vt 0.428981990 0.613689005
vt 0.380571008 0.710861981
vt 0.383944988 0.614360988
vt 0.380571008 0.710861981
vt 0.428981990 0.613689005
vt 0.417724013 0.710684001
vt 0.380571008 0.710861981
vt 0.405618995 0.772230983
vt 0.366997987 0.775141001
vt 0.405618995 0.772230983
vt 0.380571008 0.710861981
vt 0.417724013 0.710684001
vt 0.217580006 0.616153002
vt 0.271014988 0.700932980
vt 0.224871993 0.709927976
vt 0.271014988 0.700932980
vt 0.217580006 0.616153002
vt 0.262255013 0.630078018
vt 0.224871993 0.709927976
vt 0.278274000 0.771574020
vt 0.230505005 0.770716012
vt 0.278274000 0.771574020
vt 0.224871993 0.709927976
vt 0.271014988 0.700932980
vt 0.262255013 0.630078018
vt 0.323657990 0.704289973
vt 0.271014988 0.700932980
vt 0.323657990 0.704289973
vt 0.262255013 0.630078018
vt 0.320145994 0.629830003
vt 0.271014988 0.700932980
vt 0.323269993 0.770331025
vt 0.278274000 0.771574020
vt 0.323269993 0.770331025
vt 0.271014988 0.700932980
vt 0.323657990 0.704289973
vt 0.320145994 0.629830003
vt 0.380571008 0.710861981
vt 0.323657990 0.704289973
vt 0.380571008 0.710861981
vt 0.320145994 0.629830003
vt 0.383944988 0.614360988
vt 0.323657990 0.704289973
vt 0.366997987 0.775141001
vt 0.323269993 0.770331025
vt 0.366997987 0.775141001
vt 0.323657990 0.704289973
vt 0.380571008 0.710861981
vt 0.340009004 0.210754037
vt 0.368656009 0.176485002
vt 0.343418986 0.176687002
vt 0.368656009 0.176485002
vt 0.340009004 0.210754037
vt 0.372514009 0.213065982
vt 0.394710004 0.831888020
vt 0.341746986 0.895501018
vt 0.354328007 0.828966975
vt 0.341746986 0.895501018
vt 0.394710004 0.831888020
vt 0.380888999 0.899585009
vt 0.380888999 0.899585009
vt 0.333988994 0.980310023
vt 0.341746986 0.895501018
vt 0.333988994 0.980310023
vt 0.380888999 0.899585009
vt 0.362969995 0.980409026
vt 0.240355000 0.827989995
vt 0.278373003 0.896407008
vt 0.249234006 0.897616982
vt 0.278373003 0.896407008
vt 0.240355000 0.827989995
vt 0.275950015 0.825830996
vt 0.249234006 0.897616982
vt 0.291673988 0.980181992
vt 0.261806011 0.980190992
vt 0.291673988 0.980181992
vt 0.249234006 0.897616982
vt 0.278373003 0.896407008
vt 0.275950015 0.825830996
vt 0.319858015 0.887456000
vt 0.278373003 0.896407008
vt 0.319858015 0.887456000
vt 0.275950015 0.825830996
vt 0.323397994 0.820834994
vt 0.278373003 0.896407008
vt 0.313232988 0.980015993
vt 0.291673988 0.980181992
vt 0.313232988 0.980015993
vt 0.278373003 0.896407008
vt 0.319858015 0.887456000
vt 0.323397994 0.820834994
vt 0.341746986 0.895501018
vt 0.319858015 0.887456000
vt 0.341746986 0.895501018
vt 0.323397994 0.820834994
vt 0.354328007 0.828966975
vt 0.319858015 0.887456000
vt 0.333988994 0.980310023
vt 0.313232988 0.980015993
vt 0.333988994 0.980310023
vt 0.319858015 0.887456000
vt 0.341746986 0.895501018
vt 0.383944988 0.614360988
vt 0.423305988 0.571959019
vt 0.428981990 0.613689005
vt 0.423305988 0.571959019
vt 0.383944988 0.614360988
vt 0.378302008 0.580618978
vt 0.500000000 0.602496028
vt 0.461026013 0.574681997
vt 0.500000000 0.577818990
vt 0.461026013 0.574681997
vt 0.500000000 0.602496028
vt 0.475962013 0.615773022
vt 0.259416014 0.545212984
vt 0.321621001 0.585349977
vt 0.256094009 0.578772008
vt 0.321621001 0.585349977
vt 0.259416014 0.545212984
vt 0.345638990 0.548597991
vt 0.256094009 0.578772008
vt 0.318477005 0.613546014
vt 0.258890003 0.611717999
vt 0.318477005 0.613546014
vt 0.256094009 0.578772008
vt 0.321621001 0.585349977
vt 0.258890003 0.611717999
vt 0.320145994 0.629830003
vt 0.262255013 0.630078018
vt 0.320145994 0.629830003
vt 0.258890003 0.611717999
vt 0.318477005 0.613546014
vt 0.394710004 0.831888020
vt 0.366997987 0.775141001
vt 0.405618995 0.772230983
vt 0.366997987 0.775141001
vt 0.394710004 0.831888020
vt 0.354328007 0.828966975
vt 0.354328007 0.828966975
vt 0.323269993 0.770331025
vt 0.366997987 0.775141001
vt 0.323269993 0.770331025
vt 0.354328007 0.828966975
vt 0.323397994 0.820834994
vt 0.323269993 0.770331025
vt 0.275950015 0.825830996
vt 0.278274000 0.771574020
vt 0.275950015 0.825830996
vt 0.323269993 0.770331025
vt 0.323397994 0.820834994
vt 0.278274000 0.771574020
vt 0.240355000 0.827989995
vt 0.230505005 0.770716012
vt 0.240355000 0.827989995
vt 0.278274000 0.771574020
vt 0.275950015 0.825830996
vt 0.345638990 0.548597991
vt 0.378302008 0.580618978
vt 0.321621001 0.585349977
vt 0.378302008 0.580618978
vt 0.345638990 0.548597991
vt 0.382726014 0.557916999
vt 0.321621001 0.585349977
vt 0.383944988 0.614360988
vt 0.318477005 0.613546014
vt 0.383944988 0.614360988
vt 0.321621001 0.585349977
vt 0.378302008 0.580618978
vt 0.318477005 0.613546014
vt 0.383944988 0.614360988
vt 0.320145994 0.629830003
vt 0.263393998 0.492236972
vt 0.262950987 0.443035960
vt 0.329925001 0.445484996
vt 0.351370007 0.437633991
vt 0.414943993 0.484302044
vt 0.347535014 0.490355968
vt 0.414943993 0.484302044
vt 0.351370007 0.437633991
vt 0.397870004 0.430189013
vt 0.414943993 0.484302044
vt 0.442030013 0.421974003
vt 0.448264986 0.483642995
vt 0.442030013 0.421974003
vt 0.414943993 0.484302044
vt 0.397870004 0.430189013
vt 0.500000000 0.421841025
vt 0.448264986 0.483642995
vt 0.442030013 0.421974003
vt 0.448264986 0.483642995
vt 0.500000000 0.421841025
vt 0.499976993 0.485785961
vt 0.139239997 0.111948013
vt 0.156769007 0.111030996
vt 0.133450001 0.170342982
vt 0.133450001 0.170342982
vt 0.157583997 0.253648996
vt 0.135086998 0.245065987
vt 0.157583997 0.253648996
vt 0.133450001 0.170342982
vt 0.158455998 0.177954018
vt 0.074014999 0.112119019
vt 0.072897002 0.159317017
vt 0.045724001 0.147803009
vt 0.045724001 0.147803009
vt 0.073614001 0.225605965
vt 0.051135998 0.233502984
vt 0.073614001 0.225605965
vt 0.045724001 0.147803009
vt 0.072897002 0.159317017
vt 0.087415002 0.119895995
vt 0.072897002 0.159317017
vt 0.074014999 0.112119019
vt 0.087415002 0.119895995
vt 0.108273000 0.161409974
vt 0.072897002 0.159317017
vt 0.087415002 0.119895995
vt 0.100873999 0.115993977
vt 0.108273000 0.161409974
vt 0.072897002 0.159317017
vt 0.106902003 0.233857036
vt 0.073614001 0.225605965
vt 0.106902003 0.233857036
vt 0.072897002 0.159317017
vt 0.108273000 0.161409974
vt 0.114325002 0.117033005
vt 0.133450001 0.170342982
vt 0.108273000 0.161409974
vt 0.108273000 0.161409974
vt 0.135086998 0.245065987
vt 0.106902003 0.233857036
vt 0.135086998 0.245065987
vt 0.108273000 0.161409974
vt 0.133450001 0.170342982
vt 0.135178998 0.288259029
vt 0.152069002 0.394559979
vt 0.133360997 0.393311024
vt 0.152069002 0.394559979
vt 0.135178998 0.288259029
vt 0.155723006 0.292554021
vt 0.133360997 0.393311024
vt 0.151977003 0.457370996
vt 0.136059001 0.456586957
vt 0.151977003 0.457370996
vt 0.133360997 0.393311024
vt 0.152069002 0.394559979
vt 0.050037000 0.277244985
vt 0.086397998 0.368503988
vt 0.046162002 0.381232977
vt 0.086397998 0.368503988
vt 0.050037000 0.277244985
vt 0.076580003 0.273869991
vt 0.046162002 0.381232977
vt 0.093391001 0.451595008
vt 0.050914999 0.455731988
vt 0.093391001 0.451595008
vt 0.046162002 0.381232977
vt 0.086397998 0.368503988
vt 0.076580003 0.273869991
vt 0.109318003 0.381986022
vt 0.086397998 0.368503988
vt 0.109318003 0.381986022
vt 0.076580003 0.273869991
vt 0.106500000 0.278527021
vt 0.086397998 0.368503988
vt 0.114459001 0.453016043
vt 0.093391001 0.451595008
vt 0.114459001 0.453016043
vt 0.086397998 0.368503988
vt 0.109318003 0.381986022
vt 0.106500000 0.278527021
vt 0.133360997 0.393311024
vt 0.109318003 0.381986022
vt 0.133360997 0.393311024
vt 0.106500000 0.278527021
vt 0.135178998 0.288259029
vt 0.109318003 0.381986022
vt 0.136059001 0.456586957
vt 0.114459001 0.453016043
vt 0.136059001 0.456586957
vt 0.109318003 0.381986022
vt 0.133360997 0.393311024
vt 0.052979998 0.588018000
vt 0.086162999 0.555826008
vt 0.084660001 0.594199002
vt 0.086162999 0.555826008
vt 0.052979998 0.588018000
vt 0.054483999 0.578119993
vt 0.009121000 0.528138995
vt 0.025173999 0.551985025
vt 0.006634000 0.540642023
vt 0.025173999 0.551985025
vt 0.009121000 0.528138995
vt 0.027407000 0.535726011
vt 0.093774997 0.484459043
vt 0.051274002 0.517603993
vt 0.036905002 0.491746008
vt 0.051274002 0.517603993
vt 0.093774997 0.484459043
vt 0.088335998 0.520736992
vt 0.093774997 0.484459043
vt 0.105488002 0.525538981
vt 0.088335998 0.520736992
vt 0.105488002 0.525538981
vt 0.093774997 0.484459043
vt 0.110651001 0.487635970
vt 0.150516003 0.491533041
vt 0.105488002 0.525538981
vt 0.110651001 0.487635970
vt 0.105488002 0.525538981
vt 0.150516003 0.491533041
vt 0.144916996 0.524864018
vt 0.106902003 0.233857036
vt 0.135178998 0.288259029
vt 0.106500000 0.278527021
vt 0.135178998 0.288259029
vt 0.106902003 0.233857036
vt 0.135086998 0.245065987
vt 0.135086998 0.245065987
vt 0.155723006 0.292554021
vt 0.135178998 0.288259029
vt 0.155723006 0.292554021
vt 0.135086998 0.245065987
vt 0.157583997 0.253648996
vt 0.073614001 0.225605965
vt 0.050037000 0.277244985
vt 0.051135998 0.233502984
vt 0.050037000 0.277244985
vt 0.073614001 0.225605965
vt 0.076580003 0.273869991
vt 0.076580003 0.273869991
vt 0.106902003 0.233857036
vt 0.106500000 0.278527021
vt 0.106902003 0.233857036
vt 0.076580003 0.273869991
vt 0.073614001 0.225605965
vt 0.102466002 0.059441984
vt 0.114325002 0.117033005
vt 0.100873999 0.115993977
vt 0.114325002 0.117033005
vt 0.102466002 0.059441984
vt 0.113333002 0.065150976
vt 0.113333002 0.065150976
vt 0.100019000 0.024266005
vt 0.115489997 0.024361014
vt 0.100019000 0.024266005
vt 0.113333002 0.065150976
vt 0.102466002 0.059441984
vt 0.329925001 0.445484996
vt 0.266297996 0.387537003
vt 0.303761005 0.383486986
vt 0.266297996 0.387537003
vt 0.329925001 0.445484996
vt 0.262950987 0.443035960
vt 0.304897994 0.256255984
vt 0.247668996 0.240095973
vt 0.274280995 0.226604998
vt 0.134340003 0.066430986
vt 0.143257007 0.024578989
vt 0.145371005 0.084885001
vt 0.143257007 0.024578989
vt 0.134340003 0.066430986
vt 0.132037997 0.024353027
vt 0.139239997 0.111948013
vt 0.134340003 0.066430986
vt 0.145371005 0.084885001
vt 0.298579007 0.329308033
vt 0.309359998 0.291936994
vt 0.307188988 0.310135007
vt 0.298579007 0.329308033
vt 0.258242011 0.289667010
vt 0.309359998 0.291936994
vt 0.298579007 0.329308033
vt 0.267351002 0.332749009
vt 0.258242011 0.289667010
vt 0.207487002 0.341719031
vt 0.258242011 0.289667010
vt 0.267351002 0.332749009
vt 0.258242011 0.289667010
vt 0.207487002 0.341719031
vt 0.207955003 0.285057008
vt 0.102466002 0.059441984
vt 0.088737004 0.059193969
vt 0.100019000 0.024266005
vt 0.100873999 0.115993977
vt 0.088737004 0.059193969
vt 0.102466002 0.059441984
vt 0.100873999 0.115993977
vt 0.089749001 0.082895994
vt 0.088737004 0.059193969
vt 0.100873999 0.115993977
vt 0.087415002 0.119895995
vt 0.089749001 0.082895994
vt 0.064218000 0.047048986
vt 0.074014999 0.112119019
vt 0.046128999 0.104737997
vt 0.074014999 0.112119019
vt 0.064218000 0.047048986
vt 0.075194001 0.080877006
vt 0.397870004 0.430189013
vt 0.352191001 0.384287000
vt 0.378015012 0.395148993
vt 0.352191001 0.384287000
vt 0.397870004 0.430189013
vt 0.351370007 0.437633991
vt 0.049534000 0.024371982
vt 0.064218000 0.047048986
vt 0.046128999 0.104737997
vt 0.391359001 0.390578985
vt 0.397870004 0.430189013
vt 0.378015012 0.395148993
vt 0.352191001 0.384287000
vt 0.351370007 0.437633991
vt 0.339313000 0.378998041
vt 0.136059001 0.456586957
vt 0.172563002 0.477723002
vt 0.150516003 0.491533041
vt 0.172563002 0.477723002
vt 0.136059001 0.456586957
vt 0.151977003 0.457370996
vt 0.136059001 0.456586957
vt 0.110651001 0.487635970
vt 0.114459001 0.453016043
vt 0.110651001 0.487635970
vt 0.136059001 0.456586957
vt 0.150516003 0.491533041
vt 0.114459001 0.453016043
vt 0.093774997 0.484459043
vt 0.093391001 0.451595008
vt 0.093774997 0.484459043
vt 0.114459001 0.453016043
vt 0.110651001 0.487635970
vt 0.093774997 0.484459043
vt 0.050914999 0.455731988
vt 0.093391001 0.451595008
vt 0.050914999 0.455731988
vt 0.093774997 0.484459043
vt 0.036905002 0.491746008
vt 0.247668996 0.240095973
vt 0.273891985 0.194010973
vt 0.274280995 0.226604998
vt 0.273891985 0.194010973
vt 0.247668996 0.240095973
vt 0.241336003 0.187623978
vt 0.241336003 0.187623978
vt 0.207963005 0.252308965
vt 0.209632993 0.188973010
vt 0.207963005 0.252308965
vt 0.241336003 0.187623978
vt 0.247668996 0.240095973
vt 0.088335998 0.520736992
vt 0.054483999 0.578119993
vt 0.051274002 0.517603993
vt 0.054483999 0.578119993
vt 0.088335998 0.520736992
vt 0.086162999 0.555826008
vt 0.051274002 0.517603993
vt 0.052979998 0.588018000
vt 0.045844998 0.522935987
vt 0.052979998 0.588018000
vt 0.051274002 0.517603993
vt 0.054483999 0.578119993
vt 0.137263000 0.582302988
vt 0.105488002 0.525538981
vt 0.144916996 0.524864018
vt 0.105488002 0.525538981
vt 0.137263000 0.582302988
vt 0.103295997 0.563939989
vt 0.103295997 0.563939989
vt 0.088335998 0.520736992
vt 0.105488002 0.525538981
vt 0.088335998 0.520736992
vt 0.103295997 0.563939989
vt 0.086162999 0.555826008
vt 0.150516003 0.491533041
vt 0.190442994 0.530247986
vt 0.172571003 0.528226972
vt 0.190442994 0.530247986
vt 0.150516003 0.491533041
vt 0.172563002 0.477723002
vt 0.019214001 0.511497021
vt 0.051274002 0.517603993
vt 0.041434001 0.518580973
vt 0.051274002 0.517603993
vt 0.019214001 0.511497021
vt 0.036905002 0.491746008
vt 0.051274002 0.517603993
vt 0.039818000 0.537021995
vt 0.041434001 0.518580973
vt 0.039818000 0.537021995
vt 0.051274002 0.517603993
vt 0.045844998 0.522935987
vt 0.152648002 0.524357975
vt 0.150516003 0.491533041
vt 0.172571003 0.528226972
vt 0.150516003 0.491533041
vt 0.152648002 0.524357975
vt 0.144916996 0.524864018
vt 0.172571003 0.528226972
vt 0.196275994 0.566487014
vt 0.185957000 0.565304995
vt 0.196275994 0.566487014
vt 0.172571003 0.528226972
vt 0.190442994 0.530247986
vt 0.019214001 0.511497021
vt 0.027407000 0.535726011
vt 0.009121000 0.528138995
vt 0.027407000 0.535726011
vt 0.019214001 0.511497021
vt 0.041434001 0.518580973
vt 0.041434001 0.518580973
vt 0.025173999 0.551985025
vt 0.027407000 0.535726011
vt 0.025173999 0.551985025
vt 0.041434001 0.518580973
vt 0.039818000 0.537021995
vt 0.152648002 0.524357975
vt 0.185957000 0.565304995
vt 0.163850993 0.564929008
vt 0.185957000 0.565304995
vt 0.152648002 0.524357975
vt 0.172571003 0.528226972
vt 0.299490988 0.125324011
vt 0.333155006 0.162234008
vt 0.295493990 0.137108982
vt 0.333155006 0.162234008
vt 0.299490988 0.125324011
vt 0.335382998 0.143037021
vt 0.354436994 0.016730011
vt 0.377456993 0.051984012
vt 0.366780996 0.054341018
vt 0.377456993 0.051984012
vt 0.354436994 0.016730011
vt 0.361290991 0.006841004
vt 0.345279992 0.032428980
vt 0.311136007 0.017224014
vt 0.354436994 0.016730011
vt 0.311136007 0.017224014
vt 0.345279992 0.032428980
vt 0.317865014 0.032922029
vt 0.282730997 0.049130976
vt 0.311136007 0.017224014
vt 0.296521991 0.051429987
vt 0.311136007 0.017224014
vt 0.282730997 0.049130976
vt 0.303290009 0.007089972
vt 0.335011005 0.072890997
vt 0.299490988 0.125324011
vt 0.315539986 0.053728998
vt 0.299490988 0.125324011
vt 0.335011005 0.072890997
vt 0.335382998 0.143037021
vt 0.377456993 0.051984012
vt 0.368117988 0.137354970
vt 0.366780996 0.054341018
vt 0.368117988 0.137354970
vt 0.377456993 0.051984012
vt 0.378767014 0.152845979
vt 0.372514009 0.213065982
vt 0.331465006 0.274127007
vt 0.382692993 0.294521987
vt 0.331465006 0.274127007
vt 0.372514009 0.213065982
vt 0.340009004 0.210754037
vt 0.282730997 0.049130976
vt 0.299490988 0.125324011
vt 0.295493990 0.137108982
vt 0.299490988 0.125324011
vt 0.282730997 0.049130976
vt 0.296521991 0.051429987
vt 0.461026013 0.574681997
vt 0.475962013 0.615773022
vt 0.428981990 0.613689005
vt 0.423305988 0.571959019
vt 0.461026013 0.574681997
vt 0.428981990 0.613689005
vt 0.428981990 0.613689005
vt 0.462974012 0.709985018
vt 0.417724013 0.710684001
vt 0.417724013 0.710684001
vt 0.448462009 0.772795022
vt 0.405618995 0.772230983
vt 0.448462009 0.772795022
vt 0.417724013 0.710684001
vt 0.462974012 0.709985018
vt 0.405618995 0.772230983
vt 0.432740986 0.843859017
vt 0.394710004 0.831888020
vt 0.432740986 0.843859017
vt 0.405618995 0.772230983
vt 0.448462009 0.772795022
vt 0.432740986 0.843859017
vt 0.380888999 0.899585009
vt 0.394710004 0.831888020
vt 0.380888999 0.899585009
vt 0.432740986 0.843859017
vt 0.415643990 0.906571984
vt 0.415643990 0.906571984
vt 0.362969995 0.980409026
vt 0.380888999 0.899585009
vt 0.362969995 0.980409026
vt 0.415643990 0.906571984
vt 0.385266006 0.980624020
vt 0.347155988 0.056697011
vt 0.335382998 0.143037021
vt 0.335011005 0.072890997
vt 0.335382998 0.143037021
vt 0.347155988 0.056697011
vt 0.368117988 0.137354970
vt 0.335382998 0.143037021
vt 0.378767014 0.152845979
vt 0.333155006 0.162234008
vt 0.378767014 0.152845979
vt 0.335382998 0.143037021
vt 0.368117988 0.137354970
vt 0.368117988 0.137354970
vt 0.347155988 0.056697011
vt 0.366780996 0.054341018
vt 0.347155988 0.056697011
vt 0.354436994 0.016730011
vt 0.366780996 0.054341018
vt 0.354436994 0.016730011
vt 0.347155988 0.056697011
vt 0.345279992 0.032428980
vt 0.311136007 0.017224014
vt 0.361290991 0.006841004
vt 0.354436994 0.016730011
vt 0.361290991 0.006841004
vt 0.311136007 0.017224014
vt 0.303290009 0.007089972
vt 0.317865014 0.032922029
vt 0.296521991 0.051429987
vt 0.311136007 0.017224014
vt 0.296521991 0.051429987
vt 0.317865014 0.032922029
vt 0.315539986 0.053728998
vt 0.296521991 0.051429987
vt 0.315539986 0.053728998
vt 0.299490988 0.125324011
vt 0.420780003 0.533981025
vt 0.423305988 0.571959019
vt 0.382726014 0.557916999
vt 0.382726014 0.557916999
vt 0.423305988 0.571959019
vt 0.378302008 0.580618978
vt 0.475962013 0.615773022
vt 0.500000000 0.602496028
vt 0.500000000 0.638948023
vt 0.437684000 0.205682993
vt 0.477037996 0.236338019
vt 0.467909008 0.248248994
vt 0.477037996 0.236338019
vt 0.437684000 0.205682993
vt 0.454383999 0.210825980
vt 0.274376988 0.153679967
vt 0.241336003 0.187623978
vt 0.242042005 0.150404990
vt 0.241336003 0.187623978
vt 0.274376988 0.153679967
vt 0.273891985 0.194010973
vt 0.462267011 0.033433974
vt 0.480302989 0.023832977
vt 0.500000000 0.037517011
vt 0.473969996 0.122592986
vt 0.470385998 0.090340972
vt 0.487684011 0.122561991
vt 0.437684000 0.205682993
vt 0.451732010 0.184270024
vt 0.454383999 0.210825980
vt 0.451732010 0.184270024
vt 0.437684000 0.205682993
vt 0.437050015 0.184630036
vt 0.427938998 0.201584995
vt 0.437050015 0.184630036
vt 0.437684000 0.205682993
vt 0.437050015 0.184630036
vt 0.427938998 0.201584995
vt 0.409170985 0.158701003
vt 0.434740007 0.140246034
vt 0.453235000 0.089712024
vt 0.450581998 0.127691031
vt 0.453235000 0.089712024
vt 0.434740007 0.140246034
vt 0.427872002 0.085044980
vt 0.434740007 0.140246034
vt 0.409170985 0.158701003
vt 0.427872002 0.085044980
vt 0.242042005 0.150404990
vt 0.277285010 0.111654997
vt 0.274376988 0.153679967
vt 0.277285010 0.111654997
vt 0.242042005 0.150404990
vt 0.239467993 0.105126023
vt 0.207828000 0.104547977
vt 0.242147997 0.056806982
vt 0.239467993 0.105126023
vt 0.242147997 0.056806982
vt 0.207828000 0.104547977
vt 0.207806006 0.057250977
vt 0.427938998 0.201584995
vt 0.437684000 0.205682993
vt 0.467909008 0.248248994
vt 0.453235000 0.089712024
vt 0.470385998 0.090340972
vt 0.473969996 0.122592986
vt 0.449079007 0.157712996
vt 0.470358014 0.157741010
vt 0.466818005 0.182667017
vt 0.454383999 0.210825980
vt 0.480089992 0.217513978
vt 0.477037996 0.236338019
vt 0.480089992 0.217513978
vt 0.500000000 0.238044977
vt 0.477037996 0.236338019
vt 0.500000000 0.238044977
vt 0.480089992 0.217513978
vt 0.500000000 0.219855011
vt 0.476772010 0.064009011
vt 0.470385998 0.090340972
vt 0.453235000 0.089712024
vt 0.444231987 0.043035030
vt 0.390904993 0.102577984
vt 0.427897006 0.039586008
vt 0.390904993 0.102577984
vt 0.444231987 0.043035030
vt 0.427872002 0.085044980
vt 0.207806006 0.057250977
vt 0.207819998 0.027225018
vt 0.236587003 0.025640011
vt 0.453235000 0.089712024
vt 0.427872002 0.085044980
vt 0.444231987 0.043035030
vt 0.209632993 0.188973010
vt 0.242042005 0.150404990
vt 0.241336003 0.187623978
vt 0.242042005 0.150404990
vt 0.209632993 0.188973010
vt 0.207873002 0.138513982
vt 0.207873002 0.138513982
vt 0.239467993 0.105126023
vt 0.242042005 0.150404990
vt 0.239467993 0.105126023
vt 0.207873002 0.138513982
vt 0.207828000 0.104547977
vt 0.242147997 0.056806982
vt 0.269495010 0.052276969
vt 0.239467993 0.105126023
vt 0.261485010 0.024055004
vt 0.269495010 0.052276969
vt 0.242147997 0.056806982
vt 0.377588004 0.024070978
vt 0.396753013 0.024298012
vt 0.397603989 0.060792983
vt 0.396753013 0.024298012
vt 0.377588004 0.024070978
vt 0.388747007 0.002442002
vt 0.437050015 0.184630036
vt 0.421696007 0.159103990
vt 0.432960987 0.175696015
vt 0.421696007 0.159103990
vt 0.437050015 0.184630036
vt 0.409170985 0.158701003
vt 0.409170985 0.158701003
vt 0.426921010 0.153051019
vt 0.421696007 0.159103990
vt 0.426921010 0.153051019
vt 0.409170985 0.158701003
vt 0.434740007 0.140246034
vt 0.407454014 0.003422022
vt 0.396753013 0.024298012
vt 0.388747007 0.002442002
vt 0.396753013 0.024298012
vt 0.407454014 0.003422022
vt 0.421265006 0.028079987
vt 0.421265006 0.028079987
vt 0.397603989 0.060792983
vt 0.396753013 0.024298012
vt 0.397603989 0.060792983
vt 0.421265006 0.028079987
vt 0.406347007 0.061379015
vt 0.472680986 0.135592997
vt 0.449079007 0.157712996
vt 0.450581998 0.127691031
vt 0.449079007 0.157712996
vt 0.472680986 0.135592997
vt 0.470358014 0.157741010
vt 0.449079007 0.157712996
vt 0.434740007 0.140246034
vt 0.450581998 0.127691031
vt 0.434740007 0.140246034
vt 0.449079007 0.157712996
vt 0.436499000 0.161336005
vt 0.467909008 0.248248994
vt 0.418832004 0.257534027
vt 0.416251987 0.233466983
vt 0.418832004 0.257534027
vt 0.467909008 0.248248994
vt 0.470331013 0.295027971
vt 0.274280995 0.226604998
vt 0.318241000 0.232972026
vt 0.304897994 0.256255984
vt 0.416251987 0.233466983
vt 0.427938998 0.201584995
vt 0.467909008 0.248248994
vt 0.427938998 0.201584995
vt 0.416251987 0.233466983
vt 0.401136011 0.200098991
vt 0.427938998 0.201584995
vt 0.401136011 0.200098991
vt 0.409170985 0.158701003
vt 0.500000000 0.297576010
vt 0.463930994 0.310338974
vt 0.470331013 0.295027971
vt 0.463930994 0.310338974
vt 0.500000000 0.297576010
vt 0.500000000 0.316850007
vt 0.461026013 0.574681997
vt 0.500000000 0.531428993
vt 0.500000000 0.577818990
vt 0.500000000 0.531428993
vt 0.461026013 0.574681997
vt 0.457405001 0.531789005
vt 0.207968995 0.544524014
vt 0.256094009 0.578772008
vt 0.207332000 0.574760020
vt 0.256094009 0.578772008
vt 0.207968995 0.544524014
vt 0.259416014 0.545212984
vt 0.256094009 0.578772008
vt 0.207352996 0.590300024
vt 0.207332000 0.574760020
vt 0.207352996 0.590300024
vt 0.256094009 0.578772008
vt 0.258890003 0.611717999
vt 0.207352996 0.590300024
vt 0.262255013 0.630078018
vt 0.215449005 0.602587998
vt 0.262255013 0.630078018
vt 0.207352996 0.590300024
vt 0.258890003 0.611717999
vt 0.500000000 0.268146038
vt 0.470331013 0.295027971
vt 0.467909008 0.248248994
vt 0.470331013 0.295027971
vt 0.500000000 0.268146038
vt 0.500000000 0.297576010
vt 0.215449005 0.602587998
vt 0.262255013 0.630078018
vt 0.216351002 0.610276997
vt 0.262255013 0.630078018
vt 0.217580006 0.616153002
vt 0.216351002 0.610276997
vt 0.439572990 0.030529976
vt 0.480302989 0.023832977
vt 0.462267011 0.033433974
vt 0.480302989 0.023832977
vt 0.439572990 0.030529976
vt 0.451249003 0.021474004
vt 0.480958998 0.182017982
vt 0.492812008 0.161729991
vt 0.487452000 0.168717980
vt 0.492812008 0.161729991
vt 0.480958998 0.182017982
vt 0.470358014 0.157741010
vt 0.477037996 0.236338019
vt 0.500000000 0.268146038
vt 0.467909008 0.248248994
vt 0.500000000 0.268146038
vt 0.477037996 0.236338019
vt 0.500000000 0.238044977
vt 0.500000000 0.066680014
vt 0.476772010 0.064009011
vt 0.500000000 0.037517011
vt 0.500000000 0.066680014
vt 0.470385998 0.090340972
vt 0.476772010 0.064009011
vt 0.470385998 0.090340972
vt 0.500000000 0.066680014
vt 0.500000000 0.090003014
vt 0.470358014 0.157741010
vt 0.492251992 0.137097001
vt 0.492812008 0.161729991
vt 0.492251992 0.137097001
vt 0.470358014 0.157741010
vt 0.472680986 0.135592997
vt 0.045724001 0.147803009
vt 0.046128999 0.104737997
vt 0.074014999 0.112119019
vt 0.156769007 0.111030996
vt 0.158455998 0.177954018
vt 0.133450001 0.170342982
vt 0.448264986 0.483642995
vt 0.420780003 0.533981025
vt 0.414943993 0.484302044
vt 0.420780003 0.533981025
vt 0.448264986 0.483642995
vt 0.457405001 0.531789005
vt 0.414943993 0.484302044
vt 0.348426998 0.534998000
vt 0.347535014 0.490355968
vt 0.348426998 0.534998000
vt 0.414943993 0.484302044
vt 0.420780003 0.533981025
vt 0.348426998 0.534998000
vt 0.263393998 0.492236972
vt 0.347535014 0.490355968
vt 0.263393998 0.492236972
vt 0.348426998 0.534998000
vt 0.262389988 0.533146977
vt 0.262389988 0.533146977
vt 0.207279995 0.493587971
vt 0.263393998 0.492236972
vt 0.207279995 0.493587971
vt 0.262389988 0.533146977
vt 0.207993001 0.531039000
vt 0.418832004 0.257534027
vt 0.470331013 0.295027971
vt 0.414837003 0.277191043
vt 0.470331013 0.295027971
vt 0.396023989 0.300641000
vt 0.414837003 0.277191043
vt 0.132037997 0.024353027
vt 0.113333002 0.065150976
vt 0.115489997 0.024361014
vt 0.113333002 0.065150976
vt 0.132037997 0.024353027
vt 0.134340003 0.066430986
vt 0.134340003 0.066430986
vt 0.114325002 0.117033005
vt 0.113333002 0.065150976
vt 0.114325002 0.117033005
vt 0.134340003 0.066430986
vt 0.139239997 0.111948013
vt 0.114325002 0.117033005
vt 0.139239997 0.111948013
vt 0.133450001 0.170342982
vt 0.108273000 0.161409974
vt 0.100873999 0.115993977
vt 0.114325002 0.117033005
vt 0.428981990 0.613689005
vt 0.475962013 0.615773022
vt 0.462974012 0.709985018
vt 0.473969996 0.122592986
vt 0.472680986 0.135592997
vt 0.450581998 0.127691031
vt 0.492251992 0.137097001
vt 0.473969996 0.122592986
vt 0.487684011 0.122561991
vt 0.473969996 0.122592986
vt 0.492251992 0.137097001
vt 0.472680986 0.135592997
vt 0.473969996 0.122592986
vt 0.450581998 0.127691031
vt 0.453235000 0.089712024
vt 0.331465006 0.274127007
vt 0.357394993 0.302402020
vt 0.382692993 0.294521987
vt 0.480089992 0.217513978
vt 0.480966985 0.188458979
vt 0.492069989 0.190608978
vt 0.466818005 0.182667017
vt 0.451732010 0.184270024
vt 0.449079007 0.157712996
vt 0.480089992 0.217513978
vt 0.454383999 0.210825980
vt 0.466818005 0.182667017
vt 0.480966985 0.188458979
vt 0.492089987 0.186345994
vt 0.492069989 0.190608978
vt 0.492089987 0.186345994
vt 0.480966985 0.188458979
vt 0.480958998 0.182017982
vt 0.492812008 0.161729991
vt 0.500000000 0.160709977
vt 0.500000000 0.168871999
vt 0.492089987 0.186345994
vt 0.480958998 0.182017982
vt 0.491982996 0.181959987
vt 0.500000000 0.186758995
vt 0.492069989 0.190608978
vt 0.492089987 0.186345994
vt 0.492069989 0.190608978
vt 0.500000000 0.186758995
vt 0.500000000 0.190831006
vt 0.466818005 0.182667017
vt 0.480966985 0.188458979
vt 0.480089992 0.217513978
vt 0.480966985 0.188458979
vt 0.466818005 0.182667017
vt 0.480958998 0.182017982
vt 0.466818005 0.182667017
vt 0.454383999 0.210825980
vt 0.451732010 0.184270024
vt 0.437050015 0.184630036
vt 0.449079007 0.157712996
vt 0.451732010 0.184270024
vt 0.449079007 0.157712996
vt 0.437050015 0.184630036
vt 0.436499000 0.161336005
vt 0.470358014 0.157741010
vt 0.480958998 0.182017982
vt 0.466818005 0.182667017
vt 0.500000000 0.090003014
vt 0.487684011 0.122561991
vt 0.470385998 0.090340972
vt 0.487684011 0.122561991
vt 0.500000000 0.090003014
vt 0.500000000 0.122532010
vt 0.487684011 0.122561991
vt 0.500000000 0.137086034
vt 0.492251992 0.137097001
vt 0.500000000 0.137086034
vt 0.487684011 0.122561991
vt 0.500000000 0.122532010
vt 0.500000000 0.137086034
vt 0.492812008 0.161729991
vt 0.492251992 0.137097001
vt 0.492812008 0.161729991
vt 0.500000000 0.137086034
vt 0.500000000 0.160709977
vt 0.487452000 0.168717980
vt 0.491982996 0.181959987
vt 0.480958998 0.182017982
vt 0.347535014 0.490355968
vt 0.329925001 0.445484996
vt 0.351370007 0.437633991
vt 0.298579007 0.329308033
vt 0.307188988 0.310135007
vt 0.325700015 0.332125008
vt 0.351370007 0.437633991
vt 0.303761005 0.383486986
vt 0.339313000 0.378998041
vt 0.303761005 0.383486986
vt 0.351370007 0.437633991
vt 0.329925001 0.445484996
vt 0.329925001 0.445484996
vt 0.347535014 0.490355968
vt 0.263393998 0.492236972
vt 0.492069989 0.190608978
vt 0.500000000 0.190831006
vt 0.500000000 0.219855011
vt 0.207963005 0.252308965
vt 0.247668996 0.240095973
vt 0.258242011 0.289667010
vt 0.491982996 0.181959987
vt 0.500000000 0.186758995
vt 0.492089987 0.186345994
vt 0.500000000 0.186758995
vt 0.491982996 0.181959987
vt 0.500000000 0.183108985
vt 0.500000000 0.168871999
vt 0.491982996 0.181959987
vt 0.487452000 0.168717980
vt 0.491982996 0.181959987
vt 0.500000000 0.168871999
vt 0.500000000 0.183108985
vt 0.266297996 0.387537003
vt 0.207487002 0.341719031
vt 0.267351002 0.332749009
vt 0.207487002 0.341719031
vt 0.266297996 0.387537003
vt 0.207056001 0.388496041
vt 0.267351002 0.332749009
vt 0.303761005 0.383486986
vt 0.266297996 0.387537003
vt 0.303761005 0.383486986
vt 0.267351002 0.332749009
vt 0.298579007 0.329308033
vt 0.303761005 0.383486986
vt 0.325700015 0.332125008
vt 0.339313000 0.378998041
vt 0.325700015 0.332125008
vt 0.303761005 0.383486986
vt 0.298579007 0.329308033
vt 0.325700015 0.332125008
vt 0.352191001 0.384287000
vt 0.339313000 0.378998041
vt 0.352191001 0.384287000
vt 0.325700015 0.332125008
vt 0.358193010 0.349591017
vt 0.358193010 0.349591017
vt 0.378015012 0.395148993
vt 0.352191001 0.384287000
vt 0.378015012 0.395148993
vt 0.358193010 0.349591017
vt 0.374145001 0.350170016
vt 0.391359001 0.390578985
vt 0.374145001 0.350170016
vt 0.393287003 0.341150999
vt 0.374145001 0.350170016
vt 0.391359001 0.390578985
vt 0.378015012 0.395148993
vt 0.442321002 0.388221025
vt 0.500000000 0.421841025
vt 0.442030013 0.421974003
vt 0.500000000 0.421841025
vt 0.442321002 0.388221025
vt 0.500000000 0.388388038
vt 0.442030013 0.421974003
vt 0.391359001 0.390578985
vt 0.442321002 0.388221025
vt 0.391359001 0.390578985
vt 0.442030013 0.421974003
vt 0.397870004 0.430189013
vt 0.457237005 0.342918038
vt 0.392807007 0.314764977
vt 0.463930994 0.310338974
vt 0.392807007 0.314764977
vt 0.457237005 0.342918038
vt 0.393287003 0.341150999
vt 0.152743995 0.024641991
vt 0.145371005 0.084885001
vt 0.143257007 0.024578989
vt 0.145371005 0.084885001
vt 0.152743995 0.024641991
vt 0.156769007 0.111030996
vt 0.145371005 0.084885001
vt 0.156769007 0.111030996
vt 0.139239997 0.111948013
vt 0.087415002 0.119895995
vt 0.075194001 0.080877006
vt 0.089749001 0.082895994
vt 0.075194001 0.080877006
vt 0.087415002 0.119895995
vt 0.074014999 0.112119019
vt 0.463930994 0.310338974
vt 0.500000000 0.343245029
vt 0.457237005 0.342918038
vt 0.500000000 0.343245029
vt 0.463930994 0.310338974
vt 0.500000000 0.316850007
vt 0.391696990 0.159126997
vt 0.390904993 0.102577984
vt 0.427872002 0.085044980
vt 0.401136011 0.200098991
vt 0.391696990 0.159126997
vt 0.409170985 0.158701003
vt 0.427872002 0.085044980
vt 0.409170985 0.158701003
vt 0.391696990 0.159126997
vt 0.269495010 0.052276969
vt 0.277285010 0.111654997
vt 0.239467993 0.105126023
vt 0.476772010 0.064009011
vt 0.444231987 0.043035030
vt 0.462267011 0.033433974
vt 0.462267011 0.033433974
vt 0.427897006 0.039586008
vt 0.439572990 0.030529976
vt 0.427897006 0.039586008
vt 0.462267011 0.033433974
vt 0.444231987 0.043035030
vt 0.236587003 0.025640011
vt 0.261485010 0.024055004
vt 0.242147997 0.056806982
vt 0.444231987 0.043035030
vt 0.476772010 0.064009011
vt 0.453235000 0.089712024
vt 0.207278997 0.437319040
vt 0.263393998 0.492236972
vt 0.207279995 0.493587971
vt 0.263393998 0.492236972
vt 0.207278997 0.437319040
vt 0.262950987 0.443035960
vt 0.207963005 0.252308965
vt 0.258242011 0.289667010
vt 0.207955003 0.285057008
vt 0.499976993 0.485785961
vt 0.457405001 0.531789005
vt 0.448264986 0.483642995
vt 0.457405001 0.531789005
vt 0.499976993 0.485785961
vt 0.500000000 0.531428993
vt 0.492069989 0.190608978
vt 0.500000000 0.219855011
vt 0.480089992 0.217513978
vt 0.500000000 0.168871999
vt 0.487452000 0.168717980
vt 0.492812008 0.161729991
vt 0.462267011 0.033433974
vt 0.500000000 0.037517011
vt 0.476772010 0.064009011
vt 0.236587003 0.025640011
vt 0.242147997 0.056806982
vt 0.207806006 0.057250977
vt 0.080286004 0.849821985
vt 0.113692999 0.913613975
vt 0.069265999 0.913613975
vt 0.113692999 0.913613975
vt 0.080286004 0.849821985
vt 0.113692999 0.849821985
vt 0.077211000 0.793536007
vt 0.113692999 0.849821985
vt 0.080286004 0.849821985
vt 0.113692999 0.849821985
vt 0.077211000 0.793536007
vt 0.113692999 0.793536007
vt 0.093217999 0.736311972
vt 0.113692999 0.793536007
vt 0.077211000 0.793536007
vt 0.113692999 0.793536007
vt 0.093217999 0.736311972
vt 0.113692999 0.736311972
vt 0.102254003 0.685582995
vt 0.113692999 0.736311972
vt 0.093217999 0.736311972
vt 0.113692999 0.736311972
vt 0.102254003 0.685582995
vt 0.113692999 0.687839985
vt 0.113692999 0.639822006
vt 0.102254003 0.685582995
vt 0.074210003 0.639822006
vt 0.069265999 0.913613975
vt 0.113692999 0.987275004
vt 0.064565003 0.988395989
vt 0.113692999 0.987275004
vt 0.069265999 0.913613975
vt 0.113692999 0.913613975
vt 0.939951003 0.980961025
vt 0.979875028 0.896000028
vt 0.979875028 0.980961025
vt 0.979875028 0.896000028
vt 0.939951003 0.980961025
vt 0.941048980 0.896000028
vt 0.941048980 0.896000028
vt 0.979875028 0.825999975
vt 0.979875028 0.896000028
vt 0.979875028 0.825999975
vt 0.941048980 0.896000028
vt 0.940590978 0.825999975
vt 0.940344989 0.772000015
vt 0.979875028 0.825999975
vt 0.940590978 0.825999975
vt 0.979875028 0.825999975
vt 0.940344989 0.772000015
vt 0.979875028 0.772000015
vt 0.940344989 0.772000015
vt 0.979875028 0.700999975
vt 0.979875028 0.772000015
vt 0.979875028 0.700999975
vt 0.940344989 0.772000015
vt 0.929916024 0.698194027
vt 0.895636022 0.642176986
vt 0.932272017 0.644189000
vt 0.895636022 0.662880003
vt 0.932272017 0.644189000
vt 0.929916024 0.698194027
vt 0.895636022 0.662880003
vt 0.064218000 0.047048986
vt 0.077901997 0.058954000
vt 0.075194001 0.080877006
vt 0.074210003 0.639822006
vt 0.102254003 0.685582995
vt 0.056391999 0.676407993
vt 0.102254003 0.685582995
vt 0.113692999 0.639822006
vt 0.113692999 0.687839985
vt 0.093217999 0.736311972
vt 0.056391999 0.676407993
vt 0.102254003 0.685582995
vt 0.056391999 0.676407993
vt 0.093217999 0.736311972
vt 0.041953001 0.736311972
vt 0.077211000 0.793536007
vt 0.041953001 0.736311972
vt 0.093217999 0.736311972
vt 0.041953001 0.736311972
vt 0.077211000 0.793536007
vt 0.034357000 0.793536007
vt 0.080286004 0.849821985
vt 0.034357000 0.793536007
vt 0.077211000 0.793536007
vt 0.034357000 0.793536007
vt 0.080286004 0.849821985
vt 0.028458999 0.849821985
vt 0.069265999 0.913613975
vt 0.028458999 0.849821985
vt 0.080286004 0.849821985
vt 0.028458999 0.849821985
vt 0.069265999 0.913613975
vt 0.023140000 0.913613975
vt 0.064565003 0.988395989
vt 0.023140000 0.913613975
vt 0.069265999 0.913613975
vt 0.023140000 0.913613975
vt 0.064565003 0.988395989
vt 0.015270000 0.989525020
vt 0.113692999 0.639822006
vt 0.124278001 0.685754001
vt 0.113692999 0.687839985
vt 0.124278001 0.685754001
vt 0.113692999 0.639822006
vt 0.153174996 0.639822006
vt 0.113692999 0.736311972
vt 0.124278001 0.685754001
vt 0.132120997 0.736311972
vt 0.124278001 0.685754001
vt 0.113692999 0.736311972
vt 0.113692999 0.687839985
vt 0.113692999 0.793536007
vt 0.132120997 0.736311972
vt 0.148796007 0.793536007
vt 0.132120997 0.736311972
vt 0.113692999 0.793536007
vt 0.113692999 0.736311972
vt 0.113692999 0.849821985
vt 0.148796007 0.793536007
vt 0.147477999 0.849821985
vt 0.148796007 0.793536007
vt 0.113692999 0.849821985
vt 0.113692999 0.793536007
vt 0.113692999 0.913613975
vt 0.147477999 0.849821985
vt 0.160914004 0.913613975
vt 0.147477999 0.849821985
vt 0.113692999 0.913613975
vt 0.113692999 0.849821985
vt 0.113692999 0.987275004
vt 0.160914004 0.913613975
vt 0.164989993 0.988445997
vt 0.160914004 0.913613975
vt 0.113692999 0.987275004
vt 0.113692999 0.913613975
vt 0.811397016 0.647997022
vt 0.856828988 0.698459983
vt 0.811397016 0.700999975
vt 0.856828988 0.698459983
vt 0.811397016 0.647997022
vt 0.858726978 0.644180000
vt 0.811397016 0.700999975
vt 0.850766003 0.772000015
vt 0.811397016 0.772000015
vt 0.850766003 0.772000015
vt 0.811397016 0.700999975
vt 0.856828988 0.698459983
vt 0.850766003 0.772000015
vt 0.811397016 0.825999975
vt 0.811397016 0.772000015
vt 0.811397016 0.825999975
vt 0.850766003 0.772000015
vt 0.850614011 0.825999975
vt 0.846893013 0.896000028
vt 0.811397016 0.825999975
vt 0.850614011 0.825999975
vt 0.811397016 0.825999975
vt 0.846893013 0.896000028
vt 0.811397016 0.896000028
vt 0.848824978 0.980961025
vt 0.811397016 0.896000028
vt 0.846893013 0.896000028
vt 0.811397016 0.896000028
vt 0.848824978 0.980961025
vt 0.811397016 0.980961025
vt 0.895636022 0.662880003
vt 0.929916024 0.698194027
vt 0.895636022 0.696080983
vt 0.895636022 0.772000015
vt 0.929916024 0.698194027
vt 0.940344989 0.772000015
vt 0.929916024 0.698194027
vt 0.895636022 0.772000015
vt 0.895636022 0.696080983
vt 0.940590978 0.825999975
vt 0.895636022 0.772000015
vt 0.940344989 0.772000015
vt 0.895636022 0.772000015
vt 0.940590978 0.825999975
vt 0.895636022 0.825999975
vt 0.941048980 0.896000028
vt 0.895636022 0.825999975
vt 0.940590978 0.825999975
vt 0.895636022 0.825999975
vt 0.941048980 0.896000028
vt 0.895636022 0.896000028
vt 0.895636022 0.980961025
vt 0.941048980 0.896000028
vt 0.939951003 0.980961025
vt 0.941048980 0.896000028
vt 0.895636022 0.980961025
vt 0.895636022 0.896000028
vt 0.856828988 0.698459983
vt 0.858726978 0.644180000
vt 0.895636022 0.662880003
vt 0.858726978 0.644180000
vt 0.895636022 0.642176986
vt 0.895636022 0.662880003
vt 0.979875028 0.647997022
vt 0.929916024 0.698194027
vt 0.932272017 0.644189000
vt 0.929916024 0.698194027
vt 0.979875028 0.647997022
vt 0.979875028 0.700999975
vn -0.226358264 -0.843401958 0.487273100
vn 0.094244914 -0.897368543 0.431100445
vn 0.340212723 -0.827291621 0.447039010
vn 0.094244914 -0.897368543 0.431100445
vn -0.226358264 -0.843401958 0.487273100
vn 0.179603642 -0.966931247 0.181070414
vn 0.786404510 -0.615552000 0.051610866
vn 0.412392988 -0.909920704 0.044456004
vn 0.191170819 -0.933122594 0.304525765
vn 0.412392988 -0.909920704 0.044456004
vn 0.786404510 -0.615552000 0.051610866
vn 0.858425381 -0.506313152 -0.082175774
vn 0.456399325 0.452957075 0.765852169
vn 0.378997229 0.720374925 0.580879564
vn -0.044263200 0.179587597 0.982745676
vn 0.378997229 0.720374925 0.580879564
vn 0.456399325 0.452957075 0.765852169
vn 0.101392070 0.876417864 0.470756174
vn 0.778657600 0.538487594 0.322061257
vn 0.023455530 0.999434595 -0.024090020
vn 0.058760245 0.972072752 0.227204311
vn 0.023455530 0.999434595 -0.024090020
vn 0.778657600 0.538487594 0.322061257
vn 0.857762983 0.513996417 -0.007095686
vn 0.960878991 -0.237717403 0.142133747
vn 0.778657600 0.538487594 0.322061257
vn 0.961065653 -0.063639528 0.268891840
vn 0.778657600 0.538487594 0.322061257
vn 0.960878991 -0.237717403 0.142133747
vn 0.857762983 0.513996417 -0.007095686
vn 0.541645823 -0.838178940 0.063842523
vn 0.877669964 -0.407610386 0.252089682
vn 0.417708455 -0.811184006 0.409267827
vn 0.877669964 -0.407610386 0.252089682
vn 0.541645823 -0.838178940 0.063842523
vn 0.960878991 -0.237717403 0.142133747
vn 0.191170819 -0.933122594 0.304525765
vn 0.066330026 -0.982299805 0.175178255
vn 0.046854552 -0.910245508 0.411409486
vn 0.066330026 -0.982299805 0.175178255
vn 0.191170819 -0.933122594 0.304525765
vn 0.412392988 -0.909920704 0.044456004
vn 0.058760245 0.972072752 0.227204311
vn -0.202706080 0.979146467 -0.013507064
vn -0.204442974 0.953689505 0.220634083
vn -0.202706080 0.979146467 -0.013507064
vn 0.058760245 0.972072752 0.227204311
vn 0.023455530 0.999434595 -0.024090020
vn 0.099100767 0.983324633 -0.152485096
vn -0.090991220 0.993581373 -0.067206046
vn -0.135473971 0.975489791 -0.173396857
vn -0.090991220 0.993581373 -0.067206046
vn 0.099100767 0.983324633 -0.152485096
vn 0.161218036 0.986851693 -0.011510055
vn 0.761384064 -0.117451326 0.637573127
vn 0.461193501 0.861644108 0.211825366
vn 0.793504232 -0.314090551 0.521246737
vn 0.461193501 0.861644108 0.211825366
vn 0.761384064 -0.117451326 0.637573127
vn 0.710881633 0.673344341 0.203112537
vn 0.461193501 0.861644108 0.211825366
vn 0.970008522 -0.242862939 0.010052847
vn 0.793504232 -0.314090551 0.521246737
vn 0.970008522 -0.242862939 0.010052847
vn 0.461193501 0.861644108 0.211825366
vn 0.368843108 0.895707371 -0.248320491
vn -0.079848581 -0.996209752 0.034501223
vn -0.576292482 -0.671425017 -0.465913535
vn -0.770900839 -0.281315040 -0.571466312
vn -0.576292482 -0.671425017 -0.465913535
vn -0.079848581 -0.996209752 0.034501223
vn 0.356786375 -0.914161099 0.192387546
vn 0.356786375 -0.914161099 0.192387546
vn -0.250443046 -0.964865690 -0.079451120
vn -0.576292482 -0.671425017 -0.465913535
vn -0.250443046 -0.964865690 -0.079451120
vn 0.356786375 -0.914161099 0.192387546
vn 0.441399369 -0.872857995 0.208051718
vn -0.770900839 -0.281315040 -0.571466312
vn -0.566226055 0.539693293 -0.622992138
vn -0.387189907 0.827778614 -0.406037612
vn -0.566226055 0.539693293 -0.622992138
vn -0.770900839 -0.281315040 -0.571466312
vn -0.576292482 -0.671425017 -0.465913535
vn -0.576292482 -0.671425017 -0.465913535
vn -0.750145256 0.534521926 -0.389317873
vn -0.566226055 0.539693293 -0.622992138
vn -0.750145256 0.534521926 -0.389317873
vn -0.576292482 -0.671425017 -0.465913535
vn -0.250443046 -0.964865690 -0.079451120
vn -0.387189907 0.827778614 -0.406037612
vn 0.461193501 0.861644108 0.211825366
vn 0.710881633 0.673344341 0.203112537
vn 0.461193501 0.861644108 0.211825366
vn -0.387189907 0.827778614 -0.406037612
vn -0.566226055 0.539693293 -0.622992138
vn -0.566226055 0.539693293 -0.622992138
vn 0.368843108 0.895707371 -0.248320491
vn 0.461193501 0.861644108 0.211825366
vn 0.368843108 0.895707371 -0.248320491
vn -0.566226055 0.539693293 -0.622992138
vn -0.750145256 0.534521926 -0.389317873
vn -0.051350450 0.755562357 -0.653060989
vn -0.667683203 -0.287788870 -0.686568793
vn -0.086351825 -0.400440104 -0.912245080
vn -0.667683203 -0.287788870 -0.686568793
vn -0.051350450 0.755562357 -0.653060989
vn -0.547153397 0.710148210 -0.443071868
vn 0.835018612 0.084702545 -0.543662943
vn 0.375760813 0.862976108 -0.337751458
vn 0.818319194 0.178208255 -0.546438939
vn 0.375760813 0.862976108 -0.337751458
vn 0.835018612 0.084702545 -0.543662943
vn 0.372070112 0.907995039 -0.192636549
vn 0.818319194 0.178208255 -0.546438939
vn 0.272215297 0.958816502 -0.081053979
vn 0.986348452 0.072675563 0.147766690
vn 0.272215297 0.958816502 -0.081053979
vn 0.818319194 0.178208255 -0.546438939
vn 0.375760813 0.862976108 -0.337751458
vn 0.331025469 -0.926440763 -0.179247459
vn -0.792328120 -0.554541816 0.254361012
vn -0.713909719 -0.300341606 0.632556584
vn -0.792328120 -0.554541816 0.254361012
vn 0.331025469 -0.926440763 -0.179247459
vn 0.146921042 -0.956751917 -0.251077630
vn 0.146921042 -0.956751917 -0.251077630
vn -0.660522830 -0.720522861 0.211083863
vn -0.792328120 -0.554541816 0.254361012
vn -0.660522830 -0.720522861 0.211083863
vn 0.146921042 -0.956751917 -0.251077630
vn 0.112743805 -0.954857683 0.274837477
vn -0.713909719 -0.300341606 0.632556584
vn -0.792910115 0.539560815 0.283138970
vn -0.607035489 0.564778538 0.559046614
vn -0.792910115 0.539560815 0.283138970
vn -0.713909719 -0.300341606 0.632556584
vn -0.792328120 -0.554541816 0.254361012
vn -0.792328120 -0.554541816 0.254361012
vn -0.785740110 0.546330779 0.290060613
vn -0.792910115 0.539560815 0.283138970
vn -0.785740110 0.546330779 0.290060613
vn -0.792328120 -0.554541816 0.254361012
vn -0.660522830 -0.720522861 0.211083863
vn -0.607035489 0.564778538 0.559046614
vn 0.375760813 0.862976108 -0.337751458
vn 0.372070112 0.907995039 -0.192636549
vn 0.375760813 0.862976108 -0.337751458
vn -0.607035489 0.564778538 0.559046614
vn -0.792910115 0.539560815 0.283138970
vn -0.792910115 0.539560815 0.283138970
vn 0.272215297 0.958816502 -0.081053979
vn 0.375760813 0.862976108 -0.337751458
vn 0.272215297 0.958816502 -0.081053979
vn -0.792910115 0.539560815 0.283138970
vn -0.785740110 0.546330779 0.290060613
vn 0.710881633 0.673344341 0.203112537
vn 0.877669964 -0.407610386 0.252089682
vn 0.992137795 0.029256569 0.121682575
vn 0.877669964 -0.407610386 0.252089682
vn 0.710881633 0.673344341 0.203112537
vn 0.761384064 -0.117451326 0.637573127
vn 0.417708455 -0.811184006 0.409267827
vn 0.090894327 -0.859814849 -0.502450641
vn 0.129399110 -0.976451122 0.172624092
vn 0.090894327 -0.859814849 -0.502450641
vn 0.417708455 -0.811184006 0.409267827
vn -0.079848581 -0.996209752 0.034501223
vn 0.058760245 0.972072752 0.227204311
vn 0.645146696 0.763804105 -0.019723840
vn 0.778657600 0.538487594 0.322061257
vn 0.645146696 0.763804105 -0.019723840
vn 0.058760245 0.972072752 0.227204311
vn 0.039575829 0.980069161 -0.194674583
vn 0.039575829 0.980069161 -0.194674583
vn 0.348111476 0.776282016 -0.525551741
vn 0.645146696 0.763804105 -0.019723840
vn 0.348111476 0.776282016 -0.525551741
vn 0.039575829 0.980069161 -0.194674583
vn 0.126977541 0.710027613 -0.692630849
vn 0.126977541 0.710027613 -0.692630849
vn -0.387189907 0.827778614 -0.406037612
vn 0.348111476 0.776282016 -0.525551741
vn -0.387189907 0.827778614 -0.406037612
vn 0.126977541 0.710027613 -0.692630849
vn -0.770900839 -0.281315040 -0.571466312
vn 0.835018612 0.084702545 -0.543662943
vn 0.368843108 0.895707371 -0.248320491
vn 0.372070112 0.907995039 -0.192636549
vn 0.368843108 0.895707371 -0.248320491
vn 0.835018612 0.084702545 -0.543662943
vn 0.970008522 -0.242862939 0.010052847
vn 0.372070112 0.907995039 -0.192636549
vn -0.750145256 0.534521926 -0.389317873
vn -0.607035489 0.564778538 0.559046614
vn -0.750145256 0.534521926 -0.389317873
vn 0.372070112 0.907995039 -0.192636549
vn 0.368843108 0.895707371 -0.248320491
vn -0.750145256 0.534521926 -0.389317873
vn -0.713909719 -0.300341606 0.632556584
vn -0.607035489 0.564778538 0.559046614
vn -0.713909719 -0.300341606 0.632556584
vn -0.750145256 0.534521926 -0.389317873
vn -0.250443046 -0.964865690 -0.079451120
vn -0.250443046 -0.964865690 -0.079451120
vn 0.331025469 -0.926440763 -0.179247459
vn -0.713909719 -0.300341606 0.632556584
vn 0.331025469 -0.926440763 -0.179247459
vn -0.250443046 -0.964865690 -0.079451120
vn 0.441399369 -0.872857995 0.208051718
vn 0.778657600 0.538487594 0.322061257
vn 0.992137795 0.029256569 0.121682575
vn 0.961065653 -0.063639528 0.268891840
vn 0.992137795 0.029256569 0.121682575
vn 0.778657600 0.538487594 0.322061257
vn 0.645146696 0.763804105 -0.019723840
vn 0.645146696 0.763804105 -0.019723840
vn 0.710881633 0.673344341 0.203112537
vn 0.992137795 0.029256569 0.121682575
vn 0.710881633 0.673344341 0.203112537
vn 0.645146696 0.763804105 -0.019723840
vn 0.348111476 0.776282016 -0.525551741
vn 0.348111476 0.776282016 -0.525551741
vn -0.387189907 0.827778614 -0.406037612
vn 0.710881633 0.673344341 0.203112537
vn 0.178713274 0.974336978 -0.136854008
vn 0.487457357 0.843668291 -0.224964752
vn 0.099100767 0.983324633 -0.152485096
vn 0.954058071 0.112958238 -0.277513303
vn 0.957472606 -0.191105791 -0.216159168
vn 0.937057316 -0.258838356 -0.234363589
vn 0.957472606 -0.191105791 -0.216159168
vn 0.954058071 0.112958238 -0.277513303
vn 0.869444228 0.436667689 -0.231058572
vn 0.957472606 -0.191105791 -0.216159168
vn 0.620639912 -0.756392723 -0.206582062
vn 0.937057316 -0.258838356 -0.234363589
vn 0.620639912 -0.756392723 -0.206582062
vn 0.957472606 -0.191105791 -0.216159168
vn 0.551295140 -0.823778862 -0.132144066
vn 0.122376514 -0.983334408 -0.134452335
vn 0.551295140 -0.823778862 -0.132144066
vn 0.172283561 -0.984786993 -0.022648457
vn 0.551295140 -0.823778862 -0.132144066
vn 0.122376514 -0.983334408 -0.134452335
vn 0.620639912 -0.756392723 -0.206582062
vn -0.764774338 0.644222178 0.009899333
vn -0.494888798 0.701039177 0.513448293
vn -0.826570363 -0.534639062 0.175904826
vn -0.494888798 0.701039177 0.513448293
vn -0.812966883 -0.300948638 0.498512552
vn -0.546330667 -0.768912941 0.332107952
vn -0.812966883 -0.300948638 0.498512552
vn -0.494888798 0.701039177 0.513448293
vn -0.240001140 0.950091507 0.199312771
vn -0.081353412 -0.921367393 -0.380083872
vn -0.546330667 -0.768912941 0.332107952
vn 0.530495337 -0.773601492 -0.346576730
vn -0.546330667 -0.768912941 0.332107952
vn 0.144519670 -0.978819596 -0.145004356
vn 0.530495337 -0.773601492 -0.346576730
vn 0.144519670 -0.978819596 -0.145004356
vn -0.546330667 -0.768912941 0.332107952
vn -0.812966883 -0.300948638 0.498512552
vn 0.695137703 -0.164461071 -0.699811496
vn 0.701867874 0.635998354 -0.320760941
vn 0.702830118 0.658179705 -0.269869044
vn 0.695137703 -0.164461071 -0.699811496
vn 0.530495337 -0.773601492 -0.346576730
vn 0.701867874 0.635998354 -0.320760941
vn 0.695137703 -0.164461071 -0.699811496
vn -0.081353412 -0.921367393 -0.380083872
vn 0.530495337 -0.773601492 -0.346576730
vn 0.530495337 -0.773601492 -0.346576730
vn 0.867820179 0.311080895 -0.387449112
vn 0.701867874 0.635998354 -0.320760941
vn 0.867820179 0.311080895 -0.387449112
vn 0.530495337 -0.773601492 -0.346576730
vn 0.144519670 -0.978819596 -0.145004356
vn 0.184351278 0.971346584 -0.150001400
vn 0.701867874 0.635998354 -0.320760941
vn -0.494888798 0.701039177 0.513448293
vn 0.701867874 0.635998354 -0.320760941
vn -0.240001140 0.950091507 0.199312771
vn -0.494888798 0.701039177 0.513448293
vn -0.240001140 0.950091507 0.199312771
vn 0.701867874 0.635998354 -0.320760941
vn 0.867820179 0.311080895 -0.387449112
vn -0.494168150 0.859034400 0.133632853
vn -0.753459522 -0.616328686 0.228992793
vn -0.638813786 -0.755525133 0.145253986
vn -0.753459522 -0.616328686 0.228992793
vn -0.494168150 0.859034400 0.133632853
vn -0.142757314 0.954013560 0.263587703
vn -0.142757314 0.954013560 0.263587703
vn -0.748408326 -0.662280432 -0.035631545
vn -0.753459522 -0.616328686 0.228992793
vn -0.748408326 -0.662280432 -0.035631545
vn -0.142757314 0.954013560 0.263587703
vn -0.147534358 0.989037699 -0.006167981
vn -0.638813786 -0.755525133 0.145253986
vn 0.263099401 -0.953376574 0.147823589
vn 0.656379940 -0.747956325 -0.098624084
vn 0.263099401 -0.953376574 0.147823589
vn -0.638813786 -0.755525133 0.145253986
vn -0.753459522 -0.616328686 0.228992793
vn -0.753459522 -0.616328686 0.228992793
vn 0.172493152 -0.983328399 -0.057544525
vn 0.263099401 -0.953376574 0.147823589
vn 0.172493152 -0.983328399 -0.057544525
vn -0.753459522 -0.616328686 0.228992793
vn -0.748408326 -0.662280432 -0.035631545
vn 0.656379940 -0.747956325 -0.098624084
vn 0.812927073 0.577623485 0.074166590
vn 0.715571025 0.698462698 -0.010390704
vn 0.812927073 0.577623485 0.074166590
vn 0.656379940 -0.747956325 -0.098624084
vn 0.263099401 -0.953376574 0.147823589
vn 0.263099401 -0.953376574 0.147823589
vn 0.922514425 0.385956555 -0.002161957
vn 0.812927073 0.577623485 0.074166590
vn 0.922514425 0.385956555 -0.002161957
vn 0.263099401 -0.953376574 0.147823589
vn 0.172493152 -0.983328399 -0.057544525
vn 0.715571025 0.698462698 -0.010390704
vn -0.142757314 0.954013560 0.263587703
vn -0.494168150 0.859034400 0.133632853
vn -0.142757314 0.954013560 0.263587703
vn 0.715571025 0.698462698 -0.010390704
vn 0.812927073 0.577623485 0.074166590
vn 0.812927073 0.577623485 0.074166590
vn -0.147534358 0.989037699 -0.006167981
vn -0.142757314 0.954013560 0.263587703
vn -0.147534358 0.989037699 -0.006167981
vn 0.812927073 0.577623485 0.074166590
vn 0.922514425 0.385956555 -0.002161957
vn -0.002890281 0.852755803 0.522301816
vn 0.051209598 -0.917162312 0.395209907
vn -0.544308685 -0.838483917 0.025937929
vn 0.051209598 -0.917162312 0.395209907
vn -0.002890281 0.852755803 0.522301816
vn 0.883139653 0.227740957 0.410119994
vn -0.971705151 -0.176095035 -0.157415496
vn 0.167807215 0.370861011 0.913401800
vn -0.071414677 -0.782297780 0.618797324
vn 0.167807215 0.370861011 0.913401800
vn -0.971705151 -0.176095035 -0.157415496
vn -0.507001807 0.849751240 0.144471444
vn 0.317707990 -0.946417945 0.057919826
vn -0.519216126 -0.806082086 0.283982896
vn -0.076888611 -0.996788118 -0.022396176
vn -0.519216126 -0.806082086 0.283982896
vn 0.317707990 -0.946417945 0.057919826
vn -0.739571819 -0.672946360 -0.013293615
vn 0.317707990 -0.946417945 0.057919826
vn 0.633426003 0.770785264 0.068275725
vn 0.706946230 0.697744451 -0.115670690
vn 0.633426003 0.770785264 0.068275725
vn 0.317707990 -0.946417945 0.057919826
vn -0.076888611 -0.996788118 -0.022396176
vn -0.172122218 0.962062048 -0.211685043
vn 0.633426003 0.770785264 0.068275725
vn 0.120712364 0.987733846 0.099047337
vn 0.633426003 0.770785264 0.068275725
vn -0.172122218 0.962062048 -0.211685043
vn 0.706946230 0.697744451 -0.115670690
vn 0.867820179 0.311080895 -0.387449112
vn -0.494168150 0.859034400 0.133632853
vn -0.240001140 0.950091507 0.199312771
vn -0.494168150 0.859034400 0.133632853
vn 0.867820179 0.311080895 -0.387449112
vn 0.715571025 0.698462698 -0.010390704
vn -0.240001140 0.950091507 0.199312771
vn -0.638813786 -0.755525133 0.145253986
vn -0.812966883 -0.300948638 0.498512552
vn -0.638813786 -0.755525133 0.145253986
vn -0.240001140 0.950091507 0.199312771
vn -0.494168150 0.859034400 0.133632853
vn 0.144519670 -0.978819596 -0.145004356
vn -0.638813786 -0.755525133 0.145253986
vn 0.656379940 -0.747956325 -0.098624084
vn -0.638813786 -0.755525133 0.145253986
vn 0.144519670 -0.978819596 -0.145004356
vn -0.812966883 -0.300948638 0.498512552
vn 0.656379940 -0.747956325 -0.098624084
vn 0.867820179 0.311080895 -0.387449112
vn 0.144519670 -0.978819596 -0.145004356
vn 0.867820179 0.311080895 -0.387449112
vn 0.656379940 -0.747956325 -0.098624084
vn 0.715571025 0.698462698 -0.010390704
vn 0.064174104 0.623573202 0.779126527
vn 0.184351278 0.971346584 -0.150001400
vn -0.138878845 -0.306294353 0.941751791
vn 0.184351278 0.971346584 -0.150001400
vn 0.064174104 0.623573202 0.779126527
vn 0.702830118 0.658179705 -0.269869044
vn -0.138878845 -0.306294353 0.941751791
vn -0.044263200 0.179587597 0.982745676
vn 0.064174104 0.623573202 0.779126527
vn -0.044263200 0.179587597 0.982745676
vn -0.138878845 -0.306294353 0.941751791
vn -0.195096796 -0.404832207 0.893335393
vn 0.487457357 0.843668291 -0.224964752
vn 0.161218036 0.986851693 -0.011510055
vn 0.099100767 0.983324633 -0.152485096
vn 0.161218036 0.986851693 -0.011510055
vn 0.487457357 0.843668291 -0.224964752
vn 0.600485917 0.798970553 -0.032599385
vn -0.044263200 0.179587597 0.982745676
vn 0.607381621 -0.192735167 0.770675497
vn 0.456399325 0.452957075 0.765852169
vn 0.517820714 -0.803787217 -0.292895574
vn 0.179603642 -0.966931247 0.181070414
vn -0.226358264 -0.843401958 0.487273100
vn 0.179603642 -0.966931247 0.181070414
vn 0.517820714 -0.803787217 -0.292895574
vn -0.667719915 0.593725251 -0.449043919
vn -0.764774338 0.644222178 0.009899333
vn -0.667719915 0.593725251 -0.449043919
vn 0.517820714 -0.803787217 -0.292895574
vn 0.484122981 0.848848767 0.212322183
vn 0.101392070 0.876417864 0.470756174
vn 0.241176791 0.939878832 0.241788208
vn 0.484122981 0.848848767 0.212322183
vn 0.378997229 0.720374925 0.580879564
vn 0.101392070 0.876417864 0.470756174
vn 0.484122981 0.848848767 0.212322183
vn 0.775033082 0.530856945 -0.342804064
vn 0.378997229 0.720374925 0.580879564
vn -0.033865546 0.965301922 0.258931118
vn 0.101392070 0.876417864 0.470756174
vn -0.013036478 0.870657161 0.491717560
vn 0.101392070 0.876417864 0.470756174
vn -0.033865546 0.965301922 0.258931118
vn 0.241176791 0.939878832 0.241788208
vn 0.064174104 0.623573202 0.779126527
vn -0.044263200 0.179587597 0.982745676
vn 0.378997229 0.720374925 0.580879564
vn 0.702830118 0.658179705 -0.269869044
vn 0.775033082 0.530856945 -0.342804064
vn 0.695137703 -0.164461071 -0.699811496
vn 0.702830118 0.658179705 -0.269869044
vn 0.378997229 0.720374925 0.580879564
vn 0.775033082 0.530856945 -0.342804064
vn 0.702830118 0.658179705 -0.269869044
vn 0.064174104 0.623573202 0.779126527
vn 0.378997229 0.720374925 0.580879564
vn 0.608426038 -0.558250630 -0.564069136
vn -0.081353412 -0.921367393 -0.380083872
vn 0.813925067 -0.100262683 -0.572252899
vn -0.081353412 -0.921367393 -0.380083872
vn 0.608426038 -0.558250630 -0.564069136
vn -0.826570363 -0.534639062 0.175904826
vn 0.937057316 -0.258838356 -0.234363589
vn 0.973682479 -0.210579730 -0.087169990
vn 0.954058071 0.112958238 -0.277513303
vn 0.973682479 -0.210579730 -0.087169990
vn 0.937057316 -0.258838356 -0.234363589
vn 0.998453940 0.004031056 0.055438974
vn 0.786404510 -0.615552000 0.051610866
vn -0.826570363 -0.534639062 0.175904826
vn 0.608426038 -0.558250630 -0.564069136
vn 0.858425381 -0.506313152 -0.082175774
vn 0.998453940 0.004031056 0.055438974
vn 0.937057316 -0.258838356 -0.234363589
vn 0.973682479 -0.210579730 -0.087169990
vn 0.973400420 0.149560511 -0.173560582
vn 0.954058071 0.112958238 -0.277513303
vn -0.147534358 0.989037699 -0.006167981
vn -0.739571819 -0.672946360 -0.013293615
vn -0.748408326 -0.662280432 -0.035631545
vn -0.739571819 -0.672946360 -0.013293615
vn -0.147534358 0.989037699 -0.006167981
vn -0.172122218 0.962062048 -0.211685043
vn -0.147534358 0.989037699 -0.006167981
vn 0.706946230 0.697744451 -0.115670690
vn -0.172122218 0.962062048 -0.211685043
vn 0.706946230 0.697744451 -0.115670690
vn -0.147534358 0.989037699 -0.006167981
vn 0.922514425 0.385956555 -0.002161957
vn 0.922514425 0.385956555 -0.002161957
vn 0.317707990 -0.946417945 0.057919826
vn 0.706946230 0.697744451 -0.115670690
vn 0.317707990 -0.946417945 0.057919826
vn 0.922514425 0.385956555 -0.002161957
vn 0.172493152 -0.983328399 -0.057544525
vn 0.317707990 -0.946417945 0.057919826
vn -0.748408326 -0.662280432 -0.035631545
vn -0.739571819 -0.672946360 -0.013293615
vn -0.748408326 -0.662280432 -0.035631545
vn 0.317707990 -0.946417945 0.057919826
vn 0.172493152 -0.983328399 -0.057544525
vn 0.456399325 0.452957075 0.765852169
vn 0.903936852 0.427639909 -0.004719732
vn 0.354372528 0.895069603 -0.270685272
vn 0.903936852 0.427639909 -0.004719732
vn 0.456399325 0.452957075 0.765852169
vn 0.607381621 -0.192735167 0.770675497
vn 0.354372528 0.895069603 -0.270685272
vn -0.047896509 0.888507871 0.456354783
vn 0.456399325 0.452957075 0.765852169
vn -0.047896509 0.888507871 0.456354783
vn 0.354372528 0.895069603 -0.270685272
vn -0.395028718 0.854039428 -0.338480380
vn -0.076888611 -0.996788118 -0.022396176
vn -0.544308685 -0.838483917 0.025937929
vn 0.051209598 -0.917162312 0.395209907
vn -0.544308685 -0.838483917 0.025937929
vn -0.076888611 -0.996788118 -0.022396176
vn -0.519216126 -0.806082086 0.283982896
vn -0.519216126 -0.806082086 0.283982896
vn -0.002890281 0.852755803 0.522301816
vn -0.544308685 -0.838483917 0.025937929
vn -0.002890281 0.852755803 0.522301816
vn -0.519216126 -0.806082086 0.283982896
vn 0.120712364 0.987733846 0.099047337
vn -0.002890281 0.852755803 0.522301816
vn 0.633426003 0.770785264 0.068275725
vn 0.883139653 0.227740957 0.410119994
vn 0.633426003 0.770785264 0.068275725
vn -0.002890281 0.852755803 0.522301816
vn 0.120712364 0.987733846 0.099047337
vn 0.883139653 0.227740957 0.410119994
vn -0.076888611 -0.996788118 -0.022396176
vn 0.051209598 -0.917162312 0.395209907
vn -0.076888611 -0.996788118 -0.022396176
vn 0.883139653 0.227740957 0.410119994
vn 0.633426003 0.770785264 0.068275725
vn -0.172122218 0.962062048 -0.211685043
vn -0.787386961 -0.490161503 -0.373849534
vn -0.739571819 -0.672946360 -0.013293615
vn -0.787386961 -0.490161503 -0.373849534
vn -0.172122218 0.962062048 -0.211685043
vn -0.736431125 0.589713291 -0.331522899
vn -0.787386961 -0.490161503 -0.373849534
vn -0.519216126 -0.806082086 0.283982896
vn -0.739571819 -0.672946360 -0.013293615
vn -0.519216126 -0.806082086 0.283982896
vn -0.787386961 -0.490161503 -0.373849534
vn 0.602635280 -0.559272938 0.569249067
vn -0.519216126 -0.806082086 0.283982896
vn 0.086369770 0.873167136 0.479707635
vn 0.120712364 0.987733846 0.099047337
vn 0.086369770 0.873167136 0.479707635
vn -0.519216126 -0.806082086 0.283982896
vn 0.602635280 -0.559272938 0.569249067
vn 0.086369770 0.873167136 0.479707635
vn -0.172122218 0.962062048 -0.211685043
vn 0.120712364 0.987733846 0.099047337
vn -0.172122218 0.962062048 -0.211685043
vn 0.086369770 0.873167136 0.479707635
vn -0.736431125 0.589713291 -0.331522899
vn -0.736431125 0.589713291 -0.331522899
vn -0.971705151 -0.176095035 -0.157415496
vn -0.787386961 -0.490161503 -0.373849534
vn -0.971705151 -0.176095035 -0.157415496
vn -0.736431125 0.589713291 -0.331522899
vn -0.507001807 0.849751240 0.144471444
vn -0.787386961 -0.490161503 -0.373849534
vn -0.071414677 -0.782297780 0.618797324
vn 0.602635280 -0.559272938 0.569249067
vn -0.071414677 -0.782297780 0.618797324
vn -0.787386961 -0.490161503 -0.373849534
vn -0.971705151 -0.176095035 -0.157415496
vn 0.602635280 -0.559272938 0.569249067
vn 0.167807215 0.370861011 0.913401800
vn 0.086369770 0.873167136 0.479707635
vn 0.167807215 0.370861011 0.913401800
vn 0.602635280 -0.559272938 0.569249067
vn -0.071414677 -0.782297780 0.618797324
vn 0.086369770 0.873167136 0.479707635
vn -0.507001807 0.849751240 0.144471444
vn -0.736431125 0.589713291 -0.331522899
vn -0.507001807 0.849751240 0.144471444
vn 0.086369770 0.873167136 0.479707635
vn 0.167807215 0.370861011 0.913401800
vn 0.308913570 0.812366038 0.494604718
vn 0.824604752 0.499009084 -0.266490030
vn 0.571552385 -0.108476919 0.813363774
vn 0.824604752 0.499009084 -0.266490030
vn 0.308913570 0.812366038 0.494604718
vn 0.030380867 0.279101967 -0.959780753
vn -0.574473985 -0.790518795 0.212272642
vn -0.086351825 -0.400440104 -0.912245080
vn -0.667683203 -0.287788870 -0.686568793
vn -0.086351825 -0.400440104 -0.912245080
vn -0.574473985 -0.790518795 0.212272642
vn -0.098979534 -0.994378074 0.037620448
vn -0.660522830 -0.720522861 0.211083863
vn -0.733696409 0.586336192 0.343364892
vn -0.785740110 0.546330779 0.290060613
vn -0.733696409 0.586336192 0.343364892
vn -0.660522830 -0.720522861 0.211083863
vn -0.574473985 -0.790518795 0.212272642
vn -0.051350450 0.755562357 -0.653060989
vn -0.733696409 0.586336192 0.343364892
vn -0.547153397 0.710148210 -0.443071868
vn -0.733696409 0.586336192 0.343364892
vn -0.051350450 0.755562357 -0.653060989
vn -0.029012061 0.992038591 0.122546867
vn 0.986348452 0.072675563 0.147766690
vn 0.308913570 0.812366038 0.494604718
vn 0.571552385 -0.108476919 0.813363774
vn 0.308913570 0.812366038 0.494604718
vn 0.986348452 0.072675563 0.147766690
vn 0.272215297 0.958816502 -0.081053979
vn -0.086351825 -0.400440104 -0.912245080
vn 0.076877994 -0.925603175 0.370605636
vn 0.068560356 -0.189296006 -0.979523609
vn 0.076877994 -0.925603175 0.370605636
vn -0.086351825 -0.400440104 -0.912245080
vn -0.098979534 -0.994378074 0.037620448
vn -0.086351825 -0.400440104 -0.912245080
vn 0.030380867 0.279101967 -0.959780753
vn -0.051350450 0.755562357 -0.653060989
vn 0.030380867 0.279101967 -0.959780753
vn -0.086351825 -0.400440104 -0.912245080
vn 0.068560356 -0.189296006 -0.979523609
vn -0.051350450 0.755562357 -0.653060989
vn 0.308913570 0.812366038 0.494604718
vn -0.029012061 0.992038591 0.122546867
vn 0.308913570 0.812366038 0.494604718
vn -0.051350450 0.755562357 -0.653060989
vn 0.030380867 0.279101967 -0.959780753
vn 0.417708455 -0.811184006 0.409267827
vn 0.761384064 -0.117451326 0.637573127
vn -0.079848581 -0.996209752 0.034501223
vn 0.877669964 -0.407610386 0.252089682
vn 0.761384064 -0.117451326 0.637573127
vn 0.417708455 -0.811184006 0.409267827
vn 0.761384064 -0.117451326 0.637573127
vn 0.793504232 -0.314090551 0.521246737
vn 0.356786375 -0.914161099 0.192387546
vn 0.793504232 -0.314090551 0.521246737
vn 0.441399369 -0.872857995 0.208051718
vn 0.356786375 -0.914161099 0.192387546
vn 0.441399369 -0.872857995 0.208051718
vn 0.793504232 -0.314090551 0.521246737
vn 0.970008522 -0.242862939 0.010052847
vn 0.970008522 -0.242862939 0.010052847
vn 0.331025469 -0.926440763 -0.179247459
vn 0.441399369 -0.872857995 0.208051718
vn 0.331025469 -0.926440763 -0.179247459
vn 0.970008522 -0.242862939 0.010052847
vn 0.835018612 0.084702545 -0.543662943
vn 0.331025469 -0.926440763 -0.179247459
vn 0.818319194 0.178208255 -0.546438939
vn 0.146921042 -0.956751917 -0.251077630
vn 0.818319194 0.178208255 -0.546438939
vn 0.331025469 -0.926440763 -0.179247459
vn 0.835018612 0.084702545 -0.543662943
vn 0.146921042 -0.956751917 -0.251077630
vn 0.986348452 0.072675563 0.147766690
vn 0.112743805 -0.954857683 0.274837477
vn 0.986348452 0.072675563 0.147766690
vn 0.146921042 -0.956751917 -0.251077630
vn 0.818319194 0.178208255 -0.546438939
vn 0.112743805 -0.954857683 0.274837477
vn 0.571552385 -0.108476919 0.813363774
vn 0.076877994 -0.925603175 0.370605636
vn 0.571552385 -0.108476919 0.813363774
vn 0.112743805 -0.954857683 0.274837477
vn 0.986348452 0.072675563 0.147766690
vn 0.571552385 -0.108476919 0.813363774
vn 0.068560356 -0.189296006 -0.979523609
vn 0.076877994 -0.925603175 0.370605636
vn 0.068560356 -0.189296006 -0.979523609
vn 0.571552385 -0.108476919 0.813363774
vn 0.824604752 0.499009084 -0.266490030
vn 0.076877994 -0.925603175 0.370605636
vn -0.098979534 -0.994378074 0.037620448
vn 0.112743805 -0.954857683 0.274837477
vn 0.112743805 -0.954857683 0.274837477
vn -0.574473985 -0.790518795 0.212272642
vn -0.660522830 -0.720522861 0.211083863
vn -0.574473985 -0.790518795 0.212272642
vn 0.112743805 -0.954857683 0.274837477
vn -0.098979534 -0.994378074 0.037620448
vn -0.733696409 0.586336192 0.343364892
vn -0.667683203 -0.287788870 -0.686568793
vn -0.547153397 0.710148210 -0.443071868
vn -0.667683203 -0.287788870 -0.686568793
vn -0.733696409 0.586336192 0.343364892
vn -0.574473985 -0.790518795 0.212272642
vn -0.785740110 0.546330779 0.290060613
vn -0.029012061 0.992038591 0.122546867
vn 0.272215297 0.958816502 -0.081053979
vn -0.029012061 0.992038591 0.122546867
vn -0.785740110 0.546330779 0.290060613
vn -0.733696409 0.586336192 0.343364892
vn -0.029012061 0.992038591 0.122546867
vn 0.308913570 0.812366038 0.494604718
vn 0.272215297 0.958816502 -0.081053979
vn 0.960878991 -0.237717403 0.142133747
vn 0.961065653 -0.063639528 0.268891840
vn 0.877669964 -0.407610386 0.252089682
vn 0.961065653 -0.063639528 0.268891840
vn 0.992137795 0.029256569 0.121682575
vn 0.877669964 -0.407610386 0.252089682
vn -0.079848581 -0.996209752 0.034501223
vn -0.179254363 -0.595263721 -0.783280904
vn 0.090894327 -0.859814849 -0.502450641
vn 0.718119676 0.487543195 -0.496594164
vn 0.269002696 0.278975968 -0.921851376
vn 0.880639819 0.214569533 -0.422413808
vn 0.269002696 0.278975968 -0.921851376
vn 0.718119676 0.487543195 -0.496594164
vn 0.922752659 -0.358127147 -0.142381450
vn 0.554484149 0.801098775 -0.225362111
vn 0.354372528 0.895069603 -0.270685272
vn 0.903936852 0.427639909 -0.004719732
vn 0.354372528 0.895069603 -0.270685272
vn 0.554484149 0.801098775 -0.225362111
vn 0.092578304 0.952946252 -0.288656713
vn 0.354157220 -0.013138083 0.935093607
vn 0.202371678 -0.369107712 0.907086105
vn 0.010615614 -0.094186680 0.995497955
vn 0.987593011 -0.136883034 0.076961551
vn 0.836785259 -0.525302370 0.154427493
vn 0.788659076 -0.415142479 0.453512495
vn 0.718119676 0.487543195 -0.496594164
vn 0.947054928 0.271809773 -0.170898831
vn 0.745342086 0.602704035 -0.284978984
vn 0.947054928 0.271809773 -0.170898831
vn 0.718119676 0.487543195 -0.496594164
vn 0.880639819 0.214569533 -0.422413808
vn 0.505574291 0.791133030 -0.344242888
vn 0.745342086 0.602704035 -0.284978984
vn 0.514067656 0.851760511 -0.101185360
vn 0.745342086 0.602704035 -0.284978984
vn 0.505574291 0.791133030 -0.344242888
vn 0.718119676 0.487543195 -0.496594164
vn 0.907692960 0.399213461 0.129313973
vn 0.939802761 0.158993835 0.302476001
vn 0.820295615 0.531708921 0.210714799
vn 0.939802761 0.158993835 0.302476001
vn 0.907692960 0.399213461 0.129313973
vn 0.965065666 0.245946175 0.090325743
vn 0.907692960 0.399213461 0.129313973
vn 0.820295615 0.531708921 0.210714799
vn 0.514067656 0.851760511 -0.101185360
vn 0.092578304 0.952946252 -0.288656713
vn 0.609585256 0.790091521 -0.064507403
vn -0.012058865 0.996937274 -0.077270021
vn 0.609585256 0.790091521 -0.064507403
vn 0.092578304 0.952946252 -0.288656713
vn 0.554484149 0.801098775 -0.225362111
vn -0.563262094 0.825776192 0.028800957
vn -0.123989201 0.903863467 0.409460023
vn -0.502200631 0.697986595 0.510499011
vn -0.123989201 0.903863467 0.409460023
vn -0.563262094 0.825776192 0.028800957
vn -0.012058865 0.996937274 -0.077270021
vn 0.505574291 0.791133030 -0.344242888
vn 0.922752659 -0.358127147 -0.142381450
vn 0.718119676 0.487543195 -0.496594164
vn 0.939802761 0.158993835 0.302476001
vn 0.987593011 -0.136883034 0.076961551
vn 0.788659076 -0.415142479 0.453512495
vn 0.975192455 0.216875157 -0.044326531
vn 0.985481472 0.020297572 -0.168565348
vn 0.967128709 -0.253362270 -0.021670732
vn 0.880639819 0.214569533 -0.422413808
vn 0.269002696 0.278975968 -0.921851376
vn 0.822596421 0.009611963 -0.568544403
vn 0.822596421 0.009611963 -0.568544403
vn 0.011695262 0.061587659 -0.998033156
vn 0.488512563 -0.674462847 -0.553584090
vn 0.011695262 0.061587659 -0.998033156
vn 0.822596421 0.009611963 -0.568544403
vn 0.269002696 0.278975968 -0.921851376
vn 0.618808948 -0.193485951 0.761340051
vn 0.939802761 0.158993835 0.302476001
vn 0.788659076 -0.415142479 0.453512495
vn 0.645614310 0.210732078 0.734012366
vn 0.580274095 0.746834438 0.324838878
vn 0.820295615 0.531708921 0.210714799
vn 0.580274095 0.746834438 0.324838878
vn 0.645614310 0.210732078 0.734012366
vn 0.329616204 0.433098489 0.838915286
vn -0.502200631 0.697986595 0.510499011
vn -0.022830436 0.410882971 0.911402192
vn -0.235089777 0.271945043 0.933155234
vn 0.939802761 0.158993835 0.302476001
vn 0.645614310 0.210732078 0.734012366
vn 0.820295615 0.531708921 0.210714799
vn -0.395028718 0.854039428 -0.338480380
vn 0.092578304 0.952946252 -0.288656713
vn -0.510183893 0.778822826 -0.364893684
vn 0.092578304 0.952946252 -0.288656713
vn -0.395028718 0.854039428 -0.338480380
vn 0.354372528 0.895069603 -0.270685272
vn -0.510183893 0.778822826 -0.364893684
vn -0.012058865 0.996937274 -0.077270021
vn -0.563262094 0.825776192 0.028800957
vn -0.012058865 0.996937274 -0.077270021
vn -0.510183893 0.778822826 -0.364893684
vn 0.092578304 0.952946252 -0.288656713
vn -0.123989201 0.903863467 0.409460023
vn -0.012058865 0.996937274 -0.077270021
vn 0.580274095 0.746834438 0.324838878
vn 0.329616204 0.433098489 0.838915286
vn -0.123989201 0.903863467 0.409460023
vn 0.580274095 0.746834438 0.324838878
vn 0.960993599 0.262108835 0.088262451
vn 0.478422261 0.851827087 -0.213313746
vn 0.947082084 0.317254745 -0.048835973
vn 0.478422261 0.851827087 -0.213313746
vn 0.960993599 0.262108835 0.088262451
vn 0.623909751 0.506467460 0.595170005
vn 0.745342086 0.602704035 -0.284978984
vn 0.478422261 0.851827087 -0.213313746
vn 0.514067656 0.851760511 -0.101185360
vn 0.478422261 0.851827087 -0.213313746
vn 0.745342086 0.602704035 -0.284978984
vn 0.947082084 0.317254745 -0.048835973
vn 0.514067656 0.851760511 -0.101185360
vn 0.623909751 0.506467460 0.595170005
vn 0.907692960 0.399213461 0.129313973
vn 0.623909751 0.506467460 0.595170005
vn 0.514067656 0.851760511 -0.101185360
vn 0.478422261 0.851827087 -0.213313746
vn 0.907692960 0.399213461 0.129313973
vn 0.960993599 0.262108835 0.088262451
vn 0.941677621 0.335887411 0.020564662
vn 0.960993599 0.262108835 0.088262451
vn 0.907692960 0.399213461 0.129313973
vn 0.623909751 0.506467460 0.595170005
vn 0.941677621 0.335887411 0.020564662
vn 0.947082084 0.317254745 -0.048835973
vn 0.745342086 0.602704035 -0.284978984
vn 0.947082084 0.317254745 -0.048835973
vn 0.941677621 0.335887411 0.020564662
vn 0.960993599 0.262108835 0.088262451
vn 0.984594343 -0.170311545 -0.039597453
vn 0.975192455 0.216875157 -0.044326531
vn 0.967128709 -0.253362270 -0.021670732
vn 0.975192455 0.216875157 -0.044326531
vn 0.984594343 -0.170311545 -0.039597453
vn 0.965065666 0.245946175 0.090325743
vn 0.975192455 0.216875157 -0.044326531
vn 0.907692960 0.399213461 0.129313973
vn 0.941677621 0.335887411 0.020564662
vn 0.907692960 0.399213461 0.129313973
vn 0.975192455 0.216875157 -0.044326531
vn 0.965065666 0.245946175 0.090325743
vn 0.922752659 -0.358127147 -0.142381450
vn 0.607381621 -0.192735167 0.770675497
vn 0.340212723 -0.827291621 0.447039010
vn 0.607381621 -0.192735167 0.770675497
vn 0.922752659 -0.358127147 -0.142381450
vn 0.903936852 0.427639909 -0.004719732
vn 0.607381621 -0.192735167 0.770675497
vn -0.044263200 0.179587597 0.982745676
vn -0.195096796 -0.404832207 0.893335393
vn 0.903936852 0.427639909 -0.004719732
vn 0.505574291 0.791133030 -0.344242888
vn 0.554484149 0.801098775 -0.225362111
vn 0.505574291 0.791133030 -0.344242888
vn 0.903936852 0.427639909 -0.004719732
vn 0.922752659 -0.358127147 -0.142381450
vn 0.505574291 0.791133030 -0.344242888
vn 0.514067656 0.851760511 -0.101185360
vn 0.554484149 0.801098775 -0.225362111
vn 0.045177741 -0.941475965 0.334038888
vn 0.094244914 -0.897368543 0.431100445
vn 0.045644585 -0.933977211 0.354405335
vn 0.094244914 -0.897368543 0.431100445
vn 0.045177741 -0.941475965 0.334038888
vn 0.340212723 -0.827291621 0.447039010
vn 0.417708455 -0.811184006 0.409267827
vn 0.199680434 -0.976951751 0.075451978
vn 0.541645823 -0.838178940 0.063842523
vn 0.199680434 -0.976951751 0.075451978
vn 0.417708455 -0.811184006 0.409267827
vn 0.129399110 -0.976451122 0.172624092
vn -0.204442974 0.953689505 0.220634083
vn 0.039575829 0.980069161 -0.194674583
vn 0.058760245 0.972072752 0.227204311
vn 0.039575829 0.980069161 -0.194674583
vn -0.204442974 0.953689505 0.220634083
vn -0.203275212 0.978079940 0.045153286
vn 0.039575829 0.980069161 -0.194674583
vn 0.047794097 0.868225258 -0.493862963
vn 0.126977541 0.710027613 -0.692630849
vn 0.047794097 0.868225258 -0.493862963
vn 0.039575829 0.980069161 -0.194674583
vn -0.203275212 0.978079940 0.045153286
vn 0.047794097 0.868225258 -0.493862963
vn -0.770900839 -0.281315040 -0.571466312
vn 0.126977541 0.710027613 -0.692630849
vn -0.770900839 -0.281315040 -0.571466312
vn 0.047794097 0.868225258 -0.493862963
vn -0.131366179 0.045473231 -0.990290418
vn 0.098590621 -0.948000906 -0.302612247
vn 0.340212723 -0.827291621 0.447039010
vn 0.045177741 -0.941475965 0.334038888
vn 0.340212723 -0.827291621 0.447039010
vn 0.098590621 -0.948000906 -0.302612247
vn 0.922752659 -0.358127147 -0.142381450
vn -0.131366179 0.045473231 -0.990290418
vn -0.179254363 -0.595263721 -0.783280904
vn -0.770900839 -0.281315040 -0.571466312
vn -0.770900839 -0.281315040 -0.571466312
vn -0.179254363 -0.595263721 -0.783280904
vn -0.079848581 -0.996209752 0.034501223
vn -0.022830436 0.410882971 0.911402192
vn 0.010615614 -0.094186680 0.995497955
vn -0.235089777 0.271945043 0.933155234
vn 0.010615614 -0.094186680 0.995497955
vn -0.022830436 0.410882971 0.911402192
vn 0.354157220 -0.013138083 0.935093607
vn 0.944694924 -0.311685282 -0.101998943
vn 0.924964078 -0.367106895 0.098356402
vn 0.967128709 -0.253362270 -0.021670732
vn 0.924964078 -0.367106895 0.098356402
vn 0.944694924 -0.311685282 -0.101998943
vn 0.906223423 -0.409961817 0.103394473
vn 0.269002696 0.278975968 -0.921851376
vn 0.098590621 -0.948000906 -0.302612247
vn 0.011695262 0.061587659 -0.998033156
vn 0.098590621 -0.948000906 -0.302612247
vn 0.269002696 0.278975968 -0.921851376
vn 0.922752659 -0.358127147 -0.142381450
vn 0.409209972 -0.651966732 0.638346755
vn 0.202371678 -0.369107712 0.907086105
vn 0.618808948 -0.193485951 0.761340051
vn 0.409209972 -0.651966732 0.638346755
vn 0.788659076 -0.415142479 0.453512495
vn 0.490383746 -0.755240501 0.434897191
vn 0.788659076 -0.415142479 0.453512495
vn 0.409209972 -0.651966732 0.638346755
vn 0.618808948 -0.193485951 0.761340051
vn 0.967128709 -0.253362270 -0.021670732
vn 0.867704633 -0.488678177 -0.091007194
vn 0.984594343 -0.170311545 -0.039597453
vn 0.867704633 -0.488678177 -0.091007194
vn 0.967128709 -0.253362270 -0.021670732
vn 0.924964078 -0.367106895 0.098356402
vn -0.546330667 -0.768912941 0.332107952
vn -0.081353412 -0.921367393 -0.380083872
vn -0.826570363 -0.534639062 0.175904826
vn -0.826570363 -0.534639062 0.175904826
vn -0.494888798 0.701039177 0.513448293
vn -0.546330667 -0.768912941 0.332107952
vn 0.551295140 -0.823778862 -0.132144066
vn 0.960878991 -0.237717403 0.142133747
vn 0.541645823 -0.838178940 0.063842523
vn 0.960878991 -0.237717403 0.142133747
vn 0.551295140 -0.823778862 -0.132144066
vn 0.957472606 -0.191105791 -0.216159168
vn 0.957472606 -0.191105791 -0.216159168
vn 0.857762983 0.513996417 -0.007095686
vn 0.960878991 -0.237717403 0.142133747
vn 0.857762983 0.513996417 -0.007095686
vn 0.957472606 -0.191105791 -0.216159168
vn 0.869444228 0.436667689 -0.231058572
vn 0.857762983 0.513996417 -0.007095686
vn 0.178713274 0.974336978 -0.136854008
vn 0.023455530 0.999434595 -0.024090020
vn 0.178713274 0.974336978 -0.136854008
vn 0.857762983 0.513996417 -0.007095686
vn 0.869444228 0.436667689 -0.231058572
vn 0.023455530 0.999434595 -0.024090020
vn -0.173608661 0.977627730 -0.118760494
vn -0.202706080 0.979146467 -0.013507064
vn -0.173608661 0.977627730 -0.118760494
vn 0.023455530 0.999434595 -0.024090020
vn 0.178713274 0.974336978 -0.136854008
vn 0.607381621 -0.192735167 0.770675497
vn -0.195096796 -0.404832207 0.893335393
vn 0.340212723 -0.827291621 0.447039010
vn 0.340212723 -0.827291621 0.447039010
vn -0.195096796 -0.404832207 0.893335393
vn -0.226358264 -0.843401958 0.487273100
vn -0.226358264 -0.843401958 0.487273100
vn -0.138878845 -0.306294353 0.941751791
vn 0.517820714 -0.803787217 -0.292895574
vn -0.138878845 -0.306294353 0.941751791
vn -0.226358264 -0.843401958 0.487273100
vn -0.195096796 -0.404832207 0.893335393
vn 0.517820714 -0.803787217 -0.292895574
vn 0.184351278 0.971346584 -0.150001400
vn -0.764774338 0.644222178 0.009899333
vn 0.184351278 0.971346584 -0.150001400
vn 0.517820714 -0.803787217 -0.292895574
vn -0.138878845 -0.306294353 0.941751791
vn 0.184351278 0.971346584 -0.150001400
vn -0.494888798 0.701039177 0.513448293
vn -0.764774338 0.644222178 0.009899333
vn 0.701867874 0.635998354 -0.320760941
vn 0.184351278 0.971346584 -0.150001400
vn 0.702830118 0.658179705 -0.269869044
vn 0.761384064 -0.117451326 0.637573127
vn 0.356786375 -0.914161099 0.192387546
vn -0.079848581 -0.996209752 0.034501223
vn 0.987593011 -0.136883034 0.076961551
vn 0.965065666 0.245946175 0.090325743
vn 0.984594343 -0.170311545 -0.039597453
vn 0.867704633 -0.488678177 -0.091007194
vn 0.987593011 -0.136883034 0.076961551
vn 0.984594343 -0.170311545 -0.039597453
vn 0.987593011 -0.136883034 0.076961551
vn 0.867704633 -0.488678177 -0.091007194
vn 0.836785259 -0.525302370 0.154427493
vn 0.987593011 -0.136883034 0.076961551
vn 0.939802761 0.158993835 0.302476001
vn 0.965065666 0.245946175 0.090325743
vn 0.030380867 0.279101967 -0.959780753
vn 0.068560356 -0.189296006 -0.979523609
vn 0.824604752 0.499009084 -0.266490030
vn 0.822596421 0.009611963 -0.568544403
vn 0.868685747 -0.495327827 -0.005951235
vn 0.983604190 -0.180241669 -0.005978097
vn 0.985481472 0.020297572 -0.168565348
vn 0.975192455 0.216875157 -0.044326531
vn 0.947054928 0.271809773 -0.170898831
vn 0.822596421 0.009611963 -0.568544403
vn 0.985481472 0.020297572 -0.168565348
vn 0.880639819 0.214569533 -0.422413808
vn 0.983604190 -0.180241669 -0.005978097
vn 0.809811960 -0.586235238 -0.023083205
vn 0.944694924 -0.311685282 -0.101998943
vn 0.809811960 -0.586235238 -0.023083205
vn 0.983604190 -0.180241669 -0.005978097
vn 0.868685747 -0.495327827 -0.005951235
vn 0.924964078 -0.367106895 0.098356402
vn 0.562275044 -0.816020973 -0.134002039
vn 0.561869658 -0.827107374 0.013995668
vn 0.809811960 -0.586235238 -0.023083205
vn 0.841597363 -0.492100660 -0.222600134
vn 0.944694924 -0.311685282 -0.101998943
vn 0.563602414 -0.822600252 -0.075373369
vn 0.868685747 -0.495327827 -0.005951235
vn 0.556349783 -0.825432684 0.095581395
vn 0.868685747 -0.495327827 -0.005951235
vn 0.563602414 -0.822600252 -0.075373369
vn 0.809811960 -0.586235238 -0.023083205
vn 0.985481472 0.020297572 -0.168565348
vn 0.983604190 -0.180241669 -0.005978097
vn 0.944694924 -0.311685282 -0.101998943
vn 0.983604190 -0.180241669 -0.005978097
vn 0.985481472 0.020297572 -0.168565348
vn 0.822596421 0.009611963 -0.568544403
vn 0.985481472 0.020297572 -0.168565348
vn 0.947054928 0.271809773 -0.170898831
vn 0.880639819 0.214569533 -0.422413808
vn 0.745342086 0.602704035 -0.284978984
vn 0.975192455 0.216875157 -0.044326531
vn 0.941677621 0.335887411 0.020564662
vn 0.975192455 0.216875157 -0.044326531
vn 0.745342086 0.602704035 -0.284978984
vn 0.947054928 0.271809773 -0.170898831
vn 0.967128709 -0.253362270 -0.021670732
vn 0.985481472 0.020297572 -0.168565348
vn 0.944694924 -0.311685282 -0.101998943
vn 0.490383746 -0.755240501 0.434897191
vn 0.836785259 -0.525302370 0.154427493
vn 0.546978180 -0.818119451 0.177469532
vn 0.836785259 -0.525302370 0.154427493
vn 0.490383746 -0.755240501 0.434897191
vn 0.788659076 -0.415142479 0.453512495
vn 0.836785259 -0.525302370 0.154427493
vn 0.563086312 -0.826130121 -0.021043484
vn 0.546978180 -0.818119451 0.177469532
vn 0.563086312 -0.826130121 -0.021043484
vn 0.836785259 -0.525302370 0.154427493
vn 0.867704633 -0.488678177 -0.091007194
vn 0.563086312 -0.826130121 -0.021043484
vn 0.924964078 -0.367106895 0.098356402
vn 0.561869658 -0.827107374 0.013995668
vn 0.924964078 -0.367106895 0.098356402
vn 0.563086312 -0.826130121 -0.021043484
vn 0.867704633 -0.488678177 -0.091007194
vn 0.906223423 -0.409961817 0.103394473
vn 0.944694924 -0.311685282 -0.101998943
vn 0.841597363 -0.492100660 -0.222600134
vn 0.869444228 0.436667689 -0.231058572
vn 0.954058071 0.112958238 -0.277513303
vn 0.487457357 0.843668291 -0.224964752
vn 0.484122981 0.848848767 0.212322183
vn 0.813925067 -0.100262683 -0.572252899
vn 0.775033082 0.530856945 -0.342804064
vn 0.954058071 0.112958238 -0.277513303
vn 0.600485917 0.798970553 -0.032599385
vn 0.487457357 0.843668291 -0.224964752
vn 0.600485917 0.798970553 -0.032599385
vn 0.954058071 0.112958238 -0.277513303
vn 0.973400420 0.149560511 -0.173560582
vn 0.487457357 0.843668291 -0.224964752
vn 0.178713274 0.974336978 -0.136854008
vn 0.869444228 0.436667689 -0.231058572
vn 0.868685747 -0.495327827 -0.005951235
vn 0.488512563 -0.674462847 -0.553584090
vn 0.556349783 -0.825432684 0.095581395
vn -0.047896509 0.888507871 0.456354783
vn 0.101392070 0.876417864 0.470756174
vn 0.456399325 0.452957075 0.765852169
vn 0.841597363 -0.492100660 -0.222600134
vn 0.563602414 -0.822600252 -0.075373369
vn 0.528742154 -0.745232083 -0.406276848
vn 0.563602414 -0.822600252 -0.075373369
vn 0.841597363 -0.492100660 -0.222600134
vn 0.809811960 -0.586235238 -0.023083205
vn 0.562275044 -0.816020973 -0.134002039
vn 0.841597363 -0.492100660 -0.222600134
vn 0.528742154 -0.745232083 -0.406276848
vn 0.841597363 -0.492100660 -0.222600134
vn 0.562275044 -0.816020973 -0.134002039
vn 0.906223423 -0.409961817 0.103394473
vn 0.161218036 0.986851693 -0.011510055
vn -0.033865546 0.965301922 0.258931118
vn -0.090991220 0.993581373 -0.067206046
vn -0.033865546 0.965301922 0.258931118
vn 0.161218036 0.986851693 -0.011510055
vn 0.241176791 0.939878832 0.241788208
vn 0.241176791 0.939878832 0.241788208
vn 0.600485917 0.798970553 -0.032599385
vn 0.484122981 0.848848767 0.212322183
vn 0.600485917 0.798970553 -0.032599385
vn 0.241176791 0.939878832 0.241788208
vn 0.161218036 0.986851693 -0.011510055
vn 0.600485917 0.798970553 -0.032599385
vn 0.813925067 -0.100262683 -0.572252899
vn 0.484122981 0.848848767 0.212322183
vn 0.813925067 -0.100262683 -0.572252899
vn 0.600485917 0.798970553 -0.032599385
vn 0.973400420 0.149560511 -0.173560582
vn 0.813925067 -0.100262683 -0.572252899
vn 0.973682479 -0.210579730 -0.087169990
vn 0.957974276 -0.244715882 -0.149664366
vn 0.973682479 -0.210579730 -0.087169990
vn 0.813925067 -0.100262683 -0.572252899
vn 0.973400420 0.149560511 -0.173560582
vn 0.957974276 -0.244715882 -0.149664366
vn 0.998453940 0.004031056 0.055438974
vn 0.608426038 -0.558250630 -0.564069136
vn 0.998453940 0.004031056 0.055438974
vn 0.957974276 -0.244715882 -0.149664366
vn 0.973682479 -0.210579730 -0.087169990
vn 0.858425381 -0.506313152 -0.082175774
vn 0.608426038 -0.558250630 -0.564069136
vn 0.998453940 0.004031056 0.055438974
vn 0.608426038 -0.558250630 -0.564069136
vn 0.858425381 -0.506313152 -0.082175774
vn 0.786404510 -0.615552000 0.051610866
vn 0.412392988 -0.909920704 0.044456004
vn 0.122376514 -0.983334408 -0.134452335
vn 0.066330026 -0.982299805 0.175178255
vn 0.122376514 -0.983334408 -0.134452335
vn 0.412392988 -0.909920704 0.044456004
vn 0.620639912 -0.756392723 -0.206582062
vn 0.620639912 -0.756392723 -0.206582062
vn 0.858425381 -0.506313152 -0.082175774
vn 0.937057316 -0.258838356 -0.234363589
vn 0.858425381 -0.506313152 -0.082175774
vn 0.620639912 -0.756392723 -0.206582062
vn 0.412392988 -0.909920704 0.044456004
vn 0.191170819 -0.933122594 0.304525765
vn 0.179603642 -0.966931247 0.181070414
vn 0.786404510 -0.615552000 0.051610866
vn 0.179603642 -0.966931247 0.181070414
vn 0.191170819 -0.933122594 0.304525765
vn 0.094244914 -0.897368543 0.431100445
vn 0.786404510 -0.615552000 0.051610866
vn -0.667719915 0.593725251 -0.449043919
vn -0.826570363 -0.534639062 0.175904826
vn -0.667719915 0.593725251 -0.449043919
vn 0.786404510 -0.615552000 0.051610866
vn 0.179603642 -0.966931247 0.181070414
vn -0.667719915 0.593725251 -0.449043919
vn -0.764774338 0.644222178 0.009899333
vn -0.826570363 -0.534639062 0.175904826
vn 0.695137703 -0.164461071 -0.699811496
vn 0.813925067 -0.100262683 -0.572252899
vn -0.081353412 -0.921367393 -0.380083872
vn 0.813925067 -0.100262683 -0.572252899
vn 0.695137703 -0.164461071 -0.699811496
vn 0.775033082 0.530856945 -0.342804064
vn 0.094244914 -0.897368543 0.431100445
vn 0.046854552 -0.910245508 0.411409486
vn 0.045644585 -0.933977211 0.354405335
vn 0.046854552 -0.910245508 0.411409486
vn 0.094244914 -0.897368543 0.431100445
vn 0.191170819 -0.933122594 0.304525765
vn 0.609585256 0.790091521 -0.064507403
vn 0.820295615 0.531708921 0.210714799
vn 0.580274095 0.746834438 0.324838878
vn 0.554484149 0.801098775 -0.225362111
vn 0.514067656 0.851760511 -0.101185360
vn 0.609585256 0.790091521 -0.064507403
vn 0.820295615 0.531708921 0.210714799
vn 0.609585256 0.790091521 -0.064507403
vn 0.514067656 0.851760511 -0.101185360
vn 0.580274095 0.746834438 0.324838878
vn -0.012058865 0.996937274 -0.077270021
vn 0.609585256 0.790091521 -0.064507403
vn 0.618808948 -0.193485951 0.761340051
vn 0.354157220 -0.013138083 0.935093607
vn 0.645614310 0.210732078 0.734012366
vn 0.354157220 -0.013138083 0.935093607
vn 0.329616204 0.433098489 0.838915286
vn 0.645614310 0.210732078 0.734012366
vn 0.329616204 0.433098489 0.838915286
vn 0.354157220 -0.013138083 0.935093607
vn -0.022830436 0.410882971 0.911402192
vn -0.022830436 0.410882971 0.911402192
vn -0.123989201 0.903863467 0.409460023
vn 0.329616204 0.433098489 0.838915286
vn 0.645614310 0.210732078 0.734012366
vn 0.939802761 0.158993835 0.302476001
vn 0.618808948 -0.193485951 0.761340051
vn -0.135473971 0.975489791 -0.173396857
vn 0.178713274 0.974336978 -0.136854008
vn 0.099100767 0.983324633 -0.152485096
vn 0.178713274 0.974336978 -0.136854008
vn -0.135473971 0.975489791 -0.173396857
vn -0.173608661 0.977627730 -0.118760494
vn -0.047896509 0.888507871 0.456354783
vn -0.013036478 0.870657161 0.491717560
vn 0.101392070 0.876417864 0.470756174
vn 0.541645823 -0.838178940 0.063842523
vn 0.172283561 -0.984786993 -0.022648457
vn 0.551295140 -0.823778862 -0.132144066
vn 0.172283561 -0.984786993 -0.022648457
vn 0.541645823 -0.838178940 0.063842523
vn 0.199680434 -0.976951751 0.075451978
vn 0.868685747 -0.495327827 -0.005951235
vn 0.822596421 0.009611963 -0.568544403
vn 0.488512563 -0.674462847 -0.553584090
vn 0.562275044 -0.816020973 -0.134002039
vn 0.924964078 -0.367106895 0.098356402
vn 0.906223423 -0.409961817 0.103394473
vn 0.354157220 -0.013138083 0.935093607
vn 0.618808948 -0.193485951 0.761340051
vn 0.202371678 -0.369107712 0.907086105
vn -0.022830436 0.410882971 0.911402192
vn -0.502200631 0.697986595 0.510499011
vn -0.123989201 0.903863467 0.409460023
vn 0.835018612 0.084702545 -0.543662943
vn 0.617905864 -0.735142656 -0.278850531
vn 0.475584580 -0.842940398 -0.251536860
vn 0.617905864 -0.735142656 -0.278850531
vn 0.835018612 0.084702545 -0.543662943
vn 0.818319194 0.178208255 -0.546438939
vn 0.970008522 -0.242862939 0.010052847
vn 0.475584580 -0.842940398 -0.251536860
vn 0.450025452 -0.881427670 0.143395802
vn 0.475584580 -0.842940398 -0.251536860
vn 0.970008522 -0.242862939 0.010052847
vn 0.835018612 0.084702545 -0.543662943
vn 0.793504232 -0.314090551 0.521246737
vn 0.450025452 -0.881427670 0.143395802
vn 0.434158097 -0.842542766 0.318792149
vn 0.450025452 -0.881427670 0.143395802
vn 0.793504232 -0.314090551 0.521246737
vn 0.970008522 -0.242862939 0.010052847
vn 0.761384064 -0.117451326 0.637573127
vn 0.434158097 -0.842542766 0.318792149
vn 0.362854809 -0.837026234 0.409540561
vn 0.434158097 -0.842542766 0.318792149
vn 0.761384064 -0.117451326 0.637573127
vn 0.793504232 -0.314090551 0.521246737
vn 0.362854809 -0.837026234 0.409540561
vn 0.417708455 -0.811184006 0.409267827
vn 0.761384064 -0.117451326 0.637573127
vn 0.897089394 -0.086409310 -0.433317494
vn 0.818319194 0.178208255 -0.546438939
vn 0.986348452 0.072675563 0.147766690
vn 0.818319194 0.178208255 -0.546438939
vn 0.897089394 -0.086409310 -0.433317494
vn 0.617905864 -0.735142656 -0.278850531
vn 0.187484928 0.975778777 0.112717254
vn 0.842120083 0.513697392 -0.164160763
vn -0.385547374 0.922684775 -0.002455348
vn 0.842120083 0.513697392 -0.164160763
vn 0.187484928 0.975778777 0.112717254
vn 0.727298116 0.685027837 -0.042122602
vn 0.663870280 0.744403867 -0.071687753
vn 0.187484928 0.975778777 0.112717254
vn 0.174537158 0.979205854 0.103405396
vn 0.187484928 0.975778777 0.112717254
vn 0.663870280 0.744403867 -0.071687753
vn 0.727298116 0.685027837 -0.042122602
vn 0.596454234 0.802568107 -0.011259707
vn 0.174537158 0.979205854 0.103405396
vn -0.374097293 0.895835854 -0.239852744
vn 0.174537158 0.979205854 0.103405396
vn 0.596454234 0.802568107 -0.011259707
vn 0.663870280 0.744403867 -0.071687753
vn 0.139359455 0.903630109 -0.405008109
vn 0.596454234 0.802568107 -0.011259707
vn -0.374097293 0.895835854 -0.239852744
vn 0.596454234 0.802568107 -0.011259707
vn 0.139359455 0.903630109 -0.405008109
vn 0.717494854 0.688922365 -0.102893682
vn 0.139359455 0.903630109 -0.405008109
vn 0.495456558 0.830922230 -0.253162096
vn 0.717494854 0.688922365 -0.102893682
vn 0.608426038 -0.558250630 -0.564069136
vn 0.813925067 -0.100262683 -0.572252899
vn 0.957974276 -0.244715882 -0.149664366
vn 0.329734046 -0.798243827 0.504065722
vn -0.001606488 -0.900915478 0.433991613
vn 0.114048522 -0.992937238 0.032689094
vn -0.001606488 -0.900915478 0.433991613
vn 0.329734046 -0.798243827 0.504065722
vn -0.207468283 -0.875879821 0.435650606
vn -0.523407646 -0.829358504 -0.195470991
vn -0.257555267 -0.957474996 0.130026597
vn -0.774809219 -0.631825090 0.021627049
vn -0.257555267 -0.957474996 0.130026597
vn -0.523407646 -0.829358504 -0.195470991
vn -0.095570121 -0.938967149 0.330464893
vn -0.448730924 0.323097555 0.833215775
vn -0.430765948 0.420768322 0.798370038
vn -0.096466298 0.864575341 0.493156904
vn -0.430765948 0.420768322 0.798370038
vn -0.448730924 0.323097555 0.833215775
vn -0.170142287 0.005966270 0.985401444
vn -0.942952062 0.182584748 0.278395794
vn -0.399159363 0.916190785 -0.035584375
vn -0.984401268 0.172231522 0.035922793
vn -0.399159363 0.916190785 -0.035584375
vn -0.942952062 0.182584748 0.278395794
vn -0.452613468 0.866215464 0.211688021
vn -0.798030684 -0.580611614 0.161360408
vn -0.942952062 0.182584748 0.278395794
vn -0.984401268 0.172231522 0.035922793
vn -0.942952062 0.182584748 0.278395794
vn -0.798030684 -0.580611614 0.161360408
vn -0.867943085 -0.445302671 0.219955296
vn -0.167684687 -0.982406921 0.082210025
vn -0.561112442 -0.818448920 0.123669696
vn -0.798030684 -0.580611614 0.161360408
vn -0.561112442 -0.818448920 0.123669696
vn -0.167684687 -0.982406921 0.082210025
vn -0.005631782 -0.999966920 0.005868793
vn -0.095570121 -0.938967149 0.330464893
vn 0.066330026 -0.982299805 0.175178255
vn -0.257555267 -0.957474996 0.130026597
vn 0.066330026 -0.982299805 0.175178255
vn -0.095570121 -0.938967149 0.330464893
vn 0.046854552 -0.910245508 0.411409486
vn -0.452613468 0.866215464 0.211688021
vn -0.202706080 0.979146467 -0.013507064
vn -0.399159363 0.916190785 -0.035584375
vn -0.202706080 0.979146467 -0.013507064
vn -0.452613468 0.866215464 0.211688021
vn -0.204442974 0.953689505 0.220634083
vn -0.317158543 0.928768190 -0.191833543
vn -0.090991220 0.993581373 -0.067206046
vn -0.307812148 0.948984855 -0.068406329
vn -0.090991220 0.993581373 -0.067206046
vn -0.317158543 0.928768190 -0.191833543
vn -0.135473971 0.975489791 -0.173396857
vn -0.016692001 -0.998775201 0.046577620
vn -0.870945812 -0.484922913 0.079392443
vn -0.912270678 -0.400960620 0.083622915
vn -0.870945812 -0.484922913 0.079392443
vn -0.016692001 -0.998775201 0.046577620
vn 0.135081688 -0.990780596 0.010331900
vn -0.870945812 -0.484922913 0.079392443
vn -0.002551329 -0.985129168 -0.171796427
vn -0.946207487 -0.301991706 -0.116156793
vn -0.002551329 -0.985129168 -0.171796427
vn -0.870945812 -0.484922913 0.079392443
vn 0.135081688 -0.990780596 0.010331900
vn 0.907976429 -0.333172345 -0.254116100
vn 0.644494004 0.726021936 -0.239832497
vn 0.923223903 -0.342109996 -0.174981074
vn 0.644494004 0.726021936 -0.239832497
vn 0.907976429 -0.333172345 -0.254116100
vn 0.213001596 0.914609481 -0.343685638
vn 0.923223903 -0.342109996 -0.174981074
vn 0.886218974 0.455265450 -0.085728060
vn 0.921345473 -0.376807089 -0.095597788
vn 0.886218974 0.455265450 -0.085728060
vn 0.923223903 -0.342109996 -0.174981074
vn 0.644494004 0.726021936 -0.239832497
vn 0.213001596 0.914609481 -0.343685638
vn -0.617710746 0.783657902 -0.065678970
vn 0.644494004 0.726021936 -0.239832497
vn -0.617710746 0.783657902 -0.065678970
vn 0.213001596 0.914609481 -0.343685638
vn -0.748861710 0.662592988 0.013291752
vn 0.644494004 0.726021936 -0.239832497
vn -0.559346973 0.827474067 0.049169425
vn 0.886218974 0.455265450 -0.085728060
vn -0.559346973 0.827474067 0.049169425
vn 0.644494004 0.726021936 -0.239832497
vn -0.617710746 0.783657902 -0.065678970
vn -0.748861710 0.662592988 0.013291752
vn -0.870945812 -0.484922913 0.079392443
vn -0.617710746 0.783657902 -0.065678970
vn -0.870945812 -0.484922913 0.079392443
vn -0.748861710 0.662592988 0.013291752
vn -0.912270678 -0.400960620 0.083622915
vn -0.617710746 0.783657902 -0.065678970
vn -0.946207487 -0.301991706 -0.116156793
vn -0.559346973 0.827474067 0.049169425
vn -0.946207487 -0.301991706 -0.116156793
vn -0.617710746 0.783657902 -0.065678970
vn -0.870945812 -0.484922913 0.079392443
vn -0.746669345 0.226823216 -0.625328808
vn 0.293150553 0.831022056 -0.472720949
vn -0.707314326 0.646118260 -0.286771057
vn 0.293150553 0.831022056 -0.472720949
vn -0.746669345 0.226823216 -0.625328808
vn 0.412599510 0.334131619 -0.847418259
vn -0.208614753 -0.951208142 -0.227338854
vn -0.875212545 -0.477964406 -0.074518641
vn -0.921929357 -0.382500778 0.061150762
vn -0.875212545 -0.477964406 -0.074518641
vn -0.208614753 -0.951208142 -0.227338854
vn -0.140535715 -0.979845379 -0.141960365
vn -0.140535715 -0.979845379 -0.141960365
vn -0.929483976 -0.364325687 0.057674366
vn -0.875212545 -0.477964406 -0.074518641
vn -0.929483976 -0.364325687 0.057674366
vn -0.140535715 -0.979845379 -0.141960365
vn -0.000390686 -0.990025898 0.140884946
vn 0.938292050 -0.323673067 -0.121835028
vn 0.542463592 0.822831908 -0.169354367
vn 0.936227763 -0.239263818 -0.257352680
vn 0.542463592 0.822831908 -0.169354367
vn 0.938292050 -0.323673067 -0.121835028
vn 0.314155169 0.934597377 0.166836066
vn 0.936227763 -0.239263818 -0.257352680
vn 0.742563061 0.665298836 0.077314683
vn 0.951849138 -0.209022612 0.224260485
vn 0.742563061 0.665298836 0.077314683
vn 0.936227763 -0.239263818 -0.257352680
vn 0.542463592 0.822831908 -0.169354367
vn 0.314155169 0.934597377 0.166836066
vn -0.522100001 0.852458680 -0.026940447
vn 0.542463592 0.822831908 -0.169354367
vn -0.522100001 0.852458680 -0.026940447
vn 0.314155169 0.934597377 0.166836066
vn -0.580448232 0.791012532 0.193336557
vn 0.542463592 0.822831908 -0.169354367
vn -0.497875839 0.864480554 0.069231647
vn 0.742563061 0.665298836 0.077314683
vn -0.497875839 0.864480554 0.069231647
vn 0.542463592 0.822831908 -0.169354367
vn -0.522100001 0.852458680 -0.026940447
vn -0.580448232 0.791012532 0.193336557
vn -0.875212545 -0.477964406 -0.074518641
vn -0.522100001 0.852458680 -0.026940447
vn -0.875212545 -0.477964406 -0.074518641
vn -0.580448232 0.791012532 0.193336557
vn -0.921929357 -0.382500778 0.061150762
vn -0.522100001 0.852458680 -0.026940447
vn -0.929483976 -0.364325687 0.057674366
vn -0.497875839 0.864480554 0.069231647
vn -0.929483976 -0.364325687 0.057674366
vn -0.522100001 0.852458680 -0.026940447
vn -0.875212545 -0.477964406 -0.074518641
vn -0.912270678 -0.400960620 0.083622915
vn -0.561112442 -0.818448920 0.123669696
vn -0.016692001 -0.998775201 0.046577620
vn -0.561112442 -0.818448920 0.123669696
vn -0.912270678 -0.400960620 0.083622915
vn -0.928023908 -0.351453824 0.123498323
vn 0.090894327 -0.859814849 -0.502450641
vn -0.005631782 -0.999966920 0.005868793
vn 0.129399110 -0.976451122 0.172624092
vn -0.005631782 -0.999966920 0.005868793
vn 0.090894327 -0.859814849 -0.502450641
vn 0.907976429 -0.333172345 -0.254116100
vn -0.452613468 0.866215464 0.211688021
vn -0.929158898 0.365071736 0.058192523
vn -0.392982541 0.919534717 -0.004541649
vn -0.929158898 0.365071736 0.058192523
vn -0.452613468 0.866215464 0.211688021
vn -0.942952062 0.182584748 0.278395794
vn -0.392982541 0.919534717 -0.004541649
vn -0.832140607 0.514943039 -0.205853530
vn -0.349911739 0.904619204 -0.243363659
vn -0.832140607 0.514943039 -0.205853530
vn -0.392982541 0.919534717 -0.004541649
vn -0.929158898 0.365071736 0.058192523
vn -0.349911739 0.904619204 -0.243363659
vn -0.748861710 0.662592988 0.013291752
vn 0.213001596 0.914609481 -0.343685638
vn -0.748861710 0.662592988 0.013291752
vn -0.349911739 0.904619204 -0.243363659
vn -0.832140607 0.514943039 -0.205853530
vn -0.208614753 -0.951208142 -0.227338854
vn -0.946207487 -0.301991706 -0.116156793
vn -0.002551329 -0.985129168 -0.171796427
vn -0.946207487 -0.301991706 -0.116156793
vn -0.208614753 -0.951208142 -0.227338854
vn -0.921929357 -0.382500778 0.061150762
vn -0.921929357 -0.382500778 0.061150762
vn -0.559346973 0.827474067 0.049169425
vn -0.946207487 -0.301991706 -0.116156793
vn -0.559346973 0.827474067 0.049169425
vn -0.921929357 -0.382500778 0.061150762
vn -0.580448232 0.791012532 0.193336557
vn -0.559346973 0.827474067 0.049169425
vn 0.314155169 0.934597377 0.166836066
vn 0.886218974 0.455265450 -0.085728060
vn 0.314155169 0.934597377 0.166836066
vn -0.559346973 0.827474067 0.049169425
vn -0.580448232 0.791012532 0.193336557
vn 0.886218974 0.455265450 -0.085728060
vn 0.938292050 -0.323673067 -0.121835028
vn 0.921345473 -0.376807089 -0.095597788
vn 0.938292050 -0.323673067 -0.121835028
vn 0.886218974 0.455265450 -0.085728060
vn 0.314155169 0.934597377 0.166836066
vn -0.942952062 0.182584748 0.278395794
vn -0.928023908 -0.351453824 0.123498323
vn -0.929158898 0.365071736 0.058192523
vn -0.928023908 -0.351453824 0.123498323
vn -0.942952062 0.182584748 0.278395794
vn -0.867943085 -0.445302671 0.219955296
vn -0.929158898 0.365071736 0.058192523
vn -0.912270678 -0.400960620 0.083622915
vn -0.832140607 0.514943039 -0.205853530
vn -0.912270678 -0.400960620 0.083622915
vn -0.929158898 0.365071736 0.058192523
vn -0.928023908 -0.351453824 0.123498323
vn -0.832140607 0.514943039 -0.205853530
vn -0.912270678 -0.400960620 0.083622915
vn -0.748861710 0.662592988 0.013291752
vn -0.474085156 0.865121968 -0.163729185
vn -0.317158543 0.928768190 -0.191833543
vn -0.678450396 0.691521154 -0.247999100
vn -0.970904668 -0.121679779 -0.206247804
vn -0.869123059 -0.472312700 -0.146784954
vn -0.971888705 0.153461898 -0.178554728
vn -0.869123059 -0.472312700 -0.146784954
vn -0.970904668 -0.121679779 -0.206247804
vn -0.870758105 -0.466922469 -0.154154889
vn -0.869123059 -0.472312700 -0.146784954
vn -0.412009684 -0.903001360 -0.121805439
vn -0.263664175 -0.961041162 -0.082952323
vn -0.412009684 -0.903001360 -0.121805439
vn -0.869123059 -0.472312700 -0.146784954
vn -0.870758105 -0.466922469 -0.154154889
vn 0.122376514 -0.983334408 -0.134452335
vn -0.263664175 -0.961041162 -0.082952323
vn -0.412009684 -0.903001360 -0.121805439
vn -0.263664175 -0.961041162 -0.082952323
vn 0.122376514 -0.983334408 -0.134452335
vn 0.172283561 -0.984786993 -0.022648457
vn 0.075555797 -0.654819114 -0.751999501
vn -0.047034764 0.346507245 -0.936867365
vn -0.187852807 -0.707198350 -0.681602389
vn -0.187852807 -0.707198350 -0.681602389
vn -0.491483606 -0.106656498 -0.864331104
vn 0.057708684 -0.974822305 0.215386121
vn -0.491483606 -0.106656498 -0.864331104
vn -0.187852807 -0.707198350 -0.681602389
vn -0.259408998 0.745084706 -0.614455656
vn -0.194412005 0.948743556 -0.249177924
vn -0.144012470 0.721693778 0.677066096
vn -0.259408998 0.745084706 -0.614455656
vn -0.259408998 0.745084706 -0.614455656
vn -0.352489522 0.870136683 0.344402803
vn -0.491483606 -0.106656498 -0.864331104
vn -0.352489522 0.870136683 0.344402803
vn -0.259408998 0.745084706 -0.614455656
vn -0.144012470 0.721693778 0.677066096
vn 0.243335822 0.279248185 0.928874657
vn -0.144012470 0.721693778 0.677066096
vn -0.194412005 0.948743556 -0.249177924
vn 0.243335822 0.279248185 0.928874657
vn 0.063559940 -0.595738855 0.800659323
vn -0.144012470 0.721693778 0.677066096
vn 0.243335822 0.279248185 0.928874657
vn 0.268097924 -0.078618954 0.960178402
vn 0.063559940 -0.595738855 0.800659323
vn -0.144012470 0.721693778 0.677066096
vn -0.385659418 -0.238417138 0.891304708
vn -0.352489522 0.870136683 0.344402803
vn -0.385659418 -0.238417138 0.891304708
vn -0.144012470 0.721693778 0.677066096
vn 0.063559940 -0.595738855 0.800659323
vn 0.141511593 -0.938242192 0.315715154
vn -0.187852807 -0.707198350 -0.681602389
vn 0.063559940 -0.595738855 0.800659323
vn 0.063559940 -0.595738855 0.800659323
vn 0.057708684 -0.974822305 0.215386121
vn -0.385659418 -0.238417138 0.891304708
vn 0.057708684 -0.974822305 0.215386121
vn 0.063559940 -0.595738855 0.800659323
vn -0.187852807 -0.707198350 -0.681602389
vn 0.744777087 -0.650275554 0.149829217
vn 0.605892884 0.764767696 -0.219144209
vn 0.418441537 -0.904725933 -0.079860294
vn 0.605892884 0.764767696 -0.219144209
vn 0.744777087 -0.650275554 0.149829217
vn 0.406528199 0.912221024 -0.050868723
vn 0.418441537 -0.904725933 -0.079860294
vn 0.573058333 0.813550675 0.098688627
vn 0.375889782 -0.917124443 0.132625897
vn 0.573058333 0.813550675 0.098688627
vn 0.418441537 -0.904725933 -0.079860294
vn 0.605892884 0.764767696 -0.219144209
vn 0.406528199 0.912221024 -0.050868723
vn -0.467784243 0.819050190 -0.332166657
vn 0.605892884 0.764767696 -0.219144209
vn -0.467784243 0.819050190 -0.332166657
vn 0.406528199 0.912221024 -0.050868723
vn -0.828953764 0.558846950 0.022929102
vn 0.605892884 0.764767696 -0.219144209
vn -0.413076716 0.905584422 -0.096356015
vn 0.573058333 0.813550675 0.098688627
vn -0.413076716 0.905584422 -0.096356015
vn 0.605892884 0.764767696 -0.219144209
vn -0.467784243 0.819050190 -0.332166657
vn -0.828953764 0.558846950 0.022929102
vn -0.617257903 -0.782172429 -0.084846759
vn -0.467784243 0.819050190 -0.332166657
vn -0.617257903 -0.782172429 -0.084846759
vn -0.828953764 0.558846950 0.022929102
vn -0.510785189 -0.851344499 0.119628740
vn -0.467784243 0.819050190 -0.332166657
vn -0.781584036 -0.618141805 -0.083827825
vn -0.413076716 0.905584422 -0.096356015
vn -0.781584036 -0.618141805 -0.083827825
vn -0.467784243 0.819050190 -0.332166657
vn -0.617257903 -0.782172429 -0.084846759
vn -0.510785189 -0.851344499 0.119628740
vn 0.418441537 -0.904725933 -0.079860294
vn -0.617257903 -0.782172429 -0.084846759
vn 0.418441537 -0.904725933 -0.079860294
vn -0.510785189 -0.851344499 0.119628740
vn 0.744777087 -0.650275554 0.149829217
vn -0.617257903 -0.782172429 -0.084846759
vn 0.375889782 -0.917124443 0.132625897
vn -0.781584036 -0.618141805 -0.083827825
vn 0.375889782 -0.917124443 0.132625897
vn -0.617257903 -0.782172429 -0.084846759
vn 0.418441537 -0.904725933 -0.079860294
vn 0.243774474 -0.810086959 -0.533228961
vn -0.192030795 0.904203198 -0.381498034
vn -0.760733180 -0.382528577 -0.524363344
vn -0.192030795 0.904203198 -0.381498034
vn 0.243774474 -0.810086959 -0.533228961
vn 0.353721859 0.933693246 0.055657609
vn 0.901149988 0.424729118 0.086797901
vn -0.117140548 -0.446321413 -0.887172637
vn 0.699284473 -0.699211540 -0.148675646
vn -0.117140548 -0.446321413 -0.887172637
vn 0.901149988 0.424729118 0.086797901
vn -0.165950770 0.742989753 -0.648403091
vn -0.503674836 0.856211408 -0.114950795
vn 0.353845837 0.911053851 -0.211598686
vn 0.590414845 0.802349909 0.087435309
vn 0.353845837 0.911053851 -0.211598686
vn -0.503674836 0.856211408 -0.114950795
vn -0.136137573 0.989842933 0.040957647
vn -0.503674836 0.856211408 -0.114950795
vn -0.446962486 -0.881326858 -0.153256342
vn -0.136137573 0.989842933 0.040957647
vn -0.446962486 -0.881326858 -0.153256342
vn -0.503674836 0.856211408 -0.114950795
vn -0.544470653 -0.837690879 0.042728202
vn 0.379517671 -0.892920611 0.242196449
vn -0.446962486 -0.881326858 -0.153256342
vn -0.544470653 -0.837690879 0.042728202
vn -0.446962486 -0.881326858 -0.153256342
vn 0.379517671 -0.892920611 0.242196449
vn 0.101309614 -0.987211435 -0.123085109
vn -0.385659418 -0.238417138 0.891304708
vn 0.744777087 -0.650275554 0.149829217
vn -0.510785189 -0.851344499 0.119628740
vn 0.744777087 -0.650275554 0.149829217
vn -0.385659418 -0.238417138 0.891304708
vn 0.057708684 -0.974822305 0.215386121
vn 0.057708684 -0.974822305 0.215386121
vn 0.406528199 0.912221024 -0.050868723
vn 0.744777087 -0.650275554 0.149829217
vn 0.406528199 0.912221024 -0.050868723
vn 0.057708684 -0.974822305 0.215386121
vn -0.491483606 -0.106656498 -0.864331104
vn -0.352489522 0.870136683 0.344402803
vn 0.406528199 0.912221024 -0.050868723
vn -0.491483606 -0.106656498 -0.864331104
vn 0.406528199 0.912221024 -0.050868723
vn -0.352489522 0.870136683 0.344402803
vn -0.828953764 0.558846950 0.022929102
vn -0.828953764 0.558846950 0.022929102
vn -0.385659418 -0.238417138 0.891304708
vn -0.510785189 -0.851344499 0.119628740
vn -0.385659418 -0.238417138 0.891304708
vn -0.828953764 0.558846950 0.022929102
vn -0.352489522 0.870136683 0.344402803
vn 0.134447680 -0.163494049 0.977340021
vn 0.141511593 -0.938242192 0.315715154
vn 0.268097924 -0.078618954 0.960178402
vn 0.141511593 -0.938242192 0.315715154
vn 0.134447680 -0.163494049 0.977340021
vn -0.032741023 -0.385262714 0.922225930
vn -0.032741023 -0.385262714 0.922225930
vn -0.170142287 0.005966270 0.985401444
vn 0.106543384 -0.504300943 0.856930024
vn -0.170142287 0.005966270 0.985401444
vn -0.032741023 -0.385262714 0.922225930
vn 0.134447680 -0.163494049 0.977340021
vn -0.678450396 0.691521154 -0.247999100
vn -0.307812148 0.948984855 -0.068406329
vn -0.694411892 0.716080521 -0.070857686
vn -0.307812148 0.948984855 -0.068406329
vn -0.678450396 0.691521154 -0.247999100
vn -0.317158543 0.928768190 -0.191833543
vn -0.170142287 0.005966270 0.985401444
vn -0.448730924 0.323097555 0.833215775
vn -0.586499347 -0.379311118 0.715640686
vn 0.201901609 -0.971802833 0.121798988
vn 0.114048522 -0.992937238 0.032689094
vn 0.140582843 -0.635654047 -0.759065476
vn 0.114048522 -0.992937238 0.032689094
vn 0.201901609 -0.971802833 0.121798988
vn 0.329734046 -0.798243827 0.504065722
vn 0.075555797 -0.654819114 -0.751999501
vn 0.201901609 -0.971802833 0.121798988
vn 0.140582843 -0.635654047 -0.759065476
vn -0.493613577 0.839606169 0.226731377
vn -0.430765948 0.420768322 0.798370038
vn -0.407356584 0.570541269 0.713122201
vn -0.493613577 0.839606169 0.226731377
vn -0.096466298 0.864575341 0.493156904
vn -0.430765948 0.420768322 0.798370038
vn -0.493613577 0.839606169 0.226731377
vn -0.264854329 0.944888139 0.192454124
vn -0.096466298 0.864575341 0.493156904
vn -0.033865546 0.965301922 0.258931118
vn -0.096466298 0.864575341 0.493156904
vn -0.264854329 0.944888139 0.192454124
vn -0.096466298 0.864575341 0.493156904
vn -0.033865546 0.965301922 0.258931118
vn -0.013036478 0.870657161 0.491717560
vn 0.134447680 -0.163494049 0.977340021
vn -0.430765948 0.420768322 0.798370038
vn -0.170142287 0.005966270 0.985401444
vn 0.268097924 -0.078618954 0.960178402
vn -0.430765948 0.420768322 0.798370038
vn 0.134447680 -0.163494049 0.977340021
vn 0.268097924 -0.078618954 0.960178402
vn -0.407356584 0.570541269 0.713122201
vn -0.430765948 0.420768322 0.798370038
vn 0.268097924 -0.078618954 0.960178402
vn 0.243335822 0.279248185 0.928874657
vn -0.407356584 0.570541269 0.713122201
vn -0.753551093 0.360657682 -0.549624224
vn -0.194412005 0.948743556 -0.249177924
vn -0.047034764 0.346507245 -0.936867365
vn -0.194412005 0.948743556 -0.249177924
vn -0.753551093 0.360657682 -0.549624224
vn -0.974931878 -0.044043671 -0.218100866
vn -0.870758105 -0.466922469 -0.154154889
vn -0.922311970 -0.372595489 0.102534048
vn -0.979460170 -0.139201906 0.145878731
vn -0.922311970 -0.372595489 0.102534048
vn -0.870758105 -0.466922469 -0.154154889
vn -0.970904668 -0.121679779 -0.206247804
vn -0.523407646 -0.829358504 -0.195470991
vn -0.753551093 0.360657682 -0.549624224
vn -0.047034764 0.346507245 -0.936867365
vn -0.774809219 -0.631825090 0.021627049
vn -0.870758105 -0.466922469 -0.154154889
vn -0.979460170 -0.139201906 0.145878731
vn -0.922311970 -0.372595489 0.102534048
vn -0.970904668 -0.121679779 -0.206247804
vn -0.999311373 -0.001229407 -0.037084601
vn 0.375889782 -0.917124443 0.132625897
vn 0.590414845 0.802349909 0.087435309
vn 0.379517671 -0.892920611 0.242196449
vn 0.590414845 0.802349909 0.087435309
vn 0.375889782 -0.917124443 0.132625897
vn 0.573058333 0.813550675 0.098688627
vn 0.375889782 -0.917124443 0.132625897
vn -0.544470653 -0.837690879 0.042728202
vn -0.781584036 -0.618141805 -0.083827825
vn -0.544470653 -0.837690879 0.042728202
vn 0.375889782 -0.917124443 0.132625897
vn 0.379517671 -0.892920611 0.242196449
vn -0.781584036 -0.618141805 -0.083827825
vn -0.503674836 0.856211408 -0.114950795
vn -0.413076716 0.905584422 -0.096356015
vn -0.503674836 0.856211408 -0.114950795
vn -0.781584036 -0.618141805 -0.083827825
vn -0.544470653 -0.837690879 0.042728202
vn -0.503674836 0.856211408 -0.114950795
vn 0.573058333 0.813550675 0.098688627
vn -0.413076716 0.905584422 -0.096356015
vn 0.573058333 0.813550675 0.098688627
vn -0.503674836 0.856211408 -0.114950795
vn 0.590414845 0.802349909 0.087435309
vn -0.448730924 0.323097555 0.833215775
vn -0.969207877 -0.100418362 -0.224838262
vn -0.586499347 -0.379311118 0.715640686
vn -0.969207877 -0.100418362 -0.224838262
vn -0.448730924 0.323097555 0.833215775
vn -0.792908116 0.506308580 -0.339040324
vn -0.792908116 0.506308580 -0.339040324
vn -0.047896509 0.888507871 0.456354783
vn -0.395028718 0.854039428 -0.338480380
vn -0.047896509 0.888507871 0.456354783
vn -0.792908116 0.506308580 -0.339040324
vn -0.448730924 0.323097555 0.833215775
vn -0.136137573 0.989842933 0.040957647
vn 0.353721859 0.933693246 0.055657609
vn 0.353845837 0.911053851 -0.211598686
vn 0.353721859 0.933693246 0.055657609
vn -0.136137573 0.989842933 0.040957647
vn -0.192030795 0.904203198 -0.381498034
vn 0.353845837 0.911053851 -0.211598686
vn 0.243774474 -0.810086959 -0.533228961
vn 0.101309614 -0.987211435 -0.123085109
vn 0.243774474 -0.810086959 -0.533228961
vn 0.353845837 0.911053851 -0.211598686
vn 0.353721859 0.933693246 0.055657609
vn 0.243774474 -0.810086959 -0.533228961
vn -0.446962486 -0.881326858 -0.153256342
vn 0.101309614 -0.987211435 -0.123085109
vn -0.446962486 -0.881326858 -0.153256342
vn 0.243774474 -0.810086959 -0.533228961
vn -0.760733180 -0.382528577 -0.524363344
vn -0.760733180 -0.382528577 -0.524363344
vn -0.136137573 0.989842933 0.040957647
vn -0.446962486 -0.881326858 -0.153256342
vn -0.136137573 0.989842933 0.040957647
vn -0.760733180 -0.382528577 -0.524363344
vn -0.192030795 0.904203198 -0.381498034
vn 0.379517671 -0.892920611 0.242196449
vn 0.630155384 0.647186856 0.429014412
vn 0.848837715 -0.374044466 0.373584355
vn 0.630155384 0.647186856 0.429014412
vn 0.379517671 -0.892920611 0.242196449
vn 0.590414845 0.802349909 0.087435309
vn 0.630155384 0.647186856 0.429014412
vn 0.353845837 0.911053851 -0.211598686
vn -0.759142529 0.360020688 -0.542298556
vn 0.353845837 0.911053851 -0.211598686
vn 0.630155384 0.647186856 0.429014412
vn 0.590414845 0.802349909 0.087435309
vn 0.353845837 0.911053851 -0.211598686
vn 0.122829443 -0.895376397 -0.428035086
vn -0.759142529 0.360020688 -0.542298556
vn 0.122829443 -0.895376397 -0.428035086
vn 0.353845837 0.911053851 -0.211598686
vn 0.101309614 -0.987211435 -0.123085109
vn 0.122829443 -0.895376397 -0.428035086
vn 0.379517671 -0.892920611 0.242196449
vn 0.848837715 -0.374044466 0.373584355
vn 0.379517671 -0.892920611 0.242196449
vn 0.122829443 -0.895376397 -0.428035086
vn 0.101309614 -0.987211435 -0.123085109
vn 0.848837715 -0.374044466 0.373584355
vn 0.901149988 0.424729118 0.086797901
vn 0.699284473 -0.699211540 -0.148675646
vn 0.901149988 0.424729118 0.086797901
vn 0.848837715 -0.374044466 0.373584355
vn 0.630155384 0.647186856 0.429014412
vn 0.630155384 0.647186856 0.429014412
vn -0.165950770 0.742989753 -0.648403091
vn 0.901149988 0.424729118 0.086797901
vn -0.165950770 0.742989753 -0.648403091
vn 0.630155384 0.647186856 0.429014412
vn -0.759142529 0.360020688 -0.542298556
vn -0.759142529 0.360020688 -0.542298556
vn -0.117140548 -0.446321413 -0.887172637
vn -0.165950770 0.742989753 -0.648403091
vn -0.117140548 -0.446321413 -0.887172637
vn -0.759142529 0.360020688 -0.542298556
vn 0.122829443 -0.895376397 -0.428035086
vn 0.122829443 -0.895376397 -0.428035086
vn 0.699284473 -0.699211540 -0.148675646
vn -0.117140548 -0.446321413 -0.887172637
vn 0.699284473 -0.699211540 -0.148675646
vn 0.122829443 -0.895376397 -0.428035086
vn 0.848837715 -0.374044466 0.373584355
vn -0.838415640 -0.419787899 0.347616647
vn -0.490038696 -0.720995678 -0.489925820
vn -0.265464014 0.233407247 -0.935441027
vn -0.490038696 -0.720995678 -0.489925820
vn -0.838415640 -0.419787899 0.347616647
vn 0.172490372 -0.788441394 0.590429707
vn 0.809577593 0.480544941 0.337135998
vn 0.412599510 0.334131619 -0.847418259
vn 0.993112831 0.087069367 0.078395350
vn 0.412599510 0.334131619 -0.847418259
vn 0.809577593 0.480544941 0.337135998
vn 0.293150553 0.831022056 -0.472720949
vn 0.742563061 0.665298836 0.077314683
vn -0.608831095 0.614364882 0.501876966
vn 0.809577593 0.480544941 0.337135998
vn -0.608831095 0.614364882 0.501876966
vn 0.742563061 0.665298836 0.077314683
vn -0.497875839 0.864480554 0.069231647
vn -0.746669345 0.226823216 -0.625328808
vn -0.608831095 0.614364882 0.501876966
vn -0.991918121 -0.003597716 0.126828616
vn -0.608831095 0.614364882 0.501876966
vn -0.746669345 0.226823216 -0.625328808
vn -0.707314326 0.646118260 -0.286771057
vn -0.000390686 -0.990025898 0.140884946
vn -0.838415640 -0.419787899 0.347616647
vn -0.929483976 -0.364325687 0.057674366
vn -0.838415640 -0.419787899 0.347616647
vn -0.000390686 -0.990025898 0.140884946
vn 0.172490372 -0.788441394 0.590429707
vn 0.412599510 0.334131619 -0.847418259
vn 0.920798431 -0.173525091 0.349312599
vn 0.993112831 0.087069367 0.078395350
vn 0.920798431 -0.173525091 0.349312599
vn 0.412599510 0.334131619 -0.847418259
vn 0.203395002 0.203145087 -0.957790450
vn 0.412599510 0.334131619 -0.847418259
vn -0.265464014 0.233407247 -0.935441027
vn 0.203395002 0.203145087 -0.957790450
vn -0.265464014 0.233407247 -0.935441027
vn 0.412599510 0.334131619 -0.847418259
vn -0.746669345 0.226823216 -0.625328808
vn -0.746669345 0.226823216 -0.625328808
vn -0.838415640 -0.419787899 0.347616647
vn -0.265464014 0.233407247 -0.935441027
vn -0.838415640 -0.419787899 0.347616647
vn -0.746669345 0.226823216 -0.625328808
vn -0.991918121 -0.003597716 0.126828616
vn -0.005631782 -0.999966920 0.005868793
vn 0.907976429 -0.333172345 -0.254116100
vn -0.016692001 -0.998775201 0.046577620
vn -0.561112442 -0.818448920 0.123669696
vn -0.005631782 -0.999966920 0.005868793
vn -0.016692001 -0.998775201 0.046577620
vn -0.016692001 -0.998775201 0.046577620
vn 0.923223903 -0.342109996 -0.174981074
vn 0.135081688 -0.990780596 0.010331900
vn 0.135081688 -0.990780596 0.010331900
vn 0.921345473 -0.376807089 -0.095597788
vn -0.002551329 -0.985129168 -0.171796427
vn 0.921345473 -0.376807089 -0.095597788
vn 0.135081688 -0.990780596 0.010331900
vn 0.923223903 -0.342109996 -0.174981074
vn -0.002551329 -0.985129168 -0.171796427
vn 0.938292050 -0.323673067 -0.121835028
vn -0.208614753 -0.951208142 -0.227338854
vn 0.938292050 -0.323673067 -0.121835028
vn -0.002551329 -0.985129168 -0.171796427
vn 0.921345473 -0.376807089 -0.095597788
vn 0.938292050 -0.323673067 -0.121835028
vn -0.140535715 -0.979845379 -0.141960365
vn -0.208614753 -0.951208142 -0.227338854
vn -0.140535715 -0.979845379 -0.141960365
vn 0.938292050 -0.323673067 -0.121835028
vn 0.936227763 -0.239263818 -0.257352680
vn 0.936227763 -0.239263818 -0.257352680
vn -0.000390686 -0.990025898 0.140884946
vn -0.140535715 -0.979845379 -0.141960365
vn -0.000390686 -0.990025898 0.140884946
vn 0.936227763 -0.239263818 -0.257352680
vn 0.951849138 -0.209022612 0.224260485
vn 0.951849138 -0.209022612 0.224260485
vn 0.172490372 -0.788441394 0.590429707
vn -0.000390686 -0.990025898 0.140884946
vn 0.172490372 -0.788441394 0.590429707
vn 0.951849138 -0.209022612 0.224260485
vn 0.920798431 -0.173525091 0.349312599
vn 0.172490372 -0.788441394 0.590429707
vn 0.203395002 0.203145087 -0.957790450
vn -0.490038696 -0.720995678 -0.489925820
vn 0.203395002 0.203145087 -0.957790450
vn 0.172490372 -0.788441394 0.590429707
vn 0.920798431 -0.173525091 0.349312599
vn 0.920798431 -0.173525091 0.349312599
vn 0.951849138 -0.209022612 0.224260485
vn 0.993112831 0.087069367 0.078395350
vn 0.951849138 -0.209022612 0.224260485
vn 0.809577593 0.480544941 0.337135998
vn 0.993112831 0.087069367 0.078395350
vn 0.809577593 0.480544941 0.337135998
vn 0.951849138 -0.209022612 0.224260485
vn 0.742563061 0.665298836 0.077314683
vn -0.608831095 0.614364882 0.501876966
vn 0.293150553 0.831022056 -0.472720949
vn 0.809577593 0.480544941 0.337135998
vn 0.293150553 0.831022056 -0.472720949
vn -0.608831095 0.614364882 0.501876966
vn -0.707314326 0.646118260 -0.286771057
vn -0.497875839 0.864480554 0.069231647
vn -0.991918121 -0.003597716 0.126828616
vn -0.608831095 0.614364882 0.501876966
vn -0.991918121 -0.003597716 0.126828616
vn -0.497875839 0.864480554 0.069231647
vn -0.929483976 -0.364325687 0.057674366
vn -0.991918121 -0.003597716 0.126828616
vn -0.929483976 -0.364325687 0.057674366
vn -0.838415640 -0.419787899 0.347616647
vn -0.798030684 -0.580611614 0.161360408
vn -0.561112442 -0.818448920 0.123669696
vn -0.867943085 -0.445302671 0.219955296
vn -0.867943085 -0.445302671 0.219955296
vn -0.561112442 -0.818448920 0.123669696
vn -0.928023908 -0.351453824 0.123498323
vn 0.907976429 -0.333172345 -0.254116100
vn 0.090894327 -0.859814849 -0.502450641
vn -0.179254363 -0.595263721 -0.783280904
vn -0.669222112 -0.452805907 -0.589159210
vn -0.318732202 -0.176028157 -0.931355932
vn -0.640510771 -0.657516539 -0.396759314
vn -0.318732202 -0.176028157 -0.931355932
vn -0.669222112 -0.452805907 -0.589159210
vn -0.489337985 -0.717326994 -0.495974113
vn -0.924077260 -0.107895932 -0.366660178
vn -0.792908116 0.506308580 -0.339040324
vn -0.846552026 0.367642778 -0.384952535
vn -0.792908116 0.506308580 -0.339040324
vn -0.924077260 -0.107895932 -0.366660178
vn -0.969207877 -0.100418362 -0.224838262
vn -0.185460318 -0.380200763 0.906119115
vn 0.010615614 -0.094186680 0.995497955
vn 0.202371678 -0.369107712 0.907086105
vn -0.238687580 -0.971032776 0.011116985
vn 0.064557554 -0.907696236 0.414632204
vn 0.171181326 -0.978064448 0.118688199
vn -0.669222112 -0.452805907 -0.589159210
vn -0.585118661 -0.770416789 -0.253168175
vn -0.489337985 -0.717326994 -0.495974113
vn -0.585118661 -0.770416789 -0.253168175
vn -0.669222112 -0.452805907 -0.589159210
vn -0.809986568 -0.457792997 -0.366534216
vn -0.889527309 -0.121272760 -0.440493002
vn -0.809986568 -0.457792997 -0.366534216
vn -0.669222112 -0.452805907 -0.589159210
vn -0.809986568 -0.457792997 -0.366534216
vn -0.889527309 -0.121272760 -0.440493002
vn -0.970098202 -0.161020979 -0.181608707
vn -0.711148134 -0.701797287 0.041819845
vn -0.512437240 -0.828859717 0.224498652
vn -0.586818635 -0.809688160 0.006998037
vn -0.512437240 -0.828859717 0.224498652
vn -0.711148134 -0.701797287 0.041819845
vn -0.808114531 -0.575980399 0.123278075
vn -0.711148134 -0.701797287 0.041819845
vn -0.970098202 -0.161020979 -0.181608707
vn -0.808114531 -0.575980399 0.123278075
vn -0.846552026 0.367642778 -0.384952535
vn -0.950962447 -0.271435901 -0.148300287
vn -0.924077260 -0.107895932 -0.366660178
vn -0.950962447 -0.271435901 -0.148300287
vn -0.846552026 0.367642778 -0.384952535
vn -0.915360799 0.382486486 -0.125772399
vn -0.563262094 0.825776192 0.028800957
vn -0.823814432 0.427823138 0.371883241
vn -0.915360799 0.382486486 -0.125772399
vn -0.823814432 0.427823138 0.371883241
vn -0.563262094 0.825776192 0.028800957
vn -0.502200631 0.697986595 0.510499011
vn -0.889527309 -0.121272760 -0.440493002
vn -0.669222112 -0.452805907 -0.589159210
vn -0.640510771 -0.657516539 -0.396759314
vn -0.512437240 -0.828859717 0.224498652
vn 0.064557554 -0.907696236 0.414632204
vn -0.238687580 -0.971032776 0.011116985
vn -0.553659244 -0.823091766 -0.126417511
vn -0.115875103 -0.990051206 -0.079822117
vn -0.365831936 -0.898902919 -0.241123489
vn -0.489337985 -0.717326994 -0.495974113
vn -0.267211327 -0.731705188 -0.627061101
vn -0.318732202 -0.176028157 -0.931355932
vn -0.267211327 -0.731705188 -0.627061101
vn 0.011695262 0.061587659 -0.998033156
vn -0.318732202 -0.176028157 -0.931355932
vn 0.011695262 0.061587659 -0.998033156
vn -0.267211327 -0.731705188 -0.627061101
vn 0.488512563 -0.674462847 -0.553584090
vn -0.101820086 -0.683677631 0.722646225
vn 0.064557554 -0.907696236 0.414632204
vn -0.512437240 -0.828859717 0.224498652
vn -0.484812439 -0.558215261 0.673314652
vn -0.928649370 -0.279576749 0.243817942
vn -0.583689272 -0.188156980 0.789875803
vn -0.928649370 -0.279576749 0.243817942
vn -0.484812439 -0.558215261 0.673314652
vn -0.808114531 -0.575980399 0.123278075
vn -0.502200631 0.697986595 0.510499011
vn -0.235089777 0.271945043 0.933155234
vn -0.439864123 0.127205208 0.889009780
vn -0.512437240 -0.828859717 0.224498652
vn -0.808114531 -0.575980399 0.123278075
vn -0.484812439 -0.558215261 0.673314652
vn -0.395028718 0.854039428 -0.338480380
vn -0.846552026 0.367642778 -0.384952535
vn -0.792908116 0.506308580 -0.339040324
vn -0.846552026 0.367642778 -0.384952535
vn -0.395028718 0.854039428 -0.338480380
vn -0.510183893 0.778822826 -0.364893684
vn -0.510183893 0.778822826 -0.364893684
vn -0.915360799 0.382486486 -0.125772399
vn -0.846552026 0.367642778 -0.384952535
vn -0.915360799 0.382486486 -0.125772399
vn -0.510183893 0.778822826 -0.364893684
vn -0.563262094 0.825776192 0.028800957
vn -0.823814432 0.427823138 0.371883241
vn -0.928649370 -0.279576749 0.243817942
vn -0.915360799 0.382486486 -0.125772399
vn -0.583689272 -0.188156980 0.789875803
vn -0.928649370 -0.279576749 0.243817942
vn -0.823814432 0.427823138 0.371883241
vn -0.949967898 -0.124008123 -0.286675737
vn -0.605374208 -0.795932493 0.003679021
vn -0.640370248 -0.756058362 -0.135283771
vn -0.605374208 -0.795932493 0.003679021
vn -0.949967898 -0.124008123 -0.286675737
vn -0.744475731 -0.422042980 0.517335103
vn -0.809986568 -0.457792997 -0.366534216
vn -0.949967898 -0.124008123 -0.286675737
vn -0.640370248 -0.756058362 -0.135283771
vn -0.949967898 -0.124008123 -0.286675737
vn -0.809986568 -0.457792997 -0.366534216
vn -0.970098202 -0.161020979 -0.181608707
vn -0.970098202 -0.161020979 -0.181608707
vn -0.744475731 -0.422042980 0.517335103
vn -0.949967898 -0.124008123 -0.286675737
vn -0.744475731 -0.422042980 0.517335103
vn -0.970098202 -0.161020979 -0.181608707
vn -0.711148134 -0.701797287 0.041819845
vn -0.711148134 -0.701797287 0.041819845
vn -0.605374208 -0.795932493 0.003679021
vn -0.744475731 -0.422042980 0.517335103
vn -0.605374208 -0.795932493 0.003679021
vn -0.711148134 -0.701797287 0.041819845
vn -0.657932885 -0.750208234 -0.065665240
vn -0.657932885 -0.750208234 -0.065665240
vn -0.640370248 -0.756058362 -0.135283771
vn -0.605374208 -0.795932493 0.003679021
vn -0.640370248 -0.756058362 -0.135283771
vn -0.657932885 -0.750208234 -0.065665240
vn -0.809986568 -0.457792997 -0.366534216
vn -0.198023039 -0.974760367 -0.103097542
vn -0.553659244 -0.823091766 -0.126417511
vn -0.586818635 -0.809688160 0.006998037
vn -0.553659244 -0.823091766 -0.126417511
vn -0.198023039 -0.974760367 -0.103097542
vn -0.115875103 -0.990051206 -0.079822117
vn -0.553659244 -0.823091766 -0.126417511
vn -0.711148134 -0.701797287 0.041819845
vn -0.586818635 -0.809688160 0.006998037
vn -0.711148134 -0.701797287 0.041819845
vn -0.553659244 -0.823091766 -0.126417511
vn -0.657932885 -0.750208234 -0.065665240
vn -0.640510771 -0.657516539 -0.396759314
vn -0.586499347 -0.379311118 0.715640686
vn -0.969207877 -0.100418362 -0.224838262
vn -0.586499347 -0.379311118 0.715640686
vn -0.640510771 -0.657516539 -0.396759314
vn -0.207468283 -0.875879821 0.435650606
vn -0.586499347 -0.379311118 0.715640686
vn 0.106543384 -0.504300943 0.856930024
vn -0.170142287 0.005966270 0.985401444
vn -0.969207877 -0.100418362 -0.224838262
vn -0.889527309 -0.121272760 -0.440493002
vn -0.640510771 -0.657516539 -0.396759314
vn -0.889527309 -0.121272760 -0.440493002
vn -0.969207877 -0.100418362 -0.224838262
vn -0.924077260 -0.107895932 -0.366660178
vn -0.889527309 -0.121272760 -0.440493002
vn -0.924077260 -0.107895932 -0.366660178
vn -0.970098202 -0.161020979 -0.181608707
vn 0.045177741 -0.941475965 0.334038888
vn -0.001606488 -0.900915478 0.433991613
vn -0.207468283 -0.875879821 0.435650606
vn -0.001606488 -0.900915478 0.433991613
vn 0.045177741 -0.941475965 0.334038888
vn 0.045644585 -0.933977211 0.354405335
vn -0.005631782 -0.999966920 0.005868793
vn 0.199680434 -0.976951751 0.075451978
vn 0.129399110 -0.976451122 0.172624092
vn 0.199680434 -0.976951751 0.075451978
vn -0.005631782 -0.999966920 0.005868793
vn -0.167684687 -0.982406921 0.082210025
vn -0.204442974 0.953689505 0.220634083
vn -0.392982541 0.919534717 -0.004541649
vn -0.203275212 0.978079940 0.045153286
vn -0.392982541 0.919534717 -0.004541649
vn -0.204442974 0.953689505 0.220634083
vn -0.452613468 0.866215464 0.211688021
vn -0.392982541 0.919534717 -0.004541649
vn 0.047794097 0.868225258 -0.493862963
vn -0.203275212 0.978079940 0.045153286
vn 0.047794097 0.868225258 -0.493862963
vn -0.392982541 0.919534717 -0.004541649
vn -0.349911739 0.904619204 -0.243363659
vn 0.047794097 0.868225258 -0.493862963
vn 0.213001596 0.914609481 -0.343685638
vn -0.131366179 0.045473231 -0.990290418
vn 0.213001596 0.914609481 -0.343685638
vn 0.047794097 0.868225258 -0.493862963
vn -0.349911739 0.904619204 -0.243363659
vn 0.098590621 -0.948000906 -0.302612247
vn -0.207468283 -0.875879821 0.435650606
vn -0.640510771 -0.657516539 -0.396759314
vn -0.207468283 -0.875879821 0.435650606
vn 0.098590621 -0.948000906 -0.302612247
vn 0.045177741 -0.941475965 0.334038888
vn -0.131366179 0.045473231 -0.990290418
vn 0.213001596 0.914609481 -0.343685638
vn -0.179254363 -0.595263721 -0.783280904
vn 0.213001596 0.914609481 -0.343685638
vn 0.907976429 -0.333172345 -0.254116100
vn -0.179254363 -0.595263721 -0.783280904
vn -0.439864123 0.127205208 0.889009780
vn 0.010615614 -0.094186680 0.995497955
vn -0.185460318 -0.380200763 0.906119115
vn 0.010615614 -0.094186680 0.995497955
vn -0.439864123 0.127205208 0.889009780
vn -0.235089777 0.271945043 0.933155234
vn -0.047669941 -0.986719113 -0.155283511
vn -0.003710272 -0.998816696 0.048491664
vn 0.042534712 -0.997466601 0.057019109
vn -0.003710272 -0.998816696 0.048491664
vn -0.047669941 -0.986719113 -0.155283511
vn -0.115875103 -0.990051206 -0.079822117
vn -0.318732202 -0.176028157 -0.931355932
vn 0.098590621 -0.948000906 -0.302612247
vn -0.640510771 -0.657516539 -0.396759314
vn 0.098590621 -0.948000906 -0.302612247
vn -0.318732202 -0.176028157 -0.931355932
vn 0.011695262 0.061587659 -0.998033156
vn 0.409209972 -0.651966732 0.638346755
vn -0.101820086 -0.683677631 0.722646225
vn 0.202371678 -0.369107712 0.907086105
vn 0.409209972 -0.651966732 0.638346755
vn 0.064557554 -0.907696236 0.414632204
vn -0.101820086 -0.683677631 0.722646225
vn 0.064557554 -0.907696236 0.414632204
vn 0.409209972 -0.651966732 0.638346755
vn 0.490383746 -0.755240501 0.434897191
vn -0.115875103 -0.990051206 -0.079822117
vn 0.143893979 -0.981034057 -0.129871869
vn -0.003710272 -0.998816696 0.048491664
vn 0.143893979 -0.981034057 -0.129871869
vn -0.115875103 -0.990051206 -0.079822117
vn -0.198023039 -0.974760367 -0.103097542
vn -0.259408998 0.745084706 -0.614455656
vn -0.047034764 0.346507245 -0.936867365
vn -0.194412005 0.948743556 -0.249177924
vn -0.047034764 0.346507245 -0.936867365
vn -0.259408998 0.745084706 -0.614455656
vn -0.187852807 -0.707198350 -0.681602389
vn -0.263664175 -0.961041162 -0.082952323
vn -0.798030684 -0.580611614 0.161360408
vn -0.869123059 -0.472312700 -0.146784954
vn -0.798030684 -0.580611614 0.161360408
vn -0.263664175 -0.961041162 -0.082952323
vn -0.167684687 -0.982406921 0.082210025
vn -0.869123059 -0.472312700 -0.146784954
vn -0.984401268 0.172231522 0.035922793
vn -0.971888705 0.153461898 -0.178554728
vn -0.984401268 0.172231522 0.035922793
vn -0.869123059 -0.472312700 -0.146784954
vn -0.798030684 -0.580611614 0.161360408
vn -0.984401268 0.172231522 0.035922793
vn -0.474085156 0.865121968 -0.163729185
vn -0.971888705 0.153461898 -0.178554728
vn -0.474085156 0.865121968 -0.163729185
vn -0.984401268 0.172231522 0.035922793
vn -0.399159363 0.916190785 -0.035584375
vn -0.399159363 0.916190785 -0.035584375
vn -0.173608661 0.977627730 -0.118760494
vn -0.474085156 0.865121968 -0.163729185
vn -0.173608661 0.977627730 -0.118760494
vn -0.399159363 0.916190785 -0.035584375
vn -0.202706080 0.979146467 -0.013507064
vn -0.586499347 -0.379311118 0.715640686
vn -0.207468283 -0.875879821 0.435650606
vn 0.106543384 -0.504300943 0.856930024
vn -0.207468283 -0.875879821 0.435650606
vn 0.329734046 -0.798243827 0.504065722
vn 0.106543384 -0.504300943 0.856930024
vn 0.329734046 -0.798243827 0.504065722
vn -0.032741023 -0.385262714 0.922225930
vn 0.106543384 -0.504300943 0.856930024
vn -0.032741023 -0.385262714 0.922225930
vn 0.329734046 -0.798243827 0.504065722
vn 0.201901609 -0.971802833 0.121798988
vn 0.201901609 -0.971802833 0.121798988
vn 0.141511593 -0.938242192 0.315715154
vn -0.032741023 -0.385262714 0.922225930
vn 0.141511593 -0.938242192 0.315715154
vn 0.201901609 -0.971802833 0.121798988
vn 0.075555797 -0.654819114 -0.751999501
vn 0.141511593 -0.938242192 0.315715154
vn 0.075555797 -0.654819114 -0.751999501
vn -0.187852807 -0.707198350 -0.681602389
vn 0.063559940 -0.595738855 0.800659323
vn 0.268097924 -0.078618954 0.960178402
vn 0.141511593 -0.938242192 0.315715154
vn -0.016692001 -0.998775201 0.046577620
vn 0.907976429 -0.333172345 -0.254116100
vn 0.923223903 -0.342109996 -0.174981074
vn -0.238687580 -0.971032776 0.011116985
vn -0.198023039 -0.974760367 -0.103097542
vn -0.586818635 -0.809688160 0.006998037
vn 0.143893979 -0.981034057 -0.129871869
vn -0.238687580 -0.971032776 0.011116985
vn 0.171181326 -0.978064448 0.118688199
vn -0.238687580 -0.971032776 0.011116985
vn 0.143893979 -0.981034057 -0.129871869
vn -0.198023039 -0.974760367 -0.103097542
vn -0.238687580 -0.971032776 0.011116985
vn -0.586818635 -0.809688160 0.006998037
vn -0.512437240 -0.828859717 0.224498652
vn -0.265464014 0.233407247 -0.935441027
vn -0.490038696 -0.720995678 -0.489925820
vn 0.203395002 0.203145087 -0.957790450
vn -0.267211327 -0.731705188 -0.627061101
vn -0.190907635 -0.979176871 -0.069042963
vn 0.143476513 -0.988635063 -0.044891007
vn -0.365831936 -0.898902919 -0.241123489
vn -0.585118661 -0.770416789 -0.253168175
vn -0.553659244 -0.823091766 -0.126417511
vn -0.267211327 -0.731705188 -0.627061101
vn -0.489337985 -0.717326994 -0.495974113
vn -0.365831936 -0.898902919 -0.241123489
vn -0.190907635 -0.979176871 -0.069042963
vn 0.250585283 -0.966636580 -0.053110621
vn 0.143476513 -0.988635063 -0.044891007
vn 0.250585283 -0.966636580 -0.053110621
vn -0.190907635 -0.979176871 -0.069042963
vn -0.047669941 -0.986719113 -0.155283511
vn -0.003710272 -0.998816696 0.048491664
vn 0.561869658 -0.827107374 0.013995668
vn 0.562275044 -0.816020973 -0.134002039
vn 0.250585283 -0.966636580 -0.053110621
vn -0.047669941 -0.986719113 -0.155283511
vn 0.166232852 -0.951502139 -0.258863514
vn 0.563602414 -0.822600252 -0.075373369
vn 0.143476513 -0.988635063 -0.044891007
vn 0.250585283 -0.966636580 -0.053110621
vn 0.143476513 -0.988635063 -0.044891007
vn 0.563602414 -0.822600252 -0.075373369
vn 0.556349783 -0.825432684 0.095581395
vn -0.365831936 -0.898902919 -0.241123489
vn -0.190907635 -0.979176871 -0.069042963
vn -0.267211327 -0.731705188 -0.627061101
vn -0.190907635 -0.979176871 -0.069042963
vn -0.365831936 -0.898902919 -0.241123489
vn -0.047669941 -0.986719113 -0.155283511
vn -0.365831936 -0.898902919 -0.241123489
vn -0.489337985 -0.717326994 -0.495974113
vn -0.585118661 -0.770416789 -0.253168175
vn -0.809986568 -0.457792997 -0.366534216
vn -0.553659244 -0.823091766 -0.126417511
vn -0.585118661 -0.770416789 -0.253168175
vn -0.553659244 -0.823091766 -0.126417511
vn -0.809986568 -0.457792997 -0.366534216
vn -0.657932885 -0.750208234 -0.065665240
vn -0.115875103 -0.990051206 -0.079822117
vn -0.047669941 -0.986719113 -0.155283511
vn -0.365831936 -0.898902919 -0.241123489
vn 0.490383746 -0.755240501 0.434897191
vn 0.171181326 -0.978064448 0.118688199
vn 0.064557554 -0.907696236 0.414632204
vn 0.171181326 -0.978064448 0.118688199
vn 0.490383746 -0.755240501 0.434897191
vn 0.546978180 -0.818119451 0.177469532
vn 0.171181326 -0.978064448 0.118688199
vn 0.563086312 -0.826130121 -0.021043484
vn 0.143893979 -0.981034057 -0.129871869
vn 0.563086312 -0.826130121 -0.021043484
vn 0.171181326 -0.978064448 0.118688199
vn 0.546978180 -0.818119451 0.177469532
vn 0.563086312 -0.826130121 -0.021043484
vn -0.003710272 -0.998816696 0.048491664
vn 0.143893979 -0.981034057 -0.129871869
vn -0.003710272 -0.998816696 0.048491664
vn 0.563086312 -0.826130121 -0.021043484
vn 0.561869658 -0.827107374 0.013995668
vn 0.042534712 -0.997466601 0.057019109
vn 0.166232852 -0.951502139 -0.258863514
vn -0.047669941 -0.986719113 -0.155283511
vn -0.971888705 0.153461898 -0.178554728
vn -0.678450396 0.691521154 -0.247999100
vn -0.970904668 -0.121679779 -0.206247804
vn -0.493613577 0.839606169 0.226731377
vn -0.407356584 0.570541269 0.713122201
vn -0.974931878 -0.044043671 -0.218100866
vn -0.970904668 -0.121679779 -0.206247804
vn -0.694411892 0.716080521 -0.070857686
vn -0.999311373 -0.001229407 -0.037084601
vn -0.694411892 0.716080521 -0.070857686
vn -0.970904668 -0.121679779 -0.206247804
vn -0.678450396 0.691521154 -0.247999100
vn -0.678450396 0.691521154 -0.247999100
vn -0.971888705 0.153461898 -0.178554728
vn -0.474085156 0.865121968 -0.163729185
vn 0.143476513 -0.988635063 -0.044891007
vn 0.556349783 -0.825432684 0.095581395
vn 0.488512563 -0.674462847 -0.553584090
vn -0.047896509 0.888507871 0.456354783
vn -0.448730924 0.323097555 0.833215775
vn -0.096466298 0.864575341 0.493156904
vn 0.166232852 -0.951502139 -0.258863514
vn 0.563602414 -0.822600252 -0.075373369
vn 0.250585283 -0.966636580 -0.053110621
vn 0.563602414 -0.822600252 -0.075373369
vn 0.166232852 -0.951502139 -0.258863514
vn 0.528742154 -0.745232083 -0.406276848
vn 0.562275044 -0.816020973 -0.134002039
vn 0.166232852 -0.951502139 -0.258863514
vn 0.042534712 -0.997466601 0.057019109
vn 0.166232852 -0.951502139 -0.258863514
vn 0.562275044 -0.816020973 -0.134002039
vn 0.528742154 -0.745232083 -0.406276848
vn -0.307812148 0.948984855 -0.068406329
vn -0.033865546 0.965301922 0.258931118
vn -0.264854329 0.944888139 0.192454124
vn -0.033865546 0.965301922 0.258931118
vn -0.307812148 0.948984855 -0.068406329
vn -0.090991220 0.993581373 -0.067206046
vn -0.264854329 0.944888139 0.192454124
vn -0.694411892 0.716080521 -0.070857686
vn -0.307812148 0.948984855 -0.068406329
vn -0.694411892 0.716080521 -0.070857686
vn -0.264854329 0.944888139 0.192454124
vn -0.493613577 0.839606169 0.226731377
vn -0.694411892 0.716080521 -0.070857686
vn -0.974931878 -0.044043671 -0.218100866
vn -0.999311373 -0.001229407 -0.037084601
vn -0.974931878 -0.044043671 -0.218100866
vn -0.694411892 0.716080521 -0.070857686
vn -0.493613577 0.839606169 0.226731377
vn -0.974931878 -0.044043671 -0.218100866
vn -0.922311970 -0.372595489 0.102534048
vn -0.999311373 -0.001229407 -0.037084601
vn -0.922311970 -0.372595489 0.102534048
vn -0.974931878 -0.044043671 -0.218100866
vn -0.931524186 -0.356999902 0.069381270
vn -0.931524186 -0.356999902 0.069381270
vn -0.979460170 -0.139201906 0.145878731
vn -0.922311970 -0.372595489 0.102534048
vn -0.979460170 -0.139201906 0.145878731
vn -0.931524186 -0.356999902 0.069381270
vn -0.753551093 0.360657682 -0.549624224
vn -0.774809219 -0.631825090 0.021627049
vn -0.753551093 0.360657682 -0.549624224
vn -0.523407646 -0.829358504 -0.195470991
vn -0.753551093 0.360657682 -0.549624224
vn -0.774809219 -0.631825090 0.021627049
vn -0.979460170 -0.139201906 0.145878731
vn -0.257555267 -0.957474996 0.130026597
vn 0.122376514 -0.983334408 -0.134452335
vn -0.412009684 -0.903001360 -0.121805439
vn 0.122376514 -0.983334408 -0.134452335
vn -0.257555267 -0.957474996 0.130026597
vn 0.066330026 -0.982299805 0.175178255
vn -0.412009684 -0.903001360 -0.121805439
vn -0.774809219 -0.631825090 0.021627049
vn -0.257555267 -0.957474996 0.130026597
vn -0.774809219 -0.631825090 0.021627049
vn -0.412009684 -0.903001360 -0.121805439
vn -0.870758105 -0.466922469 -0.154154889
vn -0.095570121 -0.938967149 0.330464893
vn 0.114048522 -0.992937238 0.032689094
vn -0.001606488 -0.900915478 0.433991613
vn 0.114048522 -0.992937238 0.032689094
vn -0.095570121 -0.938967149 0.330464893
vn -0.523407646 -0.829358504 -0.195470991
vn -0.523407646 -0.829358504 -0.195470991
vn 0.140582843 -0.635654047 -0.759065476
vn 0.114048522 -0.992937238 0.032689094
vn 0.140582843 -0.635654047 -0.759065476
vn -0.523407646 -0.829358504 -0.195470991
vn -0.047034764 0.346507245 -0.936867365
vn 0.140582843 -0.635654047 -0.759065476
vn -0.047034764 0.346507245 -0.936867365
vn 0.075555797 -0.654819114 -0.751999501
vn 0.243335822 0.279248185 0.928874657
vn -0.974931878 -0.044043671 -0.218100866
vn -0.407356584 0.570541269 0.713122201
vn -0.974931878 -0.044043671 -0.218100866
vn 0.243335822 0.279248185 0.928874657
vn -0.194412005 0.948743556 -0.249177924
vn -0.001606488 -0.900915478 0.433991613
vn 0.046854552 -0.910245508 0.411409486
vn -0.095570121 -0.938967149 0.330464893
vn 0.046854552 -0.910245508 0.411409486
vn -0.001606488 -0.900915478 0.433991613
vn 0.045644585 -0.933977211 0.354405335
vn -0.950962447 -0.271435901 -0.148300287
vn -0.928649370 -0.279576749 0.243817942
vn -0.808114531 -0.575980399 0.123278075
vn -0.924077260 -0.107895932 -0.366660178
vn -0.950962447 -0.271435901 -0.148300287
vn -0.970098202 -0.161020979 -0.181608707
vn -0.808114531 -0.575980399 0.123278075
vn -0.970098202 -0.161020979 -0.181608707
vn -0.950962447 -0.271435901 -0.148300287
vn -0.928649370 -0.279576749 0.243817942
vn -0.950962447 -0.271435901 -0.148300287
vn -0.915360799 0.382486486 -0.125772399
vn -0.101820086 -0.683677631 0.722646225
vn -0.484812439 -0.558215261 0.673314652
vn -0.185460318 -0.380200763 0.906119115
vn -0.185460318 -0.380200763 0.906119115
vn -0.583689272 -0.188156980 0.789875803
vn -0.439864123 0.127205208 0.889009780
vn -0.583689272 -0.188156980 0.789875803
vn -0.185460318 -0.380200763 0.906119115
vn -0.484812439 -0.558215261 0.673314652
vn -0.439864123 0.127205208 0.889009780
vn -0.583689272 -0.188156980 0.789875803
vn -0.823814432 0.427823138 0.371883241
vn -0.484812439 -0.558215261 0.673314652
vn -0.101820086 -0.683677631 0.722646225
vn -0.512437240 -0.828859717 0.224498652
vn -0.135473971 0.975489791 -0.173396857
vn -0.474085156 0.865121968 -0.163729185
vn -0.173608661 0.977627730 -0.118760494
vn -0.474085156 0.865121968 -0.163729185
vn -0.135473971 0.975489791 -0.173396857
vn -0.317158543 0.928768190 -0.191833543
vn -0.047896509 0.888507871 0.456354783
vn -0.096466298 0.864575341 0.493156904
vn -0.013036478 0.870657161 0.491717560
vn 0.172283561 -0.984786993 -0.022648457
vn -0.167684687 -0.982406921 0.082210025
vn -0.263664175 -0.961041162 -0.082952323
vn -0.167684687 -0.982406921 0.082210025
vn 0.172283561 -0.984786993 -0.022648457
vn 0.199680434 -0.976951751 0.075451978
vn 0.143476513 -0.988635063 -0.044891007
vn 0.488512563 -0.674462847 -0.553584090
vn -0.267211327 -0.731705188 -0.627061101
vn 0.562275044 -0.816020973 -0.134002039
vn 0.042534712 -0.997466601 0.057019109
vn -0.003710272 -0.998816696 0.048491664
vn -0.185460318 -0.380200763 0.906119115
vn 0.202371678 -0.369107712 0.907086105
vn -0.101820086 -0.683677631 0.722646225
vn -0.439864123 0.127205208 0.889009780
vn -0.823814432 0.427823138 0.371883241
vn -0.502200631 0.697986595 0.510499011
vn -0.078868551 -0.980078116 -0.182281756
vn -0.006660481 -0.998617285 -0.052145532
vn -0.180276571 -0.982005578 -0.056261920
vn -0.006660481 -0.998617285 -0.052145532
vn -0.078868551 -0.980078116 -0.182281756
vn 0.029383443 -0.995255399 -0.092753996
vn 0.005926356 -0.999584754 -0.028199240
vn 0.029383443 -0.995255399 -0.092753996
vn -0.078868551 -0.980078116 -0.182281756
vn 0.029383443 -0.995255399 -0.092753996
vn 0.005926356 -0.999584754 -0.028199240
vn 0.028355759 -0.999390625 0.020355108
vn -0.011555397 -0.999481426 0.030055809
vn 0.028355759 -0.999390625 0.020355108
vn 0.005926356 -0.999584754 -0.028199240
vn 0.028355759 -0.999390625 0.020355108
vn -0.011555397 -0.999481426 0.030055809
vn 0.037000039 -0.998155036 0.048140642
vn -0.029994121 -0.998586074 0.043888567
vn 0.037000039 -0.998155036 0.048140642
vn -0.011555397 -0.999481426 0.030055809
vn 0.037000039 -0.998155036 0.048140642
vn -0.029994121 -0.998586074 0.043888567
vn 0.085155147 -0.991268990 0.100669713
vn 0.129399110 -0.976451122 0.172624092
vn -0.029994121 -0.998586074 0.043888567
vn -0.005631782 -0.999966920 0.005868793
vn -0.180276571 -0.982005578 -0.056261920
vn -0.028939112 -0.999375973 -0.020253187
vn -0.245733017 -0.967058189 -0.066436012
vn -0.028939112 -0.999375973 -0.020253187
vn -0.180276571 -0.982005578 -0.056261920
vn -0.006660481 -0.998617285 -0.052145532
vn -0.190597891 0.981387975 0.023453906
vn -0.522100001 0.852458680 -0.026940447
vn -0.698669156 0.693480874 -0.175913863
vn -0.522100001 0.852458680 -0.026940447
vn -0.190597891 0.981387975 0.023453906
vn 0.204745918 0.976484217 0.067510612
vn 0.204745918 0.976484217 0.067510612
vn -0.580448232 0.791012532 0.193336557
vn -0.522100001 0.852458680 -0.026940447
vn -0.580448232 0.791012532 0.193336557
vn 0.204745918 0.976484217 0.067510612
vn 0.268699084 0.961493650 0.057712756
vn -0.135649993 0.990731077 -0.007142321
vn -0.580448232 0.791012532 0.193336557
vn 0.268699084 0.961493650 0.057712756
vn -0.580448232 0.791012532 0.193336557
vn -0.135649993 0.990731077 -0.007142321
vn -0.559346973 0.827474067 0.049169425
vn -0.135649993 0.990731077 -0.007142321
vn -0.617710746 0.783657902 -0.065678970
vn -0.559346973 0.827474067 0.049169425
vn -0.617710746 0.783657902 -0.065678970
vn -0.135649993 0.990731077 -0.007142321
vn 0.044734067 0.995752728 -0.080469667
vn 0.047794097 0.868225258 -0.493862963
vn -0.349911739 0.904619204 -0.243363659
vn 0.495456558 0.830922230 -0.253162096
vn -0.349911739 0.904619204 -0.243363659
vn 0.044734067 0.995752728 -0.080469667
vn 0.495456558 0.830922230 -0.253162096
vn -0.753551093 0.360657682 -0.549624224
vn -0.931524186 -0.356999902 0.069381270
vn -0.974931878 -0.044043671 -0.218100866
vn -0.005631782 -0.999966920 0.005868793
vn -0.029994121 -0.998586074 0.043888567
vn -0.016692001 -0.998775201 0.046577620
vn -0.029994121 -0.998586074 0.043888567
vn 0.129399110 -0.976451122 0.172624092
vn 0.085155147 -0.991268990 0.100669713
vn -0.011555397 -0.999481426 0.030055809
vn -0.016692001 -0.998775201 0.046577620
vn -0.029994121 -0.998586074 0.043888567
vn -0.016692001 -0.998775201 0.046577620
vn -0.011555397 -0.999481426 0.030055809
vn 0.135081688 -0.990780596 0.010331900
vn 0.005926356 -0.999584754 -0.028199240
vn 0.135081688 -0.990780596 0.010331900
vn -0.011555397 -0.999481426 0.030055809
vn 0.135081688 -0.990780596 0.010331900
vn 0.005926356 -0.999584754 -0.028199240
vn -0.002551329 -0.985129168 -0.171796427
vn -0.078868551 -0.980078116 -0.182281756
vn -0.002551329 -0.985129168 -0.171796427
vn 0.005926356 -0.999584754 -0.028199240
vn -0.002551329 -0.985129168 -0.171796427
vn -0.078868551 -0.980078116 -0.182281756
vn -0.208614753 -0.951208142 -0.227338854
vn -0.180276571 -0.982005578 -0.056261920
vn -0.208614753 -0.951208142 -0.227338854
vn -0.078868551 -0.980078116 -0.182281756
vn -0.208614753 -0.951208142 -0.227338854
vn -0.180276571 -0.982005578 -0.056261920
vn -0.140535715 -0.979845379 -0.141960365
vn -0.245733017 -0.967058189 -0.066436012
vn -0.140535715 -0.979845379 -0.141960365
vn -0.180276571 -0.982005578 -0.056261920
vn -0.140535715 -0.979845379 -0.141960365
vn -0.245733017 -0.967058189 -0.066436012
vn -0.000390686 -0.990025898 0.140884946
vn 0.129399110 -0.976451122 0.172624092
vn 0.362854809 -0.837026234 0.409540561
vn 0.085155147 -0.991268990 0.100669713
vn 0.362854809 -0.837026234 0.409540561
vn 0.129399110 -0.976451122 0.172624092
vn 0.417708455 -0.811184006 0.409267827
vn 0.037000039 -0.998155036 0.048140642
vn 0.362854809 -0.837026234 0.409540561
vn 0.434158097 -0.842542766 0.318792149
vn 0.362854809 -0.837026234 0.409540561
vn 0.037000039 -0.998155036 0.048140642
vn 0.085155147 -0.991268990 0.100669713
vn 0.028355759 -0.999390625 0.020355108
vn 0.434158097 -0.842542766 0.318792149
vn 0.450025452 -0.881427670 0.143395802
vn 0.434158097 -0.842542766 0.318792149
vn 0.028355759 -0.999390625 0.020355108
vn 0.037000039 -0.998155036 0.048140642
vn 0.029383443 -0.995255399 -0.092753996
vn 0.450025452 -0.881427670 0.143395802
vn 0.475584580 -0.842940398 -0.251536860
vn 0.450025452 -0.881427670 0.143395802
vn 0.029383443 -0.995255399 -0.092753996
vn 0.028355759 -0.999390625 0.020355108
vn -0.006660481 -0.998617285 -0.052145532
vn 0.475584580 -0.842940398 -0.251536860
vn 0.617905864 -0.735142656 -0.278850531
vn 0.475584580 -0.842940398 -0.251536860
vn -0.006660481 -0.998617285 -0.052145532
vn 0.029383443 -0.995255399 -0.092753996
vn -0.028939112 -0.999375973 -0.020253187
vn 0.617905864 -0.735142656 -0.278850531
vn 0.897089394 -0.086409310 -0.433317494
vn 0.617905864 -0.735142656 -0.278850531
vn -0.028939112 -0.999375973 -0.020253187
vn -0.006660481 -0.998617285 -0.052145532
vn -0.387189907 0.827778614 -0.406037612
vn 0.139359455 0.903630109 -0.405008109
vn -0.566226055 0.539693293 -0.622992138
vn 0.139359455 0.903630109 -0.405008109
vn -0.387189907 0.827778614 -0.406037612
vn 0.126977541 0.710027613 -0.692630849
vn -0.566226055 0.539693293 -0.622992138
vn -0.374097293 0.895835854 -0.239852744
vn -0.750145256 0.534521926 -0.389317873
vn -0.374097293 0.895835854 -0.239852744
vn -0.566226055 0.539693293 -0.622992138
vn 0.139359455 0.903630109 -0.405008109
vn -0.374097293 0.895835854 -0.239852744
vn -0.607035489 0.564778538 0.559046614
vn -0.750145256 0.534521926 -0.389317873
vn -0.607035489 0.564778538 0.559046614
vn -0.374097293 0.895835854 -0.239852744
vn 0.174537158 0.979205854 0.103405396
vn 0.187484928 0.975778777 0.112717254
vn -0.607035489 0.564778538 0.559046614
vn 0.174537158 0.979205854 0.103405396
vn -0.607035489 0.564778538 0.559046614
vn 0.187484928 0.975778777 0.112717254
vn -0.792910115 0.539560815 0.283138970
vn -0.385547374 0.922684775 -0.002455348
vn -0.792910115 0.539560815 0.283138970
vn 0.187484928 0.975778777 0.112717254
vn -0.792910115 0.539560815 0.283138970
vn -0.385547374 0.922684775 -0.002455348
vn -0.785740110 0.546330779 0.290060613
vn 0.495456558 0.830922230 -0.253162096
vn 0.044734067 0.995752728 -0.080469667
vn 0.717494854 0.688922365 -0.102893682
vn 0.596454234 0.802568107 -0.011259707
vn 0.044734067 0.995752728 -0.080469667
vn -0.135649993 0.990731077 -0.007142321
vn 0.044734067 0.995752728 -0.080469667
vn 0.596454234 0.802568107 -0.011259707
vn 0.717494854 0.688922365 -0.102893682
vn 0.268699084 0.961493650 0.057712756
vn 0.596454234 0.802568107 -0.011259707
vn -0.135649993 0.990731077 -0.007142321
vn 0.596454234 0.802568107 -0.011259707
vn 0.268699084 0.961493650 0.057712756
vn 0.663870280 0.744403867 -0.071687753
vn 0.204745918 0.976484217 0.067510612
vn 0.663870280 0.744403867 -0.071687753
vn 0.268699084 0.961493650 0.057712756
vn 0.663870280 0.744403867 -0.071687753
vn 0.204745918 0.976484217 0.067510612
vn 0.727298116 0.685027837 -0.042122602
vn 0.842120083 0.513697392 -0.164160763
vn 0.204745918 0.976484217 0.067510612
vn -0.190597891 0.981387975 0.023453906
vn 0.204745918 0.976484217 0.067510612
vn 0.842120083 0.513697392 -0.164160763
vn 0.727298116 0.685027837 -0.042122602
vn 0.139359455 0.903630109 -0.405008109
vn 0.126977541 0.710027613 -0.692630849
vn 0.495456558 0.830922230 -0.253162096
vn 0.126977541 0.710027613 -0.692630849
vn 0.047794097 0.868225258 -0.493862963
vn 0.495456558 0.830922230 -0.253162096
vn -0.748861710 0.662592988 0.013291752
vn 0.044734067 0.995752728 -0.080469667
vn -0.349911739 0.904619204 -0.243363659
vn 0.044734067 0.995752728 -0.080469667
vn -0.748861710 0.662592988 0.013291752
vn -0.617710746 0.783657902 -0.065678970
f 3/3/3 2/2/2 1/1/1
f 6/6/6 5/5/5 4/4/4
f 9/9/9 8/8/8 7/7/7
f 12/12/12 11/11/11 10/10/10
f 15/15/15 14/14/14 13/13/13
f 18/18/18 17/17/17 16/16/16
f 21/21/21 20/20/20 19/19/19
f 24/24/24 23/23/23 22/22/22
f 27/27/27 26/26/26 25/25/25
f 30/30/30 29/29/29 28/28/28
f 33/33/33 32/32/32 31/31/31
f 36/36/36 35/35/35 34/34/34
f 39/39/39 38/38/38 37/37/37
f 42/42/42 41/41/41 40/40/40
f 45/45/45 44/44/44 43/43/43
f 48/48/48 47/47/47 46/46/46
f 51/51/51 50/50/50 49/49/49
f 54/54/54 53/53/53 52/52/52
f 57/57/57 56/56/56 55/55/55
f 60/60/60 59/59/59 58/58/58
f 63/63/63 62/62/62 61/61/61
f 66/66/66 65/65/65 64/64/64
f 69/69/69 68/68/68 67/67/67
f 72/72/72 71/71/71 70/70/70
f 75/75/75 74/74/74 73/73/73
f 78/78/78 77/77/77 76/76/76
f 81/81/81 80/80/80 79/79/79
f 84/84/84 83/83/83 82/82/82
f 87/87/87 86/86/86 85/85/85
f 90/90/90 89/89/89 88/88/88
f 93/93/93 92/92/92 91/91/91
f 96/96/96 95/95/95 94/94/94
f 99/99/99 98/98/98 97/97/97
f 102/102/102 101/101/101 100/100/100
f 105/105/105 104/104/104 103/103/103
f 108/108/108 107/107/107 106/106/106
f 111/111/111 110/110/110 109/109/109
f 114/114/114 113/113/113 112/112/112
f 117/117/117 116/116/116 115/115/115
f 120/120/120 119/119/119 118/118/118
f 123/123/123 122/122/122 121/121/121
f 126/126/126 125/125/125 124/124/124
f 129/129/129 128/128/128 127/127/127
f 132/132/132 131/131/131 130/130/130
f 135/135/135 134/134/134 133/133/133
f 138/138/138 137/137/137 136/136/136
f 141/141/141 140/140/140 139/139/139
f 144/144/144 143/143/143 142/142/142
f 147/147/147 146/146/146 145/145/145
f 150/150/150 149/149/149 148/148/148
f 153/153/153 152/152/152 151/151/151
f 156/156/156 155/155/155 154/154/154
f 159/159/159 158/158/158 157/157/157
f 162/162/162 161/161/161 160/160/160
f 165/165/165 164/164/164 163/163/163
f 168/168/168 167/167/167 166/166/166
f 171/171/171 170/170/170 169/169/169
f 174/174/174 173/173/173 172/172/172
f 177/177/177 176/176/176 175/175/175
f 180/180/180 179/179/179 178/178/178
f 183/183/183 182/182/182 181/181/181
f 186/186/186 185/185/185 184/184/184
f 189/189/189 188/188/188 187/187/187
f 192/192/192 191/191/191 190/190/190
f 195/195/195 194/194/194 193/193/193
f 198/198/198 197/197/197 196/196/196
f 201/201/201 200/200/200 199/199/199
f 204/204/204 203/203/203 202/202/202
f 207/207/207 206/206/206 205/205/205
f 210/210/210 209/209/209 208/208/208
f 213/213/213 212/212/212 211/211/211
f 216/216/216 215/215/215 214/214/214
f 219/219/219 218/218/218 217/217/217
f 222/222/222 221/221/221 220/220/220
f 225/225/225 224/224/224 223/223/223
f 228/228/228 227/227/227 226/226/226
f 231/231/231 230/230/230 229/229/229
f 234/234/234 233/233/233 232/232/232
f 237/237/237 236/236/236 235/235/235
f 240/240/240 239/239/239 238/238/238
f 243/243/243 242/242/242 241/241/241
f 246/246/246 245/245/245 244/244/244
f 249/249/249 248/248/248 247/247/247
f 252/252/252 251/251/251 250/250/250
f 255/255/255 254/254/254 253/253/253
f 258/258/258 257/257/257 256/256/256
f 261/261/261 260/260/260 259/259/259
f 264/264/264 263/263/263 262/262/262
f 267/267/267 266/266/266 265/265/265
f 270/270/270 269/269/269 268/268/268
f 273/273/273 272/272/272 271/271/271
f 276/276/276 275/275/275 274/274/274
f 279/279/279 278/278/278 277/277/277
f 282/282/282 281/281/281 280/280/280
f 285/285/285 284/284/284 283/283/283
f 288/288/288 287/287/287 286/286/286
f 291/291/291 290/290/290 289/289/289
f 294/294/294 293/293/293 292/292/292
f 297/297/297 296/296/296 295/295/295
f 300/300/300 299/299/299 298/298/298
f 303/303/303 302/302/302 301/301/301
f 306/306/306 305/305/305 304/304/304
f 309/309/309 308/308/308 307/307/307
f 312/312/312 311/311/311 310/310/310
f 315/315/315 314/314/314 313/313/313
f 318/318/318 317/317/317 316/316/316
f 321/321/321 320/320/320 319/319/319
f 324/324/324 323/323/323 322/322/322
f 327/327/327 326/326/326 325/325/325
f 330/330/330 329/329/329 328/328/328
f 333/333/333 332/332/332 331/331/331
f 336/336/336 335/335/335 334/334/334
f 339/339/339 338/338/338 337/337/337
f 342/342/342 341/341/341 340/340/340
f 345/345/345 344/344/344 343/343/343
f 348/348/348 347/347/347 346/346/346
f 351/351/351 350/350/350 349/349/349
f 354/354/354 353/353/353 352/352/352
f 357/357/357 356/356/356 355/355/355
f 360/360/360 359/359/359 358/358/358
f 363/363/363 362/362/362 361/361/361
f 366/366/366 365/365/365 364/364/364
f 369/369/369 368/368/368 367/367/367
f 372/372/372 371/371/371 370/370/370
f 375/375/375 374/374/374 373/373/373
f 378/378/378 377/377/377 376/376/376
f 381/381/381 380/380/380 379/379/379
f 384/384/384 383/383/383 382/382/382
f 387/387/387 386/386/386 385/385/385
f 390/390/390 389/389/389 388/388/388
f 393/393/393 392/392/392 391/391/391
f 396/396/396 395/395/395 394/394/394
f 399/399/399 398/398/398 397/397/397
f 402/402/402 401/401/401 400/400/400
f 405/405/405 404/404/404 403/403/403
f 408/408/408 407/407/407 406/406/406
f 411/411/411 410/410/410 409/409/409
f 414/414/414 413/413/413 412/412/412
f 417/417/417 416/416/416 415/415/415
f 420/420/420 419/419/419 418/418/418
f 423/423/423 422/422/422 421/421/421
f 426/426/426 425/425/425 424/424/424
f 429/429/429 428/428/428 427/427/427
f 432/432/432 431/431/431 430/430/430
f 435/435/435 434/434/434 433/433/433
f 438/438/438 437/437/437 436/436/436
f 441/441/441 440/440/440 439/439/439
f 444/444/444 443/443/443 442/442/442
f 447/447/447 446/446/446 445/445/445
f 450/450/450 449/449/449 448/448/448
f 453/453/453 452/452/452 451/451/451
f 456/456/456 455/455/455 454/454/454
f 459/459/459 458/458/458 457/457/457
f 462/462/462 461/461/461 460/460/460
f 465/465/465 464/464/464 463/463/463
f 468/468/468 467/467/467 466/466/466
f 471/471/471 470/470/470 469/469/469
f 474/474/474 473/473/473 472/472/472
f 477/477/477 476/476/476 475/475/475
f 480/480/480 479/479/479 478/478/478
f 483/483/483 482/482/482 481/481/481
f 486/486/486 485/485/485 484/484/484
f 489/489/489 488/488/488 487/487/487
f 492/492/492 491/491/491 490/490/490
f 495/495/495 494/494/494 493/493/493
f 498/498/498 497/497/497 496/496/496
f 501/501/501 500/500/500 499/499/499
f 504/504/504 503/503/503 502/502/502
f 507/507/507 506/506/506 505/505/505
f 510/510/510 509/509/509 508/508/508
f 513/513/513 512/512/512 511/511/511
f 516/516/516 515/515/515 514/514/514
f 519/519/519 518/518/518 517/517/517
f 522/522/522 521/521/521 520/520/520
f 525/525/525 524/524/524 523/523/523
f 528/528/528 527/527/527 526/526/526
f 531/531/531 530/530/530 529/529/529
f 534/534/534 533/533/533 532/532/532
f 537/537/537 536/536/536 535/535/535
f 540/540/540 539/539/539 538/538/538
f 543/543/543 542/542/542 541/541/541
f 546/546/546 545/545/545 544/544/544
f 549/549/549 548/548/548 547/547/547
f 552/552/552 551/551/551 550/550/550
f 555/555/555 554/554/554 553/553/553
f 558/558/558 557/557/557 556/556/556
f 561/561/561 560/560/560 559/559/559
f 564/564/564 563/563/563 562/562/562
f 567/567/567 566/566/566 565/565/565
f 570/570/570 569/569/569 568/568/568
f 573/573/573 572/572/572 571/571/571
f 576/576/576 575/575/575 574/574/574
f 579/579/579 578/578/578 577/577/577
f 582/582/582 581/581/581 580/580/580
f 585/585/585 584/584/584 583/583/583
f 588/588/588 587/587/587 586/586/586
f 591/591/591 590/590/590 589/589/589
f 594/594/594 593/593/593 592/592/592
f 597/597/597 596/596/596 595/595/595
f 600/600/600 599/599/599 598/598/598
f 603/603/603 602/602/602 601/601/601
f 606/606/606 605/605/605 604/604/604
f 609/609/609 608/608/608 607/607/607
f 612/612/612 611/611/611 610/610/610
f 615/615/615 614/614/614 613/613/613
f 618/618/618 617/617/617 616/616/616
f 621/621/621 620/620/620 619/619/619
f 624/624/624 623/623/623 622/622/622
f 627/627/627 626/626/626 625/625/625
f 630/630/630 629/629/629 628/628/628
f 633/633/633 632/632/632 631/631/631
f 636/636/636 635/635/635 634/634/634
f 639/639/639 638/638/638 637/637/637
f 642/642/642 641/641/641 640/640/640
f 645/645/645 644/644/644 643/643/643
f 648/648/648 647/647/647 646/646/646
f 651/651/651 650/650/650 649/649/649
f 654/654/654 653/653/653 652/652/652
f 657/657/657 656/656/656 655/655/655
f 660/660/660 659/659/659 658/658/658
f 663/663/663 662/662/662 661/661/661
f 666/666/666 665/665/665 664/664/664
f 669/669/669 668/668/668 667/667/667
f 672/672/672 671/671/671 670/670/670
f 675/675/675 674/674/674 673/673/673
f 678/678/678 677/677/677 676/676/676
f 681/681/681 680/680/680 679/679/679
f 684/684/684 683/683/683 682/682/682
f 687/687/687 686/686/686 685/685/685
f 690/690/690 689/689/689 688/688/688
f 693/693/693 692/692/692 691/691/691
f 696/696/696 695/695/695 694/694/694
f 699/699/699 698/698/698 697/697/697
f 702/702/702 701/701/701 700/700/700
f 705/705/705 704/704/704 703/703/703
f 708/708/708 707/707/707 706/706/706
f 711/711/711 710/710/710 709/709/709
f 714/714/714 713/713/713 712/712/712
f 717/717/717 716/716/716 715/715/715
f 720/720/720 719/719/719 718/718/718
f 723/723/723 722/722/722 721/721/721
f 726/726/726 725/725/725 724/724/724
f 729/729/729 728/728/728 727/727/727
f 732/732/732 731/731/731 730/730/730
f 735/735/735 734/734/734 733/733/733
f 738/738/738 737/737/737 736/736/736
f 741/741/741 740/740/740 739/739/739
f 744/744/744 743/743/743 742/742/742
f 747/747/747 746/746/746 745/745/745
f 750/750/750 749/749/749 748/748/748
f 753/753/753 752/752/752 751/751/751
f 756/756/756 755/755/755 754/754/754
f 759/759/759 758/758/758 757/757/757
f 762/762/762 761/761/761 760/760/760
f 765/765/765 764/764/764 763/763/763
f 768/768/768 767/767/767 766/766/766
f 771/771/771 770/770/770 769/769/769
f 774/774/774 773/773/773 772/772/772
f 777/777/777 776/776/776 775/775/775
f 780/780/780 779/779/779 778/778/778
f 783/783/783 782/782/782 781/781/781
f 786/786/786 785/785/785 784/784/784
f 789/789/789 788/788/788 787/787/787
f 792/792/792 791/791/791 790/790/790
f 795/795/795 794/794/794 793/793/793
f 798/798/798 797/797/797 796/796/796
f 801/801/801 800/800/800 799/799/799
f 804/804/804 803/803/803 802/802/802
f 807/807/807 806/806/806 805/805/805
f 810/810/810 809/809/809 808/808/808
f 813/813/813 812/812/812 811/811/811
f 816/816/816 815/815/815 814/814/814
f 819/819/819 818/818/818 817/817/817
f 822/822/822 821/821/821 820/820/820
f 825/825/825 824/824/824 823/823/823
f 828/828/828 827/827/827 826/826/826
f 831/831/831 830/830/830 829/829/829
f 834/834/834 833/833/833 832/832/832
f 837/837/837 836/836/836 835/835/835
f 840/840/840 839/839/839 838/838/838
f 843/843/843 842/842/842 841/841/841
f 846/846/846 845/845/845 844/844/844
f 849/849/849 848/848/848 847/847/847
f 852/852/852 851/851/851 850/850/850
f 855/855/855 854/854/854 853/853/853
f 858/858/858 857/857/857 856/856/856
f 861/861/861 860/860/860 859/859/859
f 864/864/864 863/863/863 862/862/862
f 867/867/867 866/866/866 865/865/865
f 870/870/870 869/869/869 868/868/868
f 873/873/873 872/872/872 871/871/871
f 876/876/876 875/875/875 874/874/874
f 879/879/879 878/878/878 877/877/877
f 882/882/882 881/881/881 880/880/880
f 885/885/885 884/884/884 883/883/883
f 888/888/888 887/887/887 886/886/886
f 891/891/891 890/890/890 889/889/889
f 894/894/894 893/893/893 892/892/892
f 897/897/897 896/896/896 895/895/895
f 900/900/900 899/899/899 898/898/898
f 903/903/903 902/902/902 901/901/901
f 906/906/906 905/905/905 904/904/904
f 909/909/909 908/908/908 907/907/907
f 912/912/912 911/911/911 910/910/910
f 915/915/915 914/914/914 913/913/913
f 918/918/918 917/917/917 916/916/916
f 921/921/921 920/920/920 919/919/919
f 924/924/924 923/923/923 922/922/922
f 927/927/927 926/926/926 925/925/925
f 930/930/930 929/929/929 928/928/928
f 933/933/933 932/932/932 931/931/931
f 936/936/936 935/935/935 934/934/934
f 939/939/939 938/938/938 937/937/937
f 942/942/942 941/941/941 940/940/940
f 945/945/945 944/944/944 943/943/943
f 948/948/948 947/947/947 946/946/946
f 951/951/951 950/950/950 949/949/949
f 954/954/954 953/953/953 952/952/952
f 957/957/957 956/956/956 955/955/955
f 960/960/960 959/959/959 958/958/958
f 963/963/963 962/962/962 961/961/961
f 966/966/966 965/965/965 964/964/964
f 969/969/969 968/968/968 967/967/967
f 972/972/972 971/971/971 970/970/970
f 975/975/975 974/974/974 973/973/973
f 978/978/978 977/977/977 976/976/976
f 981/981/981 980/980/980 979/979/979
f 984/984/984 983/983/983 982/982/982
f 987/987/987 986/986/986 985/985/985
f 990/990/990 989/989/989 988/988/988
f 993/993/993 992/992/992 991/991/991
f 996/996/996 995/995/995 994/994/994
f 999/999/999 998/998/998 997/997/997
f 1002/1002/1002 1001/1001/1001 1000/1000/1000
f 1005/1005/1005 1004/1004/1004 1003/1003/1003
f 1008/1008/1008 1007/1007/1007 1006/1006/1006
f 1011/1011/1011 1010/1010/1010 1009/1009/1009
f 1014/1014/1014 1013/1013/1013 1012/1012/1012
f 1017/1017/1017 1016/1016/1016 1015/1015/1015
f 1020/1020/1020 1019/1019/1019 1018/1018/1018
f 1023/1023/1023 1022/1022/1022 1021/1021/1021
f 1026/1026/1026 1025/1025/1025 1024/1024/1024
f 1029/1029/1029 1028/1028/1028 1027/1027/1027
f 1032/1032/1032 1031/1031/1031 1030/1030/1030
f 1035/1035/1035 1034/1034/1034 1033/1033/1033
f 1038/1038/1038 1037/1037/1037 1036/1036/1036
f 1041/1041/1041 1040/1040/1040 1039/1039/1039
f 1044/1044/1044 1043/1043/1043 1042/1042/1042
f 1047/1047/1047 1046/1046/1046 1045/1045/1045
f 1050/1050/1050 1049/1049/1049 1048/1048/1048
f 1053/1053/1053 1052/1052/1052 1051/1051/1051
f 1056/1056/1056 1055/1055/1055 1054/1054/1054
f 1059/1059/1059 1058/1058/1058 1057/1057/1057
f 1062/1062/1062 1061/1061/1061 1060/1060/1060
f 1065/1065/1065 1064/1064/1064 1063/1063/1063
f 1068/1068/1068 1067/1067/1067 1066/1066/1066
f 1071/1071/1071 1070/1070/1070 1069/1069/1069
f 1074/1074/1074 1073/1073/1073 1072/1072/1072
f 1077/1077/1077 1076/1076/1076 1075/1075/1075
f 1080/1080/1080 1079/1079/1079 1078/1078/1078
f 1083/1083/1083 1082/1082/1082 1081/1081/1081
f 1086/1086/1086 1085/1085/1085 1084/1084/1084
f 1089/1089/1089 1088/1088/1088 1087/1087/1087
f 1092/1092/1092 1091/1091/1091 1090/1090/1090
f 1095/1095/1095 1094/1094/1094 1093/1093/1093
f 1098/1098/1098 1097/1097/1097 1096/1096/1096
f 1101/1101/1101 1100/1100/1100 1099/1099/1099
f 1104/1104/1104 1103/1103/1103 1102/1102/1102
f 1107/1107/1107 1106/1106/1106 1105/1105/1105
f 1110/1110/1110 1109/1109/1109 1108/1108/1108
f 1113/1113/1113 1112/1112/1112 1111/1111/1111
f 1116/1116/1116 1115/1115/1115 1114/1114/1114
f 1119/1119/1119 1118/1118/1118 1117/1117/1117
f 1122/1122/1122 1121/1121/1121 1120/1120/1120
f 1125/1125/1125 1124/1124/1124 1123/1123/1123
f 1128/1128/1128 1127/1127/1127 1126/1126/1126
f 1131/1131/1131 1130/1130/1130 1129/1129/1129
f 1134/1134/1134 1133/1133/1133 1132/1132/1132
f 1137/1137/1137 1136/1136/1136 1135/1135/1135
f 1140/1140/1140 1139/1139/1139 1138/1138/1138
f 1143/1143/1143 1142/1142/1142 1141/1141/1141
f 1146/1146/1146 1145/1145/1145 1144/1144/1144
f 1149/1149/1149 1148/1148/1148 1147/1147/1147
f 1152/1152/1152 1151/1151/1151 1150/1150/1150
f 1155/1155/1155 1154/1154/1154 1153/1153/1153
f 1158/1158/1158 1157/1157/1157 1156/1156/1156
f 1161/1161/1161 1160/1160/1160 1159/1159/1159
f 1164/1164/1164 1163/1163/1163 1162/1162/1162
f 1167/1167/1167 1166/1166/1166 1165/1165/1165
f 1170/1170/1170 1169/1169/1169 1168/1168/1168
f 1173/1173/1173 1172/1172/1172 1171/1171/1171
f 1176/1176/1176 1175/1175/1175 1174/1174/1174
f 1179/1179/1179 1178/1178/1178 1177/1177/1177
f 1182/1182/1182 1181/1181/1181 1180/1180/1180
f 1185/1185/1185 1184/1184/1184 1183/1183/1183
f 1188/1188/1188 1187/1187/1187 1186/1186/1186
f 1191/1191/1191 1190/1190/1190 1189/1189/1189
f 1194/1194/1194 1193/1193/1193 1192/1192/1192
f 1197/1197/1197 1196/1196/1196 1195/1195/1195
f 1200/1200/1200 1199/1199/1199 1198/1198/1198
f 1203/1203/1203 1202/1202/1202 1201/1201/1201
f 1206/1206/1206 1205/1205/1205 1204/1204/1204
f 1209/1209/1209 1208/1208/1208 1207/1207/1207
f 1212/1212/1212 1211/1211/1211 1210/1210/1210
f 1215/1215/1215 1214/1214/1214 1213/1213/1213
f 1218/1218/1218 1217/1217/1217 1216/1216/1216
f 1221/1221/1221 1220/1220/1220 1219/1219/1219
f 1224/1224/1224 1223/1223/1223 1222/1222/1222
f 1227/1227/1227 1226/1226/1226 1225/1225/1225
f 1230/1230/1230 1229/1229/1229 1228/1228/1228
f 1233/1233/1233 1232/1232/1232 1231/1231/1231
f 1236/1236/1236 1235/1235/1235 1234/1234/1234
f 1239/1239/1239 1238/1238/1238 1237/1237/1237
f 1242/1242/1242 1241/1241/1241 1240/1240/1240
f 1245/1245/1245 1244/1244/1244 1243/1243/1243
f 1248/1248/1248 1247/1247/1247 1246/1246/1246
f 1251/1251/1251 1250/1250/1250 1249/1249/1249
f 1254/1254/1254 1253/1253/1253 1252/1252/1252
f 1257/1257/1257 1256/1256/1256 1255/1255/1255
f 1260/1260/1260 1259/1259/1259 1258/1258/1258
f 1263/1263/1263 1262/1262/1262 1261/1261/1261
f 1266/1266/1266 1265/1265/1265 1264/1264/1264
f 1269/1269/1269 1268/1268/1268 1267/1267/1267
f 1272/1272/1272 1271/1271/1271 1270/1270/1270
f 1275/1275/1275 1274/1274/1274 1273/1273/1273
f 1278/1278/1278 1277/1277/1277 1276/1276/1276
f 1281/1281/1281 1280/1280/1280 1279/1279/1279
f 1284/1284/1284 1283/1283/1283 1282/1282/1282
f 1287/1287/1287 1286/1286/1286 1285/1285/1285
f 1290/1290/1290 1289/1289/1289 1288/1288/1288
f 1293/1293/1293 1292/1292/1292 1291/1291/1291
f 1296/1296/1296 1295/1295/1295 1294/1294/1294
f 1299/1299/1299 1298/1298/1298 1297/1297/1297
f 1302/1302/1302 1301/1301/1301 1300/1300/1300
f 1305/1305/1305 1304/1304/1304 1303/1303/1303
f 1308/1308/1308 1307/1307/1307 1306/1306/1306
f 1311/1311/1311 1310/1310/1310 1309/1309/1309
f 1314/1314/1314 1313/1313/1313 1312/1312/1312
f 1317/1317/1317 1316/1316/1316 1315/1315/1315
f 1320/1320/1320 1319/1319/1319 1318/1318/1318
f 1323/1323/1323 1322/1322/1322 1321/1321/1321
f 1326/1326/1326 1325/1325/1325 1324/1324/1324
f 1329/1329/1329 1328/1328/1328 1327/1327/1327
f 1332/1332/1332 1331/1331/1331 1330/1330/1330
f 1335/1335/1335 1334/1334/1334 1333/1333/1333
f 1338/1338/1338 1337/1337/1337 1336/1336/1336
f 1341/1341/1341 1340/1340/1340 1339/1339/1339
f 1344/1344/1344 1343/1343/1343 1342/1342/1342
f 1347/1347/1347 1346/1346/1346 1345/1345/1345
f 1350/1350/1350 1349/1349/1349 1348/1348/1348
f 1353/1353/1353 1352/1352/1352 1351/1351/1351
f 1356/1356/1356 1355/1355/1355 1354/1354/1354
f 1359/1359/1359 1358/1358/1358 1357/1357/1357
f 1362/1362/1362 1361/1361/1361 1360/1360/1360
f 1365/1365/1365 1364/1364/1364 1363/1363/1363
f 1368/1368/1368 1367/1367/1367 1366/1366/1366
f 1371/1371/1371 1370/1370/1370 1369/1369/1369
f 1374/1374/1374 1373/1373/1373 1372/1372/1372
f 1377/1377/1377 1376/1376/1376 1375/1375/1375
f 1380/1380/1380 1379/1379/1379 1378/1378/1378
f 1383/1383/1383 1382/1382/1382 1381/1381/1381
f 1386/1386/1386 1385/1385/1385 1384/1384/1384
f 1389/1389/1389 1388/1388/1388 1387/1387/1387
f 1392/1392/1392 1391/1391/1391 1390/1390/1390
f 1395/1395/1395 1394/1394/1394 1393/1393/1393
f 1398/1398/1398 1397/1397/1397 1396/1396/1396
f 1401/1401/1401 1400/1400/1400 1399/1399/1399
f 1404/1404/1404 1403/1403/1403 1402/1402/1402
f 1407/1407/1407 1406/1406/1406 1405/1405/1405
f 1410/1410/1410 1409/1409/1409 1408/1408/1408
f 1413/1413/1413 1412/1412/1412 1411/1411/1411
f 1416/1416/1416 1415/1415/1415 1414/1414/1414
f 1419/1419/1419 1418/1418/1418 1417/1417/1417
f 1422/1422/1422 1421/1421/1421 1420/1420/1420
f 1425/1425/1425 1424/1424/1424 1423/1423/1423
f 1428/1428/1428 1427/1427/1427 1426/1426/1426
f 1431/1431/1431 1430/1430/1430 1429/1429/1429
f 1434/1434/1434 1433/1433/1433 1432/1432/1432
f 1437/1437/1437 1436/1436/1436 1435/1435/1435
f 1440/1440/1440 1439/1439/1439 1438/1438/1438
f 1443/1443/1443 1442/1442/1442 1441/1441/1441
f 1446/1446/1446 1445/1445/1445 1444/1444/1444
f 1449/1449/1449 1448/1448/1448 1447/1447/1447
f 1452/1452/1452 1451/1451/1451 1450/1450/1450
f 1455/1455/1455 1454/1454/1454 1453/1453/1453
f 1458/1458/1458 1457/1457/1457 1456/1456/1456
f 1461/1461/1461 1460/1460/1460 1459/1459/1459
f 1464/1464/1464 1463/1463/1463 1462/1462/1462
f 1467/1467/1467 1466/1466/1466 1465/1465/1465
f 1470/1470/1470 1469/1469/1469 1468/1468/1468
f 1473/1473/1473 1472/1472/1472 1471/1471/1471
f 1476/1476/1476 1475/1475/1475 1474/1474/1474
f 1479/1479/1479 1478/1478/1478 1477/1477/1477
f 1482/1482/1482 1481/1481/1481 1480/1480/1480
f 1485/1485/1485 1484/1484/1484 1483/1483/1483
f 1488/1488/1488 1487/1487/1487 1486/1486/1486
f 1491/1491/1491 1490/1490/1490 1489/1489/1489
f 1494/1494/1494 1493/1493/1493 1492/1492/1492
f 1497/1497/1497 1496/1496/1496 1495/1495/1495
f 1500/1500/1500 1499/1499/1499 1498/1498/1498
f 1503/1503/1503 1502/1502/1502 1501/1501/1501
f 1506/1506/1506 1505/1505/1505 1504/1504/1504
f 1509/1509/1509 1508/1508/1508 1507/1507/1507
f 1512/1512/1512 1511/1511/1511 1510/1510/1510
f 1515/1515/1515 1514/1514/1514 1513/1513/1513
f 1518/1518/1518 1517/1517/1517 1516/1516/1516
f 1521/1521/1521 1520/1520/1520 1519/1519/1519
f 1524/1524/1524 1523/1523/1523 1522/1522/1522
f 1527/1527/1527 1526/1526/1526 1525/1525/1525
f 1530/1530/1530 1529/1529/1529 1528/1528/1528
f 1533/1533/1533 1532/1532/1532 1531/1531/1531
f 1536/1536/1536 1535/1535/1535 1534/1534/1534
f 1539/1539/1539 1538/1538/1538 1537/1537/1537
f 1542/1542/1542 1541/1541/1541 1540/1540/1540
f 1545/1545/1545 1544/1544/1544 1543/1543/1543
f 1548/1548/1548 1547/1547/1547 1546/1546/1546
f 1551/1551/1551 1550/1550/1550 1549/1549/1549
f 1554/1554/1554 1553/1553/1553 1552/1552/1552
f 1557/1557/1557 1556/1556/1556 1555/1555/1555
f 1560/1560/1560 1559/1559/1559 1558/1558/1558
f 1563/1563/1563 1562/1562/1562 1561/1561/1561
f 1566/1566/1566 1565/1565/1565 1564/1564/1564
f 1569/1569/1569 1568/1568/1568 1567/1567/1567
f 1572/1572/1572 1571/1571/1571 1570/1570/1570
f 1575/1575/1575 1574/1574/1574 1573/1573/1573
f 1578/1578/1578 1577/1577/1577 1576/1576/1576
f 1581/1581/1581 1580/1580/1580 1579/1579/1579
f 1584/1584/1584 1583/1583/1583 1582/1582/1582
f 1587/1587/1587 1586/1586/1586 1585/1585/1585
f 1590/1590/1590 1589/1589/1589 1588/1588/1588
f 1593/1593/1593 1592/1592/1592 1591/1591/1591
f 1596/1596/1596 1595/1595/1595 1594/1594/1594
f 1599/1599/1599 1598/1598/1598 1597/1597/1597
f 1602/1602/1602 1601/1601/1601 1600/1600/1600
f 1605/1605/1605 1604/1604/1604 1603/1603/1603
f 1608/1608/1608 1607/1607/1607 1606/1606/1606
f 1611/1611/1611 1610/1610/1610 1609/1609/1609
f 1614/1614/1614 1613/1613/1613 1612/1612/1612
f 1617/1617/1617 1616/1616/1616 1615/1615/1615
f 1620/1620/1620 1619/1619/1619 1618/1618/1618
f 1623/1623/1623 1622/1622/1622 1621/1621/1621
f 1626/1626/1626 1625/1625/1625 1624/1624/1624
f 1629/1629/1629 1628/1628/1628 1627/1627/1627
f 1632/1632/1632 1631/1631/1631 1630/1630/1630
f 1635/1635/1635 1634/1634/1634 1633/1633/1633
f 1638/1638/1638 1637/1637/1637 1636/1636/1636
f 1641/1641/1641 1640/1640/1640 1639/1639/1639
f 1644/1644/1644 1643/1643/1643 1642/1642/1642
f 1647/1647/1647 1646/1646/1646 1645/1645/1645
f 1650/1650/1650 1649/1649/1649 1648/1648/1648
f 1653/1653/1653 1652/1652/1652 1651/1651/1651
f 1656/1656/1656 1655/1655/1655 1654/1654/1654
f 1659/1659/1659 1658/1658/1658 1657/1657/1657
f 1662/1662/1662 1661/1661/1661 1660/1660/1660
f 1665/1665/1665 1664/1664/1664 1663/1663/1663
f 1668/1668/1668 1667/1667/1667 1666/1666/1666
f 1671/1671/1671 1670/1670/1670 1669/1669/1669
f 1674/1674/1674 1673/1673/1673 1672/1672/1672
f 1677/1677/1677 1676/1676/1676 1675/1675/1675
f 1680/1680/1680 1679/1679/1679 1678/1678/1678
f 1683/1683/1683 1682/1682/1682 1681/1681/1681
f 1686/1686/1686 1685/1685/1685 1684/1684/1684
f 1689/1689/1689 1688/1688/1688 1687/1687/1687
f 1692/1692/1692 1691/1691/1691 1690/1690/1690
f 1695/1695/1695 1694/1694/1694 1693/1693/1693
f 1698/1698/1698 1697/1697/1697 1696/1696/1696
f 1701/1701/1701 1700/1700/1700 1699/1699/1699
f 1704/1704/1704 1703/1703/1703 1702/1702/1702
f 1707/1707/1707 1706/1706/1706 1705/1705/1705
f 1710/1710/1710 1709/1709/1709 1708/1708/1708
f 1713/1713/1713 1712/1712/1712 1711/1711/1711
f 1716/1716/1716 1715/1715/1715 1714/1714/1714
f 1719/1719/1719 1718/1718/1718 1717/1717/1717
f 1722/1722/1722 1721/1721/1721 1720/1720/1720
f 1725/1725/1725 1724/1724/1724 1723/1723/1723
f 1728/1728/1728 1727/1727/1727 1726/1726/1726
f 1731/1731/1731 1730/1730/1730 1729/1729/1729
f 1734/1734/1734 1733/1733/1733 1732/1732/1732
f 1737/1737/1737 1736/1736/1736 1735/1735/1735
f 1740/1740/1740 1739/1739/1739 1738/1738/1738
f 1743/1743/1743 1742/1742/1742 1741/1741/1741
f 1746/1746/1746 1745/1745/1745 1744/1744/1744
f 1749/1749/1749 1748/1748/1748 1747/1747/1747
f 1752/1752/1752 1751/1751/1751 1750/1750/1750
f 1755/1755/1755 1754/1754/1754 1753/1753/1753
f 1758/1758/1758 1757/1757/1757 1756/1756/1756
f 1761/1761/1761 1760/1760/1760 1759/1759/1759
f 1764/1764/1764 1763/1763/1763 1762/1762/1762
f 1767/1767/1767 1766/1766/1766 1765/1765/1765
f 1770/1770/1770 1769/1769/1769 1768/1768/1768
f 1773/1773/1773 1772/1772/1772 1771/1771/1771
f 1776/1776/1776 1775/1775/1775 1774/1774/1774
f 1779/1779/1779 1778/1778/1778 1777/1777/1777
f 1782/1782/1782 1781/1781/1781 1780/1780/1780
f 1785/1785/1785 1784/1784/1784 1783/1783/1783
f 1788/1788/1788 1787/1787/1787 1786/1786/1786
f 1791/1791/1791 1790/1790/1790 1789/1789/1789
f 1794/1794/1794 1793/1793/1793 1792/1792/1792
f 1797/1797/1797 1796/1796/1796 1795/1795/1795
f 1800/1800/1800 1799/1799/1799 1798/1798/1798
f 1803/1803/1803 1802/1802/1802 1801/1801/1801
f 1806/1806/1806 1805/1805/1805 1804/1804/1804
f 1809/1809/1809 1808/1808/1808 1807/1807/1807
f 1812/1812/1812 1811/1811/1811 1810/1810/1810
f 1815/1815/1815 1814/1814/1814 1813/1813/1813
f 1818/1818/1818 1817/1817/1817 1816/1816/1816
f 1821/1821/1821 1820/1820/1820 1819/1819/1819
f 1824/1824/1824 1823/1823/1823 1822/1822/1822
f 1827/1827/1827 1826/1826/1826 1825/1825/1825
f 1830/1830/1830 1829/1829/1829 1828/1828/1828
f 1833/1833/1833 1832/1832/1832 1831/1831/1831
f 1836/1836/1836 1835/1835/1835 1834/1834/1834
f 1839/1839/1839 1838/1838/1838 1837/1837/1837
f 1842/1842/1842 1841/1841/1841 1840/1840/1840
f 1845/1845/1845 1844/1844/1844 1843/1843/1843
f 1848/1848/1848 1847/1847/1847 1846/1846/1846
f 1851/1851/1851 1850/1850/1850 1849/1849/1849
f 1854/1854/1854 1853/1853/1853 1852/1852/1852
f 1857/1857/1857 1856/1856/1856 1855/1855/1855
f 1860/1860/1860 1859/1859/1859 1858/1858/1858
f 1863/1863/1863 1862/1862/1862 1861/1861/1861
f 1866/1866/1866 1865/1865/1865 1864/1864/1864
f 1869/1869/1869 1868/1868/1868 1867/1867/1867
f 1872/1872/1872 1871/1871/1871 1870/1870/1870
f 1875/1875/1875 1874/1874/1874 1873/1873/1873
f 1878/1878/1878 1877/1877/1877 1876/1876/1876
f 1881/1881/1881 1880/1880/1880 1879/1879/1879
f 1884/1884/1884 1883/1883/1883 1882/1882/1882
f 1887/1887/1887 1886/1886/1886 1885/1885/1885
f 1890/1890/1890 1889/1889/1889 1888/1888/1888
f 1893/1893/1893 1892/1892/1892 1891/1891/1891
f 1896/1896/1896 1895/1895/1895 1894/1894/1894
f 1899/1899/1899 1898/1898/1898 1897/1897/1897
f 1902/1902/1902 1901/1901/1901 1900/1900/1900
f 1905/1905/1905 1904/1904/1904 1903/1903/1903
f 1908/1908/1908 1907/1907/1907 1906/1906/1906
f 1911/1911/1911 1910/1910/1910 1909/1909/1909
f 1914/1914/1914 1913/1913/1913 1912/1912/1912
f 1917/1917/1917 1916/1916/1916 1915/1915/1915
f 1920/1920/1920 1919/1919/1919 1918/1918/1918
f 1923/1923/1923 1922/1922/1922 1921/1921/1921
f 1926/1926/1926 1925/1925/1925 1924/1924/1924
f 1929/1929/1929 1928/1928/1928 1927/1927/1927
f 1932/1932/1932 1931/1931/1931 1930/1930/1930
f 1935/1935/1935 1934/1934/1934 1933/1933/1933
f 1938/1938/1938 1937/1937/1937 1936/1936/1936
f 1941/1941/1941 1940/1940/1940 1939/1939/1939
f 1944/1944/1944 1943/1943/1943 1942/1942/1942
f 1947/1947/1947 1946/1946/1946 1945/1945/1945
f 1950/1950/1950 1949/1949/1949 1948/1948/1948
f 1953/1953/1953 1952/1952/1952 1951/1951/1951
f 1956/1956/1956 1955/1955/1955 1954/1954/1954
f 1959/1959/1959 1958/1958/1958 1957/1957/1957
f 1962/1962/1962 1961/1961/1961 1960/1960/1960
f 1965/1965/1965 1964/1964/1964 1963/1963/1963
f 1968/1968/1968 1967/1967/1967 1966/1966/1966
f 1971/1971/1971 1970/1970/1970 1969/1969/1969
f 1974/1974/1974 1973/1973/1973 1972/1972/1972
f 1977/1977/1977 1976/1976/1976 1975/1975/1975
f 1980/1980/1980 1979/1979/1979 1978/1978/1978
f 1983/1983/1983 1982/1982/1982 1981/1981/1981
f 1986/1986/1986 1985/1985/1985 1984/1984/1984
f 1989/1989/1989 1988/1988/1988 1987/1987/1987
f 1992/1992/1992 1991/1991/1991 1990/1990/1990
f 1995/1995/1995 1994/1994/1994 1993/1993/1993
f 1998/1998/1998 1997/1997/1997 1996/1996/1996
f 2001/2001/2001 2000/2000/2000 1999/1999/1999
f 2004/2004/2004 2003/2003/2003 2002/2002/2002
f 2007/2007/2007 2006/2006/2006 2005/2005/2005
f 2010/2010/2010 2009/2009/2009 2008/2008/2008
f 2013/2013/2013 2012/2012/2012 2011/2011/2011
f 2016/2016/2016 2015/2015/2015 2014/2014/2014
f 2019/2019/2019 2018/2018/2018 2017/2017/2017
f 2022/2022/2022 2021/2021/2021 2020/2020/2020
f 2025/2025/2025 2024/2024/2024 2023/2023/2023
f 2028/2028/2028 2027/2027/2027 2026/2026/2026
f 2031/2031/2031 2030/2030/2030 2029/2029/2029
f 2034/2034/2034 2033/2033/2033 2032/2032/2032
f 2037/2037/2037 2036/2036/2036 2035/2035/2035
f 2040/2040/2040 2039/2039/2039 2038/2038/2038
f 2043/2043/2043 2042/2042/2042 2041/2041/2041
f 2046/2046/2046 2045/2045/2045 2044/2044/2044
f 2049/2049/2049 2048/2048/2048 2047/2047/2047
f 2052/2052/2052 2051/2051/2051 2050/2050/2050
f 2055/2055/2055 2054/2054/2054 2053/2053/2053
f 2058/2058/2058 2057/2057/2057 2056/2056/2056
f 2061/2061/2061 2060/2060/2060 2059/2059/2059
f 2064/2064/2064 2063/2063/2063 2062/2062/2062
f 2067/2067/2067 2066/2066/2066 2065/2065/2065
f 2070/2070/2070 2069/2069/2069 2068/2068/2068
f 2073/2073/2073 2072/2072/2072 2071/2071/2071
f 2076/2076/2076 2075/2075/2075 2074/2074/2074
f 2079/2079/2079 2078/2078/2078 2077/2077/2077
f 2082/2082/2082 2081/2081/2081 2080/2080/2080
f 2085/2085/2085 2084/2084/2084 2083/2083/2083
f 2088/2088/2088 2087/2087/2087 2086/2086/2086
f 2091/2091/2091 2090/2090/2090 2089/2089/2089
f 2094/2094/2094 2093/2093/2093 2092/2092/2092
f 2097/2097/2097 2096/2096/2096 2095/2095/2095
f 2100/2100/2100 2099/2099/2099 2098/2098/2098
f 2103/2103/2103 2102/2102/2102 2101/2101/2101
f 2106/2106/2106 2105/2105/2105 2104/2104/2104
f 2109/2109/2109 2108/2108/2108 2107/2107/2107
f 2112/2112/2112 2111/2111/2111 2110/2110/2110
f 2115/2115/2115 2114/2114/2114 2113/2113/2113
f 2118/2118/2118 2117/2117/2117 2116/2116/2116
f 2121/2121/2121 2120/2120/2120 2119/2119/2119
f 2124/2124/2124 2123/2123/2123 2122/2122/2122
f 2127/2127/2127 2126/2126/2126 2125/2125/2125
f 2130/2130/2130 2129/2129/2129 2128/2128/2128
f 2133/2133/2133 2132/2132/2132 2131/2131/2131
f 2136/2136/2136 2135/2135/2135 2134/2134/2134
f 2139/2139/2139 2138/2138/2138 2137/2137/2137
f 2142/2142/2142 2141/2141/2141 2140/2140/2140
f 2145/2145/2145 2144/2144/2144 2143/2143/2143
f 2148/2148/2148 2147/2147/2147 2146/2146/2146
f 2151/2151/2151 2150/2150/2150 2149/2149/2149
f 2154/2154/2154 2153/2153/2153 2152/2152/2152
f 2157/2157/2157 2156/2156/2156 2155/2155/2155
f 2160/2160/2160 2159/2159/2159 2158/2158/2158
f 2163/2163/2163 2162/2162/2162 2161/2161/2161
f 2166/2166/2166 2165/2165/2165 2164/2164/2164
f 2169/2169/2169 2168/2168/2168 2167/2167/2167
f 2172/2172/2172 2171/2171/2171 2170/2170/2170
f 2175/2175/2175 2174/2174/2174 2173/2173/2173
f 2178/2178/2178 2177/2177/2177 2176/2176/2176
f 2181/2181/2181 2180/2180/2180 2179/2179/2179
f 2184/2184/2184 2183/2183/2183 2182/2182/2182
f 2187/2187/2187 2186/2186/2186 2185/2185/2185
f 2190/2190/2190 2189/2189/2189 2188/2188/2188
f 2193/2193/2193 2192/2192/2192 2191/2191/2191
f 2196/2196/2196 2195/2195/2195 2194/2194/2194
f 2199/2199/2199 2198/2198/2198 2197/2197/2197
f 2202/2202/2202 2201/2201/2201 2200/2200/2200
f 2205/2205/2205 2204/2204/2204 2203/2203/2203
f 2208/2208/2208 2207/2207/2207 2206/2206/2206
f 2211/2211/2211 2210/2210/2210 2209/2209/2209
f 2214/2214/2214 2213/2213/2213 2212/2212/2212
f 2217/2217/2217 2216/2216/2216 2215/2215/2215
f 2220/2220/2220 2219/2219/2219 2218/2218/2218
f 2223/2223/2223 2222/2222/2222 2221/2221/2221
f 2226/2226/2226 2225/2225/2225 2224/2224/2224
f 2229/2229/2229 2228/2228/2228 2227/2227/2227
f 2232/2232/2232 2231/2231/2231 2230/2230/2230
f 2235/2235/2235 2234/2234/2234 2233/2233/2233
f 2238/2238/2238 2237/2237/2237 2236/2236/2236
f 2241/2241/2241 2240/2240/2240 2239/2239/2239
f 2244/2244/2244 2243/2243/2243 2242/2242/2242
f 2247/2247/2247 2246/2246/2246 2245/2245/2245
f 2250/2250/2250 2249/2249/2249 2248/2248/2248
f 2253/2253/2253 2252/2252/2252 2251/2251/2251
f 2256/2256/2256 2255/2255/2255 2254/2254/2254
f 2259/2259/2259 2258/2258/2258 2257/2257/2257
f 2262/2262/2262 2261/2261/2261 2260/2260/2260
f 2265/2265/2265 2264/2264/2264 2263/2263/2263
f 2268/2268/2268 2267/2267/2267 2266/2266/2266
f 2271/2271/2271 2270/2270/2270 2269/2269/2269
f 2274/2274/2274 2273/2273/2273 2272/2272/2272
f 2277/2277/2277 2276/2276/2276 2275/2275/2275
f 2280/2280/2280 2279/2279/2279 2278/2278/2278
f 2283/2283/2283 2282/2282/2282 2281/2281/2281
f 2286/2286/2286 2285/2285/2285 2284/2284/2284
f 2289/2289/2289 2288/2288/2288 2287/2287/2287
f 2292/2292/2292 2291/2291/2291 2290/2290/2290
f 2295/2295/2295 2294/2294/2294 2293/2293/2293
f 2298/2298/2298 2297/2297/2297 2296/2296/2296
f 2301/2301/2301 2300/2300/2300 2299/2299/2299
f 2304/2304/2304 2303/2303/2303 2302/2302/2302
f 2307/2307/2307 2306/2306/2306 2305/2305/2305
f 2310/2310/2310 2309/2309/2309 2308/2308/2308
f 2313/2313/2313 2312/2312/2312 2311/2311/2311
f 2316/2316/2316 2315/2315/2315 2314/2314/2314
f 2319/2319/2319 2318/2318/2318 2317/2317/2317
f 2322/2322/2322 2321/2321/2321 2320/2320/2320
f 2325/2325/2325 2324/2324/2324 2323/2323/2323
f 2328/2328/2328 2327/2327/2327 2326/2326/2326
f 2331/2331/2331 2330/2330/2330 2329/2329/2329
f 2334/2334/2334 2333/2333/2333 2332/2332/2332
f 2337/2337/2337 2336/2336/2336 2335/2335/2335
f 2340/2340/2340 2339/2339/2339 2338/2338/2338
f 2343/2343/2343 2342/2342/2342 2341/2341/2341
f 2346/2346/2346 2345/2345/2345 2344/2344/2344
f 2349/2349/2349 2348/2348/2348 2347/2347/2347
f 2352/2352/2352 2351/2351/2351 2350/2350/2350
f 2355/2355/2355 2354/2354/2354 2353/2353/2353
f 2358/2358/2358 2357/2357/2357 2356/2356/2356
f 2361/2361/2361 2360/2360/2360 2359/2359/2359
f 2364/2364/2364 2363/2363/2363 2362/2362/2362
f 2367/2367/2367 2366/2366/2366 2365/2365/2365
f 2370/2370/2370 2369/2369/2369 2368/2368/2368
f 2373/2373/2373 2372/2372/2372 2371/2371/2371
f 2376/2376/2376 2375/2375/2375 2374/2374/2374
f 2379/2379/2379 2378/2378/2378 2377/2377/2377
f 2382/2382/2382 2381/2381/2381 2380/2380/2380
f 2385/2385/2385 2384/2384/2384 2383/2383/2383
f 2388/2388/2388 2387/2387/2387 2386/2386/2386
f 2391/2391/2391 2390/2390/2390 2389/2389/2389
f 2394/2394/2394 2393/2393/2393 2392/2392/2392
f 2397/2397/2397 2396/2396/2396 2395/2395/2395
f 2400/2400/2400 2399/2399/2399 2398/2398/2398
f 2403/2403/2403 2402/2402/2402 2401/2401/2401
f 2406/2406/2406 2405/2405/2405 2404/2404/2404
f 2409/2409/2409 2408/2408/2408 2407/2407/2407
f 2412/2412/2412 2411/2411/2411 2410/2410/2410
f 2415/2415/2415 2414/2414/2414 2413/2413/2413
f 2418/2418/2418 2417/2417/2417 2416/2416/2416
f 2421/2421/2421 2420/2420/2420 2419/2419/2419
f 2424/2424/2424 2423/2423/2423 2422/2422/2422
f 2427/2427/2427 2426/2426/2426 2425/2425/2425
f 2430/2430/2430 2429/2429/2429 2428/2428/2428
f 2433/2433/2433 2432/2432/2432 2431/2431/2431
f 2436/2436/2436 2435/2435/2435 2434/2434/2434
f 2439/2439/2439 2438/2438/2438 2437/2437/2437
f 2442/2442/2442 2441/2441/2441 2440/2440/2440
f 2445/2445/2445 2444/2444/2444 2443/2443/2443
f 2448/2448/2448 2447/2447/2447 2446/2446/2446
f 2451/2451/2451 2450/2450/2450 2449/2449/2449
f 2454/2454/2454 2453/2453/2453 2452/2452/2452
f 2457/2457/2457 2456/2456/2456 2455/2455/2455
f 2460/2460/2460 2459/2459/2459 2458/2458/2458
f 2463/2463/2463 2462/2462/2462 2461/2461/2461
f 2466/2466/2466 2465/2465/2465 2464/2464/2464
f 2469/2469/2469 2468/2468/2468 2467/2467/2467
f 2472/2472/2472 2471/2471/2471 2470/2470/2470
f 2475/2475/2475 2474/2474/2474 2473/2473/2473
f 2478/2478/2478 2477/2477/2477 2476/2476/2476
f 2481/2481/2481 2480/2480/2480 2479/2479/2479
f 2484/2484/2484 2483/2483/2483 2482/2482/2482
f 2487/2487/2487 2486/2486/2486 2485/2485/2485
f 2490/2490/2490 2489/2489/2489 2488/2488/2488
f 2493/2493/2493 2492/2492/2492 2491/2491/2491
f 2496/2496/2496 2495/2495/2495 2494/2494/2494
f 2499/2499/2499 2498/2498/2498 2497/2497/2497
f 2502/2502/2502 2501/2501/2501 2500/2500/2500
f 2505/2505/2505 2504/2504/2504 2503/2503/2503
f 2508/2508/2508 2507/2507/2507 2506/2506/2506
f 2511/2511/2511 2510/2510/2510 2509/2509/2509
f 2514/2514/2514 2513/2513/2513 2512/2512/2512
f 2517/2517/2517 2516/2516/2516 2515/2515/2515
f 2520/2520/2520 2519/2519/2519 2518/2518/2518
f 2523/2523/2523 2522/2522/2522 2521/2521/2521
f 2526/2526/2526 2525/2525/2525 2524/2524/2524
f 2529/2529/2529 2528/2528/2528 2527/2527/2527
f 2532/2532/2532 2531/2531/2531 2530/2530/2530
f 2535/2535/2535 2534/2534/2534 2533/2533/2533
f 2538/2538/2538 2537/2537/2537 2536/2536/2536
f 2541/2541/2541 2540/2540/2540 2539/2539/2539
f 2544/2544/2544 2543/2543/2543 2542/2542/2542
f 2547/2547/2547 2546/2546/2546 2545/2545/2545
f 2550/2550/2550 2549/2549/2549 2548/2548/2548
f 2553/2553/2553 2552/2552/2552 2551/2551/2551
f 2556/2556/2556 2555/2555/2555 2554/2554/2554
f 2559/2559/2559 2558/2558/2558 2557/2557/2557
f 2562/2562/2562 2561/2561/2561 2560/2560/2560
f 2565/2565/2565 2564/2564/2564 2563/2563/2563
f 2568/2568/2568 2567/2567/2567 2566/2566/2566
f 2571/2571/2571 2570/2570/2570 2569/2569/2569
f 2574/2574/2574 2573/2573/2573 2572/2572/2572
f 2577/2577/2577 2576/2576/2576 2575/2575/2575
f 2580/2580/2580 2579/2579/2579 2578/2578/2578
f 2583/2583/2583 2582/2582/2582 2581/2581/2581
f 2586/2586/2586 2585/2585/2585 2584/2584/2584
f 2589/2589/2589 2588/2588/2588 2587/2587/2587
f 2592/2592/2592 2591/2591/2591 2590/2590/2590
f 2595/2595/2595 2594/2594/2594 2593/2593/2593
f 2598/2598/2598 2597/2597/2597 2596/2596/2596
f 2601/2601/2601 2600/2600/2600 2599/2599/2599
f 2604/2604/2604 2603/2603/2603 2602/2602/2602
f 2607/2607/2607 2606/2606/2606 2605/2605/2605
f 2610/2610/2610 2609/2609/2609 2608/2608/2608
f 2613/2613/2613 2612/2612/2612 2611/2611/2611
f 2616/2616/2616 2615/2615/2615 2614/2614/2614
f 2619/2619/2619 2618/2618/2618 2617/2617/2617
f 2622/2622/2622 2621/2621/2621 2620/2620/2620
f 2625/2625/2625 2624/2624/2624 2623/2623/2623
f 2628/2628/2628 2627/2627/2627 2626/2626/2626
f 2631/2631/2631 2630/2630/2630 2629/2629/2629
f 2634/2634/2634 2633/2633/2633 2632/2632/2632
f 2637/2637/2637 2636/2636/2636 2635/2635/2635
f 2640/2640/2640 2639/2639/2639 2638/2638/2638
f 2643/2643/2643 2642/2642/2642 2641/2641/2641
f 2646/2646/2646 2645/2645/2645 2644/2644/2644
f 2649/2649/2649 2648/2648/2648 2647/2647/2647
f 2652/2652/2652 2651/2651/2651 2650/2650/2650
f 2655/2655/2655 2654/2654/2654 2653/2653/2653
f 2658/2658/2658 2657/2657/2657 2656/2656/2656
f 2661/2661/2661 2660/2660/2660 2659/2659/2659
f 2664/2664/2664 2663/2663/2663 2662/2662/2662
f 2667/2667/2667 2666/2666/2666 2665/2665/2665
f 2670/2670/2670 2669/2669/2669 2668/2668/2668
f 2673/2673/2673 2672/2672/2672 2671/2671/2671
f 2676/2676/2676 2675/2675/2675 2674/2674/2674
f 2679/2679/2679 2678/2678/2678 2677/2677/2677
f 2682/2682/2682 2681/2681/2681 2680/2680/2680
f 2685/2685/2685 2684/2684/2684 2683/2683/2683
f 2688/2688/2688 2687/2687/2687 2686/2686/2686
f 2691/2691/2691 2690/2690/2690 2689/2689/2689
f 2694/2694/2694 2693/2693/2693 2692/2692/2692
f 2697/2697/2697 2696/2696/2696 2695/2695/2695
f 2700/2700/2700 2699/2699/2699 2698/2698/2698
f 2703/2703/2703 2702/2702/2702 2701/2701/2701
f 2706/2706/2706 2705/2705/2705 2704/2704/2704
f 2709/2709/2709 2708/2708/2708 2707/2707/2707
f 2712/2712/2712 2711/2711/2711 2710/2710/2710
f 2715/2715/2715 2714/2714/2714 2713/2713/2713
f 2718/2718/2718 2717/2717/2717 2716/2716/2716
f 2721/2721/2721 2720/2720/2720 2719/2719/2719
f 2724/2724/2724 2723/2723/2723 2722/2722/2722
f 2727/2727/2727 2726/2726/2726 2725/2725/2725
f 2730/2730/2730 2729/2729/2729 2728/2728/2728
f 2733/2733/2733 2732/2732/2732 2731/2731/2731
f 2736/2736/2736 2735/2735/2735 2734/2734/2734
f 2739/2739/2739 2738/2738/2738 2737/2737/2737
f 2742/2742/2742 2741/2741/2741 2740/2740/2740
f 2745/2745/2745 2744/2744/2744 2743/2743/2743
f 2748/2748/2748 2747/2747/2747 2746/2746/2746
