# Static pose baked from local Project Zomboid assets
o Bob_Jacket
v 0.065672873 0.009022228 0.261569500
v 0.037017235 0.001100584 0.246948149
v 0.040051470 0.020351637 0.278355631
v 0.037017235 0.001100584 0.246948149
v 0.065672873 0.009022228 0.261569500
v 0.081003338 0.004651157 0.239221558
v 0.096798444 0.010689990 0.203277166
v 0.060204032 -0.012947573 0.178909300
v 0.044379190 -0.009410098 0.214167771
v 0.060204032 -0.012947573 0.178909300
v 0.096798444 0.010689990 0.203277166
v 0.098763315 0.026090517 0.178097485
v 0.035101395 0.074774194 0.300920690
v 0.081771393 0.099964180 0.269589480
v 0.068496955 0.063864670 0.286817345
v 0.081771393 0.099964180 0.269589480
v 0.035101395 0.074774194 0.300920690
v 0.047411668 0.108666217 0.274476573
v 0.078861663 0.106440577 0.037497662
v 0.026526365 0.132703719 0.038616609
v 0.021617086 0.130696528 0.024756157
v 0.026526365 0.132703719 0.038616609
v 0.078861663 0.106440577 0.037497662
v 0.075897597 0.103755649 0.046586321
v 0.082350363 0.040304789 0.051312803
v 0.078861663 0.106440577 0.037497662
v 0.092257549 0.054539800 0.025916023
v 0.078861663 0.106440577 0.037497662
v 0.082350363 0.040304789 0.051312803
v 0.075897597 0.103755649 0.046586321
v 0.056318172 -0.005734904 0.050897886
v 0.086567427 0.024496908 0.006330533
v 0.066023951 -0.008631255 0.003530721
v 0.086567427 0.024496908 0.006330533
v 0.056318172 -0.005734904 0.050897886
v 0.082350363 0.040304789 0.051312803
v 0.044379190 -0.009410098 0.214167771
v 0.003404898 -0.025572395 0.179186273
v 0.002163503 -0.013831861 0.217374582
v 0.003404898 -0.025572395 0.179186273
v 0.044379190 -0.009410098 0.214167771
v 0.060204032 -0.012947573 0.178909300
v 0.021617086 0.130696528 0.024756157
v -0.019690075 0.126317953 0.034089340
v -0.020279891 0.125828450 0.017714065
v -0.019690075 0.126317953 0.034089340
v 0.021617086 0.130696528 0.024756157
v 0.026526365 0.132703719 0.038616609
v 0.041623771 0.132057984 0.136277511
v -0.008187417 0.132961846 0.176376770
v -0.012868008 0.129994286 0.137953045
v -0.008187417 0.132961846 0.176376770
v 0.041623771 0.132057984 0.136277511
v 0.051190267 0.132640672 0.176636825
v 0.021617086 0.130696528 0.024756157
v 0.088392473 0.124119604 -0.019538111
v 0.078861663 0.106440577 0.037497662
v 0.088392473 0.124119604 -0.019538111
v 0.021617086 0.130696528 0.024756157
v 0.021734200 0.132506394 -0.029927422
v 0.078861663 0.106440577 0.037497662
v 0.100693488 0.058647262 -0.003858291
v 0.092257549 0.054539800 0.025916023
v 0.100693488 0.058647262 -0.003858291
v 0.078861663 0.106440577 0.037497662
v 0.088392473 0.124119604 -0.019538111
v 0.035731601 0.136235312 0.088019710
v 0.079029827 0.115349950 0.133753047
v 0.041623771 0.132057984 0.136277511
v 0.095728559 0.094347338 0.139110840
v 0.081571569 0.038980984 0.095149912
v 0.096062057 0.033905000 0.143992843
v 0.081571569 0.038980984 0.095149912
v 0.095728559 0.094347338 0.139110840
v 0.080078091 0.100735382 0.087905229
v 0.081571569 0.038980984 0.095149912
v 0.059813218 -0.005140652 0.144995795
v 0.096062057 0.033905000 0.143992843
v 0.059813218 -0.005140652 0.144995795
v 0.081571569 0.038980984 0.095149912
v 0.060188412 -0.000491578 0.090451390
v 0.005343652 -0.019566650 0.144748089
v 0.060188412 -0.000491578 0.090451390
v 0.007023808 -0.015848727 0.089975061
v 0.060188412 -0.000491578 0.090451390
v 0.005343652 -0.019566650 0.144748089
v 0.059813218 -0.005140652 0.144995795
v 0.093486182 0.068093313 0.303617525
v 0.127343552 0.069083190 0.342439248
v 0.076850818 0.006226875 0.293116827
v 0.127343552 0.069083190 0.342439248
v 0.143308531 -0.002457010 0.381968485
v 0.109409377 -0.001280837 0.344167755
v 0.143308531 -0.002457010 0.381968485
v 0.127343552 0.069083190 0.342439248
v 0.158768222 0.056980265 0.380621042
v 0.136566675 -0.012784827 0.261433045
v 0.109409377 -0.001280837 0.344167755
v 0.172164837 -0.018358866 0.299496989
v 0.109409377 -0.001280837 0.344167755
v 0.199141858 -0.018272934 0.349504642
v 0.172164837 -0.018358866 0.299496989
v 0.199141858 -0.018272934 0.349504642
v 0.109409377 -0.001280837 0.344167755
v 0.143308531 -0.002457010 0.381968485
v 0.151728433 -0.001562304 0.259512277
v 0.189883385 0.051947450 0.297409146
v 0.157455908 0.050696906 0.258102683
v 0.151728433 -0.001562304 0.259512277
v 0.172164837 -0.018358866 0.299496989
v 0.189883385 0.051947450 0.297409146
v 0.151728433 -0.001562304 0.259512277
v 0.136566675 -0.012784827 0.261433045
v 0.172164837 -0.018358866 0.299496989
v 0.172164837 -0.018358866 0.299496989
v 0.214659345 0.040711263 0.348447136
v 0.189883385 0.051947450 0.297409146
v 0.214659345 0.040711263 0.348447136
v 0.172164837 -0.018358866 0.299496989
v 0.199141858 -0.018272934 0.349504642
v 0.125319104 0.071355762 0.282962982
v 0.189883385 0.051947450 0.297409146
v 0.127343552 0.069083190 0.342439248
v 0.189883385 0.051947450 0.297409146
v 0.158768222 0.056980265 0.380621042
v 0.127343552 0.069083190 0.342439248
v 0.158768222 0.056980265 0.380621042
v 0.189883385 0.051947450 0.297409146
v 0.214659345 0.040711263 0.348447136
v 0.157979952 0.061436693 0.401476563
v 0.156835066 -0.000861553 0.465127771
v 0.141583238 -0.006961360 0.405246419
v 0.156835066 -0.000861553 0.465127771
v 0.157979952 0.061436693 0.401476563
v 0.167308181 0.047189471 0.460603142
v 0.167308181 0.047189471 0.460603142
v 0.159915488 -0.006137183 0.503964364
v 0.156835066 -0.000861553 0.465127771
v 0.159915488 -0.006137183 0.503964364
v 0.167308181 0.047189471 0.460603142
v 0.173078380 0.042345188 0.504675310
v 0.141583238 -0.006961360 0.405246419
v 0.224642214 -0.008380041 0.447963418
v 0.211890957 -0.025672908 0.385639886
v 0.224642214 -0.008380041 0.447963418
v 0.141583238 -0.006961360 0.405246419
v 0.156835066 -0.000861553 0.465127771
v 0.156835066 -0.000861553 0.465127771
v 0.228372975 -0.013274965 0.493975315
v 0.224642214 -0.008380041 0.447963418
v 0.228372975 -0.013274965 0.493975315
v 0.156835066 -0.000861553 0.465127771
v 0.159915488 -0.006137183 0.503964364
v 0.211890957 -0.025672908 0.385639886
v 0.231995876 0.029920303 0.443907071
v 0.228341252 0.042353667 0.381459069
v 0.231995876 0.029920303 0.443907071
v 0.211890957 -0.025672908 0.385639886
v 0.224642214 -0.008380041 0.447963418
v 0.224642214 -0.008380041 0.447963418
v 0.235329410 0.025907408 0.495580057
v 0.231995876 0.029920303 0.443907071
v 0.235329410 0.025907408 0.495580057
v 0.224642214 -0.008380041 0.447963418
v 0.228372975 -0.013274965 0.493975315
v 0.228341252 0.042353667 0.381459069
v 0.167308181 0.047189471 0.460603142
v 0.157979952 0.061436693 0.401476563
v 0.167308181 0.047189471 0.460603142
v 0.228341252 0.042353667 0.381459069
v 0.231995876 0.029920303 0.443907071
v 0.231995876 0.029920303 0.443907071
v 0.173078380 0.042345188 0.504675310
v 0.167308181 0.047189471 0.460603142
v 0.173078380 0.042345188 0.504675310
v 0.231995876 0.029920303 0.443907071
v 0.235329410 0.025907408 0.495580057
v 0.214659345 0.040711263 0.348447136
v 0.157979952 0.061436693 0.401476563
v 0.158768222 0.056980265 0.380621042
v 0.157979952 0.061436693 0.401476563
v 0.214659345 0.040711263 0.348447136
v 0.228341252 0.042353667 0.381459069
v 0.158768222 0.056980265 0.380621042
v 0.141583238 -0.006961360 0.405246419
v 0.143308531 -0.002457010 0.381968485
v 0.141583238 -0.006961360 0.405246419
v 0.158768222 0.056980265 0.380621042
v 0.157979952 0.061436693 0.401476563
v 0.199141858 -0.018272934 0.349504642
v 0.141583238 -0.006961360 0.405246419
v 0.211890957 -0.025672908 0.385639886
v 0.141583238 -0.006961360 0.405246419
v 0.199141858 -0.018272934 0.349504642
v 0.143308531 -0.002457010 0.381968485
v 0.211890957 -0.025672908 0.385639886
v 0.214659345 0.040711263 0.348447136
v 0.199141858 -0.018272934 0.349504642
v 0.214659345 0.040711263 0.348447136
v 0.211890957 -0.025672908 0.385639886
v 0.228341252 0.042353667 0.381459069
v 0.093462905 0.064204399 0.298643023
v 0.125319104 0.071355762 0.282962982
v 0.096029785 0.030021082 0.301649400
v 0.125319104 0.071355762 0.282962982
v 0.093462905 0.064204399 0.298643023
v 0.157455908 0.050696906 0.258102683
v 0.096029785 0.030021082 0.301649400
v 0.068496955 0.063864670 0.286817345
v 0.093462905 0.064204399 0.298643023
v 0.068496955 0.063864670 0.286817345
v 0.096029785 0.030021082 0.301649400
v 0.062943892 0.034783691 0.287243737
v 0.079029827 0.115349950 0.133753047
v 0.051190267 0.132640672 0.176636825
v 0.041623771 0.132057984 0.136277511
v 0.051190267 0.132640672 0.176636825
v 0.079029827 0.115349950 0.133753047
v 0.093202848 0.116081664 0.178838688
v 0.068496955 0.063864670 0.286817345
v 0.048050464 0.041131478 0.293484164
v 0.035101395 0.074774194 0.300920690
v 0.090678435 0.008057514 0.278404943
v 0.081003338 0.004651157 0.239221558
v 0.065672873 0.009022228 0.261569500
v 0.081003338 0.004651157 0.239221558
v 0.090678435 0.008057514 0.278404943
v 0.091686990 0.018030292 0.259517933
v 0.093486182 0.068093313 0.303617525
v 0.091686990 0.018030292 0.259517933
v 0.090678435 0.008057514 0.278404943
v 0.106562489 0.097689728 0.225836906
v 0.047411668 0.108666217 0.274476573
v 0.056913079 0.126871594 0.217172377
v 0.106562489 0.097689728 0.225836906
v 0.081771393 0.099964180 0.269589480
v 0.047411668 0.108666217 0.274476573
v 0.106562489 0.097689728 0.225836906
v 0.108090674 0.094086872 0.228475926
v 0.081771393 0.099964180 0.269589480
v -0.002942075 0.128248908 0.214660936
v 0.047411668 0.108666217 0.274476573
v -0.000092816 0.105898882 0.272081127
v 0.047411668 0.108666217 0.274476573
v -0.002942075 0.128248908 0.214660936
v 0.056913079 0.126871594 0.217172377
v 0.093462905 0.064204399 0.298643023
v 0.068496955 0.063864670 0.286817345
v 0.081771393 0.099964180 0.269589480
v 0.157455908 0.050696906 0.258102683
v 0.108090674 0.094086872 0.228475926
v 0.151728433 -0.001562304 0.259512277
v 0.157455908 0.050696906 0.258102683
v 0.081771393 0.099964180 0.269589480
v 0.108090674 0.094086872 0.228475926
v 0.157455908 0.050696906 0.258102683
v 0.093462905 0.064204399 0.298643023
v 0.081771393 0.099964180 0.269589480
v 0.106890142 0.044118899 0.198189703
v 0.136566675 -0.012784827 0.261433045
v 0.108957429 0.080700687 0.218485102
v 0.136566675 -0.012784827 0.261433045
v 0.106890142 0.044118899 0.198189703
v 0.076850818 0.006226875 0.293116827
v 0.096062057 0.033905000 0.143992843
v 0.104658085 0.076033060 0.178073162
v 0.095728559 0.094347338 0.139110840
v 0.104658085 0.076033060 0.178073162
v 0.096062057 0.033905000 0.143992843
v 0.101284491 0.043183166 0.174808044
v 0.096798444 0.010689990 0.203277166
v 0.076850818 0.006226875 0.293116827
v 0.106890142 0.044118899 0.198189703
v 0.098763315 0.026090517 0.178097485
v 0.101284491 0.043183166 0.174808044
v 0.096062057 0.033905000 0.143992843
v 0.104658085 0.076033060 0.178073162
v 0.104849815 0.095108755 0.178884954
v 0.095728559 0.094347338 0.139110840
v 0.082350363 0.040304789 0.051312803
v 0.092257549 0.054539800 0.025916023
v 0.086567427 0.024496908 0.006330533
v 0.092257549 0.054539800 0.025916023
v 0.100693488 0.058647262 -0.003858291
v 0.086567427 0.024496908 0.006330533
v 0.048050464 0.041131478 0.293484164
v 0.068496955 0.063864670 0.286817345
v 0.062943892 0.034783691 0.287243737
v 0.037017235 0.001100584 0.246948149
v 0.002163503 -0.013831861 0.217374582
v 0.040051470 0.020351637 0.278355631
v 0.066023951 -0.008631255 0.003530721
v 0.009009638 -0.019491650 0.044165683
v 0.056318172 -0.005734904 0.050897886
v 0.009009638 -0.019491650 0.044165683
v 0.066023951 -0.008631255 0.003530721
v 0.014064403 -0.036536585 -0.010902870
v -0.020279891 0.125828450 0.017714065
v 0.021734200 0.132506394 -0.029927422
v 0.021617086 0.130696528 0.024756157
v 0.021734200 0.132506394 -0.029927422
v -0.020279891 0.125828450 0.017714065
v -0.019532950 0.129871232 -0.031178362
v 0.109409377 -0.001280837 0.344167755
v 0.136566675 -0.012784827 0.261433045
v 0.076850818 0.006226875 0.293116827
v 0.076850818 0.006226875 0.293116827
v 0.127343552 0.069083190 0.342439248
v 0.109409377 -0.001280837 0.344167755
v 0.060188412 -0.000491578 0.090451390
v 0.082350363 0.040304789 0.051312803
v 0.056318172 -0.005734904 0.050897886
v 0.082350363 0.040304789 0.051312803
v 0.060188412 -0.000491578 0.090451390
v 0.081571569 0.038980984 0.095149912
v 0.081571569 0.038980984 0.095149912
v 0.075897597 0.103755649 0.046586321
v 0.082350363 0.040304789 0.051312803
v 0.075897597 0.103755649 0.046586321
v 0.081571569 0.038980984 0.095149912
v 0.080078091 0.100735382 0.087905229
v 0.075897597 0.103755649 0.046586321
v 0.035731601 0.136235312 0.088019710
v 0.026526365 0.132703719 0.038616609
v 0.035731601 0.136235312 0.088019710
v 0.075897597 0.103755649 0.046586321
v 0.080078091 0.100735382 0.087905229
v 0.026526365 0.132703719 0.038616609
v -0.017185887 0.130186563 0.087157330
v -0.019690075 0.126317953 0.034089340
v -0.017185887 0.130186563 0.087157330
v 0.026526365 0.132703719 0.038616609
v 0.035731601 0.136235312 0.088019710
v 0.048050464 0.041131478 0.293484164
v 0.062943892 0.034783691 0.287243737
v 0.040051470 0.020351637 0.278355631
v 0.040051470 0.020351637 0.278355631
v 0.062943892 0.034783691 0.287243737
v 0.065672873 0.009022228 0.261569500
v 0.065672873 0.009022228 0.261569500
v 0.096029785 0.030021082 0.301649400
v 0.090678435 0.008057514 0.278404943
v 0.096029785 0.030021082 0.301649400
v 0.065672873 0.009022228 0.261569500
v 0.062943892 0.034783691 0.287243737
v 0.090678435 0.008057514 0.278404943
v 0.125319104 0.071355762 0.282962982
v 0.093486182 0.068093313 0.303617525
v 0.125319104 0.071355762 0.282962982
v 0.090678435 0.008057514 0.278404943
v 0.096029785 0.030021082 0.301649400
v 0.125319104 0.071355762 0.282962982
v 0.127343552 0.069083190 0.342439248
v 0.093486182 0.068093313 0.303617525
v 0.189883385 0.051947450 0.297409146
v 0.125319104 0.071355762 0.282962982
v 0.157455908 0.050696906 0.258102683
v 0.080078091 0.100735382 0.087905229
v 0.095728559 0.094347338 0.139110840
v 0.079029827 0.115349950 0.133753047
v 0.106562489 0.097689728 0.225836906
v 0.108957429 0.080700687 0.218485102
v 0.108090674 0.094086872 0.228475926
v 0.095728559 0.094347338 0.139110840
v 0.093202848 0.116081664 0.178838688
v 0.079029827 0.115349950 0.133753047
v 0.093202848 0.116081664 0.178838688
v 0.095728559 0.094347338 0.139110840
v 0.104849815 0.095108755 0.178884954
v 0.079029827 0.115349950 0.133753047
v 0.035731601 0.136235312 0.088019710
v 0.080078091 0.100735382 0.087905229
v 0.001726055 0.084136153 0.302607321
v 0.047411668 0.108666217 0.274476573
v 0.035101395 0.074774194 0.300920690
v 0.051190267 0.132640672 0.176636825
v -0.002942075 0.128248908 0.214660936
v -0.008187417 0.132961846 0.176376770
v -0.002942075 0.128248908 0.214660936
v 0.051190267 0.132640672 0.176636825
v 0.056913079 0.126871594 0.217172377
v 0.056913079 0.126871594 0.217172377
v 0.093202848 0.116081664 0.178838688
v 0.106562489 0.097689728 0.225836906
v 0.093202848 0.116081664 0.178838688
v 0.056913079 0.126871594 0.217172377
v 0.051190267 0.132640672 0.176636825
v 0.093202848 0.116081664 0.178838688
v 0.108957429 0.080700687 0.218485102
v 0.106562489 0.097689728 0.225836906
v 0.108957429 0.080700687 0.218485102
v 0.093202848 0.116081664 0.178838688
v 0.104849815 0.095108755 0.178884954
v 0.108957429 0.080700687 0.218485102
v 0.104658085 0.076033060 0.178073162
v 0.106507451 0.056253498 0.203783268
v 0.104658085 0.076033060 0.178073162
v 0.108957429 0.080700687 0.218485102
v 0.104849815 0.095108755 0.178884954
v 0.106507451 0.056253498 0.203783268
v 0.101284491 0.043183166 0.174808044
v 0.106890142 0.044118899 0.198189703
v 0.101284491 0.043183166 0.174808044
v 0.106507451 0.056253498 0.203783268
v 0.104658085 0.076033060 0.178073162
v 0.098763315 0.026090517 0.178097485
v 0.106890142 0.044118899 0.198189703
v 0.101284491 0.043183166 0.174808044
v 0.106890142 0.044118899 0.198189703
v 0.098763315 0.026090517 0.178097485
v 0.096798444 0.010689990 0.203277166
v 0.060204032 -0.012947573 0.178909300
v 0.005343652 -0.019566650 0.144748089
v 0.003404898 -0.025572395 0.179186273
v 0.005343652 -0.019566650 0.144748089
v 0.060204032 -0.012947573 0.178909300
v 0.059813218 -0.005140652 0.144995795
v 0.059813218 -0.005140652 0.144995795
v 0.098763315 0.026090517 0.178097485
v 0.096062057 0.033905000 0.143992843
v 0.098763315 0.026090517 0.178097485
v 0.059813218 -0.005140652 0.144995795
v 0.060204032 -0.012947573 0.178909300
v 0.044379190 -0.009410098 0.214167771
v 0.081003338 0.004651157 0.239221558
v 0.096798444 0.010689990 0.203277166
v 0.081003338 0.004651157 0.239221558
v 0.044379190 -0.009410098 0.214167771
v 0.037017235 0.001100584 0.246948149
v 0.096798444 0.010689990 0.203277166
v 0.091686990 0.018030292 0.259517933
v 0.076850818 0.006226875 0.293116827
v 0.091686990 0.018030292 0.259517933
v 0.096798444 0.010689990 0.203277166
v 0.081003338 0.004651157 0.239221558
v 0.091686990 0.018030292 0.259517933
v 0.093486182 0.068093313 0.303617525
v 0.076850818 0.006226875 0.293116827
v 0.151728433 -0.001562304 0.259512277
v 0.108957429 0.080700687 0.218485102
v 0.136566675 -0.012784827 0.261433045
v 0.108957429 0.080700687 0.218485102
v 0.151728433 -0.001562304 0.259512277
v 0.108090674 0.094086872 0.228475926
v 0.044379190 -0.009410098 0.214167771
v 0.002163503 -0.013831861 0.217374582
v 0.037017235 0.001100584 0.246948149
v -0.012868008 0.129994286 0.137953045
v 0.035731601 0.136235312 0.088019710
v 0.041623771 0.132057984 0.136277511
v 0.035731601 0.136235312 0.088019710
v -0.012868008 0.129994286 0.137953045
v -0.017185887 0.130186563 0.087157330
v 0.001726055 0.084136153 0.302607321
v -0.000092816 0.105898882 0.272081127
v 0.047411668 0.108666217 0.274476573
v 0.056318172 -0.005734904 0.050897886
v 0.007023808 -0.015848727 0.089975061
v 0.060188412 -0.000491578 0.090451390
v 0.007023808 -0.015848727 0.089975061
v 0.056318172 -0.005734904 0.050897886
v 0.009009638 -0.019491650 0.044165683
v 0.106890142 0.044118899 0.198189703
v 0.108957429 0.080700687 0.218485102
v 0.106507451 0.056253498 0.203783268
v -0.057607270 0.000199085 0.257493284
v -0.031446171 -0.001312648 0.249406014
v -0.071224935 -0.004825698 0.235984528
v -0.031446171 -0.001312648 0.249406014
v -0.057607270 0.000199085 0.257493284
v -0.033569418 0.017756612 0.280998653
v -0.097311082 0.005634500 0.205682047
v -0.054561001 -0.021420385 0.181871661
v -0.098345420 0.011538478 0.183185333
v -0.054561001 -0.021420385 0.181871661
v -0.097311082 0.005634500 0.205682047
v -0.040379610 -0.012397717 0.217210648
v -0.030855186 0.072449325 0.303288560
v -0.079932672 0.092892897 0.277204121
v -0.047380440 0.105324939 0.277879650
v -0.079932672 0.092892897 0.277204121
v -0.030855186 0.072449325 0.303288560
v -0.067010128 0.050089227 0.284417015
v -0.103429581 0.070261645 0.032555300
v -0.064807271 0.114578957 0.036257442
v -0.100048625 0.068966742 0.041944602
v -0.064807271 0.114578957 0.036257442
v -0.103429581 0.070261645 0.032555300
v -0.060842219 0.113634966 0.022040358
v -0.082794783 0.006476020 0.047095902
v -0.103429581 0.070261645 0.032555300
v -0.100048625 0.068966742 0.041944602
v -0.103429581 0.070261645 0.032555300
v -0.082794783 0.006476020 0.047095902
v -0.096047917 0.015711108 0.019266038
v -0.039209344 -0.026793724 0.047451600
v -0.070818978 -0.023837641 -0.003857083
v -0.082794783 0.006476020 0.047095902
v -0.070818978 -0.023837641 -0.003857083
v -0.039209344 -0.026793724 0.047451600
v -0.033294220 -0.037923564 -0.006514802
v -0.040379610 -0.012397717 0.217210648
v 0.003404898 -0.025572395 0.179186273
v -0.054561001 -0.021420385 0.181871661
v 0.003404898 -0.025572395 0.179186273
v -0.040379610 -0.012397717 0.217210648
v 0.002163503 -0.013831861 0.217374582
v -0.060842219 0.113634966 0.022040358
v -0.019690075 0.126317953 0.034089340
v -0.064807271 0.114578957 0.036257442
v -0.019690075 0.126317953 0.034089340
v -0.060842219 0.113634966 0.022040358
v -0.020279891 0.125828450 0.017714065
v -0.066253242 0.118741046 0.137662409
v -0.008187417 0.132961846 0.176376770
v -0.066805759 0.123929324 0.179682585
v -0.008187417 0.132961846 0.176376770
v -0.066253242 0.118741046 0.137662409
v -0.012868008 0.129994286 0.137953045
v -0.060842219 0.113634966 0.022040358
v -0.116922760 0.081783489 -0.026788794
v -0.064296237 0.121051272 -0.029664404
v -0.116922760 0.081783489 -0.026788794
v -0.060842219 0.113634966 0.022040358
v -0.103429581 0.070261645 0.032555300
v -0.103429581 0.070261645 0.032555300
v -0.103385500 0.016566061 -0.011065316
v -0.116922760 0.081783489 -0.026788794
v -0.103385500 0.016566061 -0.011065316
v -0.103429581 0.070261645 0.032555300
v -0.096047917 0.015711108 0.019266038
v -0.069264279 0.118919882 0.087559698
v -0.066253242 0.118741046 0.137662409
v -0.098563226 0.093426878 0.136032942
v -0.109636262 0.068995964 0.141747263
v -0.082131921 0.011982574 0.094462286
v -0.102040007 0.068966676 0.085694600
v -0.082131921 0.011982574 0.094462286
v -0.109636262 0.068995964 0.141747263
v -0.095359554 0.010274854 0.146450266
v -0.082131921 0.011982574 0.094462286
v -0.051673503 -0.018433536 0.146488738
v -0.049211521 -0.017470453 0.090720985
v -0.051673503 -0.018433536 0.146488738
v -0.082131921 0.011982574 0.094462286
v -0.095359554 0.010274854 0.146450266
v 0.005343652 -0.019566650 0.144748089
v -0.049211521 -0.017470453 0.090720985
v -0.051673503 -0.018433536 0.146488738
v -0.049211521 -0.017470453 0.090720985
v 0.005343652 -0.019566650 0.144748089
v 0.007023808 -0.015848727 0.089975061
v -0.126906585 -0.012397829 0.214710423
v -0.122848491 0.051944167 0.207088751
v -0.175639207 -0.023931560 0.226815442
v -0.175639207 -0.023931560 0.226815442
v -0.220017580 0.040307009 0.241055185
v -0.216272722 -0.020025960 0.251135928
v -0.220017580 0.040307009 0.241055185
v -0.175639207 -0.023931560 0.226815442
v -0.183391213 0.046899491 0.212723614
v -0.125606476 0.068215208 0.275345141
v -0.175778774 0.063010273 0.289586316
v -0.183391213 0.046899491 0.212723614
v -0.183391213 0.046899491 0.212723614
v -0.246435720 0.048984530 0.280274380
v -0.220017580 0.040307009 0.241055185
v -0.246435720 0.048984530 0.280274380
v -0.183391213 0.046899491 0.212723614
v -0.175778774 0.063010273 0.289586316
v -0.128406208 0.055642757 0.289259451
v -0.175778774 0.063010273 0.289586316
v -0.125606476 0.068215208 0.275345141
v -0.128406208 0.055642757 0.289259451
v -0.167628989 -0.007678772 0.303654592
v -0.175778774 0.063010273 0.289586316
v -0.128406208 0.055642757 0.289259451
v -0.119162095 0.004009577 0.293050572
v -0.167628989 -0.007678772 0.303654592
v -0.175778774 0.063010273 0.289586316
v -0.243163550 -0.010996310 0.290019326
v -0.246435720 0.048984530 0.280274380
v -0.243163550 -0.010996310 0.290019326
v -0.175778774 0.063010273 0.289586316
v -0.167628989 -0.007678772 0.303654592
v -0.122384318 -0.016222714 0.252333654
v -0.175639207 -0.023931560 0.226815442
v -0.167628989 -0.007678772 0.303654592
v -0.167628989 -0.007678772 0.303654592
v -0.216272722 -0.020025960 0.251135928
v -0.243163550 -0.010996310 0.290019326
v -0.216272722 -0.020025960 0.251135928
v -0.167628989 -0.007678772 0.303654592
v -0.175639207 -0.023931560 0.226815442
v -0.195442609 -0.023941307 0.243261538
v -0.198848619 0.028255298 0.171165950
v -0.197440286 -0.019931525 0.181894738
v -0.198848619 0.028255298 0.171165950
v -0.195442609 -0.023941307 0.243261538
v -0.196504909 0.045377466 0.230806062
v -0.197440286 -0.019931525 0.181894738
v -0.196112023 0.028805325 0.133367753
v -0.197006870 -0.022451431 0.135985760
v -0.196112023 0.028805325 0.133367753
v -0.197440286 -0.019931525 0.181894738
v -0.198848619 0.028255298 0.171165950
v -0.196504909 0.045377466 0.230806062
v -0.268281046 0.018737511 0.177289307
v -0.198848619 0.028255298 0.171165950
v -0.268281046 0.018737511 0.177289307
v -0.196504909 0.045377466 0.230806062
v -0.270932576 0.046378679 0.238975567
v -0.198848619 0.028255298 0.171165950
v -0.263704789 0.014339674 0.133710723
v -0.196112023 0.028805325 0.133367753
v -0.263704789 0.014339674 0.133710723
v -0.198848619 0.028255298 0.171165950
v -0.268281046 0.018737511 0.177289307
v -0.270932576 0.046378679 0.238975567
v -0.266292745 -0.019343279 0.186418785
v -0.268281046 0.018737511 0.177289307
v -0.266292745 -0.019343279 0.186418785
v -0.270932576 0.046378679 0.238975567
v -0.269720027 -0.022524859 0.251697392
v -0.268281046 0.018737511 0.177289307
v -0.260635529 -0.021265585 0.134910702
v -0.263704789 0.014339674 0.133710723
v -0.260635529 -0.021265585 0.134910702
v -0.268281046 0.018737511 0.177289307
v -0.266292745 -0.019343279 0.186418785
v -0.269720027 -0.022524859 0.251697392
v -0.197440286 -0.019931525 0.181894738
v -0.266292745 -0.019343279 0.186418785
v -0.197440286 -0.019931525 0.181894738
v -0.269720027 -0.022524859 0.251697392
v -0.195442609 -0.023941307 0.243261538
v -0.266292745 -0.019343279 0.186418785
v -0.197006870 -0.022451431 0.135985760
v -0.260635529 -0.021265585 0.134910702
v -0.197006870 -0.022451431 0.135985760
v -0.266292745 -0.019343279 0.186418785
v -0.197440286 -0.019931525 0.181894738
v -0.243163550 -0.010996310 0.290019326
v -0.195442609 -0.023941307 0.243261538
v -0.269720027 -0.022524859 0.251697392
v -0.195442609 -0.023941307 0.243261538
v -0.243163550 -0.010996310 0.290019326
v -0.216272722 -0.020025960 0.251135928
v -0.216272722 -0.020025960 0.251135928
v -0.196504909 0.045377466 0.230806062
v -0.195442609 -0.023941307 0.243261538
v -0.196504909 0.045377466 0.230806062
v -0.216272722 -0.020025960 0.251135928
v -0.220017580 0.040307009 0.241055185
v -0.246435720 0.048984530 0.280274380
v -0.196504909 0.045377466 0.230806062
v -0.220017580 0.040307009 0.241055185
v -0.196504909 0.045377466 0.230806062
v -0.246435720 0.048984530 0.280274380
v -0.270932576 0.046378679 0.238975567
v -0.270932576 0.046378679 0.238975567
v -0.243163550 -0.010996310 0.290019326
v -0.269720027 -0.022524859 0.251697392
v -0.243163550 -0.010996310 0.290019326
v -0.270932576 0.046378679 0.238975567
v -0.246435720 0.048984530 0.280274380
v -0.100927068 0.043710804 0.285441580
v -0.122384318 -0.016222714 0.252333654
v -0.119162095 0.004009577 0.293050572
v -0.122384318 -0.016222714 0.252333654
v -0.100927068 0.043710804 0.285441580
v -0.096642263 0.009331622 0.287062342
v -0.096642263 0.009331622 0.287062342
v -0.067010128 0.050089227 0.284417015
v -0.062167542 0.024143891 0.282278277
v -0.067010128 0.050089227 0.284417015
v -0.096642263 0.009331622 0.287062342
v -0.100927068 0.043710804 0.285441580
v -0.098563226 0.093426878 0.136032942
v -0.066805759 0.123929324 0.179682585
v -0.105830571 0.101387530 0.183976217
v -0.066805759 0.123929324 0.179682585
v -0.098563226 0.093426878 0.136032942
v -0.066253242 0.118741046 0.137662409
v -0.067010128 0.050089227 0.284417015
v -0.030855186 0.072449325 0.303288560
v -0.041905762 0.037960657 0.296713632
v -0.083087812 -0.013730768 0.262189787
v -0.071224935 -0.004825698 0.235984528
v -0.094211834 -0.003082023 0.220941295
v -0.071224935 -0.004825698 0.235984528
v -0.083087812 -0.013730768 0.262189787
v -0.057607270 0.000199085 0.257493284
v -0.126906585 -0.012397829 0.214710423
v -0.083087812 -0.013730768 0.262189787
v -0.094211834 -0.003082023 0.220941295
v -0.105669488 0.097760570 0.238197277
v -0.079932672 0.092892897 0.277204121
v -0.106261421 0.094540260 0.241426636
v -0.105669488 0.097760570 0.238197277
v -0.047380440 0.105324939 0.277879650
v -0.079932672 0.092892897 0.277204121
v -0.105669488 0.097760570 0.238197277
v -0.062218245 0.122672395 0.221449243
v -0.047380440 0.105324939 0.277879650
v -0.002942075 0.128248908 0.214660936
v -0.047380440 0.105324939 0.277879650
v -0.062218245 0.122672395 0.221449243
v -0.047380440 0.105324939 0.277879650
v -0.002942075 0.128248908 0.214660936
v -0.000092816 0.105898882 0.272081127
v -0.100927068 0.043710804 0.285441580
v -0.079932672 0.092892897 0.277204121
v -0.067010128 0.050089227 0.284417015
v -0.119162095 0.004009577 0.293050572
v -0.079932672 0.092892897 0.277204121
v -0.100927068 0.043710804 0.285441580
v -0.119162095 0.004009577 0.293050572
v -0.106261421 0.094540260 0.241426636
v -0.079932672 0.092892897 0.277204121
v -0.119162095 0.004009577 0.293050572
v -0.128406208 0.055642757 0.289259451
v -0.106261421 0.094540260 0.241426636
v -0.106512585 0.037912240 0.199137317
v -0.125606476 0.068215208 0.275345141
v -0.122848491 0.051944167 0.207088751
v -0.125606476 0.068215208 0.275345141
v -0.106512585 0.037912240 0.199137317
v -0.112489224 0.082011629 0.218227741
v -0.095359554 0.010274854 0.146450266
v -0.111261030 0.060092297 0.183646552
v -0.103631337 0.028054748 0.180097413
v -0.111261030 0.060092297 0.183646552
v -0.095359554 0.010274854 0.146450266
v -0.109636262 0.068995964 0.141747263
v -0.097311082 0.005634500 0.205682047
v -0.106512585 0.037912240 0.199137317
v -0.122848491 0.051944167 0.207088751
v -0.098345420 0.011538478 0.183185333
v -0.095359554 0.010274854 0.146450266
v -0.103631337 0.028054748 0.180097413
v -0.111261030 0.060092297 0.183646552
v -0.109636262 0.068995964 0.141747263
v -0.114305256 0.078929090 0.184541871
v -0.082794783 0.006476020 0.047095902
v -0.070818978 -0.023837641 -0.003857083
v -0.096047917 0.015711108 0.019266038
v -0.096047917 0.015711108 0.019266038
v -0.070818978 -0.023837641 -0.003857083
v -0.103385500 0.016566061 -0.011065316
v -0.041905762 0.037960657 0.296713632
v -0.062167542 0.024143891 0.282278277
v -0.067010128 0.050089227 0.284417015
v -0.031446171 -0.001312648 0.249406014
v -0.033569418 0.017756612 0.280998653
v 0.002163503 -0.013831861 0.217374582
v -0.033294220 -0.037923564 -0.006514802
v 0.009009638 -0.019491650 0.044165683
v 0.014064403 -0.036536585 -0.010902870
v 0.009009638 -0.019491650 0.044165683
v -0.033294220 -0.037923564 -0.006514802
v -0.039209344 -0.026793724 0.047451600
v -0.020279891 0.125828450 0.017714065
v -0.064296237 0.121051272 -0.029664404
v -0.019532950 0.129871232 -0.031178362
v -0.064296237 0.121051272 -0.029664404
v -0.020279891 0.125828450 0.017714065
v -0.060842219 0.113634966 0.022040358
v -0.183391213 0.046899491 0.212723614
v -0.122848491 0.051944167 0.207088751
v -0.125606476 0.068215208 0.275345141
v -0.122848491 0.051944167 0.207088751
v -0.183391213 0.046899491 0.212723614
v -0.175639207 -0.023931560 0.226815442
v -0.049211521 -0.017470453 0.090720985
v -0.082794783 0.006476020 0.047095902
v -0.082131921 0.011982574 0.094462286
v -0.082794783 0.006476020 0.047095902
v -0.049211521 -0.017470453 0.090720985
v -0.039209344 -0.026793724 0.047451600
v -0.082131921 0.011982574 0.094462286
v -0.100048625 0.068966742 0.041944602
v -0.102040007 0.068966676 0.085694600
v -0.100048625 0.068966742 0.041944602
v -0.082131921 0.011982574 0.094462286
v -0.082794783 0.006476020 0.047095902
v -0.100048625 0.068966742 0.041944602
v -0.069264279 0.118919882 0.087559698
v -0.102040007 0.068966676 0.085694600
v -0.069264279 0.118919882 0.087559698
v -0.100048625 0.068966742 0.041944602
v -0.064807271 0.114578957 0.036257442
v -0.064807271 0.114578957 0.036257442
v -0.017185887 0.130186563 0.087157330
v -0.069264279 0.118919882 0.087559698
v -0.017185887 0.130186563 0.087157330
v -0.064807271 0.114578957 0.036257442
v -0.019690075 0.126317953 0.034089340
v -0.041905762 0.037960657 0.296713632
v -0.033569418 0.017756612 0.280998653
v -0.062167542 0.024143891 0.282278277
v -0.033569418 0.017756612 0.280998653
v -0.057607270 0.000199085 0.257493284
v -0.062167542 0.024143891 0.282278277
v -0.057607270 0.000199085 0.257493284
v -0.096642263 0.009331622 0.287062342
v -0.062167542 0.024143891 0.282278277
v -0.096642263 0.009331622 0.287062342
v -0.057607270 0.000199085 0.257493284
v -0.083087812 -0.013730768 0.262189787
v -0.083087812 -0.013730768 0.262189787
v -0.122384318 -0.016222714 0.252333654
v -0.096642263 0.009331622 0.287062342
v -0.122384318 -0.016222714 0.252333654
v -0.083087812 -0.013730768 0.262189787
v -0.126906585 -0.012397829 0.214710423
v -0.122384318 -0.016222714 0.252333654
v -0.126906585 -0.012397829 0.214710423
v -0.175639207 -0.023931560 0.226815442
v -0.167628989 -0.007678772 0.303654592
v -0.119162095 0.004009577 0.293050572
v -0.122384318 -0.016222714 0.252333654
v -0.102040007 0.068966676 0.085694600
v -0.098563226 0.093426878 0.136032942
v -0.109636262 0.068995964 0.141747263
v -0.105669488 0.097760570 0.238197277
v -0.106261421 0.094540260 0.241426636
v -0.112489224 0.082011629 0.218227741
v -0.109636262 0.068995964 0.141747263
v -0.105830571 0.101387530 0.183976217
v -0.114305256 0.078929090 0.184541871
v -0.105830571 0.101387530 0.183976217
v -0.109636262 0.068995964 0.141747263
v -0.098563226 0.093426878 0.136032942
v -0.098563226 0.093426878 0.136032942
v -0.102040007 0.068966676 0.085694600
v -0.069264279 0.118919882 0.087559698
v 0.001726055 0.084136153 0.302607321
v -0.030855186 0.072449325 0.303288560
v -0.047380440 0.105324939 0.277879650
v -0.066805759 0.123929324 0.179682585
v -0.002942075 0.128248908 0.214660936
v -0.062218245 0.122672395 0.221449243
v -0.002942075 0.128248908 0.214660936
v -0.066805759 0.123929324 0.179682585
v -0.008187417 0.132961846 0.176376770
v -0.062218245 0.122672395 0.221449243
v -0.105830571 0.101387530 0.183976217
v -0.066805759 0.123929324 0.179682585
v -0.105830571 0.101387530 0.183976217
v -0.062218245 0.122672395 0.221449243
v -0.105669488 0.097760570 0.238197277
v -0.105830571 0.101387530 0.183976217
v -0.112489224 0.082011629 0.218227741
v -0.114305256 0.078929090 0.184541871
v -0.112489224 0.082011629 0.218227741
v -0.105830571 0.101387530 0.183976217
v -0.105669488 0.097760570 0.238197277
v -0.112489224 0.082011629 0.218227741
v -0.111261030 0.060092297 0.183646552
v -0.114305256 0.078929090 0.184541871
v -0.111261030 0.060092297 0.183646552
v -0.112489224 0.082011629 0.218227741
v -0.109968122 0.054562314 0.204565915
v -0.109968122 0.054562314 0.204565915
v -0.103631337 0.028054748 0.180097413
v -0.111261030 0.060092297 0.183646552
v -0.103631337 0.028054748 0.180097413
v -0.109968122 0.054562314 0.204565915
v -0.106512585 0.037912240 0.199137317
v -0.098345420 0.011538478 0.183185333
v -0.106512585 0.037912240 0.199137317
v -0.097311082 0.005634500 0.205682047
v -0.106512585 0.037912240 0.199137317
v -0.098345420 0.011538478 0.183185333
v -0.103631337 0.028054748 0.180097413
v -0.054561001 -0.021420385 0.181871661
v 0.005343652 -0.019566650 0.144748089
v -0.051673503 -0.018433536 0.146488738
v 0.005343652 -0.019566650 0.144748089
v -0.054561001 -0.021420385 0.181871661
v 0.003404898 -0.025572395 0.179186273
v -0.051673503 -0.018433536 0.146488738
v -0.098345420 0.011538478 0.183185333
v -0.054561001 -0.021420385 0.181871661
v -0.098345420 0.011538478 0.183185333
v -0.051673503 -0.018433536 0.146488738
v -0.095359554 0.010274854 0.146450266
v -0.040379610 -0.012397717 0.217210648
v -0.071224935 -0.004825698 0.235984528
v -0.031446171 -0.001312648 0.249406014
v -0.071224935 -0.004825698 0.235984528
v -0.040379610 -0.012397717 0.217210648
v -0.097311082 0.005634500 0.205682047
v -0.097311082 0.005634500 0.205682047
v -0.094211834 -0.003082023 0.220941295
v -0.071224935 -0.004825698 0.235984528
v -0.094211834 -0.003082023 0.220941295
v -0.097311082 0.005634500 0.205682047
v -0.122848491 0.051944167 0.207088751
v -0.094211834 -0.003082023 0.220941295
v -0.122848491 0.051944167 0.207088751
v -0.126906585 -0.012397829 0.214710423
v -0.128406208 0.055642757 0.289259451
v -0.112489224 0.082011629 0.218227741
v -0.106261421 0.094540260 0.241426636
v -0.112489224 0.082011629 0.218227741
v -0.128406208 0.055642757 0.289259451
v -0.125606476 0.068215208 0.275345141
v 0.002163503 -0.013831861 0.217374582
v -0.040379610 -0.012397717 0.217210648
v -0.031446171 -0.001312648 0.249406014
v -0.012868008 0.129994286 0.137953045
v -0.069264279 0.118919882 0.087559698
v -0.017185887 0.130186563 0.087157330
v -0.069264279 0.118919882 0.087559698
v -0.012868008 0.129994286 0.137953045
v -0.066253242 0.118741046 0.137662409
v 0.001726055 0.084136153 0.302607321
v -0.047380440 0.105324939 0.277879650
v -0.000092816 0.105898882 0.272081127
v 0.007023808 -0.015848727 0.089975061
v -0.039209344 -0.026793724 0.047451600
v -0.049211521 -0.017470453 0.090720985
v -0.039209344 -0.026793724 0.047451600
v 0.007023808 -0.015848727 0.089975061
v 0.009009638 -0.019491650 0.044165683
v -0.106512585 0.037912240 0.199137317
v -0.109968122 0.054562314 0.204565915
v -0.112489224 0.082011629 0.218227741
v -0.263704789 0.014339674 0.133710723
v -0.197006870 -0.022451431 0.135985760
v -0.196112023 0.028805325 0.133367753
v -0.197006870 -0.022451431 0.135985760
v -0.263704789 0.014339674 0.133710723
v -0.260635529 -0.021265585 0.134910702
v 0.173078380 0.042345188 0.504675310
v 0.228372975 -0.013274965 0.493975315
v 0.159915488 -0.006137183 0.503964364
v 0.228372975 -0.013274965 0.493975315
v 0.173078380 0.042345188 0.504675310
v 0.235329410 0.025907408 0.495580057
v -0.116922760 0.081783489 -0.026788794
v -0.019532950 0.129871232 -0.031178362
v -0.064296237 0.121051272 -0.029664404
v -0.103385500 0.016566061 -0.011065316
v -0.019532950 0.129871232 -0.031178362
v -0.116922760 0.081783489 -0.026788794
v -0.070818978 -0.023837641 -0.003857083
v -0.019532950 0.129871232 -0.031178362
v -0.103385500 0.016566061 -0.011065316
v -0.033294220 -0.037923564 -0.006514802
v -0.019532950 0.129871232 -0.031178362
v -0.070818978 -0.023837641 -0.003857083
v 0.014064403 -0.036536585 -0.010902870
v -0.019532950 0.129871232 -0.031178362
v -0.033294220 -0.037923564 -0.006514802
v -0.019532950 0.129871232 -0.031178362
v 0.088392473 0.124119604 -0.019538111
v 0.021734200 0.132506394 -0.029927422
v -0.019532950 0.129871232 -0.031178362
v 0.100693488 0.058647262 -0.003858291
v 0.088392473 0.124119604 -0.019538111
v -0.019532950 0.129871232 -0.031178362
v 0.086567427 0.024496908 0.006330533
v 0.100693488 0.058647262 -0.003858291
v -0.019532950 0.129871232 -0.031178362
v 0.066023951 -0.008631255 0.003530721
v 0.086567427 0.024496908 0.006330533
v 0.014064403 -0.036536585 -0.010902870
v 0.066023951 -0.008631255 0.003530721
v -0.019532950 0.129871232 -0.031178362
v 0.001726055 0.084136153 0.302607321
v 0.000668170 0.047820726 0.236255535
v -0.030855186 0.072449325 0.303288560
v -0.030855186 0.072449325 0.303288560
v 0.000668170 0.047820726 0.236255535
v -0.041905762 0.037960657 0.296713632
v -0.041905762 0.037960657 0.296713632
v 0.000668170 0.047820726 0.236255535
v -0.033569418 0.017756612 0.280998653
v -0.033569418 0.017756612 0.280998653
v 0.000668170 0.047820726 0.236255535
v 0.002163503 -0.013831861 0.217374582
v 0.035101395 0.074774194 0.300920690
v 0.000668170 0.047820726 0.236255535
v 0.001726055 0.084136153 0.302607321
v 0.048050464 0.041131478 0.293484164
v 0.000668170 0.047820726 0.236255535
v 0.035101395 0.074774194 0.300920690
v 0.040051470 0.020351637 0.278355631
v 0.000668170 0.047820726 0.236255535
v 0.048050464 0.041131478 0.293484164
v 0.002163503 -0.013831861 0.217374582
v 0.000668170 0.047820726 0.236255535
v 0.040051470 0.020351637 0.278355631
vt 0.603976011 0.300641000
vt 0.535688996 0.312111974
vt 0.534528017 0.296684980
vt 0.535688996 0.312111974
vt 0.603976011 0.300641000
vt 0.607192993 0.314764977
vt 0.610871017 0.355998993
vt 0.557678998 0.388221025
vt 0.542762995 0.342918038
vt 0.557678998 0.388221025
vt 0.610871017 0.355998993
vt 0.608641028 0.390578985
vt 0.752331018 0.240095973
vt 0.690639973 0.291936994
vt 0.695101976 0.256255984
vt 0.690639973 0.291936994
vt 0.752331018 0.240095973
vt 0.741757989 0.289667010
vt 0.654361010 0.548597991
vt 0.741535008 0.533851981
vt 0.743856013 0.546953976
vt 0.741535008 0.533851981
vt 0.654361010 0.548597991
vt 0.651573002 0.534998000
vt 0.579219997 0.533981025
vt 0.654361010 0.548597991
vt 0.617273986 0.557916999
vt 0.654361010 0.548597991
vt 0.579219997 0.533981025
vt 0.651573002 0.534998000
vt 0.542595029 0.531789005
vt 0.576694012 0.571959019
vt 0.538973987 0.574681997
vt 0.576694012 0.571959019
vt 0.542595029 0.531789005
vt 0.579219997 0.533981025
vt 0.542762995 0.342918038
vt 0.500000000 0.388388038
vt 0.500000000 0.345978975
vt 0.500000000 0.388388038
vt 0.542762995 0.342918038
vt 0.557678998 0.388221025
vt 0.743856013 0.546953976
vt 0.792635977 0.531741023
vt 0.792668998 0.545962989
vt 0.792635977 0.531741023
vt 0.743856013 0.546953976
vt 0.741535008 0.533851981
vt 0.737048984 0.443035960
vt 0.792944014 0.388496041
vt 0.792720973 0.437319040
vt 0.792944014 0.388496041
vt 0.737048984 0.443035960
vt 0.733702004 0.387537003
vt 0.743856013 0.546953976
vt 0.678378999 0.585349977
vt 0.654361010 0.548597991
vt 0.678378999 0.585349977
vt 0.743856013 0.546953976
vt 0.743906021 0.578772008
vt 0.654361010 0.548597991
vt 0.621698022 0.580618978
vt 0.617273986 0.557916999
vt 0.621698022 0.580618978
vt 0.654361010 0.548597991
vt 0.678378999 0.585349977
vt 0.741281986 0.490468025
vt 0.670074999 0.445484996
vt 0.737048984 0.443035960
vt 0.648630023 0.437633991
vt 0.585056007 0.484302044
vt 0.602129996 0.430189013
vt 0.585056007 0.484302044
vt 0.648630023 0.437633991
vt 0.652464986 0.490355968
vt 0.585056007 0.484302044
vt 0.557969987 0.421974003
vt 0.602129996 0.430189013
vt 0.557969987 0.421974003
vt 0.585056007 0.484302044
vt 0.551734984 0.483642995
vt 0.500000000 0.421841025
vt 0.551734984 0.483642995
vt 0.499976993 0.485785961
vt 0.551734984 0.483642995
vt 0.500000000 0.421841025
vt 0.557969987 0.421974003
vt 0.860759974 0.111948013
vt 0.866550028 0.170342982
vt 0.843231022 0.111030996
vt 0.866550028 0.170342982
vt 0.842415988 0.253648996
vt 0.841543972 0.177954018
vt 0.842415988 0.253648996
vt 0.866550028 0.170342982
vt 0.864912987 0.245065987
vt 0.925984979 0.112119019
vt 0.954276025 0.147803009
vt 0.927102983 0.159317017
vt 0.954276025 0.147803009
vt 0.926385999 0.225605965
vt 0.927102983 0.159317017
vt 0.926385999 0.225605965
vt 0.954276025 0.147803009
vt 0.948863029 0.233502984
vt 0.912585020 0.119895995
vt 0.891726971 0.161409974
vt 0.899125993 0.115993977
vt 0.912585020 0.119895995
vt 0.927102983 0.159317017
vt 0.891726971 0.161409974
vt 0.912585020 0.119895995
vt 0.925984979 0.112119019
vt 0.927102983 0.159317017
vt 0.927102983 0.159317017
vt 0.893097997 0.233857036
vt 0.891726971 0.161409974
vt 0.893097997 0.233857036
vt 0.927102983 0.159317017
vt 0.926385999 0.225605965
vt 0.885675013 0.117033005
vt 0.891726971 0.161409974
vt 0.866550028 0.170342982
vt 0.891726971 0.161409974
vt 0.864912987 0.245065987
vt 0.866550028 0.170342982
vt 0.864912987 0.245065987
vt 0.891726971 0.161409974
vt 0.893097997 0.233857036
vt 0.864821017 0.288259029
vt 0.847931027 0.394559979
vt 0.844277024 0.292554021
vt 0.847931027 0.394559979
vt 0.864821017 0.288259029
vt 0.866639018 0.393311024
vt 0.866639018 0.393311024
vt 0.848022997 0.457370996
vt 0.847931027 0.394559979
vt 0.848022997 0.457370996
vt 0.866639018 0.393311024
vt 0.863941014 0.456586957
vt 0.949962974 0.277244985
vt 0.913601995 0.368503988
vt 0.923420012 0.273869991
vt 0.913601995 0.368503988
vt 0.949962974 0.277244985
vt 0.953837991 0.381232977
vt 0.953837991 0.381232977
vt 0.906608999 0.451595008
vt 0.913601995 0.368503988
vt 0.906608999 0.451595008
vt 0.953837991 0.381232977
vt 0.949084997 0.455731988
vt 0.923420012 0.273869991
vt 0.890681982 0.381986022
vt 0.893499970 0.278527021
vt 0.890681982 0.381986022
vt 0.923420012 0.273869991
vt 0.913601995 0.368503988
vt 0.913601995 0.368503988
vt 0.885541022 0.453016043
vt 0.890681982 0.381986022
vt 0.885541022 0.453016043
vt 0.913601995 0.368503988
vt 0.906608999 0.451595008
vt 0.893499970 0.278527021
vt 0.866639018 0.393311024
vt 0.864821017 0.288259029
vt 0.866639018 0.393311024
vt 0.893499970 0.278527021
vt 0.890681982 0.381986022
vt 0.890681982 0.381986022
vt 0.863941014 0.456586957
vt 0.866639018 0.393311024
vt 0.863941014 0.456586957
vt 0.890681982 0.381986022
vt 0.885541022 0.453016043
vt 0.893097997 0.233857036
vt 0.864821017 0.288259029
vt 0.864912987 0.245065987
vt 0.864821017 0.288259029
vt 0.893097997 0.233857036
vt 0.893499970 0.278527021
vt 0.864912987 0.245065987
vt 0.844277024 0.292554021
vt 0.842415988 0.253648996
vt 0.844277024 0.292554021
vt 0.864912987 0.245065987
vt 0.864821017 0.288259029
vt 0.926385999 0.225605965
vt 0.949962974 0.277244985
vt 0.923420012 0.273869991
vt 0.949962974 0.277244985
vt 0.926385999 0.225605965
vt 0.948863029 0.233502984
vt 0.923420012 0.273869991
vt 0.893097997 0.233857036
vt 0.926385999 0.225605965
vt 0.893097997 0.233857036
vt 0.923420012 0.273869991
vt 0.893499970 0.278527021
vt 0.897534013 0.059441984
vt 0.885675013 0.117033005
vt 0.886667013 0.065150976
vt 0.885675013 0.117033005
vt 0.897534013 0.059441984
vt 0.899125993 0.115993977
vt 0.886667013 0.065150976
vt 0.899981022 0.024266005
vt 0.897534013 0.059441984
vt 0.899981022 0.024266005
vt 0.886667013 0.065150976
vt 0.884509981 0.024361014
vt 0.670074999 0.445484996
vt 0.733702004 0.387537003
vt 0.737048984 0.443035960
vt 0.733702004 0.387537003
vt 0.670074999 0.445484996
vt 0.696238995 0.383486986
vt 0.695101976 0.256255984
vt 0.725718975 0.226604998
vt 0.752331018 0.240095973
vt 0.865660012 0.066430986
vt 0.856742978 0.024578989
vt 0.867962003 0.024353027
vt 0.856742978 0.024578989
vt 0.865660012 0.066430986
vt 0.854628980 0.084885001
vt 0.860759974 0.111948013
vt 0.854628980 0.084885001
vt 0.865660012 0.066430986
vt 0.701421022 0.329308033
vt 0.741757989 0.289667010
vt 0.732649028 0.332749009
vt 0.701421022 0.329308033
vt 0.690639973 0.291936994
vt 0.741757989 0.289667010
vt 0.701421022 0.329308033
vt 0.692811012 0.310135007
vt 0.690639973 0.291936994
vt 0.792513013 0.341719031
vt 0.741757989 0.289667010
vt 0.791697025 0.285986006
vt 0.741757989 0.289667010
vt 0.792513013 0.341719031
vt 0.732649028 0.332749009
vt 0.897534013 0.059441984
vt 0.899981022 0.024266005
vt 0.911262989 0.059193969
vt 0.899125993 0.115993977
vt 0.910251021 0.082895994
vt 0.912585020 0.119895995
vt 0.899125993 0.115993977
vt 0.911262989 0.059193969
vt 0.910251021 0.082895994
vt 0.899125993 0.115993977
vt 0.897534013 0.059441984
vt 0.911262989 0.059193969
vt 0.935548007 0.047254980
vt 0.925984979 0.112119019
vt 0.924805999 0.080877006
vt 0.925984979 0.112119019
vt 0.935548007 0.047254980
vt 0.953871012 0.104737997
vt 0.602129996 0.430189013
vt 0.647809029 0.384287000
vt 0.648630023 0.437633991
vt 0.647809029 0.384287000
vt 0.602129996 0.430189013
vt 0.621985018 0.395148993
vt 0.964044988 0.046155989
vt 0.953871012 0.104737997
vt 0.935548007 0.047254980
vt 0.608641028 0.390578985
vt 0.621985018 0.395148993
vt 0.602129996 0.430189013
vt 0.647809029 0.384287000
vt 0.660687029 0.378998041
vt 0.648630023 0.437633991
vt 0.579219997 0.533981025
vt 0.617273986 0.557916999
vt 0.576694012 0.571959019
vt 0.617273986 0.557916999
vt 0.621698022 0.580618978
vt 0.576694012 0.571959019
vt 0.725718975 0.226604998
vt 0.695101976 0.256255984
vt 0.681759000 0.232972026
vt 0.535688996 0.312111974
vt 0.500000000 0.345978975
vt 0.534528017 0.296684980
vt 0.538973987 0.574681997
vt 0.500000000 0.531428993
vt 0.542595029 0.531789005
vt 0.500000000 0.531428993
vt 0.538973987 0.574681997
vt 0.500000000 0.577818990
vt 0.792668998 0.545962989
vt 0.743906021 0.578772008
vt 0.743856013 0.546953976
vt 0.743906021 0.578772008
vt 0.792668998 0.545962989
vt 0.792667985 0.574760020
vt 0.954276025 0.147803009
vt 0.925984979 0.112119019
vt 0.953871012 0.104737997
vt 0.843231022 0.111030996
vt 0.866550028 0.170342982
vt 0.841543972 0.177954018
vt 0.551734984 0.483642995
vt 0.579219997 0.533981025
vt 0.542595029 0.531789005
vt 0.579219997 0.533981025
vt 0.551734984 0.483642995
vt 0.585056007 0.484302044
vt 0.585056007 0.484302044
vt 0.651573002 0.534998000
vt 0.579219997 0.533981025
vt 0.651573002 0.534998000
vt 0.585056007 0.484302044
vt 0.652464986 0.490355968
vt 0.651573002 0.534998000
vt 0.741281986 0.490468025
vt 0.741535008 0.533851981
vt 0.741281986 0.490468025
vt 0.651573002 0.534998000
vt 0.652464986 0.490355968
vt 0.741535008 0.533851981
vt 0.793290019 0.492604971
vt 0.792635977 0.531741023
vt 0.793290019 0.492604971
vt 0.741535008 0.533851981
vt 0.741281986 0.490468025
vt 0.581167996 0.257534027
vt 0.585162997 0.277191043
vt 0.534528017 0.296684980
vt 0.534528017 0.296684980
vt 0.585162997 0.277191043
vt 0.603976011 0.300641000
vt 0.867962003 0.024353027
vt 0.886667013 0.065150976
vt 0.865660012 0.066430986
vt 0.886667013 0.065150976
vt 0.867962003 0.024353027
vt 0.884509981 0.024361014
vt 0.865660012 0.066430986
vt 0.885675013 0.117033005
vt 0.860759974 0.111948013
vt 0.885675013 0.117033005
vt 0.865660012 0.066430986
vt 0.886667013 0.065150976
vt 0.885675013 0.117033005
vt 0.866550028 0.170342982
vt 0.860759974 0.111948013
vt 0.891726971 0.161409974
vt 0.885675013 0.117033005
vt 0.899125993 0.115993977
vt 0.652464986 0.490355968
vt 0.648630023 0.437633991
vt 0.670074999 0.445484996
vt 0.701421022 0.329308033
vt 0.674300015 0.332125008
vt 0.692811012 0.310135007
vt 0.648630023 0.437633991
vt 0.696238995 0.383486986
vt 0.670074999 0.445484996
vt 0.696238995 0.383486986
vt 0.648630023 0.437633991
vt 0.660687029 0.378998041
vt 0.670074999 0.445484996
vt 0.741281986 0.490468025
vt 0.652464986 0.490355968
vt 0.791822016 0.254308999
vt 0.741757989 0.289667010
vt 0.752331018 0.240095973
vt 0.733702004 0.387537003
vt 0.792513013 0.341719031
vt 0.792944014 0.388496041
vt 0.792513013 0.341719031
vt 0.733702004 0.387537003
vt 0.732649028 0.332749009
vt 0.732649028 0.332749009
vt 0.696238995 0.383486986
vt 0.701421022 0.329308033
vt 0.696238995 0.383486986
vt 0.732649028 0.332749009
vt 0.733702004 0.387537003
vt 0.696238995 0.383486986
vt 0.674300015 0.332125008
vt 0.701421022 0.329308033
vt 0.674300015 0.332125008
vt 0.696238995 0.383486986
vt 0.660687029 0.378998041
vt 0.674300015 0.332125008
vt 0.647809029 0.384287000
vt 0.642271996 0.359522998
vt 0.647809029 0.384287000
vt 0.674300015 0.332125008
vt 0.660687029 0.378998041
vt 0.642271996 0.359522998
vt 0.621985018 0.395148993
vt 0.630401015 0.361163020
vt 0.621985018 0.395148993
vt 0.642271996 0.359522998
vt 0.647809029 0.384287000
vt 0.608641028 0.390578985
vt 0.630401015 0.361163020
vt 0.621985018 0.395148993
vt 0.630401015 0.361163020
vt 0.608641028 0.390578985
vt 0.610871017 0.355998993
vt 0.557678998 0.388221025
vt 0.500000000 0.421841025
vt 0.500000000 0.388388038
vt 0.500000000 0.421841025
vt 0.557678998 0.388221025
vt 0.557969987 0.421974003
vt 0.557969987 0.421974003
vt 0.608641028 0.390578985
vt 0.602129996 0.430189013
vt 0.608641028 0.390578985
vt 0.557969987 0.421974003
vt 0.557678998 0.388221025
vt 0.542762995 0.342918038
vt 0.607192993 0.314764977
vt 0.610871017 0.355998993
vt 0.607192993 0.314764977
vt 0.542762995 0.342918038
vt 0.535688996 0.312111974
vt 0.841925025 0.054974973
vt 0.854628980 0.084885001
vt 0.843231022 0.111030996
vt 0.854628980 0.084885001
vt 0.841925025 0.054974973
vt 0.856742978 0.024578989
vt 0.854628980 0.084885001
vt 0.860759974 0.111948013
vt 0.843231022 0.111030996
vt 0.912585020 0.119895995
vt 0.924805999 0.080877006
vt 0.925984979 0.112119019
vt 0.924805999 0.080877006
vt 0.912585020 0.119895995
vt 0.910251021 0.082895994
vt 0.542762995 0.342918038
vt 0.500000000 0.345978975
vt 0.535688996 0.312111974
vt 0.792720973 0.437319040
vt 0.741281986 0.490468025
vt 0.737048984 0.443035960
vt 0.741281986 0.490468025
vt 0.792720973 0.437319040
vt 0.793290019 0.492604971
vt 0.791822016 0.254308999
vt 0.791697025 0.285986006
vt 0.741757989 0.289667010
vt 0.542595029 0.531789005
vt 0.499976993 0.485785961
vt 0.551734984 0.483642995
vt 0.499976993 0.485785961
vt 0.542595029 0.531789005
vt 0.500000000 0.531428993
vt 0.935548007 0.047254980
vt 0.924805999 0.080877006
vt 0.912096977 0.056493998
vt 0.396023989 0.300641000
vt 0.464455009 0.312301040
vt 0.392807007 0.314764977
vt 0.464455009 0.312301040
vt 0.396023989 0.300641000
vt 0.467204005 0.296949029
vt 0.389115006 0.356135011
vt 0.442321002 0.388221025
vt 0.391359001 0.390578985
vt 0.442321002 0.388221025
vt 0.389115006 0.356135011
vt 0.457237005 0.342918038
vt 0.247668996 0.240095973
vt 0.309359998 0.291936994
vt 0.258242011 0.289667010
vt 0.309359998 0.291936994
vt 0.247668996 0.240095973
vt 0.304897994 0.256255984
vt 0.345638990 0.548597991
vt 0.258446991 0.533842981
vt 0.348426998 0.534998000
vt 0.258446991 0.533842981
vt 0.345638990 0.548597991
vt 0.256424993 0.546688974
vt 0.420780003 0.533981025
vt 0.345638990 0.548597991
vt 0.348426998 0.534998000
vt 0.345638990 0.548597991
vt 0.420780003 0.533981025
vt 0.382726014 0.557916999
vt 0.457405001 0.531789005
vt 0.423305988 0.571959019
vt 0.420780003 0.533981025
vt 0.423305988 0.571959019
vt 0.457405001 0.531789005
vt 0.461026013 0.574681997
vt 0.457237005 0.342918038
vt 0.500000000 0.388388038
vt 0.442321002 0.388221025
vt 0.500000000 0.388388038
vt 0.457237005 0.342918038
vt 0.500000000 0.345978975
vt 0.256424993 0.546688974
vt 0.207439005 0.531753004
vt 0.258446991 0.533842981
vt 0.207439005 0.531753004
vt 0.256424993 0.546688974
vt 0.207432002 0.545928001
vt 0.262950987 0.443035960
vt 0.207056001 0.388496041
vt 0.266297996 0.387537003
vt 0.207056001 0.388496041
vt 0.262950987 0.443035960
vt 0.207278997 0.437319040
vt 0.256424993 0.546688974
vt 0.321621001 0.585349977
vt 0.256094009 0.578772008
vt 0.321621001 0.585349977
vt 0.256424993 0.546688974
vt 0.345638990 0.548597991
vt 0.345638990 0.548597991
vt 0.378302008 0.580618978
vt 0.321621001 0.585349977
vt 0.378302008 0.580618978
vt 0.345638990 0.548597991
vt 0.382726014 0.557916999
vt 0.258354008 0.490774035
vt 0.262950987 0.443035960
vt 0.329925001 0.445484996
vt 0.351370007 0.437633991
vt 0.414943993 0.484302044
vt 0.347535014 0.490355968
vt 0.414943993 0.484302044
vt 0.351370007 0.437633991
vt 0.397870004 0.430189013
vt 0.414943993 0.484302044
vt 0.442030013 0.421974003
vt 0.448264986 0.483642995
vt 0.442030013 0.421974003
vt 0.414943993 0.484302044
vt 0.397870004 0.430189013
vt 0.500000000 0.421841025
vt 0.448264986 0.483642995
vt 0.442030013 0.421974003
vt 0.448264986 0.483642995
vt 0.500000000 0.421841025
vt 0.499976993 0.485785961
vt 0.139239997 0.111948013
vt 0.156769007 0.111030996
vt 0.133450001 0.170342982
vt 0.133450001 0.170342982
vt 0.157583997 0.253648996
vt 0.135086998 0.245065987
vt 0.157583997 0.253648996
vt 0.133450001 0.170342982
vt 0.158455998 0.177954018
vt 0.074014999 0.112119019
vt 0.072897002 0.159317017
vt 0.045724001 0.147803009
vt 0.045724001 0.147803009
vt 0.073614001 0.225605965
vt 0.051135998 0.233502984
vt 0.073614001 0.225605965
vt 0.045724001 0.147803009
vt 0.072897002 0.159317017
vt 0.087415002 0.119895995
vt 0.072897002 0.159317017
vt 0.074014999 0.112119019
vt 0.087415002 0.119895995
vt 0.108273000 0.161409974
vt 0.072897002 0.159317017
vt 0.087415002 0.119895995
vt 0.100873999 0.115993977
vt 0.108273000 0.161409974
vt 0.072897002 0.159317017
vt 0.106902003 0.233857036
vt 0.073614001 0.225605965
vt 0.106902003 0.233857036
vt 0.072897002 0.159317017
vt 0.108273000 0.161409974
vt 0.114325002 0.117033005
vt 0.133450001 0.170342982
vt 0.108273000 0.161409974
vt 0.108273000 0.161409974
vt 0.135086998 0.245065987
vt 0.106902003 0.233857036
vt 0.135086998 0.245065987
vt 0.108273000 0.161409974
vt 0.133450001 0.170342982
vt 0.135178998 0.288259029
vt 0.152069002 0.394559979
vt 0.133360997 0.393311024
vt 0.152069002 0.394559979
vt 0.135178998 0.288259029
vt 0.155723006 0.292554021
vt 0.133360997 0.393311024
vt 0.151977003 0.457370996
vt 0.136059001 0.456586957
vt 0.151977003 0.457370996
vt 0.133360997 0.393311024
vt 0.152069002 0.394559979
vt 0.050037000 0.277244985
vt 0.086397998 0.368503988
vt 0.046162002 0.381232977
vt 0.086397998 0.368503988
vt 0.050037000 0.277244985
vt 0.076580003 0.273869991
vt 0.046162002 0.381232977
vt 0.093391001 0.451595008
vt 0.050914999 0.455731988
vt 0.093391001 0.451595008
vt 0.046162002 0.381232977
vt 0.086397998 0.368503988
vt 0.076580003 0.273869991
vt 0.109318003 0.381986022
vt 0.086397998 0.368503988
vt 0.109318003 0.381986022
vt 0.076580003 0.273869991
vt 0.106500000 0.278527021
vt 0.086397998 0.368503988
vt 0.114459001 0.453016043
vt 0.093391001 0.451595008
vt 0.114459001 0.453016043
vt 0.086397998 0.368503988
vt 0.109318003 0.381986022
vt 0.106500000 0.278527021
vt 0.133360997 0.393311024
vt 0.109318003 0.381986022
vt 0.133360997 0.393311024
vt 0.106500000 0.278527021
vt 0.135178998 0.288259029
vt 0.109318003 0.381986022
vt 0.136059001 0.456586957
vt 0.114459001 0.453016043
vt 0.136059001 0.456586957
vt 0.109318003 0.381986022
vt 0.133360997 0.393311024
vt 0.106902003 0.233857036
vt 0.135178998 0.288259029
vt 0.106500000 0.278527021
vt 0.135178998 0.288259029
vt 0.106902003 0.233857036
vt 0.135086998 0.245065987
vt 0.135086998 0.245065987
vt 0.155723006 0.292554021
vt 0.135178998 0.288259029
vt 0.155723006 0.292554021
vt 0.135086998 0.245065987
vt 0.157583997 0.253648996
vt 0.073614001 0.225605965
vt 0.050037000 0.277244985
vt 0.051135998 0.233502984
vt 0.050037000 0.277244985
vt 0.073614001 0.225605965
vt 0.076580003 0.273869991
vt 0.076580003 0.273869991
vt 0.106902003 0.233857036
vt 0.106500000 0.278527021
vt 0.106902003 0.233857036
vt 0.076580003 0.273869991
vt 0.073614001 0.225605965
vt 0.102466002 0.059441984
vt 0.114325002 0.117033005
vt 0.100873999 0.115993977
vt 0.114325002 0.117033005
vt 0.102466002 0.059441984
vt 0.113333002 0.065150976
vt 0.113333002 0.065150976
vt 0.100019000 0.024266005
vt 0.115489997 0.024361014
vt 0.100019000 0.024266005
vt 0.113333002 0.065150976
vt 0.102466002 0.059441984
vt 0.329925001 0.445484996
vt 0.266297996 0.387537003
vt 0.303761005 0.383486986
vt 0.266297996 0.387537003
vt 0.329925001 0.445484996
vt 0.262950987 0.443035960
vt 0.304897994 0.256255984
vt 0.247668996 0.240095973
vt 0.274280995 0.226604998
vt 0.134340003 0.066430986
vt 0.143257007 0.024578989
vt 0.145371005 0.084885001
vt 0.143257007 0.024578989
vt 0.134340003 0.066430986
vt 0.132037997 0.024353027
vt 0.139239997 0.111948013
vt 0.134340003 0.066430986
vt 0.145371005 0.084885001
vt 0.298579007 0.329308033
vt 0.309359998 0.291936994
vt 0.307188988 0.310135007
vt 0.298579007 0.329308033
vt 0.258242011 0.289667010
vt 0.309359998 0.291936994
vt 0.298579007 0.329308033
vt 0.267351002 0.332749009
vt 0.258242011 0.289667010
vt 0.207487002 0.341719031
vt 0.258242011 0.289667010
vt 0.267351002 0.332749009
vt 0.258242011 0.289667010
vt 0.207487002 0.341719031
vt 0.208268002 0.286002040
vt 0.102466002 0.059441984
vt 0.088737004 0.059193969
vt 0.100019000 0.024266005
vt 0.100873999 0.115993977
vt 0.088737004 0.059193969
vt 0.102466002 0.059441984
vt 0.100873999 0.115993977
vt 0.089749001 0.082895994
vt 0.088737004 0.059193969
vt 0.100873999 0.115993977
vt 0.087415002 0.119895995
vt 0.089749001 0.082895994
vt 0.068429001 0.051310003
vt 0.074014999 0.112119019
vt 0.046128999 0.104737997
vt 0.074014999 0.112119019
vt 0.068429001 0.051310003
vt 0.076572001 0.084110022
vt 0.397870004 0.430189013
vt 0.352191001 0.384287000
vt 0.378015012 0.395148993
vt 0.352191001 0.384287000
vt 0.397870004 0.430189013
vt 0.351370007 0.437633991
vt 0.046535999 0.049862027
vt 0.068429001 0.051310003
vt 0.046128999 0.104737997
vt 0.391359001 0.390578985
vt 0.397870004 0.430189013
vt 0.378015012 0.395148993
vt 0.352191001 0.384287000
vt 0.351370007 0.437633991
vt 0.339313000 0.378998041
vt 0.420780003 0.533981025
vt 0.423305988 0.571959019
vt 0.382726014 0.557916999
vt 0.382726014 0.557916999
vt 0.423305988 0.571959019
vt 0.378302008 0.580618978
vt 0.274280995 0.226604998
vt 0.318241000 0.232972026
vt 0.304897994 0.256255984
vt 0.464455009 0.312301040
vt 0.467204005 0.296949029
vt 0.500000000 0.345978975
vt 0.461026013 0.574681997
vt 0.500000000 0.531428993
vt 0.500000000 0.577818990
vt 0.500000000 0.531428993
vt 0.461026013 0.574681997
vt 0.457405001 0.531789005
vt 0.207432002 0.545928001
vt 0.256094009 0.578772008
vt 0.207332000 0.574760020
vt 0.256094009 0.578772008
vt 0.207432002 0.545928001
vt 0.256424993 0.546688974
vt 0.045724001 0.147803009
vt 0.046128999 0.104737997
vt 0.074014999 0.112119019
vt 0.156769007 0.111030996
vt 0.158455998 0.177954018
vt 0.133450001 0.170342982
vt 0.448264986 0.483642995
vt 0.420780003 0.533981025
vt 0.414943993 0.484302044
vt 0.420780003 0.533981025
vt 0.448264986 0.483642995
vt 0.457405001 0.531789005
vt 0.414943993 0.484302044
vt 0.348426998 0.534998000
vt 0.347535014 0.490355968
vt 0.348426998 0.534998000
vt 0.414943993 0.484302044
vt 0.420780003 0.533981025
vt 0.348426998 0.534998000
vt 0.258354008 0.490774035
vt 0.347535014 0.490355968
vt 0.258354008 0.490774035
vt 0.348426998 0.534998000
vt 0.258446991 0.533842981
vt 0.258446991 0.533842981
vt 0.206678003 0.492614985
vt 0.258354008 0.490774035
vt 0.206678003 0.492614985
vt 0.258446991 0.533842981
vt 0.207439005 0.531753004
vt 0.418832004 0.257534027
vt 0.467204005 0.296949029
vt 0.414837003 0.277191043
vt 0.467204005 0.296949029
vt 0.396023989 0.300641000
vt 0.414837003 0.277191043
vt 0.132037997 0.024353027
vt 0.113333002 0.065150976
vt 0.115489997 0.024361014
vt 0.113333002 0.065150976
vt 0.132037997 0.024353027
vt 0.134340003 0.066430986
vt 0.134340003 0.066430986
vt 0.114325002 0.117033005
vt 0.113333002 0.065150976
vt 0.114325002 0.117033005
vt 0.134340003 0.066430986
vt 0.139239997 0.111948013
vt 0.114325002 0.117033005
vt 0.139239997 0.111948013
vt 0.133450001 0.170342982
vt 0.108273000 0.161409974
vt 0.100873999 0.115993977
vt 0.114325002 0.117033005
vt 0.347535014 0.490355968
vt 0.329925001 0.445484996
vt 0.351370007 0.437633991
vt 0.298579007 0.329308033
vt 0.307188988 0.310135007
vt 0.321146011 0.348260999
vt 0.351370007 0.437633991
vt 0.303761005 0.383486986
vt 0.339313000 0.378998041
vt 0.303761005 0.383486986
vt 0.351370007 0.437633991
vt 0.329925001 0.445484996
vt 0.329925001 0.445484996
vt 0.347535014 0.490355968
vt 0.258354008 0.490774035
vt 0.207821995 0.254350007
vt 0.247668996 0.240095973
vt 0.258242011 0.289667010
vt 0.266297996 0.387537003
vt 0.207487002 0.341719031
vt 0.267351002 0.332749009
vt 0.207487002 0.341719031
vt 0.266297996 0.387537003
vt 0.207056001 0.388496041
vt 0.267351002 0.332749009
vt 0.303761005 0.383486986
vt 0.266297996 0.387537003
vt 0.303761005 0.383486986
vt 0.267351002 0.332749009
vt 0.298579007 0.329308033
vt 0.303761005 0.383486986
vt 0.321146011 0.348260999
vt 0.339313000 0.378998041
vt 0.321146011 0.348260999
vt 0.303761005 0.383486986
vt 0.298579007 0.329308033
vt 0.321146011 0.348260999
vt 0.352191001 0.384287000
vt 0.339313000 0.378998041
vt 0.352191001 0.384287000
vt 0.321146011 0.348260999
vt 0.356211007 0.361407995
vt 0.356211007 0.361407995
vt 0.378015012 0.395148993
vt 0.352191001 0.384287000
vt 0.378015012 0.395148993
vt 0.356211007 0.361407995
vt 0.373277992 0.363389015
vt 0.391359001 0.390578985
vt 0.373277992 0.363389015
vt 0.389115006 0.356135011
vt 0.373277992 0.363389015
vt 0.391359001 0.390578985
vt 0.378015012 0.395148993
vt 0.442321002 0.388221025
vt 0.500000000 0.421841025
vt 0.442030013 0.421974003
vt 0.500000000 0.421841025
vt 0.442321002 0.388221025
vt 0.500000000 0.388388038
vt 0.442030013 0.421974003
vt 0.391359001 0.390578985
vt 0.442321002 0.388221025
vt 0.391359001 0.390578985
vt 0.442030013 0.421974003
vt 0.397870004 0.430189013
vt 0.457237005 0.342918038
vt 0.392807007 0.314764977
vt 0.464455009 0.312301040
vt 0.392807007 0.314764977
vt 0.457237005 0.342918038
vt 0.389115006 0.356135011
vt 0.157878995 0.035984993
vt 0.145371005 0.084885001
vt 0.143257007 0.024578989
vt 0.145371005 0.084885001
vt 0.157878995 0.035984993
vt 0.156769007 0.111030996
vt 0.145371005 0.084885001
vt 0.156769007 0.111030996
vt 0.139239997 0.111948013
vt 0.087415002 0.119895995
vt 0.076572001 0.084110022
vt 0.089749001 0.082895994
vt 0.076572001 0.084110022
vt 0.087415002 0.119895995
vt 0.074014999 0.112119019
vt 0.500000000 0.345978975
vt 0.457237005 0.342918038
vt 0.464455009 0.312301040
vt 0.207278997 0.437319040
vt 0.258354008 0.490774035
vt 0.206678003 0.492614985
vt 0.258354008 0.490774035
vt 0.207278997 0.437319040
vt 0.262950987 0.443035960
vt 0.207821995 0.254350007
vt 0.258242011 0.289667010
vt 0.208268002 0.286002040
vt 0.499976993 0.485785961
vt 0.457405001 0.531789005
vt 0.448264986 0.483642995
vt 0.457405001 0.531789005
vt 0.499976993 0.485785961
vt 0.500000000 0.531428993
vt 0.068429001 0.051310003
vt 0.070969000 0.061758995
vt 0.076572001 0.084110022
vt 0.091627002 0.350187004
vt 0.134295002 0.355179012
vt 0.150214002 0.355962992
vt 0.134295002 0.355179012
vt 0.091627002 0.350187004
vt 0.112695001 0.351606965
vt 0.862178028 0.355179012
vt 0.904846013 0.350187004
vt 0.846258998 0.355962992
vt 0.904846013 0.350187004
vt 0.862178028 0.355179012
vt 0.883777976 0.351606965
vt 0.319858015 0.483940959
vt 0.205568001 0.473351955
vt 0.254330993 0.477364004
vt 0.376538992 0.479210973
vt 0.205568001 0.473351955
vt 0.319858015 0.483940959
vt 0.421541989 0.470551014
vt 0.205568001 0.473351955
vt 0.376538992 0.479210973
vt 0.459262997 0.473273993
vt 0.205568001 0.473351955
vt 0.421541989 0.470551014
vt 0.498236001 0.476410031
vt 0.205568001 0.473351955
vt 0.459262997 0.473273993
vt 0.790903986 0.473351955
vt 0.676615000 0.483940959
vt 0.742142022 0.477364004
vt 0.790903986 0.473351955
vt 0.619934022 0.479210973
vt 0.676615000 0.483940959
vt 0.790903986 0.473351955
vt 0.574931026 0.470551014
vt 0.619934022 0.479210973
vt 0.790903986 0.473351955
vt 0.537209988 0.473273993
vt 0.574931026 0.470551014
vt 0.498236001 0.476410031
vt 0.537209988 0.473273993
vt 0.790903986 0.473351955
vt 0.207821995 0.254350007
vt 0.229282007 0.259953976
vt 0.247668996 0.240095973
vt 0.247668996 0.240095973
vt 0.263552010 0.246096969
vt 0.274280995 0.226604998
vt 0.418832004 0.257534027
vt 0.430368990 0.284291983
vt 0.467204005 0.296949029
vt 0.467204005 0.296949029
vt 0.470382005 0.329998016
vt 0.500000000 0.345978975
vt 0.752331018 0.240095973
vt 0.764449000 0.263674974
vt 0.791822016 0.254308999
vt 0.725718975 0.226604998
vt 0.728157997 0.255044997
vt 0.752331018 0.240095973
vt 0.534528017 0.296684980
vt 0.565195978 0.285703003
vt 0.581167996 0.257534027
vt 0.500000000 0.345978975
vt 0.526955009 0.326691985
vt 0.534528017 0.296684980
vn -0.139811752 -0.834575669 0.532856573
vn 0.059690504 -0.916272367 0.396083315
vn -0.542878890 -0.474556303 0.692877208
vn 0.059690504 -0.916272367 0.396083315
vn -0.139811752 -0.834575669 0.532856573
vn 0.317163601 -0.937179486 0.145264799
vn 0.728094705 -0.682643124 0.062261273
vn 0.410810418 -0.909534549 -0.063100749
vn 0.235849051 -0.944214418 0.229857257
vn 0.410810418 -0.909534549 -0.063100749
vn 0.728094705 -0.682643124 0.062261273
vn 0.785824855 -0.579242465 -0.216696710
vn -0.096351044 -0.165359995 0.981515435
vn 0.418935241 0.711490726 0.564157965
vn 0.003494202 0.181048565 0.983467950
vn 0.418935241 0.711490726 0.564157965
vn -0.096351044 -0.165359995 0.981515435
vn 0.146179847 0.878868994 0.454115341
vn 0.786035516 0.535935372 0.308093239
vn 0.145688096 0.985529466 -0.086640933
vn 0.132470975 0.986340853 0.097893627
vn 0.145688096 0.985529466 -0.086640933
vn 0.786035516 0.535935372 0.308093239
vn 0.872242499 0.488581501 -0.021934923
vn 0.959218678 -0.241870702 0.146280863
vn 0.786035516 0.535935372 0.308093239
vn 0.951260683 -0.027377644 0.307170274
vn 0.786035516 0.535935372 0.308093239
vn 0.959218678 -0.241870702 0.146280863
vn 0.872242499 0.488581501 -0.021934923
vn 0.591849777 -0.795040678 0.132756027
vn 0.572569886 -0.382163031 -0.725337951
vn 0.460159561 -0.419476770 -0.782491162
vn 0.572569886 -0.382163031 -0.725337951
vn 0.591849777 -0.795040678 0.132756027
vn 0.959218678 -0.241870702 0.146280863
vn 0.235849051 -0.944214418 0.229857257
vn 0.065767223 -0.991169097 0.115145535
vn 0.049984064 -0.769131568 0.637132815
vn 0.065767223 -0.991169097 0.115145535
vn 0.235849051 -0.944214418 0.229857257
vn 0.410810418 -0.909534549 -0.063100749
vn 0.132470975 0.986340853 0.097893627
vn -0.194567538 0.978779523 -0.064297116
vn -0.169214471 0.982962575 0.071770739
vn -0.194567538 0.978779523 -0.064297116
vn 0.132470975 0.986340853 0.097893627
vn 0.145688096 0.985529466 -0.086640933
vn 0.125412775 0.992080125 -0.006975753
vn -0.089631867 0.995974943 -0.000205110
vn -0.137357477 0.990488763 0.008058100
vn -0.089631867 0.995974943 -0.000205110
vn 0.125412775 0.992080125 -0.006975753
vn 0.173611153 0.984556377 0.022536814
vn 0.132470975 0.986340853 0.097893627
vn 0.584397410 0.607155630 -0.538369490
vn 0.786035516 0.535935372 0.308093239
vn 0.584397410 0.607155630 -0.538369490
vn 0.132470975 0.986340853 0.097893627
vn 0.008516459 0.999742860 -0.021016285
vn 0.786035516 0.535935372 0.308093239
vn 0.538619553 -0.182740790 -0.822493028
vn 0.951260683 -0.027377644 0.307170274
vn 0.538619553 -0.182740790 -0.822493028
vn 0.786035516 0.535935372 0.308093239
vn 0.584397410 0.607155630 -0.538369490
vn 0.280235358 0.958533221 -0.051790043
vn 0.552602207 0.820809557 -0.144576872
vn 0.125412775 0.992080125 -0.006975753
vn 0.954223462 0.143519548 -0.262411363
vn 0.965196248 -0.206267424 -0.160779206
vn 0.918394320 -0.303502443 -0.253846686
vn 0.965196248 -0.206267424 -0.160779206
vn 0.954223462 0.143519548 -0.262411363
vn 0.887859147 0.420476050 -0.186831543
vn 0.965196248 -0.206267424 -0.160779206
vn 0.603949765 -0.779221344 -0.167507549
vn 0.918394320 -0.303502443 -0.253846686
vn 0.603949765 -0.779221344 -0.167507549
vn 0.965196248 -0.206267424 -0.160779206
vn 0.582130166 -0.812750365 -0.023692069
vn 0.117539543 -0.988302436 -0.097173820
vn 0.582130166 -0.812750365 -0.023692069
vn 0.169299097 -0.984246645 0.050954457
vn 0.582130166 -0.812750365 -0.023692069
vn 0.117539543 -0.988302436 -0.097173820
vn 0.603949765 -0.779221344 -0.167507549
vn -0.780457337 0.621006007 -0.072373238
vn -0.492999863 0.689591506 0.530485334
vn -0.822361464 -0.555002398 0.125275537
vn -0.492999863 0.689591506 0.530485334
vn -0.811047677 -0.297433848 0.503720926
vn -0.542477117 -0.767310779 0.341983546
vn -0.811047677 -0.297433848 0.503720926
vn -0.492999863 0.689591506 0.530485334
vn -0.238142420 0.950140599 0.201298363
vn -0.062230636 -0.918145239 -0.391326805
vn -0.542477117 -0.767310779 0.341983546
vn 0.536087088 -0.773316586 -0.338514537
vn -0.542477117 -0.767310779 0.341983546
vn 0.168969336 -0.973173925 -0.156146965
vn 0.536087088 -0.773316586 -0.338514537
vn 0.168969336 -0.973173925 -0.156146965
vn -0.542477117 -0.767310779 0.341983546
vn -0.811047677 -0.297433848 0.503720926
vn 0.674006605 -0.172171978 -0.718381449
vn 0.708892469 0.634283614 -0.308473280
vn 0.705400970 0.646858756 -0.289798587
vn 0.674006605 -0.172171978 -0.718381449
vn 0.536087088 -0.773316586 -0.338514537
vn 0.708892469 0.634283614 -0.308473280
vn 0.674006605 -0.172171978 -0.718381449
vn -0.062230636 -0.918145239 -0.391326805
vn 0.536087088 -0.773316586 -0.338514537
vn 0.536087088 -0.773316586 -0.338514537
vn 0.872111365 0.301522856 -0.385364417
vn 0.708892469 0.634283614 -0.308473280
vn 0.872111365 0.301522856 -0.385364417
vn 0.536087088 -0.773316586 -0.338514537
vn 0.168969336 -0.973173925 -0.156146965
vn 0.208856061 0.956202127 -0.205077153
vn 0.708892469 0.634283614 -0.308473280
vn -0.492999863 0.689591506 0.530485334
vn 0.708892469 0.634283614 -0.308473280
vn -0.238142420 0.950140599 0.201298363
vn -0.492999863 0.689591506 0.530485334
vn -0.238142420 0.950140599 0.201298363
vn 0.708892469 0.634283614 -0.308473280
vn 0.872111365 0.301522856 -0.385364417
vn -0.513275897 0.847374444 0.136030900
vn -0.766906302 -0.629081005 0.126932317
vn -0.635901883 -0.757359375 0.148443835
vn -0.766906302 -0.629081005 0.126932317
vn -0.513275897 0.847374444 0.136030900
vn -0.233870462 0.948761391 0.212500423
vn -0.233870462 0.948761391 0.212500423
vn -0.685044027 -0.334716793 0.647054363
vn -0.766906302 -0.629081005 0.126932317
vn -0.685044027 -0.334716793 0.647054363
vn -0.233870462 0.948761391 0.212500423
vn 0.042649697 0.690617135 0.721961894
vn -0.635901883 -0.757359375 0.148443835
vn 0.326641800 -0.942612900 0.069181324
vn 0.675247194 -0.730553638 -0.101649441
vn 0.326641800 -0.942612900 0.069181324
vn -0.635901883 -0.757359375 0.148443835
vn -0.766906302 -0.629081005 0.126932317
vn -0.766906302 -0.629081005 0.126932317
vn 0.218357418 -0.766669382 0.603769903
vn 0.326641800 -0.942612900 0.069181324
vn 0.218357418 -0.766669382 0.603769903
vn -0.766906302 -0.629081005 0.126932317
vn -0.685044027 -0.334716793 0.647054363
vn 0.675247194 -0.730553638 -0.101649441
vn 0.812291183 0.583119062 0.012457652
vn 0.719636246 0.694240561 -0.012398292
vn 0.812291183 0.583119062 0.012457652
vn 0.675247194 -0.730553638 -0.101649441
vn 0.326641800 -0.942612900 0.069181324
vn 0.326641800 -0.942612900 0.069181324
vn 0.827508392 0.394108043 0.399885874
vn 0.812291183 0.583119062 0.012457652
vn 0.827508392 0.394108043 0.399885874
vn 0.326641800 -0.942612900 0.069181324
vn 0.218357418 -0.766669382 0.603769903
vn 0.719636246 0.694240561 -0.012398292
vn -0.233870462 0.948761391 0.212500423
vn -0.513275897 0.847374444 0.136030900
vn -0.233870462 0.948761391 0.212500423
vn 0.719636246 0.694240561 -0.012398292
vn 0.812291183 0.583119062 0.012457652
vn 0.812291183 0.583119062 0.012457652
vn 0.042649697 0.690617135 0.721961894
vn -0.233870462 0.948761391 0.212500423
vn 0.042649697 0.690617135 0.721961894
vn 0.812291183 0.583119062 0.012457652
vn 0.827508392 0.394108043 0.399885874
vn 0.872111365 0.301522856 -0.385364417
vn -0.513275897 0.847374444 0.136030900
vn -0.238142420 0.950140599 0.201298363
vn -0.513275897 0.847374444 0.136030900
vn 0.872111365 0.301522856 -0.385364417
vn 0.719636246 0.694240561 -0.012398292
vn -0.238142420 0.950140599 0.201298363
vn -0.635901883 -0.757359375 0.148443835
vn -0.811047677 -0.297433848 0.503720926
vn -0.635901883 -0.757359375 0.148443835
vn -0.238142420 0.950140599 0.201298363
vn -0.513275897 0.847374444 0.136030900
vn 0.168969336 -0.973173925 -0.156146965
vn -0.635901883 -0.757359375 0.148443835
vn 0.675247194 -0.730553638 -0.101649441
vn -0.635901883 -0.757359375 0.148443835
vn 0.168969336 -0.973173925 -0.156146965
vn -0.811047677 -0.297433848 0.503720926
vn 0.675247194 -0.730553638 -0.101649441
vn 0.872111365 0.301522856 -0.385364417
vn 0.168969336 -0.973173925 -0.156146965
vn 0.872111365 0.301522856 -0.385364417
vn 0.675247194 -0.730553638 -0.101649441
vn 0.719636246 0.694240561 -0.012398292
vn 0.187749228 0.625708308 0.757125710
vn 0.208856061 0.956202127 -0.205077153
vn 0.034702556 -0.367716692 0.929290142
vn 0.208856061 0.956202127 -0.205077153
vn 0.187749228 0.625708308 0.757125710
vn 0.705400970 0.646858756 -0.289798587
vn 0.034702556 -0.367716692 0.929290142
vn 0.003494202 0.181048565 0.983467950
vn 0.187749228 0.625708308 0.757125710
vn 0.003494202 0.181048565 0.983467950
vn 0.034702556 -0.367716692 0.929290142
vn -0.147107010 -0.456676311 0.877386047
vn 0.552602207 0.820809557 -0.144576872
vn 0.173611153 0.984556377 0.022536814
vn 0.125412775 0.992080125 -0.006975753
vn 0.173611153 0.984556377 0.022536814
vn 0.552602207 0.820809557 -0.144576872
vn 0.630857092 0.775613293 -0.021055870
vn 0.003494202 0.181048565 0.983467950
vn -0.492992080 -0.319782462 0.809134097
vn -0.096351044 -0.165359995 0.981515435
vn 0.620941878 -0.677165252 -0.394814394
vn 0.317163601 -0.937179486 0.145264799
vn -0.139811752 -0.834575669 0.532856573
vn 0.317163601 -0.937179486 0.145264799
vn 0.620941878 -0.677165252 -0.394814394
vn -0.602533121 0.335033020 -0.724366422
vn -0.780457337 0.621006007 -0.072373238
vn -0.602533121 0.335033020 -0.724366422
vn 0.620941878 -0.677165252 -0.394814394
vn 0.514862255 0.831516448 0.208559955
vn 0.146179847 0.878868994 0.454115341
vn 0.254963469 0.936017040 0.242622607
vn 0.514862255 0.831516448 0.208559955
vn 0.418935241 0.711490726 0.564157965
vn 0.146179847 0.878868994 0.454115341
vn 0.514862255 0.831516448 0.208559955
vn 0.784580799 0.494369675 -0.374207956
vn 0.418935241 0.711490726 0.564157965
vn -0.034785670 0.970282182 0.239462824
vn 0.146179847 0.878868994 0.454115341
vn -0.015374534 0.893426148 0.448946926
vn 0.146179847 0.878868994 0.454115341
vn -0.034785670 0.970282182 0.239462824
vn 0.254963469 0.936017040 0.242622607
vn 0.187749228 0.625708308 0.757125710
vn 0.003494202 0.181048565 0.983467950
vn 0.418935241 0.711490726 0.564157965
vn 0.705400970 0.646858756 -0.289798587
vn 0.784580799 0.494369675 -0.374207956
vn 0.674006605 -0.172171978 -0.718381449
vn 0.705400970 0.646858756 -0.289798587
vn 0.418935241 0.711490726 0.564157965
vn 0.784580799 0.494369675 -0.374207956
vn 0.705400970 0.646858756 -0.289798587
vn 0.187749228 0.625708308 0.757125710
vn 0.418935241 0.711490726 0.564157965
vn 0.605643519 -0.652622833 -0.455279438
vn -0.062230636 -0.918145239 -0.391326805
vn 0.913764204 0.094355833 -0.395135364
vn -0.062230636 -0.918145239 -0.391326805
vn 0.605643519 -0.652622833 -0.455279438
vn -0.822361464 -0.555002398 0.125275537
vn 0.918394320 -0.303502443 -0.253846686
vn 0.984539328 -0.035568445 -0.171514422
vn 0.954223462 0.143519548 -0.262411363
vn 0.984539328 -0.035568445 -0.171514422
vn 0.918394320 -0.303502443 -0.253846686
vn 0.983315160 -0.094120637 -0.155668243
vn 0.728094705 -0.682643124 0.062261273
vn -0.822361464 -0.555002398 0.125275537
vn 0.605643519 -0.652622833 -0.455279438
vn 0.785824855 -0.579242465 -0.216696710
vn 0.983315160 -0.094120637 -0.155668243
vn 0.918394320 -0.303502443 -0.253846686
vn 0.984539328 -0.035568445 -0.171514422
vn 0.954846551 0.275255307 -0.111814934
vn 0.954223462 0.143519548 -0.262411363
vn 0.959218678 -0.241870702 0.146280863
vn 0.951260683 -0.027377644 0.307170274
vn 0.572569886 -0.382163031 -0.725337951
vn 0.951260683 -0.027377644 0.307170274
vn 0.538619553 -0.182740790 -0.822493028
vn 0.572569886 -0.382163031 -0.725337951
vn -0.492992080 -0.319782462 0.809134097
vn 0.003494202 0.181048565 0.983467950
vn -0.147107010 -0.456676311 0.877386047
vn 0.059690504 -0.916272367 0.396083315
vn 0.049984064 -0.769131568 0.637132815
vn -0.542878890 -0.474556303 0.692877208
vn 0.460159561 -0.419476770 -0.782491162
vn 0.223018744 -0.954330403 0.198786626
vn 0.591849777 -0.795040678 0.132756027
vn 0.223018744 -0.954330403 0.198786626
vn 0.460159561 -0.419476770 -0.782491162
vn 0.210196151 -0.408001359 -0.888455103
vn -0.169214471 0.982962575 0.071770739
vn 0.008516459 0.999742860 -0.021016285
vn 0.132470975 0.986340853 0.097893627
vn 0.008516459 0.999742860 -0.021016285
vn -0.169214471 0.982962575 0.071770739
vn 0.065981483 -0.090749689 -0.993685533
vn -0.542477117 -0.767310779 0.341983546
vn -0.062230636 -0.918145239 -0.391326805
vn -0.822361464 -0.555002398 0.125275537
vn -0.822361464 -0.555002398 0.125275537
vn -0.492999863 0.689591506 0.530485334
vn -0.542477117 -0.767310779 0.341983546
vn 0.582130166 -0.812750365 -0.023692069
vn 0.959218678 -0.241870702 0.146280863
vn 0.591849777 -0.795040678 0.132756027
vn 0.959218678 -0.241870702 0.146280863
vn 0.582130166 -0.812750365 -0.023692069
vn 0.965196248 -0.206267424 -0.160779206
vn 0.965196248 -0.206267424 -0.160779206
vn 0.872242499 0.488581501 -0.021934923
vn 0.959218678 -0.241870702 0.146280863
vn 0.872242499 0.488581501 -0.021934923
vn 0.965196248 -0.206267424 -0.160779206
vn 0.887859147 0.420476050 -0.186831543
vn 0.872242499 0.488581501 -0.021934923
vn 0.280235358 0.958533221 -0.051790043
vn 0.145688096 0.985529466 -0.086640933
vn 0.280235358 0.958533221 -0.051790043
vn 0.872242499 0.488581501 -0.021934923
vn 0.887859147 0.420476050 -0.186831543
vn 0.145688096 0.985529466 -0.086640933
vn -0.172516296 0.984213143 -0.039529946
vn -0.194567538 0.978779523 -0.064297116
vn -0.172516296 0.984213143 -0.039529946
vn 0.145688096 0.985529466 -0.086640933
vn 0.280235358 0.958533221 -0.051790043
vn -0.492992080 -0.319782462 0.809134097
vn -0.147107010 -0.456676311 0.877386047
vn -0.542878890 -0.474556303 0.692877208
vn -0.542878890 -0.474556303 0.692877208
vn -0.147107010 -0.456676311 0.877386047
vn -0.139811752 -0.834575669 0.532856573
vn -0.139811752 -0.834575669 0.532856573
vn 0.034702556 -0.367716692 0.929290142
vn 0.620941878 -0.677165252 -0.394814394
vn 0.034702556 -0.367716692 0.929290142
vn -0.139811752 -0.834575669 0.532856573
vn -0.147107010 -0.456676311 0.877386047
vn 0.620941878 -0.677165252 -0.394814394
vn 0.208856061 0.956202127 -0.205077153
vn -0.780457337 0.621006007 -0.072373238
vn 0.208856061 0.956202127 -0.205077153
vn 0.620941878 -0.677165252 -0.394814394
vn 0.034702556 -0.367716692 0.929290142
vn 0.208856061 0.956202127 -0.205077153
vn -0.492999863 0.689591506 0.530485334
vn -0.780457337 0.621006007 -0.072373238
vn 0.708892469 0.634283614 -0.308473280
vn 0.208856061 0.956202127 -0.205077153
vn 0.705400970 0.646858756 -0.289798587
vn 0.887859147 0.420476050 -0.186831543
vn 0.954223462 0.143519548 -0.262411363
vn 0.552602207 0.820809557 -0.144576872
vn 0.514862255 0.831516448 0.208559955
vn 0.913764204 0.094355833 -0.395135364
vn 0.784580799 0.494369675 -0.374207956
vn 0.954223462 0.143519548 -0.262411363
vn 0.630857092 0.775613293 -0.021055870
vn 0.552602207 0.820809557 -0.144576872
vn 0.630857092 0.775613293 -0.021055870
vn 0.954223462 0.143519548 -0.262411363
vn 0.954846551 0.275255307 -0.111814934
vn 0.552602207 0.820809557 -0.144576872
vn 0.280235358 0.958533221 -0.051790043
vn 0.887859147 0.420476050 -0.186831543
vn 0.034739953 0.031792802 0.998890561
vn 0.146179847 0.878868994 0.454115341
vn -0.096351044 -0.165359995 0.981515435
vn 0.173611153 0.984556377 0.022536814
vn -0.034785670 0.970282182 0.239462824
vn -0.089631867 0.995974943 -0.000205110
vn -0.034785670 0.970282182 0.239462824
vn 0.173611153 0.984556377 0.022536814
vn 0.254963469 0.936017040 0.242622607
vn 0.254963469 0.936017040 0.242622607
vn 0.630857092 0.775613293 -0.021055870
vn 0.514862255 0.831516448 0.208559955
vn 0.630857092 0.775613293 -0.021055870
vn 0.254963469 0.936017040 0.242622607
vn 0.173611153 0.984556377 0.022536814
vn 0.630857092 0.775613293 -0.021055870
vn 0.913764204 0.094355833 -0.395135364
vn 0.514862255 0.831516448 0.208559955
vn 0.913764204 0.094355833 -0.395135364
vn 0.630857092 0.775613293 -0.021055870
vn 0.954846551 0.275255307 -0.111814934
vn 0.913764204 0.094355833 -0.395135364
vn 0.984539328 -0.035568445 -0.171514422
vn 0.988167590 -0.026151641 -0.151132079
vn 0.984539328 -0.035568445 -0.171514422
vn 0.913764204 0.094355833 -0.395135364
vn 0.954846551 0.275255307 -0.111814934
vn 0.988167590 -0.026151641 -0.151132079
vn 0.983315160 -0.094120637 -0.155668243
vn 0.605643519 -0.652622833 -0.455279438
vn 0.983315160 -0.094120637 -0.155668243
vn 0.988167590 -0.026151641 -0.151132079
vn 0.984539328 -0.035568445 -0.171514422
vn 0.785824855 -0.579242465 -0.216696710
vn 0.605643519 -0.652622833 -0.455279438
vn 0.983315160 -0.094120637 -0.155668243
vn 0.605643519 -0.652622833 -0.455279438
vn 0.785824855 -0.579242465 -0.216696710
vn 0.728094705 -0.682643124 0.062261273
vn 0.410810418 -0.909534549 -0.063100749
vn 0.117539543 -0.988302436 -0.097173820
vn 0.065767223 -0.991169097 0.115145535
vn 0.117539543 -0.988302436 -0.097173820
vn 0.410810418 -0.909534549 -0.063100749
vn 0.603949765 -0.779221344 -0.167507549
vn 0.603949765 -0.779221344 -0.167507549
vn 0.785824855 -0.579242465 -0.216696710
vn 0.918394320 -0.303502443 -0.253846686
vn 0.785824855 -0.579242465 -0.216696710
vn 0.603949765 -0.779221344 -0.167507549
vn 0.410810418 -0.909534549 -0.063100749
vn 0.235849051 -0.944214418 0.229857257
vn 0.317163601 -0.937179486 0.145264799
vn 0.728094705 -0.682643124 0.062261273
vn 0.317163601 -0.937179486 0.145264799
vn 0.235849051 -0.944214418 0.229857257
vn 0.059690504 -0.916272367 0.396083315
vn 0.728094705 -0.682643124 0.062261273
vn -0.602533121 0.335033020 -0.724366422
vn -0.822361464 -0.555002398 0.125275537
vn -0.602533121 0.335033020 -0.724366422
vn 0.728094705 -0.682643124 0.062261273
vn 0.317163601 -0.937179486 0.145264799
vn -0.602533121 0.335033020 -0.724366422
vn -0.780457337 0.621006007 -0.072373238
vn -0.822361464 -0.555002398 0.125275537
vn 0.674006605 -0.172171978 -0.718381449
vn 0.913764204 0.094355833 -0.395135364
vn -0.062230636 -0.918145239 -0.391326805
vn 0.913764204 0.094355833 -0.395135364
vn 0.674006605 -0.172171978 -0.718381449
vn 0.784580799 0.494369675 -0.374207956
vn 0.235849051 -0.944214418 0.229857257
vn 0.049984064 -0.769131568 0.637132815
vn 0.059690504 -0.916272367 0.396083315
vn -0.137357477 0.990488763 0.008058100
vn 0.280235358 0.958533221 -0.051790043
vn 0.125412775 0.992080125 -0.006975753
vn 0.280235358 0.958533221 -0.051790043
vn -0.137357477 0.990488763 0.008058100
vn -0.172516296 0.984213143 -0.039529946
vn 0.034739953 0.031792802 0.998890561
vn -0.015374534 0.893426148 0.448946926
vn 0.146179847 0.878868994 0.454115341
vn 0.591849777 -0.795040678 0.132756027
vn 0.169299097 -0.984246645 0.050954457
vn 0.582130166 -0.812750365 -0.023692069
vn 0.169299097 -0.984246645 0.050954457
vn 0.591849777 -0.795040678 0.132756027
vn 0.223018744 -0.954330403 0.198786626
vn 0.605643519 -0.652622833 -0.455279438
vn 0.913764204 0.094355833 -0.395135364
vn 0.988167590 -0.026151641 -0.151132079
vn 0.236991647 -0.798450634 0.553454194
vn 0.045134601 -0.917475620 0.395223172
vn 0.012635219 -0.999877979 -0.009185742
vn 0.045134601 -0.917475620 0.395223172
vn 0.236991647 -0.798450634 0.553454194
vn 0.594021543 -0.454483667 0.663764268
vn -0.555085087 -0.830705510 -0.042531191
vn -0.274223118 -0.961062380 0.034070277
vn -0.702214346 -0.707213823 -0.082119557
vn -0.274223118 -0.961062380 0.034070277
vn -0.555085087 -0.830705510 -0.042531191
vn -0.143425510 -0.954193284 0.262572466
vn 0.106900075 -0.181476745 0.977567678
vn -0.495853683 0.421328575 0.759349299
vn -0.144307383 0.865391758 0.479867152
vn -0.495853683 0.421328575 0.759349299
vn 0.106900075 -0.181476745 0.977567678
vn -0.224249887 0.019311815 0.974340311
vn -0.948269011 0.183582766 0.259004347
vn -0.493540753 0.864996701 -0.090544087
vn -0.988008526 0.154349012 -0.003941372
vn -0.493540753 0.864996701 -0.090544087
vn -0.948269011 0.183582766 0.259004347
vn -0.536970386 0.831121990 0.144565009
vn -0.796147394 -0.578358427 0.177906876
vn -0.948269011 0.183582766 0.259004347
vn -0.988008526 0.154349012 -0.003941372
vn -0.948269011 0.183582766 0.259004347
vn -0.796147394 -0.578358427 0.177906876
vn -0.883475788 -0.400329398 0.243324689
vn -0.217227217 -0.957518846 0.189657577
vn -0.371308528 -0.536798115 -0.757613200
vn -0.796147394 -0.578358427 0.177906876
vn -0.371308528 -0.536798115 -0.757613200
vn -0.217227217 -0.957518846 0.189657577
vn -0.104430662 -0.582705347 -0.805945851
vn -0.143425510 -0.954193284 0.262572466
vn 0.065767223 -0.991169097 0.115145535
vn -0.274223118 -0.961062380 0.034070277
vn 0.065767223 -0.991169097 0.115145535
vn -0.143425510 -0.954193284 0.262572466
vn 0.049984064 -0.769131568 0.637132815
vn -0.536970386 0.831121990 0.144565009
vn -0.194567538 0.978779523 -0.064297116
vn -0.493540753 0.864996701 -0.090544087
vn -0.194567538 0.978779523 -0.064297116
vn -0.536970386 0.831121990 0.144565009
vn -0.169214471 0.982962575 0.071770739
vn -0.343236802 0.938240526 -0.043511060
vn -0.089631867 0.995974943 -0.000205110
vn -0.318314719 0.947493708 -0.030519068
vn -0.089631867 0.995974943 -0.000205110
vn -0.343236802 0.938240526 -0.043511060
vn -0.137357477 0.990488763 0.008058100
vn -0.536970386 0.831121990 0.144565009
vn -0.752167947 0.308970992 -0.582048370
vn -0.401937132 0.915079153 -0.032812898
vn -0.752167947 0.308970992 -0.582048370
vn -0.536970386 0.831121990 0.144565009
vn -0.948269011 0.183582766 0.259004347
vn -0.948269011 0.183582766 0.259004347
vn -0.410905272 -0.316417424 -0.855006942
vn -0.752167947 0.308970992 -0.582048370
vn -0.410905272 -0.316417424 -0.855006942
vn -0.948269011 0.183582766 0.259004347
vn -0.883475788 -0.400329398 0.243324689
vn -0.567439564 0.820708688 -0.066705249
vn -0.343236802 0.938240526 -0.043511060
vn -0.740806954 0.656051020 -0.144229386
vn -0.981857930 -0.097537556 -0.162608213
vn -0.863538219 -0.497335631 -0.083420708
vn -0.983471602 0.133300134 -0.122534412
vn -0.863538219 -0.497335631 -0.083420708
vn -0.981857930 -0.097537556 -0.162608213
vn -0.850486224 -0.504651090 -0.148325522
vn -0.863538219 -0.497335631 -0.083420708
vn -0.401635858 -0.912575498 -0.076776285
vn -0.298339342 -0.953971614 0.030525353
vn -0.401635858 -0.912575498 -0.076776285
vn -0.863538219 -0.497335631 -0.083420708
vn -0.850486224 -0.504651090 -0.148325522
vn 0.117539543 -0.988302436 -0.097173820
vn -0.298339342 -0.953971614 0.030525353
vn -0.401635858 -0.912575498 -0.076776285
vn -0.298339342 -0.953971614 0.030525353
vn 0.117539543 -0.988302436 -0.097173820
vn 0.169299097 -0.984246645 0.050954457
vn 0.094080420 -0.651491766 -0.752799677
vn -0.104610687 0.268972228 -0.957450022
vn -0.228296564 -0.697643328 -0.679098274
vn -0.228296564 -0.697643328 -0.679098274
vn -0.617583387 -0.185972657 -0.764202153
vn -0.026011676 -0.956325094 0.291145508
vn -0.617583387 -0.185972657 -0.764202153
vn -0.228296564 -0.697643328 -0.679098274
vn -0.281261043 0.741572765 -0.609066548
vn -0.233235181 0.954275768 -0.186973552
vn -0.175602745 0.710645856 0.681282719
vn -0.281261043 0.741572765 -0.609066548
vn -0.281261043 0.741572765 -0.609066548
vn -0.384091504 0.838163066 0.387242033
vn -0.617583387 -0.185972657 -0.764202153
vn -0.384091504 0.838163066 0.387242033
vn -0.281261043 0.741572765 -0.609066548
vn -0.175602745 0.710645856 0.681282719
vn 0.234511416 0.334256991 0.912839887
vn -0.175602745 0.710645856 0.681282719
vn -0.233235181 0.954275768 -0.186973552
vn 0.234511416 0.334256991 0.912839887
vn 0.032770401 -0.590984747 0.806016830
vn -0.175602745 0.710645856 0.681282719
vn 0.234511416 0.334256991 0.912839887
vn 0.270191113 -0.019272752 0.962613798
vn 0.032770401 -0.590984747 0.806016830
vn -0.175602745 0.710645856 0.681282719
vn -0.415371032 -0.228176766 0.880569287
vn -0.384091504 0.838163066 0.387242033
vn -0.415371032 -0.228176766 0.880569287
vn -0.175602745 0.710645856 0.681282719
vn 0.032770401 -0.590984747 0.806016830
vn 0.147966218 -0.943459389 0.296631725
vn -0.228296564 -0.697643328 -0.679098274
vn 0.032770401 -0.590984747 0.806016830
vn 0.032770401 -0.590984747 0.806016830
vn -0.026011676 -0.956325094 0.291145508
vn -0.415371032 -0.228176766 0.880569287
vn -0.026011676 -0.956325094 0.291145508
vn 0.032770401 -0.590984747 0.806016830
vn -0.228296564 -0.697643328 -0.679098274
vn 0.751986832 -0.639168340 0.161182004
vn 0.594664974 0.792925934 -0.132823313
vn 0.495106267 -0.868606142 -0.019828110
vn 0.594664974 0.792925934 -0.132823313
vn 0.751986832 -0.639168340 0.161182004
vn 0.385216495 0.922294597 -0.031319786
vn 0.495106267 -0.868606142 -0.019828110
vn 0.665749200 0.441520529 -0.601529406
vn 0.261492839 -0.752906721 -0.603947816
vn 0.665749200 0.441520529 -0.601529406
vn 0.495106267 -0.868606142 -0.019828110
vn 0.594664974 0.792925934 -0.132823313
vn 0.385216495 0.922294597 -0.031319786
vn -0.526868216 0.801601212 -0.282569249
vn 0.594664974 0.792925934 -0.132823313
vn -0.526868216 0.801601212 -0.282569249
vn 0.385216495 0.922294597 -0.031319786
vn -0.841967843 0.537074160 0.051395509
vn 0.594664974 0.792925934 -0.132823313
vn -0.294321788 0.610723080 -0.735113600
vn 0.665749200 0.441520529 -0.601529406
vn -0.294321788 0.610723080 -0.735113600
vn 0.594664974 0.792925934 -0.132823313
vn -0.526868216 0.801601212 -0.282569249
vn -0.841967843 0.537074160 0.051395509
vn -0.628312481 -0.777403267 -0.029454823
vn -0.526868216 0.801601212 -0.282569249
vn -0.628312481 -0.777403267 -0.029454823
vn -0.841967843 0.537074160 0.051395509
vn -0.519863330 -0.842751994 0.139682478
vn -0.526868216 0.801601212 -0.282569249
vn -0.626811545 -0.642228766 -0.441191001
vn -0.294321788 0.610723080 -0.735113600
vn -0.626811545 -0.642228766 -0.441191001
vn -0.526868216 0.801601212 -0.282569249
vn -0.628312481 -0.777403267 -0.029454823
vn -0.519863330 -0.842751994 0.139682478
vn 0.495106267 -0.868606142 -0.019828110
vn -0.628312481 -0.777403267 -0.029454823
vn 0.495106267 -0.868606142 -0.019828110
vn -0.519863330 -0.842751994 0.139682478
vn 0.751986832 -0.639168340 0.161182004
vn -0.628312481 -0.777403267 -0.029454823
vn 0.261492839 -0.752906721 -0.603947816
vn -0.626811545 -0.642228766 -0.441191001
vn 0.261492839 -0.752906721 -0.603947816
vn -0.628312481 -0.777403267 -0.029454823
vn 0.495106267 -0.868606142 -0.019828110
vn -0.415371032 -0.228176766 0.880569287
vn 0.751986832 -0.639168340 0.161182004
vn -0.519863330 -0.842751994 0.139682478
vn 0.751986832 -0.639168340 0.161182004
vn -0.415371032 -0.228176766 0.880569287
vn -0.026011676 -0.956325094 0.291145508
vn -0.026011676 -0.956325094 0.291145508
vn 0.385216495 0.922294597 -0.031319786
vn 0.751986832 -0.639168340 0.161182004
vn 0.385216495 0.922294597 -0.031319786
vn -0.026011676 -0.956325094 0.291145508
vn -0.617583387 -0.185972657 -0.764202153
vn -0.384091504 0.838163066 0.387242033
vn 0.385216495 0.922294597 -0.031319786
vn -0.617583387 -0.185972657 -0.764202153
vn 0.385216495 0.922294597 -0.031319786
vn -0.384091504 0.838163066 0.387242033
vn -0.841967843 0.537074160 0.051395509
vn -0.841967843 0.537074160 0.051395509
vn -0.415371032 -0.228176766 0.880569287
vn -0.519863330 -0.842751994 0.139682478
vn -0.415371032 -0.228176766 0.880569287
vn -0.841967843 0.537074160 0.051395509
vn -0.384091504 0.838163066 0.387242033
vn 0.147178399 -0.137776469 0.979467286
vn 0.147966218 -0.943459389 0.296631725
vn 0.270191113 -0.019272752 0.962613798
vn 0.147966218 -0.943459389 0.296631725
vn 0.147178399 -0.137776469 0.979467286
vn -0.044763041 -0.412370439 0.909915870
vn -0.044763041 -0.412370439 0.909915870
vn -0.224249887 0.019311815 0.974340311
vn 0.021422360 -0.507198598 0.861562920
vn -0.224249887 0.019311815 0.974340311
vn -0.044763041 -0.412370439 0.909915870
vn 0.147178399 -0.137776469 0.979467286
vn -0.740806954 0.656051020 -0.144229386
vn -0.318314719 0.947493708 -0.030519068
vn -0.699125028 0.712835246 -0.055588735
vn -0.318314719 0.947493708 -0.030519068
vn -0.740806954 0.656051020 -0.144229386
vn -0.343236802 0.938240526 -0.043511060
vn -0.224249887 0.019311815 0.974340311
vn 0.106900075 -0.181476745 0.977567678
vn 0.481952978 -0.313685028 0.818121647
vn 0.214421687 -0.967171722 0.136389887
vn 0.012635219 -0.999877979 -0.009185742
vn 0.092266131 -0.705919845 -0.702256458
vn 0.012635219 -0.999877979 -0.009185742
vn 0.214421687 -0.967171722 0.136389887
vn 0.236991647 -0.798450634 0.553454194
vn 0.094080420 -0.651491766 -0.752799677
vn 0.214421687 -0.967171722 0.136389887
vn 0.092266131 -0.705919845 -0.702256458
vn -0.496327172 0.836616528 0.231801905
vn -0.495853683 0.421328575 0.759349299
vn -0.444044723 0.572520258 0.689234965
vn -0.496327172 0.836616528 0.231801905
vn -0.144307383 0.865391758 0.479867152
vn -0.495853683 0.421328575 0.759349299
vn -0.496327172 0.836616528 0.231801905
vn -0.279303078 0.939859412 0.196606400
vn -0.144307383 0.865391758 0.479867152
vn -0.034785670 0.970282182 0.239462824
vn -0.144307383 0.865391758 0.479867152
vn -0.279303078 0.939859412 0.196606400
vn -0.144307383 0.865391758 0.479867152
vn -0.034785670 0.970282182 0.239462824
vn -0.015374534 0.893426148 0.448946926
vn 0.147178399 -0.137776469 0.979467286
vn -0.495853683 0.421328575 0.759349299
vn -0.224249887 0.019311815 0.974340311
vn 0.270191113 -0.019272752 0.962613798
vn -0.495853683 0.421328575 0.759349299
vn 0.147178399 -0.137776469 0.979467286
vn 0.270191113 -0.019272752 0.962613798
vn -0.444044723 0.572520258 0.689234965
vn -0.495853683 0.421328575 0.759349299
vn 0.270191113 -0.019272752 0.962613798
vn 0.234511416 0.334256991 0.912839887
vn -0.444044723 0.572520258 0.689234965
vn -0.940008305 0.109582655 -0.323072791
vn -0.233235181 0.954275768 -0.186973552
vn -0.104610687 0.268972228 -0.957450022
vn -0.233235181 0.954275768 -0.186973552
vn -0.940008305 0.109582655 -0.323072791
vn -0.983180181 0.173692592 -0.056458966
vn -0.850486224 -0.504651090 -0.148325522
vn -0.977342166 -0.204555115 -0.054401241
vn -0.966509630 -0.249466230 -0.060214075
vn -0.977342166 -0.204555115 -0.054401241
vn -0.850486224 -0.504651090 -0.148325522
vn -0.981857930 -0.097537556 -0.162608213
vn -0.555085087 -0.830705510 -0.042531191
vn -0.940008305 0.109582655 -0.323072791
vn -0.104610687 0.268972228 -0.957450022
vn -0.702214346 -0.707213823 -0.082119557
vn -0.850486224 -0.504651090 -0.148325522
vn -0.966509630 -0.249466230 -0.060214075
vn -0.977342166 -0.204555115 -0.054401241
vn -0.981857930 -0.097537556 -0.162608213
vn -0.989667111 0.130616662 -0.059146410
vn -0.796147394 -0.578358427 0.177906876
vn -0.371308528 -0.536798115 -0.757613200
vn -0.883475788 -0.400329398 0.243324689
vn -0.883475788 -0.400329398 0.243324689
vn -0.371308528 -0.536798115 -0.757613200
vn -0.410905272 -0.316417424 -0.855006942
vn 0.481952978 -0.313685028 0.818121647
vn 0.021422360 -0.507198598 0.861562920
vn -0.224249887 0.019311815 0.974340311
vn 0.045134601 -0.917475620 0.395223172
vn 0.594021543 -0.454483667 0.663764268
vn 0.049984064 -0.769131568 0.637132815
vn -0.104430662 -0.582705347 -0.805945851
vn 0.223018744 -0.954330403 0.198786626
vn 0.210196151 -0.408001359 -0.888455103
vn 0.223018744 -0.954330403 0.198786626
vn -0.104430662 -0.582705347 -0.805945851
vn -0.217227217 -0.957518846 0.189657577
vn -0.169214471 0.982962575 0.071770739
vn -0.401937132 0.915079153 -0.032812898
vn 0.065981483 -0.090749689 -0.993685533
vn -0.401937132 0.915079153 -0.032812898
vn -0.169214471 0.982962575 0.071770739
vn -0.536970386 0.831121990 0.144565009
vn -0.281261043 0.741572765 -0.609066548
vn -0.104610687 0.268972228 -0.957450022
vn -0.233235181 0.954275768 -0.186973552
vn -0.104610687 0.268972228 -0.957450022
vn -0.281261043 0.741572765 -0.609066548
vn -0.228296564 -0.697643328 -0.679098274
vn -0.298339342 -0.953971614 0.030525353
vn -0.796147394 -0.578358427 0.177906876
vn -0.863538219 -0.497335631 -0.083420708
vn -0.796147394 -0.578358427 0.177906876
vn -0.298339342 -0.953971614 0.030525353
vn -0.217227217 -0.957518846 0.189657577
vn -0.863538219 -0.497335631 -0.083420708
vn -0.988008526 0.154349012 -0.003941372
vn -0.983471602 0.133300134 -0.122534412
vn -0.988008526 0.154349012 -0.003941372
vn -0.863538219 -0.497335631 -0.083420708
vn -0.796147394 -0.578358427 0.177906876
vn -0.988008526 0.154349012 -0.003941372
vn -0.567439564 0.820708688 -0.066705249
vn -0.983471602 0.133300134 -0.122534412
vn -0.567439564 0.820708688 -0.066705249
vn -0.988008526 0.154349012 -0.003941372
vn -0.493540753 0.864996701 -0.090544087
vn -0.493540753 0.864996701 -0.090544087
vn -0.172516296 0.984213143 -0.039529946
vn -0.567439564 0.820708688 -0.066705249
vn -0.172516296 0.984213143 -0.039529946
vn -0.493540753 0.864996701 -0.090544087
vn -0.194567538 0.978779523 -0.064297116
vn 0.481952978 -0.313685028 0.818121647
vn 0.594021543 -0.454483667 0.663764268
vn 0.021422360 -0.507198598 0.861562920
vn 0.594021543 -0.454483667 0.663764268
vn 0.236991647 -0.798450634 0.553454194
vn 0.021422360 -0.507198598 0.861562920
vn 0.236991647 -0.798450634 0.553454194
vn -0.044763041 -0.412370439 0.909915870
vn 0.021422360 -0.507198598 0.861562920
vn -0.044763041 -0.412370439 0.909915870
vn 0.236991647 -0.798450634 0.553454194
vn 0.214421687 -0.967171722 0.136389887
vn 0.214421687 -0.967171722 0.136389887
vn 0.147966218 -0.943459389 0.296631725
vn -0.044763041 -0.412370439 0.909915870
vn 0.147966218 -0.943459389 0.296631725
vn 0.214421687 -0.967171722 0.136389887
vn 0.094080420 -0.651491766 -0.752799677
vn 0.147966218 -0.943459389 0.296631725
vn 0.094080420 -0.651491766 -0.752799677
vn -0.228296564 -0.697643328 -0.679098274
vn 0.032770401 -0.590984747 0.806016830
vn 0.270191113 -0.019272752 0.962613798
vn 0.147966218 -0.943459389 0.296631725
vn -0.983471602 0.133300134 -0.122534412
vn -0.740806954 0.656051020 -0.144229386
vn -0.981857930 -0.097537556 -0.162608213
vn -0.496327172 0.836616528 0.231801905
vn -0.444044723 0.572520258 0.689234965
vn -0.983180181 0.173692592 -0.056458966
vn -0.981857930 -0.097537556 -0.162608213
vn -0.699125028 0.712835246 -0.055588735
vn -0.989667111 0.130616662 -0.059146410
vn -0.699125028 0.712835246 -0.055588735
vn -0.981857930 -0.097537556 -0.162608213
vn -0.740806954 0.656051020 -0.144229386
vn -0.740806954 0.656051020 -0.144229386
vn -0.983471602 0.133300134 -0.122534412
vn -0.567439564 0.820708688 -0.066705249
vn 0.034739953 0.031792802 0.998890561
vn 0.106900075 -0.181476745 0.977567678
vn -0.144307383 0.865391758 0.479867152
vn -0.318314719 0.947493708 -0.030519068
vn -0.034785670 0.970282182 0.239462824
vn -0.279303078 0.939859412 0.196606400
vn -0.034785670 0.970282182 0.239462824
vn -0.318314719 0.947493708 -0.030519068
vn -0.089631867 0.995974943 -0.000205110
vn -0.279303078 0.939859412 0.196606400
vn -0.699125028 0.712835246 -0.055588735
vn -0.318314719 0.947493708 -0.030519068
vn -0.699125028 0.712835246 -0.055588735
vn -0.279303078 0.939859412 0.196606400
vn -0.496327172 0.836616528 0.231801905
vn -0.699125028 0.712835246 -0.055588735
vn -0.983180181 0.173692592 -0.056458966
vn -0.989667111 0.130616662 -0.059146410
vn -0.983180181 0.173692592 -0.056458966
vn -0.699125028 0.712835246 -0.055588735
vn -0.496327172 0.836616528 0.231801905
vn -0.983180181 0.173692592 -0.056458966
vn -0.977342166 -0.204555115 -0.054401241
vn -0.989667111 0.130616662 -0.059146410
vn -0.977342166 -0.204555115 -0.054401241
vn -0.983180181 0.173692592 -0.056458966
vn -0.981957069 -0.185858032 0.034887055
vn -0.981957069 -0.185858032 0.034887055
vn -0.966509630 -0.249466230 -0.060214075
vn -0.977342166 -0.204555115 -0.054401241
vn -0.966509630 -0.249466230 -0.060214075
vn -0.981957069 -0.185858032 0.034887055
vn -0.940008305 0.109582655 -0.323072791
vn -0.702214346 -0.707213823 -0.082119557
vn -0.940008305 0.109582655 -0.323072791
vn -0.555085087 -0.830705510 -0.042531191
vn -0.940008305 0.109582655 -0.323072791
vn -0.702214346 -0.707213823 -0.082119557
vn -0.966509630 -0.249466230 -0.060214075
vn -0.274223118 -0.961062380 0.034070277
vn 0.117539543 -0.988302436 -0.097173820
vn -0.401635858 -0.912575498 -0.076776285
vn 0.117539543 -0.988302436 -0.097173820
vn -0.274223118 -0.961062380 0.034070277
vn 0.065767223 -0.991169097 0.115145535
vn -0.401635858 -0.912575498 -0.076776285
vn -0.702214346 -0.707213823 -0.082119557
vn -0.274223118 -0.961062380 0.034070277
vn -0.702214346 -0.707213823 -0.082119557
vn -0.401635858 -0.912575498 -0.076776285
vn -0.850486224 -0.504651090 -0.148325522
vn -0.143425510 -0.954193284 0.262572466
vn 0.012635219 -0.999877979 -0.009185742
vn 0.045134601 -0.917475620 0.395223172
vn 0.012635219 -0.999877979 -0.009185742
vn -0.143425510 -0.954193284 0.262572466
vn -0.555085087 -0.830705510 -0.042531191
vn -0.555085087 -0.830705510 -0.042531191
vn 0.092266131 -0.705919845 -0.702256458
vn 0.012635219 -0.999877979 -0.009185742
vn 0.092266131 -0.705919845 -0.702256458
vn -0.555085087 -0.830705510 -0.042531191
vn -0.104610687 0.268972228 -0.957450022
vn 0.092266131 -0.705919845 -0.702256458
vn -0.104610687 0.268972228 -0.957450022
vn 0.094080420 -0.651491766 -0.752799677
vn 0.234511416 0.334256991 0.912839887
vn -0.983180181 0.173692592 -0.056458966
vn -0.444044723 0.572520258 0.689234965
vn -0.983180181 0.173692592 -0.056458966
vn 0.234511416 0.334256991 0.912839887
vn -0.233235181 0.954275768 -0.186973552
vn 0.049984064 -0.769131568 0.637132815
vn -0.143425510 -0.954193284 0.262572466
vn 0.045134601 -0.917475620 0.395223172
vn -0.137357477 0.990488763 0.008058100
vn -0.567439564 0.820708688 -0.066705249
vn -0.172516296 0.984213143 -0.039529946
vn -0.567439564 0.820708688 -0.066705249
vn -0.137357477 0.990488763 0.008058100
vn -0.343236802 0.938240526 -0.043511060
vn 0.034739953 0.031792802 0.998890561
vn -0.144307383 0.865391758 0.479867152
vn -0.015374534 0.893426148 0.448946926
vn 0.169299097 -0.984246645 0.050954457
vn -0.217227217 -0.957518846 0.189657577
vn -0.298339342 -0.953971614 0.030525353
vn -0.217227217 -0.957518846 0.189657577
vn 0.169299097 -0.984246645 0.050954457
vn 0.223018744 -0.954330403 0.198786626
vn -0.940008305 0.109582655 -0.323072791
vn -0.981957069 -0.185858032 0.034887055
vn -0.983180181 0.173692592 -0.056458966
vn -0.294321788 0.610723080 -0.735113600
vn 0.261492839 -0.752906721 -0.603947816
vn 0.665749200 0.441520529 -0.601529406
vn 0.261492839 -0.752906721 -0.603947816
vn -0.294321788 0.610723080 -0.735113600
vn -0.626811545 -0.642228766 -0.441191001
vn 0.042649697 0.690617135 0.721961894
vn 0.218357418 -0.766669382 0.603769903
vn -0.685044027 -0.334716793 0.647054363
vn 0.218357418 -0.766669382 0.603769903
vn 0.042649697 0.690617135 0.721961894
vn 0.827508392 0.394108043 0.399885874
vn -0.752167947 0.308970992 -0.582048370
vn 0.065981483 -0.090749689 -0.993685533
vn -0.401937132 0.915079153 -0.032812898
vn -0.410905272 -0.316417424 -0.855006942
vn 0.065981483 -0.090749689 -0.993685533
vn -0.752167947 0.308970992 -0.582048370
vn -0.371308528 -0.536798115 -0.757613200
vn 0.065981483 -0.090749689 -0.993685533
vn -0.410905272 -0.316417424 -0.855006942
vn -0.104430662 -0.582705347 -0.805945851
vn 0.065981483 -0.090749689 -0.993685533
vn -0.371308528 -0.536798115 -0.757613200
vn 0.210196151 -0.408001359 -0.888455103
vn 0.065981483 -0.090749689 -0.993685533
vn -0.104430662 -0.582705347 -0.805945851
vn 0.065981483 -0.090749689 -0.993685533
vn 0.584397410 0.607155630 -0.538369490
vn 0.008516459 0.999742860 -0.021016285
vn 0.065981483 -0.090749689 -0.993685533
vn 0.538619553 -0.182740790 -0.822493028
vn 0.584397410 0.607155630 -0.538369490
vn 0.065981483 -0.090749689 -0.993685533
vn 0.572569886 -0.382163031 -0.725337951
vn 0.538619553 -0.182740790 -0.822493028
vn 0.065981483 -0.090749689 -0.993685533
vn 0.460159561 -0.419476770 -0.782491162
vn 0.572569886 -0.382163031 -0.725337951
vn 0.210196151 -0.408001359 -0.888455103
vn 0.460159561 -0.419476770 -0.782491162
vn 0.065981483 -0.090749689 -0.993685533
vn 0.034739953 0.031792802 0.998890561
vn 0.049555191 -0.571939471 0.818797609
vn 0.106900075 -0.181476745 0.977567678
vn 0.106900075 -0.181476745 0.977567678
vn 0.049555191 -0.571939471 0.818797609
vn 0.481952978 -0.313685028 0.818121647
vn 0.481952978 -0.313685028 0.818121647
vn 0.049555191 -0.571939471 0.818797609
vn 0.594021543 -0.454483667 0.663764268
vn 0.594021543 -0.454483667 0.663764268
vn 0.049555191 -0.571939471 0.818797609
vn 0.049984064 -0.769131568 0.637132815
vn -0.096351044 -0.165359995 0.981515435
vn 0.049555191 -0.571939471 0.818797609
vn 0.034739953 0.031792802 0.998890561
vn -0.492992080 -0.319782462 0.809134097
vn 0.049555191 -0.571939471 0.818797609
vn -0.096351044 -0.165359995 0.981515435
vn -0.542878890 -0.474556303 0.692877208
vn 0.049555191 -0.571939471 0.818797609
vn -0.492992080 -0.319782462 0.809134097
vn 0.049984064 -0.769131568 0.637132815
vn 0.049555191 -0.571939471 0.818797609
vn -0.542878890 -0.474556303 0.692877208
f 3/3/3 2/2/2 1/1/1
f 6/6/6 5/5/5 4/4/4
f 9/9/9 8/8/8 7/7/7
f 12/12/12 11/11/11 10/10/10
f 15/15/15 14/14/14 13/13/13
f 18/18/18 17/17/17 16/16/16
f 21/21/21 20/20/20 19/19/19
f 24/24/24 23/23/23 22/22/22
f 27/27/27 26/26/26 25/25/25
f 30/30/30 29/29/29 28/28/28
f 33/33/33 32/32/32 31/31/31
f 36/36/36 35/35/35 34/34/34
f 39/39/39 38/38/38 37/37/37
f 42/42/42 41/41/41 40/40/40
f 45/45/45 44/44/44 43/43/43
f 48/48/48 47/47/47 46/46/46
f 51/51/51 50/50/50 49/49/49
f 54/54/54 53/53/53 52/52/52
f 57/57/57 56/56/56 55/55/55
f 60/60/60 59/59/59 58/58/58
f 63/63/63 62/62/62 61/61/61
f 66/66/66 65/65/65 64/64/64
f 69/69/69 68/68/68 67/67/67
f 72/72/72 71/71/71 70/70/70
f 75/75/75 74/74/74 73/73/73
f 78/78/78 77/77/77 76/76/76
f 81/81/81 80/80/80 79/79/79
f 84/84/84 83/83/83 82/82/82
f 87/87/87 86/86/86 85/85/85
f 90/90/90 89/89/89 88/88/88
f 93/93/93 92/92/92 91/91/91
f 96/96/96 95/95/95 94/94/94
f 99/99/99 98/98/98 97/97/97
f 102/102/102 101/101/101 100/100/100
f 105/105/105 104/104/104 103/103/103
f 108/108/108 107/107/107 106/106/106
f 111/111/111 110/110/110 109/109/109
f 114/114/114 113/113/113 112/112/112
f 117/117/117 116/116/116 115/115/115
f 120/120/120 119/119/119 118/118/118
f 123/123/123 122/122/122 121/121/121
f 126/126/126 125/125/125 124/124/124
f 129/129/129 128/128/128 127/127/127
f 132/132/132 131/131/131 130/130/130
f 135/135/135 134/134/134 133/133/133
f 138/138/138 137/137/137 136/136/136
f 141/141/141 140/140/140 139/139/139
f 144/144/144 143/143/143 142/142/142
f 147/147/147 146/146/146 145/145/145
f 150/150/150 149/149/149 148/148/148
f 153/153/153 152/152/152 151/151/151
f 156/156/156 155/155/155 154/154/154
f 159/159/159 158/158/158 157/157/157
f 162/162/162 161/161/161 160/160/160
f 165/165/165 164/164/164 163/163/163
f 168/168/168 167/167/167 166/166/166
f 171/171/171 170/170/170 169/169/169
f 174/174/174 173/173/173 172/172/172
f 177/177/177 176/176/176 175/175/175
f 180/180/180 179/179/179 178/178/178
f 183/183/183 182/182/182 181/181/181
f 186/186/186 185/185/185 184/184/184
f 189/189/189 188/188/188 187/187/187
f 192/192/192 191/191/191 190/190/190
f 195/195/195 194/194/194 193/193/193
f 198/198/198 197/197/197 196/196/196
f 201/201/201 200/200/200 199/199/199
f 204/204/204 203/203/203 202/202/202
f 207/207/207 206/206/206 205/205/205
f 210/210/210 209/209/209 208/208/208
f 213/213/213 212/212/212 211/211/211
f 216/216/216 215/215/215 214/214/214
f 219/219/219 218/218/218 217/217/217
f 222/222/222 221/221/221 220/220/220
f 225/225/225 224/224/224 223/223/223
f 228/228/228 227/227/227 226/226/226
f 231/231/231 230/230/230 229/229/229
f 234/234/234 233/233/233 232/232/232
f 237/237/237 236/236/236 235/235/235
f 240/240/240 239/239/239 238/238/238
f 243/243/243 242/242/242 241/241/241
f 246/246/246 245/245/245 244/244/244
f 249/249/249 248/248/248 247/247/247
f 252/252/252 251/251/251 250/250/250
f 255/255/255 254/254/254 253/253/253
f 258/258/258 257/257/257 256/256/256
f 261/261/261 260/260/260 259/259/259
f 264/264/264 263/263/263 262/262/262
f 267/267/267 266/266/266 265/265/265
f 270/270/270 269/269/269 268/268/268
f 273/273/273 272/272/272 271/271/271
f 276/276/276 275/275/275 274/274/274
f 279/279/279 278/278/278 277/277/277
f 282/282/282 281/281/281 280/280/280
f 285/285/285 284/284/284 283/283/283
f 288/288/288 287/287/287 286/286/286
f 291/291/291 290/290/290 289/289/289
f 294/294/294 293/293/293 292/292/292
f 297/297/297 296/296/296 295/295/295
f 300/300/300 299/299/299 298/298/298
f 303/303/303 302/302/302 301/301/301
f 306/306/306 305/305/305 304/304/304
f 309/309/309 308/308/308 307/307/307
f 312/312/312 311/311/311 310/310/310
f 315/315/315 314/314/314 313/313/313
f 318/318/318 317/317/317 316/316/316
f 321/321/321 320/320/320 319/319/319
f 324/324/324 323/323/323 322/322/322
f 327/327/327 326/326/326 325/325/325
f 330/330/330 329/329/329 328/328/328
f 333/333/333 332/332/332 331/331/331
f 336/336/336 335/335/335 334/334/334
f 339/339/339 338/338/338 337/337/337
f 342/342/342 341/341/341 340/340/340
f 345/345/345 344/344/344 343/343/343
f 348/348/348 347/347/347 346/346/346
f 351/351/351 350/350/350 349/349/349
f 354/354/354 353/353/353 352/352/352
f 357/357/357 356/356/356 355/355/355
f 360/360/360 359/359/359 358/358/358
f 363/363/363 362/362/362 361/361/361
f 366/366/366 365/365/365 364/364/364
f 369/369/369 368/368/368 367/367/367
f 372/372/372 371/371/371 370/370/370
f 375/375/375 374/374/374 373/373/373
f 378/378/378 377/377/377 376/376/376
f 381/381/381 380/380/380 379/379/379
f 384/384/384 383/383/383 382/382/382
f 387/387/387 386/386/386 385/385/385
f 390/390/390 389/389/389 388/388/388
f 393/393/393 392/392/392 391/391/391
f 396/396/396 395/395/395 394/394/394
f 399/399/399 398/398/398 397/397/397
f 402/402/402 401/401/401 400/400/400
f 405/405/405 404/404/404 403/403/403
f 408/408/408 407/407/407 406/406/406
f 411/411/411 410/410/410 409/409/409
f 414/414/414 413/413/413 412/412/412
f 417/417/417 416/416/416 415/415/415
f 420/420/420 419/419/419 418/418/418
f 423/423/423 422/422/422 421/421/421
f 426/426/426 425/425/425 424/424/424
f 429/429/429 428/428/428 427/427/427
f 432/432/432 431/431/431 430/430/430
f 435/435/435 434/434/434 433/433/433
f 438/438/438 437/437/437 436/436/436
f 441/441/441 440/440/440 439/439/439
f 444/444/444 443/443/443 442/442/442
f 447/447/447 446/446/446 445/445/445
f 450/450/450 449/449/449 448/448/448
f 453/453/453 452/452/452 451/451/451
f 456/456/456 455/455/455 454/454/454
f 459/459/459 458/458/458 457/457/457
f 462/462/462 461/461/461 460/460/460
f 465/465/465 464/464/464 463/463/463
f 468/468/468 467/467/467 466/466/466
f 471/471/471 470/470/470 469/469/469
f 474/474/474 473/473/473 472/472/472
f 477/477/477 476/476/476 475/475/475
f 480/480/480 479/479/479 478/478/478
f 483/483/483 482/482/482 481/481/481
f 486/486/486 485/485/485 484/484/484
f 489/489/489 488/488/488 487/487/487
f 492/492/492 491/491/491 490/490/490
f 495/495/495 494/494/494 493/493/493
f 498/498/498 497/497/497 496/496/496
f 501/501/501 500/500/500 499/499/499
f 504/504/504 503/503/503 502/502/502
f 507/507/507 506/506/506 505/505/505
f 510/510/510 509/509/509 508/508/508
f 513/513/513 512/512/512 511/511/511
f 516/516/516 515/515/515 514/514/514
f 519/519/519 518/518/518 517/517/517
f 522/522/522 521/521/521 520/520/520
f 525/525/525 524/524/524 523/523/523
f 528/528/528 527/527/527 526/526/526
f 531/531/531 530/530/530 529/529/529
f 534/534/534 533/533/533 532/532/532
f 537/537/537 536/536/536 535/535/535
f 540/540/540 539/539/539 538/538/538
f 543/543/543 542/542/542 541/541/541
f 546/546/546 545/545/545 544/544/544
f 549/549/549 548/548/548 547/547/547
f 552/552/552 551/551/551 550/550/550
f 555/555/555 554/554/554 553/553/553
f 558/558/558 557/557/557 556/556/556
f 561/561/561 560/560/560 559/559/559
f 564/564/564 563/563/563 562/562/562
f 567/567/567 566/566/566 565/565/565
f 570/570/570 569/569/569 568/568/568
f 573/573/573 572/572/572 571/571/571
f 576/576/576 575/575/575 574/574/574
f 579/579/579 578/578/578 577/577/577
f 582/582/582 581/581/581 580/580/580
f 585/585/585 584/584/584 583/583/583
f 588/588/588 587/587/587 586/586/586
f 591/591/591 590/590/590 589/589/589
f 594/594/594 593/593/593 592/592/592
f 597/597/597 596/596/596 595/595/595
f 600/600/600 599/599/599 598/598/598
f 603/603/603 602/602/602 601/601/601
f 606/606/606 605/605/605 604/604/604
f 609/609/609 608/608/608 607/607/607
f 612/612/612 611/611/611 610/610/610
f 615/615/615 614/614/614 613/613/613
f 618/618/618 617/617/617 616/616/616
f 621/621/621 620/620/620 619/619/619
f 624/624/624 623/623/623 622/622/622
f 627/627/627 626/626/626 625/625/625
f 630/630/630 629/629/629 628/628/628
f 633/633/633 632/632/632 631/631/631
f 636/636/636 635/635/635 634/634/634
f 639/639/639 638/638/638 637/637/637
f 642/642/642 641/641/641 640/640/640
f 645/645/645 644/644/644 643/643/643
f 648/648/648 647/647/647 646/646/646
f 651/651/651 650/650/650 649/649/649
f 654/654/654 653/653/653 652/652/652
f 657/657/657 656/656/656 655/655/655
f 660/660/660 659/659/659 658/658/658
f 663/663/663 662/662/662 661/661/661
f 666/666/666 665/665/665 664/664/664
f 669/669/669 668/668/668 667/667/667
f 672/672/672 671/671/671 670/670/670
f 675/675/675 674/674/674 673/673/673
f 678/678/678 677/677/677 676/676/676
f 681/681/681 680/680/680 679/679/679
f 684/684/684 683/683/683 682/682/682
f 687/687/687 686/686/686 685/685/685
f 690/690/690 689/689/689 688/688/688
f 693/693/693 692/692/692 691/691/691
f 696/696/696 695/695/695 694/694/694
f 699/699/699 698/698/698 697/697/697
f 702/702/702 701/701/701 700/700/700
f 705/705/705 704/704/704 703/703/703
f 708/708/708 707/707/707 706/706/706
f 711/711/711 710/710/710 709/709/709
f 714/714/714 713/713/713 712/712/712
f 717/717/717 716/716/716 715/715/715
f 720/720/720 719/719/719 718/718/718
f 723/723/723 722/722/722 721/721/721
f 726/726/726 725/725/725 724/724/724
f 729/729/729 728/728/728 727/727/727
f 732/732/732 731/731/731 730/730/730
f 735/735/735 734/734/734 733/733/733
f 738/738/738 737/737/737 736/736/736
f 741/741/741 740/740/740 739/739/739
f 744/744/744 743/743/743 742/742/742
f 747/747/747 746/746/746 745/745/745
f 750/750/750 749/749/749 748/748/748
f 753/753/753 752/752/752 751/751/751
f 756/756/756 755/755/755 754/754/754
f 759/759/759 758/758/758 757/757/757
f 762/762/762 761/761/761 760/760/760
f 765/765/765 764/764/764 763/763/763
f 768/768/768 767/767/767 766/766/766
f 771/771/771 770/770/770 769/769/769
f 774/774/774 773/773/773 772/772/772
f 777/777/777 776/776/776 775/775/775
f 780/780/780 779/779/779 778/778/778
f 783/783/783 782/782/782 781/781/781
f 786/786/786 785/785/785 784/784/784
f 789/789/789 788/788/788 787/787/787
f 792/792/792 791/791/791 790/790/790
f 795/795/795 794/794/794 793/793/793
f 798/798/798 797/797/797 796/796/796
f 801/801/801 800/800/800 799/799/799
f 804/804/804 803/803/803 802/802/802
f 807/807/807 806/806/806 805/805/805
f 810/810/810 809/809/809 808/808/808
f 813/813/813 812/812/812 811/811/811
f 816/816/816 815/815/815 814/814/814
f 819/819/819 818/818/818 817/817/817
f 822/822/822 821/821/821 820/820/820
f 825/825/825 824/824/824 823/823/823
f 828/828/828 827/827/827 826/826/826
f 831/831/831 830/830/830 829/829/829
f 834/834/834 833/833/833 832/832/832
f 837/837/837 836/836/836 835/835/835
f 840/840/840 839/839/839 838/838/838
f 843/843/843 842/842/842 841/841/841
f 846/846/846 845/845/845 844/844/844
f 849/849/849 848/848/848 847/847/847
f 852/852/852 851/851/851 850/850/850
f 855/855/855 854/854/854 853/853/853
f 858/858/858 857/857/857 856/856/856
f 861/861/861 860/860/860 859/859/859
f 864/864/864 863/863/863 862/862/862
f 867/867/867 866/866/866 865/865/865
f 870/870/870 869/869/869 868/868/868
f 873/873/873 872/872/872 871/871/871
f 876/876/876 875/875/875 874/874/874
f 879/879/879 878/878/878 877/877/877
f 882/882/882 881/881/881 880/880/880
f 885/885/885 884/884/884 883/883/883
f 888/888/888 887/887/887 886/886/886
f 891/891/891 890/890/890 889/889/889
f 894/894/894 893/893/893 892/892/892
f 897/897/897 896/896/896 895/895/895
f 900/900/900 899/899/899 898/898/898
f 903/903/903 902/902/902 901/901/901
f 906/906/906 905/905/905 904/904/904
f 909/909/909 908/908/908 907/907/907
f 912/912/912 911/911/911 910/910/910
f 915/915/915 914/914/914 913/913/913
f 918/918/918 917/917/917 916/916/916
f 921/921/921 920/920/920 919/919/919
f 924/924/924 923/923/923 922/922/922
f 927/927/927 926/926/926 925/925/925
f 930/930/930 929/929/929 928/928/928
f 933/933/933 932/932/932 931/931/931
f 936/936/936 935/935/935 934/934/934
f 939/939/939 938/938/938 937/937/937
f 942/942/942 941/941/941 940/940/940
f 945/945/945 944/944/944 943/943/943
f 948/948/948 947/947/947 946/946/946
f 951/951/951 950/950/950 949/949/949
f 954/954/954 953/953/953 952/952/952
f 957/957/957 956/956/956 955/955/955
f 960/960/960 959/959/959 958/958/958
f 963/963/963 962/962/962 961/961/961
f 966/966/966 965/965/965 964/964/964
f 969/969/969 968/968/968 967/967/967
f 972/972/972 971/971/971 970/970/970
f 975/975/975 974/974/974 973/973/973
f 978/978/978 977/977/977 976/976/976
f 981/981/981 980/980/980 979/979/979
f 984/984/984 983/983/983 982/982/982
f 987/987/987 986/986/986 985/985/985
f 990/990/990 989/989/989 988/988/988
f 993/993/993 992/992/992 991/991/991
f 996/996/996 995/995/995 994/994/994
