# Static pose baked from local Project Zomboid assets
o Bob_Trousers
v 0.074464810 0.099838195 0.034800095
v 0.027233266 0.116240559 0.052009078
v 0.025393334 0.116738341 0.024000083
v 0.027233266 0.116240559 0.052009078
v 0.074464810 0.099838195 0.034800095
v 0.067611868 0.099412243 0.058335070
v 0.075556360 0.039405310 0.060789333
v 0.074464810 0.099838195 0.034800095
v 0.085816202 0.054890228 0.024849547
v 0.074464810 0.099838195 0.034800095
v 0.075556360 0.039405310 0.060789333
v 0.067611868 0.099412243 0.058335070
v 0.052769179 0.000618789 0.055573731
v 0.078056925 0.032948596 0.008866809
v 0.049886422 -0.001567832 -0.004964631
v 0.078056925 0.032948596 0.008866809
v 0.052769179 0.000618789 0.055573731
v 0.075556360 0.039405310 0.060789333
v 0.025393334 0.116738341 0.024000083
v -0.016372417 0.107206654 0.048613207
v -0.016632941 0.107330101 0.018231985
v -0.016372417 0.107206654 0.048613207
v 0.025393334 0.116738341 0.024000083
v 0.027233266 0.116240559 0.052009078
v 0.114439582 0.038993704 -0.019942597
v 0.149169940 0.077750779 -0.124824145
v 0.170108663 0.034245696 -0.102301433
v 0.149169940 0.077750779 -0.124824145
v 0.114439582 0.038993704 -0.019942597
v 0.088290996 0.090239909 -0.047021474
v 0.149169940 0.077750779 -0.124824145
v 0.230740982 0.018558620 -0.202404170
v 0.170108663 0.034245696 -0.102301433
v 0.230740982 0.018558620 -0.202404170
v 0.149169940 0.077750779 -0.124824145
v 0.184584492 0.058537731 -0.210256059
v 0.092098063 -0.011854254 -0.033855235
v 0.072708231 -0.006061446 -0.160991307
v 0.003554761 0.073730829 -0.095343619
v 0.072708231 -0.006061446 -0.160991307
v 0.092098063 -0.011854254 -0.033855235
v 0.141389145 -0.017640994 -0.114672020
v 0.141389145 -0.017640994 -0.114672020
v 0.141294177 -0.007991819 -0.203193299
v 0.072708231 -0.006061446 -0.160991307
v 0.141294177 -0.007991819 -0.203193299
v 0.141389145 -0.017640994 -0.114672020
v 0.180787317 -0.016364653 -0.202852863
v 0.003554761 0.073730829 -0.095343619
v 0.088845635 0.080733699 -0.162955672
v 0.053388816 0.087849101 -0.093133442
v 0.088845635 0.080733699 -0.162955672
v 0.003554761 0.073730829 -0.095343619
v 0.072708231 -0.006061446 -0.160991307
v 0.072708231 -0.006061446 -0.160991307
v 0.147424106 0.061716488 -0.208207655
v 0.088845635 0.080733699 -0.162955672
v 0.147424106 0.061716488 -0.208207655
v 0.072708231 -0.006061446 -0.160991307
v 0.141294177 -0.007991819 -0.203193299
v 0.053388816 0.087849101 -0.093133442
v 0.149169940 0.077750779 -0.124824145
v 0.088290996 0.090239909 -0.047021474
v 0.149169940 0.077750779 -0.124824145
v 0.053388816 0.087849101 -0.093133442
v 0.088845635 0.080733699 -0.162955672
v 0.088845635 0.080733699 -0.162955672
v 0.184584492 0.058537731 -0.210256059
v 0.149169940 0.077750779 -0.124824145
v 0.184584492 0.058537731 -0.210256059
v 0.088845635 0.080733699 -0.162955672
v 0.147424106 0.061716488 -0.208207655
v 0.190041994 0.020290053 -0.271367986
v 0.113106919 0.055622149 -0.315657749
v 0.151046164 0.016317498 -0.332745874
v 0.113106919 0.055622149 -0.315657749
v 0.190041994 0.020290053 -0.271367986
v 0.153545393 0.060962110 -0.252613499
v 0.151046164 0.016317498 -0.332745874
v 0.087660916 0.048440893 -0.360958208
v 0.126748674 0.017929814 -0.375141154
v 0.087660916 0.048440893 -0.360958208
v 0.151046164 0.016317498 -0.332745874
v 0.113106919 0.055622149 -0.315657749
v 0.142593327 -0.029987392 -0.261904677
v 0.072357841 -0.016660433 -0.279984516
v 0.098874889 -0.020123579 -0.217720165
v 0.072357841 -0.016660433 -0.279984516
v 0.142593327 -0.029987392 -0.261904677
v 0.109805377 -0.025014818 -0.310862017
v 0.109805377 -0.025014818 -0.310862017
v 0.055031414 -0.009356611 -0.326361109
v 0.072357841 -0.016660433 -0.279984516
v 0.055031414 -0.009356611 -0.326361109
v 0.109805377 -0.025014818 -0.310862017
v 0.076121192 -0.025681826 -0.364179454
v 0.098874889 -0.020123579 -0.217720165
v 0.077822357 0.060194198 -0.288340376
v 0.109143521 0.066641622 -0.218692185
v 0.077822357 0.060194198 -0.288340376
v 0.098874889 -0.020123579 -0.217720165
v 0.072357841 -0.016660433 -0.279984516
v 0.072357841 -0.016660433 -0.279984516
v 0.050248577 0.050578369 -0.325311651
v 0.077822357 0.060194198 -0.288340376
v 0.050248577 0.050578369 -0.325311651
v 0.072357841 -0.016660433 -0.279984516
v 0.055031414 -0.009356611 -0.326361109
v 0.109143521 0.066641622 -0.218692185
v 0.113106919 0.055622149 -0.315657749
v 0.153545393 0.060962110 -0.252613499
v 0.113106919 0.055622149 -0.315657749
v 0.109143521 0.066641622 -0.218692185
v 0.077822357 0.060194198 -0.288340376
v 0.077822357 0.060194198 -0.288340376
v 0.087660916 0.048440893 -0.360958208
v 0.113106919 0.055622149 -0.315657749
v 0.087660916 0.048440893 -0.360958208
v 0.077822357 0.060194198 -0.288340376
v 0.050248577 0.050578369 -0.325311651
v 0.088290996 0.090239909 -0.047021474
v 0.078056925 0.032948596 0.008866809
v 0.057898531 0.084984154 -0.013410043
v 0.078056925 0.032948596 0.008866809
v 0.088290996 0.090239909 -0.047021474
v 0.114439582 0.038993704 -0.019942597
v 0.011290819 -0.022847901 -0.012377892
v 0.092098063 -0.011854254 -0.033855235
v 0.009000131 -0.004126166 -0.056827748
v 0.092098063 -0.011854254 -0.033855235
v 0.011290819 -0.022847901 -0.012377892
v 0.049886422 -0.001567832 -0.004964631
v 0.025393334 0.116738341 0.024000083
v 0.082546274 0.113830489 -0.018815324
v 0.074464810 0.099838195 0.034800095
v 0.082546274 0.113830489 -0.018815324
v 0.025393334 0.116738341 0.024000083
v 0.024735739 0.128608534 -0.025849060
v 0.024735739 0.128608534 -0.025849060
v 0.063328057 0.096272562 -0.077911395
v 0.082546274 0.113830489 -0.018815324
v 0.063328057 0.096272562 -0.077911395
v 0.024735739 0.128608534 -0.025849060
v 0.028359846 0.118730583 -0.070390140
v 0.028359846 0.118730583 -0.070390140
v 0.053388816 0.087849101 -0.093133442
v 0.063328057 0.096272562 -0.077911395
v 0.053388816 0.087849101 -0.093133442
v 0.028359846 0.118730583 -0.070390140
v 0.003554761 0.073730829 -0.095343619
v 0.190041994 0.020290053 -0.271367986
v 0.184584492 0.058537731 -0.210256059
v 0.153545393 0.060962110 -0.252613499
v 0.184584492 0.058537731 -0.210256059
v 0.190041994 0.020290053 -0.271367986
v 0.230740982 0.018558620 -0.202404170
v 0.153545393 0.060962110 -0.252613499
v 0.147424106 0.061716488 -0.208207655
v 0.109143521 0.066641622 -0.218692185
v 0.147424106 0.061716488 -0.208207655
v 0.153545393 0.060962110 -0.252613499
v 0.184584492 0.058537731 -0.210256059
v 0.147424106 0.061716488 -0.208207655
v 0.098874889 -0.020123579 -0.217720165
v 0.109143521 0.066641622 -0.218692185
v 0.098874889 -0.020123579 -0.217720165
v 0.147424106 0.061716488 -0.208207655
v 0.141294177 -0.007991819 -0.203193299
v 0.141294177 -0.007991819 -0.203193299
v 0.142593327 -0.029987392 -0.261904677
v 0.098874889 -0.020123579 -0.217720165
v 0.142593327 -0.029987392 -0.261904677
v 0.141294177 -0.007991819 -0.203193299
v 0.180787317 -0.016364653 -0.202852863
v 0.074464810 0.099838195 0.034800095
v 0.057898531 0.084984154 -0.013410043
v 0.085816202 0.054890228 0.024849547
v 0.057898531 0.084984154 -0.013410043
v 0.074464810 0.099838195 0.034800095
v 0.082546274 0.113830489 -0.018815324
v 0.082546274 0.113830489 -0.018815324
v 0.088290996 0.090239909 -0.047021474
v 0.057898531 0.084984154 -0.013410043
v 0.088290996 0.090239909 -0.047021474
v 0.082546274 0.113830489 -0.018815324
v 0.063328057 0.096272562 -0.077911395
v 0.063328057 0.096272562 -0.077911395
v 0.053388816 0.087849101 -0.093133442
v 0.088290996 0.090239909 -0.047021474
v 0.049886422 -0.001567832 -0.004964631
v 0.114439582 0.038993704 -0.019942597
v 0.092098063 -0.011854254 -0.033855235
v 0.078056925 0.032948596 0.008866809
v 0.114439582 0.038993704 -0.019942597
v 0.049886422 -0.001567832 -0.004964631
v 0.114439582 0.038993704 -0.019942597
v 0.170108663 0.034245696 -0.102301433
v 0.141389145 -0.017640994 -0.114672020
v 0.170108663 0.034245696 -0.102301433
v 0.180787317 -0.016364653 -0.202852863
v 0.141389145 -0.017640994 -0.114672020
v 0.180787317 -0.016364653 -0.202852863
v 0.170108663 0.034245696 -0.102301433
v 0.230740982 0.018558620 -0.202404170
v 0.230740982 0.018558620 -0.202404170
v 0.142593327 -0.029987392 -0.261904677
v 0.180787317 -0.016364653 -0.202852863
v 0.142593327 -0.029987392 -0.261904677
v 0.230740982 0.018558620 -0.202404170
v 0.190041994 0.020290053 -0.271367986
v 0.142593327 -0.029987392 -0.261904677
v 0.151046164 0.016317498 -0.332745874
v 0.109805377 -0.025014818 -0.310862017
v 0.151046164 0.016317498 -0.332745874
v 0.142593327 -0.029987392 -0.261904677
v 0.190041994 0.020290053 -0.271367986
v 0.109805377 -0.025014818 -0.310862017
v 0.126748674 0.017929814 -0.375141154
v 0.076121192 -0.025681826 -0.364179454
v 0.126748674 0.017929814 -0.375141154
v 0.109805377 -0.025014818 -0.310862017
v 0.151046164 0.016317498 -0.332745874
v 0.075556360 0.039405310 0.060789333
v 0.085816202 0.054890228 0.024849547
v 0.078056925 0.032948596 0.008866809
v 0.085816202 0.054890228 0.024849547
v 0.057898531 0.084984154 -0.013410043
v 0.078056925 0.032948596 0.008866809
v 0.092098063 -0.011854254 -0.033855235
v 0.001407300 0.036332128 -0.078056456
v 0.009000131 -0.004126166 -0.056827748
v 0.011290819 -0.022847901 -0.012377892
v 0.052769179 0.000618789 0.055573731
v 0.049886422 -0.001567832 -0.004964631
v -0.016632941 0.107330101 0.018231985
v 0.024735739 0.128608534 -0.025849060
v 0.025393334 0.116738341 0.024000083
v 0.024735739 0.128608534 -0.025849060
v -0.016632941 0.107330101 0.018231985
v -0.017420395 0.119405246 -0.029975573
v 0.024735739 0.128608534 -0.025849060
v -0.014234093 0.110706123 -0.069407557
v 0.028359846 0.118730583 -0.070390140
v -0.014234093 0.110706123 -0.069407557
v 0.024735739 0.128608534 -0.025849060
v -0.017420395 0.119405246 -0.029975573
v -0.014234093 0.110706123 -0.069407557
v -0.011529597 0.101041528 -0.089559121
v 0.028359846 0.118730583 -0.070390140
v -0.011529597 0.101041528 -0.089559121
v 0.001407300 0.036332128 -0.078056456
v 0.003554761 0.073730829 -0.095343619
v 0.003554761 0.073730829 -0.095343619
v 0.001407300 0.036332128 -0.078056456
v 0.092098063 -0.011854254 -0.033855235
v 0.114439582 0.038993704 -0.019942597
v 0.141389145 -0.017640994 -0.114672020
v 0.092098063 -0.011854254 -0.033855235
v 0.087660916 0.048440893 -0.360958208
v 0.124593126 0.016535922 -0.366355189
v 0.126748674 0.017929814 -0.375141154
v 0.124593126 0.016535922 -0.366355189
v 0.087660916 0.048440893 -0.360958208
v 0.087156945 0.053674830 -0.377345640
v 0.076121192 -0.025681826 -0.364179454
v 0.025938499 -0.024550716 -0.386119425
v 0.055031414 -0.009356611 -0.326361109
v 0.025938499 -0.024550716 -0.386119425
v 0.076121192 -0.025681826 -0.364179454
v 0.084881043 -0.030244515 -0.388933914
v 0.055031414 -0.009356611 -0.326361109
v 0.015208906 0.050441073 -0.376914868
v 0.050248577 0.050578369 -0.325311651
v 0.015208906 0.050441073 -0.376914868
v 0.055031414 -0.009356611 -0.326361109
v 0.025938499 -0.024550716 -0.386119425
v 0.050248577 0.050578369 -0.325311651
v 0.087156945 0.053674830 -0.377345640
v 0.087660916 0.048440893 -0.360958208
v 0.087156945 0.053674830 -0.377345640
v 0.050248577 0.050578369 -0.325311651
v 0.015208906 0.050441073 -0.376914868
v 0.126748674 0.017929814 -0.375141154
v 0.084881043 -0.030244515 -0.388933914
v 0.076121192 -0.025681826 -0.364179454
v 0.084881043 -0.030244515 -0.388933914
v 0.126748674 0.017929814 -0.375141154
v 0.124593126 0.016535922 -0.366355189
v 0.087156945 0.053674830 -0.377345640
v 0.124001025 0.018288254 -0.391930398
v 0.124593126 0.016535922 -0.366355189
v 0.124001025 0.018288254 -0.391930398
v 0.087156945 0.053674830 -0.377345640
v 0.086568878 0.055431000 -0.402842198
v 0.084881043 -0.030244515 -0.388933914
v 0.025235654 -0.022470634 -0.416478135
v 0.025938499 -0.024550716 -0.386119425
v 0.025235654 -0.022470634 -0.416478135
v 0.084881043 -0.030244515 -0.388933914
v 0.084360815 -0.026962339 -0.414405963
v 0.025938499 -0.024550716 -0.386119425
v 0.014616805 0.052193404 -0.402490074
v 0.015208906 0.050441073 -0.376914868
v 0.014616805 0.052193404 -0.402490074
v 0.025938499 -0.024550716 -0.386119425
v 0.025235654 -0.022470634 -0.416478135
v 0.015208906 0.050441073 -0.376914868
v 0.086568878 0.055431000 -0.402842198
v 0.087156945 0.053674830 -0.377345640
v 0.086568878 0.055431000 -0.402842198
v 0.015208906 0.050441073 -0.376914868
v 0.014616805 0.052193404 -0.402490074
v 0.124593126 0.016535922 -0.366355189
v 0.084360815 -0.026962339 -0.414405963
v 0.084881043 -0.030244515 -0.388933914
v 0.084360815 -0.026962339 -0.414405963
v 0.124593126 0.016535922 -0.366355189
v 0.124001025 0.018288254 -0.391930398
v 0.086568878 0.055431000 -0.402842198
v 0.064393835 0.014528474 -0.417419338
v 0.124001025 0.018288254 -0.391930398
v 0.084360815 -0.026962339 -0.414405963
v 0.064393835 0.014528474 -0.417419338
v 0.025235654 -0.022470634 -0.416478135
v 0.025235654 -0.022470634 -0.416478135
v 0.042074270 0.031596989 -0.414281343
v 0.014616805 0.052193404 -0.402490074
v 0.042074270 0.031596989 -0.414281343
v 0.025235654 -0.022470634 -0.416478135
v 0.064393835 0.014528474 -0.417419338
v 0.014616805 0.052193404 -0.402490074
v 0.064393835 0.014528474 -0.417419338
v 0.086568878 0.055431000 -0.402842198
v 0.064393835 0.014528474 -0.417419338
v 0.014616805 0.052193404 -0.402490074
v 0.042074270 0.031596989 -0.414281343
v 0.124001025 0.018288254 -0.391930398
v 0.064393835 0.014528474 -0.417419338
v 0.084360815 -0.026962339 -0.414405963
v 0.067611868 0.099412243 0.058335070
v -0.004657612 0.050121709 0.054057198
v 0.027233266 0.116240559 0.052009078
v 0.075556360 0.039405310 0.060789333
v -0.004657612 0.050121709 0.054057198
v 0.067611868 0.099412243 0.058335070
v 0.052769179 0.000618789 0.055573731
v -0.004657612 0.050121709 0.054057198
v 0.075556360 0.039405310 0.060789333
v 0.008512526 -0.013235518 0.053394854
v -0.004657612 0.050121709 0.054057198
v 0.052769179 0.000618789 0.055573731
v 0.027233266 0.116240559 0.052009078
v -0.004657612 0.050121709 0.054057198
v -0.016372417 0.107206654 0.048613207
v -0.098252129 0.064223866 0.028700617
v -0.060053973 0.097986405 0.049784918
v -0.090636240 0.066318227 0.054302761
v -0.060053973 0.097986405 0.049784918
v -0.098252129 0.064223866 0.028700617
v -0.059242431 0.099286399 0.021011181
v -0.074163604 0.008094762 0.056974329
v -0.098252129 0.064223866 0.028700617
v -0.090636240 0.066318227 0.054302761
v -0.098252129 0.064223866 0.028700617
v -0.074163604 0.008094762 0.056974329
v -0.090218903 0.018591692 0.018632888
v -0.037623649 -0.018284828 0.053270438
v -0.067190705 -0.013229577 -0.000617134
v -0.074163604 0.008094762 0.056974329
v -0.067190705 -0.013229577 -0.000617134
v -0.037623649 -0.018284828 0.053270438
v -0.032977690 -0.018654458 -0.007890967
v -0.059242431 0.099286399 0.021011181
v -0.016372417 0.107206654 0.048613207
v -0.060053973 0.097986405 0.049784918
v -0.016372417 0.107206654 0.048613207
v -0.059242431 0.099286399 0.021011181
v -0.016632941 0.107330101 0.018231985
v -0.052772551 -0.026390244 -0.054130045
v -0.108593736 -0.003058489 -0.154510867
v -0.105366115 0.009404801 -0.055770168
v -0.108593736 -0.003058489 -0.154510867
v -0.052772551 -0.026390244 -0.054130045
v -0.062746780 -0.030166991 -0.153253589
v -0.108593736 -0.003058489 -0.154510867
v -0.064677462 -0.041039802 -0.258657554
v -0.105513745 0.010705253 -0.247912940
v -0.064677462 -0.041039802 -0.258657554
v -0.108593736 -0.003058489 -0.154510867
v -0.062746780 -0.030166991 -0.153253589
v -0.001140955 -0.001924920 -0.064777706
v -0.029219729 0.085518399 -0.160241760
v -0.012631645 0.003571631 -0.157753369
v -0.029219729 0.085518399 -0.160241760
v -0.001140955 -0.001924920 -0.064777706
v -0.015434252 0.091671648 -0.093452382
v -0.012631645 0.003571631 -0.157753369
v -0.039628151 0.061495902 -0.246968005
v -0.030318529 0.014320296 -0.251529059
v -0.039628151 0.061495902 -0.246968005
v -0.012631645 0.003571631 -0.157753369
v -0.029219729 0.085518399 -0.160241760
v -0.015434252 0.091671648 -0.093452382
v -0.115652966 0.068009253 -0.155725656
v -0.029219729 0.085518399 -0.160241760
v -0.115652966 0.068009253 -0.155725656
v -0.015434252 0.091671648 -0.093452382
v -0.106380731 0.071771776 -0.078102102
v -0.029219729 0.085518399 -0.160241760
v -0.109340298 0.054614687 -0.243089778
v -0.039628151 0.061495902 -0.246968005
v -0.109340298 0.054614687 -0.243089778
v -0.029219729 0.085518399 -0.160241760
v -0.115652966 0.068009253 -0.155725656
v -0.106380731 0.071771776 -0.078102102
v -0.108593736 -0.003058489 -0.154510867
v -0.115652966 0.068009253 -0.155725656
v -0.108593736 -0.003058489 -0.154510867
v -0.106380731 0.071771776 -0.078102102
v -0.105366115 0.009404801 -0.055770168
v -0.115652966 0.068009253 -0.155725656
v -0.105513745 0.010705253 -0.247912940
v -0.109340298 0.054614687 -0.243089778
v -0.105513745 0.010705253 -0.247912940
v -0.115652966 0.068009253 -0.155725656
v -0.108593736 -0.003058489 -0.154510867
v -0.072487432 -0.018529706 -0.306105580
v -0.113828499 0.033613377 -0.374666977
v -0.112636500 0.022620653 -0.300396521
v -0.113828499 0.033613377 -0.374666977
v -0.072487432 -0.018529706 -0.306105580
v -0.074857057 -0.008163895 -0.378150023
v -0.074857057 -0.008163895 -0.378150023
v -0.111236805 0.038204751 -0.426853208
v -0.113828499 0.033613377 -0.374666977
v -0.111236805 0.038204751 -0.426853208
v -0.074857057 -0.008163895 -0.378150023
v -0.080747493 -0.003390600 -0.426449557
v -0.023166343 0.028408992 -0.321364845
v -0.040210202 0.085101379 -0.365330654
v -0.033220398 0.038247652 -0.378799268
v -0.040210202 0.085101379 -0.365330654
v -0.023166343 0.028408992 -0.321364845
v -0.030765635 0.086447058 -0.298241282
v -0.033220398 0.038247652 -0.378799268
v -0.051871957 0.081908280 -0.413891395
v -0.039745529 0.034935040 -0.439649284
v -0.051871957 0.081908280 -0.413891395
v -0.033220398 0.038247652 -0.378799268
v -0.040210202 0.085101379 -0.365330654
v -0.030765635 0.086447058 -0.298241282
v -0.117274286 0.077017905 -0.363882016
v -0.040210202 0.085101379 -0.365330654
v -0.117274286 0.077017905 -0.363882016
v -0.030765635 0.086447058 -0.298241282
v -0.116936521 0.077053790 -0.287244313
v -0.040210202 0.085101379 -0.365330654
v -0.111639719 0.086956301 -0.409589043
v -0.051871957 0.081908280 -0.413891395
v -0.111639719 0.086956301 -0.409589043
v -0.040210202 0.085101379 -0.365330654
v -0.117274286 0.077017905 -0.363882016
v -0.116936521 0.077053790 -0.287244313
v -0.113828499 0.033613377 -0.374666977
v -0.117274286 0.077017905 -0.363882016
v -0.113828499 0.033613377 -0.374666977
v -0.116936521 0.077053790 -0.287244313
v -0.112636500 0.022620653 -0.300396521
v -0.117274286 0.077017905 -0.363882016
v -0.111236805 0.038204751 -0.426853208
v -0.111639719 0.086956301 -0.409589043
v -0.111236805 0.038204751 -0.426853208
v -0.117274286 0.077017905 -0.363882016
v -0.113828499 0.033613377 -0.374666977
v -0.105366115 0.009404801 -0.055770168
v -0.067190705 -0.013229577 -0.000617134
v -0.052772551 -0.026390244 -0.054130045
v -0.067190705 -0.013229577 -0.000617134
v -0.105366115 0.009404801 -0.055770168
v -0.095786086 0.021576485 -0.011445112
v 0.011290819 -0.022847901 -0.012377892
v -0.001140955 -0.001924920 -0.064777706
v -0.032977690 -0.018654458 -0.007890967
v -0.001140955 -0.001924920 -0.064777706
v 0.011290819 -0.022847901 -0.012377892
v 0.009000131 -0.004126166 -0.056827748
v -0.059242431 0.099286399 0.021011181
v -0.107556283 0.074631235 -0.025528773
v -0.059956793 0.111144886 -0.028839966
v -0.107556283 0.074631235 -0.025528773
v -0.059242431 0.099286399 0.021011181
v -0.098252129 0.064223866 0.028700617
v -0.059956793 0.111144886 -0.028839966
v -0.107135633 0.071721344 -0.069784242
v -0.056360092 0.101261284 -0.073382015
v -0.107135633 0.071721344 -0.069784242
v -0.059956793 0.111144886 -0.028839966
v -0.107556283 0.074631235 -0.025528773
v -0.056360092 0.101261284 -0.073382015
v -0.106380731 0.071771776 -0.078102102
v -0.015434252 0.091671648 -0.093452382
v -0.106380731 0.071771776 -0.078102102
v -0.056360092 0.101261284 -0.073382015
v -0.107135633 0.071721344 -0.069784242
v -0.072487432 -0.018529706 -0.306105580
v -0.105513745 0.010705253 -0.247912940
v -0.064677462 -0.041039802 -0.258657554
v -0.105513745 0.010705253 -0.247912940
v -0.072487432 -0.018529706 -0.306105580
v -0.112636500 0.022620653 -0.300396521
v -0.112636500 0.022620653 -0.300396521
v -0.109340298 0.054614687 -0.243089778
v -0.105513745 0.010705253 -0.247912940
v -0.109340298 0.054614687 -0.243089778
v -0.112636500 0.022620653 -0.300396521
v -0.116936521 0.077053790 -0.287244313
v -0.109340298 0.054614687 -0.243089778
v -0.030765635 0.086447058 -0.298241282
v -0.039628151 0.061495902 -0.246968005
v -0.030765635 0.086447058 -0.298241282
v -0.109340298 0.054614687 -0.243089778
v -0.116936521 0.077053790 -0.287244313
v -0.039628151 0.061495902 -0.246968005
v -0.023166343 0.028408992 -0.321364845
v -0.030318529 0.014320296 -0.251529059
v -0.023166343 0.028408992 -0.321364845
v -0.039628151 0.061495902 -0.246968005
v -0.030765635 0.086447058 -0.298241282
v -0.098252129 0.064223866 0.028700617
v -0.095786086 0.021576485 -0.011445112
v -0.107556283 0.074631235 -0.025528773
v -0.095786086 0.021576485 -0.011445112
v -0.098252129 0.064223866 0.028700617
v -0.090218903 0.018591692 0.018632888
v -0.107556283 0.074631235 -0.025528773
v -0.105366115 0.009404801 -0.055770168
v -0.107135633 0.071721344 -0.069784242
v -0.105366115 0.009404801 -0.055770168
v -0.107556283 0.074631235 -0.025528773
v -0.095786086 0.021576485 -0.011445112
v -0.107135633 0.071721344 -0.069784242
v -0.105366115 0.009404801 -0.055770168
v -0.106380731 0.071771776 -0.078102102
v -0.032977690 -0.018654458 -0.007890967
v -0.001140955 -0.001924920 -0.064777706
v -0.052772551 -0.026390244 -0.054130045
v -0.067190705 -0.013229577 -0.000617134
v -0.032977690 -0.018654458 -0.007890967
v -0.052772551 -0.026390244 -0.054130045
v -0.052772551 -0.026390244 -0.054130045
v -0.012631645 0.003571631 -0.157753369
v -0.062746780 -0.030166991 -0.153253589
v -0.062746780 -0.030166991 -0.153253589
v -0.030318529 0.014320296 -0.251529059
v -0.064677462 -0.041039802 -0.258657554
v -0.030318529 0.014320296 -0.251529059
v -0.062746780 -0.030166991 -0.153253589
v -0.012631645 0.003571631 -0.157753369
v -0.064677462 -0.041039802 -0.258657554
v -0.023166343 0.028408992 -0.321364845
v -0.072487432 -0.018529706 -0.306105580
v -0.023166343 0.028408992 -0.321364845
v -0.064677462 -0.041039802 -0.258657554
v -0.030318529 0.014320296 -0.251529059
v -0.023166343 0.028408992 -0.321364845
v -0.074857057 -0.008163895 -0.378150023
v -0.072487432 -0.018529706 -0.306105580
v -0.074857057 -0.008163895 -0.378150023
v -0.023166343 0.028408992 -0.321364845
v -0.033220398 0.038247652 -0.378799268
v -0.033220398 0.038247652 -0.378799268
v -0.080747493 -0.003390600 -0.426449557
v -0.074857057 -0.008163895 -0.378150023
v -0.080747493 -0.003390600 -0.426449557
v -0.033220398 0.038247652 -0.378799268
v -0.039745529 0.034935040 -0.439649284
v -0.074163604 0.008094762 0.056974329
v -0.067190705 -0.013229577 -0.000617134
v -0.090218903 0.018591692 0.018632888
v -0.090218903 0.018591692 0.018632888
v -0.067190705 -0.013229577 -0.000617134
v -0.095786086 0.021576485 -0.011445112
v -0.001140955 -0.001924920 -0.064777706
v 0.009000131 -0.004126166 -0.056827748
v 0.001407300 0.036332128 -0.078056456
v 0.011290819 -0.022847901 -0.012377892
v -0.032977690 -0.018654458 -0.007890967
v -0.037623649 -0.018284828 0.053270438
v -0.016632941 0.107330101 0.018231985
v -0.059956793 0.111144886 -0.028839966
v -0.017420395 0.119405246 -0.029975573
v -0.059956793 0.111144886 -0.028839966
v -0.016632941 0.107330101 0.018231985
v -0.059242431 0.099286399 0.021011181
v -0.059956793 0.111144886 -0.028839966
v -0.014234093 0.110706123 -0.069407557
v -0.017420395 0.119405246 -0.029975573
v -0.014234093 0.110706123 -0.069407557
v -0.059956793 0.111144886 -0.028839966
v -0.056360092 0.101261284 -0.073382015
v -0.014234093 0.110706123 -0.069407557
v -0.056360092 0.101261284 -0.073382015
v -0.011529597 0.101041528 -0.089559121
v -0.011529597 0.101041528 -0.089559121
v -0.015434252 0.091671648 -0.093452382
v 0.001407300 0.036332128 -0.078056456
v -0.015434252 0.091671648 -0.093452382
v -0.001140955 -0.001924920 -0.064777706
v 0.001407300 0.036332128 -0.078056456
v -0.052772551 -0.026390244 -0.054130045
v -0.001140955 -0.001924920 -0.064777706
v -0.012631645 0.003571631 -0.157753369
v -0.111236805 0.038204751 -0.426853208
v -0.081626281 -0.011197016 -0.455679340
v -0.118844688 0.027705388 -0.456459801
v -0.081626281 -0.011197016 -0.455679340
v -0.111236805 0.038204751 -0.426853208
v -0.080747493 -0.003390600 -0.426449557
v -0.039745529 0.034935040 -0.439649284
v -0.040888955 0.089186028 -0.447008500
v -0.034785638 0.033288534 -0.465791025
v -0.040888955 0.089186028 -0.447008500
v -0.039745529 0.034935040 -0.439649284
v -0.051871957 0.081908280 -0.413891395
v -0.051871957 0.081908280 -0.413891395
v -0.116068079 0.096813300 -0.436353009
v -0.040888955 0.089186028 -0.447008500
v -0.116068079 0.096813300 -0.436353009
v -0.051871957 0.081908280 -0.413891395
v -0.111639719 0.086956301 -0.409589043
v -0.111639719 0.086956301 -0.409589043
v -0.118844688 0.027705388 -0.456459801
v -0.116068079 0.096813300 -0.436353009
v -0.118844688 0.027705388 -0.456459801
v -0.111639719 0.086956301 -0.409589043
v -0.111236805 0.038204751 -0.426853208
v -0.080747493 -0.003390600 -0.426449557
v -0.034785638 0.033288534 -0.465791025
v -0.081626281 -0.011197016 -0.455679340
v -0.034785638 0.033288534 -0.465791025
v -0.080747493 -0.003390600 -0.426449557
v -0.039745529 0.034935040 -0.439649284
v -0.118844688 0.027705388 -0.456459801
v -0.083024689 -0.003616924 -0.480135402
v -0.120246077 0.035290129 -0.480926694
v -0.083024689 -0.003616924 -0.480135402
v -0.118844688 0.027705388 -0.456459801
v -0.081626281 -0.011197016 -0.455679340
v -0.034785638 0.033288534 -0.465791025
v -0.042548917 0.098183875 -0.476038742
v -0.037714701 0.040767824 -0.490190804
v -0.042548917 0.098183875 -0.476038742
v -0.034785638 0.033288534 -0.465791025
v -0.040888955 0.089186028 -0.447008500
v -0.040888955 0.089186028 -0.447008500
v -0.117466487 0.104393390 -0.460809068
v -0.042548917 0.098183875 -0.476038742
v -0.117466487 0.104393390 -0.460809068
v -0.040888955 0.089186028 -0.447008500
v -0.116068079 0.096813300 -0.436353009
v -0.116068079 0.096813300 -0.436353009
v -0.120246077 0.035290129 -0.480926694
v -0.117466487 0.104393390 -0.460809068
v -0.120246077 0.035290129 -0.480926694
v -0.116068079 0.096813300 -0.436353009
v -0.118844688 0.027705388 -0.456459801
v -0.081626281 -0.011197016 -0.455679340
v -0.037714701 0.040767824 -0.490190804
v -0.083024689 -0.003616924 -0.480135402
v -0.037714701 0.040767824 -0.490190804
v -0.081626281 -0.011197016 -0.455679340
v -0.034785638 0.033288534 -0.465791025
v -0.120246077 0.035290129 -0.480926694
v -0.083024689 -0.003616924 -0.480135402
v -0.079284148 0.060703547 -0.488242420
v -0.037714701 0.040767824 -0.490190804
v -0.042548917 0.098183875 -0.476038742
v -0.079284148 0.060703547 -0.488242420
v -0.042548917 0.098183875 -0.476038742
v -0.096534942 0.081268630 -0.479363701
v -0.079284148 0.060703547 -0.488242420
v -0.096534942 0.081268630 -0.479363701
v -0.042548917 0.098183875 -0.476038742
v -0.117466487 0.104393390 -0.460809068
v -0.117466487 0.104393390 -0.460809068
v -0.079284148 0.060703547 -0.488242420
v -0.096534942 0.081268630 -0.479363701
v -0.079284148 0.060703547 -0.488242420
v -0.117466487 0.104393390 -0.460809068
v -0.120246077 0.035290129 -0.480926694
v -0.083024689 -0.003616924 -0.480135402
v -0.037714701 0.040767824 -0.490190804
v -0.079284148 0.060703547 -0.488242420
v -0.090636240 0.066318227 0.054302761
v -0.060053973 0.097986405 0.049784918
v -0.004657612 0.050121709 0.054057198
v -0.074163604 0.008094762 0.056974329
v -0.090636240 0.066318227 0.054302761
v -0.004657612 0.050121709 0.054057198
v -0.037623649 -0.018284828 0.053270438
v -0.074163604 0.008094762 0.056974329
v -0.004657612 0.050121709 0.054057198
v 0.008512526 -0.013235518 0.053394854
v -0.037623649 -0.018284828 0.053270438
v -0.004657612 0.050121709 0.054057198
v -0.060053973 0.097986405 0.049784918
v -0.016372417 0.107206654 0.048613207
v -0.004657612 0.050121709 0.054057198
v 0.052769179 0.000618789 0.055573731
v 0.011290819 -0.022847901 -0.012377892
v 0.008512526 -0.013235518 0.053394854
v 0.011290819 -0.022847901 -0.012377892
v -0.037623649 -0.018284828 0.053270438
v 0.008512526 -0.013235518 0.053394854
v 0.028359846 0.118730583 -0.070390140
v -0.011529597 0.101041528 -0.089559121
v 0.003554761 0.073730829 -0.095343619
v -0.011529597 0.101041528 -0.089559121
v -0.056360092 0.101261284 -0.073382015
v -0.015434252 0.091671648 -0.093452382
vt 0.655812979 0.560059011
vt 0.740234017 0.535561979
vt 0.742870986 0.568826020
vt 0.740234017 0.535561979
vt 0.655812979 0.560059011
vt 0.652606010 0.535561979
vt 0.584580004 0.535561979
vt 0.655812979 0.560059011
vt 0.606445014 0.576452017
vt 0.655812979 0.560059011
vt 0.584580004 0.535561979
vt 0.652606010 0.535561979
vt 0.546494007 0.535561979
vt 0.577148020 0.587302029
vt 0.539062977 0.589254975
vt 0.577148020 0.587302029
vt 0.546494007 0.535561979
vt 0.584580004 0.535561979
vt 0.742870986 0.568826020
vt 0.785156012 0.535561979
vt 0.785156012 0.570591986
vt 0.785156012 0.535561979
vt 0.742870986 0.568826020
vt 0.740234017 0.535561979
vt 0.571289003 0.614257991
vt 0.620117009 0.710937977
vt 0.583007991 0.711914003
vt 0.620117009 0.710937977
vt 0.571289003 0.614257991
vt 0.616210997 0.614257991
vt 0.620117009 0.710937977
vt 0.594506025 0.771530986
vt 0.583007991 0.711914003
vt 0.594506025 0.771530986
vt 0.620117009 0.710937977
vt 0.633000016 0.774496973
vt 0.781250000 0.617187977
vt 0.729492009 0.701171994
vt 0.738281012 0.629882991
vt 0.729492009 0.701171994
vt 0.781250000 0.617187977
vt 0.774414003 0.709960997
vt 0.774414003 0.709960997
vt 0.722656012 0.771484017
vt 0.729492009 0.701171994
vt 0.722656012 0.771484017
vt 0.774414003 0.709960997
vt 0.768554986 0.771484017
vt 0.738281012 0.629882991
vt 0.676757991 0.704101980
vt 0.680441976 0.630411983
vt 0.676757991 0.704101980
vt 0.738281012 0.629882991
vt 0.729492009 0.701171994
vt 0.729492009 0.701171994
vt 0.676864982 0.770649016
vt 0.676757991 0.704101980
vt 0.676864982 0.770649016
vt 0.729492009 0.701171994
vt 0.722656012 0.771484017
vt 0.680441976 0.630411983
vt 0.620117009 0.710937977
vt 0.616210997 0.614257991
vt 0.620117009 0.710937977
vt 0.680441976 0.630411983
vt 0.676757991 0.704101980
vt 0.676757991 0.704101980
vt 0.633000016 0.774496973
vt 0.620117009 0.710937977
vt 0.633000016 0.774496973
vt 0.676757991 0.704101980
vt 0.676864982 0.770649016
vt 0.605823994 0.832777023
vt 0.655273020 0.876953006
vt 0.614238977 0.877417028
vt 0.655273020 0.876953006
vt 0.605823994 0.832777023
vt 0.646853983 0.829473019
vt 0.614238977 0.877417028
vt 0.661132991 0.920898020
vt 0.624240994 0.921905994
vt 0.661132991 0.920898020
vt 0.614238977 0.877417028
vt 0.655273020 0.876953006
vt 0.758789003 0.829101980
vt 0.722656012 0.876953006
vt 0.724609017 0.825195014
vt 0.722656012 0.876953006
vt 0.758789003 0.829101980
vt 0.753906012 0.876953006
vt 0.753906012 0.876953006
vt 0.717773020 0.921875000
vt 0.722656012 0.876953006
vt 0.717773020 0.921875000
vt 0.753906012 0.876953006
vt 0.747070014 0.921875000
vt 0.724609017 0.825195014
vt 0.679687977 0.875976980
vt 0.676509023 0.820604026
vt 0.679687977 0.875976980
vt 0.724609017 0.825195014
vt 0.722656012 0.876953006
vt 0.722656012 0.876953006
vt 0.683311999 0.921037018
vt 0.679687977 0.875976980
vt 0.683311999 0.921037018
vt 0.722656012 0.876953006
vt 0.717773020 0.921875000
vt 0.676509023 0.820604026
vt 0.655273020 0.876953006
vt 0.646853983 0.829473019
vt 0.655273020 0.876953006
vt 0.676509023 0.820604026
vt 0.679687977 0.875976980
vt 0.679687977 0.875976980
vt 0.661132991 0.920898020
vt 0.655273020 0.876953006
vt 0.661132991 0.920898020
vt 0.679687977 0.875976980
vt 0.683311999 0.921037018
vt 0.616210997 0.614257991
vt 0.577148020 0.587302029
vt 0.622070014 0.584178984
vt 0.577148020 0.587302029
vt 0.616210997 0.614257991
vt 0.571289003 0.614257991
vt 0.500618994 0.591796994
vt 0.512254000 0.615234017
vt 0.500618994 0.616203010
vt 0.512254000 0.615234017
vt 0.500618994 0.591796994
vt 0.539062977 0.589254975
vt 0.742870986 0.568826020
vt 0.677475989 0.591902971
vt 0.655812979 0.560059011
vt 0.677475989 0.591902971
vt 0.742870986 0.568826020
vt 0.744140983 0.590817988
vt 0.744140983 0.590817988
vt 0.681532979 0.613192976
vt 0.677475989 0.591902971
vt 0.681532979 0.613192976
vt 0.744140983 0.590817988
vt 0.741210997 0.610741973
vt 0.741210997 0.610741973
vt 0.680441976 0.630411983
vt 0.681532979 0.613192976
vt 0.680441976 0.630411983
vt 0.741210997 0.610741973
vt 0.738281012 0.629882991
vt 0.605823994 0.832777023
vt 0.633000016 0.774496973
vt 0.646853983 0.829473019
vt 0.633000016 0.774496973
vt 0.605823994 0.832777023
vt 0.594506025 0.771530986
vt 0.646853983 0.829473019
vt 0.676864982 0.770649016
vt 0.676509023 0.820604026
vt 0.676864982 0.770649016
vt 0.646853983 0.829473019
vt 0.633000016 0.774496973
vt 0.676864982 0.770649016
vt 0.724609017 0.825195014
vt 0.676509023 0.820604026
vt 0.724609017 0.825195014
vt 0.676864982 0.770649016
vt 0.722656012 0.771484017
vt 0.722656012 0.771484017
vt 0.758789003 0.829101980
vt 0.724609017 0.825195014
vt 0.758789003 0.829101980
vt 0.722656012 0.771484017
vt 0.768554986 0.771484017
vt 0.655812979 0.560059011
vt 0.622070014 0.584178984
vt 0.606445014 0.576452017
vt 0.622070014 0.584178984
vt 0.655812979 0.560059011
vt 0.677475989 0.591902971
vt 0.677475989 0.591902971
vt 0.616210997 0.614257991
vt 0.622070014 0.584178984
vt 0.616210997 0.614257991
vt 0.677475989 0.591902971
vt 0.681532979 0.613192976
vt 0.681532979 0.613192976
vt 0.680441976 0.630411983
vt 0.616210997 0.614257991
vt 0.539062977 0.589254975
vt 0.571289003 0.614257991
vt 0.512254000 0.615234017
vt 0.577148020 0.587302029
vt 0.571289003 0.614257991
vt 0.539062977 0.589254975
vt 0.571289003 0.614257991
vt 0.583007991 0.711914003
vt 0.537109017 0.710937977
vt 0.583007991 0.711914003
vt 0.551757991 0.772460997
vt 0.537109017 0.710937977
vt 0.551757991 0.772460997
vt 0.583007991 0.711914003
vt 0.594506025 0.771530986
vt 0.594506025 0.771530986
vt 0.567382991 0.843750000
vt 0.551757991 0.772460997
vt 0.567382991 0.843750000
vt 0.594506025 0.771530986
vt 0.605823994 0.832777023
vt 0.567382991 0.843750000
vt 0.614238977 0.877417028
vt 0.577046990 0.878556013
vt 0.614238977 0.877417028
vt 0.567382991 0.843750000
vt 0.605823994 0.832777023
vt 0.577046990 0.878556013
vt 0.624240994 0.921905994
vt 0.591796994 0.923828006
vt 0.624240994 0.921905994
vt 0.577046990 0.878556013
vt 0.614238977 0.877417028
vt 0.584580004 0.535561979
vt 0.606445014 0.576452017
vt 0.577148020 0.587302029
vt 0.606445014 0.576452017
vt 0.622070014 0.584178984
vt 0.577148020 0.587302029
vt 0.781250000 0.617187977
vt 0.781250000 0.609375000
vt 0.785156012 0.617187977
vt 0.500618994 0.591796994
vt 0.546494007 0.535561979
vt 0.539062977 0.589254975
vt 0.785156012 0.570591986
vt 0.744140983 0.590817988
vt 0.742870986 0.568826020
vt 0.744140983 0.590817988
vt 0.785156012 0.570591986
vt 0.785156012 0.589843988
vt 0.744140983 0.590817988
vt 0.785156012 0.609375000
vt 0.741210997 0.610741973
vt 0.785156012 0.609375000
vt 0.744140983 0.590817988
vt 0.785156012 0.589843988
vt 0.785156012 0.609375000
vt 0.781250000 0.605468988
vt 0.741210997 0.610741973
vt 0.781250000 0.605468988
vt 0.781250000 0.609375000
vt 0.738281012 0.629882991
vt 0.738281012 0.629882991
vt 0.781250000 0.609375000
vt 0.781250000 0.617187977
vt 0.571289003 0.614257991
vt 0.537109017 0.710937977
vt 0.512254000 0.615234017
vt 0.661132991 0.920898020
vt 0.631226003 0.953270972
vt 0.624240994 0.921905994
vt 0.631226003 0.953270972
vt 0.661132991 0.920898020
vt 0.663504004 0.952373981
vt 0.747070014 0.921875000
vt 0.712890983 0.952148020
vt 0.717773020 0.921875000
vt 0.712890983 0.952148020
vt 0.747070014 0.921875000
vt 0.742407978 0.952904999
vt 0.717773020 0.921875000
vt 0.685379028 0.952244997
vt 0.683311999 0.921037018
vt 0.685379028 0.952244997
vt 0.717773020 0.921875000
vt 0.712890983 0.952148020
vt 0.683311999 0.921037018
vt 0.663504004 0.952373981
vt 0.661132991 0.920898020
vt 0.663504004 0.952373981
vt 0.683311999 0.921037018
vt 0.685379028 0.952244997
vt 0.624240994 0.921905994
vt 0.604492009 0.955078006
vt 0.591796994 0.923828006
vt 0.604492009 0.955078006
vt 0.624240994 0.921905994
vt 0.631226003 0.953270972
vt 0.663504004 0.952373981
vt 0.637695014 0.980468988
vt 0.631226003 0.953270972
vt 0.637695014 0.980468988
vt 0.663504004 0.952373981
vt 0.666342020 0.980485976
vt 0.742407978 0.952904999
vt 0.708984017 0.980468988
vt 0.712890983 0.952148020
vt 0.708984017 0.980468988
vt 0.742407978 0.952904999
vt 0.738281012 0.980468988
vt 0.712890983 0.952148020
vt 0.687500000 0.980468988
vt 0.685379028 0.952244997
vt 0.687500000 0.980468988
vt 0.712890983 0.952148020
vt 0.708984017 0.980468988
vt 0.685379028 0.952244997
vt 0.666342020 0.980485976
vt 0.663504004 0.952373981
vt 0.666342020 0.980485976
vt 0.685379028 0.952244997
vt 0.687500000 0.980468988
vt 0.631226003 0.953270972
vt 0.615234017 0.981445014
vt 0.604492009 0.955078006
vt 0.615234017 0.981445014
vt 0.631226003 0.953270972
vt 0.637695014 0.980468988
vt 0.666342020 0.980485976
vt 0.639518976 0.992693007
vt 0.637695014 0.980468988
vt 0.738281012 0.980468988
vt 0.715812027 0.992156029
vt 0.708984017 0.980468988
vt 0.708984017 0.980468988
vt 0.685859978 0.991764009
vt 0.687500000 0.980468988
vt 0.685859978 0.991764009
vt 0.708984017 0.980468988
vt 0.715812027 0.992156029
vt 0.687500000 0.980468988
vt 0.639518976 0.992693007
vt 0.666342020 0.980485976
vt 0.639518976 0.992693007
vt 0.687500000 0.980468988
vt 0.685859978 0.991764009
vt 0.637695014 0.980468988
vt 0.639518976 0.992693007
vt 0.615234017 0.981445014
vt 0.503664017 0.565295994
vt 0.503464997 0.565297008
vt 0.506848991 0.565295994
vt 0.501191974 0.565295994
vt 0.503464997 0.565297008
vt 0.503664017 0.565295994
vt 0.499808013 0.565295994
vt 0.503464997 0.565297008
vt 0.501191974 0.565295994
vt 0.498140007 0.565298021
vt 0.503464997 0.565297008
vt 0.499808013 0.565298021
vt 0.506848991 0.565295994
vt 0.503464997 0.565297008
vt 0.508481979 0.565295994
vt 0.346322000 0.559849977
vt 0.261361003 0.535561979
vt 0.349251986 0.535561979
vt 0.261361003 0.535561979
vt 0.346322000 0.559849977
vt 0.259407997 0.568638980
vt 0.416635007 0.535561979
vt 0.346322000 0.559849977
vt 0.349251986 0.535561979
vt 0.346322000 0.559849977
vt 0.416635007 0.535561979
vt 0.395150006 0.576452017
vt 0.454721004 0.535561979
vt 0.424447000 0.586914003
vt 0.416635007 0.535561979
vt 0.424447000 0.586914003
vt 0.454721004 0.535561979
vt 0.462532997 0.588867009
vt 0.259407997 0.568638980
vt 0.210938007 0.535561979
vt 0.261361003 0.535561979
vt 0.210938007 0.535561979
vt 0.259407997 0.568638980
vt 0.210938007 0.570591986
vt 0.430307001 0.614257991
vt 0.381478995 0.710937977
vt 0.385385007 0.614257991
vt 0.381478995 0.710937977
vt 0.430307001 0.614257991
vt 0.418588012 0.711914003
vt 0.381478995 0.710937977
vt 0.406868994 0.771484017
vt 0.368782997 0.774414003
vt 0.406868994 0.771484017
vt 0.381478995 0.710937977
vt 0.418588012 0.711914003
vt 0.218750000 0.617187977
vt 0.272103995 0.701171994
vt 0.227182001 0.709960997
vt 0.272103995 0.701171994
vt 0.218750000 0.617187977
vt 0.263314009 0.629882991
vt 0.227182001 0.709960997
vt 0.278939009 0.771484017
vt 0.233041003 0.771484017
vt 0.278939009 0.771484017
vt 0.227182001 0.709960997
vt 0.272103995 0.701171994
vt 0.263314009 0.629882991
vt 0.324838012 0.704101980
vt 0.272103995 0.701171994
vt 0.324838012 0.704101980
vt 0.263314009 0.629882991
vt 0.321907997 0.630859017
vt 0.272103995 0.701171994
vt 0.324838012 0.770507991
vt 0.278939009 0.771484017
vt 0.324838012 0.770507991
vt 0.272103995 0.701171994
vt 0.324838012 0.704101980
vt 0.321907997 0.630859017
vt 0.381478995 0.710937977
vt 0.324838012 0.704101980
vt 0.381478995 0.710937977
vt 0.321907997 0.630859017
vt 0.385385007 0.614257991
vt 0.324838012 0.704101980
vt 0.368782997 0.774414003
vt 0.324838012 0.770507991
vt 0.368782997 0.774414003
vt 0.324838012 0.704101980
vt 0.381478995 0.710937977
vt 0.396126986 0.833007991
vt 0.346322000 0.876953006
vt 0.355111003 0.829101980
vt 0.346322000 0.876953006
vt 0.396126986 0.833007991
vt 0.387338012 0.876953006
vt 0.387338012 0.876953006
vt 0.340463012 0.920898020
vt 0.346322000 0.876953006
vt 0.340463012 0.920898020
vt 0.387338012 0.876953006
vt 0.377572000 0.921875000
vt 0.242807001 0.829101980
vt 0.278939009 0.876953006
vt 0.247690007 0.876953006
vt 0.278939009 0.876953006
vt 0.242807001 0.829101980
vt 0.276986003 0.825195014
vt 0.247690007 0.876953006
vt 0.283822000 0.921875000
vt 0.254525006 0.921875000
vt 0.283822000 0.921875000
vt 0.247690007 0.876953006
vt 0.278939009 0.876953006
vt 0.276986003 0.825195014
vt 0.321907997 0.875976980
vt 0.278939009 0.876953006
vt 0.321907997 0.875976980
vt 0.276986003 0.825195014
vt 0.325814009 0.820312977
vt 0.278939009 0.876953006
vt 0.318978995 0.920898020
vt 0.283822000 0.921875000
vt 0.318978995 0.920898020
vt 0.278939009 0.876953006
vt 0.321907997 0.875976980
vt 0.325814009 0.820312977
vt 0.346322000 0.876953006
vt 0.321907997 0.875976980
vt 0.346322000 0.876953006
vt 0.325814009 0.820312977
vt 0.355111003 0.829101980
vt 0.321907997 0.875976980
vt 0.340463012 0.920898020
vt 0.318978995 0.920898020
vt 0.340463012 0.920898020
vt 0.321907997 0.875976980
vt 0.346322000 0.876953006
vt 0.385385007 0.614257991
vt 0.424447000 0.586914003
vt 0.430307001 0.614257991
vt 0.424447000 0.586914003
vt 0.385385007 0.614257991
vt 0.379525006 0.583984017
vt 0.500618994 0.591796994
vt 0.489342004 0.615234017
vt 0.462532997 0.588867009
vt 0.489342004 0.615234017
vt 0.500618994 0.591796994
vt 0.500618994 0.616203010
vt 0.259407997 0.568638980
vt 0.324838012 0.591796994
vt 0.257454991 0.590820014
vt 0.324838012 0.591796994
vt 0.259407997 0.568638980
vt 0.346322000 0.559849977
vt 0.257454991 0.590820014
vt 0.319954991 0.613281012
vt 0.260385007 0.610351980
vt 0.319954991 0.613281012
vt 0.257454991 0.590820014
vt 0.324838012 0.591796994
vt 0.260385007 0.610351980
vt 0.321907997 0.630859017
vt 0.263314009 0.629882991
vt 0.321907997 0.630859017
vt 0.260385007 0.610351980
vt 0.319954991 0.613281012
vt 0.396126986 0.833007991
vt 0.368782997 0.774414003
vt 0.406868994 0.771484017
vt 0.368782997 0.774414003
vt 0.396126986 0.833007991
vt 0.355111003 0.829101980
vt 0.355111003 0.829101980
vt 0.324838012 0.770507991
vt 0.368782997 0.774414003
vt 0.324838012 0.770507991
vt 0.355111003 0.829101980
vt 0.325814009 0.820312977
vt 0.324838012 0.770507991
vt 0.276986003 0.825195014
vt 0.278939009 0.771484017
vt 0.276986003 0.825195014
vt 0.324838012 0.770507991
vt 0.325814009 0.820312977
vt 0.278939009 0.771484017
vt 0.242807001 0.829101980
vt 0.233041003 0.771484017
vt 0.242807001 0.829101980
vt 0.278939009 0.771484017
vt 0.276986003 0.825195014
vt 0.346322000 0.559849977
vt 0.379525006 0.583984017
vt 0.324838012 0.591796994
vt 0.379525006 0.583984017
vt 0.346322000 0.559849977
vt 0.395150006 0.576452017
vt 0.324838012 0.591796994
vt 0.385385007 0.614257991
vt 0.319954991 0.613281012
vt 0.385385007 0.614257991
vt 0.324838012 0.591796994
vt 0.379525006 0.583984017
vt 0.319954991 0.613281012
vt 0.385385007 0.614257991
vt 0.321907997 0.630859017
vt 0.462532997 0.588867009
vt 0.489342004 0.615234017
vt 0.430307001 0.614257991
vt 0.424447000 0.586914003
vt 0.462532997 0.588867009
vt 0.430307001 0.614257991
vt 0.430307001 0.614257991
vt 0.464486003 0.710937977
vt 0.418588012 0.711914003
vt 0.418588012 0.711914003
vt 0.449838012 0.772460997
vt 0.406868994 0.771484017
vt 0.449838012 0.772460997
vt 0.418588012 0.711914003
vt 0.464486003 0.710937977
vt 0.406868994 0.771484017
vt 0.434213012 0.843750000
vt 0.396126986 0.833007991
vt 0.434213012 0.843750000
vt 0.406868994 0.771484017
vt 0.449838012 0.772460997
vt 0.434213012 0.843750000
vt 0.387338012 0.876953006
vt 0.396126986 0.833007991
vt 0.387338012 0.876953006
vt 0.434213012 0.843750000
vt 0.424447000 0.878906012
vt 0.424447000 0.878906012
vt 0.377572000 0.921875000
vt 0.387338012 0.876953006
vt 0.377572000 0.921875000
vt 0.424447000 0.878906012
vt 0.409799010 0.923828006
vt 0.416635007 0.535561979
vt 0.424447000 0.586914003
vt 0.395150006 0.576452017
vt 0.395150006 0.576452017
vt 0.424447000 0.586914003
vt 0.379525006 0.583984017
vt 0.218750000 0.617187977
vt 0.214844003 0.617187977
vt 0.217416003 0.610351980
vt 0.500618994 0.591796994
vt 0.462532997 0.588867009
vt 0.454721004 0.535561979
vt 0.210938007 0.570591986
vt 0.257454991 0.590820014
vt 0.210938007 0.589843988
vt 0.257454991 0.590820014
vt 0.210938007 0.570591986
vt 0.259407997 0.568638980
vt 0.257454991 0.590820014
vt 0.210938007 0.609375000
vt 0.210938007 0.589843988
vt 0.210938007 0.609375000
vt 0.257454991 0.590820014
vt 0.260385007 0.610351980
vt 0.210938007 0.609375000
vt 0.260385007 0.610351980
vt 0.216440007 0.603515983
vt 0.216440007 0.603515983
vt 0.263314009 0.629882991
vt 0.217416003 0.610351980
vt 0.263314009 0.629882991
vt 0.218750000 0.617187977
vt 0.217416003 0.610351980
vt 0.430307001 0.614257991
vt 0.489342004 0.615234017
vt 0.464486003 0.710937977
vt 0.340463012 0.920898020
vt 0.370736003 0.953125000
vt 0.338510007 0.952148020
vt 0.370736003 0.953125000
vt 0.340463012 0.920898020
vt 0.377572000 0.921875000
vt 0.254525006 0.921875000
vt 0.288704991 0.952148020
vt 0.259407997 0.953125000
vt 0.288704991 0.952148020
vt 0.254525006 0.921875000
vt 0.283822000 0.921875000
vt 0.283822000 0.921875000
vt 0.317025006 0.952148020
vt 0.288704991 0.952148020
vt 0.317025006 0.952148020
vt 0.283822000 0.921875000
vt 0.318978995 0.920898020
vt 0.318978995 0.920898020
vt 0.338510007 0.952148020
vt 0.317025006 0.952148020
vt 0.338510007 0.952148020
vt 0.318978995 0.920898020
vt 0.340463012 0.920898020
vt 0.377572000 0.921875000
vt 0.397103995 0.955078006
vt 0.370736003 0.953125000
vt 0.397103995 0.955078006
vt 0.377572000 0.921875000
vt 0.409799010 0.923828006
vt 0.338510007 0.952148020
vt 0.363900006 0.980468988
vt 0.335579991 0.980468988
vt 0.363900006 0.980468988
vt 0.338510007 0.952148020
vt 0.370736003 0.953125000
vt 0.259407997 0.953125000
vt 0.292611003 0.980468988
vt 0.263314009 0.980468988
vt 0.292611003 0.980468988
vt 0.259407997 0.953125000
vt 0.288704991 0.952148020
vt 0.288704991 0.952148020
vt 0.314096004 0.980468988
vt 0.292611003 0.980468988
vt 0.314096004 0.980468988
vt 0.288704991 0.952148020
vt 0.317025006 0.952148020
vt 0.317025006 0.952148020
vt 0.335579991 0.980468988
vt 0.314096004 0.980468988
vt 0.335579991 0.980468988
vt 0.317025006 0.952148020
vt 0.338510007 0.952148020
vt 0.370736003 0.953125000
vt 0.386361003 0.981445014
vt 0.363900006 0.980468988
vt 0.386361003 0.981445014
vt 0.370736003 0.953125000
vt 0.397103995 0.955078006
vt 0.335579991 0.980468988
vt 0.363900006 0.980468988
vt 0.361947000 0.993164003
vt 0.263314009 0.980468988
vt 0.292611003 0.980468988
vt 0.285775006 0.992187977
vt 0.292611003 0.980468988
vt 0.316049010 0.992187977
vt 0.285775006 0.992187977
vt 0.316049010 0.992187977
vt 0.292611003 0.980468988
vt 0.314096004 0.980468988
vt 0.314096004 0.980468988
vt 0.361947000 0.993164003
vt 0.316049010 0.992187977
vt 0.361947000 0.993164003
vt 0.314096004 0.980468988
vt 0.335579991 0.980468988
vt 0.363900006 0.980468988
vt 0.386361003 0.981445014
vt 0.361947000 0.993164003
vt 0.492639005 0.565295994
vt 0.489445001 0.565295994
vt 0.492852002 0.565297008
vt 0.495088011 0.565295994
vt 0.492639005 0.565295994
vt 0.492852002 0.565297008
vt 0.496472001 0.565295994
vt 0.495088011 0.565295994
vt 0.492852002 0.565297008
vt 0.498140007 0.565298021
vt 0.496472001 0.565298021
vt 0.492852002 0.565297008
vt 0.489445001 0.565295994
vt 0.487612009 0.565295994
vt 0.492852002 0.565297008
vt 0.546494007 0.535561979
vt 0.500618994 0.591796994
vt 0.500618994 0.535561979
vt 0.500618994 0.591796994
vt 0.454721004 0.535561979
vt 0.500618994 0.535561979
vt 0.741210997 0.610741973
vt 0.781250000 0.605468988
vt 0.738281012 0.629882991
vt 0.216440007 0.603515983
vt 0.260385007 0.610351980
vt 0.263314009 0.629882991
vn 0.851440432 0.514783460 0.100235623
vn -0.002804674 0.561236283 0.827650873
vn 0.067932487 0.982376253 0.174132346
vn -0.002804674 0.561236283 0.827650873
vn 0.851440432 0.514783460 0.100235623
vn 0.119911478 0.186836633 0.975045286
vn 0.498581310 -0.113353416 0.859399605
vn 0.851440432 0.514783460 0.100235623
vn 0.979964346 0.115528550 -0.162243749
vn 0.851440432 0.514783460 0.100235623
vn 0.498581310 -0.113353416 0.859399605
vn 0.119911478 0.186836633 0.975045286
vn 0.464639332 -0.679423841 0.567885143
vn 0.918747871 -0.121420616 0.375711835
vn 0.560813972 -0.711197028 0.423894417
vn 0.918747871 -0.121420616 0.375711835
vn 0.464639332 -0.679423841 0.567885143
vn 0.498581310 -0.113353416 0.859399605
vn 0.067932487 0.982376253 0.174132346
vn -0.164852767 0.709696705 0.684948284
vn -0.204736735 0.961572971 0.182921544
vn -0.164852767 0.709696705 0.684948284
vn 0.067932487 0.982376253 0.174132346
vn -0.002804674 0.561236283 0.827650873
vn 0.775479132 0.011916701 0.631260729
vn 0.487596290 0.858076498 0.161104256
vn 0.839335997 -0.189082399 0.509669433
vn 0.487596290 0.858076498 0.161104256
vn 0.775479132 0.011916701 0.631260729
vn 0.578814204 0.739640320 0.343374889
vn 0.487596290 0.858076498 0.161104256
vn 0.996106714 -0.053319210 0.070203107
vn 0.839335997 -0.189082399 0.509669433
vn 0.996106714 -0.053319210 0.070203107
vn 0.487596290 0.858076498 0.161104256
vn 0.434677709 0.883175281 -0.176229145
vn -0.137627712 -0.989868431 -0.034915638
vn -0.663025794 -0.595407420 -0.453747507
vn -0.740224237 -0.251198224 -0.623672616
vn -0.663025794 -0.595407420 -0.453747507
vn -0.137627712 -0.989868431 -0.034915638
vn 0.359664456 -0.905547017 0.225002397
vn 0.359664456 -0.905547017 0.225002397
vn -0.357516841 -0.930875452 -0.075183785
vn -0.663025794 -0.595407420 -0.453747507
vn -0.357516841 -0.930875452 -0.075183785
vn 0.359664456 -0.905547017 0.225002397
vn 0.454327712 -0.857440978 0.241622226
vn -0.740224237 -0.251198224 -0.623672616
vn -0.355098459 0.721396958 -0.594551523
vn 0.016204270 0.965569476 -0.259640151
vn -0.355098459 0.721396958 -0.594551523
vn -0.740224237 -0.251198224 -0.623672616
vn -0.663025794 -0.595407420 -0.453747507
vn -0.663025794 -0.595407420 -0.453747507
vn -0.750126771 0.528934340 -0.396910937
vn -0.355098459 0.721396958 -0.594551523
vn -0.750126771 0.528934340 -0.396910937
vn -0.663025794 -0.595407420 -0.453747507
vn -0.357516841 -0.930875452 -0.075183785
vn 0.016204270 0.965569476 -0.259640151
vn 0.487596290 0.858076498 0.161104256
vn 0.578814204 0.739640320 0.343374889
vn 0.487596290 0.858076498 0.161104256
vn 0.016204270 0.965569476 -0.259640151
vn -0.355098459 0.721396958 -0.594551523
vn -0.355098459 0.721396958 -0.594551523
vn 0.434677709 0.883175281 -0.176229145
vn 0.487596290 0.858076498 0.161104256
vn 0.434677709 0.883175281 -0.176229145
vn -0.355098459 0.721396958 -0.594551523
vn -0.750126771 0.528934340 -0.396910937
vn 0.823632227 0.212824942 -0.525676230
vn 0.337429218 0.892929284 -0.298024860
vn 0.829831711 -0.078887043 -0.552409418
vn 0.337429218 0.892929284 -0.298024860
vn 0.823632227 0.212824942 -0.525676230
vn 0.339554932 0.907305714 -0.247989494
vn 0.829831711 -0.078887043 -0.552409418
vn 0.303837098 0.923098325 -0.235738202
vn 0.742676132 -0.569312166 -0.352584487
vn 0.303837098 0.923098325 -0.235738202
vn 0.829831711 -0.078887043 -0.552409418
vn 0.337429218 0.892929284 -0.298024860
vn 0.348213514 -0.924157815 -0.157097682
vn -0.786113742 -0.523116956 0.329201816
vn -0.714372313 -0.252395179 0.652662908
vn -0.786113742 -0.523116956 0.329201816
vn 0.348213514 -0.924157815 -0.157097682
vn 0.239334481 -0.946823133 -0.215046417
vn 0.239334481 -0.946823133 -0.215046417
vn -0.746081606 -0.522670490 0.412526116
vn -0.786113742 -0.523116956 0.329201816
vn -0.746081606 -0.522670490 0.412526116
vn 0.239334481 -0.946823133 -0.215046417
vn 0.195991423 -0.978033104 0.070983166
vn -0.714372313 -0.252395179 0.652662908
vn -0.776774296 0.545205447 0.315234378
vn -0.490394136 0.775853902 0.396943716
vn -0.776774296 0.545205447 0.315234378
vn -0.714372313 -0.252395179 0.652662908
vn -0.786113742 -0.523116956 0.329201816
vn -0.786113742 -0.523116956 0.329201816
vn -0.733995530 0.540376736 0.411392203
vn -0.776774296 0.545205447 0.315234378
vn -0.733995530 0.540376736 0.411392203
vn -0.786113742 -0.523116956 0.329201816
vn -0.746081606 -0.522670490 0.412526116
vn -0.490394136 0.775853902 0.396943716
vn 0.337429218 0.892929284 -0.298024860
vn 0.339554932 0.907305714 -0.247989494
vn 0.337429218 0.892929284 -0.298024860
vn -0.490394136 0.775853902 0.396943716
vn -0.776774296 0.545205447 0.315234378
vn -0.776774296 0.545205447 0.315234378
vn 0.303837098 0.923098325 -0.235738202
vn 0.337429218 0.892929284 -0.298024860
vn 0.303837098 0.923098325 -0.235738202
vn -0.776774296 0.545205447 0.315234378
vn -0.733995530 0.540376736 0.411392203
vn 0.578814204 0.739640320 0.343374889
vn 0.918747871 -0.121420616 0.375711835
vn 0.996417911 0.036982618 0.076050204
vn 0.918747871 -0.121420616 0.375711835
vn 0.578814204 0.739640320 0.343374889
vn 0.775479132 0.011916701 0.631260729
vn 0.136798205 -0.990417625 -0.018952023
vn -0.137627712 -0.989868431 -0.034915638
vn 0.146531792 -0.723818708 -0.674251371
vn -0.137627712 -0.989868431 -0.034915638
vn 0.136798205 -0.990417625 -0.018952023
vn 0.560813972 -0.711197028 0.423894417
vn 0.067932487 0.982376253 0.174132346
vn 0.590045325 0.806845760 0.029093539
vn 0.851440432 0.514783460 0.100235623
vn 0.590045325 0.806845760 0.029093539
vn 0.067932487 0.982376253 0.174132346
vn 0.055191009 0.997410024 -0.046121531
vn 0.055191009 0.997410024 -0.046121531
vn 0.442106393 0.816155643 -0.372064381
vn 0.590045325 0.806845760 0.029093539
vn 0.442106393 0.816155643 -0.372064381
vn 0.055191009 0.997410024 -0.046121531
vn 0.100953777 0.797818089 -0.594385929
vn 0.100953777 0.797818089 -0.594385929
vn 0.016204270 0.965569476 -0.259640151
vn 0.442106393 0.816155643 -0.372064381
vn 0.016204270 0.965569476 -0.259640151
vn 0.100953777 0.797818089 -0.594385929
vn -0.740224237 -0.251198224 -0.623672616
vn 0.823632227 0.212824942 -0.525676230
vn 0.434677709 0.883175281 -0.176229145
vn 0.339554932 0.907305714 -0.247989494
vn 0.434677709 0.883175281 -0.176229145
vn 0.823632227 0.212824942 -0.525676230
vn 0.996106714 -0.053319210 0.070203107
vn 0.339554932 0.907305714 -0.247989494
vn -0.750126771 0.528934340 -0.396910937
vn -0.490394136 0.775853902 0.396943716
vn -0.750126771 0.528934340 -0.396910937
vn 0.339554932 0.907305714 -0.247989494
vn 0.434677709 0.883175281 -0.176229145
vn -0.750126771 0.528934340 -0.396910937
vn -0.714372313 -0.252395179 0.652662908
vn -0.490394136 0.775853902 0.396943716
vn -0.714372313 -0.252395179 0.652662908
vn -0.750126771 0.528934340 -0.396910937
vn -0.357516841 -0.930875452 -0.075183785
vn -0.357516841 -0.930875452 -0.075183785
vn 0.348213514 -0.924157815 -0.157097682
vn -0.714372313 -0.252395179 0.652662908
vn 0.348213514 -0.924157815 -0.157097682
vn -0.357516841 -0.930875452 -0.075183785
vn 0.454327712 -0.857440978 0.241622226
vn 0.851440432 0.514783460 0.100235623
vn 0.996417911 0.036982618 0.076050204
vn 0.979964346 0.115528550 -0.162243749
vn 0.996417911 0.036982618 0.076050204
vn 0.851440432 0.514783460 0.100235623
vn 0.590045325 0.806845760 0.029093539
vn 0.590045325 0.806845760 0.029093539
vn 0.578814204 0.739640320 0.343374889
vn 0.996417911 0.036982618 0.076050204
vn 0.578814204 0.739640320 0.343374889
vn 0.590045325 0.806845760 0.029093539
vn 0.442106393 0.816155643 -0.372064381
vn 0.442106393 0.816155643 -0.372064381
vn 0.016204270 0.965569476 -0.259640151
vn 0.578814204 0.739640320 0.343374889
vn 0.560813972 -0.711197028 0.423894417
vn 0.775479132 0.011916701 0.631260729
vn -0.137627712 -0.989868431 -0.034915638
vn 0.918747871 -0.121420616 0.375711835
vn 0.775479132 0.011916701 0.631260729
vn 0.560813972 -0.711197028 0.423894417
vn 0.775479132 0.011916701 0.631260729
vn 0.839335997 -0.189082399 0.509669433
vn 0.359664456 -0.905547017 0.225002397
vn 0.839335997 -0.189082399 0.509669433
vn 0.454327712 -0.857440978 0.241622226
vn 0.359664456 -0.905547017 0.225002397
vn 0.454327712 -0.857440978 0.241622226
vn 0.839335997 -0.189082399 0.509669433
vn 0.996106714 -0.053319210 0.070203107
vn 0.996106714 -0.053319210 0.070203107
vn 0.348213514 -0.924157815 -0.157097682
vn 0.454327712 -0.857440978 0.241622226
vn 0.348213514 -0.924157815 -0.157097682
vn 0.996106714 -0.053319210 0.070203107
vn 0.823632227 0.212824942 -0.525676230
vn 0.348213514 -0.924157815 -0.157097682
vn 0.829831711 -0.078887043 -0.552409418
vn 0.239334481 -0.946823133 -0.215046417
vn 0.829831711 -0.078887043 -0.552409418
vn 0.348213514 -0.924157815 -0.157097682
vn 0.823632227 0.212824942 -0.525676230
vn 0.239334481 -0.946823133 -0.215046417
vn 0.742676132 -0.569312166 -0.352584487
vn 0.195991423 -0.978033104 0.070983166
vn 0.742676132 -0.569312166 -0.352584487
vn 0.239334481 -0.946823133 -0.215046417
vn 0.829831711 -0.078887043 -0.552409418
vn 0.498581310 -0.113353416 0.859399605
vn 0.979964346 0.115528550 -0.162243749
vn 0.918747871 -0.121420616 0.375711835
vn 0.979964346 0.115528550 -0.162243749
vn 0.996417911 0.036982618 0.076050204
vn 0.918747871 -0.121420616 0.375711835
vn -0.137627712 -0.989868431 -0.034915638
vn 0.140150144 -0.395746683 -0.907602611
vn 0.146531792 -0.723818708 -0.674251371
vn 0.136798205 -0.990417625 -0.018952023
vn 0.464639332 -0.679423841 0.567885143
vn 0.560813972 -0.711197028 0.423894417
vn -0.204736735 0.961572971 0.182921544
vn 0.055191009 0.997410024 -0.046121531
vn 0.067932487 0.982376253 0.174132346
vn 0.055191009 0.997410024 -0.046121531
vn -0.204736735 0.961572971 0.182921544
vn -0.202936296 0.978664168 0.032145067
vn 0.055191009 0.997410024 -0.046121531
vn -0.185026079 0.944061542 -0.272970977
vn 0.100953777 0.797818089 -0.594385929
vn -0.185026079 0.944061542 -0.272970977
vn 0.055191009 0.997410024 -0.046121531
vn -0.202936296 0.978664168 0.032145067
vn -0.185026079 0.944061542 -0.272970977
vn -0.088992364 0.520346056 -0.849305800
vn 0.100953777 0.797818089 -0.594385929
vn -0.088992364 0.520346056 -0.849305800
vn 0.140150144 -0.395746683 -0.907602611
vn -0.740224237 -0.251198224 -0.623672616
vn -0.740224237 -0.251198224 -0.623672616
vn 0.140150144 -0.395746683 -0.907602611
vn -0.137627712 -0.989868431 -0.034915638
vn 0.775479132 0.011916701 0.631260729
vn 0.359664456 -0.905547017 0.225002397
vn -0.137627712 -0.989868431 -0.034915638
vn 0.303837098 0.923098325 -0.235738202
vn 0.992078730 -0.110113430 -0.060455151
vn 0.742676132 -0.569312166 -0.352584487
vn 0.992078730 -0.110113430 -0.060455151
vn 0.303837098 0.923098325 -0.235738202
vn 0.263340510 0.961673405 0.076393967
vn 0.195991423 -0.978033104 0.070983166
vn -0.764071199 -0.585243451 0.271450374
vn -0.746081606 -0.522670490 0.412526116
vn -0.764071199 -0.585243451 0.271450374
vn 0.195991423 -0.978033104 0.070983166
vn 0.230372257 -0.971910122 0.048159500
vn -0.746081606 -0.522670490 0.412526116
vn -0.785203623 0.480112708 0.391084465
vn -0.733995530 0.540376736 0.411392203
vn -0.785203623 0.480112708 0.391084465
vn -0.746081606 -0.522670490 0.412526116
vn -0.764071199 -0.585243451 0.271450374
vn -0.733995530 0.540376736 0.411392203
vn 0.263340510 0.961673405 0.076393967
vn 0.303837098 0.923098325 -0.235738202
vn 0.263340510 0.961673405 0.076393967
vn -0.733995530 0.540376736 0.411392203
vn -0.785203623 0.480112708 0.391084465
vn 0.742676132 -0.569312166 -0.352584487
vn 0.230372257 -0.971910122 0.048159500
vn 0.195991423 -0.978033104 0.070983166
vn 0.230372257 -0.971910122 0.048159500
vn 0.742676132 -0.569312166 -0.352584487
vn 0.992078730 -0.110113430 -0.060455151
vn 0.263340510 0.961673405 0.076393967
vn 0.704818352 0.211153828 -0.677233454
vn 0.992078730 -0.110113430 -0.060455151
vn 0.704818352 0.211153828 -0.677233454
vn 0.263340510 0.961673405 0.076393967
vn 0.213069788 0.754310606 -0.620980495
vn 0.230372257 -0.971910122 0.048159500
vn -0.425840512 -0.448288877 -0.785936983
vn -0.764071199 -0.585243451 0.271450374
vn -0.425840512 -0.448288877 -0.785936983
vn 0.230372257 -0.971910122 0.048159500
vn 0.485447492 -0.459987199 -0.743473274
vn -0.764071199 -0.585243451 0.271450374
vn -0.675824171 0.380766441 -0.631093184
vn -0.785203623 0.480112708 0.391084465
vn -0.675824171 0.380766441 -0.631093184
vn -0.764071199 -0.585243451 0.271450374
vn -0.425840512 -0.448288877 -0.785936983
vn -0.785203623 0.480112708 0.391084465
vn 0.213069788 0.754310606 -0.620980495
vn 0.263340510 0.961673405 0.076393967
vn 0.213069788 0.754310606 -0.620980495
vn -0.785203623 0.480112708 0.391084465
vn -0.675824171 0.380766441 -0.631093184
vn 0.992078730 -0.110113430 -0.060455151
vn 0.485447492 -0.459987199 -0.743473274
vn 0.230372257 -0.971910122 0.048159500
vn 0.485447492 -0.459987199 -0.743473274
vn 0.992078730 -0.110113430 -0.060455151
vn 0.704818352 0.211153828 -0.677233454
vn 0.213069788 0.754310606 -0.620980495
vn 0.173423154 0.153319548 -0.972839928
vn 0.704818352 0.211153828 -0.677233454
vn 0.485447492 -0.459987199 -0.743473274
vn 0.173423154 0.153319548 -0.972839928
vn -0.425840512 -0.448288877 -0.785936983
vn -0.425840512 -0.448288877 -0.785936983
vn -0.172333614 0.157655195 -0.972340457
vn -0.675824171 0.380766441 -0.631093184
vn -0.172333614 0.157655195 -0.972340457
vn -0.425840512 -0.448288877 -0.785936983
vn 0.173423154 0.153319548 -0.972839928
vn -0.675824171 0.380766441 -0.631093184
vn 0.173423154 0.153319548 -0.972839928
vn 0.213069788 0.754310606 -0.620980495
vn 0.173423154 0.153319548 -0.972839928
vn -0.675824171 0.380766441 -0.631093184
vn -0.172333614 0.157655195 -0.972340457
vn 0.704818352 0.211153828 -0.677233454
vn 0.173423154 0.153319548 -0.972839928
vn 0.485447492 -0.459987199 -0.743473274
vn 0.119911478 0.186836633 0.975045286
vn -0.031551933 0.029142599 0.999077166
vn -0.002804674 0.561236283 0.827650873
vn 0.498581310 -0.113353416 0.859399605
vn -0.031551933 0.029142599 0.999077166
vn 0.119911478 0.186836633 0.975045286
vn 0.464639332 -0.679423841 0.567885143
vn -0.031551933 0.029142599 0.999077166
vn 0.498581310 -0.113353416 0.859399605
vn 0.117805457 -0.654333391 0.746973686
vn -0.031551933 0.029142599 0.999077166
vn 0.464639332 -0.679423841 0.567885143
vn -0.002804674 0.561236283 0.827650873
vn -0.031551933 0.029142599 0.999077166
vn -0.164852767 0.709696705 0.684948284
vn -0.951125586 0.209000776 0.227329706
vn -0.266786249 0.513612555 0.815492024
vn -0.243536371 0.115247162 0.963020315
vn -0.266786249 0.513612555 0.815492024
vn -0.951125586 0.209000776 0.227329706
vn -0.461419838 0.872425838 0.161136249
vn -0.478040591 -0.327534034 0.814983834
vn -0.951125586 0.209000776 0.227329706
vn -0.243536371 0.115247162 0.963020315
vn -0.951125586 0.209000776 0.227329706
vn -0.478040591 -0.327534034 0.814983834
vn -0.882710741 -0.427689811 0.194687376
vn -0.116680980 -0.799687054 0.588970427
vn -0.553457106 -0.819025551 0.151269226
vn -0.478040591 -0.327534034 0.814983834
vn -0.553457106 -0.819025551 0.151269226
vn -0.116680980 -0.799687054 0.588970427
vn 0.010601681 -0.998560632 -0.052576320
vn -0.461419838 0.872425838 0.161136249
vn -0.164852767 0.709696705 0.684948284
vn -0.266786249 0.513612555 0.815492024
vn -0.164852767 0.709696705 0.684948284
vn -0.461419838 0.872425838 0.161136249
vn -0.204736735 0.961572971 0.182921544
vn -0.059047836 -0.997608627 0.035921866
vn -0.857262113 -0.513107242 0.042692250
vn -0.889037139 -0.444193846 0.110926968
vn -0.857262113 -0.513107242 0.042692250
vn -0.059047836 -0.997608627 0.035921866
vn 0.281275739 -0.959626558 -0.000910198
vn -0.857262113 -0.513107242 0.042692250
vn 0.054912596 -0.993175599 -0.102892354
vn -0.924997752 -0.373607612 -0.069256849
vn 0.054912596 -0.993175599 -0.102892354
vn -0.857262113 -0.513107242 0.042692250
vn 0.281275739 -0.959626558 -0.000910198
vn 0.864613689 -0.432760460 -0.255267612
vn 0.596080135 0.771222233 -0.223393687
vn 0.921162082 -0.357227300 -0.154431458
vn 0.596080135 0.771222233 -0.223393687
vn 0.864613689 -0.432760460 -0.255267612
vn 0.197273134 0.926820852 -0.319509654
vn 0.921162082 -0.357227300 -0.154431458
vn 0.808466591 0.587565953 -0.033882475
vn 0.911188031 -0.408450886 -0.053891061
vn 0.808466591 0.587565953 -0.033882475
vn 0.921162082 -0.357227300 -0.154431458
vn 0.596080135 0.771222233 -0.223393687
vn 0.197273134 0.926820852 -0.319509654
vn -0.727993271 0.683260777 -0.056395987
vn 0.596080135 0.771222233 -0.223393687
vn -0.727993271 0.683260777 -0.056395987
vn 0.197273134 0.926820852 -0.319509654
vn -0.873420576 0.483327562 -0.059421922
vn 0.596080135 0.771222233 -0.223393687
vn -0.495142653 0.867358488 0.050229545
vn 0.808466591 0.587565953 -0.033882475
vn -0.495142653 0.867358488 0.050229545
vn 0.596080135 0.771222233 -0.223393687
vn -0.727993271 0.683260777 -0.056395987
vn -0.873420576 0.483327562 -0.059421922
vn -0.857262113 -0.513107242 0.042692250
vn -0.727993271 0.683260777 -0.056395987
vn -0.857262113 -0.513107242 0.042692250
vn -0.873420576 0.483327562 -0.059421922
vn -0.889037139 -0.444193846 0.110926968
vn -0.727993271 0.683260777 -0.056395987
vn -0.924997752 -0.373607612 -0.069256849
vn -0.495142653 0.867358488 0.050229545
vn -0.924997752 -0.373607612 -0.069256849
vn -0.727993271 0.683260777 -0.056395987
vn -0.857262113 -0.513107242 0.042692250
vn -0.342702286 -0.917838906 -0.200316962
vn -0.903048852 -0.426175609 -0.053638811
vn -0.924968063 -0.380041751 0.001533050
vn -0.903048852 -0.426175609 -0.053638811
vn -0.342702286 -0.917838906 -0.200316962
vn 0.059936533 -0.983736761 -0.169320986
vn 0.059936533 -0.983736761 -0.169320986
vn -0.909338413 -0.412576828 0.053702990
vn -0.903048852 -0.426175609 -0.053638811
vn -0.909338413 -0.412576828 0.053702990
vn 0.059936533 -0.983736761 -0.169320986
vn 0.375799527 -0.925967746 0.036857136
vn 0.938983107 -0.327315186 -0.105714206
vn 0.522707754 0.849730371 -0.068810614
vn 0.934169170 -0.312651094 -0.171980393
vn 0.522707754 0.849730371 -0.068810614
vn 0.938983107 -0.327315186 -0.105714206
vn 0.269193302 0.946361755 0.178701974
vn 0.934169170 -0.312651094 -0.171980393
vn 0.661477664 0.747852196 0.056252938
vn 0.963831142 -0.257455481 0.068892709
vn 0.661477664 0.747852196 0.056252938
vn 0.934169170 -0.312651094 -0.171980393
vn 0.522707754 0.849730371 -0.068810614
vn 0.269193302 0.946361755 0.178701974
vn -0.542260317 0.840040811 0.016887396
vn 0.522707754 0.849730371 -0.068810614
vn -0.542260317 0.840040811 0.016887396
vn 0.269193302 0.946361755 0.178701974
vn -0.746707410 0.646021274 0.158381054
vn 0.522707754 0.849730371 -0.068810614
vn -0.570628388 0.807756291 0.148030456
vn 0.661477664 0.747852196 0.056252938
vn -0.570628388 0.807756291 0.148030456
vn 0.522707754 0.849730371 -0.068810614
vn -0.542260317 0.840040811 0.016887396
vn -0.746707410 0.646021274 0.158381054
vn -0.903048852 -0.426175609 -0.053638811
vn -0.542260317 0.840040811 0.016887396
vn -0.903048852 -0.426175609 -0.053638811
vn -0.746707410 0.646021274 0.158381054
vn -0.924968063 -0.380041751 0.001533050
vn -0.542260317 0.840040811 0.016887396
vn -0.909338413 -0.412576828 0.053702990
vn -0.570628388 0.807756291 0.148030456
vn -0.909338413 -0.412576828 0.053702990
vn -0.542260317 0.840040811 0.016887396
vn -0.903048852 -0.426175609 -0.053638811
vn -0.889037139 -0.444193846 0.110926968
vn -0.553457106 -0.819025551 0.151269226
vn -0.059047836 -0.997608627 0.035921866
vn -0.553457106 -0.819025551 0.151269226
vn -0.889037139 -0.444193846 0.110926968
vn -0.927769364 -0.313244381 0.202785513
vn 0.136798205 -0.990417625 -0.018952023
vn 0.864613689 -0.432760460 -0.255267612
vn 0.010601681 -0.998560632 -0.052576320
vn 0.864613689 -0.432760460 -0.255267612
vn 0.136798205 -0.990417625 -0.018952023
vn 0.146531792 -0.723818708 -0.674251371
vn -0.461419838 0.872425838 0.161136249
vn -0.909003106 0.389411925 0.148565492
vn -0.395288331 0.918556719 0.000829838
vn -0.909003106 0.389411925 0.148565492
vn -0.461419838 0.872425838 0.161136249
vn -0.951125586 0.209000776 0.227329706
vn -0.395288331 0.918556719 0.000829838
vn -0.809596555 0.577477121 -0.105231137
vn -0.342741905 0.830757192 -0.438600586
vn -0.809596555 0.577477121 -0.105231137
vn -0.395288331 0.918556719 0.000829838
vn -0.909003106 0.389411925 0.148565492
vn -0.342741905 0.830757192 -0.438600586
vn -0.873420576 0.483327562 -0.059421922
vn 0.197273134 0.926820852 -0.319509654
vn -0.873420576 0.483327562 -0.059421922
vn -0.342741905 0.830757192 -0.438600586
vn -0.809596555 0.577477121 -0.105231137
vn -0.342702286 -0.917838906 -0.200316962
vn -0.924997752 -0.373607612 -0.069256849
vn 0.054912596 -0.993175599 -0.102892354
vn -0.924997752 -0.373607612 -0.069256849
vn -0.342702286 -0.917838906 -0.200316962
vn -0.924968063 -0.380041751 0.001533050
vn -0.924968063 -0.380041751 0.001533050
vn -0.495142653 0.867358488 0.050229545
vn -0.924997752 -0.373607612 -0.069256849
vn -0.495142653 0.867358488 0.050229545
vn -0.924968063 -0.380041751 0.001533050
vn -0.746707410 0.646021274 0.158381054
vn -0.495142653 0.867358488 0.050229545
vn 0.269193302 0.946361755 0.178701974
vn 0.808466591 0.587565953 -0.033882475
vn 0.269193302 0.946361755 0.178701974
vn -0.495142653 0.867358488 0.050229545
vn -0.746707410 0.646021274 0.158381054
vn 0.808466591 0.587565953 -0.033882475
vn 0.938983107 -0.327315186 -0.105714206
vn 0.911188031 -0.408450886 -0.053891061
vn 0.938983107 -0.327315186 -0.105714206
vn 0.808466591 0.587565953 -0.033882475
vn 0.269193302 0.946361755 0.178701974
vn -0.951125586 0.209000776 0.227329706
vn -0.927769364 -0.313244381 0.202785513
vn -0.909003106 0.389411925 0.148565492
vn -0.927769364 -0.313244381 0.202785513
vn -0.951125586 0.209000776 0.227329706
vn -0.882710741 -0.427689811 0.194687376
vn -0.909003106 0.389411925 0.148565492
vn -0.889037139 -0.444193846 0.110926968
vn -0.809596555 0.577477121 -0.105231137
vn -0.889037139 -0.444193846 0.110926968
vn -0.909003106 0.389411925 0.148565492
vn -0.927769364 -0.313244381 0.202785513
vn -0.809596555 0.577477121 -0.105231137
vn -0.889037139 -0.444193846 0.110926968
vn -0.873420576 0.483327562 -0.059421922
vn 0.010601681 -0.998560632 -0.052576320
vn 0.864613689 -0.432760460 -0.255267612
vn -0.059047836 -0.997608627 0.035921866
vn -0.553457106 -0.819025551 0.151269226
vn 0.010601681 -0.998560632 -0.052576320
vn -0.059047836 -0.997608627 0.035921866
vn -0.059047836 -0.997608627 0.035921866
vn 0.921162082 -0.357227300 -0.154431458
vn 0.281275739 -0.959626558 -0.000910198
vn 0.281275739 -0.959626558 -0.000910198
vn 0.911188031 -0.408450886 -0.053891061
vn 0.054912596 -0.993175599 -0.102892354
vn 0.911188031 -0.408450886 -0.053891061
vn 0.281275739 -0.959626558 -0.000910198
vn 0.921162082 -0.357227300 -0.154431458
vn 0.054912596 -0.993175599 -0.102892354
vn 0.938983107 -0.327315186 -0.105714206
vn -0.342702286 -0.917838906 -0.200316962
vn 0.938983107 -0.327315186 -0.105714206
vn 0.054912596 -0.993175599 -0.102892354
vn 0.911188031 -0.408450886 -0.053891061
vn 0.938983107 -0.327315186 -0.105714206
vn 0.059936533 -0.983736761 -0.169320986
vn -0.342702286 -0.917838906 -0.200316962
vn 0.059936533 -0.983736761 -0.169320986
vn 0.938983107 -0.327315186 -0.105714206
vn 0.934169170 -0.312651094 -0.171980393
vn 0.934169170 -0.312651094 -0.171980393
vn 0.375799527 -0.925967746 0.036857136
vn 0.059936533 -0.983736761 -0.169320986
vn 0.375799527 -0.925967746 0.036857136
vn 0.934169170 -0.312651094 -0.171980393
vn 0.963831142 -0.257455481 0.068892709
vn -0.478040591 -0.327534034 0.814983834
vn -0.553457106 -0.819025551 0.151269226
vn -0.882710741 -0.427689811 0.194687376
vn -0.882710741 -0.427689811 0.194687376
vn -0.553457106 -0.819025551 0.151269226
vn -0.927769364 -0.313244381 0.202785513
vn 0.864613689 -0.432760460 -0.255267612
vn 0.146531792 -0.723818708 -0.674251371
vn 0.140150144 -0.395746683 -0.907602611
vn 0.136798205 -0.990417625 -0.018952023
vn 0.010601681 -0.998560632 -0.052576320
vn -0.116680980 -0.799687054 0.588970427
vn -0.204736735 0.961572971 0.182921544
vn -0.395288331 0.918556719 0.000829838
vn -0.202936296 0.978664168 0.032145067
vn -0.395288331 0.918556719 0.000829838
vn -0.204736735 0.961572971 0.182921544
vn -0.461419838 0.872425838 0.161136249
vn -0.395288331 0.918556719 0.000829838
vn -0.185026079 0.944061542 -0.272970977
vn -0.202936296 0.978664168 0.032145067
vn -0.185026079 0.944061542 -0.272970977
vn -0.395288331 0.918556719 0.000829838
vn -0.342741905 0.830757192 -0.438600586
vn -0.185026079 0.944061542 -0.272970977
vn -0.342741905 0.830757192 -0.438600586
vn -0.088992364 0.520346056 -0.849305800
vn -0.088992364 0.520346056 -0.849305800
vn 0.197273134 0.926820852 -0.319509654
vn 0.140150144 -0.395746683 -0.907602611
vn 0.197273134 0.926820852 -0.319509654
vn 0.864613689 -0.432760460 -0.255267612
vn 0.140150144 -0.395746683 -0.907602611
vn -0.059047836 -0.997608627 0.035921866
vn 0.864613689 -0.432760460 -0.255267612
vn 0.921162082 -0.357227300 -0.154431458
vn -0.909338413 -0.412576828 0.053702990
vn 0.011243288 -0.999586196 0.026476876
vn -0.931183474 -0.344220735 0.120039253
vn 0.011243288 -0.999586196 0.026476876
vn -0.909338413 -0.412576828 0.053702990
vn 0.375799527 -0.925967746 0.036857136
vn 0.963831142 -0.257455481 0.068892709
vn 0.625715915 0.725736917 0.285981680
vn 0.933426973 -0.358027785 0.023025899
vn 0.625715915 0.725736917 0.285981680
vn 0.963831142 -0.257455481 0.068892709
vn 0.661477664 0.747852196 0.056252938
vn 0.661477664 0.747852196 0.056252938
vn -0.615413057 0.733444466 0.288662405
vn 0.625715915 0.725736917 0.285981680
vn -0.615413057 0.733444466 0.288662405
vn 0.661477664 0.747852196 0.056252938
vn -0.570628388 0.807756291 0.148030456
vn -0.570628388 0.807756291 0.148030456
vn -0.931183474 -0.344220735 0.120039253
vn -0.615413057 0.733444466 0.288662405
vn -0.931183474 -0.344220735 0.120039253
vn -0.570628388 0.807756291 0.148030456
vn -0.909338413 -0.412576828 0.053702990
vn 0.375799527 -0.925967746 0.036857136
vn 0.933426973 -0.358027785 0.023025899
vn 0.011243288 -0.999586196 0.026476876
vn 0.933426973 -0.358027785 0.023025899
vn 0.375799527 -0.925967746 0.036857136
vn 0.963831142 -0.257455481 0.068892709
vn -0.931183474 -0.344220735 0.120039253
vn -0.197580352 -0.492743516 -0.847446654
vn -0.744674031 -0.036559662 -0.666426274
vn -0.197580352 -0.492743516 -0.847446654
vn -0.931183474 -0.344220735 0.120039253
vn 0.011243288 -0.999586196 0.026476876
vn 0.933426973 -0.358027785 0.023025899
vn 0.456541388 0.626064361 -0.632149806
vn 0.473378267 -0.261895809 -0.841025328
vn 0.456541388 0.626064361 -0.632149806
vn 0.933426973 -0.358027785 0.023025899
vn 0.625715915 0.725736917 0.285981680
vn 0.625715915 0.725736917 0.285981680
vn -0.376153460 0.822153274 -0.427285114
vn 0.456541388 0.626064361 -0.632149806
vn -0.376153460 0.822153274 -0.427285114
vn 0.625715915 0.725736917 0.285981680
vn -0.615413057 0.733444466 0.288662405
vn -0.615413057 0.733444466 0.288662405
vn -0.744674031 -0.036559662 -0.666426274
vn -0.376153460 0.822153274 -0.427285114
vn -0.744674031 -0.036559662 -0.666426274
vn -0.615413057 0.733444466 0.288662405
vn -0.931183474 -0.344220735 0.120039253
vn 0.011243288 -0.999586196 0.026476876
vn 0.473378267 -0.261895809 -0.841025328
vn -0.197580352 -0.492743516 -0.847446654
vn 0.473378267 -0.261895809 -0.841025328
vn 0.011243288 -0.999586196 0.026476876
vn 0.933426973 -0.358027785 0.023025899
vn -0.744674031 -0.036559662 -0.666426274
vn -0.197580352 -0.492743516 -0.847446654
vn -0.138613847 0.099711221 -0.985314099
vn 0.473378267 -0.261895809 -0.841025328
vn 0.456541388 0.626064361 -0.632149806
vn -0.138613847 0.099711221 -0.985314099
vn 0.456541388 0.626064361 -0.632149806
vn -0.145131319 0.432061377 -0.890089808
vn -0.138613847 0.099711221 -0.985314099
vn -0.145131319 0.432061377 -0.890089808
vn 0.456541388 0.626064361 -0.632149806
vn -0.376153460 0.822153274 -0.427285114
vn -0.376153460 0.822153274 -0.427285114
vn -0.138613847 0.099711221 -0.985314099
vn -0.145131319 0.432061377 -0.890089808
vn -0.138613847 0.099711221 -0.985314099
vn -0.376153460 0.822153274 -0.427285114
vn -0.744674031 -0.036559662 -0.666426274
vn -0.197580352 -0.492743516 -0.847446654
vn 0.473378267 -0.261895809 -0.841025328
vn -0.138613847 0.099711221 -0.985314099
vn -0.243536371 0.115247162 0.963020315
vn -0.266786249 0.513612555 0.815492024
vn -0.031551933 0.029142599 0.999077166
vn -0.478040591 -0.327534034 0.814983834
vn -0.243536371 0.115247162 0.963020315
vn -0.031551933 0.029142599 0.999077166
vn -0.116680980 -0.799687054 0.588970427
vn -0.478040591 -0.327534034 0.814983834
vn -0.031551933 0.029142599 0.999077166
vn 0.117805457 -0.654333391 0.746973686
vn -0.116680980 -0.799687054 0.588970427
vn -0.031551933 0.029142599 0.999077166
vn -0.266786249 0.513612555 0.815492024
vn -0.164852767 0.709696705 0.684948284
vn -0.031551933 0.029142599 0.999077166
vn 0.464639332 -0.679423841 0.567885143
vn 0.136798205 -0.990417625 -0.018952023
vn 0.117805457 -0.654333391 0.746973686
vn 0.136798205 -0.990417625 -0.018952023
vn -0.116680980 -0.799687054 0.588970427
vn 0.117805457 -0.654333391 0.746973686
vn 0.100953777 0.797818089 -0.594385929
vn -0.088992364 0.520346056 -0.849305800
vn -0.740224237 -0.251198224 -0.623672616
vn -0.088992364 0.520346056 -0.849305800
vn -0.342741905 0.830757192 -0.438600586
vn 0.197273134 0.926820852 -0.319509654
f 3/3/3 2/2/2 1/1/1
f 6/6/6 5/5/5 4/4/4
f 9/9/9 8/8/8 7/7/7
f 12/12/12 11/11/11 10/10/10
f 15/15/15 14/14/14 13/13/13
f 18/18/18 17/17/17 16/16/16
f 21/21/21 20/20/20 19/19/19
f 24/24/24 23/23/23 22/22/22
f 27/27/27 26/26/26 25/25/25
f 30/30/30 29/29/29 28/28/28
f 33/33/33 32/32/32 31/31/31
f 36/36/36 35/35/35 34/34/34
f 39/39/39 38/38/38 37/37/37
f 42/42/42 41/41/41 40/40/40
f 45/45/45 44/44/44 43/43/43
f 48/48/48 47/47/47 46/46/46
f 51/51/51 50/50/50 49/49/49
f 54/54/54 53/53/53 52/52/52
f 57/57/57 56/56/56 55/55/55
f 60/60/60 59/59/59 58/58/58
f 63/63/63 62/62/62 61/61/61
f 66/66/66 65/65/65 64/64/64
f 69/69/69 68/68/68 67/67/67
f 72/72/72 71/71/71 70/70/70
f 75/75/75 74/74/74 73/73/73
f 78/78/78 77/77/77 76/76/76
f 81/81/81 80/80/80 79/79/79
f 84/84/84 83/83/83 82/82/82
f 87/87/87 86/86/86 85/85/85
f 90/90/90 89/89/89 88/88/88
f 93/93/93 92/92/92 91/91/91
f 96/96/96 95/95/95 94/94/94
f 99/99/99 98/98/98 97/97/97
f 102/102/102 101/101/101 100/100/100
f 105/105/105 104/104/104 103/103/103
f 108/108/108 107/107/107 106/106/106
f 111/111/111 110/110/110 109/109/109
f 114/114/114 113/113/113 112/112/112
f 117/117/117 116/116/116 115/115/115
f 120/120/120 119/119/119 118/118/118
f 123/123/123 122/122/122 121/121/121
f 126/126/126 125/125/125 124/124/124
f 129/129/129 128/128/128 127/127/127
f 132/132/132 131/131/131 130/130/130
f 135/135/135 134/134/134 133/133/133
f 138/138/138 137/137/137 136/136/136
f 141/141/141 140/140/140 139/139/139
f 144/144/144 143/143/143 142/142/142
f 147/147/147 146/146/146 145/145/145
f 150/150/150 149/149/149 148/148/148
f 153/153/153 152/152/152 151/151/151
f 156/156/156 155/155/155 154/154/154
f 159/159/159 158/158/158 157/157/157
f 162/162/162 161/161/161 160/160/160
f 165/165/165 164/164/164 163/163/163
f 168/168/168 167/167/167 166/166/166
f 171/171/171 170/170/170 169/169/169
f 174/174/174 173/173/173 172/172/172
f 177/177/177 176/176/176 175/175/175
f 180/180/180 179/179/179 178/178/178
f 183/183/183 182/182/182 181/181/181
f 186/186/186 185/185/185 184/184/184
f 189/189/189 188/188/188 187/187/187
f 192/192/192 191/191/191 190/190/190
f 195/195/195 194/194/194 193/193/193
f 198/198/198 197/197/197 196/196/196
f 201/201/201 200/200/200 199/199/199
f 204/204/204 203/203/203 202/202/202
f 207/207/207 206/206/206 205/205/205
f 210/210/210 209/209/209 208/208/208
f 213/213/213 212/212/212 211/211/211
f 216/216/216 215/215/215 214/214/214
f 219/219/219 218/218/218 217/217/217
f 222/222/222 221/221/221 220/220/220
f 225/225/225 224/224/224 223/223/223
f 228/228/228 227/227/227 226/226/226
f 231/231/231 230/230/230 229/229/229
f 234/234/234 233/233/233 232/232/232
f 237/237/237 236/236/236 235/235/235
f 240/240/240 239/239/239 238/238/238
f 243/243/243 242/242/242 241/241/241
f 246/246/246 245/245/245 244/244/244
f 249/249/249 248/248/248 247/247/247
f 252/252/252 251/251/251 250/250/250
f 255/255/255 254/254/254 253/253/253
f 258/258/258 257/257/257 256/256/256
f 261/261/261 260/260/260 259/259/259
f 264/264/264 263/263/263 262/262/262
f 267/267/267 266/266/266 265/265/265
f 270/270/270 269/269/269 268/268/268
f 273/273/273 272/272/272 271/271/271
f 276/276/276 275/275/275 274/274/274
f 279/279/279 278/278/278 277/277/277
f 282/282/282 281/281/281 280/280/280
f 285/285/285 284/284/284 283/283/283
f 288/288/288 287/287/287 286/286/286
f 291/291/291 290/290/290 289/289/289
f 294/294/294 293/293/293 292/292/292
f 297/297/297 296/296/296 295/295/295
f 300/300/300 299/299/299 298/298/298
f 303/303/303 302/302/302 301/301/301
f 306/306/306 305/305/305 304/304/304
f 309/309/309 308/308/308 307/307/307
f 312/312/312 311/311/311 310/310/310
f 315/315/315 314/314/314 313/313/313
f 318/318/318 317/317/317 316/316/316
f 321/321/321 320/320/320 319/319/319
f 324/324/324 323/323/323 322/322/322
f 327/327/327 326/326/326 325/325/325
f 330/330/330 329/329/329 328/328/328
f 333/333/333 332/332/332 331/331/331
f 336/336/336 335/335/335 334/334/334
f 339/339/339 338/338/338 337/337/337
f 342/342/342 341/341/341 340/340/340
f 345/345/345 344/344/344 343/343/343
f 348/348/348 347/347/347 346/346/346
f 351/351/351 350/350/350 349/349/349
f 354/354/354 353/353/353 352/352/352
f 357/357/357 356/356/356 355/355/355
f 360/360/360 359/359/359 358/358/358
f 363/363/363 362/362/362 361/361/361
f 366/366/366 365/365/365 364/364/364
f 369/369/369 368/368/368 367/367/367
f 372/372/372 371/371/371 370/370/370
f 375/375/375 374/374/374 373/373/373
f 378/378/378 377/377/377 376/376/376
f 381/381/381 380/380/380 379/379/379
f 384/384/384 383/383/383 382/382/382
f 387/387/387 386/386/386 385/385/385
f 390/390/390 389/389/389 388/388/388
f 393/393/393 392/392/392 391/391/391
f 396/396/396 395/395/395 394/394/394
f 399/399/399 398/398/398 397/397/397
f 402/402/402 401/401/401 400/400/400
f 405/405/405 404/404/404 403/403/403
f 408/408/408 407/407/407 406/406/406
f 411/411/411 410/410/410 409/409/409
f 414/414/414 413/413/413 412/412/412
f 417/417/417 416/416/416 415/415/415
f 420/420/420 419/419/419 418/418/418
f 423/423/423 422/422/422 421/421/421
f 426/426/426 425/425/425 424/424/424
f 429/429/429 428/428/428 427/427/427
f 432/432/432 431/431/431 430/430/430
f 435/435/435 434/434/434 433/433/433
f 438/438/438 437/437/437 436/436/436
f 441/441/441 440/440/440 439/439/439
f 444/444/444 443/443/443 442/442/442
f 447/447/447 446/446/446 445/445/445
f 450/450/450 449/449/449 448/448/448
f 453/453/453 452/452/452 451/451/451
f 456/456/456 455/455/455 454/454/454
f 459/459/459 458/458/458 457/457/457
f 462/462/462 461/461/461 460/460/460
f 465/465/465 464/464/464 463/463/463
f 468/468/468 467/467/467 466/466/466
f 471/471/471 470/470/470 469/469/469
f 474/474/474 473/473/473 472/472/472
f 477/477/477 476/476/476 475/475/475
f 480/480/480 479/479/479 478/478/478
f 483/483/483 482/482/482 481/481/481
f 486/486/486 485/485/485 484/484/484
f 489/489/489 488/488/488 487/487/487
f 492/492/492 491/491/491 490/490/490
f 495/495/495 494/494/494 493/493/493
f 498/498/498 497/497/497 496/496/496
f 501/501/501 500/500/500 499/499/499
f 504/504/504 503/503/503 502/502/502
f 507/507/507 506/506/506 505/505/505
f 510/510/510 509/509/509 508/508/508
f 513/513/513 512/512/512 511/511/511
f 516/516/516 515/515/515 514/514/514
f 519/519/519 518/518/518 517/517/517
f 522/522/522 521/521/521 520/520/520
f 525/525/525 524/524/524 523/523/523
f 528/528/528 527/527/527 526/526/526
f 531/531/531 530/530/530 529/529/529
f 534/534/534 533/533/533 532/532/532
f 537/537/537 536/536/536 535/535/535
f 540/540/540 539/539/539 538/538/538
f 543/543/543 542/542/542 541/541/541
f 546/546/546 545/545/545 544/544/544
f 549/549/549 548/548/548 547/547/547
f 552/552/552 551/551/551 550/550/550
f 555/555/555 554/554/554 553/553/553
f 558/558/558 557/557/557 556/556/556
f 561/561/561 560/560/560 559/559/559
f 564/564/564 563/563/563 562/562/562
f 567/567/567 566/566/566 565/565/565
f 570/570/570 569/569/569 568/568/568
f 573/573/573 572/572/572 571/571/571
f 576/576/576 575/575/575 574/574/574
f 579/579/579 578/578/578 577/577/577
f 582/582/582 581/581/581 580/580/580
f 585/585/585 584/584/584 583/583/583
f 588/588/588 587/587/587 586/586/586
f 591/591/591 590/590/590 589/589/589
f 594/594/594 593/593/593 592/592/592
f 597/597/597 596/596/596 595/595/595
f 600/600/600 599/599/599 598/598/598
f 603/603/603 602/602/602 601/601/601
f 606/606/606 605/605/605 604/604/604
f 609/609/609 608/608/608 607/607/607
f 612/612/612 611/611/611 610/610/610
f 615/615/615 614/614/614 613/613/613
f 618/618/618 617/617/617 616/616/616
f 621/621/621 620/620/620 619/619/619
f 624/624/624 623/623/623 622/622/622
f 627/627/627 626/626/626 625/625/625
f 630/630/630 629/629/629 628/628/628
f 633/633/633 632/632/632 631/631/631
f 636/636/636 635/635/635 634/634/634
f 639/639/639 638/638/638 637/637/637
f 642/642/642 641/641/641 640/640/640
f 645/645/645 644/644/644 643/643/643
f 648/648/648 647/647/647 646/646/646
f 651/651/651 650/650/650 649/649/649
f 654/654/654 653/653/653 652/652/652
f 657/657/657 656/656/656 655/655/655
f 660/660/660 659/659/659 658/658/658
f 663/663/663 662/662/662 661/661/661
f 666/666/666 665/665/665 664/664/664
f 669/669/669 668/668/668 667/667/667
f 672/672/672 671/671/671 670/670/670
f 675/675/675 674/674/674 673/673/673
f 678/678/678 677/677/677 676/676/676
f 681/681/681 680/680/680 679/679/679
f 684/684/684 683/683/683 682/682/682
f 687/687/687 686/686/686 685/685/685
f 690/690/690 689/689/689 688/688/688
f 693/693/693 692/692/692 691/691/691
f 696/696/696 695/695/695 694/694/694
f 699/699/699 698/698/698 697/697/697
f 702/702/702 701/701/701 700/700/700
f 705/705/705 704/704/704 703/703/703
f 708/708/708 707/707/707 706/706/706
f 711/711/711 710/710/710 709/709/709
f 714/714/714 713/713/713 712/712/712
f 717/717/717 716/716/716 715/715/715
f 720/720/720 719/719/719 718/718/718
o Bob_LongShorts
v 0.074464810 0.099838195 0.034800095
v 0.027233266 0.116240559 0.052009078
v 0.025393334 0.116738341 0.024000083
v 0.027233266 0.116240559 0.052009078
v 0.074464810 0.099838195 0.034800095
v 0.067611868 0.099412243 0.058335070
v 0.075556360 0.039405310 0.060789333
v 0.074464810 0.099838195 0.034800095
v 0.085816202 0.054890228 0.024849547
v 0.074464810 0.099838195 0.034800095
v 0.075556360 0.039405310 0.060789333
v 0.067611868 0.099412243 0.058335070
v 0.052769179 0.000618789 0.055573731
v 0.078056925 0.032948596 0.008866809
v 0.049886422 -0.001567832 -0.004964631
v 0.078056925 0.032948596 0.008866809
v 0.052769179 0.000618789 0.055573731
v 0.075556360 0.039405310 0.060789333
v 0.025393334 0.116738341 0.024000083
v -0.016372417 0.107206654 0.048613207
v -0.016632941 0.107330101 0.018231985
v -0.016372417 0.107206654 0.048613207
v 0.025393334 0.116738341 0.024000083
v 0.027233266 0.116240559 0.052009078
v 0.114439582 0.038993704 -0.019942597
v 0.149169940 0.077750779 -0.124824145
v 0.170108663 0.034245696 -0.102301433
v 0.149169940 0.077750779 -0.124824145
v 0.114439582 0.038993704 -0.019942597
v 0.088290996 0.090239909 -0.047021474
v 0.149169940 0.077750779 -0.124824145
v 0.230740982 0.018558620 -0.202404170
v 0.170108663 0.034245696 -0.102301433
v 0.230740982 0.018558620 -0.202404170
v 0.149169940 0.077750779 -0.124824145
v 0.185385246 0.063384588 -0.210957585
v 0.092098063 -0.011854254 -0.033855235
v 0.072708231 -0.006061446 -0.160991307
v 0.018751996 0.024228088 -0.099076634
v 0.072708231 -0.006061446 -0.160991307
v 0.092098063 -0.011854254 -0.033855235
v 0.141389145 -0.017640994 -0.114672020
v 0.141389145 -0.017640994 -0.114672020
v 0.140664350 -0.012233173 -0.204407208
v 0.072708231 -0.006061446 -0.160991307
v 0.140664350 -0.012233173 -0.204407208
v 0.141389145 -0.017640994 -0.114672020
v 0.180204943 -0.020504034 -0.202210472
v 0.018751996 0.024228088 -0.099076634
v 0.088845635 0.080733699 -0.162955672
v 0.053388816 0.087849101 -0.093133442
v 0.088845635 0.080733699 -0.162955672
v 0.018751996 0.024228088 -0.099076634
v 0.072708231 -0.006061446 -0.160991307
v 0.072708231 -0.006061446 -0.160991307
v 0.147747096 0.066478098 -0.211113419
v 0.088845635 0.080733699 -0.162955672
v 0.147747096 0.066478098 -0.211113419
v 0.072708231 -0.006061446 -0.160991307
v 0.140664350 -0.012233173 -0.204407208
v 0.053388816 0.087849101 -0.093133442
v 0.149169940 0.077750779 -0.124824145
v 0.088290996 0.090239909 -0.047021474
v 0.149169940 0.077750779 -0.124824145
v 0.053388816 0.087849101 -0.093133442
v 0.088845635 0.080733699 -0.162955672
v 0.088845635 0.080733699 -0.162955672
v 0.185385246 0.063384588 -0.210957585
v 0.149169940 0.077750779 -0.124824145
v 0.185385246 0.063384588 -0.210957585
v 0.088845635 0.080733699 -0.162955672
v 0.147747096 0.066478098 -0.211113419
v 0.088290996 0.090239909 -0.047021474
v 0.078056925 0.032948596 0.008866809
v 0.057898531 0.084984154 -0.013410043
v 0.078056925 0.032948596 0.008866809
v 0.088290996 0.090239909 -0.047021474
v 0.114439582 0.038993704 -0.019942597
v 0.011290819 -0.022847901 -0.012377892
v 0.092098063 -0.011854254 -0.033855235
v 0.009000131 -0.004126166 -0.056827748
v 0.092098063 -0.011854254 -0.033855235
v 0.011290819 -0.022847901 -0.012377892
v 0.049886422 -0.001567832 -0.004964631
v 0.025393334 0.116738341 0.024000083
v 0.082546274 0.113830489 -0.018815324
v 0.074464810 0.099838195 0.034800095
v 0.082546274 0.113830489 -0.018815324
v 0.025393334 0.116738341 0.024000083
v 0.024735739 0.128608534 -0.025849060
v 0.024735739 0.128608534 -0.025849060
v 0.063328057 0.096272562 -0.077911395
v 0.082546274 0.113830489 -0.018815324
v 0.063328057 0.096272562 -0.077911395
v 0.024735739 0.128608534 -0.025849060
v 0.027286047 0.113273653 -0.071941817
v 0.027286047 0.113273653 -0.071941817
v 0.053388816 0.087849101 -0.093133442
v 0.063328057 0.096272562 -0.077911395
v 0.053388816 0.087849101 -0.093133442
v 0.027286047 0.113273653 -0.071941817
v 0.018751996 0.024228088 -0.099076634
v 0.190041994 0.020290053 -0.271367986
v 0.185385246 0.063384588 -0.210957585
v 0.153545393 0.060962110 -0.252613499
v 0.185385246 0.063384588 -0.210957585
v 0.190041994 0.020290053 -0.271367986
v 0.230740982 0.018558620 -0.202404170
v 0.153545393 0.060962110 -0.252613499
v 0.147747096 0.066478098 -0.211113419
v 0.109143521 0.066641622 -0.218692185
v 0.147747096 0.066478098 -0.211113419
v 0.153545393 0.060962110 -0.252613499
v 0.185385246 0.063384588 -0.210957585
v 0.147747096 0.066478098 -0.211113419
v 0.111520511 -0.018800725 -0.211399752
v 0.109143521 0.066641622 -0.218692185
v 0.111520511 -0.018800725 -0.211399752
v 0.147747096 0.066478098 -0.211113419
v 0.140664350 -0.012233173 -0.204407208
v 0.140664350 -0.012233173 -0.204407208
v 0.150405873 -0.027694473 -0.246133380
v 0.111520511 -0.018800725 -0.211399752
v 0.150405873 -0.027694473 -0.246133380
v 0.140664350 -0.012233173 -0.204407208
v 0.180204943 -0.020504034 -0.202210472
v 0.074464810 0.099838195 0.034800095
v 0.057898531 0.084984154 -0.013410043
v 0.085816202 0.054890228 0.024849547
v 0.057898531 0.084984154 -0.013410043
v 0.074464810 0.099838195 0.034800095
v 0.082546274 0.113830489 -0.018815324
v 0.082546274 0.113830489 -0.018815324
v 0.088290996 0.090239909 -0.047021474
v 0.057898531 0.084984154 -0.013410043
v 0.088290996 0.090239909 -0.047021474
v 0.082546274 0.113830489 -0.018815324
v 0.063328057 0.096272562 -0.077911395
v 0.063328057 0.096272562 -0.077911395
v 0.053388816 0.087849101 -0.093133442
v 0.088290996 0.090239909 -0.047021474
v 0.049886422 -0.001567832 -0.004964631
v 0.114439582 0.038993704 -0.019942597
v 0.092098063 -0.011854254 -0.033855235
v 0.078056925 0.032948596 0.008866809
v 0.114439582 0.038993704 -0.019942597
v 0.049886422 -0.001567832 -0.004964631
v 0.114439582 0.038993704 -0.019942597
v 0.170108663 0.034245696 -0.102301433
v 0.141389145 -0.017640994 -0.114672020
v 0.170108663 0.034245696 -0.102301433
v 0.180204943 -0.020504034 -0.202210472
v 0.141389145 -0.017640994 -0.114672020
v 0.180204943 -0.020504034 -0.202210472
v 0.170108663 0.034245696 -0.102301433
v 0.230740982 0.018558620 -0.202404170
v 0.230740982 0.018558620 -0.202404170
v 0.150405873 -0.027694473 -0.246133380
v 0.180204943 -0.020504034 -0.202210472
v 0.150405873 -0.027694473 -0.246133380
v 0.230740982 0.018558620 -0.202404170
v 0.190041994 0.020290053 -0.271367986
v 0.075556360 0.039405310 0.060789333
v 0.085816202 0.054890228 0.024849547
v 0.078056925 0.032948596 0.008866809
v 0.085816202 0.054890228 0.024849547
v 0.057898531 0.084984154 -0.013410043
v 0.078056925 0.032948596 0.008866809
v 0.092098063 -0.011854254 -0.033855235
v 0.001407300 0.036332128 -0.078056456
v 0.009000131 -0.004126166 -0.056827748
v 0.011290819 -0.022847901 -0.012377892
v 0.052769179 0.000618789 0.055573731
v 0.049886422 -0.001567832 -0.004964631
v -0.016632941 0.107330101 0.018231985
v 0.024735739 0.128608534 -0.025849060
v 0.025393334 0.116738341 0.024000083
v 0.024735739 0.128608534 -0.025849060
v -0.016632941 0.107330101 0.018231985
v -0.017420395 0.119405246 -0.029975573
v 0.024735739 0.128608534 -0.025849060
v -0.014234093 0.110706123 -0.069407557
v 0.027286047 0.113273653 -0.071941817
v -0.014234093 0.110706123 -0.069407557
v 0.024735739 0.128608534 -0.025849060
v -0.017420395 0.119405246 -0.029975573
v -0.014234093 0.110706123 -0.069407557
v -0.004738884 0.079536080 -0.090783949
v 0.027286047 0.113273653 -0.071941817
v -0.004738884 0.079536080 -0.090783949
v 0.001407300 0.036332128 -0.078056456
v 0.018751996 0.024228088 -0.099076634
v 0.018751996 0.024228088 -0.099076634
v 0.001407300 0.036332128 -0.078056456
v 0.092098063 -0.011854254 -0.033855235
v 0.114439582 0.038993704 -0.019942597
v 0.141389145 -0.017640994 -0.114672020
v 0.092098063 -0.011854254 -0.033855235
v 0.067611868 0.099412243 0.058335070
v -0.004657612 0.050121709 0.054057198
v 0.027233266 0.116240559 0.052009078
v 0.075556360 0.039405310 0.060789333
v -0.004657612 0.050121709 0.054057198
v 0.067611868 0.099412243 0.058335070
v 0.052769179 0.000618789 0.055573731
v -0.004657612 0.050121709 0.054057198
v 0.075556360 0.039405310 0.060789333
v 0.008512526 -0.013235518 0.053394854
v -0.004657612 0.050121709 0.054057198
v 0.052769179 0.000618789 0.055573731
v 0.027233266 0.116240559 0.052009078
v -0.004657612 0.050121709 0.054057198
v -0.016372417 0.107206654 0.048613207
v -0.098252129 0.064223866 0.028700617
v -0.060053973 0.097986405 0.049784918
v -0.090636240 0.066318227 0.054302761
v -0.060053973 0.097986405 0.049784918
v -0.098252129 0.064223866 0.028700617
v -0.059242431 0.099286399 0.021011181
v -0.074163604 0.008094762 0.056974329
v -0.098252129 0.064223866 0.028700617
v -0.090636240 0.066318227 0.054302761
v -0.098252129 0.064223866 0.028700617
v -0.074163604 0.008094762 0.056974329
v -0.090218903 0.018591692 0.018632888
v -0.037623649 -0.018284828 0.053270438
v -0.067190705 -0.013229577 -0.000617134
v -0.074163604 0.008094762 0.056974329
v -0.067190705 -0.013229577 -0.000617134
v -0.037623649 -0.018284828 0.053270438
v -0.032977690 -0.018654458 -0.007890967
v -0.059242431 0.099286399 0.021011181
v -0.016372417 0.107206654 0.048613207
v -0.060053973 0.097986405 0.049784918
v -0.016372417 0.107206654 0.048613207
v -0.059242431 0.099286399 0.021011181
v -0.016632941 0.107330101 0.018231985
v -0.052772551 -0.026390244 -0.054130045
v -0.108593736 -0.003058489 -0.154510867
v -0.105366115 0.009404801 -0.055770168
v -0.108593736 -0.003058489 -0.154510867
v -0.052772551 -0.026390244 -0.054130045
v -0.062746780 -0.030166991 -0.153253589
v -0.108593736 -0.003058489 -0.154510867
v -0.064677462 -0.041039802 -0.258657554
v -0.110023324 0.010204323 -0.248108409
v -0.064677462 -0.041039802 -0.258657554
v -0.108593736 -0.003058489 -0.154510867
v -0.062746780 -0.030166991 -0.153253589
v -0.001140955 -0.001924920 -0.064777706
v -0.029219729 0.085518399 -0.160241760
v -0.012631645 0.003571631 -0.157753369
v -0.029219729 0.085518399 -0.160241760
v -0.001140955 -0.001924920 -0.064777706
v -0.012841303 0.092152798 -0.091632372
v -0.012631645 0.003571631 -0.157753369
v -0.032514935 0.062271309 -0.246869264
v -0.023189133 0.015090964 -0.251212619
v -0.032514935 0.062271309 -0.246869264
v -0.012631645 0.003571631 -0.157753369
v -0.029219729 0.085518399 -0.160241760
v -0.012841303 0.092152798 -0.091632372
v -0.115652966 0.068009253 -0.155725656
v -0.029219729 0.085518399 -0.160241760
v -0.115652966 0.068009253 -0.155725656
v -0.012841303 0.092152798 -0.091632372
v -0.106380731 0.071771776 -0.078102102
v -0.029219729 0.085518399 -0.160241760
v -0.113873430 0.054179105 -0.243521286
v -0.032514935 0.062271309 -0.246869264
v -0.113873430 0.054179105 -0.243521286
v -0.029219729 0.085518399 -0.160241760
v -0.115652966 0.068009253 -0.155725656
v -0.106380731 0.071771776 -0.078102102
v -0.108593736 -0.003058489 -0.154510867
v -0.115652966 0.068009253 -0.155725656
v -0.108593736 -0.003058489 -0.154510867
v -0.106380731 0.071771776 -0.078102102
v -0.105366115 0.009404801 -0.055770168
v -0.115652966 0.068009253 -0.155725656
v -0.110023324 0.010204323 -0.248108409
v -0.113873430 0.054179105 -0.243521286
v -0.110023324 0.010204323 -0.248108409
v -0.115652966 0.068009253 -0.155725656
v -0.108593736 -0.003058489 -0.154510867
v -0.105366115 0.009404801 -0.055770168
v -0.067190705 -0.013229577 -0.000617134
v -0.052772551 -0.026390244 -0.054130045
v -0.067190705 -0.013229577 -0.000617134
v -0.105366115 0.009404801 -0.055770168
v -0.095786086 0.021576485 -0.011445112
v 0.011290819 -0.022847901 -0.012377892
v -0.001140955 -0.001924920 -0.064777706
v -0.032977690 -0.018654458 -0.007890967
v -0.001140955 -0.001924920 -0.064777706
v 0.011290819 -0.022847901 -0.012377892
v 0.009000131 -0.004126166 -0.056827748
v -0.059242431 0.099286399 0.021011181
v -0.107556283 0.074631235 -0.025528773
v -0.059956793 0.111144886 -0.028839966
v -0.107556283 0.074631235 -0.025528773
v -0.059242431 0.099286399 0.021011181
v -0.098252129 0.064223866 0.028700617
v -0.059956793 0.111144886 -0.028839966
v -0.107135633 0.071721344 -0.069784242
v -0.055785711 0.101530489 -0.072977965
v -0.107135633 0.071721344 -0.069784242
v -0.059956793 0.111144886 -0.028839966
v -0.107556283 0.074631235 -0.025528773
v -0.055785711 0.101530489 -0.072977965
v -0.106380731 0.071771776 -0.078102102
v -0.012841303 0.092152798 -0.091632372
v -0.106380731 0.071771776 -0.078102102
v -0.055785711 0.101530489 -0.072977965
v -0.107135633 0.071721344 -0.069784242
v -0.072487432 -0.018529706 -0.306105580
v -0.110023324 0.010204323 -0.248108409
v -0.064677462 -0.041039802 -0.258657554
v -0.110023324 0.010204323 -0.248108409
v -0.072487432 -0.018529706 -0.306105580
v -0.112636500 0.022620653 -0.300396521
v -0.112636500 0.022620653 -0.300396521
v -0.113873430 0.054179105 -0.243521286
v -0.110023324 0.010204323 -0.248108409
v -0.113873430 0.054179105 -0.243521286
v -0.112636500 0.022620653 -0.300396521
v -0.116936521 0.077053790 -0.287244313
v -0.113873430 0.054179105 -0.243521286
v -0.031565490 0.085256237 -0.280882376
v -0.032514935 0.062271309 -0.246869264
v -0.031565490 0.085256237 -0.280882376
v -0.113873430 0.054179105 -0.243521286
v -0.116936521 0.077053790 -0.287244313
v -0.032514935 0.062271309 -0.246869264
v -0.023930712 0.027733427 -0.302803861
v -0.023189133 0.015090964 -0.251212619
v -0.023930712 0.027733427 -0.302803861
v -0.032514935 0.062271309 -0.246869264
v -0.031565490 0.085256237 -0.280882376
v -0.098252129 0.064223866 0.028700617
v -0.095786086 0.021576485 -0.011445112
v -0.107556283 0.074631235 -0.025528773
v -0.095786086 0.021576485 -0.011445112
v -0.098252129 0.064223866 0.028700617
v -0.090218903 0.018591692 0.018632888
v -0.107556283 0.074631235 -0.025528773
v -0.105366115 0.009404801 -0.055770168
v -0.107135633 0.071721344 -0.069784242
v -0.105366115 0.009404801 -0.055770168
v -0.107556283 0.074631235 -0.025528773
v -0.095786086 0.021576485 -0.011445112
v -0.107135633 0.071721344 -0.069784242
v -0.105366115 0.009404801 -0.055770168
v -0.106380731 0.071771776 -0.078102102
v -0.032977690 -0.018654458 -0.007890967
v -0.001140955 -0.001924920 -0.064777706
v -0.052772551 -0.026390244 -0.054130045
v -0.067190705 -0.013229577 -0.000617134
v -0.032977690 -0.018654458 -0.007890967
v -0.052772551 -0.026390244 -0.054130045
v -0.052772551 -0.026390244 -0.054130045
v -0.012631645 0.003571631 -0.157753369
v -0.062746780 -0.030166991 -0.153253589
v -0.062746780 -0.030166991 -0.153253589
v -0.023189133 0.015090964 -0.251212619
v -0.064677462 -0.041039802 -0.258657554
v -0.023189133 0.015090964 -0.251212619
v -0.062746780 -0.030166991 -0.153253589
v -0.012631645 0.003571631 -0.157753369
v -0.064677462 -0.041039802 -0.258657554
v -0.023930712 0.027733427 -0.302803861
v -0.072487432 -0.018529706 -0.306105580
v -0.023930712 0.027733427 -0.302803861
v -0.064677462 -0.041039802 -0.258657554
v -0.023189133 0.015090964 -0.251212619
v -0.074163604 0.008094762 0.056974329
v -0.067190705 -0.013229577 -0.000617134
v -0.090218903 0.018591692 0.018632888
v -0.090218903 0.018591692 0.018632888
v -0.067190705 -0.013229577 -0.000617134
v -0.095786086 0.021576485 -0.011445112
v -0.001140955 -0.001924920 -0.064777706
v 0.009000131 -0.004126166 -0.056827748
v 0.001407300 0.036332128 -0.078056456
v 0.011290819 -0.022847901 -0.012377892
v -0.032977690 -0.018654458 -0.007890967
v -0.037623649 -0.018284828 0.053270438
v -0.016632941 0.107330101 0.018231985
v -0.059956793 0.111144886 -0.028839966
v -0.017420395 0.119405246 -0.029975573
v -0.059956793 0.111144886 -0.028839966
v -0.016632941 0.107330101 0.018231985
v -0.059242431 0.099286399 0.021011181
v -0.059956793 0.111144886 -0.028839966
v -0.014234093 0.110706123 -0.069407557
v -0.017420395 0.119405246 -0.029975573
v -0.014234093 0.110706123 -0.069407557
v -0.059956793 0.111144886 -0.028839966
v -0.055785711 0.101530489 -0.072977965
v -0.014234093 0.110706123 -0.069407557
v -0.055785711 0.101530489 -0.072977965
v -0.004738884 0.079536080 -0.090783949
v -0.004738884 0.079536080 -0.090783949
v -0.012841303 0.092152798 -0.091632372
v 0.001407300 0.036332128 -0.078056456
v -0.012841303 0.092152798 -0.091632372
v -0.001140955 -0.001924920 -0.064777706
v 0.001407300 0.036332128 -0.078056456
v -0.052772551 -0.026390244 -0.054130045
v -0.001140955 -0.001924920 -0.064777706
v -0.012631645 0.003571631 -0.157753369
v -0.090636240 0.066318227 0.054302761
v -0.060053973 0.097986405 0.049784918
v -0.004657612 0.050121709 0.054057198
v -0.074163604 0.008094762 0.056974329
v -0.090636240 0.066318227 0.054302761
v -0.004657612 0.050121709 0.054057198
v -0.037623649 -0.018284828 0.053270438
v -0.074163604 0.008094762 0.056974329
v -0.004657612 0.050121709 0.054057198
v 0.008512526 -0.013235518 0.053394854
v -0.037623649 -0.018284828 0.053270438
v -0.004657612 0.050121709 0.054057198
v -0.060053973 0.097986405 0.049784918
v -0.016372417 0.107206654 0.048613207
v -0.004657612 0.050121709 0.054057198
v 0.052769179 0.000618789 0.055573731
v 0.011290819 -0.022847901 -0.012377892
v 0.008512526 -0.013235518 0.053394854
v 0.011290819 -0.022847901 -0.012377892
v -0.037623649 -0.018284828 0.053270438
v 0.008512526 -0.013235518 0.053394854
v 0.027286047 0.113273653 -0.071941817
v -0.004738884 0.079536080 -0.090783949
v 0.018751996 0.024228088 -0.099076634
v -0.004738884 0.079536080 -0.090783949
v -0.055785711 0.101530489 -0.072977965
v -0.012841303 0.092152798 -0.091632372
vt 0.655812979 0.551967025
vt 0.740234017 0.536140025
vt 0.742870986 0.560733974
vt 0.740234017 0.536140025
vt 0.655812979 0.551967025
vt 0.652606010 0.536140025
vt 0.584580004 0.536140025
vt 0.655812979 0.551967025
vt 0.606445014 0.568359017
vt 0.655812979 0.551967025
vt 0.584580004 0.536140025
vt 0.652606010 0.536140025
vt 0.546494007 0.536140025
vt 0.577148020 0.587302029
vt 0.539062977 0.589254975
vt 0.577148020 0.587302029
vt 0.546494007 0.536140025
vt 0.584580004 0.536140025
vt 0.742870986 0.560733974
vt 0.785156012 0.536140025
vt 0.785156012 0.562500000
vt 0.785156012 0.536140025
vt 0.742870986 0.560733974
vt 0.740234017 0.536140025
vt 0.571289003 0.614257991
vt 0.620117009 0.710937977
vt 0.583007991 0.711914003
vt 0.620117009 0.710937977
vt 0.571289003 0.614257991
vt 0.616210997 0.614257991
vt 0.620117009 0.710937977
vt 0.594506025 0.771530986
vt 0.583007991 0.711914003
vt 0.594506025 0.771530986
vt 0.620117009 0.710937977
vt 0.633000016 0.774496973
vt 0.781250000 0.617187977
vt 0.729492009 0.701171994
vt 0.738281012 0.629882991
vt 0.729492009 0.701171994
vt 0.781250000 0.617187977
vt 0.774414003 0.709960997
vt 0.774414003 0.709960997
vt 0.722656012 0.771484017
vt 0.729492009 0.701171994
vt 0.722656012 0.771484017
vt 0.774414003 0.709960997
vt 0.768554986 0.771484017
vt 0.738281012 0.629882991
vt 0.676757991 0.704101980
vt 0.680441976 0.630411983
vt 0.676757991 0.704101980
vt 0.738281012 0.629882991
vt 0.729492009 0.701171994
vt 0.729492009 0.701171994
vt 0.676864982 0.770649016
vt 0.676757991 0.704101980
vt 0.676864982 0.770649016
vt 0.729492009 0.701171994
vt 0.722656012 0.771484017
vt 0.680441976 0.630411983
vt 0.620117009 0.710937977
vt 0.616210997 0.614257991
vt 0.620117009 0.710937977
vt 0.680441976 0.630411983
vt 0.676757991 0.704101980
vt 0.676757991 0.704101980
vt 0.633000016 0.774496973
vt 0.620117009 0.710937977
vt 0.633000016 0.774496973
vt 0.676757991 0.704101980
vt 0.676864982 0.770649016
vt 0.616210997 0.614257991
vt 0.577148020 0.587302029
vt 0.622070014 0.584178984
vt 0.577148020 0.587302029
vt 0.616210997 0.614257991
vt 0.571289003 0.614257991
vt 0.500618994 0.591796994
vt 0.512254000 0.615234017
vt 0.500618994 0.616203010
vt 0.512254000 0.615234017
vt 0.500618994 0.591796994
vt 0.539062977 0.589254975
vt 0.742870986 0.560733974
vt 0.677475989 0.591902971
vt 0.655812979 0.551967025
vt 0.677475989 0.591902971
vt 0.742870986 0.560733974
vt 0.744140983 0.590817988
vt 0.744140983 0.590817988
vt 0.681532979 0.613192976
vt 0.677475989 0.591902971
vt 0.681532979 0.613192976
vt 0.744140983 0.590817988
vt 0.741210997 0.610741973
vt 0.741210997 0.610741973
vt 0.680441976 0.630411983
vt 0.681532979 0.613192976
vt 0.680441976 0.630411983
vt 0.741210997 0.610741973
vt 0.738281012 0.629882991
vt 0.605823994 0.822108984
vt 0.633000016 0.774496973
vt 0.646853983 0.820093989
vt 0.633000016 0.774496973
vt 0.605823994 0.822108984
vt 0.594506025 0.771530986
vt 0.646853983 0.820093989
vt 0.676864982 0.770649016
vt 0.676509023 0.814683020
vt 0.676864982 0.770649016
vt 0.646853983 0.820093989
vt 0.633000016 0.774496973
vt 0.676864982 0.770649016
vt 0.724609017 0.814518988
vt 0.676509023 0.814683020
vt 0.724609017 0.814518988
vt 0.676864982 0.770649016
vt 0.722656012 0.771484017
vt 0.722656012 0.771484017
vt 0.758789003 0.813937008
vt 0.724609017 0.814518988
vt 0.758789003 0.813937008
vt 0.722656012 0.771484017
vt 0.768554986 0.771484017
vt 0.655812979 0.551967025
vt 0.622070014 0.584178984
vt 0.606445014 0.568359017
vt 0.622070014 0.584178984
vt 0.655812979 0.551967025
vt 0.677475989 0.591902971
vt 0.677475989 0.591902971
vt 0.616210997 0.614257991
vt 0.622070014 0.584178984
vt 0.616210997 0.614257991
vt 0.677475989 0.591902971
vt 0.681532979 0.613192976
vt 0.681532979 0.613192976
vt 0.680441976 0.630411983
vt 0.616210997 0.614257991
vt 0.539062977 0.589254975
vt 0.571289003 0.614257991
vt 0.512254000 0.615234017
vt 0.577148020 0.587302029
vt 0.571289003 0.614257991
vt 0.539062977 0.589254975
vt 0.571289003 0.614257991
vt 0.583007991 0.711914003
vt 0.537109017 0.710937977
vt 0.583007991 0.711914003
vt 0.551757991 0.772460997
vt 0.537109017 0.710937977
vt 0.551757991 0.772460997
vt 0.583007991 0.711914003
vt 0.594506025 0.771530986
vt 0.594506025 0.771530986
vt 0.567382991 0.824355006
vt 0.551757991 0.772460997
vt 0.567382991 0.824355006
vt 0.594506025 0.771530986
vt 0.605823994 0.822108984
vt 0.584580004 0.536140025
vt 0.606445014 0.568359017
vt 0.577148020 0.587302029
vt 0.606445014 0.568359017
vt 0.622070014 0.584178984
vt 0.577148020 0.587302029
vt 0.781250000 0.617187977
vt 0.781250000 0.609375000
vt 0.785156012 0.617187977
vt 0.500618994 0.591796994
vt 0.546494007 0.536140025
vt 0.539062977 0.589254975
vt 0.785156012 0.562500000
vt 0.744140983 0.590817988
vt 0.742870986 0.560733974
vt 0.744140983 0.590817988
vt 0.785156012 0.562500000
vt 0.785156012 0.589843988
vt 0.744140983 0.590817988
vt 0.785156012 0.609375000
vt 0.741210997 0.610741973
vt 0.785156012 0.609375000
vt 0.744140983 0.590817988
vt 0.785156012 0.589843988
vt 0.785156012 0.609375000
vt 0.781250000 0.605468988
vt 0.741210997 0.610741973
vt 0.781250000 0.605468988
vt 0.781250000 0.609375000
vt 0.738281012 0.629882991
vt 0.738281012 0.629882991
vt 0.781250000 0.609375000
vt 0.781250000 0.617187977
vt 0.571289003 0.614257991
vt 0.537109017 0.710937977
vt 0.512254000 0.615234017
vt 0.652606010 0.536140025
vt 0.647126973 0.536139011
vt 0.740234017 0.536140025
vt 0.584580004 0.536140025
vt 0.647126973 0.536139011
vt 0.652606010 0.536140025
vt 0.546494007 0.536140025
vt 0.647126973 0.536139011
vt 0.584580004 0.536140025
vt 0.500618994 0.536140025
vt 0.647126973 0.536139011
vt 0.546494007 0.536140025
vt 0.740234017 0.536140025
vt 0.647126973 0.536139011
vt 0.785156012 0.536140025
vt 0.346322000 0.551757991
vt 0.261361003 0.536140025
vt 0.349251986 0.536140025
vt 0.261361003 0.536140025
vt 0.346322000 0.551757991
vt 0.259407997 0.560546994
vt 0.416635007 0.536140025
vt 0.346322000 0.551757991
vt 0.349251986 0.536140025
vt 0.346322000 0.551757991
vt 0.416635007 0.536140025
vt 0.395150006 0.568359017
vt 0.454721004 0.536140025
vt 0.424447000 0.586914003
vt 0.416635007 0.536140025
vt 0.424447000 0.586914003
vt 0.454721004 0.536140025
vt 0.462532997 0.588867009
vt 0.259407997 0.560546994
vt 0.210938007 0.536140025
vt 0.261361003 0.536140025
vt 0.210938007 0.536140025
vt 0.259407997 0.560546994
vt 0.210938007 0.562500000
vt 0.430307001 0.614257991
vt 0.381478995 0.710937977
vt 0.385385007 0.614257991
vt 0.381478995 0.710937977
vt 0.430307001 0.614257991
vt 0.418588012 0.711914003
vt 0.381478995 0.710937977
vt 0.406868994 0.771484017
vt 0.368782997 0.774414003
vt 0.406868994 0.771484017
vt 0.381478995 0.710937977
vt 0.418588012 0.711914003
vt 0.218750000 0.617187977
vt 0.272103995 0.701171994
vt 0.227182001 0.709960997
vt 0.272103995 0.701171994
vt 0.218750000 0.617187977
vt 0.263314009 0.629882991
vt 0.227182001 0.709960997
vt 0.278939009 0.771484017
vt 0.233041003 0.771484017
vt 0.278939009 0.771484017
vt 0.227182001 0.709960997
vt 0.272103995 0.701171994
vt 0.263314009 0.629882991
vt 0.324838012 0.704101980
vt 0.272103995 0.701171994
vt 0.324838012 0.704101980
vt 0.263314009 0.629882991
vt 0.321907997 0.630859017
vt 0.272103995 0.701171994
vt 0.324838012 0.770507991
vt 0.278939009 0.771484017
vt 0.324838012 0.770507991
vt 0.272103995 0.701171994
vt 0.324838012 0.704101980
vt 0.321907997 0.630859017
vt 0.381478995 0.710937977
vt 0.324838012 0.704101980
vt 0.381478995 0.710937977
vt 0.321907997 0.630859017
vt 0.385385007 0.614257991
vt 0.324838012 0.704101980
vt 0.368782997 0.774414003
vt 0.324838012 0.770507991
vt 0.368782997 0.774414003
vt 0.324838012 0.704101980
vt 0.381478995 0.710937977
vt 0.385385007 0.614257991
vt 0.424447000 0.586914003
vt 0.430307001 0.614257991
vt 0.424447000 0.586914003
vt 0.385385007 0.614257991
vt 0.379525006 0.583984017
vt 0.500618994 0.591796994
vt 0.489342004 0.615234017
vt 0.462532997 0.588867009
vt 0.489342004 0.615234017
vt 0.500618994 0.591796994
vt 0.500618994 0.616203010
vt 0.259407997 0.560546994
vt 0.324838012 0.591796994
vt 0.257454991 0.590820014
vt 0.324838012 0.591796994
vt 0.259407997 0.560546994
vt 0.346322000 0.551757991
vt 0.257454991 0.590820014
vt 0.319954991 0.613281012
vt 0.260385007 0.610351980
vt 0.319954991 0.613281012
vt 0.257454991 0.590820014
vt 0.324838012 0.591796994
vt 0.260385007 0.610351980
vt 0.321907997 0.630859017
vt 0.263314009 0.629882991
vt 0.321907997 0.630859017
vt 0.260385007 0.610351980
vt 0.319954991 0.613281012
vt 0.396126986 0.822250009
vt 0.368782997 0.774414003
vt 0.406868994 0.771484017
vt 0.368782997 0.774414003
vt 0.396126986 0.822250009
vt 0.355111003 0.819867015
vt 0.355111003 0.819867015
vt 0.324838012 0.770507991
vt 0.368782997 0.774414003
vt 0.324838012 0.770507991
vt 0.355111003 0.819867015
vt 0.325814009 0.814505994
vt 0.324838012 0.770507991
vt 0.276986003 0.814518988
vt 0.278939009 0.771484017
vt 0.276986003 0.814518988
vt 0.324838012 0.770507991
vt 0.325814009 0.814505994
vt 0.278939009 0.771484017
vt 0.242807001 0.813937008
vt 0.233041003 0.771484017
vt 0.242807001 0.813937008
vt 0.278939009 0.771484017
vt 0.276986003 0.814518988
vt 0.346322000 0.551757991
vt 0.379525006 0.583984017
vt 0.324838012 0.591796994
vt 0.379525006 0.583984017
vt 0.346322000 0.551757991
vt 0.395150006 0.568359017
vt 0.324838012 0.591796994
vt 0.385385007 0.614257991
vt 0.319954991 0.613281012
vt 0.385385007 0.614257991
vt 0.324838012 0.591796994
vt 0.379525006 0.583984017
vt 0.319954991 0.613281012
vt 0.385385007 0.614257991
vt 0.321907997 0.630859017
vt 0.462532997 0.588867009
vt 0.489342004 0.615234017
vt 0.430307001 0.614257991
vt 0.424447000 0.586914003
vt 0.462532997 0.588867009
vt 0.430307001 0.614257991
vt 0.430307001 0.614257991
vt 0.464486003 0.710937977
vt 0.418588012 0.711914003
vt 0.418588012 0.711914003
vt 0.449838012 0.772460997
vt 0.406868994 0.771484017
vt 0.449838012 0.772460997
vt 0.418588012 0.711914003
vt 0.464486003 0.710937977
vt 0.406868994 0.771484017
vt 0.434213012 0.824355006
vt 0.396126986 0.822250009
vt 0.434213012 0.824355006
vt 0.406868994 0.771484017
vt 0.449838012 0.772460997
vt 0.416635007 0.536140025
vt 0.424447000 0.586914003
vt 0.395150006 0.568359017
vt 0.395150006 0.568359017
vt 0.424447000 0.586914003
vt 0.379525006 0.583984017
vt 0.218750000 0.617187977
vt 0.214844003 0.617187977
vt 0.217416003 0.610351980
vt 0.500618994 0.591796994
vt 0.462532997 0.588867009
vt 0.454721004 0.536140025
vt 0.210938007 0.562500000
vt 0.257454991 0.590820014
vt 0.210938007 0.589843988
vt 0.257454991 0.590820014
vt 0.210938007 0.562500000
vt 0.259407997 0.560546994
vt 0.257454991 0.590820014
vt 0.210938007 0.609375000
vt 0.210938007 0.589843988
vt 0.210938007 0.609375000
vt 0.257454991 0.590820014
vt 0.260385007 0.610351980
vt 0.210938007 0.609375000
vt 0.260385007 0.610351980
vt 0.216440007 0.603515983
vt 0.216440007 0.603515983
vt 0.263314009 0.629882991
vt 0.217416003 0.610351980
vt 0.263314009 0.629882991
vt 0.218750000 0.617187977
vt 0.217416003 0.610351980
vt 0.430307001 0.614257991
vt 0.489342004 0.615234017
vt 0.464486003 0.710937977
vt 0.349251986 0.536140025
vt 0.261361003 0.536140025
vt 0.355111003 0.536139011
vt 0.416635007 0.536140025
vt 0.349251986 0.536140025
vt 0.355111003 0.536139011
vt 0.454721004 0.536140025
vt 0.416635007 0.536140025
vt 0.355111003 0.536139011
vt 0.500618994 0.536140025
vt 0.454721004 0.536140025
vt 0.355111003 0.536139011
vt 0.261361003 0.536140025
vt 0.210938007 0.536140025
vt 0.355111003 0.536139011
vt 0.546494007 0.536140025
vt 0.500618994 0.591796994
vt 0.500618994 0.536140025
vt 0.500618994 0.591796994
vt 0.454721004 0.536140025
vt 0.500618994 0.536140025
vt 0.741210997 0.610741973
vt 0.781250000 0.605468988
vt 0.738281012 0.629882991
vt 0.216440007 0.603515983
vt 0.260385007 0.610351980
vt 0.263314009 0.629882991
vn 0.851440432 0.514783460 0.100235623
vn -0.002804674 0.561236283 0.827650873
vn 0.067932487 0.982376253 0.174132346
vn -0.002804674 0.561236283 0.827650873
vn 0.851440432 0.514783460 0.100235623
vn 0.119911478 0.186836633 0.975045286
vn 0.498581310 -0.113353416 0.859399605
vn 0.851440432 0.514783460 0.100235623
vn 0.979964346 0.115528550 -0.162243749
vn 0.851440432 0.514783460 0.100235623
vn 0.498581310 -0.113353416 0.859399605
vn 0.119911478 0.186836633 0.975045286
vn 0.464639332 -0.679423841 0.567885143
vn 0.918747871 -0.121420616 0.375711835
vn 0.560813972 -0.711197028 0.423894417
vn 0.918747871 -0.121420616 0.375711835
vn 0.464639332 -0.679423841 0.567885143
vn 0.498581310 -0.113353416 0.859399605
vn 0.067932487 0.982376253 0.174132346
vn -0.164852767 0.709696705 0.684948284
vn -0.204736735 0.961572971 0.182921544
vn -0.164852767 0.709696705 0.684948284
vn 0.067932487 0.982376253 0.174132346
vn -0.002804674 0.561236283 0.827650873
vn 0.775479132 0.011916701 0.631260729
vn 0.489975351 0.853059486 0.179481670
vn 0.837418728 -0.185350716 0.514174081
vn 0.489975351 0.853059486 0.179481670
vn 0.775479132 0.011916701 0.631260729
vn 0.578814204 0.739640320 0.343374889
vn 0.489975351 0.853059486 0.179481670
vn 0.995529426 -0.027708875 0.090296071
vn 0.837418728 -0.185350716 0.514174081
vn 0.995529426 -0.027708875 0.090296071
vn 0.489975351 0.853059486 0.179481670
vn 0.450937480 0.878224442 -0.159302286
vn -0.007447957 -0.997982270 0.063054870
vn -0.593119782 -0.633532982 -0.496834867
vn -0.768488223 -0.268202157 -0.580941868
vn -0.593119782 -0.633532982 -0.496834867
vn -0.007447957 -0.997982270 0.063054870
vn 0.348412733 -0.905117939 0.243659771
vn 0.348412733 -0.905117939 0.243659771
vn -0.411424858 -0.891434775 -0.189930586
vn -0.593119782 -0.633532982 -0.496834867
vn -0.411424858 -0.891434775 -0.189930586
vn 0.348412733 -0.905117939 0.243659771
vn 0.486658335 -0.834729665 0.257662670
vn -0.768488223 -0.268202157 -0.580941868
vn -0.477443307 0.687302629 -0.547414820
vn -0.242283925 0.888782093 -0.389056412
vn -0.477443307 0.687302629 -0.547414820
vn -0.768488223 -0.268202157 -0.580941868
vn -0.593119782 -0.633532982 -0.496834867
vn -0.593119782 -0.633532982 -0.496834867
vn -0.710998905 0.501634754 -0.492791164
vn -0.477443307 0.687302629 -0.547414820
vn -0.710998905 0.501634754 -0.492791164
vn -0.593119782 -0.633532982 -0.496834867
vn -0.411424858 -0.891434775 -0.189930586
vn -0.242283925 0.888782093 -0.389056412
vn 0.489975351 0.853059486 0.179481670
vn 0.578814204 0.739640320 0.343374889
vn 0.489975351 0.853059486 0.179481670
vn -0.242283925 0.888782093 -0.389056412
vn -0.477443307 0.687302629 -0.547414820
vn -0.477443307 0.687302629 -0.547414820
vn 0.450937480 0.878224442 -0.159302286
vn 0.489975351 0.853059486 0.179481670
vn 0.450937480 0.878224442 -0.159302286
vn -0.477443307 0.687302629 -0.547414820
vn -0.710998905 0.501634754 -0.492791164
vn 0.578814204 0.739640320 0.343374889
vn 0.918747871 -0.121420616 0.375711835
vn 0.996417911 0.036982618 0.076050204
vn 0.918747871 -0.121420616 0.375711835
vn 0.578814204 0.739640320 0.343374889
vn 0.775479132 0.011916701 0.631260729
vn 0.136798205 -0.990417625 -0.018952023
vn -0.007447957 -0.997982270 0.063054870
vn 0.146531792 -0.723818708 -0.674251371
vn -0.007447957 -0.997982270 0.063054870
vn 0.136798205 -0.990417625 -0.018952023
vn 0.560813972 -0.711197028 0.423894417
vn 0.067932487 0.982376253 0.174132346
vn 0.590045325 0.806845760 0.029093539
vn 0.851440432 0.514783460 0.100235623
vn 0.590045325 0.806845760 0.029093539
vn 0.067932487 0.982376253 0.174132346
vn 0.053103071 0.995855206 -0.073840860
vn 0.053103071 0.995855206 -0.073840860
vn 0.400896783 0.826384964 -0.395436038
vn 0.590045325 0.806845760 0.029093539
vn 0.400896783 0.826384964 -0.395436038
vn 0.053103071 0.995855206 -0.073840860
vn 0.016761021 0.635259244 -0.772117065
vn 0.016761021 0.635259244 -0.772117065
vn -0.242283925 0.888782093 -0.389056412
vn 0.400896783 0.826384964 -0.395436038
vn -0.242283925 0.888782093 -0.389056412
vn 0.016761021 0.635259244 -0.772117065
vn -0.768488223 -0.268202157 -0.580941868
vn 0.834572439 0.118722867 -0.537953274
vn 0.450937480 0.878224442 -0.159302286
vn 0.309230931 0.901695386 -0.302194741
vn 0.450937480 0.878224442 -0.159302286
vn 0.834572439 0.118722867 -0.537953274
vn 0.995529426 -0.027708875 0.090296071
vn 0.309230931 0.901695386 -0.302194741
vn -0.710998905 0.501634754 -0.492791164
vn -0.162528998 0.519181546 0.839067844
vn -0.710998905 0.501634754 -0.492791164
vn 0.309230931 0.901695386 -0.302194741
vn 0.450937480 0.878224442 -0.159302286
vn -0.710998905 0.501634754 -0.492791164
vn -0.173273708 -0.125048079 0.976902861
vn -0.162528998 0.519181546 0.839067844
vn -0.173273708 -0.125048079 0.976902861
vn -0.710998905 0.501634754 -0.492791164
vn -0.411424858 -0.891434775 -0.189930586
vn -0.411424858 -0.891434775 -0.189930586
vn 0.463573660 -0.869064794 -0.172701606
vn -0.173273708 -0.125048079 0.976902861
vn 0.463573660 -0.869064794 -0.172701606
vn -0.411424858 -0.891434775 -0.189930586
vn 0.486658335 -0.834729665 0.257662670
vn 0.851440432 0.514783460 0.100235623
vn 0.996417911 0.036982618 0.076050204
vn 0.979964346 0.115528550 -0.162243749
vn 0.996417911 0.036982618 0.076050204
vn 0.851440432 0.514783460 0.100235623
vn 0.590045325 0.806845760 0.029093539
vn 0.590045325 0.806845760 0.029093539
vn 0.578814204 0.739640320 0.343374889
vn 0.996417911 0.036982618 0.076050204
vn 0.578814204 0.739640320 0.343374889
vn 0.590045325 0.806845760 0.029093539
vn 0.400896783 0.826384964 -0.395436038
vn 0.400896783 0.826384964 -0.395436038
vn -0.242283925 0.888782093 -0.389056412
vn 0.578814204 0.739640320 0.343374889
vn 0.560813972 -0.711197028 0.423894417
vn 0.775479132 0.011916701 0.631260729
vn -0.007447957 -0.997982270 0.063054870
vn 0.918747871 -0.121420616 0.375711835
vn 0.775479132 0.011916701 0.631260729
vn 0.560813972 -0.711197028 0.423894417
vn 0.775479132 0.011916701 0.631260729
vn 0.837418728 -0.185350716 0.514174081
vn 0.348412733 -0.905117939 0.243659771
vn 0.837418728 -0.185350716 0.514174081
vn 0.486658335 -0.834729665 0.257662670
vn 0.348412733 -0.905117939 0.243659771
vn 0.486658335 -0.834729665 0.257662670
vn 0.837418728 -0.185350716 0.514174081
vn 0.995529426 -0.027708875 0.090296071
vn 0.995529426 -0.027708875 0.090296071
vn 0.463573660 -0.869064794 -0.172701606
vn 0.486658335 -0.834729665 0.257662670
vn 0.463573660 -0.869064794 -0.172701606
vn 0.995529426 -0.027708875 0.090296071
vn 0.834572439 0.118722867 -0.537953274
vn 0.498581310 -0.113353416 0.859399605
vn 0.979964346 0.115528550 -0.162243749
vn 0.918747871 -0.121420616 0.375711835
vn 0.979964346 0.115528550 -0.162243749
vn 0.996417911 0.036982618 0.076050204
vn 0.918747871 -0.121420616 0.375711835
vn -0.007447957 -0.997982270 0.063054870
vn -0.257662954 -0.684535875 -0.681924070
vn 0.146531792 -0.723818708 -0.674251371
vn 0.136798205 -0.990417625 -0.018952023
vn 0.464639332 -0.679423841 0.567885143
vn 0.560813972 -0.711197028 0.423894417
vn -0.204736735 0.961572971 0.182921544
vn 0.053103071 0.995855206 -0.073840860
vn 0.067932487 0.982376253 0.174132346
vn 0.053103071 0.995855206 -0.073840860
vn -0.204736735 0.961572971 0.182921544
vn -0.202936296 0.978664168 0.032145067
vn 0.053103071 0.995855206 -0.073840860
vn -0.139560918 0.880513016 -0.453011676
vn 0.016761021 0.635259244 -0.772117065
vn -0.139560918 0.880513016 -0.453011676
vn 0.053103071 0.995855206 -0.073840860
vn -0.202936296 0.978664168 0.032145067
vn -0.139560918 0.880513016 -0.453011676
vn -0.064617121 0.361530217 -0.930118557
vn 0.016761021 0.635259244 -0.772117065
vn -0.064617121 0.361530217 -0.930118557
vn -0.257662954 -0.684535875 -0.681924070
vn -0.768488223 -0.268202157 -0.580941868
vn -0.768488223 -0.268202157 -0.580941868
vn -0.257662954 -0.684535875 -0.681924070
vn -0.007447957 -0.997982270 0.063054870
vn 0.775479132 0.011916701 0.631260729
vn 0.348412733 -0.905117939 0.243659771
vn -0.007447957 -0.997982270 0.063054870
vn 0.119911478 0.186836633 0.975045286
vn -0.031551933 0.029142599 0.999077166
vn -0.002804674 0.561236283 0.827650873
vn 0.498581310 -0.113353416 0.859399605
vn -0.031551933 0.029142599 0.999077166
vn 0.119911478 0.186836633 0.975045286
vn 0.464639332 -0.679423841 0.567885143
vn -0.031551933 0.029142599 0.999077166
vn 0.498581310 -0.113353416 0.859399605
vn 0.117805457 -0.654333391 0.746973686
vn -0.031551933 0.029142599 0.999077166
vn 0.464639332 -0.679423841 0.567885143
vn -0.002804674 0.561236283 0.827650873
vn -0.031551933 0.029142599 0.999077166
vn -0.164852767 0.709696705 0.684948284
vn -0.951125586 0.209000776 0.227329706
vn -0.266786249 0.513612555 0.815492024
vn -0.243536371 0.115247162 0.963020315
vn -0.266786249 0.513612555 0.815492024
vn -0.951125586 0.209000776 0.227329706
vn -0.461419838 0.872425838 0.161136249
vn -0.478040591 -0.327534034 0.814983834
vn -0.951125586 0.209000776 0.227329706
vn -0.243536371 0.115247162 0.963020315
vn -0.951125586 0.209000776 0.227329706
vn -0.478040591 -0.327534034 0.814983834
vn -0.882710741 -0.427689811 0.194687376
vn -0.116680980 -0.799687054 0.588970427
vn -0.553457106 -0.819025551 0.151269226
vn -0.478040591 -0.327534034 0.814983834
vn -0.553457106 -0.819025551 0.151269226
vn -0.116680980 -0.799687054 0.588970427
vn 0.010601681 -0.998560632 -0.052576320
vn -0.461419838 0.872425838 0.161136249
vn -0.164852767 0.709696705 0.684948284
vn -0.266786249 0.513612555 0.815492024
vn -0.164852767 0.709696705 0.684948284
vn -0.461419838 0.872425838 0.161136249
vn -0.204736735 0.961572971 0.182921544
vn -0.059047836 -0.997608627 0.035921866
vn -0.850996193 -0.522187956 0.055903647
vn -0.889037139 -0.444193846 0.110926968
vn -0.850996193 -0.522187956 0.055903647
vn -0.059047836 -0.997608627 0.035921866
vn 0.275885090 -0.961133266 0.010500600
vn -0.850996193 -0.522187956 0.055903647
vn 0.030579285 -0.993184448 -0.112470257
vn -0.915752474 -0.397189925 -0.060312268
vn 0.030579285 -0.993184448 -0.112470257
vn -0.850996193 -0.522187956 0.055903647
vn 0.275885090 -0.961133266 0.010500600
vn 0.861749815 -0.435905761 -0.259563910
vn 0.582526467 0.784412311 -0.212979439
vn 0.926027286 -0.358677442 -0.117575332
vn 0.582526467 0.784412311 -0.212979439
vn 0.861749815 -0.435905761 -0.259563910
vn 0.200949448 0.940369128 -0.274454410
vn 0.926027286 -0.358677442 -0.117575332
vn 0.770087687 0.636901990 -0.036342951
vn 0.884971140 -0.460554365 -0.068671380
vn 0.770087687 0.636901990 -0.036342951
vn 0.926027286 -0.358677442 -0.117575332
vn 0.582526467 0.784412311 -0.212979439
vn 0.200949448 0.940369128 -0.274454410
vn -0.723683427 0.689207280 -0.035715855
vn 0.582526467 0.784412311 -0.212979439
vn -0.723683427 0.689207280 -0.035715855
vn 0.200949448 0.940369128 -0.274454410
vn -0.869216824 0.490357822 -0.063334985
vn 0.582526467 0.784412311 -0.212979439
vn -0.505036955 0.862328475 0.036431800
vn 0.770087687 0.636901990 -0.036342951
vn -0.505036955 0.862328475 0.036431800
vn 0.582526467 0.784412311 -0.212979439
vn -0.723683427 0.689207280 -0.035715855
vn -0.869216824 0.490357822 -0.063334985
vn -0.850996193 -0.522187956 0.055903647
vn -0.723683427 0.689207280 -0.035715855
vn -0.850996193 -0.522187956 0.055903647
vn -0.869216824 0.490357822 -0.063334985
vn -0.889037139 -0.444193846 0.110926968
vn -0.723683427 0.689207280 -0.035715855
vn -0.915752474 -0.397189925 -0.060312268
vn -0.505036955 0.862328475 0.036431800
vn -0.915752474 -0.397189925 -0.060312268
vn -0.723683427 0.689207280 -0.035715855
vn -0.850996193 -0.522187956 0.055903647
vn -0.889037139 -0.444193846 0.110926968
vn -0.553457106 -0.819025551 0.151269226
vn -0.059047836 -0.997608627 0.035921866
vn -0.553457106 -0.819025551 0.151269226
vn -0.889037139 -0.444193846 0.110926968
vn -0.927769364 -0.313244381 0.202785513
vn 0.136798205 -0.990417625 -0.018952023
vn 0.861749815 -0.435905761 -0.259563910
vn 0.010601681 -0.998560632 -0.052576320
vn 0.861749815 -0.435905761 -0.259563910
vn 0.136798205 -0.990417625 -0.018952023
vn 0.146531792 -0.723818708 -0.674251371
vn -0.461419838 0.872425838 0.161136249
vn -0.909003106 0.389411925 0.148565492
vn -0.395310284 0.918547104 0.000998545
vn -0.909003106 0.389411925 0.148565492
vn -0.461419838 0.872425838 0.161136249
vn -0.951125586 0.209000776 0.227329706
vn -0.395310284 0.918547104 0.000998545
vn -0.808824097 0.578340060 -0.106425351
vn -0.285596692 0.839491342 -0.462264877
vn -0.808824097 0.578340060 -0.106425351
vn -0.395310284 0.918547104 0.000998545
vn -0.909003106 0.389411925 0.148565492
vn -0.285596692 0.839491342 -0.462264877
vn -0.869216824 0.490357822 -0.063334985
vn 0.200949448 0.940369128 -0.274454410
vn -0.869216824 0.490357822 -0.063334985
vn -0.285596692 0.839491342 -0.462264877
vn -0.808824097 0.578340060 -0.106425351
vn -0.347713611 -0.878730682 -0.326997911
vn -0.915752474 -0.397189925 -0.060312268
vn 0.030579285 -0.993184448 -0.112470257
vn -0.915752474 -0.397189925 -0.060312268
vn -0.347713611 -0.878730682 -0.326997911
vn -0.942732315 -0.331896136 -0.033177374
vn -0.942732315 -0.331896136 -0.033177374
vn -0.505036955 0.862328475 0.036431800
vn -0.915752474 -0.397189925 -0.060312268
vn -0.505036955 0.862328475 0.036431800
vn -0.942732315 -0.331896136 -0.033177374
vn -0.618986744 0.677270497 0.397693456
vn -0.505036955 0.862328475 0.036431800
vn 0.218441142 0.834544424 0.505785599
vn 0.770087687 0.636901990 -0.036342951
vn 0.218441142 0.834544424 0.505785599
vn -0.505036955 0.862328475 0.036431800
vn -0.618986744 0.677270497 0.397693456
vn 0.770087687 0.636901990 -0.036342951
vn 0.929033491 -0.335786414 -0.155384225
vn 0.884971140 -0.460554365 -0.068671380
vn 0.929033491 -0.335786414 -0.155384225
vn 0.770087687 0.636901990 -0.036342951
vn 0.218441142 0.834544424 0.505785599
vn -0.951125586 0.209000776 0.227329706
vn -0.927769364 -0.313244381 0.202785513
vn -0.909003106 0.389411925 0.148565492
vn -0.927769364 -0.313244381 0.202785513
vn -0.951125586 0.209000776 0.227329706
vn -0.882710741 -0.427689811 0.194687376
vn -0.909003106 0.389411925 0.148565492
vn -0.889037139 -0.444193846 0.110926968
vn -0.808824097 0.578340060 -0.106425351
vn -0.889037139 -0.444193846 0.110926968
vn -0.909003106 0.389411925 0.148565492
vn -0.927769364 -0.313244381 0.202785513
vn -0.808824097 0.578340060 -0.106425351
vn -0.889037139 -0.444193846 0.110926968
vn -0.869216824 0.490357822 -0.063334985
vn 0.010601681 -0.998560632 -0.052576320
vn 0.861749815 -0.435905761 -0.259563910
vn -0.059047836 -0.997608627 0.035921866
vn -0.553457106 -0.819025551 0.151269226
vn 0.010601681 -0.998560632 -0.052576320
vn -0.059047836 -0.997608627 0.035921866
vn -0.059047836 -0.997608627 0.035921866
vn 0.926027286 -0.358677442 -0.117575332
vn 0.275885090 -0.961133266 0.010500600
vn 0.275885090 -0.961133266 0.010500600
vn 0.884971140 -0.460554365 -0.068671380
vn 0.030579285 -0.993184448 -0.112470257
vn 0.884971140 -0.460554365 -0.068671380
vn 0.275885090 -0.961133266 0.010500600
vn 0.926027286 -0.358677442 -0.117575332
vn 0.030579285 -0.993184448 -0.112470257
vn 0.929033491 -0.335786414 -0.155384225
vn -0.347713611 -0.878730682 -0.326997911
vn 0.929033491 -0.335786414 -0.155384225
vn 0.030579285 -0.993184448 -0.112470257
vn 0.884971140 -0.460554365 -0.068671380
vn -0.478040591 -0.327534034 0.814983834
vn -0.553457106 -0.819025551 0.151269226
vn -0.882710741 -0.427689811 0.194687376
vn -0.882710741 -0.427689811 0.194687376
vn -0.553457106 -0.819025551 0.151269226
vn -0.927769364 -0.313244381 0.202785513
vn 0.861749815 -0.435905761 -0.259563910
vn 0.146531792 -0.723818708 -0.674251371
vn -0.257662954 -0.684535875 -0.681924070
vn 0.136798205 -0.990417625 -0.018952023
vn 0.010601681 -0.998560632 -0.052576320
vn -0.116680980 -0.799687054 0.588970427
vn -0.204736735 0.961572971 0.182921544
vn -0.395310284 0.918547104 0.000998545
vn -0.202936296 0.978664168 0.032145067
vn -0.395310284 0.918547104 0.000998545
vn -0.204736735 0.961572971 0.182921544
vn -0.461419838 0.872425838 0.161136249
vn -0.395310284 0.918547104 0.000998545
vn -0.139560918 0.880513016 -0.453011676
vn -0.202936296 0.978664168 0.032145067
vn -0.139560918 0.880513016 -0.453011676
vn -0.395310284 0.918547104 0.000998545
vn -0.285596692 0.839491342 -0.462264877
vn -0.139560918 0.880513016 -0.453011676
vn -0.285596692 0.839491342 -0.462264877
vn -0.064617121 0.361530217 -0.930118557
vn -0.064617121 0.361530217 -0.930118557
vn 0.200949448 0.940369128 -0.274454410
vn -0.257662954 -0.684535875 -0.681924070
vn 0.200949448 0.940369128 -0.274454410
vn 0.861749815 -0.435905761 -0.259563910
vn -0.257662954 -0.684535875 -0.681924070
vn -0.059047836 -0.997608627 0.035921866
vn 0.861749815 -0.435905761 -0.259563910
vn 0.926027286 -0.358677442 -0.117575332
vn -0.243536371 0.115247162 0.963020315
vn -0.266786249 0.513612555 0.815492024
vn -0.031551933 0.029142599 0.999077166
vn -0.478040591 -0.327534034 0.814983834
vn -0.243536371 0.115247162 0.963020315
vn -0.031551933 0.029142599 0.999077166
vn -0.116680980 -0.799687054 0.588970427
vn -0.478040591 -0.327534034 0.814983834
vn -0.031551933 0.029142599 0.999077166
vn 0.117805457 -0.654333391 0.746973686
vn -0.116680980 -0.799687054 0.588970427
vn -0.031551933 0.029142599 0.999077166
vn -0.266786249 0.513612555 0.815492024
vn -0.164852767 0.709696705 0.684948284
vn -0.031551933 0.029142599 0.999077166
vn 0.464639332 -0.679423841 0.567885143
vn 0.136798205 -0.990417625 -0.018952023
vn 0.117805457 -0.654333391 0.746973686
vn 0.136798205 -0.990417625 -0.018952023
vn -0.116680980 -0.799687054 0.588970427
vn 0.117805457 -0.654333391 0.746973686
vn 0.016761021 0.635259244 -0.772117065
vn -0.064617121 0.361530217 -0.930118557
vn -0.768488223 -0.268202157 -0.580941868
vn -0.064617121 0.361530217 -0.930118557
vn -0.285596692 0.839491342 -0.462264877
vn 0.200949448 0.940369128 -0.274454410
f 723/723/723 722/722/722 721/721/721
f 726/726/726 725/725/725 724/724/724
f 729/729/729 728/728/728 727/727/727
f 732/732/732 731/731/731 730/730/730
f 735/735/735 734/734/734 733/733/733
f 738/738/738 737/737/737 736/736/736
f 741/741/741 740/740/740 739/739/739
f 744/744/744 743/743/743 742/742/742
f 747/747/747 746/746/746 745/745/745
f 750/750/750 749/749/749 748/748/748
f 753/753/753 752/752/752 751/751/751
f 756/756/756 755/755/755 754/754/754
f 759/759/759 758/758/758 757/757/757
f 762/762/762 761/761/761 760/760/760
f 765/765/765 764/764/764 763/763/763
f 768/768/768 767/767/767 766/766/766
f 771/771/771 770/770/770 769/769/769
f 774/774/774 773/773/773 772/772/772
f 777/777/777 776/776/776 775/775/775
f 780/780/780 779/779/779 778/778/778
f 783/783/783 782/782/782 781/781/781
f 786/786/786 785/785/785 784/784/784
f 789/789/789 788/788/788 787/787/787
f 792/792/792 791/791/791 790/790/790
f 795/795/795 794/794/794 793/793/793
f 798/798/798 797/797/797 796/796/796
f 801/801/801 800/800/800 799/799/799
f 804/804/804 803/803/803 802/802/802
f 807/807/807 806/806/806 805/805/805
f 810/810/810 809/809/809 808/808/808
f 813/813/813 812/812/812 811/811/811
f 816/816/816 815/815/815 814/814/814
f 819/819/819 818/818/818 817/817/817
f 822/822/822 821/821/821 820/820/820
f 825/825/825 824/824/824 823/823/823
f 828/828/828 827/827/827 826/826/826
f 831/831/831 830/830/830 829/829/829
f 834/834/834 833/833/833 832/832/832
f 837/837/837 836/836/836 835/835/835
f 840/840/840 839/839/839 838/838/838
f 843/843/843 842/842/842 841/841/841
f 846/846/846 845/845/845 844/844/844
f 849/849/849 848/848/848 847/847/847
f 852/852/852 851/851/851 850/850/850
f 855/855/855 854/854/854 853/853/853
f 858/858/858 857/857/857 856/856/856
f 861/861/861 860/860/860 859/859/859
f 864/864/864 863/863/863 862/862/862
f 867/867/867 866/866/866 865/865/865
f 870/870/870 869/869/869 868/868/868
f 873/873/873 872/872/872 871/871/871
f 876/876/876 875/875/875 874/874/874
f 879/879/879 878/878/878 877/877/877
f 882/882/882 881/881/881 880/880/880
f 885/885/885 884/884/884 883/883/883
f 888/888/888 887/887/887 886/886/886
f 891/891/891 890/890/890 889/889/889
f 894/894/894 893/893/893 892/892/892
f 897/897/897 896/896/896 895/895/895
f 900/900/900 899/899/899 898/898/898
f 903/903/903 902/902/902 901/901/901
f 906/906/906 905/905/905 904/904/904
f 909/909/909 908/908/908 907/907/907
f 912/912/912 911/911/911 910/910/910
f 915/915/915 914/914/914 913/913/913
f 918/918/918 917/917/917 916/916/916
f 921/921/921 920/920/920 919/919/919
f 924/924/924 923/923/923 922/922/922
f 927/927/927 926/926/926 925/925/925
f 930/930/930 929/929/929 928/928/928
f 933/933/933 932/932/932 931/931/931
f 936/936/936 935/935/935 934/934/934
f 939/939/939 938/938/938 937/937/937
f 942/942/942 941/941/941 940/940/940
f 945/945/945 944/944/944 943/943/943
f 948/948/948 947/947/947 946/946/946
f 951/951/951 950/950/950 949/949/949
f 954/954/954 953/953/953 952/952/952
f 957/957/957 956/956/956 955/955/955
f 960/960/960 959/959/959 958/958/958
f 963/963/963 962/962/962 961/961/961
f 966/966/966 965/965/965 964/964/964
f 969/969/969 968/968/968 967/967/967
f 972/972/972 971/971/971 970/970/970
f 975/975/975 974/974/974 973/973/973
f 978/978/978 977/977/977 976/976/976
f 981/981/981 980/980/980 979/979/979
f 984/984/984 983/983/983 982/982/982
f 987/987/987 986/986/986 985/985/985
f 990/990/990 989/989/989 988/988/988
f 993/993/993 992/992/992 991/991/991
f 996/996/996 995/995/995 994/994/994
f 999/999/999 998/998/998 997/997/997
f 1002/1002/1002 1001/1001/1001 1000/1000/1000
f 1005/1005/1005 1004/1004/1004 1003/1003/1003
f 1008/1008/1008 1007/1007/1007 1006/1006/1006
f 1011/1011/1011 1010/1010/1010 1009/1009/1009
f 1014/1014/1014 1013/1013/1013 1012/1012/1012
f 1017/1017/1017 1016/1016/1016 1015/1015/1015
f 1020/1020/1020 1019/1019/1019 1018/1018/1018
f 1023/1023/1023 1022/1022/1022 1021/1021/1021
f 1026/1026/1026 1025/1025/1025 1024/1024/1024
f 1029/1029/1029 1028/1028/1028 1027/1027/1027
f 1032/1032/1032 1031/1031/1031 1030/1030/1030
f 1035/1035/1035 1034/1034/1034 1033/1033/1033
f 1038/1038/1038 1037/1037/1037 1036/1036/1036
f 1041/1041/1041 1040/1040/1040 1039/1039/1039
f 1044/1044/1044 1043/1043/1043 1042/1042/1042
f 1047/1047/1047 1046/1046/1046 1045/1045/1045
f 1050/1050/1050 1049/1049/1049 1048/1048/1048
f 1053/1053/1053 1052/1052/1052 1051/1051/1051
f 1056/1056/1056 1055/1055/1055 1054/1054/1054
f 1059/1059/1059 1058/1058/1058 1057/1057/1057
f 1062/1062/1062 1061/1061/1061 1060/1060/1060
f 1065/1065/1065 1064/1064/1064 1063/1063/1063
f 1068/1068/1068 1067/1067/1067 1066/1066/1066
f 1071/1071/1071 1070/1070/1070 1069/1069/1069
f 1074/1074/1074 1073/1073/1073 1072/1072/1072
f 1077/1077/1077 1076/1076/1076 1075/1075/1075
f 1080/1080/1080 1079/1079/1079 1078/1078/1078
f 1083/1083/1083 1082/1082/1082 1081/1081/1081
f 1086/1086/1086 1085/1085/1085 1084/1084/1084
f 1089/1089/1089 1088/1088/1088 1087/1087/1087
f 1092/1092/1092 1091/1091/1091 1090/1090/1090
f 1095/1095/1095 1094/1094/1094 1093/1093/1093
f 1098/1098/1098 1097/1097/1097 1096/1096/1096
f 1101/1101/1101 1100/1100/1100 1099/1099/1099
f 1104/1104/1104 1103/1103/1103 1102/1102/1102
f 1107/1107/1107 1106/1106/1106 1105/1105/1105
f 1110/1110/1110 1109/1109/1109 1108/1108/1108
f 1113/1113/1113 1112/1112/1112 1111/1111/1111
f 1116/1116/1116 1115/1115/1115 1114/1114/1114
f 1119/1119/1119 1118/1118/1118 1117/1117/1117
f 1122/1122/1122 1121/1121/1121 1120/1120/1120
f 1125/1125/1125 1124/1124/1124 1123/1123/1123
f 1128/1128/1128 1127/1127/1127 1126/1126/1126
f 1131/1131/1131 1130/1130/1130 1129/1129/1129
f 1134/1134/1134 1133/1133/1133 1132/1132/1132
f 1137/1137/1137 1136/1136/1136 1135/1135/1135
f 1140/1140/1140 1139/1139/1139 1138/1138/1138
f 1143/1143/1143 1142/1142/1142 1141/1141/1141
f 1146/1146/1146 1145/1145/1145 1144/1144/1144
f 1149/1149/1149 1148/1148/1148 1147/1147/1147
f 1152/1152/1152 1151/1151/1151 1150/1150/1150
f 1155/1155/1155 1154/1154/1154 1153/1153/1153
f 1158/1158/1158 1157/1157/1157 1156/1156/1156
