# Static pose baked from local Project Zomboid assets
o Body
v 0.010021720 0.093007201 -0.275362705
v -0.018289644 0.093165019 -0.264583680
v 0.005810744 0.084745084 -0.294446591
v 0.022854234 0.104966589 -0.232222444
v 0.021370740 0.130396049 -0.201473602
v 0.006170793 0.116654825 -0.227526982
v 0.021370740 0.130396049 -0.201473602
v 0.022854234 0.104966589 -0.232222444
v 0.037492068 0.115179277 -0.205885553
v -0.042858687 0.051350650 -0.300618695
v 0.007106116 0.031492093 -0.300590167
v -0.006208614 0.053362338 -0.305385430
v 0.007106116 0.031492093 -0.300590167
v -0.042858687 0.051350650 -0.300618695
v -0.017482896 0.025846044 -0.285778928
v 0.057518825 0.011960098 -0.051267106
v 0.021298045 0.015396966 -0.087917741
v 0.020529332 -0.006855565 -0.053524899
v 0.021298045 0.015396966 -0.087917741
v 0.057518825 0.011960098 -0.051267106
v 0.052796343 0.030566324 -0.088626372
v 0.069199074 0.060897711 -0.077829041
v 0.057518825 0.011960098 -0.051267106
v 0.077426299 0.051188204 -0.043881102
v 0.057518825 0.011960098 -0.051267106
v 0.069199074 0.060897711 -0.077829041
v 0.052796343 0.030566324 -0.088626372
v 0.054962831 0.088219205 -0.063546666
v 0.071970650 0.075432994 -0.013435787
v 0.046337620 0.092093605 -0.006847365
v 0.071970650 0.075432994 -0.013435787
v 0.054962831 0.088219205 -0.063546666
v 0.069199074 0.060897711 -0.077829041
v 0.006170793 0.116654825 -0.227526982
v -0.000498798 0.131043181 -0.192528884
v -0.012922260 0.119154114 -0.211037800
v -0.000498798 0.131043181 -0.192528884
v 0.006170793 0.116654825 -0.227526982
v 0.021370740 0.130396049 -0.201473602
v 0.020529332 -0.006855565 -0.053524899
v -0.012287920 0.025725139 -0.068549346
v -0.019358644 0.009073521 -0.031871664
v -0.012287920 0.025725139 -0.068549346
v 0.020529332 -0.006855565 -0.053524899
v 0.021298045 0.015396966 -0.087917741
v 0.020864760 0.026514476 -0.156331641
v -0.023699186 0.029448075 -0.172526260
v -0.018557934 0.027722112 -0.145810277
v -0.023699186 0.029448075 -0.172526260
v 0.020864760 0.026514476 -0.156331641
v 0.015193762 0.026093999 -0.199327738
v 0.054546823 0.097103380 0.036747640
v 0.093498729 0.087353807 0.139598109
v 0.058048513 0.110540189 0.135283515
v 0.093498729 0.087353807 0.139598109
v 0.054546823 0.097103380 0.036747640
v 0.095176884 0.058769644 0.042025609
v 0.093498729 0.087353807 0.139598109
v 0.059510982 0.116659881 0.230242437
v 0.058048513 0.110540189 0.135283515
v 0.059510982 0.116659881 0.230242437
v 0.093498729 0.087353807 0.139598109
v 0.079513596 0.095548752 0.230580532
v 0.014332935 0.084447816 0.040665858
v 0.039847528 0.022136897 0.147525138
v 0.018098363 0.014192337 0.062493953
v 0.039847528 0.022136897 0.147525138
v 0.014332935 0.084447816 0.040665858
v 0.015553134 0.081312545 0.139681673
v 0.015553134 0.081312545 0.139681673
v 0.054574320 0.055625696 0.232213045
v 0.039847528 0.022136897 0.147525138
v 0.054574320 0.055625696 0.232213045
v 0.015553134 0.081312545 0.139681673
v 0.036306895 0.094003625 0.233076346
v 0.039847528 0.022136897 0.147525138
v 0.086276902 0.016043143 0.077969163
v 0.018098363 0.014192337 0.062493953
v 0.086276902 0.016043143 0.077969163
v 0.039847528 0.022136897 0.147525138
v 0.086491583 0.034712693 0.143450530
v 0.039847528 0.022136897 0.147525138
v 0.075144665 0.058086276 0.227822534
v 0.086491583 0.034712693 0.143450530
v 0.075144665 0.058086276 0.227822534
v 0.039847528 0.022136897 0.147525138
v 0.054574320 0.055625696 0.232213045
v 0.086276902 0.016043143 0.077969163
v 0.093498729 0.087353807 0.139598109
v 0.095176884 0.058769644 0.042025609
v 0.093498729 0.087353807 0.139598109
v 0.086276902 0.016043143 0.077969163
v 0.086491583 0.034712693 0.143450530
v 0.086491583 0.034712693 0.143450530
v 0.079513596 0.095548752 0.230580532
v 0.093498729 0.087353807 0.139598109
v 0.079513596 0.095548752 0.230580532
v 0.086491583 0.034712693 0.143450530
v 0.075144665 0.058086276 0.227822534
v 0.109303158 0.043935455 0.495176686
v 0.084159807 -0.000660610 0.492488292
v 0.075820999 0.035825324 0.500831802
v 0.084159807 -0.000660610 0.492488292
v 0.109303158 0.043935455 0.495176686
v 0.114793177 0.009842470 0.487749341
v 0.064784719 0.100315841 0.271676671
v 0.087872624 0.069344697 0.356072134
v 0.066737741 0.087926804 0.353238927
v 0.087872624 0.069344697 0.356072134
v 0.064784719 0.100315841 0.271676671
v 0.094015308 0.081578972 0.294152577
v 0.066737741 0.087926804 0.353238927
v 0.083675006 0.057522439 0.432854080
v 0.070809145 0.078071577 0.437269725
v 0.083675006 0.057522439 0.432854080
v 0.066737741 0.087926804 0.353238927
v 0.087872624 0.069344697 0.356072134
v 0.037799214 0.078292043 0.302457760
v 0.059113998 0.030439664 0.346714963
v 0.053425607 0.032929770 0.268825421
v 0.059113998 0.030439664 0.346714963
v 0.037799214 0.078292043 0.302457760
v 0.050389230 0.068448737 0.359495006
v 0.050389230 0.068448737 0.359495006
v 0.067719605 0.034059529 0.427974144
v 0.059113998 0.030439664 0.346714963
v 0.067719605 0.034059529 0.427974144
v 0.050389230 0.068448737 0.359495006
v 0.061536900 0.057370336 0.447207843
v 0.053425607 0.032929770 0.268825421
v 0.093579208 0.034636113 0.345253936
v 0.095757627 0.037785372 0.272298992
v 0.093579208 0.034636113 0.345253936
v 0.053425607 0.032929770 0.268825421
v 0.059113998 0.030439664 0.346714963
v 0.059113998 0.030439664 0.346714963
v 0.084934212 0.036511774 0.422807088
v 0.093579208 0.034636113 0.345253936
v 0.084934212 0.036511774 0.422807088
v 0.059113998 0.030439664 0.346714963
v 0.067719605 0.034059529 0.427974144
v 0.095757627 0.037785372 0.272298992
v 0.087872624 0.069344697 0.356072134
v 0.094015308 0.081578972 0.294152577
v 0.087872624 0.069344697 0.356072134
v 0.095757627 0.037785372 0.272298992
v 0.093579208 0.034636113 0.345253936
v 0.093579208 0.034636113 0.345253936
v 0.083675006 0.057522439 0.432854080
v 0.087872624 0.069344697 0.356072134
v 0.083675006 0.057522439 0.432854080
v 0.093579208 0.034636113 0.345253936
v 0.084934212 0.036511774 0.422807088
v 0.095176884 0.058769644 0.042025609
v 0.071970650 0.075432994 -0.013435787
v 0.086687702 0.046852617 -0.002982939
v 0.071970650 0.075432994 -0.013435787
v 0.095176884 0.058769644 0.042025609
v 0.054546823 0.097103380 0.036747640
v 0.046337620 0.092093605 -0.006847365
v 0.014332935 0.084447816 0.040665858
v 0.008531579 0.109268860 0.033834856
v 0.020529332 -0.006855565 -0.053524899
v 0.062983089 -0.000311890 -0.006373067
v 0.057518825 0.011960098 -0.051267106
v 0.062983089 -0.000311890 -0.006373067
v 0.020529332 -0.006855565 -0.053524899
v 0.018049425 -0.017128626 -0.007360399
v 0.018049425 -0.017128626 -0.007360399
v 0.075251423 0.010893805 0.047202022
v 0.062983089 -0.000311890 -0.006373067
v 0.075251423 0.010893805 0.047202022
v 0.018049425 -0.017128626 -0.007360399
v 0.026140043 -0.003635021 0.040781257
v 0.026140043 -0.003635021 0.040781257
v 0.018098363 0.014192337 0.062493953
v 0.075251423 0.010893805 0.047202022
v 0.064784719 0.100315841 0.271676671
v 0.079513596 0.095548752 0.230580532
v 0.094015308 0.081578972 0.294152577
v 0.079513596 0.095548752 0.230580532
v 0.064784719 0.100315841 0.271676671
v 0.059510982 0.116659881 0.230242437
v 0.094015308 0.081578972 0.294152577
v 0.075144665 0.058086276 0.227822534
v 0.095757627 0.037785372 0.272298992
v 0.075144665 0.058086276 0.227822534
v 0.094015308 0.081578972 0.294152577
v 0.079513596 0.095548752 0.230580532
v 0.075144665 0.058086276 0.227822534
v 0.053425607 0.032929770 0.268825421
v 0.095757627 0.037785372 0.272298992
v 0.053425607 0.032929770 0.268825421
v 0.075144665 0.058086276 0.227822534
v 0.054574320 0.055625696 0.232213045
v 0.054574320 0.055625696 0.232213045
v 0.037799214 0.078292043 0.302457760
v 0.053425607 0.032929770 0.268825421
v 0.037799214 0.078292043 0.302457760
v 0.054574320 0.055625696 0.232213045
v 0.036306895 0.094003625 0.233076346
v 0.057518825 0.011960098 -0.051267106
v 0.086687702 0.046852617 -0.002982939
v 0.077426299 0.051188204 -0.043881102
v 0.086687702 0.046852617 -0.002982939
v 0.057518825 0.011960098 -0.051267106
v 0.062983089 -0.000311890 -0.006373067
v 0.062983089 -0.000311890 -0.006373067
v 0.095176884 0.058769644 0.042025609
v 0.086687702 0.046852617 -0.002982939
v 0.095176884 0.058769644 0.042025609
v 0.062983089 -0.000311890 -0.006373067
v 0.075251423 0.010893805 0.047202022
v 0.075251423 0.010893805 0.047202022
v 0.086276902 0.016043143 0.077969163
v 0.095176884 0.058769644 0.042025609
v 0.022347627 0.024613671 -0.109244075
v 0.038009335 0.032136403 -0.162844351
v 0.020864760 0.026514476 -0.156331641
v 0.043225458 0.047080767 -0.171027124
v 0.045795225 0.082886785 -0.166165822
v 0.039230617 0.051045652 -0.207065690
v 0.042146326 0.087772576 -0.180340265
v 0.030017648 0.110411032 -0.159968095
v 0.028110305 0.113113209 -0.166232655
v 0.030017648 0.110411032 -0.159968095
v 0.042146326 0.087772576 -0.180340265
v 0.045795225 0.082886785 -0.166165822
v 0.030017648 0.110411032 -0.159968095
v 0.007586612 0.115974547 -0.163043902
v 0.028110305 0.113113209 -0.166232655
v 0.007586612 0.115974547 -0.163043902
v 0.030017648 0.110411032 -0.159968095
v 0.004738817 0.113513089 -0.157966520
v 0.091581157 0.074688074 -0.281980137
v 0.118647518 0.030305680 -0.256048752
v 0.080048001 0.049001747 -0.266379922
v 0.138813187 0.057565099 -0.279354455
v 0.152749864 -0.001962838 -0.275252718
v 0.118647518 0.030305680 -0.256048752
v 0.152749864 -0.001962838 -0.275252718
v 0.138813187 0.057565099 -0.279354455
v 0.173120593 0.023720169 -0.288141079
v 0.069319072 0.027387012 -0.301115235
v 0.118647518 0.030305680 -0.256048752
v 0.112307355 0.006066385 -0.297368503
v 0.118647518 0.030305680 -0.256048752
v 0.069319072 0.027387012 -0.301115235
v 0.080048001 0.049001747 -0.266379922
v 0.118647518 0.030305680 -0.256048752
v 0.169629871 -0.009517386 -0.275935264
v 0.112307355 0.006066385 -0.297368503
v 0.169629871 -0.009517386 -0.275935264
v 0.118647518 0.030305680 -0.256048752
v 0.152749864 -0.001962838 -0.275252718
v 0.044175028 0.039661487 -0.302588557
v 0.069319072 0.027387012 -0.301115235
v 0.076859025 0.037365005 -0.310609382
v 0.069319072 0.027387012 -0.301115235
v 0.044175028 0.039661487 -0.302588557
v 0.043743715 0.038872309 -0.294969308
v 0.112307355 0.006066385 -0.297368503
v 0.180252211 0.014055295 -0.290185049
v 0.131402598 0.035311504 -0.311300116
v 0.180252211 0.014055295 -0.290185049
v 0.112307355 0.006066385 -0.297368503
v 0.169629871 -0.009517386 -0.275935264
v 0.090347677 0.064376477 -0.308219605
v 0.131402598 0.035311504 -0.311300116
v 0.138813187 0.057565099 -0.279354455
v 0.131402598 0.035311504 -0.311300116
v 0.173120593 0.023720169 -0.288141079
v 0.138813187 0.057565099 -0.279354455
v 0.173120593 0.023720169 -0.288141079
v 0.131402598 0.035311504 -0.311300116
v 0.180252211 0.014055295 -0.290185049
v 0.145816710 0.040476157 -0.292950301
v 0.092274247 0.052961418 -0.248181630
v 0.121632272 0.009252776 -0.278178112
v 0.092274247 0.052961418 -0.248181630
v 0.145816710 0.040476157 -0.292950301
v 0.106414026 0.070357858 -0.261208169
v 0.106414026 0.070357858 -0.261208169
v 0.067311126 0.087121692 -0.229486774
v 0.092274247 0.052961418 -0.248181630
v 0.067311126 0.087121692 -0.229486774
v 0.106414026 0.070357858 -0.261208169
v 0.073368227 0.098341200 -0.233863917
v 0.121632272 0.009252776 -0.278178112
v 0.121284795 0.054992979 -0.222915084
v 0.159237255 0.010995728 -0.243810781
v 0.121284795 0.054992979 -0.222915084
v 0.121632272 0.009252776 -0.278178112
v 0.092274247 0.052961418 -0.248181630
v 0.092274247 0.052961418 -0.248181630
v 0.085230785 0.088222905 -0.209580261
v 0.121284795 0.054992979 -0.222915084
v 0.085230785 0.088222905 -0.209580261
v 0.092274247 0.052961418 -0.248181630
v 0.067311126 0.087121692 -0.229486774
v 0.159237255 0.010995728 -0.243810781
v 0.132620363 0.068983815 -0.233812523
v 0.171702613 0.038181863 -0.266896730
v 0.132620363 0.068983815 -0.233812523
v 0.159237255 0.010995728 -0.243810781
v 0.121284795 0.054992979 -0.222915084
v 0.121284795 0.054992979 -0.222915084
v 0.090122642 0.097563973 -0.213911786
v 0.132620363 0.068983815 -0.233812523
v 0.090122642 0.097563973 -0.213911786
v 0.121284795 0.054992979 -0.222915084
v 0.085230785 0.088222905 -0.209580261
v 0.171702613 0.038181863 -0.266896730
v 0.106414026 0.070357858 -0.261208169
v 0.145816710 0.040476157 -0.292950301
v 0.106414026 0.070357858 -0.261208169
v 0.171702613 0.038181863 -0.266896730
v 0.132620363 0.068983815 -0.233812523
v 0.132620363 0.068983815 -0.233812523
v 0.073368227 0.098341200 -0.233863917
v 0.106414026 0.070357858 -0.261208169
v 0.073368227 0.098341200 -0.233863917
v 0.132620363 0.068983815 -0.233812523
v 0.090122642 0.097563973 -0.213911786
v -0.014387717 0.169844666 -0.176444402
v 0.014456857 0.147822515 -0.148210133
v -0.017151193 0.160051658 -0.177457578
v 0.014456857 0.147822515 -0.148210133
v -0.014387717 0.169844666 -0.176444402
v 0.016678287 0.157028620 -0.147361862
v -0.010502113 0.134894962 -0.211466157
v -0.004777789 0.146247332 -0.206883650
v -0.010250259 0.140049373 -0.203632916
v -0.004777789 0.146247332 -0.206883650
v -0.010502113 0.134894962 -0.211466157
v -0.007972322 0.141409339 -0.217878431
v 0.064984350 0.099452524 -0.186548255
v 0.019968874 0.128581676 -0.210137947
v 0.040756710 0.124638924 -0.162435557
v 0.019968874 0.128581676 -0.210137947
v 0.064984350 0.099452524 -0.186548255
v 0.036035928 0.103209038 -0.224002738
v 0.064984350 0.099452524 -0.186548255
v 0.043437910 0.133889440 -0.162017796
v 0.075227569 0.117027724 -0.188995400
v 0.043437910 0.133889440 -0.162017796
v 0.064984350 0.099452524 -0.186548255
v 0.040756710 0.124638924 -0.162435557
v 0.047867744 0.125597395 -0.229208928
v 0.043437910 0.133889440 -0.162017796
v 0.025380709 0.144145468 -0.205745139
v 0.043437910 0.133889440 -0.162017796
v 0.047867744 0.125597395 -0.229208928
v 0.075227569 0.117027724 -0.188995400
v 0.180252211 0.014055295 -0.290185049
v 0.145816710 0.040476157 -0.292950301
v 0.173120593 0.023720169 -0.288141079
v 0.145816710 0.040476157 -0.292950301
v 0.180252211 0.014055295 -0.290185049
v 0.171702613 0.038181863 -0.266896730
v 0.173120593 0.023720169 -0.288141079
v 0.121632272 0.009252776 -0.278178112
v 0.152749864 -0.001962838 -0.275252718
v 0.121632272 0.009252776 -0.278178112
v 0.173120593 0.023720169 -0.288141079
v 0.145816710 0.040476157 -0.292950301
v 0.169629871 -0.009517386 -0.275935264
v 0.121632272 0.009252776 -0.278178112
v 0.159237255 0.010995728 -0.243810781
v 0.121632272 0.009252776 -0.278178112
v 0.169629871 -0.009517386 -0.275935264
v 0.152749864 -0.001962838 -0.275252718
v 0.159237255 0.010995728 -0.243810781
v 0.180252211 0.014055295 -0.290185049
v 0.169629871 -0.009517386 -0.275935264
v 0.180252211 0.014055295 -0.290185049
v 0.159237255 0.010995728 -0.243810781
v 0.171702613 0.038181863 -0.266896730
v 0.032404134 0.059740047 -0.325127145
v 0.090347677 0.064376477 -0.308219605
v 0.031902075 0.073225361 -0.321677108
v 0.031902075 0.073225361 -0.321677108
v -0.006208614 0.053362338 -0.305385430
v 0.032404134 0.059740047 -0.325127145
v -0.006208614 0.053362338 -0.305385430
v 0.031902075 0.073225361 -0.321677108
v -0.002803910 0.067737354 -0.306167733
v 0.038009335 0.032136403 -0.162844351
v 0.015193762 0.026093999 -0.199327738
v 0.020864760 0.026514476 -0.156331641
v 0.015193762 0.026093999 -0.199327738
v 0.038009335 0.032136403 -0.162844351
v 0.031413332 0.025778093 -0.214209564
v -0.006208614 0.053362338 -0.305385430
v -0.036315047 0.065019352 -0.300176099
v -0.042858687 0.051350650 -0.300618695
v 0.035606287 0.092625352 -0.305433737
v 0.010021720 0.093007201 -0.275362705
v 0.005810744 0.084745084 -0.294446591
v 0.010021720 0.093007201 -0.275362705
v 0.035606287 0.092625352 -0.305433737
v 0.040341529 0.090533837 -0.285072084
v 0.091581157 0.074688074 -0.281980137
v 0.040341529 0.090533837 -0.285072084
v 0.035606287 0.092625352 -0.305433737
v 0.007106116 0.031492093 -0.300590167
v -0.017482896 0.025846044 -0.285778928
v 0.000161968 0.017077793 -0.247612150
v 0.000161968 0.017077793 -0.247612150
v -0.058658242 0.027625029 -0.267303930
v -0.040611223 0.021848085 -0.216818119
v -0.058658242 0.027625029 -0.267303930
v 0.000161968 0.017077793 -0.247612150
v -0.017482896 0.025846044 -0.285778928
v 0.032404134 0.059740047 -0.325127145
v -0.006208614 0.053362338 -0.305385430
v 0.007106116 0.031492093 -0.300590167
v 0.044175028 0.039661487 -0.302588557
v 0.007106116 0.031492093 -0.300590167
v 0.027147801 0.025704581 -0.276756512
v 0.043743715 0.038872309 -0.294969308
v 0.031897642 0.067850107 -0.247005596
v 0.039362249 0.075224035 -0.268974953
v 0.031897642 0.067850107 -0.247005596
v 0.043743715 0.038872309 -0.294969308
v 0.030251632 0.030100360 -0.264873576
v 0.019390400 0.094292194 -0.254018395
v 0.039362249 0.075224035 -0.268974953
v 0.031897642 0.067850107 -0.247005596
v 0.042819928 0.089885421 -0.200458111
v 0.038875411 0.073345287 -0.209744388
v 0.042146326 0.087772576 -0.180340265
v 0.039230617 0.051045652 -0.207065690
v 0.037525669 0.035498346 -0.210186832
v 0.043225458 0.047080767 -0.171027124
v 0.073368227 0.098341200 -0.233863917
v 0.036035928 0.103209038 -0.224002738
v 0.067311126 0.087121692 -0.229486774
v 0.036035928 0.103209038 -0.224002738
v 0.073368227 0.098341200 -0.233863917
v 0.047867744 0.125597395 -0.229208928
v 0.073368227 0.098341200 -0.233863917
v 0.075227569 0.117027724 -0.188995400
v 0.047867744 0.125597395 -0.229208928
v 0.075227569 0.117027724 -0.188995400
v 0.073368227 0.098341200 -0.233863917
v 0.090122642 0.097563973 -0.213911786
v 0.090122642 0.097563973 -0.213911786
v 0.064984350 0.099452524 -0.186548255
v 0.075227569 0.117027724 -0.188995400
v 0.064984350 0.099452524 -0.186548255
v 0.090122642 0.097563973 -0.213911786
v 0.085230785 0.088222905 -0.209580261
v 0.064984350 0.099452524 -0.186548255
v 0.067311126 0.087121692 -0.229486774
v 0.036035928 0.103209038 -0.224002738
v 0.067311126 0.087121692 -0.229486774
v 0.064984350 0.099452524 -0.186548255
v 0.085230785 0.088222905 -0.209580261
v -0.042858687 0.051350650 -0.300618695
v -0.041261899 0.073346597 -0.325220776
v -0.042535186 0.055853784 -0.322377560
v -0.041261899 0.073346597 -0.325220776
v -0.042858687 0.051350650 -0.300618695
v -0.036315047 0.065019352 -0.300176099
v -0.067297289 0.048963631 -0.293883612
v -0.042535186 0.055853784 -0.322377560
v -0.058831893 0.042283619 -0.317679845
v -0.042535186 0.055853784 -0.322377560
v -0.067297289 0.048963631 -0.293883612
v -0.042858687 0.051350650 -0.300618695
v 0.040756710 0.124638924 -0.162435557
v -0.017151193 0.160051658 -0.177457578
v 0.014456857 0.147822515 -0.148210133
v -0.017151193 0.160051658 -0.177457578
v 0.040756710 0.124638924 -0.162435557
v 0.019968874 0.128581676 -0.210137947
v 0.019968874 0.128581676 -0.210137947
v -0.014387717 0.169844666 -0.176444402
v -0.017151193 0.160051658 -0.177457578
v -0.014387717 0.169844666 -0.176444402
v 0.019968874 0.128581676 -0.210137947
v 0.025380709 0.144145468 -0.205745139
v -0.014387717 0.169844666 -0.176444402
v 0.043437910 0.133889440 -0.162017796
v 0.016678287 0.157028620 -0.147361862
v 0.043437910 0.133889440 -0.162017796
v -0.014387717 0.169844666 -0.176444402
v 0.025380709 0.144145468 -0.205745139
v 0.016678287 0.157028620 -0.147361862
v 0.040756710 0.124638924 -0.162435557
v 0.014456857 0.147822515 -0.148210133
v 0.040756710 0.124638924 -0.162435557
v 0.016678287 0.157028620 -0.147361862
v 0.043437910 0.133889440 -0.162017796
v 0.047867744 0.125597395 -0.229208928
v 0.004495306 0.123361647 -0.218477668
v 0.036035928 0.103209038 -0.224002738
v 0.004495306 0.123361647 -0.218477668
v 0.047867744 0.125597395 -0.229208928
v 0.008593557 0.136759932 -0.225410014
v 0.004495306 0.123361647 -0.218477668
v 0.019968874 0.128581676 -0.210137947
v 0.036035928 0.103209038 -0.224002738
v 0.019968874 0.128581676 -0.210137947
v 0.004495306 0.123361647 -0.218477668
v 0.008271531 0.133240537 -0.207429800
v 0.019968874 0.128581676 -0.210137947
v 0.022046215 0.140621622 -0.209959491
v 0.025380709 0.144145468 -0.205745139
v 0.022046215 0.140621622 -0.209959491
v 0.019968874 0.128581676 -0.210137947
v 0.008271531 0.133240537 -0.207429800
v 0.022046215 0.140621622 -0.209959491
v 0.047867744 0.125597395 -0.229208928
v 0.025380709 0.144145468 -0.205745139
v 0.047867744 0.125597395 -0.229208928
v 0.022046215 0.140621622 -0.209959491
v 0.008593557 0.136759932 -0.225410014
v 0.008593557 0.136759932 -0.225410014
v -0.010502113 0.134894962 -0.211466157
v 0.004495306 0.123361647 -0.218477668
v -0.010502113 0.134894962 -0.211466157
v 0.008593557 0.136759932 -0.225410014
v -0.007972322 0.141409339 -0.217878431
v 0.004495306 0.123361647 -0.218477668
v -0.010250259 0.140049373 -0.203632916
v 0.008271531 0.133240537 -0.207429800
v -0.010250259 0.140049373 -0.203632916
v 0.004495306 0.123361647 -0.218477668
v -0.010502113 0.134894962 -0.211466157
v 0.008271531 0.133240537 -0.207429800
v -0.004777789 0.146247332 -0.206883650
v 0.022046215 0.140621622 -0.209959491
v -0.004777789 0.146247332 -0.206883650
v 0.008271531 0.133240537 -0.207429800
v -0.010250259 0.140049373 -0.203632916
v 0.022046215 0.140621622 -0.209959491
v -0.007972322 0.141409339 -0.217878431
v 0.008593557 0.136759932 -0.225410014
v -0.007972322 0.141409339 -0.217878431
v 0.022046215 0.140621622 -0.209959491
v -0.004777789 0.146247332 -0.206883650
v 0.095252821 0.102681000 0.489507157
v 0.060575557 0.130675058 0.523236357
v 0.060374993 0.127579795 0.505400770
v 0.060575557 0.130675058 0.523236357
v 0.095252821 0.102681000 0.489507157
v 0.102743202 0.107513166 0.509368327
v 0.073674674 0.005764167 0.462915259
v 0.075820999 0.035825324 0.500831802
v 0.084159807 -0.000660610 0.492488292
v 0.075820999 0.035825324 0.500831802
v 0.073674674 0.005764167 0.462915259
v 0.064872991 0.040766156 0.479890986
v 0.067719605 0.034059529 0.427974144
v 0.109316174 0.018965461 0.454407009
v 0.084934212 0.036511774 0.422807088
v 0.109316174 0.018965461 0.454407009
v 0.067719605 0.034059529 0.427974144
v 0.073674674 0.005764167 0.462915259
v 0.109303158 0.043935455 0.495176686
v 0.109316174 0.018965461 0.454407009
v 0.114793177 0.009842470 0.487749341
v 0.109316174 0.018965461 0.454407009
v 0.109303158 0.043935455 0.495176686
v 0.102099104 0.052495916 0.463798307
v 0.070809145 0.078071577 0.437269725
v 0.095252821 0.102681000 0.489507157
v 0.060374993 0.127579795 0.505400770
v 0.095252821 0.102681000 0.489507157
v 0.070809145 0.078071577 0.437269725
v 0.083675006 0.057522439 0.432854080
v 0.075820999 0.035825324 0.500831802
v 0.043919254 0.111508276 0.509043010
v 0.043307573 0.115012333 0.524018955
v 0.043919254 0.111508276 0.509043010
v 0.075820999 0.035825324 0.500831802
v 0.064872991 0.040766156 0.479890986
v 0.075820999 0.035825324 0.500831802
v 0.102743202 0.107513166 0.509368327
v 0.109303158 0.043935455 0.495176686
v 0.102743202 0.107513166 0.509368327
v 0.075820999 0.035825324 0.500831802
v 0.043307573 0.115012333 0.524018955
v 0.109303158 0.043935455 0.495176686
v 0.095252821 0.102681000 0.489507157
v 0.102099104 0.052495916 0.463798307
v 0.095252821 0.102681000 0.489507157
v 0.109303158 0.043935455 0.495176686
v 0.102743202 0.107513166 0.509368327
v 0.046337620 0.092093605 -0.006847365
v 0.054546823 0.097103380 0.036747640
v 0.014332935 0.084447816 0.040665858
v 0.071970650 0.075432994 -0.013435787
v 0.054546823 0.097103380 0.036747640
v 0.046337620 0.092093605 -0.006847365
v 0.054546823 0.097103380 0.036747640
v 0.058048513 0.110540189 0.135283515
v 0.015553134 0.081312545 0.139681673
v 0.058048513 0.110540189 0.135283515
v 0.036306895 0.094003625 0.233076346
v 0.015553134 0.081312545 0.139681673
v 0.036306895 0.094003625 0.233076346
v 0.058048513 0.110540189 0.135283515
v 0.059510982 0.116659881 0.230242437
v 0.059510982 0.116659881 0.230242437
v 0.037799214 0.078292043 0.302457760
v 0.036306895 0.094003625 0.233076346
v 0.037799214 0.078292043 0.302457760
v 0.059510982 0.116659881 0.230242437
v 0.064784719 0.100315841 0.271676671
v 0.037799214 0.078292043 0.302457760
v 0.066737741 0.087926804 0.353238927
v 0.050389230 0.068448737 0.359495006
v 0.066737741 0.087926804 0.353238927
v 0.037799214 0.078292043 0.302457760
v 0.064784719 0.100315841 0.271676671
v 0.050389230 0.068448737 0.359495006
v 0.070809145 0.078071577 0.437269725
v 0.061536900 0.057370336 0.447207843
v 0.070809145 0.078071577 0.437269725
v 0.050389230 0.068448737 0.359495006
v 0.066737741 0.087926804 0.353238927
v 0.070809145 0.078071577 0.437269725
v 0.043919254 0.111508276 0.509043010
v 0.061536900 0.057370336 0.447207843
v 0.043919254 0.111508276 0.509043010
v 0.070809145 0.078071577 0.437269725
v 0.060374993 0.127579795 0.505400770
v 0.060374993 0.127579795 0.505400770
v 0.043307573 0.115012333 0.524018955
v 0.043919254 0.111508276 0.509043010
v 0.043307573 0.115012333 0.524018955
v 0.060374993 0.127579795 0.505400770
v 0.060575557 0.130675058 0.523236357
v 0.043919254 0.111508276 0.509043010
v 0.064872991 0.040766156 0.479890986
v 0.061536900 0.057370336 0.447207843
v 0.061536900 0.057370336 0.447207843
v 0.073674674 0.005764167 0.462915259
v 0.067719605 0.034059529 0.427974144
v 0.073674674 0.005764167 0.462915259
v 0.061536900 0.057370336 0.447207843
v 0.064872991 0.040766156 0.479890986
v 0.109316174 0.018965461 0.454407009
v 0.084159807 -0.000660610 0.492488292
v 0.114793177 0.009842470 0.487749341
v 0.084159807 -0.000660610 0.492488292
v 0.109316174 0.018965461 0.454407009
v 0.073674674 0.005764167 0.462915259
v 0.084934212 0.036511774 0.422807088
v 0.102099104 0.052495916 0.463798307
v 0.083675006 0.057522439 0.432854080
v 0.102099104 0.052495916 0.463798307
v 0.084934212 0.036511774 0.422807088
v 0.109316174 0.018965461 0.454407009
v 0.102099104 0.052495916 0.463798307
v 0.095252821 0.102681000 0.489507157
v 0.083675006 0.057522439 0.432854080
v 0.069199074 0.060897711 -0.077829041
v 0.077426299 0.051188204 -0.043881102
v 0.071970650 0.075432994 -0.013435787
v 0.077426299 0.051188204 -0.043881102
v 0.086687702 0.046852617 -0.002982939
v 0.071970650 0.075432994 -0.013435787
v 0.014332935 0.084447816 0.040665858
v -0.000674396 0.075701704 0.052971942
v 0.008531579 0.109268860 0.033834856
v -0.051082534 0.095804933 -0.340476858
v -0.072356372 0.104287764 -0.322721472
v -0.065683422 0.110844060 -0.332982614
v -0.072356372 0.104287764 -0.322721472
v -0.051082534 0.095804933 -0.340476858
v -0.054882452 0.085653642 -0.317192714
v -0.039343168 0.071685726 -0.348742174
v -0.042535186 0.055853784 -0.322377560
v -0.041261899 0.073346597 -0.325220776
v -0.042535186 0.055853784 -0.322377560
v -0.039343168 0.071685726 -0.348742174
v -0.037070157 0.051086238 -0.349012080
v -0.066231636 0.056157972 -0.449124908
v -0.111675705 0.062540387 -0.447541747
v -0.111673137 0.062535830 -0.447542975
v -0.111675705 0.062540387 -0.447541747
v -0.066231636 0.056157972 -0.449124908
v -0.093485839 0.080913380 -0.444218020
v -0.090317295 0.112943053 -0.411476299
v -0.107684973 0.112247271 -0.407937663
v -0.092731853 0.095472021 -0.433638406
v -0.051082534 0.095804933 -0.340476858
v -0.062992796 0.109809456 -0.363739290
v -0.043051725 0.089694278 -0.366784617
v -0.062992796 0.109809456 -0.363739290
v -0.051082534 0.095804933 -0.340476858
v -0.065683422 0.110844060 -0.332982614
v -0.047566522 0.085434274 -0.344955218
v -0.043051725 0.089694278 -0.366784617
v -0.032742539 0.068127875 -0.392345897
v -0.043051725 0.089694278 -0.366784617
v -0.047566522 0.085434274 -0.344955218
v -0.051082534 0.095804933 -0.340476858
v -0.046775356 0.082763901 -0.402869427
v -0.075402550 0.087695478 -0.439876879
v -0.055377091 0.068662710 -0.436302027
v -0.075402550 0.087695478 -0.439876879
v -0.046775356 0.082763901 -0.402869427
v -0.063864029 0.103208747 -0.406685532
v -0.046775356 0.082763901 -0.402869427
v -0.055377091 0.068662710 -0.436302027
v -0.037222514 0.044768371 -0.427723218
v -0.037070157 0.051086238 -0.349012080
v -0.031372978 0.061261209 -0.390258773
v -0.030028554 0.038862455 -0.379693022
v -0.031372978 0.061261209 -0.390258773
v -0.037070157 0.051086238 -0.349012080
v -0.039343168 0.071685726 -0.348742174
v -0.050289710 0.011049201 -0.367260486
v -0.037893036 0.027049532 -0.419589729
v -0.058346917 0.001353877 -0.409185746
v -0.037893036 0.027049532 -0.419589729
v -0.050289710 0.011049201 -0.367260486
v -0.030028554 0.038862455 -0.379693022
v -0.047566522 0.085434274 -0.344955218
v -0.054882452 0.085653642 -0.317192714
v -0.051082534 0.095804933 -0.340476858
v -0.075402550 0.087695478 -0.439876879
v -0.090317295 0.112943053 -0.411476299
v -0.092731853 0.095472021 -0.433638406
v -0.061642565 0.109161826 -0.386104524
v -0.080096662 0.121909038 -0.355513861
v -0.085663767 0.122634626 -0.378015703
v -0.065683422 0.110844060 -0.332982614
v -0.072356372 0.104287764 -0.322721472
v -0.089751919 0.124667111 -0.323187069
v -0.089751919 0.124667111 -0.323187069
v -0.093289168 0.104961929 -0.313149261
v -0.108990738 0.126488982 -0.317742880
v -0.093289168 0.104961929 -0.313149261
v -0.089751919 0.124667111 -0.323187069
v -0.072356372 0.104287764 -0.322721472
v -0.093485839 0.080913380 -0.444218020
v -0.075402550 0.087695478 -0.439876879
v -0.092731853 0.095472021 -0.433638406
v -0.066231636 0.056157972 -0.449124908
v -0.037222514 0.044768371 -0.427723218
v -0.055377091 0.068662710 -0.436302027
v -0.037222514 0.044768371 -0.427723218
v -0.066231636 0.056157972 -0.449124908
v -0.052370842 0.037509223 -0.441230639
v -0.037893036 0.027049532 -0.419589729
v -0.072657004 0.010936284 -0.432519104
v -0.058346917 0.001353877 -0.409185746
v -0.072657004 0.010936284 -0.432519104
v -0.037893036 0.027049532 -0.419589729
v -0.052370842 0.037509223 -0.441230639
v -0.075402550 0.087695478 -0.439876879
v -0.066231636 0.056157972 -0.449124908
v -0.055377091 0.068662710 -0.436302027
v -0.058831893 0.042283619 -0.317679845
v -0.037070157 0.051086238 -0.349012080
v -0.054403116 0.031416111 -0.340369317
v -0.037070157 0.051086238 -0.349012080
v -0.058831893 0.042283619 -0.317679845
v -0.042535186 0.055853784 -0.322377560
v -0.054403116 0.031416111 -0.340369317
v -0.030028554 0.038862455 -0.379693022
v -0.050289710 0.011049201 -0.367260486
v -0.030028554 0.038862455 -0.379693022
v -0.054403116 0.031416111 -0.340369317
v -0.037070157 0.051086238 -0.349012080
v -0.037893036 0.027049532 -0.419589729
v -0.031372978 0.061261209 -0.390258773
v -0.037222514 0.044768371 -0.427723218
v -0.031372978 0.061261209 -0.390258773
v -0.037893036 0.027049532 -0.419589729
v -0.030028554 0.038862455 -0.379693022
v -0.052370842 0.037509223 -0.441230639
v -0.037893036 0.027049532 -0.419589729
v -0.037222514 0.044768371 -0.427723218
v -0.038529288 0.080458686 -0.393036616
v -0.026881952 0.072942607 -0.390121911
v -0.041244673 0.090587704 -0.372349930
v -0.026881952 0.072942607 -0.390121911
v -0.038529288 0.080458686 -0.393036616
v -0.033707459 0.074095926 -0.402931835
v -0.043051725 0.089694278 -0.366784617
v -0.026881952 0.072942607 -0.390121911
v -0.032742539 0.068127875 -0.392345897
v -0.026881952 0.072942607 -0.390121911
v -0.043051725 0.089694278 -0.366784617
v -0.041244673 0.090587704 -0.372349930
v -0.032742539 0.068127875 -0.392345897
v -0.033707459 0.074095926 -0.402931835
v -0.046775356 0.082763901 -0.402869427
v -0.033707459 0.074095926 -0.402931835
v -0.032742539 0.068127875 -0.392345897
v -0.026881952 0.072942607 -0.390121911
v -0.046775356 0.082763901 -0.402869427
v -0.038529288 0.080458686 -0.393036616
v -0.049046453 0.094399076 -0.387723040
v -0.038529288 0.080458686 -0.393036616
v -0.046775356 0.082763901 -0.402869427
v -0.033707459 0.074095926 -0.402931835
v -0.049046453 0.094399076 -0.387723040
v -0.041244673 0.090587704 -0.372349930
v -0.043051725 0.089694278 -0.366784617
v -0.041244673 0.090587704 -0.372349930
v -0.049046453 0.094399076 -0.387723040
v -0.038529288 0.080458686 -0.393036616
v -0.085112537 0.112846474 -0.399376878
v -0.061642565 0.109161826 -0.386104524
v -0.085663767 0.122634626 -0.378015703
v -0.061642565 0.109161826 -0.386104524
v -0.085112537 0.112846474 -0.399376878
v -0.063864029 0.103208747 -0.406685532
v -0.061642565 0.109161826 -0.386104524
v -0.046775356 0.082763901 -0.402869427
v -0.049046453 0.094399076 -0.387723040
v -0.046775356 0.082763901 -0.402869427
v -0.061642565 0.109161826 -0.386104524
v -0.063864029 0.103208747 -0.406685532
v -0.054882452 0.085653642 -0.317192714
v -0.036315047 0.065019352 -0.300176099
v -0.041190646 0.075688233 -0.285932747
v -0.036315047 0.065019352 -0.300176099
v -0.054882452 0.085653642 -0.317192714
v -0.041261899 0.073346597 -0.325220776
v -0.036315047 0.065019352 -0.300176099
v -0.006208614 0.053362338 -0.305385430
v -0.002803910 0.067737354 -0.306167733
v -0.041261899 0.073346597 -0.325220776
v -0.047566522 0.085434274 -0.344955218
v -0.039343168 0.071685726 -0.348742174
v -0.047566522 0.085434274 -0.344955218
v -0.041261899 0.073346597 -0.325220776
v -0.054882452 0.085653642 -0.317192714
v -0.039343168 0.071685726 -0.348742174
v -0.032742539 0.068127875 -0.392345897
v -0.031372978 0.061261209 -0.390258773
v -0.032742539 0.068127875 -0.392345897
v -0.039343168 0.071685726 -0.348742174
v -0.047566522 0.085434274 -0.344955218
v -0.018289644 0.093165019 -0.264583680
v -0.054205853 0.094832627 -0.266053787
v -0.041190646 0.075688233 -0.285932747
v 0.046337620 0.092093605 -0.006847365
v 0.007070275 0.106656351 -0.058698693
v 0.054962831 0.088219205 -0.063546666
v 0.007070275 0.106656351 -0.058698693
v 0.046337620 0.092093605 -0.006847365
v 0.008415151 0.109260198 -0.000236599
v -0.019358644 0.009073521 -0.031871664
v 0.018049425 -0.017128626 -0.007360399
v 0.020529332 -0.006855565 -0.053524899
v 0.018049425 -0.017128626 -0.007360399
v -0.019358644 0.009073521 -0.031871664
v -0.022193985 -0.001609358 0.002452263
v 0.018049425 -0.017128626 -0.007360399
v -0.019364064 0.008231846 0.035956638
v 0.026140043 -0.003635021 0.040781257
v -0.019364064 0.008231846 0.035956638
v 0.018049425 -0.017128626 -0.007360399
v -0.022193985 -0.001609358 0.002452263
v -0.019364064 0.008231846 0.035956638
v 0.018098363 0.014192337 0.062493953
v 0.026140043 -0.003635021 0.040781257
v 0.018098363 0.014192337 0.062493953
v -0.019364064 0.008231846 0.035956638
v -0.017485290 0.014931888 0.044461693
v -0.067297289 0.048963631 -0.293883612
v -0.058658242 0.027625029 -0.267303930
v -0.017482896 0.025846044 -0.285778928
v -0.017485290 0.014931888 0.044461693
v -0.000674396 0.075701704 0.052971942
v 0.018098363 0.014192337 0.062493953
v 0.018098363 0.014192337 0.062493953
v -0.000674396 0.075701704 0.052971942
v 0.014332935 0.084447816 0.040665858
v -0.098218821 0.126233202 -0.350900442
v -0.109168672 0.120589659 -0.366675030
v -0.085663767 0.122634626 -0.378015703
v -0.092731853 0.095472021 -0.433638406
v -0.117895879 0.075286580 -0.441314585
v -0.093485839 0.080913380 -0.444218020
v -0.117895879 0.075286580 -0.441314585
v -0.092731853 0.095472021 -0.433638406
v -0.122227921 0.088980107 -0.427789631
v -0.085663767 0.122634626 -0.378015703
v -0.109388329 0.111782292 -0.391363449
v -0.085112537 0.112846474 -0.399376878
v -0.109388329 0.111782292 -0.391363449
v -0.085663767 0.122634626 -0.378015703
v -0.109168672 0.120589659 -0.366675030
v 0.001617895 0.112795905 -0.111978741
v 0.054962831 0.088219205 -0.063546666
v 0.007070275 0.106656351 -0.058698693
v 0.054962831 0.088219205 -0.063546666
v 0.001617895 0.112795905 -0.111978741
v 0.036914687 0.101961524 -0.120676212
v 0.036914687 0.101961524 -0.120676212
v 0.069199074 0.060897711 -0.077829041
v 0.054962831 0.088219205 -0.063546666
v 0.069199074 0.060897711 -0.077829041
v 0.036914687 0.101961524 -0.120676212
v 0.052483925 0.072723189 -0.125094637
v 0.052483925 0.072723189 -0.125094637
v 0.052796343 0.030566324 -0.088626372
v 0.069199074 0.060897711 -0.077829041
v 0.052796343 0.030566324 -0.088626372
v 0.052483925 0.072723189 -0.125094637
v 0.046480970 0.041560366 -0.117744432
v 0.052796343 0.030566324 -0.088626372
v 0.022347627 0.024613671 -0.109244075
v 0.021298045 0.015396966 -0.087917741
v 0.022347627 0.024613671 -0.109244075
v 0.052796343 0.030566324 -0.088626372
v 0.046480970 0.041560366 -0.117744432
v 0.021298045 0.015396966 -0.087917741
v -0.010426411 0.028488903 -0.100577473
v -0.012287920 0.025725139 -0.068549346
v -0.010426411 0.028488903 -0.100577473
v 0.021298045 0.015396966 -0.087917741
v 0.022347627 0.024613671 -0.109244075
v -0.036315047 0.065019352 -0.300176099
v -0.002803910 0.067737354 -0.306167733
v -0.041190646 0.075688233 -0.285932747
v -0.041190646 0.075688233 -0.285932747
v -0.002803910 0.067737354 -0.306167733
v 0.005810744 0.084745084 -0.294446591
v 0.005810744 0.084745084 -0.294446591
v 0.031902075 0.073225361 -0.321677108
v 0.035606287 0.092625352 -0.305433737
v 0.031902075 0.073225361 -0.321677108
v 0.005810744 0.084745084 -0.294446591
v -0.002803910 0.067737354 -0.306167733
v 0.031902075 0.073225361 -0.321677108
v 0.091581157 0.074688074 -0.281980137
v 0.035606287 0.092625352 -0.305433737
v 0.091581157 0.074688074 -0.281980137
v 0.031902075 0.073225361 -0.321677108
v 0.090347677 0.064376477 -0.308219605
v 0.090347677 0.064376477 -0.308219605
v 0.138813187 0.057565099 -0.279354455
v 0.091581157 0.074688074 -0.281980137
v 0.131402598 0.035311504 -0.311300116
v 0.090347677 0.064376477 -0.308219605
v 0.085120934 0.052516416 -0.313406848
v 0.054546823 0.097103380 0.036747640
v 0.015553134 0.081312545 0.139681673
v 0.014332935 0.084447816 0.040665858
v -0.090317295 0.112943053 -0.411476299
v -0.063864029 0.103208747 -0.406685532
v -0.085112537 0.112846474 -0.399376878
v -0.109388329 0.111782292 -0.391363449
v -0.090317295 0.112943053 -0.411476299
v -0.085112537 0.112846474 -0.399376878
v -0.090317295 0.112943053 -0.411476299
v -0.109388329 0.111782292 -0.391363449
v -0.107684973 0.112247271 -0.407937663
v -0.090317295 0.112943053 -0.411476299
v -0.075402550 0.087695478 -0.439876879
v -0.063864029 0.103208747 -0.406685532
v 0.102743202 0.107513166 0.509368327
v 0.043307573 0.115012333 0.524018955
v 0.060575557 0.130675058 0.523236357
v -0.089751919 0.124667111 -0.323187069
v -0.106630679 0.127747697 -0.342390031
v -0.095795228 0.124487754 -0.344710814
v -0.080096662 0.121909038 -0.355513861
v -0.061642565 0.109161826 -0.386104524
v -0.062992796 0.109809456 -0.363739290
v -0.089751919 0.124667111 -0.323187069
v -0.080096662 0.121909038 -0.355513861
v -0.065683422 0.110844060 -0.332982614
v -0.109168672 0.120589659 -0.366675030
v -0.120011944 0.121824786 -0.358689734
v -0.125772343 0.127268428 -0.365056224
v -0.095795228 0.124487754 -0.344710814
v -0.106419790 0.128068945 -0.347988903
v -0.098218821 0.126233202 -0.350900442
v -0.115128044 0.123422461 -0.341439751
v -0.106630679 0.127747697 -0.342390031
v -0.115602744 0.125500819 -0.338855397
v -0.106630679 0.127747697 -0.342390031
v -0.115128044 0.123422461 -0.341439751
v -0.104935446 0.125086204 -0.343901803
v -0.106630679 0.127747697 -0.342390031
v -0.089751919 0.124667111 -0.323187069
v -0.108990738 0.126488982 -0.317742880
v -0.080096662 0.121909038 -0.355513861
v -0.095795228 0.124487754 -0.344710814
v -0.098218821 0.126233202 -0.350900442
v -0.080096662 0.121909038 -0.355513861
v -0.062992796 0.109809456 -0.363739290
v -0.065683422 0.110844060 -0.332982614
v -0.043051725 0.089694278 -0.366784617
v -0.061642565 0.109161826 -0.386104524
v -0.049046453 0.094399076 -0.387723040
v -0.061642565 0.109161826 -0.386104524
v -0.043051725 0.089694278 -0.366784617
v -0.062992796 0.109809456 -0.363739290
v -0.085663767 0.122634626 -0.378015703
v -0.080096662 0.121909038 -0.355513861
v -0.098218821 0.126233202 -0.350900442
v -0.122227921 0.088980107 -0.427789631
v -0.107684973 0.112247271 -0.407937663
v -0.125397672 0.106790814 -0.403030672
v -0.107684973 0.112247271 -0.407937663
v -0.122227921 0.088980107 -0.427789631
v -0.092731853 0.095472021 -0.433638406
v -0.107684973 0.112247271 -0.407937663
v -0.121665581 0.109354551 -0.387287205
v -0.125397672 0.106790814 -0.403030672
v -0.121665581 0.109354551 -0.387287205
v -0.107684973 0.112247271 -0.407937663
v -0.109388329 0.111782292 -0.391363449
v -0.121665581 0.109354551 -0.387287205
v -0.109168672 0.120589659 -0.366675030
v -0.125772343 0.127268428 -0.365056224
v -0.109168672 0.120589659 -0.366675030
v -0.121665581 0.109354551 -0.387287205
v -0.109388329 0.111782292 -0.391363449
v -0.107237686 0.126762117 -0.350052127
v -0.098218821 0.126233202 -0.350900442
v -0.106419790 0.128068945 -0.347988903
v 0.046480970 0.041560366 -0.117744432
v 0.043225458 0.047080767 -0.171027124
v 0.038009335 0.032136403 -0.162844351
v 0.026368526 0.021863157 -0.264406875
v 0.030251632 0.030100360 -0.264873576
v 0.027147801 0.025704581 -0.276756512
v 0.037525669 0.035498346 -0.210186832
v 0.038009335 0.032136403 -0.162844351
v 0.043225458 0.047080767 -0.171027124
v 0.038009335 0.032136403 -0.162844351
v 0.037525669 0.035498346 -0.210186832
v 0.031413332 0.025778093 -0.214209564
v 0.038009335 0.032136403 -0.162844351
v 0.022347627 0.024613671 -0.109244075
v 0.046480970 0.041560366 -0.117744432
v -0.106630679 0.127747697 -0.342390031
v -0.108990738 0.126488982 -0.317742880
v -0.115602744 0.125500819 -0.338855397
v -0.067297289 0.048963631 -0.293883612
v -0.017482896 0.025846044 -0.285778928
v -0.042858687 0.051350650 -0.300618695
v -0.115128044 0.123422461 -0.341439751
v -0.106419790 0.128068945 -0.347988903
v -0.104935446 0.125086204 -0.343901803
v -0.106419790 0.128068945 -0.347988903
v -0.115128044 0.123422461 -0.341439751
v -0.118566286 0.126287414 -0.345972718
v -0.118566286 0.126287414 -0.345972718
v -0.118763742 0.125016048 -0.348972226
v -0.107237686 0.126762117 -0.350052127
v -0.109168672 0.120589659 -0.366675030
v -0.118763742 0.125016048 -0.348972226
v -0.120011944 0.121824786 -0.358689734
v -0.118763742 0.125016048 -0.348972226
v -0.109168672 0.120589659 -0.366675030
v -0.107237686 0.126762117 -0.350052127
v 0.000161968 0.017077793 -0.247612150
v 0.031413332 0.025778093 -0.214209564
v 0.026368526 0.021863157 -0.264406875
v 0.031413332 0.025778093 -0.214209564
v 0.000161968 0.017077793 -0.247612150
v 0.015193762 0.026093999 -0.199327738
v 0.031413332 0.025778093 -0.214209564
v 0.030251632 0.030100360 -0.264873576
v 0.026368526 0.021863157 -0.264406875
v 0.030251632 0.030100360 -0.264873576
v 0.031413332 0.025778093 -0.214209564
v 0.037525669 0.035498346 -0.210186832
v 0.030251632 0.030100360 -0.264873576
v 0.039230617 0.051045652 -0.207065690
v 0.027840338 0.056742064 -0.234461694
v 0.039230617 0.051045652 -0.207065690
v 0.030251632 0.030100360 -0.264873576
v 0.037525669 0.035498346 -0.210186832
v 0.027840338 0.056742064 -0.234461694
v 0.038875411 0.073345287 -0.209744388
v 0.031897642 0.067850107 -0.247005596
v 0.038875411 0.073345287 -0.209744388
v 0.027840338 0.056742064 -0.234461694
v 0.039230617 0.051045652 -0.207065690
v 0.031831076 0.093703841 -0.226243253
v 0.031897642 0.067850107 -0.247005596
v 0.038875411 0.073345287 -0.209744388
v 0.031897642 0.067850107 -0.247005596
v 0.031831076 0.093703841 -0.226243253
v 0.019390400 0.094292194 -0.254018395
v 0.007516580 0.125738466 -0.170286576
v 0.021370740 0.130396049 -0.201473602
v 0.030860511 0.124255344 -0.175513480
v 0.021370740 0.130396049 -0.201473602
v 0.007516580 0.125738466 -0.170286576
v -0.000498798 0.131043181 -0.192528884
v 0.030860511 0.124255344 -0.175513480
v 0.037492068 0.115179277 -0.205885553
v 0.042633228 0.106487622 -0.184669941
v 0.037492068 0.115179277 -0.205885553
v 0.030860511 0.124255344 -0.175513480
v 0.021370740 0.130396049 -0.201473602
v -0.001264850 0.110850538 -0.239748335
v 0.010021720 0.093007201 -0.275362705
v 0.019390400 0.094292194 -0.254018395
v 0.010021720 0.093007201 -0.275362705
v -0.001264850 0.110850538 -0.239748335
v -0.018289644 0.093165019 -0.264583680
v 0.010021720 0.093007201 -0.275362705
v 0.039362249 0.075224035 -0.268974953
v 0.019390400 0.094292194 -0.254018395
v 0.039362249 0.075224035 -0.268974953
v 0.010021720 0.093007201 -0.275362705
v 0.040341529 0.090533837 -0.285072084
v 0.040341529 0.090533837 -0.285072084
v 0.091581157 0.074688074 -0.281980137
v 0.039362249 0.075224035 -0.268974953
v 0.044175028 0.039661487 -0.302588557
v 0.030251632 0.030100360 -0.264873576
v 0.043743715 0.038872309 -0.294969308
v 0.030251632 0.030100360 -0.264873576
v 0.044175028 0.039661487 -0.302588557
v 0.027147801 0.025704581 -0.276756512
v -0.035407651 0.116404012 -0.220111195
v -0.018289644 0.093165019 -0.264583680
v -0.001264850 0.110850538 -0.239748335
v -0.018289644 0.093165019 -0.264583680
v -0.035407651 0.116404012 -0.220111195
v -0.047210230 0.104083711 -0.249734171
v 0.028110305 0.113113209 -0.166232655
v 0.042633228 0.106487622 -0.184669941
v 0.042146326 0.087772576 -0.180340265
v 0.042633228 0.106487622 -0.184669941
v 0.028110305 0.113113209 -0.166232655
v 0.030860511 0.124255344 -0.175513480
v 0.042819928 0.089885421 -0.200458111
v 0.037492068 0.115179277 -0.205885553
v 0.031831076 0.093703841 -0.226243253
v 0.031831076 0.093703841 -0.226243253
v 0.022854234 0.104966589 -0.232222444
v 0.019390400 0.094292194 -0.254018395
v 0.019390400 0.094292194 -0.254018395
v 0.006170793 0.116654825 -0.227526982
v -0.001264850 0.110850538 -0.239748335
v 0.006170793 0.116654825 -0.227526982
v 0.019390400 0.094292194 -0.254018395
v 0.022854234 0.104966589 -0.232222444
v -0.001264850 0.110850538 -0.239748335
v -0.012922260 0.119154114 -0.211037800
v -0.035407651 0.116404012 -0.220111195
v -0.011747766 0.125958949 -0.189968149
v -0.012922260 0.119154114 -0.211037800
v -0.000498798 0.131043181 -0.192528884
v -0.003897101 0.120563594 -0.167960774
v -0.000498798 0.131043181 -0.192528884
v 0.007516580 0.125738466 -0.170286576
v -0.000498798 0.131043181 -0.192528884
v -0.003897101 0.120563594 -0.167960774
v -0.011747766 0.125958949 -0.189968149
v 0.028110305 0.113113209 -0.166232655
v 0.007516580 0.125738466 -0.170286576
v 0.030860511 0.124255344 -0.175513480
v 0.037492068 0.115179277 -0.205885553
v 0.042819928 0.089885421 -0.200458111
v 0.042633228 0.106487622 -0.184669941
v 0.038875411 0.073345287 -0.209744388
v 0.042819928 0.089885421 -0.200458111
v 0.031831076 0.093703841 -0.226243253
v 0.042633228 0.106487622 -0.184669941
v 0.042819928 0.089885421 -0.200458111
v 0.042146326 0.087772576 -0.180340265
v 0.046337620 0.092093605 -0.006847365
v 0.008531579 0.109268860 0.033834856
v 0.008415151 0.109260198 -0.000236599
v -0.066231636 0.056157972 -0.449124908
v -0.111673137 0.062535830 -0.447542975
v -0.093934762 0.035595674 -0.447352677
v -0.066231636 0.056157972 -0.449124908
v -0.075402550 0.087695478 -0.439876879
v -0.093485839 0.080913380 -0.444218020
v -0.046775356 0.082763901 -0.402869427
v -0.031372978 0.061261209 -0.390258773
v -0.032742539 0.068127875 -0.392345897
v -0.031372978 0.061261209 -0.390258773
v -0.046775356 0.082763901 -0.402869427
v -0.037222514 0.044768371 -0.427723218
v -0.018557934 0.027722112 -0.145810277
v 0.022347627 0.024613671 -0.109244075
v 0.020864760 0.026514476 -0.156331641
v 0.022347627 0.024613671 -0.109244075
v -0.018557934 0.027722112 -0.145810277
v -0.010426411 0.028488903 -0.100577473
v -0.041190646 0.075688233 -0.285932747
v -0.080964152 0.096260389 -0.304639840
v -0.054882452 0.085653642 -0.317192714
v -0.080964152 0.096260389 -0.304639840
v -0.041190646 0.075688233 -0.285932747
v -0.054205853 0.094832627 -0.266053787
v -0.093934762 0.035595674 -0.447352677
v -0.052370842 0.037509223 -0.441230639
v -0.066231636 0.056157972 -0.449124908
v -0.052370842 0.037509223 -0.441230639
v -0.093934762 0.035595674 -0.447352677
v -0.072657004 0.010936284 -0.432519104
v -0.080964152 0.096260389 -0.304639840
v -0.072356372 0.104287764 -0.322721472
v -0.054882452 0.085653642 -0.317192714
v -0.072356372 0.104287764 -0.322721472
v -0.080964152 0.096260389 -0.304639840
v -0.093289168 0.104961929 -0.313149261
v -0.117895879 0.075286580 -0.441314585
v -0.111675705 0.062540387 -0.447541747
v -0.093485839 0.080913380 -0.444218020
v -0.040611223 0.021848085 -0.216818119
v 0.015193762 0.026093999 -0.199327738
v 0.000161968 0.017077793 -0.247612150
v 0.015193762 0.026093999 -0.199327738
v -0.040611223 0.021848085 -0.216818119
v -0.023699186 0.029448075 -0.172526260
v 0.075251423 0.010893805 0.047202022
v 0.018098363 0.014192337 0.062493953
v 0.086276902 0.016043143 0.077969163
v 0.007106116 0.031492093 -0.300590167
v 0.044175028 0.039661487 -0.302588557
v 0.032404134 0.059740047 -0.325127145
v 0.118647518 0.030305680 -0.256048752
v 0.091581157 0.074688074 -0.281980137
v 0.138813187 0.057565099 -0.279354455
v 0.032404134 0.059740047 -0.325127145
v 0.044175028 0.039661487 -0.302588557
v 0.085120934 0.052516416 -0.313406848
v 0.090347677 0.064376477 -0.308219605
v 0.032404134 0.059740047 -0.325127145
v 0.085120934 0.052516416 -0.313406848
v 0.007516580 0.125738466 -0.170286576
v 0.028110305 0.113113209 -0.166232655
v 0.007586612 0.115974547 -0.163043902
v -0.011747766 0.125958949 -0.189968149
v -0.014841188 0.119650404 -0.165148383
v -0.022527949 0.125137443 -0.186920309
v -0.014841188 0.119650404 -0.165148383
v -0.011747766 0.125958949 -0.189968149
v -0.003897101 0.120563594 -0.167960774
v -0.012922260 0.119154114 -0.211037800
v -0.011747766 0.125958949 -0.189968149
v -0.022527949 0.125137443 -0.186920309
v 0.007516580 0.125738466 -0.170286576
v 0.007586612 0.115974547 -0.163043902
v -0.003897101 0.120563594 -0.167960774
v -0.012922260 0.119154114 -0.211037800
v -0.022527949 0.125137443 -0.186920309
v -0.035407651 0.116404012 -0.220111195
v -0.012922260 0.119154114 -0.211037800
v -0.001264850 0.110850538 -0.239748335
v 0.006170793 0.116654825 -0.227526982
v 0.022854234 0.104966589 -0.232222444
v 0.031831076 0.093703841 -0.226243253
v 0.037492068 0.115179277 -0.205885553
v 0.031897642 0.067850107 -0.247005596
v 0.030251632 0.030100360 -0.264873576
v 0.027840338 0.056742064 -0.234461694
v 0.091581157 0.074688074 -0.281980137
v 0.080048001 0.049001747 -0.266379922
v 0.039362249 0.075224035 -0.268974953
v 0.080048001 0.049001747 -0.266379922
v 0.043743715 0.038872309 -0.294969308
v 0.039362249 0.075224035 -0.268974953
v 0.043743715 0.038872309 -0.294969308
v 0.080048001 0.049001747 -0.266379922
v 0.069319072 0.027387012 -0.301115235
v 0.112307355 0.006066385 -0.297368503
v 0.076859025 0.037365005 -0.310609382
v 0.069319072 0.027387012 -0.301115235
v 0.044175028 0.039661487 -0.302588557
v 0.076859025 0.037365005 -0.310609382
v 0.085120934 0.052516416 -0.313406848
v 0.076859025 0.037365005 -0.310609382
v 0.131402598 0.035311504 -0.311300116
v 0.085120934 0.052516416 -0.313406848
v 0.131402598 0.035311504 -0.311300116
v 0.076859025 0.037365005 -0.310609382
v 0.112307355 0.006066385 -0.297368503
v 0.027147801 0.025704581 -0.276756512
v 0.000161968 0.017077793 -0.247612150
v 0.026368526 0.021863157 -0.264406875
v 0.000161968 0.017077793 -0.247612150
v 0.027147801 0.025704581 -0.276756512
v 0.007106116 0.031492093 -0.300590167
v 0.005810744 0.084745084 -0.294446591
v -0.018289644 0.093165019 -0.264583680
v -0.041190646 0.075688233 -0.285932747
v -0.054205853 0.094832627 -0.266053787
v -0.018289644 0.093165019 -0.264583680
v -0.047210230 0.104083711 -0.249734171
v 0.004738817 0.113513089 -0.157966520
v 0.030017648 0.110411032 -0.159968095
v 0.036914687 0.101961524 -0.120676212
v 0.036914687 0.101961524 -0.120676212
v 0.045795225 0.082886785 -0.166165822
v 0.052483925 0.072723189 -0.125094637
v 0.045795225 0.082886785 -0.166165822
v 0.036914687 0.101961524 -0.120676212
v 0.030017648 0.110411032 -0.159968095
v 0.043225458 0.047080767 -0.171027124
v 0.052483925 0.072723189 -0.125094637
v 0.045795225 0.082886785 -0.166165822
v 0.052483925 0.072723189 -0.125094637
v 0.043225458 0.047080767 -0.171027124
v 0.046480970 0.041560366 -0.117744432
v 0.001617895 0.112795905 -0.111978741
v 0.004738817 0.113513089 -0.157966520
v 0.036914687 0.101961524 -0.120676212
v 0.004738817 0.113513089 -0.157966520
v 0.001617895 0.112795905 -0.111978741
v -0.014841188 0.119650404 -0.165148383
v -0.003897101 0.120563594 -0.167960774
v 0.004738817 0.113513089 -0.157966520
v -0.014841188 0.119650404 -0.165148383
v 0.004738817 0.113513089 -0.157966520
v -0.003897101 0.120563594 -0.167960774
v 0.007586612 0.115974547 -0.163043902
v 0.038875411 0.073345287 -0.209744388
v 0.045795225 0.082886785 -0.166165822
v 0.042146326 0.087772576 -0.180340265
v 0.045795225 0.082886785 -0.166165822
v 0.038875411 0.073345287 -0.209744388
v 0.039230617 0.051045652 -0.207065690
v -0.111488402 0.093025891 -0.229386783
v -0.122447383 0.077366163 -0.244996542
v -0.081763579 0.095778281 -0.240895252
v -0.088427421 0.112525232 -0.191028461
v -0.064345581 0.136218205 -0.169743336
v -0.081138361 0.123237075 -0.161971219
v -0.064345581 0.136218205 -0.169743336
v -0.088427421 0.112525232 -0.191028461
v -0.071448026 0.121926970 -0.198794229
v -0.089755303 0.054536033 -0.283258616
v -0.120214802 0.026562469 -0.251649894
v -0.098113377 0.028803244 -0.255568856
v -0.120214802 0.026562469 -0.251649894
v -0.089755303 0.054536033 -0.283258616
v -0.116215134 0.048003977 -0.263010188
v -0.082907707 0.048822156 -0.046781559
v -0.050876131 0.030908347 -0.078424406
v -0.072859526 0.058423156 -0.073880277
v -0.050876131 0.030908347 -0.078424406
v -0.082907707 0.048822156 -0.046781559
v -0.060348805 0.014375000 -0.050941464
v -0.071823774 0.094075415 -0.065285748
v -0.082907707 0.048822156 -0.046781559
v -0.072859526 0.058423156 -0.073880277
v -0.082907707 0.048822156 -0.046781559
v -0.071823774 0.094075415 -0.065285748
v -0.080159362 0.092554544 -0.038847452
v -0.044196063 0.112491690 -0.056702467
v -0.067505450 0.110071081 -0.012700171
v -0.071823774 0.094075415 -0.065285748
v -0.067505450 0.110071081 -0.012700171
v -0.044196063 0.112491690 -0.056702467
v -0.032982784 0.113999005 -0.006581880
v -0.071448026 0.121926970 -0.198794229
v -0.042025156 0.133863798 -0.177156754
v -0.064345581 0.136218205 -0.169743336
v -0.042025156 0.133863798 -0.177156754
v -0.071448026 0.121926970 -0.198794229
v -0.046102167 0.121407811 -0.198755340
v -0.060348805 0.014375000 -0.050941464
v -0.012287920 0.025725139 -0.068549346
v -0.050876131 0.030908347 -0.078424406
v -0.012287920 0.025725139 -0.068549346
v -0.060348805 0.014375000 -0.050941464
v -0.019358644 0.009073521 -0.031871664
v -0.055626759 0.036315347 -0.135388603
v -0.023699186 0.029448075 -0.172526260
v -0.070720971 0.031929631 -0.167524023
v -0.023699186 0.029448075 -0.172526260
v -0.055626759 0.036315347 -0.135388603
v -0.018557934 0.027722112 -0.145810277
v -0.065791029 0.117923294 0.041137862
v -0.103704269 0.071886130 0.136876244
v -0.094859248 0.086076515 0.040042819
v -0.103704269 0.071886130 0.136876244
v -0.065791029 0.117923294 0.041137862
v -0.081259153 0.107937404 0.139952619
v -0.103704269 0.071886130 0.136876244
v -0.087575479 0.095134777 0.231366746
v -0.097108906 0.067594621 0.229446826
v -0.087575479 0.095134777 0.231366746
v -0.103704269 0.071886130 0.136876244
v -0.081259153 0.107937404 0.139952619
v -0.008769239 0.090796365 0.040846266
v -0.027784471 0.034203470 0.140152786
v -0.030545907 0.098465560 0.144184265
v -0.027784471 0.034203470 0.140152786
v -0.008769239 0.090796365 0.040846266
v -0.033513643 0.034657356 0.060551680
v -0.030545907 0.098465560 0.144184265
v -0.058132974 0.040972710 0.232416018
v -0.057366220 0.083597112 0.235771749
v -0.058132974 0.040972710 0.232416018
v -0.030545907 0.098465560 0.144184265
v -0.027784471 0.034203470 0.140152786
v -0.027784471 0.034203470 0.140152786
v -0.077549317 0.031616003 0.069195612
v -0.075229862 0.027043587 0.133217983
v -0.077549317 0.031616003 0.069195612
v -0.027784471 0.034203470 0.140152786
v -0.033513643 0.034657356 0.060551680
v -0.027784471 0.034203470 0.140152786
v -0.077527916 0.035121775 0.226233844
v -0.058132974 0.040972710 0.232416018
v -0.077527916 0.035121775 0.226233844
v -0.027784471 0.034203470 0.140152786
v -0.075229862 0.027043587 0.133217983
v -0.077549317 0.031616003 0.069195612
v -0.103704269 0.071886130 0.136876244
v -0.075229862 0.027043587 0.133217983
v -0.103704269 0.071886130 0.136876244
v -0.077549317 0.031616003 0.069195612
v -0.094859248 0.086076515 0.040042819
v -0.075229862 0.027043587 0.133217983
v -0.097108906 0.067594621 0.229446826
v -0.077527916 0.035121775 0.226233844
v -0.097108906 0.067594621 0.229446826
v -0.075229862 0.027043587 0.133217983
v -0.103704269 0.071886130 0.136876244
v -0.116572689 0.021177695 0.499060974
v -0.065959121 0.013639144 0.502169288
v -0.092540470 -0.004575183 0.496438169
v -0.065959121 0.013639144 0.502169288
v -0.116572689 0.021177695 0.499060974
v -0.090202556 0.043179054 0.505335179
v -0.090125953 0.080409654 0.271314438
v -0.108714852 0.049019253 0.356660537
v -0.112074911 0.053247762 0.293476118
v -0.108714852 0.049019253 0.356660537
v -0.090125953 0.080409654 0.271314438
v -0.096331650 0.074234962 0.353369704
v -0.096331650 0.074234962 0.353369704
v -0.108979232 0.045470908 0.434379208
v -0.108714852 0.049019253 0.356660537
v -0.108979232 0.045470908 0.434379208
v -0.096331650 0.074234962 0.353369704
v -0.105741659 0.069709646 0.437428318
v -0.060368486 0.073292819 0.306308485
v -0.066196500 0.024264533 0.353901911
v -0.074503934 0.063415238 0.362976555
v -0.066196500 0.024264533 0.353901911
v -0.060368486 0.073292819 0.306308485
v -0.053132312 0.023150488 0.276873182
v -0.074503934 0.063415238 0.362976555
v -0.084692417 0.030042914 0.433367161
v -0.090320318 0.055214264 0.450287096
v -0.084692417 0.030042914 0.433367161
v -0.074503934 0.063415238 0.362976555
v -0.066196500 0.024264533 0.353901911
v -0.053132312 0.023150488 0.276873182
v -0.099159916 0.014232685 0.349388539
v -0.066196500 0.024264533 0.353901911
v -0.099159916 0.014232685 0.349388539
v -0.053132312 0.023150488 0.276873182
v -0.094100974 0.010938727 0.276583020
v -0.066196500 0.024264533 0.353901911
v -0.100792393 0.025035280 0.426676202
v -0.084692417 0.030042914 0.433367161
v -0.100792393 0.025035280 0.426676202
v -0.066196500 0.024264533 0.353901911
v -0.099159916 0.014232685 0.349388539
v -0.094100974 0.010938727 0.276583020
v -0.108714852 0.049019253 0.356660537
v -0.099159916 0.014232685 0.349388539
v -0.108714852 0.049019253 0.356660537
v -0.094100974 0.010938727 0.276583020
v -0.112074911 0.053247762 0.293476118
v -0.099159916 0.014232685 0.349388539
v -0.108979232 0.045470908 0.434379208
v -0.100792393 0.025035280 0.426676202
v -0.108979232 0.045470908 0.434379208
v -0.099159916 0.014232685 0.349388539
v -0.108714852 0.049019253 0.356660537
v -0.094859248 0.086076515 0.040042819
v -0.067505450 0.110071081 -0.012700171
v -0.065791029 0.117923294 0.041137862
v -0.067505450 0.110071081 -0.012700171
v -0.094859248 0.086076515 0.040042819
v -0.089950371 0.088321731 -0.003498827
v -0.032982784 0.113999005 -0.006581880
v 0.008531579 0.109268860 0.033834856
v -0.008769239 0.090796365 0.040846266
v -0.060348805 0.014375000 -0.050941464
v -0.084739988 0.037794595 -0.008166243
v -0.064758418 0.005739877 -0.007083241
v -0.084739988 0.037794595 -0.008166243
v -0.060348805 0.014375000 -0.050941464
v -0.082907707 0.048822156 -0.046781559
v -0.064758418 0.005739877 -0.007083241
v -0.086276011 0.045640276 0.043965006
v -0.056139198 0.020691996 0.039634911
v -0.086276011 0.045640276 0.043965006
v -0.064758418 0.005739877 -0.007083241
v -0.084739988 0.037794595 -0.008166243
v -0.056139198 0.020691996 0.039634911
v -0.086276011 0.045640276 0.043965006
v -0.033513643 0.034657356 0.060551680
v -0.090125953 0.080409654 0.271314438
v -0.097108906 0.067594621 0.229446826
v -0.087575479 0.095134777 0.231366746
v -0.097108906 0.067594621 0.229446826
v -0.090125953 0.080409654 0.271314438
v -0.112074911 0.053247762 0.293476118
v -0.112074911 0.053247762 0.293476118
v -0.077527916 0.035121775 0.226233844
v -0.097108906 0.067594621 0.229446826
v -0.077527916 0.035121775 0.226233844
v -0.112074911 0.053247762 0.293476118
v -0.094100974 0.010938727 0.276583020
v -0.077527916 0.035121775 0.226233844
v -0.053132312 0.023150488 0.276873182
v -0.058132974 0.040972710 0.232416018
v -0.053132312 0.023150488 0.276873182
v -0.077527916 0.035121775 0.226233844
v -0.094100974 0.010938727 0.276583020
v -0.058132974 0.040972710 0.232416018
v -0.060368486 0.073292819 0.306308485
v -0.057366220 0.083597112 0.235771749
v -0.060368486 0.073292819 0.306308485
v -0.058132974 0.040972710 0.232416018
v -0.053132312 0.023150488 0.276873182
v -0.082907707 0.048822156 -0.046781559
v -0.089950371 0.088321731 -0.003498827
v -0.084739988 0.037794595 -0.008166243
v -0.089950371 0.088321731 -0.003498827
v -0.082907707 0.048822156 -0.046781559
v -0.080159362 0.092554544 -0.038847452
v -0.084739988 0.037794595 -0.008166243
v -0.094859248 0.086076515 0.040042819
v -0.086276011 0.045640276 0.043965006
v -0.094859248 0.086076515 0.040042819
v -0.084739988 0.037794595 -0.008166243
v -0.089950371 0.088321731 -0.003498827
v -0.086276011 0.045640276 0.043965006
v -0.094859248 0.086076515 0.040042819
v -0.077549317 0.031616003 0.069195612
v -0.043381802 0.035597234 -0.095348466
v -0.055626759 0.036315347 -0.135388603
v -0.070851848 0.045252476 -0.131706206
v -0.075785229 0.061048701 -0.136391952
v -0.090842256 0.059880661 -0.158915618
v -0.067172552 0.095478805 -0.132222041
v -0.071332853 0.095480483 -0.138332809
v -0.045290356 0.118540148 -0.136915622
v -0.067172552 0.095478805 -0.132222041
v -0.045290356 0.118540148 -0.136915622
v -0.071332853 0.095480483 -0.138332809
v -0.048615654 0.118324707 -0.137830420
v -0.045290356 0.118540148 -0.136915622
v -0.030776367 0.118580296 -0.148842784
v -0.024757084 0.115943355 -0.147731041
v -0.030776367 0.118580296 -0.148842784
v -0.045290356 0.118540148 -0.136915622
v -0.048615654 0.118324707 -0.137830420
v -0.189151848 0.066498583 -0.213281076
v -0.179752403 0.051531914 -0.186377226
v -0.219076446 0.049477805 -0.166487571
v -0.237697106 0.063317386 -0.200467318
v -0.266808525 0.044426022 -0.147673349
v -0.282951581 0.050677719 -0.179066503
v -0.266808525 0.044426022 -0.147673349
v -0.237697106 0.063317386 -0.200467318
v -0.219076446 0.049477805 -0.166487571
v -0.177091545 0.013012563 -0.203640699
v -0.219076446 0.049477805 -0.166487571
v -0.179752403 0.051531914 -0.186377226
v -0.219076446 0.049477805 -0.166487571
v -0.177091545 0.013012563 -0.203640699
v -0.221976612 0.006146621 -0.187678599
v -0.219076446 0.049477805 -0.166487571
v -0.264122775 0.007364919 -0.170560219
v -0.266808525 0.044426022 -0.147673349
v -0.264122775 0.007364919 -0.170560219
v -0.219076446 0.049477805 -0.166487571
v -0.221976612 0.006146621 -0.187678599
v -0.147600056 0.019450765 -0.219871676
v -0.177091545 0.013012563 -0.203640699
v -0.145622134 0.018446199 -0.208771228
v -0.177091545 0.013012563 -0.203640699
v -0.147600056 0.019450765 -0.219871676
v -0.184188551 0.017592365 -0.216877318
v -0.221976612 0.006146621 -0.187678599
v -0.277214327 0.024778444 -0.191310654
v -0.264122775 0.007364919 -0.170560219
v -0.277214327 0.024778444 -0.191310654
v -0.221976612 0.006146621 -0.187678599
v -0.238020148 0.026436723 -0.214971674
v -0.192950664 0.043702955 -0.229476392
v -0.237697106 0.063317386 -0.200467318
v -0.238020148 0.026436723 -0.214971674
v -0.238020148 0.026436723 -0.214971674
v -0.282951581 0.050677719 -0.179066503
v -0.277214327 0.024778444 -0.191310654
v -0.282951581 0.050677719 -0.179066503
v -0.238020148 0.026436723 -0.214971674
v -0.237697106 0.063317386 -0.200467318
v -0.303602075 0.054205227 -0.172217066
v -0.347115488 0.034409691 -0.119856471
v -0.353582805 0.044184077 -0.142984276
v -0.347115488 0.034409691 -0.119856471
v -0.303602075 0.054205227 -0.172217066
v -0.288991229 0.044137646 -0.133965642
v -0.353582805 0.044184077 -0.142984276
v -0.391235108 0.030030315 -0.107764681
v -0.397264440 0.035950738 -0.118064942
v -0.391235108 0.030030315 -0.107764681
v -0.353582805 0.044184077 -0.142984276
v -0.347115488 0.034409691 -0.119856471
v -0.288991229 0.044137646 -0.133965642
v -0.346160051 0.001121916 -0.139225183
v -0.347115488 0.034409691 -0.119856471
v -0.346160051 0.001121916 -0.139225183
v -0.288991229 0.044137646 -0.133965642
v -0.287448363 -0.000643280 -0.158267315
v -0.347115488 0.034409691 -0.119856471
v -0.394535271 0.007866404 -0.122004158
v -0.391235108 0.030030315 -0.107764681
v -0.394535271 0.007866404 -0.122004158
v -0.347115488 0.034409691 -0.119856471
v -0.346160051 0.001121916 -0.139225183
v -0.287448363 -0.000643280 -0.158267315
v -0.351248042 0.009382440 -0.157903215
v -0.346160051 0.001121916 -0.139225183
v -0.351248042 0.009382440 -0.157903215
v -0.287448363 -0.000643280 -0.158267315
v -0.300164665 0.020598093 -0.186807320
v -0.346160051 0.001121916 -0.139225183
v -0.399318124 0.013422749 -0.130484476
v -0.394535271 0.007866404 -0.122004158
v -0.399318124 0.013422749 -0.130484476
v -0.346160051 0.001121916 -0.139225183
v -0.351248042 0.009382440 -0.157903215
v -0.300164665 0.020598093 -0.186807320
v -0.353582805 0.044184077 -0.142984276
v -0.351248042 0.009382440 -0.157903215
v -0.353582805 0.044184077 -0.142984276
v -0.300164665 0.020598093 -0.186807320
v -0.303602075 0.054205227 -0.172217066
v -0.351248042 0.009382440 -0.157903215
v -0.397264440 0.035950738 -0.118064942
v -0.399318124 0.013422749 -0.130484476
v -0.397264440 0.035950738 -0.118064942
v -0.351248042 0.009382440 -0.157903215
v -0.353582805 0.044184077 -0.142984276
v -0.504784456 0.035913099 -0.051442189
v -0.498822545 0.000332212 -0.079952451
v -0.505728184 0.005552726 -0.083886770
v -0.498822545 0.000332212 -0.079952451
v -0.504784456 0.035913099 -0.051442189
v -0.497465273 0.030442992 -0.046851552
v -0.456076317 0.040728264 -0.043488663
v -0.466064961 0.044459047 -0.051792389
v -0.456410253 0.049838513 -0.046105176
v -0.466064961 0.044459047 -0.051792389
v -0.456076317 0.040728264 -0.043488663
v -0.464716581 0.037967245 -0.045878988
v -0.426937214 -0.000488965 -0.114392226
v -0.444928455 0.035911377 -0.072170368
v -0.413522332 0.030580852 -0.081080735
v -0.444928455 0.035911377 -0.072170368
v -0.426937214 -0.000488965 -0.114392226
v -0.466460496 -0.003241868 -0.099125760
v -0.426937214 -0.000488965 -0.114392226
v -0.473023818 0.002341573 -0.103446713
v -0.466460496 -0.003241868 -0.099125760
v -0.473023818 0.002341573 -0.103446713
v -0.426937214 -0.000488965 -0.114392226
v -0.436188357 0.012658134 -0.127096869
v -0.424307138 0.048929988 -0.095754939
v -0.473023818 0.002341573 -0.103446713
v -0.436188357 0.012658134 -0.127096869
v -0.473023818 0.002341573 -0.103446713
v -0.424307138 0.048929988 -0.095754939
v -0.458034985 0.042465909 -0.080892389
v -0.277214327 0.024778444 -0.191310654
v -0.303602075 0.054205227 -0.172217066
v -0.300164665 0.020598093 -0.186807320
v -0.303602075 0.054205227 -0.172217066
v -0.277214327 0.024778444 -0.191310654
v -0.282951581 0.050677719 -0.179066503
v -0.282951581 0.050677719 -0.179066503
v -0.288991229 0.044137646 -0.133965642
v -0.303602075 0.054205227 -0.172217066
v -0.288991229 0.044137646 -0.133965642
v -0.282951581 0.050677719 -0.179066503
v -0.266808525 0.044426022 -0.147673349
v -0.264122775 0.007364919 -0.170560219
v -0.288991229 0.044137646 -0.133965642
v -0.266808525 0.044426022 -0.147673349
v -0.288991229 0.044137646 -0.133965642
v -0.264122775 0.007364919 -0.170560219
v -0.287448363 -0.000643280 -0.158267315
v -0.287448363 -0.000643280 -0.158267315
v -0.277214327 0.024778444 -0.191310654
v -0.300164665 0.020598093 -0.186807320
v -0.277214327 0.024778444 -0.191310654
v -0.287448363 -0.000643280 -0.158267315
v -0.264122775 0.007364919 -0.170560219
v -0.150192882 0.033504479 -0.256722101
v -0.154327272 0.049327577 -0.252295284
v -0.192950664 0.043702955 -0.229476392
v -0.154327272 0.049327577 -0.252295284
v -0.116215134 0.048003977 -0.263010188
v -0.121395933 0.060540655 -0.260353751
v -0.116215134 0.048003977 -0.263010188
v -0.154327272 0.049327577 -0.252295284
v -0.150192882 0.033504479 -0.256722101
v -0.070851848 0.045252476 -0.131706206
v -0.070720971 0.031929631 -0.167524023
v -0.092604205 0.034201802 -0.168301043
v -0.070720971 0.031929631 -0.167524023
v -0.070851848 0.045252476 -0.131706206
v -0.055626759 0.036315347 -0.135388603
v -0.116215134 0.048003977 -0.263010188
v -0.089755303 0.054536033 -0.283258616
v -0.092761694 0.068853407 -0.279280811
v -0.152673901 0.070391322 -0.237164866
v -0.111488402 0.093025891 -0.229386783
v -0.144575460 0.071749955 -0.217168878
v -0.111488402 0.093025891 -0.229386783
v -0.152673901 0.070391322 -0.237164866
v -0.122447383 0.077366163 -0.244996542
v -0.189151848 0.066498583 -0.213281076
v -0.152673901 0.070391322 -0.237164866
v -0.144575460 0.071749955 -0.217168878
v -0.120214802 0.026562469 -0.251649894
v -0.091804364 0.023324471 -0.213568268
v -0.098113377 0.028803244 -0.255568856
v -0.091804364 0.023324471 -0.213568268
v -0.058658242 0.027625029 -0.267303930
v -0.098113377 0.028803244 -0.255568856
v -0.058658242 0.027625029 -0.267303930
v -0.091804364 0.023324471 -0.213568268
v -0.040611223 0.021848085 -0.216818119
v -0.150192882 0.033504479 -0.256722101
v -0.120214802 0.026562469 -0.251649894
v -0.116215134 0.048003977 -0.263010188
v -0.147600056 0.019450765 -0.219871676
v -0.127476168 0.029737010 -0.213939983
v -0.120214802 0.026562469 -0.251649894
v -0.145622134 0.018446199 -0.208771228
v -0.109230210 0.077436009 -0.194763219
v -0.123016460 0.037056089 -0.204456185
v -0.109230210 0.077436009 -0.194763219
v -0.145622134 0.018446199 -0.208771228
v -0.134919924 0.061343907 -0.200952659
v -0.101227899 0.102485015 -0.209368195
v -0.109230210 0.077436009 -0.194763219
v -0.134919924 0.061343907 -0.200952659
v -0.084634261 0.098542560 -0.153277417
v -0.071332853 0.095480483 -0.138332809
v -0.089658825 0.082075787 -0.162163885
v -0.090842256 0.059880661 -0.158915618
v -0.075785229 0.061048701 -0.136391952
v -0.093434446 0.044393620 -0.161708324
v -0.397264440 0.035950738 -0.118064942
v -0.413522332 0.030580852 -0.081080735
v -0.424307138 0.048929988 -0.095754939
v -0.413522332 0.030580852 -0.081080735
v -0.397264440 0.035950738 -0.118064942
v -0.391235108 0.030030315 -0.107764681
v -0.397264440 0.035950738 -0.118064942
v -0.436188357 0.012658134 -0.127096869
v -0.399318124 0.013422749 -0.130484476
v -0.436188357 0.012658134 -0.127096869
v -0.397264440 0.035950738 -0.118064942
v -0.424307138 0.048929988 -0.095754939
v -0.399318124 0.013422749 -0.130484476
v -0.426937214 -0.000488965 -0.114392226
v -0.394535271 0.007866404 -0.122004158
v -0.426937214 -0.000488965 -0.114392226
v -0.399318124 0.013422749 -0.130484476
v -0.436188357 0.012658134 -0.127096869
v -0.426937214 -0.000488965 -0.114392226
v -0.391235108 0.030030315 -0.107764681
v -0.394535271 0.007866404 -0.122004158
v -0.391235108 0.030030315 -0.107764681
v -0.426937214 -0.000488965 -0.114392226
v -0.413522332 0.030580852 -0.081080735
v -0.089755303 0.054536033 -0.283258616
v -0.093262727 0.047722920 -0.307030204
v -0.092761694 0.068853407 -0.279280811
v -0.093262727 0.047722920 -0.307030204
v -0.089755303 0.054536033 -0.283258616
v -0.078638943 0.038063471 -0.309747992
v -0.067297289 0.048963631 -0.293883612
v -0.078638943 0.038063471 -0.309747992
v -0.089755303 0.054536033 -0.283258616
v -0.078638943 0.038063471 -0.309747992
v -0.067297289 0.048963631 -0.293883612
v -0.058831893 0.042283619 -0.317679845
v -0.466460496 -0.003241868 -0.099125760
v -0.497465273 0.030442992 -0.046851552
v -0.444928455 0.035911377 -0.072170368
v -0.497465273 0.030442992 -0.046851552
v -0.466460496 -0.003241868 -0.099125760
v -0.498822545 0.000332212 -0.079952451
v -0.444928455 0.035911377 -0.072170368
v -0.504784456 0.035913099 -0.051442189
v -0.458034985 0.042465909 -0.080892389
v -0.504784456 0.035913099 -0.051442189
v -0.444928455 0.035911377 -0.072170368
v -0.497465273 0.030442992 -0.046851552
v -0.504784456 0.035913099 -0.051442189
v -0.473023818 0.002341573 -0.103446713
v -0.458034985 0.042465909 -0.080892389
v -0.473023818 0.002341573 -0.103446713
v -0.504784456 0.035913099 -0.051442189
v -0.505728184 0.005552726 -0.083886770
v -0.505728184 0.005552726 -0.083886770
v -0.466460496 -0.003241868 -0.099125760
v -0.473023818 0.002341573 -0.103446713
v -0.466460496 -0.003241868 -0.099125760
v -0.505728184 0.005552726 -0.083886770
v -0.498822545 0.000332212 -0.079952451
v -0.424307138 0.048929988 -0.095754939
v -0.439537721 0.038909100 -0.054902120
v -0.444345293 0.052812338 -0.060189326
v -0.439537721 0.038909100 -0.054902120
v -0.424307138 0.048929988 -0.095754939
v -0.413522332 0.030580852 -0.081080735
v -0.439537721 0.038909100 -0.054902120
v -0.444928455 0.035911377 -0.072170368
v -0.452870448 0.036700418 -0.062062372
v -0.444928455 0.035911377 -0.072170368
v -0.439537721 0.038909100 -0.054902120
v -0.413522332 0.030580852 -0.081080735
v -0.444928455 0.035911377 -0.072170368
v -0.453581942 0.043450124 -0.076364712
v -0.452870448 0.036700418 -0.062062372
v -0.453581942 0.043450124 -0.076364712
v -0.444928455 0.035911377 -0.072170368
v -0.458034985 0.042465909 -0.080892389
v -0.453581942 0.043450124 -0.076364712
v -0.424307138 0.048929988 -0.095754939
v -0.444345293 0.052812338 -0.060189326
v -0.424307138 0.048929988 -0.095754939
v -0.453581942 0.043450124 -0.076364712
v -0.458034985 0.042465909 -0.080892389
v -0.444345293 0.052812338 -0.060189326
v -0.456076317 0.040728264 -0.043488663
v -0.456410253 0.049838513 -0.046105176
v -0.456076317 0.040728264 -0.043488663
v -0.444345293 0.052812338 -0.060189326
v -0.439537721 0.038909100 -0.054902120
v -0.439537721 0.038909100 -0.054902120
v -0.464716581 0.037967245 -0.045878988
v -0.456076317 0.040728264 -0.043488663
v -0.464716581 0.037967245 -0.045878988
v -0.439537721 0.038909100 -0.054902120
v -0.452870448 0.036700418 -0.062062372
v -0.452870448 0.036700418 -0.062062372
v -0.466064961 0.044459047 -0.051792389
v -0.464716581 0.037967245 -0.045878988
v -0.466064961 0.044459047 -0.051792389
v -0.452870448 0.036700418 -0.062062372
v -0.453581942 0.043450124 -0.076364712
v -0.453581942 0.043450124 -0.076364712
v -0.456410253 0.049838513 -0.046105176
v -0.466064961 0.044459047 -0.051792389
v -0.456410253 0.049838513 -0.046105176
v -0.453581942 0.043450124 -0.076364712
v -0.444345293 0.052812338 -0.060189326
v -0.153314467 0.067430108 0.485228019
v -0.157253662 0.114967750 0.514356934
v -0.163684790 0.066334838 0.504337661
v -0.157253662 0.114967750 0.514356934
v -0.153314467 0.067430108 0.485228019
v -0.152927498 0.111562419 0.497111151
v -0.061581670 0.023022407 0.471861332
v -0.090202556 0.043179054 0.505335179
v -0.085242100 0.052839258 0.483774503
v -0.090202556 0.043179054 0.505335179
v -0.061581670 0.023022407 0.471861332
v -0.065959121 0.013639144 0.502169288
v -0.084692417 0.030042914 0.433367161
v -0.092976936 0.002144280 0.462092925
v -0.061581670 0.023022407 0.471861332
v -0.092976936 0.002144280 0.462092925
v -0.084692417 0.030042914 0.433367161
v -0.100792393 0.025035280 0.426676202
v -0.116572689 0.021177695 0.499060974
v -0.092976936 0.002144280 0.462092925
v -0.115703221 0.029102059 0.466715481
v -0.092976936 0.002144280 0.462092925
v -0.116572689 0.021177695 0.499060974
v -0.092540470 -0.004575183 0.496438169
v -0.105741659 0.069709646 0.437428318
v -0.153314467 0.067430108 0.485228019
v -0.108979232 0.045470908 0.434379208
v -0.153314467 0.067430108 0.485228019
v -0.105741659 0.069709646 0.437428318
v -0.152927498 0.111562419 0.497111151
v -0.090202556 0.043179054 0.505335179
v -0.130600366 0.115110544 0.502702300
v -0.085242100 0.052839258 0.483774503
v -0.130600366 0.115110544 0.502702300
v -0.090202556 0.043179054 0.505335179
v -0.134461066 0.119135082 0.517049062
v -0.090202556 0.043179054 0.505335179
v -0.163684790 0.066334838 0.504337661
v -0.134461066 0.119135082 0.517049062
v -0.163684790 0.066334838 0.504337661
v -0.090202556 0.043179054 0.505335179
v -0.116572689 0.021177695 0.499060974
v -0.116572689 0.021177695 0.499060974
v -0.153314467 0.067430108 0.485228019
v -0.163684790 0.066334838 0.504337661
v -0.153314467 0.067430108 0.485228019
v -0.116572689 0.021177695 0.499060974
v -0.115703221 0.029102059 0.466715481
v -0.032982784 0.113999005 -0.006581880
v -0.008769239 0.090796365 0.040846266
v -0.065791029 0.117923294 0.041137862
v -0.067505450 0.110071081 -0.012700171
v -0.032982784 0.113999005 -0.006581880
v -0.065791029 0.117923294 0.041137862
v -0.065791029 0.117923294 0.041137862
v -0.030545907 0.098465560 0.144184265
v -0.081259153 0.107937404 0.139952619
v -0.081259153 0.107937404 0.139952619
v -0.057366220 0.083597112 0.235771749
v -0.087575479 0.095134777 0.231366746
v -0.057366220 0.083597112 0.235771749
v -0.081259153 0.107937404 0.139952619
v -0.030545907 0.098465560 0.144184265
v -0.087575479 0.095134777 0.231366746
v -0.060368486 0.073292819 0.306308485
v -0.090125953 0.080409654 0.271314438
v -0.060368486 0.073292819 0.306308485
v -0.087575479 0.095134777 0.231366746
v -0.057366220 0.083597112 0.235771749
v -0.060368486 0.073292819 0.306308485
v -0.096331650 0.074234962 0.353369704
v -0.090125953 0.080409654 0.271314438
v -0.096331650 0.074234962 0.353369704
v -0.060368486 0.073292819 0.306308485
v -0.074503934 0.063415238 0.362976555
v -0.074503934 0.063415238 0.362976555
v -0.105741659 0.069709646 0.437428318
v -0.096331650 0.074234962 0.353369704
v -0.105741659 0.069709646 0.437428318
v -0.074503934 0.063415238 0.362976555
v -0.090320318 0.055214264 0.450287096
v -0.105741659 0.069709646 0.437428318
v -0.130600366 0.115110544 0.502702300
v -0.152927498 0.111562419 0.497111151
v -0.130600366 0.115110544 0.502702300
v -0.105741659 0.069709646 0.437428318
v -0.090320318 0.055214264 0.450287096
v -0.152927498 0.111562419 0.497111151
v -0.134461066 0.119135082 0.517049062
v -0.157253662 0.114967750 0.514356934
v -0.134461066 0.119135082 0.517049062
v -0.152927498 0.111562419 0.497111151
v -0.130600366 0.115110544 0.502702300
v -0.130600366 0.115110544 0.502702300
v -0.090320318 0.055214264 0.450287096
v -0.085242100 0.052839258 0.483774503
v -0.090320318 0.055214264 0.450287096
v -0.061581670 0.023022407 0.471861332
v -0.085242100 0.052839258 0.483774503
v -0.061581670 0.023022407 0.471861332
v -0.090320318 0.055214264 0.450287096
v -0.084692417 0.030042914 0.433367161
v -0.092976936 0.002144280 0.462092925
v -0.065959121 0.013639144 0.502169288
v -0.061581670 0.023022407 0.471861332
v -0.065959121 0.013639144 0.502169288
v -0.092976936 0.002144280 0.462092925
v -0.092540470 -0.004575183 0.496438169
v -0.100792393 0.025035280 0.426676202
v -0.115703221 0.029102059 0.466715481
v -0.092976936 0.002144280 0.462092925
v -0.115703221 0.029102059 0.466715481
v -0.100792393 0.025035280 0.426676202
v -0.108979232 0.045470908 0.434379208
v -0.115703221 0.029102059 0.466715481
v -0.108979232 0.045470908 0.434379208
v -0.153314467 0.067430108 0.485228019
v -0.071823774 0.094075415 -0.065285748
v -0.067505450 0.110071081 -0.012700171
v -0.080159362 0.092554544 -0.038847452
v -0.080159362 0.092554544 -0.038847452
v -0.067505450 0.110071081 -0.012700171
v -0.089950371 0.088321731 -0.003498827
v -0.008769239 0.090796365 0.040846266
v 0.008531579 0.109268860 0.033834856
v -0.000674396 0.075701704 0.052971942
v -0.109970632 0.057173924 -0.320226209
v -0.103070883 0.084138828 -0.312159256
v -0.091781394 0.067471498 -0.304284979
v -0.103070883 0.084138828 -0.312159256
v -0.109970632 0.057173924 -0.320226209
v -0.115127822 0.078408183 -0.315979497
v -0.096628917 0.034105868 -0.329042545
v -0.078638943 0.038063471 -0.309747992
v -0.079958934 0.022950896 -0.334263334
v -0.078638943 0.038063471 -0.309747992
v -0.096628917 0.034105868 -0.329042545
v -0.093262727 0.047722920 -0.307030204
v -0.120217878 0.020742615 -0.430559926
v -0.111675705 0.062540387 -0.447541747
v -0.131067759 0.056259373 -0.431294215
v -0.111675705 0.062540387 -0.447541747
v -0.120217878 0.020742615 -0.430559926
v -0.111673137 0.062535830 -0.447542975
v -0.144586400 0.077342135 -0.392814045
v -0.138923353 0.065170070 -0.417753908
v -0.137362862 0.092778366 -0.397731925
v -0.109970632 0.057173924 -0.320226209
v -0.128695267 0.066708169 -0.341145289
v -0.115127822 0.078408183 -0.315979497
v -0.128695267 0.066708169 -0.341145289
v -0.109970632 0.057173924 -0.320226209
v -0.118818257 0.039990896 -0.340729751
v -0.104198158 0.048283520 -0.325480528
v -0.118818257 0.039990896 -0.340729751
v -0.109970632 0.057173924 -0.320226209
v -0.118818257 0.039990896 -0.340729751
v -0.104198158 0.048283520 -0.325480528
v -0.114951385 0.014198289 -0.364075625
v -0.127887313 0.029553881 -0.374976357
v -0.140156793 0.045216235 -0.417608958
v -0.141922377 0.052001917 -0.379842548
v -0.140156793 0.045216235 -0.417608958
v -0.127887313 0.029553881 -0.374976357
v -0.128281262 0.020837057 -0.411231480
v -0.127887313 0.029553881 -0.374976357
v -0.109519180 -0.002658755 -0.402861582
v -0.128281262 0.020837057 -0.411231480
v -0.079958934 0.022950896 -0.334263334
v -0.108558633 0.010626872 -0.363715894
v -0.096628917 0.034105868 -0.329042545
v -0.108558633 0.010626872 -0.363715894
v -0.079958934 0.022950896 -0.334263334
v -0.085281246 0.002616297 -0.360692529
v -0.050289710 0.011049201 -0.367260486
v -0.090699623 -0.007591963 -0.401430411
v -0.085281246 0.002616297 -0.360692529
v -0.090699623 -0.007591963 -0.401430411
v -0.050289710 0.011049201 -0.367260486
v -0.058346917 0.001353877 -0.409185746
v -0.104198158 0.048283520 -0.325480528
v -0.109970632 0.057173924 -0.320226209
v -0.091781394 0.067471498 -0.304284979
v -0.140156793 0.045216235 -0.417608958
v -0.138923353 0.065170070 -0.417753908
v -0.144586400 0.077342135 -0.392814045
v -0.138473038 0.058760491 -0.359683787
v -0.139293223 0.087453323 -0.359573414
v -0.130307678 0.088970255 -0.338247118
v -0.115127822 0.078408183 -0.315979497
v -0.115472970 0.107793919 -0.314342022
v -0.103070883 0.084138828 -0.312159256
v -0.115472970 0.107793919 -0.314342022
v -0.093289168 0.104961929 -0.313149261
v -0.103070883 0.084138828 -0.312159256
v -0.093289168 0.104961929 -0.313149261
v -0.115472970 0.107793919 -0.314342022
v -0.108990738 0.126488982 -0.317742880
v -0.131067759 0.056259373 -0.431294215
v -0.138923353 0.065170070 -0.417753908
v -0.140156793 0.045216235 -0.417608958
v -0.120217878 0.020742615 -0.430559926
v -0.109519180 -0.002658755 -0.402861582
v -0.104952426 0.003015331 -0.423148696
v -0.109519180 -0.002658755 -0.402861582
v -0.120217878 0.020742615 -0.430559926
v -0.128281262 0.020837057 -0.411231480
v -0.090699623 -0.007591963 -0.401430411
v -0.072657004 0.010936284 -0.432519104
v -0.104952426 0.003015331 -0.423148696
v -0.072657004 0.010936284 -0.432519104
v -0.090699623 -0.007591963 -0.401430411
v -0.058346917 0.001353877 -0.409185746
v -0.140156793 0.045216235 -0.417608958
v -0.128281262 0.020837057 -0.411231480
v -0.120217878 0.020742615 -0.430559926
v -0.058831893 0.042283619 -0.317679845
v -0.079958934 0.022950896 -0.334263334
v -0.078638943 0.038063471 -0.309747992
v -0.079958934 0.022950896 -0.334263334
v -0.058831893 0.042283619 -0.317679845
v -0.054403116 0.031416111 -0.340369317
v -0.054403116 0.031416111 -0.340369317
v -0.085281246 0.002616297 -0.360692529
v -0.079958934 0.022950896 -0.334263334
v -0.085281246 0.002616297 -0.360692529
v -0.054403116 0.031416111 -0.340369317
v -0.050289710 0.011049201 -0.367260486
v -0.090699623 -0.007591963 -0.401430411
v -0.108558633 0.010626872 -0.363715894
v -0.085281246 0.002616297 -0.360692529
v -0.108558633 0.010626872 -0.363715894
v -0.090699623 -0.007591963 -0.401430411
v -0.109519180 -0.002658755 -0.402861582
v -0.104952426 0.003015331 -0.423148696
v -0.109519180 -0.002658755 -0.402861582
v -0.090699623 -0.007591963 -0.401430411
v -0.119548616 0.012152618 -0.358255368
v -0.123970944 0.024408354 -0.363654634
v -0.122720656 0.037138881 -0.344331678
v -0.123970944 0.024408354 -0.363654634
v -0.119548616 0.012152618 -0.358255368
v -0.124226149 0.014715023 -0.371803945
v -0.118818257 0.039990896 -0.340729751
v -0.119548616 0.012152618 -0.358255368
v -0.122720656 0.037138881 -0.344331678
v -0.119548616 0.012152618 -0.358255368
v -0.118818257 0.039990896 -0.340729751
v -0.114951385 0.014198289 -0.364075625
v -0.114951385 0.014198289 -0.364075625
v -0.124226149 0.014715023 -0.371803945
v -0.119548616 0.012152618 -0.358255368
v -0.124226149 0.014715023 -0.371803945
v -0.114951385 0.014198289 -0.364075625
v -0.127887313 0.029553881 -0.374976357
v -0.127887313 0.029553881 -0.374976357
v -0.123970944 0.024408354 -0.363654634
v -0.124226149 0.014715023 -0.371803945
v -0.123970944 0.024408354 -0.363654634
v -0.127887313 0.029553881 -0.374976357
v -0.130356095 0.041059375 -0.359761990
v -0.130356095 0.041059375 -0.359761990
v -0.122720656 0.037138881 -0.344331678
v -0.123970944 0.024408354 -0.363654634
v -0.122720656 0.037138881 -0.344331678
v -0.130356095 0.041059375 -0.359761990
v -0.118818257 0.039990896 -0.340729751
v -0.140648087 0.076414760 -0.380279114
v -0.138473038 0.058760491 -0.359683787
v -0.141922377 0.052001917 -0.379842548
v -0.138473038 0.058760491 -0.359683787
v -0.140648087 0.076414760 -0.380279114
v -0.139293223 0.087453323 -0.359573414
v -0.138473038 0.058760491 -0.359683787
v -0.127887313 0.029553881 -0.374976357
v -0.141922377 0.052001917 -0.379842548
v -0.127887313 0.029553881 -0.374976357
v -0.138473038 0.058760491 -0.359683787
v -0.130356095 0.041059375 -0.359761990
v -0.091781394 0.067471498 -0.304284979
v -0.092761694 0.068853407 -0.279280811
v -0.093262727 0.047722920 -0.307030204
v -0.092761694 0.068853407 -0.279280811
v -0.091781394 0.067471498 -0.304284979
v -0.078589640 0.078228505 -0.272088476
v -0.092761694 0.068853407 -0.279280811
v -0.121395933 0.060540655 -0.260353751
v -0.116215134 0.048003977 -0.263010188
v -0.093262727 0.047722920 -0.307030204
v -0.104198158 0.048283520 -0.325480528
v -0.091781394 0.067471498 -0.304284979
v -0.104198158 0.048283520 -0.325480528
v -0.093262727 0.047722920 -0.307030204
v -0.096628917 0.034105868 -0.329042545
v -0.096628917 0.034105868 -0.329042545
v -0.114951385 0.014198289 -0.364075625
v -0.104198158 0.048283520 -0.325480528
v -0.114951385 0.014198289 -0.364075625
v -0.096628917 0.034105868 -0.329042545
v -0.108558633 0.010626872 -0.363715894
v -0.081763579 0.095778281 -0.240895252
v -0.078589640 0.078228505 -0.272088476
v -0.054205853 0.094832627 -0.266053787
v -0.032982784 0.113999005 -0.006581880
v 0.007070275 0.106656351 -0.058698693
v 0.008415151 0.109260198 -0.000236599
v 0.007070275 0.106656351 -0.058698693
v -0.032982784 0.113999005 -0.006581880
v -0.044196063 0.112491690 -0.056702467
v -0.019358644 0.009073521 -0.031871664
v -0.064758418 0.005739877 -0.007083241
v -0.022193985 -0.001609358 0.002452263
v -0.064758418 0.005739877 -0.007083241
v -0.019358644 0.009073521 -0.031871664
v -0.060348805 0.014375000 -0.050941464
v -0.064758418 0.005739877 -0.007083241
v -0.019364064 0.008231846 0.035956638
v -0.022193985 -0.001609358 0.002452263
v -0.019364064 0.008231846 0.035956638
v -0.064758418 0.005739877 -0.007083241
v -0.056139198 0.020691996 0.039634911
v -0.019364064 0.008231846 0.035956638
v -0.033513643 0.034657356 0.060551680
v -0.017485290 0.014931888 0.044461693
v -0.033513643 0.034657356 0.060551680
v -0.019364064 0.008231846 0.035956638
v -0.056139198 0.020691996 0.039634911
v -0.067297289 0.048963631 -0.293883612
v -0.098113377 0.028803244 -0.255568856
v -0.058658242 0.027625029 -0.267303930
v -0.017485290 0.014931888 0.044461693
v -0.033513643 0.034657356 0.060551680
v -0.000674396 0.075701704 0.052971942
v -0.033513643 0.034657356 0.060551680
v -0.008769239 0.090796365 0.040846266
v -0.000674396 0.075701704 0.052971942
v -0.126639908 0.107588768 -0.341126897
v -0.125672639 0.109762939 -0.360999587
v -0.124082371 0.115711884 -0.344259516
v -0.138923353 0.065170070 -0.417753908
v -0.117895879 0.075286580 -0.441314585
v -0.122227921 0.088980107 -0.427789631
v -0.117895879 0.075286580 -0.441314585
v -0.138923353 0.065170070 -0.417753908
v -0.131067759 0.056259373 -0.431294215
v -0.139293223 0.087453323 -0.359573414
v -0.129111446 0.098843788 -0.384580993
v -0.125672639 0.109762939 -0.360999587
v -0.129111446 0.098843788 -0.384580993
v -0.139293223 0.087453323 -0.359573414
v -0.140648087 0.076414760 -0.380279114
v 0.001617895 0.112795905 -0.111978741
v -0.044196063 0.112491690 -0.056702467
v -0.035751798 0.114104288 -0.105314067
v -0.044196063 0.112491690 -0.056702467
v 0.001617895 0.112795905 -0.111978741
v 0.007070275 0.106656351 -0.058698693
v -0.035751798 0.114104288 -0.105314067
v -0.071823774 0.094075415 -0.065285748
v -0.060295122 0.091568869 -0.101252447
v -0.071823774 0.094075415 -0.065285748
v -0.035751798 0.114104288 -0.105314067
v -0.044196063 0.112491690 -0.056702467
v -0.060295122 0.091568869 -0.101252447
v -0.072859526 0.058423156 -0.073880277
v -0.062158091 0.059714244 -0.094777461
v -0.072859526 0.058423156 -0.073880277
v -0.060295122 0.091568869 -0.101252447
v -0.071823774 0.094075415 -0.065285748
v -0.072859526 0.058423156 -0.073880277
v -0.043381802 0.035597234 -0.095348466
v -0.062158091 0.059714244 -0.094777461
v -0.043381802 0.035597234 -0.095348466
v -0.072859526 0.058423156 -0.073880277
v -0.050876131 0.030908347 -0.078424406
v -0.050876131 0.030908347 -0.078424406
v -0.010426411 0.028488903 -0.100577473
v -0.043381802 0.035597234 -0.095348466
v -0.010426411 0.028488903 -0.100577473
v -0.050876131 0.030908347 -0.078424406
v -0.012287920 0.025725139 -0.068549346
v -0.092761694 0.068853407 -0.279280811
v -0.078589640 0.078228505 -0.272088476
v -0.121395933 0.060540655 -0.260353751
v -0.078589640 0.078228505 -0.272088476
v -0.122447383 0.077366163 -0.244996542
v -0.121395933 0.060540655 -0.260353751
v -0.122447383 0.077366163 -0.244996542
v -0.154327272 0.049327577 -0.252295284
v -0.121395933 0.060540655 -0.260353751
v -0.154327272 0.049327577 -0.252295284
v -0.122447383 0.077366163 -0.244996542
v -0.152673901 0.070391322 -0.237164866
v -0.189151848 0.066498583 -0.213281076
v -0.154327272 0.049327577 -0.252295284
v -0.152673901 0.070391322 -0.237164866
v -0.154327272 0.049327577 -0.252295284
v -0.189151848 0.066498583 -0.213281076
v -0.192950664 0.043702955 -0.229476392
v -0.192950664 0.043702955 -0.229476392
v -0.189151848 0.066498583 -0.213281076
v -0.237697106 0.063317386 -0.200467318
v -0.238020148 0.026436723 -0.214971674
v -0.190325461 0.030153814 -0.227374866
v -0.192950664 0.043702955 -0.229476392
v -0.065791029 0.117923294 0.041137862
v -0.008769239 0.090796365 0.040846266
v -0.030545907 0.098465560 0.144184265
v -0.144586400 0.077342135 -0.392814045
v -0.140648087 0.076414760 -0.380279114
v -0.141922377 0.052001917 -0.379842548
v -0.129111446 0.098843788 -0.384580993
v -0.144586400 0.077342135 -0.392814045
v -0.137362862 0.092778366 -0.397731925
v -0.144586400 0.077342135 -0.392814045
v -0.129111446 0.098843788 -0.384580993
v -0.140648087 0.076414760 -0.380279114
v -0.144586400 0.077342135 -0.392814045
v -0.141922377 0.052001917 -0.379842548
v -0.140156793 0.045216235 -0.417608958
v -0.163684790 0.066334838 0.504337661
v -0.157253662 0.114967750 0.514356934
v -0.134461066 0.119135082 0.517049062
v -0.115472970 0.107793919 -0.314342022
v -0.123118621 0.106563414 -0.335314748
v -0.121691413 0.117867749 -0.337210892
v -0.130307678 0.088970255 -0.338247118
v -0.128695267 0.066708169 -0.341145289
v -0.138473038 0.058760491 -0.359683787
v -0.115472970 0.107793919 -0.314342022
v -0.115127822 0.078408183 -0.315979497
v -0.130307678 0.088970255 -0.338247118
v -0.121691413 0.117867749 -0.337210892
v -0.123118621 0.106563414 -0.335314748
v -0.120602080 0.114808781 -0.338514305
v -0.125672639 0.109762939 -0.360999587
v -0.125772343 0.127268428 -0.365056224
v -0.120011944 0.121824786 -0.358689734
v -0.124511635 0.116200567 -0.341767415
v -0.123118621 0.106563414 -0.335314748
v -0.126639908 0.107588768 -0.341126897
v -0.115128044 0.123422461 -0.341439751
v -0.121691413 0.117867749 -0.337210892
v -0.120602080 0.114808781 -0.338514305
v -0.121691413 0.117867749 -0.337210892
v -0.115128044 0.123422461 -0.341439751
v -0.115602744 0.125500819 -0.338855397
v -0.121691413 0.117867749 -0.337210892
v -0.108990738 0.126488982 -0.317742880
v -0.115472970 0.107793919 -0.314342022
v -0.130307678 0.088970255 -0.338247118
v -0.126639908 0.107588768 -0.341126897
v -0.123118621 0.106563414 -0.335314748
v -0.130307678 0.088970255 -0.338247118
v -0.115127822 0.078408183 -0.315979497
v -0.128695267 0.066708169 -0.341145289
v -0.118818257 0.039990896 -0.340729751
v -0.138473038 0.058760491 -0.359683787
v -0.128695267 0.066708169 -0.341145289
v -0.138473038 0.058760491 -0.359683787
v -0.118818257 0.039990896 -0.340729751
v -0.130356095 0.041059375 -0.359761990
v -0.139293223 0.087453323 -0.359573414
v -0.126639908 0.107588768 -0.341126897
v -0.130307678 0.088970255 -0.338247118
v -0.122227921 0.088980107 -0.427789631
v -0.137362862 0.092778366 -0.397731925
v -0.138923353 0.065170070 -0.417753908
v -0.137362862 0.092778366 -0.397731925
v -0.122227921 0.088980107 -0.427789631
v -0.125397672 0.106790814 -0.403030672
v -0.137362862 0.092778366 -0.397731925
v -0.121665581 0.109354551 -0.387287205
v -0.129111446 0.098843788 -0.384580993
v -0.121665581 0.109354551 -0.387287205
v -0.137362862 0.092778366 -0.397731925
v -0.125397672 0.106790814 -0.403030672
v -0.121665581 0.109354551 -0.387287205
v -0.125672639 0.109762939 -0.360999587
v -0.129111446 0.098843788 -0.384580993
v -0.125672639 0.109762939 -0.360999587
v -0.121665581 0.109354551 -0.387287205
v -0.125772343 0.127268428 -0.365056224
v -0.124082371 0.115711884 -0.344259516
v -0.124511635 0.116200567 -0.341767415
v -0.126639908 0.107588768 -0.341126897
v -0.062158091 0.059714244 -0.094777461
v -0.070851848 0.045252476 -0.131706206
v -0.075785229 0.061048701 -0.136391952
v -0.120340928 0.028059957 -0.205778462
v -0.127476168 0.029737010 -0.213939983
v -0.123016460 0.037056089 -0.204456185
v -0.093434446 0.044393620 -0.161708324
v -0.070851848 0.045252476 -0.131706206
v -0.092604205 0.034201802 -0.168301043
v -0.070851848 0.045252476 -0.131706206
v -0.093434446 0.044393620 -0.161708324
v -0.075785229 0.061048701 -0.136391952
v -0.070851848 0.045252476 -0.131706206
v -0.062158091 0.059714244 -0.094777461
v -0.043381802 0.035597234 -0.095348466
v -0.121691413 0.117867749 -0.337210892
v -0.115602744 0.125500819 -0.338855397
v -0.108990738 0.126488982 -0.317742880
v -0.067297289 0.048963631 -0.293883612
v -0.089755303 0.054536033 -0.283258616
v -0.098113377 0.028803244 -0.255568856
v -0.115128044 0.123422461 -0.341439751
v -0.124511635 0.116200567 -0.341767415
v -0.118566286 0.126287414 -0.345972718
v -0.124511635 0.116200567 -0.341767415
v -0.115128044 0.123422461 -0.341439751
v -0.120602080 0.114808781 -0.338514305
v -0.118566286 0.126287414 -0.345972718
v -0.124082371 0.115711884 -0.344259516
v -0.118763742 0.125016048 -0.348972226
v -0.125672639 0.109762939 -0.360999587
v -0.118763742 0.125016048 -0.348972226
v -0.124082371 0.115711884 -0.344259516
v -0.118763742 0.125016048 -0.348972226
v -0.125672639 0.109762939 -0.360999587
v -0.120011944 0.121824786 -0.358689734
v -0.091804364 0.023324471 -0.213568268
v -0.092604205 0.034201802 -0.168301043
v -0.070720971 0.031929631 -0.167524023
v -0.092604205 0.034201802 -0.168301043
v -0.091804364 0.023324471 -0.213568268
v -0.120340928 0.028059957 -0.205778462
v -0.092604205 0.034201802 -0.168301043
v -0.123016460 0.037056089 -0.204456185
v -0.093434446 0.044393620 -0.161708324
v -0.123016460 0.037056089 -0.204456185
v -0.092604205 0.034201802 -0.168301043
v -0.120340928 0.028059957 -0.205778462
v -0.123016460 0.037056089 -0.204456185
v -0.090842256 0.059880661 -0.158915618
v -0.093434446 0.044393620 -0.161708324
v -0.090842256 0.059880661 -0.158915618
v -0.123016460 0.037056089 -0.204456185
v -0.099366782 0.065382421 -0.187372461
v -0.099366782 0.065382421 -0.187372461
v -0.089658825 0.082075787 -0.162163885
v -0.090842256 0.059880661 -0.158915618
v -0.089658825 0.082075787 -0.162163885
v -0.099366782 0.065382421 -0.187372461
v -0.109230210 0.077436009 -0.194763219
v -0.092639431 0.102158318 -0.180167053
v -0.109230210 0.077436009 -0.194763219
v -0.101227899 0.102485015 -0.209368195
v -0.109230210 0.077436009 -0.194763219
v -0.092639431 0.102158318 -0.180167053
v -0.089658825 0.082075787 -0.162163885
v -0.034258731 0.128575993 -0.154822289
v -0.064345581 0.136218205 -0.169743336
v -0.042025156 0.133863798 -0.177156754
v -0.064345581 0.136218205 -0.169743336
v -0.034258731 0.128575993 -0.154822289
v -0.055376176 0.130112845 -0.143590585
v -0.055376176 0.130112845 -0.143590585
v -0.081138361 0.123237075 -0.161971219
v -0.064345581 0.136218205 -0.169743336
v -0.081138361 0.123237075 -0.161971219
v -0.055376176 0.130112845 -0.143590585
v -0.072279762 0.114292918 -0.142131720
v -0.074473658 0.115823139 -0.212648070
v -0.111488402 0.093025891 -0.229386783
v -0.081763579 0.095778281 -0.240895252
v -0.111488402 0.093025891 -0.229386783
v -0.074473658 0.115823139 -0.212648070
v -0.101227899 0.102485015 -0.209368195
v -0.134919924 0.061343907 -0.200952659
v -0.111488402 0.093025891 -0.229386783
v -0.101227899 0.102485015 -0.209368195
v -0.111488402 0.093025891 -0.229386783
v -0.134919924 0.061343907 -0.200952659
v -0.144575460 0.071749955 -0.217168878
v -0.144575460 0.071749955 -0.217168878
v -0.134919924 0.061343907 -0.200952659
v -0.189151848 0.066498583 -0.213281076
v -0.147600056 0.019450765 -0.219871676
v -0.123016460 0.037056089 -0.204456185
v -0.127476168 0.029737010 -0.213939983
v -0.123016460 0.037056089 -0.204456185
v -0.147600056 0.019450765 -0.219871676
v -0.145622134 0.018446199 -0.208771228
v -0.035407651 0.116404012 -0.220111195
v -0.081763579 0.095778281 -0.240895252
v -0.047210230 0.104083711 -0.249734171
v -0.081763579 0.095778281 -0.240895252
v -0.035407651 0.116404012 -0.220111195
v -0.074473658 0.115823139 -0.212648070
v -0.048615654 0.118324707 -0.137830420
v -0.072279762 0.114292918 -0.142131720
v -0.055376176 0.130112845 -0.143590585
v -0.072279762 0.114292918 -0.142131720
v -0.048615654 0.118324707 -0.137830420
v -0.071332853 0.095480483 -0.138332809
v -0.084634261 0.098542560 -0.153277417
v -0.092639431 0.102158318 -0.180167053
v -0.081138361 0.123237075 -0.161971219
v -0.092639431 0.102158318 -0.180167053
v -0.101227899 0.102485015 -0.209368195
v -0.088427421 0.112525232 -0.191028461
v -0.101227899 0.102485015 -0.209368195
v -0.071448026 0.121926970 -0.198794229
v -0.088427421 0.112525232 -0.191028461
v -0.071448026 0.121926970 -0.198794229
v -0.101227899 0.102485015 -0.209368195
v -0.074473658 0.115823139 -0.212648070
v -0.074473658 0.115823139 -0.212648070
v -0.035407651 0.116404012 -0.220111195
v -0.046102167 0.121407811 -0.198755340
v -0.032511882 0.127369321 -0.182281737
v -0.042025156 0.133863798 -0.177156754
v -0.046102167 0.121407811 -0.198755340
v -0.024784756 0.121982358 -0.160228631
v -0.042025156 0.133863798 -0.177156754
v -0.032511882 0.127369321 -0.182281737
v -0.042025156 0.133863798 -0.177156754
v -0.024784756 0.121982358 -0.160228631
v -0.034258731 0.128575993 -0.154822289
v -0.048615654 0.118324707 -0.137830420
v -0.055376176 0.130112845 -0.143590585
v -0.034258731 0.128575993 -0.154822289
v -0.081138361 0.123237075 -0.161971219
v -0.072279762 0.114292918 -0.142131720
v -0.084634261 0.098542560 -0.153277417
v -0.089658825 0.082075787 -0.162163885
v -0.092639431 0.102158318 -0.180167053
v -0.084634261 0.098542560 -0.153277417
v -0.072279762 0.114292918 -0.142131720
v -0.071332853 0.095480483 -0.138332809
v -0.084634261 0.098542560 -0.153277417
v -0.032982784 0.113999005 -0.006581880
v 0.008415151 0.109260198 -0.000236599
v 0.008531579 0.109268860 0.033834856
v -0.120217878 0.020742615 -0.430559926
v -0.093934762 0.035595674 -0.447352677
v -0.111673137 0.062535830 -0.447542975
v -0.120217878 0.020742615 -0.430559926
v -0.131067759 0.056259373 -0.431294215
v -0.140156793 0.045216235 -0.417608958
v -0.127887313 0.029553881 -0.374976357
v -0.108558633 0.010626872 -0.363715894
v -0.109519180 -0.002658755 -0.402861582
v -0.108558633 0.010626872 -0.363715894
v -0.127887313 0.029553881 -0.374976357
v -0.114951385 0.014198289 -0.364075625
v -0.018557934 0.027722112 -0.145810277
v -0.043381802 0.035597234 -0.095348466
v -0.010426411 0.028488903 -0.100577473
v -0.043381802 0.035597234 -0.095348466
v -0.018557934 0.027722112 -0.145810277
v -0.055626759 0.036315347 -0.135388603
v -0.078589640 0.078228505 -0.272088476
v -0.080964152 0.096260389 -0.304639840
v -0.054205853 0.094832627 -0.266053787
v -0.080964152 0.096260389 -0.304639840
v -0.078589640 0.078228505 -0.272088476
v -0.091781394 0.067471498 -0.304284979
v -0.093934762 0.035595674 -0.447352677
v -0.104952426 0.003015331 -0.423148696
v -0.072657004 0.010936284 -0.432519104
v -0.104952426 0.003015331 -0.423148696
v -0.093934762 0.035595674 -0.447352677
v -0.120217878 0.020742615 -0.430559926
v -0.080964152 0.096260389 -0.304639840
v -0.103070883 0.084138828 -0.312159256
v -0.093289168 0.104961929 -0.313149261
v -0.103070883 0.084138828 -0.312159256
v -0.080964152 0.096260389 -0.304639840
v -0.091781394 0.067471498 -0.304284979
v -0.117895879 0.075286580 -0.441314585
v -0.131067759 0.056259373 -0.431294215
v -0.111675705 0.062540387 -0.447541747
v -0.040611223 0.021848085 -0.216818119
v -0.070720971 0.031929631 -0.167524023
v -0.023699186 0.029448075 -0.172526260
v -0.070720971 0.031929631 -0.167524023
v -0.040611223 0.021848085 -0.216818119
v -0.091804364 0.023324471 -0.213568268
v -0.086276011 0.045640276 0.043965006
v -0.077549317 0.031616003 0.069195612
v -0.033513643 0.034657356 0.060551680
v -0.120214802 0.026562469 -0.251649894
v -0.150192882 0.033504479 -0.256722101
v -0.147600056 0.019450765 -0.219871676
v -0.219076446 0.049477805 -0.166487571
v -0.237697106 0.063317386 -0.200467318
v -0.189151848 0.066498583 -0.213281076
v -0.150192882 0.033504479 -0.256722101
v -0.190325461 0.030153814 -0.227374866
v -0.147600056 0.019450765 -0.219871676
v -0.192950664 0.043702955 -0.229476392
v -0.190325461 0.030153814 -0.227374866
v -0.150192882 0.033504479 -0.256722101
v -0.034258731 0.128575993 -0.154822289
v -0.030776367 0.118580296 -0.148842784
v -0.048615654 0.118324707 -0.137830420
v -0.032511882 0.127369321 -0.182281737
v -0.014841188 0.119650404 -0.165148383
v -0.024784756 0.121982358 -0.160228631
v -0.014841188 0.119650404 -0.165148383
v -0.032511882 0.127369321 -0.182281737
v -0.022527949 0.125137443 -0.186920309
v -0.046102167 0.121407811 -0.198755340
v -0.022527949 0.125137443 -0.186920309
v -0.032511882 0.127369321 -0.182281737
v -0.034258731 0.128575993 -0.154822289
v -0.024784756 0.121982358 -0.160228631
v -0.030776367 0.118580296 -0.148842784
v -0.046102167 0.121407811 -0.198755340
v -0.035407651 0.116404012 -0.220111195
v -0.022527949 0.125137443 -0.186920309
v -0.046102167 0.121407811 -0.198755340
v -0.071448026 0.121926970 -0.198794229
v -0.074473658 0.115823139 -0.212648070
v -0.088427421 0.112525232 -0.191028461
v -0.081138361 0.123237075 -0.161971219
v -0.092639431 0.102158318 -0.180167053
v -0.109230210 0.077436009 -0.194763219
v -0.099366782 0.065382421 -0.187372461
v -0.123016460 0.037056089 -0.204456185
v -0.189151848 0.066498583 -0.213281076
v -0.134919924 0.061343907 -0.200952659
v -0.179752403 0.051531914 -0.186377226
v -0.179752403 0.051531914 -0.186377226
v -0.145622134 0.018446199 -0.208771228
v -0.177091545 0.013012563 -0.203640699
v -0.145622134 0.018446199 -0.208771228
v -0.179752403 0.051531914 -0.186377226
v -0.134919924 0.061343907 -0.200952659
v -0.221976612 0.006146621 -0.187678599
v -0.177091545 0.013012563 -0.203640699
v -0.184188551 0.017592365 -0.216877318
v -0.147600056 0.019450765 -0.219871676
v -0.190325461 0.030153814 -0.227374866
v -0.184188551 0.017592365 -0.216877318
v -0.184188551 0.017592365 -0.216877318
v -0.238020148 0.026436723 -0.214971674
v -0.221976612 0.006146621 -0.187678599
v -0.238020148 0.026436723 -0.214971674
v -0.184188551 0.017592365 -0.216877318
v -0.190325461 0.030153814 -0.227374866
v -0.127476168 0.029737010 -0.213939983
v -0.091804364 0.023324471 -0.213568268
v -0.120214802 0.026562469 -0.251649894
v -0.091804364 0.023324471 -0.213568268
v -0.127476168 0.029737010 -0.213939983
v -0.120340928 0.028059957 -0.205778462
v -0.122447383 0.077366163 -0.244996542
v -0.078589640 0.078228505 -0.272088476
v -0.081763579 0.095778281 -0.240895252
v -0.054205853 0.094832627 -0.266053787
v -0.047210230 0.104083711 -0.249734171
v -0.081763579 0.095778281 -0.240895252
v -0.024757084 0.115943355 -0.147731041
v -0.035751798 0.114104288 -0.105314067
v -0.045290356 0.118540148 -0.136915622
v -0.035751798 0.114104288 -0.105314067
v -0.067172552 0.095478805 -0.132222041
v -0.045290356 0.118540148 -0.136915622
v -0.067172552 0.095478805 -0.132222041
v -0.035751798 0.114104288 -0.105314067
v -0.060295122 0.091568869 -0.101252447
v -0.075785229 0.061048701 -0.136391952
v -0.060295122 0.091568869 -0.101252447
v -0.062158091 0.059714244 -0.094777461
v -0.060295122 0.091568869 -0.101252447
v -0.075785229 0.061048701 -0.136391952
v -0.067172552 0.095478805 -0.132222041
v 0.001617895 0.112795905 -0.111978741
v -0.035751798 0.114104288 -0.105314067
v -0.024757084 0.115943355 -0.147731041
v -0.024757084 0.115943355 -0.147731041
v -0.014841188 0.119650404 -0.165148383
v 0.001617895 0.112795905 -0.111978741
v -0.024784756 0.121982358 -0.160228631
v -0.024757084 0.115943355 -0.147731041
v -0.030776367 0.118580296 -0.148842784
v -0.024757084 0.115943355 -0.147731041
v -0.024784756 0.121982358 -0.160228631
v -0.014841188 0.119650404 -0.165148383
v -0.089658825 0.082075787 -0.162163885
v -0.067172552 0.095478805 -0.132222041
v -0.090842256 0.059880661 -0.158915618
v -0.067172552 0.095478805 -0.132222041
v -0.089658825 0.082075787 -0.162163885
v -0.071332853 0.095480483 -0.138332809
v 0.064784719 0.100315841 0.271676671
v 0.035710842 0.089920533 0.348103301
v 0.021872127 0.102769715 0.271539264
v 0.035710842 0.089920533 0.348103301
v 0.064784719 0.100315841 0.271676671
v 0.066737741 0.087926804 0.353238927
v 0.059510982 0.116659881 0.230242437
v 0.021872127 0.102769715 0.271539264
v 0.023314490 0.117228903 0.216709776
v 0.021872127 0.102769715 0.271539264
v 0.059510982 0.116659881 0.230242437
v 0.064784719 0.100315841 0.271676671
v 0.058048513 0.110540189 0.135283515
v 0.023314490 0.117228903 0.216709776
v 0.011451887 0.108406842 0.121698904
v 0.023314490 0.117228903 0.216709776
v 0.058048513 0.110540189 0.135283515
v 0.059510982 0.116659881 0.230242437
v 0.054546823 0.097103380 0.036747640
v 0.011451887 0.108406842 0.121698904
v 0.015043781 0.099118271 0.031834890
v 0.011451887 0.108406842 0.121698904
v 0.054546823 0.097103380 0.036747640
v 0.058048513 0.110540189 0.135283515
v 0.015043781 0.099118271 0.031834890
v 0.046337620 0.092093605 -0.006847365
v 0.054546823 0.097103380 0.036747640
v 0.041331064 0.080545869 0.420679216
v 0.066737741 0.087926804 0.353238927
v 0.070809145 0.078071577 0.437269725
v 0.066737741 0.087926804 0.353238927
v 0.041331064 0.080545869 0.420679216
v 0.035710842 0.089920533 0.348103301
v 0.045204381 0.015783013 0.349309331
v -0.000386392 0.006511830 0.431923134
v 0.050325329 0.010924766 0.420213881
v -0.000386392 0.006511830 0.431923134
v 0.045204381 0.015783013 0.349309331
v -0.002430289 0.014094799 0.358162678
v -0.004235748 0.021724595 0.291081671
v 0.045204381 0.015783013 0.349309331
v 0.039260750 0.016403951 0.276887394
v 0.045204381 0.015783013 0.349309331
v -0.004235748 0.021724595 0.291081671
v -0.002430289 0.014094799 0.358162678
v -0.004235748 0.021724595 0.291081671
v 0.038478439 0.031694058 0.228036945
v -0.007350952 0.035982237 0.230570066
v 0.038478439 0.031694058 0.228036945
v -0.004235748 0.021724595 0.291081671
v 0.039260750 0.016403951 0.276887394
v -0.003407057 0.027174146 0.138721102
v 0.038478439 0.031694058 0.228036945
v 0.037698368 0.015628326 0.141242780
v 0.038478439 0.031694058 0.228036945
v -0.003407057 0.027174146 0.138721102
v -0.007350952 0.035982237 0.230570066
v 0.037698368 0.015628326 0.141242780
v -0.015645916 0.021263228 0.071617028
v -0.003407057 0.027174146 0.138721102
v -0.037735647 0.108565143 0.275241351
v 0.009594719 0.087946787 0.343706842
v -0.047458995 0.100727611 0.352531376
v 0.009594719 0.087946787 0.343706842
v -0.037735647 0.108565143 0.275241351
v 0.005070502 0.095502703 0.265421721
v -0.043063891 0.119288532 0.222882311
v 0.005070502 0.095502703 0.265421721
v -0.037735647 0.108565143 0.275241351
v 0.005070502 0.095502703 0.265421721
v -0.043063891 0.119288532 0.222882311
v 0.000078004 0.114437997 0.214955492
v -0.026317623 0.126071942 0.129617841
v 0.000078004 0.114437997 0.214955492
v -0.043063891 0.119288532 0.222882311
v 0.000078004 0.114437997 0.214955492
v -0.026317623 0.126071942 0.129617841
v 0.001868933 0.113667540 0.122456660
v -0.007832188 0.111618670 0.034242316
v 0.001868933 0.113667540 0.122456660
v -0.026317623 0.126071942 0.129617841
v 0.001868933 0.113667540 0.122456660
v -0.007832188 0.111618670 0.034242316
v 0.002640142 0.109185313 0.035263601
v 0.008415151 0.109260198 -0.000236599
v -0.007832188 0.111618670 0.034242316
v -0.032982784 0.113999005 -0.006581880
v -0.047458995 0.100727611 0.352531376
v 0.013235111 0.084866143 0.410961308
v -0.050169657 0.096385376 0.425532750
v 0.013235111 0.084866143 0.410961308
v -0.047458995 0.100727611 0.352531376
v 0.009594719 0.087946787 0.343706842
v -0.048414060 0.018563901 0.434473408
v -0.099159916 0.014232685 0.349388539
v -0.100792393 0.025035280 0.426676202
v -0.099159916 0.014232685 0.349388539
v -0.048414060 0.018563901 0.434473408
v -0.043088860 0.019797451 0.358298202
v -0.043088860 0.019797451 0.358298202
v -0.094100974 0.010938727 0.276583020
v -0.099159916 0.014232685 0.349388539
v -0.094100974 0.010938727 0.276583020
v -0.043088860 0.019797451 0.358298202
v -0.037750676 0.012307779 0.289864231
v -0.077527916 0.035121775 0.226233844
v -0.037750676 0.012307779 0.289864231
v -0.031035559 0.020231558 0.227883138
v -0.037750676 0.012307779 0.289864231
v -0.077527916 0.035121775 0.226233844
v -0.094100974 0.010938727 0.276583020
v -0.021564550 0.028109511 0.133936871
v -0.077527916 0.035121775 0.226233844
v -0.031035559 0.020231558 0.227883138
v -0.077527916 0.035121775 0.226233844
v -0.021564550 0.028109511 0.133936871
v -0.075229862 0.027043587 0.133217983
v -0.019364064 0.008231846 0.035956638
v -0.033513643 0.034657356 0.060551680
v -0.015645916 0.021263228 0.071617028
v -0.033513643 0.034657356 0.060551680
v -0.021564550 0.028109511 0.133936871
v -0.015645916 0.021263228 0.071617028
v -0.032982784 0.113999005 -0.006581880
v -0.007832188 0.111618670 0.034242316
v -0.065791029 0.117923294 0.041137862
v -0.007832188 0.111618670 0.034242316
v 0.008415151 0.109260198 -0.000236599
v 0.002640142 0.109185313 0.035263601
v -0.026317623 0.126071942 0.129617841
v -0.065791029 0.117923294 0.041137862
v -0.007832188 0.111618670 0.034242316
v -0.065791029 0.117923294 0.041137862
v -0.026317623 0.126071942 0.129617841
v -0.081259153 0.107937404 0.139952619
v -0.043063891 0.119288532 0.222882311
v -0.081259153 0.107937404 0.139952619
v -0.026317623 0.126071942 0.129617841
v -0.081259153 0.107937404 0.139952619
v -0.043063891 0.119288532 0.222882311
v -0.087575479 0.095134777 0.231366746
v -0.037735647 0.108565143 0.275241351
v -0.087575479 0.095134777 0.231366746
v -0.043063891 0.119288532 0.222882311
v -0.087575479 0.095134777 0.231366746
v -0.037735647 0.108565143 0.275241351
v -0.090125953 0.080409654 0.271314438
v -0.047458995 0.100727611 0.352531376
v -0.090125953 0.080409654 0.271314438
v -0.037735647 0.108565143 0.275241351
v -0.090125953 0.080409654 0.271314438
v -0.047458995 0.100727611 0.352531376
v -0.096331650 0.074234962 0.353369704
v -0.050169657 0.096385376 0.425532750
v -0.096331650 0.074234962 0.353369704
v -0.047458995 0.100727611 0.352531376
v -0.096331650 0.074234962 0.353369704
v -0.050169657 0.096385376 0.425532750
v -0.105741659 0.069709646 0.437428318
v 0.008415151 0.109260198 -0.000236599
v 0.015043781 0.099118271 0.031834890
v 0.002640142 0.109185313 0.035263601
v 0.015043781 0.099118271 0.031834890
v 0.008415151 0.109260198 -0.000236599
v 0.046337620 0.092093605 -0.006847365
v 0.001868933 0.113667540 0.122456660
v 0.015043781 0.099118271 0.031834890
v 0.011451887 0.108406842 0.121698904
v 0.015043781 0.099118271 0.031834890
v 0.001868933 0.113667540 0.122456660
v 0.002640142 0.109185313 0.035263601
v 0.000078004 0.114437997 0.214955492
v 0.011451887 0.108406842 0.121698904
v 0.023314490 0.117228903 0.216709776
v 0.011451887 0.108406842 0.121698904
v 0.000078004 0.114437997 0.214955492
v 0.001868933 0.113667540 0.122456660
v 0.005070502 0.095502703 0.265421721
v 0.023314490 0.117228903 0.216709776
v 0.021872127 0.102769715 0.271539264
v 0.023314490 0.117228903 0.216709776
v 0.005070502 0.095502703 0.265421721
v 0.000078004 0.114437997 0.214955492
v 0.009594719 0.087946787 0.343706842
v 0.021872127 0.102769715 0.271539264
v 0.035710842 0.089920533 0.348103301
v 0.021872127 0.102769715 0.271539264
v 0.009594719 0.087946787 0.343706842
v 0.005070502 0.095502703 0.265421721
v 0.013235111 0.084866143 0.410961308
v 0.035710842 0.089920533 0.348103301
v 0.041331064 0.080545869 0.420679216
v 0.035710842 0.089920533 0.348103301
v 0.013235111 0.084866143 0.410961308
v 0.009594719 0.087946787 0.343706842
v 0.086276902 0.016043143 0.077969163
v 0.037698368 0.015628326 0.141242780
v 0.086491583 0.034712693 0.143450530
v 0.037698368 0.015628326 0.141242780
v 0.086276902 0.016043143 0.077969163
v 0.018098363 0.014192337 0.062493953
v 0.037698368 0.015628326 0.141242780
v 0.075144665 0.058086276 0.227822534
v 0.086491583 0.034712693 0.143450530
v 0.075144665 0.058086276 0.227822534
v 0.037698368 0.015628326 0.141242780
v 0.038478439 0.031694058 0.228036945
v 0.039260750 0.016403951 0.276887394
v 0.075144665 0.058086276 0.227822534
v 0.038478439 0.031694058 0.228036945
v 0.075144665 0.058086276 0.227822534
v 0.039260750 0.016403951 0.276887394
v 0.095757627 0.037785372 0.272298992
v 0.045204381 0.015783013 0.349309331
v 0.095757627 0.037785372 0.272298992
v 0.039260750 0.016403951 0.276887394
v 0.095757627 0.037785372 0.272298992
v 0.045204381 0.015783013 0.349309331
v 0.093579208 0.034636113 0.345253936
v 0.050325329 0.010924766 0.420213881
v 0.093579208 0.034636113 0.345253936
v 0.045204381 0.015783013 0.349309331
v 0.093579208 0.034636113 0.345253936
v 0.050325329 0.010924766 0.420213881
v 0.084934212 0.036511774 0.422807088
v -0.015645916 0.021263228 0.071617028
v -0.021564550 0.028109511 0.133936871
v -0.003407057 0.027174146 0.138721102
v -0.003407057 0.027174146 0.138721102
v -0.031035559 0.020231558 0.227883138
v -0.007350952 0.035982237 0.230570066
v -0.031035559 0.020231558 0.227883138
v -0.003407057 0.027174146 0.138721102
v -0.021564550 0.028109511 0.133936871
v -0.004235748 0.021724595 0.291081671
v -0.031035559 0.020231558 0.227883138
v -0.037750676 0.012307779 0.289864231
v -0.031035559 0.020231558 0.227883138
v -0.004235748 0.021724595 0.291081671
v -0.007350952 0.035982237 0.230570066
v -0.043088860 0.019797451 0.358298202
v -0.004235748 0.021724595 0.291081671
v -0.037750676 0.012307779 0.289864231
v -0.004235748 0.021724595 0.291081671
v -0.043088860 0.019797451 0.358298202
v -0.002430289 0.014094799 0.358162678
v -0.000386392 0.006511830 0.431923134
v -0.043088860 0.019797451 0.358298202
v -0.048414060 0.018563901 0.434473408
v -0.043088860 0.019797451 0.358298202
v -0.000386392 0.006511830 0.431923134
v -0.002430289 0.014094799 0.358162678
v 0.037698368 0.015628326 0.141242780
v 0.018098363 0.014192337 0.062493953
v -0.015645916 0.021263228 0.071617028
v 0.018098363 0.014192337 0.062493953
v -0.019364064 0.008231846 0.035956638
v -0.015645916 0.021263228 0.071617028
v -0.077549317 0.031616003 0.069195612
v -0.021564550 0.028109511 0.133936871
v -0.033513643 0.034657356 0.060551680
v -0.021564550 0.028109511 0.133936871
v -0.077549317 0.031616003 0.069195612
v -0.075229862 0.027043587 0.133217983
v -0.109168672 0.120589659 -0.366675030
v -0.098218821 0.126233202 -0.350900442
v -0.107237686 0.126762117 -0.350052127
v -0.125672639 0.109762939 -0.360999587
v -0.126639908 0.107588768 -0.341126897
v -0.139293223 0.087453323 -0.359573414
v -0.104935446 0.125086204 -0.343901803
v -0.095795228 0.124487754 -0.344710814
v -0.106630679 0.127747697 -0.342390031
v -0.130307678 0.088970255 -0.338247118
v -0.123118621 0.106563414 -0.335314748
v -0.115472970 0.107793919 -0.314342022
v -0.095795228 0.124487754 -0.344710814
v -0.080096662 0.121909038 -0.355513861
v -0.089751919 0.124667111 -0.323187069
v -0.124082371 0.115711884 -0.344259516
v -0.118566286 0.126287414 -0.345972718
v -0.124511635 0.116200567 -0.341767415
v -0.118566286 0.126287414 -0.345972718
v -0.107237686 0.126762117 -0.350052127
v -0.106419790 0.128068945 -0.347988903
v -0.123118621 0.106563414 -0.335314748
v -0.124511635 0.116200567 -0.341767415
v -0.120602080 0.114808781 -0.338514305
v -0.106419790 0.128068945 -0.347988903
v -0.095795228 0.124487754 -0.344710814
v -0.104935446 0.125086204 -0.343901803
vt 0.607613981 0.312407970
vt 0.536203027 0.308075011
vt 0.582162023 0.298696995
vt 0.598887980 0.366322994
vt 0.558381021 0.387524962
vt 0.553399026 0.364956975
vt 0.558381021 0.387524962
vt 0.598887980 0.366322994
vt 0.590888977 0.393837988
vt 0.753223002 0.238463998
vt 0.707886994 0.288816988
vt 0.697028995 0.253208041
vt 0.707886994 0.288816988
vt 0.753223002 0.238463998
vt 0.742295980 0.290917993
vt 0.666806996 0.543352008
vt 0.738160014 0.512664974
vt 0.741088986 0.536864996
vt 0.738160014 0.512664974
vt 0.666806996 0.543352008
vt 0.653144002 0.514953017
vt 0.578097999 0.527913988
vt 0.666806996 0.543352008
vt 0.617923975 0.550504982
vt 0.666806996 0.543352008
vt 0.578097999 0.527913988
vt 0.653144002 0.514953017
vt 0.543474019 0.530875027
vt 0.575740993 0.570487976
vt 0.538447976 0.574256003
vt 0.575740993 0.570487976
vt 0.543474019 0.530875027
vt 0.578097999 0.527913988
vt 0.553399026 0.364956975
vt 0.514535010 0.389885008
vt 0.514567971 0.368008018
vt 0.514535010 0.389885008
vt 0.553399026 0.364956975
vt 0.558381021 0.387524962
vt 0.741088986 0.536864996
vt 0.793744028 0.514645994
vt 0.793744028 0.550405979
vt 0.793744028 0.514645994
vt 0.741088986 0.536864996
vt 0.738160014 0.512664974
vt 0.737968028 0.441998959
vt 0.793174028 0.387587011
vt 0.792968988 0.433593988
vt 0.793174028 0.387587011
vt 0.737968028 0.441998959
vt 0.734070003 0.385779023
vt 0.570730984 0.614247978
vt 0.621474981 0.711304009
vt 0.582031012 0.710937977
vt 0.621474981 0.711304009
vt 0.570730984 0.614247978
vt 0.614980996 0.613843977
vt 0.621474981 0.711304009
vt 0.594585001 0.772382975
vt 0.582031012 0.710937977
vt 0.594585001 0.772382975
vt 0.621474981 0.711304009
vt 0.632080972 0.775614977
vt 0.785194993 0.617240012
vt 0.729484975 0.701014996
vt 0.737806976 0.630614996
vt 0.729484975 0.701014996
vt 0.785194993 0.617240012
vt 0.776166022 0.700488985
vt 0.776166022 0.700488985
vt 0.723013997 0.771606982
vt 0.729484975 0.701014996
vt 0.723013997 0.771606982
vt 0.776166022 0.700488985
vt 0.770237029 0.770994008
vt 0.729484975 0.701014996
vt 0.680325985 0.628423989
vt 0.737806976 0.630614996
vt 0.680325985 0.628423989
vt 0.729484975 0.701014996
vt 0.677106977 0.704452991
vt 0.729484975 0.701014996
vt 0.676079988 0.771239996
vt 0.677106977 0.704452991
vt 0.676079988 0.771239996
vt 0.729484975 0.701014996
vt 0.723013997 0.771606982
vt 0.680325985 0.628423989
vt 0.621474981 0.711304009
vt 0.614980996 0.613843977
vt 0.621474981 0.711304009
vt 0.680325985 0.628423989
vt 0.677106977 0.704452991
vt 0.677106977 0.704452991
vt 0.632080972 0.775614977
vt 0.621474981 0.711304009
vt 0.632080972 0.775614977
vt 0.677106977 0.704452991
vt 0.676079988 0.771239996
vt 0.662109017 0.208864987
vt 0.632812977 0.173828006
vt 0.628169000 0.212080002
vt 0.632812977 0.173828006
vt 0.662109017 0.208864987
vt 0.658203006 0.173828006
vt 0.604835987 0.832772970
vt 0.658098996 0.897114992
vt 0.618692994 0.900777996
vt 0.658098996 0.897114992
vt 0.604835987 0.832772970
vt 0.645147979 0.829253972
vt 0.618692994 0.900777996
vt 0.667169988 0.981710017
vt 0.636892974 0.982919991
vt 0.667169988 0.981710017
vt 0.618692994 0.900777996
vt 0.658098996 0.897114992
vt 0.759720027 0.829608023
vt 0.722441971 0.898123026
vt 0.725099027 0.826837003
vt 0.722441971 0.898123026
vt 0.759720027 0.829608023
vt 0.751936972 0.899587989
vt 0.751936972 0.899587989
vt 0.710021019 0.980964005
vt 0.722441971 0.898123026
vt 0.710021019 0.980964005
vt 0.751936972 0.899587989
vt 0.738355994 0.981037021
vt 0.725099027 0.826837003
vt 0.681245029 0.889396012
vt 0.676657975 0.821501970
vt 0.681245029 0.889396012
vt 0.725099027 0.826837003
vt 0.722441971 0.898123026
vt 0.722441971 0.898123026
vt 0.688197017 0.982357979
vt 0.681245029 0.889396012
vt 0.688197017 0.982357979
vt 0.722441971 0.898123026
vt 0.710021019 0.980964005
vt 0.676657975 0.821501970
vt 0.658098996 0.897114992
vt 0.645147979 0.829253972
vt 0.658098996 0.897114992
vt 0.676657975 0.821501970
vt 0.681245029 0.889396012
vt 0.681245029 0.889396012
vt 0.667169988 0.981710017
vt 0.658098996 0.897114992
vt 0.667169988 0.981710017
vt 0.681245029 0.889396012
vt 0.688197017 0.982357979
vt 0.614980996 0.613843977
vt 0.575740993 0.570487976
vt 0.620562971 0.579429984
vt 0.575740993 0.570487976
vt 0.614980996 0.613843977
vt 0.570730984 0.614247978
vt 0.538447976 0.574256003
vt 0.525065005 0.615406990
vt 0.500020027 0.602010012
vt 0.741088986 0.536864996
vt 0.668416977 0.571828008
vt 0.666806996 0.543352008
vt 0.668416977 0.571828008
vt 0.741088986 0.536864996
vt 0.743741989 0.571488976
vt 0.743741989 0.571488976
vt 0.678894997 0.599689007
vt 0.668416977 0.571828008
vt 0.678894997 0.599689007
vt 0.743741989 0.571488976
vt 0.741259992 0.610526979
vt 0.741259992 0.610526979
vt 0.737806976 0.630614996
vt 0.678894997 0.599689007
vt 0.604835987 0.832772970
vt 0.632080972 0.775614977
vt 0.645147979 0.829253972
vt 0.632080972 0.775614977
vt 0.604835987 0.832772970
vt 0.594585001 0.772382975
vt 0.645147979 0.829253972
vt 0.676079988 0.771239996
vt 0.676657975 0.821501970
vt 0.676079988 0.771239996
vt 0.645147979 0.829253972
vt 0.632080972 0.775614977
vt 0.676079988 0.771239996
vt 0.725099027 0.826837003
vt 0.676657975 0.821501970
vt 0.725099027 0.826837003
vt 0.676079988 0.771239996
vt 0.723013997 0.771606982
vt 0.723013997 0.771606982
vt 0.759720027 0.829608023
vt 0.725099027 0.826837003
vt 0.759720027 0.829608023
vt 0.723013997 0.771606982
vt 0.770237029 0.770994008
vt 0.666806996 0.543352008
vt 0.620562971 0.579429984
vt 0.617923975 0.550504982
vt 0.620562971 0.579429984
vt 0.666806996 0.543352008
vt 0.668416977 0.571828008
vt 0.668416977 0.571828008
vt 0.614980996 0.613843977
vt 0.620562971 0.579429984
vt 0.614980996 0.613843977
vt 0.668416977 0.571828008
vt 0.678894997 0.599689007
vt 0.678894997 0.599689007
vt 0.680325985 0.628423989
vt 0.614980996 0.613843977
vt 0.736979008 0.490553975
vt 0.673708975 0.444527030
vt 0.737968028 0.441998959
vt 0.649137020 0.437250018
vt 0.595350981 0.446959972
vt 0.647917986 0.382986009
vt 0.598990023 0.433920026
vt 0.552788973 0.445852995
vt 0.553619027 0.440935016
vt 0.552788973 0.445852995
vt 0.598990023 0.433920026
vt 0.595350981 0.446959972
vt 0.552788973 0.445852995
vt 0.521327019 0.436501026
vt 0.553619027 0.440935016
vt 0.521327019 0.436501026
vt 0.552788973 0.445852995
vt 0.521516979 0.440953016
vt 0.863281012 0.105113983
vt 0.843750000 0.177734017
vt 0.844237983 0.124655008
vt 0.868164003 0.168945014
vt 0.845703006 0.250977039
vt 0.843750000 0.177734017
vt 0.845703006 0.250977039
vt 0.868164003 0.168945014
vt 0.868164003 0.243164003
vt 0.928710997 0.116178989
vt 0.957031012 0.144531012
vt 0.929687023 0.157226980
vt 0.957031012 0.144531012
vt 0.928710997 0.116178989
vt 0.956054986 0.113349974
vt 0.957031012 0.144531012
vt 0.928710997 0.224609017
vt 0.929687023 0.157226980
vt 0.928710997 0.224609017
vt 0.957031012 0.144531012
vt 0.951171994 0.231445014
vt 0.906455994 0.095600009
vt 0.928710997 0.116178989
vt 0.914062023 0.124616981
vt 0.928710997 0.116178989
vt 0.906455994 0.095600009
vt 0.927734017 0.092535019
vt 0.929687023 0.157226980
vt 0.895507991 0.232421994
vt 0.893554986 0.159179986
vt 0.895507991 0.232421994
vt 0.929687023 0.157226980
vt 0.928710997 0.224609017
vt 0.885742009 0.114257991
vt 0.893554986 0.159179986
vt 0.868164003 0.168945014
vt 0.893554986 0.159179986
vt 0.868164003 0.243164003
vt 0.868164003 0.168945014
vt 0.868164003 0.243164003
vt 0.893554986 0.159179986
vt 0.895507991 0.232421994
vt 0.868164003 0.286132991
vt 0.850585997 0.393554986
vt 0.846679986 0.293945014
vt 0.850585997 0.393554986
vt 0.868164003 0.286132991
vt 0.869140983 0.390625000
vt 0.869140983 0.390625000
vt 0.849609017 0.458984017
vt 0.850585997 0.393554986
vt 0.849609017 0.458984017
vt 0.869140983 0.390625000
vt 0.871093988 0.458007991
vt 0.950195014 0.274414003
vt 0.916992009 0.369140983
vt 0.925781012 0.271484017
vt 0.916992009 0.369140983
vt 0.950195014 0.274414003
vt 0.955078006 0.381835997
vt 0.955078006 0.381835997
vt 0.910156012 0.453125000
vt 0.916992009 0.369140983
vt 0.910156012 0.453125000
vt 0.955078006 0.381835997
vt 0.951171994 0.455078006
vt 0.925781012 0.271484017
vt 0.893554986 0.381835997
vt 0.896484017 0.276367009
vt 0.893554986 0.381835997
vt 0.925781012 0.271484017
vt 0.916992009 0.369140983
vt 0.916992009 0.369140983
vt 0.890625000 0.454102039
vt 0.893554986 0.381835997
vt 0.890625000 0.454102039
vt 0.916992009 0.369140983
vt 0.910156012 0.453125000
vt 0.896484017 0.276367009
vt 0.869140983 0.390625000
vt 0.868164003 0.286132991
vt 0.869140983 0.390625000
vt 0.896484017 0.276367009
vt 0.893554986 0.381835997
vt 0.893554986 0.381835997
vt 0.871093988 0.458007991
vt 0.869140983 0.390625000
vt 0.871093988 0.458007991
vt 0.893554986 0.381835997
vt 0.890625000 0.454102039
vt 0.949814975 0.581312001
vt 0.914524972 0.568072021
vt 0.947265983 0.577148020
vt 0.914524972 0.568072021
vt 0.949814975 0.581312001
vt 0.918862998 0.591364980
vt 0.993164003 0.526367009
vt 0.976562023 0.552734017
vt 0.975585997 0.535156012
vt 0.976562023 0.552734017
vt 0.993164003 0.526367009
vt 0.994140983 0.541992009
vt 0.909179986 0.484375000
vt 0.950195014 0.518688023
vt 0.913519025 0.525945008
vt 0.950195014 0.518688023
vt 0.909179986 0.484375000
vt 0.964843988 0.491210997
vt 0.909179986 0.484375000
vt 0.898325980 0.529606998
vt 0.889648020 0.487304986
vt 0.898325980 0.529606998
vt 0.909179986 0.484375000
vt 0.913519025 0.525945008
vt 0.851562977 0.492187977
vt 0.898325980 0.529606998
vt 0.856013000 0.522361994
vt 0.898325980 0.529606998
vt 0.851562977 0.492187977
vt 0.889648020 0.487304986
vt 0.895507991 0.232421994
vt 0.868164003 0.286132991
vt 0.868164003 0.243164003
vt 0.868164003 0.286132991
vt 0.895507991 0.232421994
vt 0.896484017 0.276367009
vt 0.868164003 0.243164003
vt 0.846679986 0.293945014
vt 0.845703006 0.250977039
vt 0.846679986 0.293945014
vt 0.868164003 0.243164003
vt 0.868164003 0.286132991
vt 0.928710997 0.224609017
vt 0.950195014 0.274414003
vt 0.925781012 0.271484017
vt 0.950195014 0.274414003
vt 0.928710997 0.224609017
vt 0.951171994 0.231445014
vt 0.925781012 0.271484017
vt 0.895507991 0.232421994
vt 0.928710997 0.224609017
vt 0.895507991 0.232421994
vt 0.925781012 0.271484017
vt 0.896484017 0.276367009
vt 0.895507991 0.072111011
vt 0.885742009 0.114257991
vt 0.888191998 0.072624981
vt 0.888191998 0.072624981
vt 0.902343988 0.020507991
vt 0.895507991 0.072111011
vt 0.902343988 0.020507991
vt 0.888191998 0.072624981
vt 0.885742009 0.021484017
vt 0.673708975 0.444527030
vt 0.734070003 0.385779023
vt 0.737968028 0.441998959
vt 0.734070003 0.385779023
vt 0.673708975 0.444527030
vt 0.695272028 0.381792009
vt 0.697028995 0.253208041
vt 0.726718009 0.226230979
vt 0.753223002 0.238463998
vt 0.871505022 0.084971011
vt 0.858398020 0.022460997
vt 0.869140983 0.021484017
vt 0.858398020 0.022460997
vt 0.871505022 0.084971011
vt 0.861688018 0.081054986
vt 0.863281012 0.105113983
vt 0.861688018 0.081054986
vt 0.871505022 0.084971011
vt 0.707886994 0.288816988
vt 0.742295980 0.290917993
vt 0.733277977 0.326631010
vt 0.733277977 0.326631010
vt 0.793013990 0.282948971
vt 0.792899013 0.341328025
vt 0.793013990 0.282948971
vt 0.733277977 0.326631010
vt 0.742295980 0.290917993
vt 0.895507991 0.072111011
vt 0.902343988 0.020507991
vt 0.913085997 0.056640983
vt 0.906455994 0.095600009
vt 0.913085997 0.056640983
vt 0.913085997 0.081054986
vt 0.927734017 0.092535019
vt 0.940891981 0.043945014
vt 0.955078006 0.076703012
vt 0.940891981 0.043945014
vt 0.927734017 0.092535019
vt 0.927734017 0.077148020
vt 0.953125000 0.023437977
vt 0.955078006 0.076703012
vt 0.940891981 0.043945014
vt 0.607545018 0.396968007
vt 0.622389972 0.390200019
vt 0.598990023 0.433920026
vt 0.647917986 0.382986009
vt 0.661548018 0.377261996
vt 0.649137020 0.437250018
vt 0.871093988 0.458007991
vt 0.829101980 0.479492009
vt 0.849609017 0.458984017
vt 0.829101980 0.479492009
vt 0.871093988 0.458007991
vt 0.851562977 0.492187977
vt 0.871093988 0.458007991
vt 0.889648020 0.487304986
vt 0.851562977 0.492187977
vt 0.889648020 0.487304986
vt 0.871093988 0.458007991
vt 0.890625000 0.454102039
vt 0.890625000 0.454102039
vt 0.909179986 0.484375000
vt 0.889648020 0.487304986
vt 0.909179986 0.484375000
vt 0.890625000 0.454102039
vt 0.910156012 0.453125000
vt 0.909179986 0.484375000
vt 0.951171994 0.455078006
vt 0.964843988 0.491210997
vt 0.951171994 0.455078006
vt 0.909179986 0.484375000
vt 0.910156012 0.453125000
vt 0.753223002 0.238463998
vt 0.727508008 0.191477001
vt 0.758325994 0.187471032
vt 0.727508008 0.191477001
vt 0.753223002 0.238463998
vt 0.726718009 0.226230979
vt 0.793006003 0.254356027
vt 0.758325994 0.187471032
vt 0.793052018 0.186818004
vt 0.758325994 0.187471032
vt 0.793006003 0.254356027
vt 0.753223002 0.238463998
vt 0.913519025 0.525945008
vt 0.947265983 0.577148020
vt 0.914524972 0.568072021
vt 0.947265983 0.577148020
vt 0.913519025 0.525945008
vt 0.950195014 0.518688023
vt 0.950195014 0.518688023
vt 0.949814975 0.581312001
vt 0.947265983 0.577148020
vt 0.949814975 0.581312001
vt 0.950195014 0.518688023
vt 0.955757022 0.524158001
vt 0.865234017 0.582031012
vt 0.898325980 0.529606998
vt 0.896185994 0.572924018
vt 0.898325980 0.529606998
vt 0.865234017 0.582031012
vt 0.856013000 0.522361994
vt 0.896185994 0.572924018
vt 0.913519025 0.525945008
vt 0.914524972 0.568072021
vt 0.913519025 0.525945008
vt 0.896185994 0.572924018
vt 0.898325980 0.529606998
vt 0.851562977 0.492187977
vt 0.809570014 0.530273020
vt 0.829101980 0.479492009
vt 0.809570014 0.530273020
vt 0.851562977 0.492187977
vt 0.829101980 0.528320014
vt 0.983398020 0.511718988
vt 0.950195014 0.518688023
vt 0.964843988 0.491210997
vt 0.950195014 0.518688023
vt 0.983398020 0.511718988
vt 0.959960997 0.518554986
vt 0.950195014 0.518688023
vt 0.962890983 0.536132991
vt 0.955757022 0.524158001
vt 0.962890983 0.536132991
vt 0.950195014 0.518688023
vt 0.959960997 0.518554986
vt 0.847656012 0.523437977
vt 0.851562977 0.492187977
vt 0.856013000 0.522361994
vt 0.851562977 0.492187977
vt 0.847656012 0.523437977
vt 0.829101980 0.528320014
vt 0.829101980 0.528320014
vt 0.804687977 0.566406012
vt 0.809570014 0.530273020
vt 0.804687977 0.566406012
vt 0.829101980 0.528320014
vt 0.815429986 0.565429986
vt 0.983398020 0.511718988
vt 0.975585997 0.535156012
vt 0.959960997 0.518554986
vt 0.975585997 0.535156012
vt 0.983398020 0.511718988
vt 0.993164003 0.526367009
vt 0.959960997 0.518554986
vt 0.976562023 0.552734017
vt 0.962890983 0.536132991
vt 0.976562023 0.552734017
vt 0.959960997 0.518554986
vt 0.975585997 0.535156012
vt 0.847656012 0.523437977
vt 0.815429986 0.565429986
vt 0.829101980 0.528320014
vt 0.815429986 0.565429986
vt 0.847656012 0.523437977
vt 0.837890983 0.565429986
vt 0.702148020 0.123046994
vt 0.667968988 0.160156012
vt 0.666015983 0.140625000
vt 0.667968988 0.160156012
vt 0.702148020 0.123046994
vt 0.705078006 0.134765983
vt 0.645507991 0.011718988
vt 0.623046994 0.047851980
vt 0.639694989 0.004238009
vt 0.623046994 0.047851980
vt 0.645507991 0.011718988
vt 0.633789003 0.050781012
vt 0.655273020 0.027343988
vt 0.689453006 0.012695014
vt 0.683593988 0.028320014
vt 0.689453006 0.012695014
vt 0.655273020 0.027343988
vt 0.645507991 0.011718988
vt 0.718750000 0.045898020
vt 0.689453006 0.012695014
vt 0.697099984 0.004357994
vt 0.689453006 0.012695014
vt 0.718750000 0.045898020
vt 0.704101980 0.047851980
vt 0.666015983 0.069335997
vt 0.702148020 0.123046994
vt 0.666015983 0.140625000
vt 0.702148020 0.123046994
vt 0.666015983 0.069335997
vt 0.685546994 0.049804986
vt 0.623046994 0.047851980
vt 0.632812977 0.134765983
vt 0.621093988 0.150390983
vt 0.632812977 0.134765983
vt 0.623046994 0.047851980
vt 0.633789003 0.050781012
vt 0.628169000 0.212080002
vt 0.669470012 0.270747006
vt 0.662109017 0.208864987
vt 0.669470012 0.270747006
vt 0.628169000 0.212080002
vt 0.618164003 0.292968988
vt 0.718750000 0.045898020
vt 0.702148020 0.123046994
vt 0.704101980 0.047851980
vt 0.702148020 0.123046994
vt 0.718750000 0.045898020
vt 0.705078006 0.134765983
vt 0.538447976 0.574256003
vt 0.570730984 0.614247978
vt 0.525065005 0.615406990
vt 0.575740993 0.570487976
vt 0.570730984 0.614247978
vt 0.538447976 0.574256003
vt 0.570730984 0.614247978
vt 0.582031012 0.710937977
vt 0.536706984 0.710126996
vt 0.582031012 0.710937977
vt 0.551844001 0.772491992
vt 0.536706984 0.710126996
vt 0.551844001 0.772491992
vt 0.582031012 0.710937977
vt 0.594585001 0.772382975
vt 0.594585001 0.772382975
vt 0.565284014 0.844084024
vt 0.551844001 0.772491992
vt 0.565284014 0.844084024
vt 0.594585001 0.772382975
vt 0.604835987 0.832772970
vt 0.565284014 0.844084024
vt 0.618692994 0.900777996
vt 0.585138977 0.909156978
vt 0.618692994 0.900777996
vt 0.565284014 0.844084024
vt 0.604835987 0.832772970
vt 0.585138977 0.909156978
vt 0.636892974 0.982919991
vt 0.613273978 0.983712018
vt 0.636892974 0.982919991
vt 0.585138977 0.909156978
vt 0.618692994 0.900777996
vt 0.666015983 0.069335997
vt 0.632812977 0.134765983
vt 0.653320014 0.052734017
vt 0.632812977 0.134765983
vt 0.666015983 0.069335997
vt 0.666015983 0.140625000
vt 0.666015983 0.140625000
vt 0.621093988 0.150390983
vt 0.632812977 0.134765983
vt 0.621093988 0.150390983
vt 0.666015983 0.140625000
vt 0.667968988 0.160156012
vt 0.632812977 0.134765983
vt 0.633789003 0.050781012
vt 0.653320014 0.052734017
vt 0.653320014 0.052734017
vt 0.645507991 0.011718988
vt 0.655273020 0.027343988
vt 0.645507991 0.011718988
vt 0.653320014 0.052734017
vt 0.633789003 0.050781012
vt 0.689453006 0.012695014
vt 0.639694989 0.004238009
vt 0.697099984 0.004357994
vt 0.639694989 0.004238009
vt 0.689453006 0.012695014
vt 0.645507991 0.011718988
vt 0.683593988 0.028320014
vt 0.704101980 0.047851980
vt 0.685546994 0.049804986
vt 0.704101980 0.047851980
vt 0.683593988 0.028320014
vt 0.689453006 0.012695014
vt 0.704101980 0.047851980
vt 0.702148020 0.123046994
vt 0.685546994 0.049804986
vt 0.578097999 0.527913988
vt 0.617923975 0.550504982
vt 0.575740993 0.570487976
vt 0.617923975 0.550504982
vt 0.620562971 0.579429984
vt 0.575740993 0.570487976
vt 0.525065005 0.615406990
vt 0.500000000 0.645353019
vt 0.500020027 0.602010012
vt 0.562582016 0.203981996
vt 0.522579014 0.234095991
vt 0.544766009 0.208911002
vt 0.522579014 0.234095991
vt 0.562582016 0.203981996
vt 0.531684995 0.246963024
vt 0.725818992 0.150959969
vt 0.758325994 0.187471032
vt 0.727508008 0.191477001
vt 0.758325994 0.187471032
vt 0.725818992 0.150959969
vt 0.757622004 0.148070991
vt 0.555960000 0.040956974
vt 0.500020027 0.032590032
vt 0.500020027 0.032590032
vt 0.500020027 0.032590032
vt 0.555960000 0.040956974
vt 0.523550987 0.059907973
vt 0.527616978 0.122007012
vt 0.511723995 0.120523989
vt 0.521354020 0.081624031
vt 0.562582016 0.203981996
vt 0.546370029 0.180019021
vt 0.569086015 0.180381000
vt 0.546370029 0.180019021
vt 0.562582016 0.203981996
vt 0.544766009 0.208911002
vt 0.573680997 0.199554980
vt 0.569086015 0.180381000
vt 0.591584980 0.156589031
vt 0.569086015 0.180381000
vt 0.573680997 0.199554980
vt 0.562582016 0.203981996
vt 0.564490974 0.138047993
vt 0.546214998 0.082282007
vt 0.572145998 0.082014024
vt 0.546214998 0.082282007
vt 0.564490974 0.138047993
vt 0.547514975 0.120537996
vt 0.564490974 0.138047993
vt 0.572145998 0.082014024
vt 0.608363986 0.098655999
vt 0.757622004 0.148070991
vt 0.723725975 0.108739972
vt 0.761390984 0.102984011
vt 0.723725975 0.108739972
vt 0.757622004 0.148070991
vt 0.725818992 0.150959969
vt 0.793142021 0.100796998
vt 0.758722007 0.054843009
vt 0.793163002 0.054886997
vt 0.758722007 0.054843009
vt 0.793142021 0.100796998
vt 0.761390984 0.102984011
vt 0.573680997 0.199554980
vt 0.531684995 0.246963024
vt 0.562582016 0.203981996
vt 0.546214998 0.082282007
vt 0.527616978 0.122007012
vt 0.521354020 0.081624031
vt 0.549012005 0.158769011
vt 0.531343997 0.179243982
vt 0.522634983 0.154989004
vt 0.544766009 0.208911002
vt 0.522579014 0.234095991
vt 0.519268990 0.215406001
vt 0.519268990 0.215406001
vt 0.500020027 0.236706018
vt 0.500020027 0.217769980
vt 0.500020027 0.236706018
vt 0.519268990 0.215406001
vt 0.522579014 0.234095991
vt 0.523550987 0.059907973
vt 0.546214998 0.082282007
vt 0.521354020 0.081624031
vt 0.555960000 0.040956974
vt 0.608363986 0.098655999
vt 0.572145998 0.082014024
vt 0.608363986 0.098655999
vt 0.555960000 0.040956974
vt 0.570107996 0.034664989
vt 0.758722007 0.054843009
vt 0.793951988 0.023517013
vt 0.793163002 0.054886997
vt 0.793951988 0.023517013
vt 0.758722007 0.054843009
vt 0.739863992 0.021135986
vt 0.546214998 0.082282007
vt 0.555960000 0.040956974
vt 0.572145998 0.082014024
vt 0.793052018 0.186818004
vt 0.757622004 0.148070991
vt 0.793096006 0.135722995
vt 0.757622004 0.148070991
vt 0.793052018 0.186818004
vt 0.758325994 0.187471032
vt 0.793096006 0.135722995
vt 0.761390984 0.102984011
vt 0.793142021 0.100796998
vt 0.761390984 0.102984011
vt 0.793096006 0.135722995
vt 0.757622004 0.148070991
vt 0.758722007 0.054843009
vt 0.723725975 0.108739972
vt 0.732288003 0.050693989
vt 0.723725975 0.108739972
vt 0.758722007 0.054843009
vt 0.761390984 0.102984011
vt 0.739863992 0.021135986
vt 0.758722007 0.054843009
vt 0.732288003 0.050693989
vt 0.603753984 0.021014988
vt 0.622866988 0.022050023
vt 0.603078008 0.057325006
vt 0.622866988 0.022050023
vt 0.603753984 0.021014988
vt 0.612583995 0.001823008
vt 0.569086015 0.180381000
vt 0.578369021 0.156785011
vt 0.591584980 0.156589031
vt 0.578369021 0.156785011
vt 0.569086015 0.180381000
vt 0.572727025 0.171406031
vt 0.591584980 0.156589031
vt 0.574169993 0.147350013
vt 0.564490974 0.138047993
vt 0.574169993 0.147350013
vt 0.591584980 0.156589031
vt 0.578369021 0.156785011
vt 0.591663003 0.001451015
vt 0.603753984 0.021014988
vt 0.579833984 0.025402009
vt 0.603753984 0.021014988
vt 0.591663003 0.001451015
vt 0.612583995 0.001823008
vt 0.579833984 0.025402009
vt 0.603078008 0.057325006
vt 0.593248010 0.059629023
vt 0.603078008 0.057325006
vt 0.579833984 0.025402009
vt 0.603753984 0.021014988
vt 0.525273979 0.134815991
vt 0.549012005 0.158769011
vt 0.522634983 0.154989004
vt 0.549012005 0.158769011
vt 0.525273979 0.134815991
vt 0.547514975 0.120537996
vt 0.549012005 0.158769011
vt 0.564490974 0.138047993
vt 0.562406003 0.156978965
vt 0.564490974 0.138047993
vt 0.549012005 0.158769011
vt 0.547514975 0.120537996
vt 0.531684995 0.246963024
vt 0.581135988 0.256965041
vt 0.530339003 0.293115020
vt 0.581135988 0.256965041
vt 0.531684995 0.246963024
vt 0.583387017 0.230322003
vt 0.726718009 0.226230979
vt 0.697028995 0.253208041
vt 0.680526018 0.231020987
vt 0.583387017 0.230322003
vt 0.573680997 0.199554980
vt 0.598942995 0.199389994
vt 0.573680997 0.199554980
vt 0.583387017 0.230322003
vt 0.531684995 0.246963024
vt 0.598942995 0.199389994
vt 0.591584980 0.156589031
vt 0.608635008 0.156174004
vt 0.591584980 0.156589031
vt 0.598942995 0.199389994
vt 0.573680997 0.199554980
vt 0.536203027 0.308075011
vt 0.500020027 0.295863986
vt 0.530339003 0.293115020
vt 0.538447976 0.574256003
vt 0.500020027 0.531394005
vt 0.543474019 0.530875027
vt 0.500020027 0.531394005
vt 0.538447976 0.574256003
vt 0.500020027 0.577425003
vt 0.793744028 0.550405979
vt 0.743741989 0.571488976
vt 0.741088986 0.536864996
vt 0.743741989 0.571488976
vt 0.793744028 0.550405979
vt 0.793744028 0.574527025
vt 0.743741989 0.571488976
vt 0.793744028 0.589537978
vt 0.741259992 0.610526979
vt 0.793744028 0.589537978
vt 0.743741989 0.571488976
vt 0.793744028 0.574527025
vt 0.793744028 0.589537978
vt 0.737806976 0.630614996
vt 0.741259992 0.610526979
vt 0.737806976 0.630614996
vt 0.793744028 0.589537978
vt 0.783919990 0.603685975
vt 0.793006003 0.254356027
vt 0.793013990 0.282948971
vt 0.742295980 0.290917993
vt 0.783919990 0.603685975
vt 0.784610987 0.610082984
vt 0.737806976 0.630614996
vt 0.737806976 0.630614996
vt 0.784610987 0.610082984
vt 0.785194993 0.617240012
vt 0.516722977 0.180070996
vt 0.511838019 0.164178014
vt 0.522634983 0.154989004
vt 0.521354020 0.081624031
vt 0.500020027 0.061884999
vt 0.523550987 0.059907973
vt 0.500020027 0.061884999
vt 0.521354020 0.081624031
vt 0.500020027 0.085316002
vt 0.522634983 0.154989004
vt 0.506639004 0.136963010
vt 0.525273979 0.134815991
vt 0.506639004 0.136963010
vt 0.522634983 0.154989004
vt 0.511838019 0.164178014
vt 0.500020027 0.484166980
vt 0.543474019 0.530875027
vt 0.500020027 0.531394005
vt 0.543474019 0.530875027
vt 0.500020027 0.484166980
vt 0.551288009 0.483273029
vt 0.551288009 0.483273029
vt 0.578097999 0.527913988
vt 0.543474019 0.530875027
vt 0.578097999 0.527913988
vt 0.551288009 0.483273029
vt 0.583743989 0.482629001
vt 0.583743989 0.482629001
vt 0.653144002 0.514953017
vt 0.578097999 0.527913988
vt 0.653144002 0.514953017
vt 0.583743989 0.482629001
vt 0.652957022 0.490752995
vt 0.653144002 0.514953017
vt 0.736979008 0.490553975
vt 0.738160014 0.512664974
vt 0.736979008 0.490553975
vt 0.653144002 0.514953017
vt 0.652957022 0.490752995
vt 0.738160014 0.512664974
vt 0.793686986 0.491881967
vt 0.793744028 0.514645994
vt 0.793686986 0.491881967
vt 0.738160014 0.512664974
vt 0.736979008 0.490553975
vt 0.581135988 0.256965041
vt 0.584114015 0.276551008
vt 0.530339003 0.293115020
vt 0.530339003 0.293115020
vt 0.584114015 0.276551008
vt 0.582162023 0.298696995
vt 0.869140983 0.021484017
vt 0.888191998 0.072624981
vt 0.871505022 0.084971011
vt 0.888191998 0.072624981
vt 0.869140983 0.021484017
vt 0.885742009 0.021484017
vt 0.888191998 0.072624981
vt 0.863281012 0.105113983
vt 0.871505022 0.084971011
vt 0.863281012 0.105113983
vt 0.888191998 0.072624981
vt 0.885742009 0.114257991
vt 0.885742009 0.114257991
vt 0.868164003 0.168945014
vt 0.863281012 0.105113983
vt 0.893554986 0.159179986
vt 0.885742009 0.114257991
vt 0.895425975 0.108398020
vt 0.570730984 0.614247978
vt 0.536706984 0.710126996
vt 0.525065005 0.615406990
vt 0.527616978 0.122007012
vt 0.547514975 0.120537996
vt 0.525273979 0.134815991
vt 0.506639004 0.136963010
vt 0.527616978 0.122007012
vt 0.525273979 0.134815991
vt 0.527616978 0.122007012
vt 0.506639004 0.136963010
vt 0.511723995 0.120523989
vt 0.527616978 0.122007012
vt 0.546214998 0.082282007
vt 0.547514975 0.120537996
vt 0.669470012 0.270747006
vt 0.618164003 0.292968988
vt 0.643554986 0.300781012
vt 0.519268990 0.215406001
vt 0.507490993 0.190946996
vt 0.516713977 0.185990989
vt 0.531343997 0.179243982
vt 0.549012005 0.158769011
vt 0.546370029 0.180019021
vt 0.519268990 0.215406001
vt 0.531343997 0.179243982
vt 0.544766009 0.208911002
vt 0.511838019 0.164178014
vt 0.500020027 0.166987002
vt 0.500020027 0.164115012
vt 0.516713977 0.185990989
vt 0.508843005 0.180235982
vt 0.516722977 0.180070996
vt 0.500020027 0.185442984
vt 0.507490993 0.190946996
vt 0.500020027 0.191702008
vt 0.507490993 0.190946996
vt 0.500020027 0.185442984
vt 0.508211017 0.185365021
vt 0.507490993 0.190946996
vt 0.519268990 0.215406001
vt 0.500020027 0.217769980
vt 0.531343997 0.179243982
vt 0.516713977 0.185990989
vt 0.516722977 0.180070996
vt 0.531343997 0.179243982
vt 0.546370029 0.180019021
vt 0.544766009 0.208911002
vt 0.569086015 0.180381000
vt 0.549012005 0.158769011
vt 0.562406003 0.156978965
vt 0.549012005 0.158769011
vt 0.569086015 0.180381000
vt 0.546370029 0.180019021
vt 0.522634983 0.154989004
vt 0.531343997 0.179243982
vt 0.516722977 0.180070996
vt 0.500020027 0.085316002
vt 0.511723995 0.120523989
vt 0.500020027 0.121057987
vt 0.511723995 0.120523989
vt 0.500020027 0.085316002
vt 0.521354020 0.081624031
vt 0.511723995 0.120523989
vt 0.500020027 0.136561990
vt 0.500020027 0.121057987
vt 0.500020027 0.136561990
vt 0.511723995 0.120523989
vt 0.506639004 0.136963010
vt 0.500020027 0.136561990
vt 0.511838019 0.164178014
vt 0.500020027 0.164115012
vt 0.511838019 0.164178014
vt 0.500020027 0.136561990
vt 0.506639004 0.136963010
vt 0.508774996 0.178252995
vt 0.516722977 0.180070996
vt 0.508843005 0.180235982
vt 0.652957022 0.490752995
vt 0.649137020 0.437250018
vt 0.673708975 0.444527030
vt 0.709439993 0.328637004
vt 0.675659001 0.331773996
vt 0.701475978 0.317799985
vt 0.661548018 0.377261996
vt 0.673708975 0.444527030
vt 0.649137020 0.437250018
vt 0.673708975 0.444527030
vt 0.661548018 0.377261996
vt 0.695272028 0.381792009
vt 0.673708975 0.444527030
vt 0.736979008 0.490553975
vt 0.652957022 0.490752995
vt 0.507490993 0.190946996
vt 0.500020027 0.217769980
vt 0.500020027 0.191702008
vt 0.793006003 0.254356027
vt 0.742295980 0.290917993
vt 0.753223002 0.238463998
vt 0.500020027 0.185442984
vt 0.508843005 0.180235982
vt 0.508211017 0.185365021
vt 0.508843005 0.180235982
vt 0.500020027 0.185442984
vt 0.500020027 0.179464996
vt 0.500020027 0.179464996
vt 0.500020027 0.177155018
vt 0.508774996 0.178252995
vt 0.511838019 0.164178014
vt 0.500020027 0.177155018
vt 0.500020027 0.166987002
vt 0.500020027 0.177155018
vt 0.511838019 0.164178014
vt 0.508774996 0.178252995
vt 0.733277977 0.326631010
vt 0.695272028 0.381792009
vt 0.709439993 0.328637004
vt 0.695272028 0.381792009
vt 0.733277977 0.326631010
vt 0.734070003 0.385779023
vt 0.695272028 0.381792009
vt 0.675659001 0.331773996
vt 0.709439993 0.328637004
vt 0.675659001 0.331773996
vt 0.695272028 0.381792009
vt 0.661548018 0.377261996
vt 0.675659001 0.331773996
vt 0.647917986 0.382986009
vt 0.643145978 0.348610044
vt 0.647917986 0.382986009
vt 0.675659001 0.331773996
vt 0.661548018 0.377261996
vt 0.643145978 0.348610044
vt 0.622389972 0.390200019
vt 0.627256989 0.348127961
vt 0.622389972 0.390200019
vt 0.643145978 0.348610044
vt 0.647917986 0.382986009
vt 0.608308971 0.382333040
vt 0.627256989 0.348127961
vt 0.622389972 0.390200019
vt 0.627256989 0.348127961
vt 0.608308971 0.382333040
vt 0.607674003 0.338801026
vt 0.518633008 0.419471025
vt 0.558381021 0.387524962
vt 0.559431016 0.417881966
vt 0.558381021 0.387524962
vt 0.518633008 0.419471025
vt 0.514535010 0.389885008
vt 0.559431016 0.417881966
vt 0.590888977 0.393837988
vt 0.587430000 0.417647958
vt 0.590888977 0.393837988
vt 0.559431016 0.417881966
vt 0.558381021 0.387524962
vt 0.544194996 0.339758992
vt 0.607613981 0.312407970
vt 0.607674003 0.338801026
vt 0.607613981 0.312407970
vt 0.544194996 0.339758992
vt 0.536203027 0.308075011
vt 0.858398020 0.022460997
vt 0.850277007 0.092405975
vt 0.848632991 0.022460997
vt 0.850277007 0.092405975
vt 0.858398020 0.022460997
vt 0.861688018 0.081054986
vt 0.861688018 0.081054986
vt 0.863281012 0.105113983
vt 0.850277007 0.092405975
vt 0.906455994 0.095600009
vt 0.927734017 0.077148020
vt 0.927734017 0.092535019
vt 0.927734017 0.077148020
vt 0.906455994 0.095600009
vt 0.913085997 0.081054986
vt 0.500020027 0.343077004
vt 0.536203027 0.308075011
vt 0.544194996 0.339758992
vt 0.536203027 0.308075011
vt 0.500020027 0.343077004
vt 0.500020027 0.311917007
vt 0.553619027 0.440935016
vt 0.587430000 0.417647958
vt 0.598990023 0.433920026
vt 0.587430000 0.417647958
vt 0.553619027 0.440935016
vt 0.559431016 0.417881966
vt 0.607545018 0.396968007
vt 0.590888977 0.393837988
vt 0.608308971 0.382333040
vt 0.608308971 0.382333040
vt 0.598887980 0.366322994
vt 0.607674003 0.338801026
vt 0.607674003 0.338801026
vt 0.553399026 0.364956975
vt 0.544194996 0.339758992
vt 0.553399026 0.364956975
vt 0.607674003 0.338801026
vt 0.598887980 0.366322994
vt 0.544194996 0.339758992
vt 0.514567971 0.368008018
vt 0.500020027 0.343077004
vt 0.507817984 0.390664995
vt 0.514567971 0.368008018
vt 0.514535010 0.389885008
vt 0.508276999 0.422407985
vt 0.514535010 0.389885008
vt 0.518633008 0.419471025
vt 0.514535010 0.389885008
vt 0.508276999 0.422407985
vt 0.507817984 0.390664995
vt 0.553619027 0.440935016
vt 0.518633008 0.419471025
vt 0.559431016 0.417881966
vt 0.590888977 0.393837988
vt 0.607545018 0.396968007
vt 0.587430000 0.417647958
vt 0.622389972 0.390200019
vt 0.607545018 0.396968007
vt 0.608308971 0.382333040
vt 0.587430000 0.417647958
vt 0.607545018 0.396968007
vt 0.598990023 0.433920026
vt 0.538447976 0.574256003
vt 0.500020027 0.602010012
vt 0.500020027 0.577425003
vt 0.555960000 0.040956974
vt 0.500020027 0.032590032
vt 0.520367026 0.021138012
vt 0.555960000 0.040956974
vt 0.546214998 0.082282007
vt 0.523550987 0.059907973
vt 0.564490974 0.138047993
vt 0.608635008 0.156174004
vt 0.591584980 0.156589031
vt 0.608635008 0.156174004
vt 0.564490974 0.138047993
vt 0.608363986 0.098655999
vt 0.792968988 0.433593988
vt 0.736979008 0.490553975
vt 0.737968028 0.441998959
vt 0.736979008 0.490553975
vt 0.792968988 0.433593988
vt 0.793686986 0.491881967
vt 0.530339003 0.293115020
vt 0.500020027 0.265570045
vt 0.531684995 0.246963024
vt 0.500020027 0.265570045
vt 0.530339003 0.293115020
vt 0.500020027 0.295863986
vt 0.520367026 0.021138012
vt 0.570107996 0.034664989
vt 0.555960000 0.040956974
vt 0.570107996 0.034664989
vt 0.520367026 0.021138012
vt 0.548618019 0.018235981
vt 0.500020027 0.265570045
vt 0.522579014 0.234095991
vt 0.531684995 0.246963024
vt 0.522579014 0.234095991
vt 0.500020027 0.265570045
vt 0.500020027 0.236706018
vt 0.500020027 0.061884999
vt 0.500020027 0.032590032
vt 0.523550987 0.059907973
vt 0.792899013 0.341328025
vt 0.734070003 0.385779023
vt 0.733277977 0.326631010
vt 0.734070003 0.385779023
vt 0.792899013 0.341328025
vt 0.793174028 0.387587011
vt 0.678894997 0.599689007
vt 0.737806976 0.630614996
vt 0.680325985 0.628423989
vt 0.913085997 0.056640983
vt 0.906455994 0.095600009
vt 0.895507991 0.072111011
vt 0.843750000 0.177734017
vt 0.863281012 0.105113983
vt 0.868164003 0.168945014
vt 0.895507991 0.072111011
vt 0.906455994 0.095600009
vt 0.895425975 0.108398020
vt 0.885742009 0.114257991
vt 0.895507991 0.072111011
vt 0.895425975 0.108398020
vt 0.518633008 0.419471025
vt 0.553619027 0.440935016
vt 0.521327019 0.436501026
vt 0.507817984 0.390664995
vt 0.500020027 0.430009961
vt 0.500020027 0.391445041
vt 0.500020027 0.430009961
vt 0.507817984 0.390664995
vt 0.508276999 0.422407985
vt 0.514567971 0.368008018
vt 0.507817984 0.390664995
vt 0.500020027 0.391445041
vt 0.518633008 0.419471025
vt 0.521327019 0.436501026
vt 0.508276999 0.422407985
vt 0.514567971 0.368008018
vt 0.500020027 0.391445041
vt 0.500020027 0.343077004
vt 0.514567971 0.368008018
vt 0.544194996 0.339758992
vt 0.553399026 0.364956975
vt 0.598887980 0.366322994
vt 0.608308971 0.382333040
vt 0.590888977 0.393837988
vt 0.940891981 0.043945014
vt 0.927734017 0.077148020
vt 0.924804986 0.056640983
vt 0.863281012 0.105113983
vt 0.844237983 0.124655008
vt 0.850277007 0.092405975
vt 0.956054986 0.113349974
vt 0.927734017 0.092535019
vt 0.955078006 0.076703012
vt 0.927734017 0.092535019
vt 0.956054986 0.113349974
vt 0.928710997 0.116178989
vt 0.929687023 0.157226980
vt 0.914062023 0.124616981
vt 0.928710997 0.116178989
vt 0.906455994 0.095600009
vt 0.914062023 0.124616981
vt 0.895425975 0.108398020
vt 0.914062023 0.124616981
vt 0.893554986 0.159179986
vt 0.895425975 0.108398020
vt 0.893554986 0.159179986
vt 0.914062023 0.124616981
vt 0.929687023 0.157226980
vt 0.701475978 0.317799985
vt 0.733277977 0.326631010
vt 0.709439993 0.328637004
vt 0.733277977 0.326631010
vt 0.701475978 0.317799985
vt 0.707886994 0.288816988
vt 0.582162023 0.298696995
vt 0.536203027 0.308075011
vt 0.530339003 0.293115020
vt 0.500020027 0.295863986
vt 0.536203027 0.308075011
vt 0.500020027 0.311917007
vt 0.521516979 0.440953016
vt 0.552788973 0.445852995
vt 0.551288009 0.483273029
vt 0.551288009 0.483273029
vt 0.595350981 0.446959972
vt 0.583743989 0.482629001
vt 0.595350981 0.446959972
vt 0.551288009 0.483273029
vt 0.552788973 0.445852995
vt 0.649137020 0.437250018
vt 0.583743989 0.482629001
vt 0.595350981 0.446959972
vt 0.583743989 0.482629001
vt 0.649137020 0.437250018
vt 0.652957022 0.490752995
vt 0.500020027 0.484166980
vt 0.521516979 0.440953016
vt 0.551288009 0.483273029
vt 0.521516979 0.440953016
vt 0.500020027 0.484166980
vt 0.500020027 0.430009961
vt 0.508276999 0.422407985
vt 0.521516979 0.440953016
vt 0.500020027 0.430009961
vt 0.521516979 0.440953016
vt 0.508276999 0.422407985
vt 0.521327019 0.436501026
vt 0.622389972 0.390200019
vt 0.595350981 0.446959972
vt 0.598990023 0.433920026
vt 0.595350981 0.446959972
vt 0.622389972 0.390200019
vt 0.647917986 0.382986009
vt 0.392425001 0.312407970
vt 0.417878002 0.298696995
vt 0.463836014 0.308075011
vt 0.401152015 0.366322994
vt 0.441659003 0.387524962
vt 0.409150004 0.393837988
vt 0.441659003 0.387524962
vt 0.401152015 0.366322994
vt 0.446640998 0.364956975
vt 0.246815994 0.238463998
vt 0.292151988 0.288816988
vt 0.257743001 0.290917993
vt 0.292151988 0.288816988
vt 0.246815994 0.238463998
vt 0.303011000 0.253208041
vt 0.333232999 0.543352008
vt 0.261880010 0.512664974
vt 0.346895993 0.514953017
vt 0.261880010 0.512664974
vt 0.333232999 0.543352008
vt 0.258951008 0.536864996
vt 0.421941996 0.527913988
vt 0.333232999 0.543352008
vt 0.346895993 0.514953017
vt 0.333232999 0.543352008
vt 0.421941996 0.527913988
vt 0.382115990 0.550504982
vt 0.456566006 0.530875027
vt 0.424299002 0.570487976
vt 0.421941996 0.527913988
vt 0.424299002 0.570487976
vt 0.456566006 0.530875027
vt 0.461591005 0.574256003
vt 0.446640998 0.364956975
vt 0.485505015 0.389885008
vt 0.441659003 0.387524962
vt 0.485505015 0.389885008
vt 0.446640998 0.364956975
vt 0.485471994 0.368008018
vt 0.258951008 0.536864996
vt 0.206295997 0.514645994
vt 0.261880010 0.512664974
vt 0.206295997 0.514645994
vt 0.258951008 0.536864996
vt 0.206295997 0.550405979
vt 0.262071997 0.441998959
vt 0.206865996 0.387587011
vt 0.265969008 0.385779023
vt 0.206865996 0.387587011
vt 0.262071997 0.441998959
vt 0.207030997 0.433593988
vt 0.429309011 0.614247978
vt 0.378564000 0.711304009
vt 0.385058999 0.613843977
vt 0.378564000 0.711304009
vt 0.429309011 0.614247978
vt 0.417968988 0.710937977
vt 0.378564000 0.711304009
vt 0.405454993 0.772382975
vt 0.367958993 0.775614977
vt 0.405454993 0.772382975
vt 0.378564000 0.711304009
vt 0.417968988 0.710937977
vt 0.214845002 0.617240012
vt 0.270554990 0.701014996
vt 0.223874003 0.700488985
vt 0.270554990 0.701014996
vt 0.214845002 0.617240012
vt 0.262232989 0.630614996
vt 0.223874003 0.700488985
vt 0.277025014 0.771606982
vt 0.229802996 0.770994008
vt 0.277025014 0.771606982
vt 0.223874003 0.700488985
vt 0.270554990 0.701014996
vt 0.270554990 0.701014996
vt 0.319712996 0.628423989
vt 0.322932988 0.704452991
vt 0.319712996 0.628423989
vt 0.270554990 0.701014996
vt 0.262232989 0.630614996
vt 0.270554990 0.701014996
vt 0.323960006 0.771239996
vt 0.277025014 0.771606982
vt 0.323960006 0.771239996
vt 0.270554990 0.701014996
vt 0.322932988 0.704452991
vt 0.319712996 0.628423989
vt 0.378564000 0.711304009
vt 0.322932988 0.704452991
vt 0.378564000 0.711304009
vt 0.319712996 0.628423989
vt 0.385058999 0.613843977
vt 0.322932988 0.704452991
vt 0.367958993 0.775614977
vt 0.323960006 0.771239996
vt 0.367958993 0.775614977
vt 0.322932988 0.704452991
vt 0.378564000 0.711304009
vt 0.337929994 0.208864987
vt 0.367226988 0.173828006
vt 0.341836989 0.173828006
vt 0.367226988 0.173828006
vt 0.337929994 0.208864987
vt 0.371870995 0.212080002
vt 0.395204008 0.832772970
vt 0.341940999 0.897114992
vt 0.354891986 0.829253972
vt 0.341940999 0.897114992
vt 0.395204008 0.832772970
vt 0.381345987 0.900777996
vt 0.381345987 0.900777996
vt 0.332868993 0.981710017
vt 0.341940999 0.897114992
vt 0.332868993 0.981710017
vt 0.381345987 0.900777996
vt 0.363146991 0.982919991
vt 0.240319997 0.829608023
vt 0.277597994 0.898123026
vt 0.248101994 0.899587989
vt 0.277597994 0.898123026
vt 0.240319997 0.829608023
vt 0.274940997 0.826837003
vt 0.248101994 0.899587989
vt 0.290017992 0.980964005
vt 0.261684000 0.981037021
vt 0.290017992 0.980964005
vt 0.248101994 0.899587989
vt 0.277597994 0.898123026
vt 0.274940997 0.826837003
vt 0.318794012 0.889396012
vt 0.277597994 0.898123026
vt 0.318794012 0.889396012
vt 0.274940997 0.826837003
vt 0.323381007 0.821501970
vt 0.277597994 0.898123026
vt 0.311843008 0.982357979
vt 0.290017992 0.980964005
vt 0.311843008 0.982357979
vt 0.277597994 0.898123026
vt 0.318794012 0.889396012
vt 0.323381007 0.821501970
vt 0.341940999 0.897114992
vt 0.318794012 0.889396012
vt 0.341940999 0.897114992
vt 0.323381007 0.821501970
vt 0.354891986 0.829253972
vt 0.318794012 0.889396012
vt 0.332868993 0.981710017
vt 0.311843008 0.982357979
vt 0.332868993 0.981710017
vt 0.318794012 0.889396012
vt 0.341940999 0.897114992
vt 0.385058999 0.613843977
vt 0.424299002 0.570487976
vt 0.429309011 0.614247978
vt 0.424299002 0.570487976
vt 0.385058999 0.613843977
vt 0.379476994 0.579429984
vt 0.461591005 0.574256003
vt 0.500020027 0.602010012
vt 0.474974990 0.615406990
vt 0.258951008 0.536864996
vt 0.331622988 0.571828008
vt 0.256298006 0.571488976
vt 0.331622988 0.571828008
vt 0.258951008 0.536864996
vt 0.333232999 0.543352008
vt 0.256298006 0.571488976
vt 0.321144998 0.599689007
vt 0.258780003 0.610526979
vt 0.321144998 0.599689007
vt 0.256298006 0.571488976
vt 0.331622988 0.571828008
vt 0.258780003 0.610526979
vt 0.321144998 0.599689007
vt 0.262232989 0.630614996
vt 0.395204008 0.832772970
vt 0.367958993 0.775614977
vt 0.405454993 0.772382975
vt 0.367958993 0.775614977
vt 0.395204008 0.832772970
vt 0.354891986 0.829253972
vt 0.354891986 0.829253972
vt 0.323960006 0.771239996
vt 0.367958993 0.775614977
vt 0.323960006 0.771239996
vt 0.354891986 0.829253972
vt 0.323381007 0.821501970
vt 0.323960006 0.771239996
vt 0.274940997 0.826837003
vt 0.277025014 0.771606982
vt 0.274940997 0.826837003
vt 0.323960006 0.771239996
vt 0.323381007 0.821501970
vt 0.277025014 0.771606982
vt 0.240319997 0.829608023
vt 0.229802996 0.770994008
vt 0.240319997 0.829608023
vt 0.277025014 0.771606982
vt 0.274940997 0.826837003
vt 0.333232999 0.543352008
vt 0.379476994 0.579429984
vt 0.331622988 0.571828008
vt 0.379476994 0.579429984
vt 0.333232999 0.543352008
vt 0.382115990 0.550504982
vt 0.331622988 0.571828008
vt 0.385058999 0.613843977
vt 0.321144998 0.599689007
vt 0.385058999 0.613843977
vt 0.331622988 0.571828008
vt 0.379476994 0.579429984
vt 0.321144998 0.599689007
vt 0.385058999 0.613843977
vt 0.319712996 0.628423989
vt 0.263060004 0.490553975
vt 0.262071997 0.441998959
vt 0.326330990 0.444527030
vt 0.350901991 0.437250018
vt 0.352122009 0.382986009
vt 0.404689014 0.446959972
vt 0.401048988 0.433920026
vt 0.447250992 0.445852995
vt 0.404689014 0.446959972
vt 0.447250992 0.445852995
vt 0.401048988 0.433920026
vt 0.446420997 0.440935016
vt 0.447250992 0.445852995
vt 0.478713006 0.436501026
vt 0.478522986 0.440953016
vt 0.478713006 0.436501026
vt 0.447250992 0.445852995
vt 0.446420997 0.440935016
vt 0.136758000 0.105113983
vt 0.155800998 0.124655008
vt 0.156289995 0.177734017
vt 0.131876007 0.168945014
vt 0.154337004 0.250977039
vt 0.131876007 0.243164003
vt 0.154337004 0.250977039
vt 0.131876007 0.168945014
vt 0.156289995 0.177734017
vt 0.071328998 0.116178989
vt 0.043008000 0.144531012
vt 0.043985002 0.113349974
vt 0.043008000 0.144531012
vt 0.071328998 0.116178989
vt 0.070352003 0.157226980
vt 0.043008000 0.144531012
vt 0.071328998 0.224609017
vt 0.048868001 0.231445014
vt 0.071328998 0.224609017
vt 0.043008000 0.144531012
vt 0.070352003 0.157226980
vt 0.093584001 0.095600009
vt 0.071328998 0.116178989
vt 0.072305001 0.092535019
vt 0.071328998 0.116178989
vt 0.093584001 0.095600009
vt 0.085977003 0.124616981
vt 0.070352003 0.157226980
vt 0.104532003 0.232421994
vt 0.071328998 0.224609017
vt 0.104532003 0.232421994
vt 0.070352003 0.157226980
vt 0.106485002 0.159179986
vt 0.114298001 0.114257991
vt 0.131876007 0.168945014
vt 0.106485002 0.159179986
vt 0.106485002 0.159179986
vt 0.131876007 0.243164003
vt 0.104532003 0.232421994
vt 0.131876007 0.243164003
vt 0.106485002 0.159179986
vt 0.131876007 0.168945014
vt 0.131876007 0.286132991
vt 0.149453998 0.393554986
vt 0.130898997 0.390625000
vt 0.149453998 0.393554986
vt 0.131876007 0.286132991
vt 0.153359994 0.293945014
vt 0.130898997 0.390625000
vt 0.150429994 0.458984017
vt 0.128946006 0.458007991
vt 0.150429994 0.458984017
vt 0.130898997 0.390625000
vt 0.149453998 0.393554986
vt 0.049844000 0.274414003
vt 0.083048001 0.369140983
vt 0.044962000 0.381835997
vt 0.083048001 0.369140983
vt 0.049844000 0.274414003
vt 0.074258000 0.271484017
vt 0.044962000 0.381835997
vt 0.089883000 0.453125000
vt 0.048868001 0.455078006
vt 0.089883000 0.453125000
vt 0.044962000 0.381835997
vt 0.083048001 0.369140983
vt 0.074258000 0.271484017
vt 0.106485002 0.381835997
vt 0.083048001 0.369140983
vt 0.106485002 0.381835997
vt 0.074258000 0.271484017
vt 0.103555001 0.276367009
vt 0.083048001 0.369140983
vt 0.109415002 0.454102039
vt 0.089883000 0.453125000
vt 0.109415002 0.454102039
vt 0.083048001 0.369140983
vt 0.106485002 0.381835997
vt 0.103555001 0.276367009
vt 0.130898997 0.390625000
vt 0.106485002 0.381835997
vt 0.130898997 0.390625000
vt 0.103555001 0.276367009
vt 0.131876007 0.286132991
vt 0.106485002 0.381835997
vt 0.128946006 0.458007991
vt 0.109415002 0.454102039
vt 0.128946006 0.458007991
vt 0.106485002 0.381835997
vt 0.130898997 0.390625000
vt 0.050820999 0.589695990
vt 0.084967002 0.564638972
vt 0.082070999 0.593750000
vt 0.084967002 0.564638972
vt 0.050820999 0.589695990
vt 0.052774001 0.585951984
vt 0.006876000 0.526367009
vt 0.023476999 0.552734017
vt 0.005899000 0.541992009
vt 0.023476999 0.552734017
vt 0.006876000 0.526367009
vt 0.024453999 0.535156012
vt 0.090860002 0.484375000
vt 0.049844000 0.516601980
vt 0.035195999 0.491210997
vt 0.049844000 0.516601980
vt 0.090860002 0.484375000
vt 0.088840000 0.525505006
vt 0.090860002 0.484375000
vt 0.102578998 0.527243972
vt 0.088840000 0.525505006
vt 0.102578998 0.527243972
vt 0.090860002 0.484375000
vt 0.110390998 0.487304986
vt 0.148477003 0.492187977
vt 0.102578998 0.527243972
vt 0.110390998 0.487304986
vt 0.102578998 0.527243972
vt 0.148477003 0.492187977
vt 0.143593997 0.524447024
vt 0.104532003 0.232421994
vt 0.131876007 0.286132991
vt 0.103555001 0.276367009
vt 0.131876007 0.286132991
vt 0.104532003 0.232421994
vt 0.131876007 0.243164003
vt 0.131876007 0.243164003
vt 0.153359994 0.293945014
vt 0.131876007 0.286132991
vt 0.153359994 0.293945014
vt 0.131876007 0.243164003
vt 0.154337004 0.250977039
vt 0.071328998 0.224609017
vt 0.049844000 0.274414003
vt 0.048868001 0.231445014
vt 0.049844000 0.274414003
vt 0.071328998 0.224609017
vt 0.074258000 0.271484017
vt 0.074258000 0.271484017
vt 0.104532003 0.232421994
vt 0.103555001 0.276367009
vt 0.104532003 0.232421994
vt 0.074258000 0.271484017
vt 0.071328998 0.224609017
vt 0.104532003 0.072111011
vt 0.111846998 0.072624981
vt 0.114298001 0.114257991
vt 0.111846998 0.072624981
vt 0.097695999 0.020507991
vt 0.114298001 0.021484017
vt 0.097695999 0.020507991
vt 0.111846998 0.072624981
vt 0.104532003 0.072111011
vt 0.326330990 0.444527030
vt 0.265969008 0.385779023
vt 0.304767013 0.381792009
vt 0.265969008 0.385779023
vt 0.326330990 0.444527030
vt 0.262071997 0.441998959
vt 0.303011000 0.253208041
vt 0.246815994 0.238463998
vt 0.273321003 0.226230979
vt 0.128535002 0.084971011
vt 0.141641006 0.022460997
vt 0.138352007 0.081054986
vt 0.141641006 0.022460997
vt 0.128535002 0.084971011
vt 0.130898997 0.021484017
vt 0.136758000 0.105113983
vt 0.128535002 0.084971011
vt 0.138352007 0.081054986
vt 0.292151988 0.288816988
vt 0.266761988 0.326631010
vt 0.257743001 0.290917993
vt 0.266761988 0.326631010
vt 0.207026005 0.282948971
vt 0.257743001 0.290917993
vt 0.207026005 0.282948971
vt 0.266761988 0.326631010
vt 0.207139999 0.341328025
vt 0.104532003 0.072111011
vt 0.086953998 0.056640983
vt 0.097695999 0.020507991
vt 0.093584001 0.095600009
vt 0.086953998 0.081054986
vt 0.086953998 0.056640983
vt 0.072305001 0.092535019
vt 0.059147999 0.043945014
vt 0.072305001 0.077148020
vt 0.059147999 0.043945014
vt 0.072305001 0.092535019
vt 0.044962000 0.076703012
vt 0.046914998 0.023437977
vt 0.059147999 0.043945014
vt 0.044962000 0.076703012
vt 0.392495006 0.396968007
vt 0.401048988 0.433920026
vt 0.377649009 0.390200019
vt 0.352122009 0.382986009
vt 0.350901991 0.437250018
vt 0.338492006 0.377261996
vt 0.128946006 0.458007991
vt 0.170938000 0.479492009
vt 0.148477003 0.492187977
vt 0.170938000 0.479492009
vt 0.128946006 0.458007991
vt 0.150429994 0.458984017
vt 0.128946006 0.458007991
vt 0.110390998 0.487304986
vt 0.109415002 0.454102039
vt 0.110390998 0.487304986
vt 0.128946006 0.458007991
vt 0.148477003 0.492187977
vt 0.109415002 0.454102039
vt 0.090860002 0.484375000
vt 0.089883000 0.453125000
vt 0.090860002 0.484375000
vt 0.109415002 0.454102039
vt 0.110390998 0.487304986
vt 0.090860002 0.484375000
vt 0.048868001 0.455078006
vt 0.089883000 0.453125000
vt 0.048868001 0.455078006
vt 0.090860002 0.484375000
vt 0.035195999 0.491210997
vt 0.246815994 0.238463998
vt 0.272531986 0.191477001
vt 0.273321003 0.226230979
vt 0.272531986 0.191477001
vt 0.246815994 0.238463998
vt 0.241714001 0.187471032
vt 0.207032993 0.254356027
vt 0.241714001 0.187471032
vt 0.246815994 0.238463998
vt 0.241714001 0.187471032
vt 0.207032993 0.254356027
vt 0.206986994 0.186818004
vt 0.088840000 0.525505006
vt 0.052774001 0.585951984
vt 0.049844000 0.516601980
vt 0.052774001 0.585951984
vt 0.088840000 0.525505006
vt 0.084967002 0.564638972
vt 0.049844000 0.516601980
vt 0.050820999 0.589695990
vt 0.046500001 0.523027003
vt 0.050820999 0.589695990
vt 0.049844000 0.516601980
vt 0.052774001 0.585951984
vt 0.134804994 0.587375998
vt 0.102578998 0.527243972
vt 0.143593997 0.524447024
vt 0.102578998 0.527243972
vt 0.134804994 0.587375998
vt 0.101039998 0.568130016
vt 0.101039998 0.568130016
vt 0.088840000 0.525505006
vt 0.102578998 0.527243972
vt 0.088840000 0.525505006
vt 0.101039998 0.568130016
vt 0.084967002 0.564638972
vt 0.148477003 0.492187977
vt 0.190468997 0.530273020
vt 0.170938000 0.528320014
vt 0.190468997 0.530273020
vt 0.148477003 0.492187977
vt 0.170938000 0.479492009
vt 0.016641000 0.511718988
vt 0.049844000 0.516601980
vt 0.040079001 0.518554986
vt 0.049844000 0.516601980
vt 0.016641000 0.511718988
vt 0.035195999 0.491210997
vt 0.049844000 0.516601980
vt 0.037149001 0.536132991
vt 0.040079001 0.518554986
vt 0.037149001 0.536132991
vt 0.049844000 0.516601980
vt 0.046500001 0.523027003
vt 0.152383000 0.523437977
vt 0.148477003 0.492187977
vt 0.170938000 0.528320014
vt 0.148477003 0.492187977
vt 0.152383000 0.523437977
vt 0.143593997 0.524447024
vt 0.170938000 0.528320014
vt 0.195352003 0.566406012
vt 0.184609994 0.565429986
vt 0.195352003 0.566406012
vt 0.170938000 0.528320014
vt 0.190468997 0.530273020
vt 0.016641000 0.511718988
vt 0.024453999 0.535156012
vt 0.006876000 0.526367009
vt 0.024453999 0.535156012
vt 0.016641000 0.511718988
vt 0.040079001 0.518554986
vt 0.040079001 0.518554986
vt 0.023476999 0.552734017
vt 0.024453999 0.535156012
vt 0.023476999 0.552734017
vt 0.040079001 0.518554986
vt 0.037149001 0.536132991
vt 0.152383000 0.523437977
vt 0.184609994 0.565429986
vt 0.162148997 0.565429986
vt 0.184609994 0.565429986
vt 0.152383000 0.523437977
vt 0.170938000 0.528320014
vt 0.297890991 0.123046994
vt 0.332071006 0.160156012
vt 0.294961989 0.134765983
vt 0.332071006 0.160156012
vt 0.297890991 0.123046994
vt 0.334024012 0.140625000
vt 0.354532003 0.011718988
vt 0.376993001 0.047851980
vt 0.366250992 0.050781012
vt 0.376993001 0.047851980
vt 0.354532003 0.011718988
vt 0.360345006 0.004238009
vt 0.344765991 0.027343988
vt 0.310586989 0.012695014
vt 0.354532003 0.011718988
vt 0.310586989 0.012695014
vt 0.344765991 0.027343988
vt 0.316446006 0.028320014
vt 0.281289995 0.045898020
vt 0.310586989 0.012695014
vt 0.295937985 0.047851980
vt 0.310586989 0.012695014
vt 0.281289995 0.045898020
vt 0.302940011 0.004357994
vt 0.334024012 0.069335997
vt 0.297890991 0.123046994
vt 0.314493001 0.049804986
vt 0.297890991 0.123046994
vt 0.334024012 0.069335997
vt 0.334024012 0.140625000
vt 0.376993001 0.047851980
vt 0.367226988 0.134765983
vt 0.366250992 0.050781012
vt 0.367226988 0.134765983
vt 0.376993001 0.047851980
vt 0.378946006 0.150390983
vt 0.371870995 0.212080002
vt 0.330570012 0.270747006
vt 0.381875992 0.292968988
vt 0.330570012 0.270747006
vt 0.371870995 0.212080002
vt 0.337929994 0.208864987
vt 0.281289995 0.045898020
vt 0.297890991 0.123046994
vt 0.294961989 0.134765983
vt 0.297890991 0.123046994
vt 0.281289995 0.045898020
vt 0.295937985 0.047851980
vt 0.461591005 0.574256003
vt 0.474974990 0.615406990
vt 0.429309011 0.614247978
vt 0.424299002 0.570487976
vt 0.461591005 0.574256003
vt 0.429309011 0.614247978
vt 0.429309011 0.614247978
vt 0.463333011 0.710126996
vt 0.417968988 0.710937977
vt 0.417968988 0.710937977
vt 0.448195010 0.772491992
vt 0.405454993 0.772382975
vt 0.448195010 0.772491992
vt 0.417968988 0.710937977
vt 0.463333011 0.710126996
vt 0.405454993 0.772382975
vt 0.434756011 0.844084024
vt 0.395204008 0.832772970
vt 0.434756011 0.844084024
vt 0.405454993 0.772382975
vt 0.448195010 0.772491992
vt 0.434756011 0.844084024
vt 0.381345987 0.900777996
vt 0.395204008 0.832772970
vt 0.381345987 0.900777996
vt 0.434756011 0.844084024
vt 0.414900988 0.909156978
vt 0.414900988 0.909156978
vt 0.363146991 0.982919991
vt 0.381345987 0.900777996
vt 0.363146991 0.982919991
vt 0.414900988 0.909156978
vt 0.386765987 0.983712018
vt 0.334024012 0.069335997
vt 0.367226988 0.134765983
vt 0.334024012 0.140625000
vt 0.367226988 0.134765983
vt 0.334024012 0.069335997
vt 0.346718997 0.052734017
vt 0.334024012 0.140625000
vt 0.378946006 0.150390983
vt 0.332071006 0.160156012
vt 0.378946006 0.150390983
vt 0.334024012 0.140625000
vt 0.367226988 0.134765983
vt 0.367226988 0.134765983
vt 0.346718997 0.052734017
vt 0.366250992 0.050781012
vt 0.346718997 0.052734017
vt 0.354532003 0.011718988
vt 0.366250992 0.050781012
vt 0.354532003 0.011718988
vt 0.346718997 0.052734017
vt 0.344765991 0.027343988
vt 0.310586989 0.012695014
vt 0.360345006 0.004238009
vt 0.354532003 0.011718988
vt 0.360345006 0.004238009
vt 0.310586989 0.012695014
vt 0.302940011 0.004357994
vt 0.316446006 0.028320014
vt 0.295937985 0.047851980
vt 0.310586989 0.012695014
vt 0.295937985 0.047851980
vt 0.316446006 0.028320014
vt 0.314493001 0.049804986
vt 0.295937985 0.047851980
vt 0.314493001 0.049804986
vt 0.297890991 0.123046994
vt 0.421941996 0.527913988
vt 0.424299002 0.570487976
vt 0.382115990 0.550504982
vt 0.382115990 0.550504982
vt 0.424299002 0.570487976
vt 0.379476994 0.579429984
vt 0.474974990 0.615406990
vt 0.500020027 0.602010012
vt 0.500000000 0.645353019
vt 0.437458009 0.203981996
vt 0.477459997 0.234095991
vt 0.468355000 0.246963024
vt 0.477459997 0.234095991
vt 0.437458009 0.203981996
vt 0.455273986 0.208911002
vt 0.274219990 0.150959969
vt 0.241714001 0.187471032
vt 0.242418006 0.148070991
vt 0.241714001 0.187471032
vt 0.274219990 0.150959969
vt 0.272531986 0.191477001
vt 0.444079995 0.040956974
vt 0.500020027 0.032590032
vt 0.476487994 0.059907973
vt 0.500020027 0.032590032
vt 0.444079995 0.040956974
vt 0.500020027 0.032590032
vt 0.472422987 0.122007012
vt 0.478684992 0.081624031
vt 0.488316000 0.120523989
vt 0.437458009 0.203981996
vt 0.453669995 0.180019021
vt 0.455273986 0.208911002
vt 0.453669995 0.180019021
vt 0.437458009 0.203981996
vt 0.430954009 0.180381000
vt 0.426358998 0.199554980
vt 0.430954009 0.180381000
vt 0.437458009 0.203981996
vt 0.430954009 0.180381000
vt 0.426358998 0.199554980
vt 0.408454001 0.156589031
vt 0.435548991 0.138047993
vt 0.453824997 0.082282007
vt 0.452524990 0.120537996
vt 0.453824997 0.082282007
vt 0.435548991 0.138047993
vt 0.427893996 0.082014024
vt 0.435548991 0.138047993
vt 0.391674995 0.098655999
vt 0.427893996 0.082014024
vt 0.242418006 0.148070991
vt 0.276313007 0.108739972
vt 0.274219990 0.150959969
vt 0.276313007 0.108739972
vt 0.242418006 0.148070991
vt 0.238648996 0.102984011
vt 0.206898004 0.100796998
vt 0.241318002 0.054843009
vt 0.238648996 0.102984011
vt 0.241318002 0.054843009
vt 0.206898004 0.100796998
vt 0.206875995 0.054886997
vt 0.426358998 0.199554980
vt 0.437458009 0.203981996
vt 0.468355000 0.246963024
vt 0.453824997 0.082282007
vt 0.478684992 0.081624031
vt 0.472422987 0.122007012
vt 0.451027989 0.158769011
vt 0.477405012 0.154989004
vt 0.468695998 0.179243982
vt 0.455273986 0.208911002
vt 0.480771005 0.215406001
vt 0.477459997 0.234095991
vt 0.480771005 0.215406001
vt 0.500020027 0.236706018
vt 0.477459997 0.234095991
vt 0.500020027 0.236706018
vt 0.480771005 0.215406001
vt 0.500020027 0.217769980
vt 0.476487994 0.059907973
vt 0.478684992 0.081624031
vt 0.453824997 0.082282007
vt 0.444079995 0.040956974
vt 0.391674995 0.098655999
vt 0.429931998 0.034664989
vt 0.391674995 0.098655999
vt 0.444079995 0.040956974
vt 0.427893996 0.082014024
vt 0.241318002 0.054843009
vt 0.206086993 0.023517013
vt 0.260176003 0.021135986
vt 0.206086993 0.023517013
vt 0.241318002 0.054843009
vt 0.206875995 0.054886997
vt 0.453824997 0.082282007
vt 0.427893996 0.082014024
vt 0.444079995 0.040956974
vt 0.206986994 0.186818004
vt 0.242418006 0.148070991
vt 0.241714001 0.187471032
vt 0.242418006 0.148070991
vt 0.206986994 0.186818004
vt 0.206944004 0.135722995
vt 0.206944004 0.135722995
vt 0.238648996 0.102984011
vt 0.242418006 0.148070991
vt 0.238648996 0.102984011
vt 0.206944004 0.135722995
vt 0.206898004 0.100796998
vt 0.241318002 0.054843009
vt 0.276313007 0.108739972
vt 0.238648996 0.102984011
vt 0.276313007 0.108739972
vt 0.241318002 0.054843009
vt 0.267751008 0.050693989
vt 0.260176003 0.021135986
vt 0.267751008 0.050693989
vt 0.241318002 0.054843009
vt 0.377171993 0.022050023
vt 0.396286011 0.021014988
vt 0.396961987 0.057325006
vt 0.396286011 0.021014988
vt 0.377171993 0.022050023
vt 0.387456000 0.001823008
vt 0.430954009 0.180381000
vt 0.421671003 0.156785011
vt 0.427313000 0.171406031
vt 0.421671003 0.156785011
vt 0.430954009 0.180381000
vt 0.408454001 0.156589031
vt 0.408454001 0.156589031
vt 0.425870001 0.147350013
vt 0.421671003 0.156785011
vt 0.425870001 0.147350013
vt 0.408454001 0.156589031
vt 0.435548991 0.138047993
vt 0.408376992 0.001451015
vt 0.396286011 0.021014988
vt 0.387456000 0.001823008
vt 0.396286011 0.021014988
vt 0.408376992 0.001451015
vt 0.420204997 0.025402009
vt 0.420204997 0.025402009
vt 0.396961987 0.057325006
vt 0.396286011 0.021014988
vt 0.396961987 0.057325006
vt 0.420204997 0.025402009
vt 0.406792015 0.059629023
vt 0.474765986 0.134815991
vt 0.451027989 0.158769011
vt 0.452524990 0.120537996
vt 0.451027989 0.158769011
vt 0.474765986 0.134815991
vt 0.477405012 0.154989004
vt 0.451027989 0.158769011
vt 0.435548991 0.138047993
vt 0.452524990 0.120537996
vt 0.435548991 0.138047993
vt 0.451027989 0.158769011
vt 0.437633991 0.156978965
vt 0.468355000 0.246963024
vt 0.418904006 0.256965041
vt 0.416653007 0.230322003
vt 0.418904006 0.256965041
vt 0.468355000 0.246963024
vt 0.469700992 0.293115020
vt 0.273321003 0.226230979
vt 0.319514006 0.231020987
vt 0.303011000 0.253208041
vt 0.416653007 0.230322003
vt 0.426358998 0.199554980
vt 0.468355000 0.246963024
vt 0.426358998 0.199554980
vt 0.416653007 0.230322003
vt 0.401097000 0.199389994
vt 0.401097000 0.199389994
vt 0.408454001 0.156589031
vt 0.426358998 0.199554980
vt 0.408454001 0.156589031
vt 0.401097000 0.199389994
vt 0.391404003 0.156174004
vt 0.463836014 0.308075011
vt 0.469700992 0.293115020
vt 0.500020027 0.295863986
vt 0.461591005 0.574256003
vt 0.500020027 0.531394005
vt 0.500020027 0.577425003
vt 0.500020027 0.531394005
vt 0.461591005 0.574256003
vt 0.456566006 0.530875027
vt 0.206295997 0.550405979
vt 0.256298006 0.571488976
vt 0.206295997 0.574527025
vt 0.256298006 0.571488976
vt 0.206295997 0.550405979
vt 0.258951008 0.536864996
vt 0.256298006 0.571488976
vt 0.206295997 0.589537978
vt 0.206295997 0.574527025
vt 0.206295997 0.589537978
vt 0.256298006 0.571488976
vt 0.258780003 0.610526979
vt 0.206295997 0.589537978
vt 0.262232989 0.630614996
vt 0.216119006 0.603685975
vt 0.262232989 0.630614996
vt 0.206295997 0.589537978
vt 0.258780003 0.610526979
vt 0.207032993 0.254356027
vt 0.257743001 0.290917993
vt 0.207026005 0.282948971
vt 0.216119006 0.603685975
vt 0.262232989 0.630614996
vt 0.215428993 0.610082984
vt 0.262232989 0.630614996
vt 0.214845002 0.617240012
vt 0.215428993 0.610082984
vt 0.483316988 0.180070996
vt 0.488202006 0.164178014
vt 0.491264999 0.178252995
vt 0.478684992 0.081624031
vt 0.500020027 0.061884999
vt 0.500020027 0.085316002
vt 0.500020027 0.061884999
vt 0.478684992 0.081624031
vt 0.476487994 0.059907973
vt 0.477405012 0.154989004
vt 0.493400991 0.136963010
vt 0.488202006 0.164178014
vt 0.493400991 0.136963010
vt 0.477405012 0.154989004
vt 0.474765986 0.134815991
vt 0.500020027 0.484166980
vt 0.456566006 0.530875027
vt 0.448751986 0.483273029
vt 0.456566006 0.530875027
vt 0.500020027 0.484166980
vt 0.500020027 0.531394005
vt 0.448751986 0.483273029
vt 0.421941996 0.527913988
vt 0.416294992 0.482629001
vt 0.421941996 0.527913988
vt 0.448751986 0.483273029
vt 0.456566006 0.530875027
vt 0.416294992 0.482629001
vt 0.346895993 0.514953017
vt 0.347081989 0.490752995
vt 0.346895993 0.514953017
vt 0.416294992 0.482629001
vt 0.421941996 0.527913988
vt 0.346895993 0.514953017
vt 0.263060004 0.490553975
vt 0.347081989 0.490752995
vt 0.263060004 0.490553975
vt 0.346895993 0.514953017
vt 0.261880010 0.512664974
vt 0.261880010 0.512664974
vt 0.206352994 0.491881967
vt 0.263060004 0.490553975
vt 0.206352994 0.491881967
vt 0.261880010 0.512664974
vt 0.206295997 0.514645994
vt 0.418904006 0.256965041
vt 0.469700992 0.293115020
vt 0.415926009 0.276551008
vt 0.469700992 0.293115020
vt 0.417878002 0.298696995
vt 0.415926009 0.276551008
vt 0.130898997 0.021484017
vt 0.111846998 0.072624981
vt 0.114298001 0.021484017
vt 0.111846998 0.072624981
vt 0.130898997 0.021484017
vt 0.128535002 0.084971011
vt 0.136758000 0.105113983
vt 0.111846998 0.072624981
vt 0.128535002 0.084971011
vt 0.111846998 0.072624981
vt 0.136758000 0.105113983
vt 0.114298001 0.114257991
vt 0.114298001 0.114257991
vt 0.136758000 0.105113983
vt 0.131876007 0.168945014
vt 0.106485002 0.159179986
vt 0.104613997 0.108398020
vt 0.114298001 0.114257991
vt 0.429309011 0.614247978
vt 0.474974990 0.615406990
vt 0.463333011 0.710126996
vt 0.472422987 0.122007012
vt 0.474765986 0.134815991
vt 0.452524990 0.120537996
vt 0.493400991 0.136963010
vt 0.472422987 0.122007012
vt 0.488316000 0.120523989
vt 0.472422987 0.122007012
vt 0.493400991 0.136963010
vt 0.474765986 0.134815991
vt 0.472422987 0.122007012
vt 0.452524990 0.120537996
vt 0.453824997 0.082282007
vt 0.330570012 0.270747006
vt 0.356485009 0.300781012
vt 0.381875992 0.292968988
vt 0.480771005 0.215406001
vt 0.483325988 0.185990989
vt 0.492547989 0.190946996
vt 0.468695998 0.179243982
vt 0.453669995 0.180019021
vt 0.451027989 0.158769011
vt 0.480771005 0.215406001
vt 0.455273986 0.208911002
vt 0.468695998 0.179243982
vt 0.492547989 0.190946996
vt 0.483325988 0.185990989
vt 0.491829008 0.185365021
vt 0.488202006 0.164178014
vt 0.500020027 0.164115012
vt 0.500020027 0.166987002
vt 0.491196990 0.180235982
vt 0.483325988 0.185990989
vt 0.483316988 0.180070996
vt 0.500020027 0.185442984
vt 0.492547989 0.190946996
vt 0.491829008 0.185365021
vt 0.492547989 0.190946996
vt 0.500020027 0.185442984
vt 0.500020027 0.191702008
vt 0.492547989 0.190946996
vt 0.500020027 0.217769980
vt 0.480771005 0.215406001
vt 0.468695998 0.179243982
vt 0.483316988 0.180070996
vt 0.483325988 0.185990989
vt 0.468695998 0.179243982
vt 0.455273986 0.208911002
vt 0.453669995 0.180019021
vt 0.430954009 0.180381000
vt 0.451027989 0.158769011
vt 0.453669995 0.180019021
vt 0.451027989 0.158769011
vt 0.430954009 0.180381000
vt 0.437633991 0.156978965
vt 0.477405012 0.154989004
vt 0.483316988 0.180070996
vt 0.468695998 0.179243982
vt 0.500020027 0.085316002
vt 0.488316000 0.120523989
vt 0.478684992 0.081624031
vt 0.488316000 0.120523989
vt 0.500020027 0.085316002
vt 0.500020027 0.121057987
vt 0.488316000 0.120523989
vt 0.500020027 0.136561990
vt 0.493400991 0.136963010
vt 0.500020027 0.136561990
vt 0.488316000 0.120523989
vt 0.500020027 0.121057987
vt 0.500020027 0.136561990
vt 0.488202006 0.164178014
vt 0.493400991 0.136963010
vt 0.488202006 0.164178014
vt 0.500020027 0.136561990
vt 0.500020027 0.164115012
vt 0.491264999 0.178252995
vt 0.491196990 0.180235982
vt 0.483316988 0.180070996
vt 0.347081989 0.490752995
vt 0.326330990 0.444527030
vt 0.350901991 0.437250018
vt 0.290598989 0.328637004
vt 0.298563987 0.317799985
vt 0.324380994 0.331773996
vt 0.338492006 0.377261996
vt 0.326330990 0.444527030
vt 0.304767013 0.381792009
vt 0.326330990 0.444527030
vt 0.338492006 0.377261996
vt 0.350901991 0.437250018
vt 0.326330990 0.444527030
vt 0.347081989 0.490752995
vt 0.263060004 0.490553975
vt 0.492547989 0.190946996
vt 0.500020027 0.191702008
vt 0.500020027 0.217769980
vt 0.207032993 0.254356027
vt 0.246815994 0.238463998
vt 0.257743001 0.290917993
vt 0.500020027 0.185442984
vt 0.491196990 0.180235982
vt 0.500020027 0.179464996
vt 0.491196990 0.180235982
vt 0.500020027 0.185442984
vt 0.491829008 0.185365021
vt 0.500020027 0.179464996
vt 0.491264999 0.178252995
vt 0.500020027 0.177155018
vt 0.488202006 0.164178014
vt 0.500020027 0.177155018
vt 0.491264999 0.178252995
vt 0.500020027 0.177155018
vt 0.488202006 0.164178014
vt 0.500020027 0.166987002
vt 0.266761988 0.326631010
vt 0.304767013 0.381792009
vt 0.265969008 0.385779023
vt 0.304767013 0.381792009
vt 0.266761988 0.326631010
vt 0.290598989 0.328637004
vt 0.304767013 0.381792009
vt 0.324380994 0.331773996
vt 0.338492006 0.377261996
vt 0.324380994 0.331773996
vt 0.304767013 0.381792009
vt 0.290598989 0.328637004
vt 0.324380994 0.331773996
vt 0.352122009 0.382986009
vt 0.338492006 0.377261996
vt 0.352122009 0.382986009
vt 0.324380994 0.331773996
vt 0.356893986 0.348610044
vt 0.356893986 0.348610044
vt 0.377649009 0.390200019
vt 0.352122009 0.382986009
vt 0.377649009 0.390200019
vt 0.356893986 0.348610044
vt 0.372781992 0.348127961
vt 0.391730011 0.382333040
vt 0.372781992 0.348127961
vt 0.392365992 0.338801026
vt 0.372781992 0.348127961
vt 0.391730011 0.382333040
vt 0.377649009 0.390200019
vt 0.481406987 0.419471025
vt 0.441659003 0.387524962
vt 0.485505015 0.389885008
vt 0.441659003 0.387524962
vt 0.481406987 0.419471025
vt 0.440607995 0.417881966
vt 0.440607995 0.417881966
vt 0.409150004 0.393837988
vt 0.441659003 0.387524962
vt 0.409150004 0.393837988
vt 0.440607995 0.417881966
vt 0.412609994 0.417647958
vt 0.455844015 0.339758992
vt 0.392425001 0.312407970
vt 0.463836014 0.308075011
vt 0.392425001 0.312407970
vt 0.455844015 0.339758992
vt 0.392365992 0.338801026
vt 0.149762005 0.092405975
vt 0.141641006 0.022460997
vt 0.151407003 0.022460997
vt 0.141641006 0.022460997
vt 0.149762005 0.092405975
vt 0.138352007 0.081054986
vt 0.138352007 0.081054986
vt 0.149762005 0.092405975
vt 0.136758000 0.105113983
vt 0.093584001 0.095600009
vt 0.072305001 0.077148020
vt 0.086953998 0.081054986
vt 0.072305001 0.077148020
vt 0.093584001 0.095600009
vt 0.072305001 0.092535019
vt 0.500020027 0.343077004
vt 0.463836014 0.308075011
vt 0.500020027 0.311917007
vt 0.463836014 0.308075011
vt 0.500020027 0.343077004
vt 0.455844015 0.339758992
vt 0.446420997 0.440935016
vt 0.412609994 0.417647958
vt 0.440607995 0.417881966
vt 0.412609994 0.417647958
vt 0.446420997 0.440935016
vt 0.401048988 0.433920026
vt 0.392495006 0.396968007
vt 0.391730011 0.382333040
vt 0.409150004 0.393837988
vt 0.391730011 0.382333040
vt 0.392365992 0.338801026
vt 0.401152015 0.366322994
vt 0.392365992 0.338801026
vt 0.446640998 0.364956975
vt 0.401152015 0.366322994
vt 0.446640998 0.364956975
vt 0.392365992 0.338801026
vt 0.455844015 0.339758992
vt 0.455844015 0.339758992
vt 0.500020027 0.343077004
vt 0.485471994 0.368008018
vt 0.492222011 0.390664995
vt 0.485505015 0.389885008
vt 0.485471994 0.368008018
vt 0.491762996 0.422407985
vt 0.485505015 0.389885008
vt 0.492222011 0.390664995
vt 0.485505015 0.389885008
vt 0.491762996 0.422407985
vt 0.481406987 0.419471025
vt 0.446420997 0.440935016
vt 0.440607995 0.417881966
vt 0.481406987 0.419471025
vt 0.409150004 0.393837988
vt 0.412609994 0.417647958
vt 0.392495006 0.396968007
vt 0.377649009 0.390200019
vt 0.391730011 0.382333040
vt 0.392495006 0.396968007
vt 0.412609994 0.417647958
vt 0.401048988 0.433920026
vt 0.392495006 0.396968007
vt 0.461591005 0.574256003
vt 0.500020027 0.577425003
vt 0.500020027 0.602010012
vt 0.444079995 0.040956974
vt 0.479672015 0.021138012
vt 0.500020027 0.032590032
vt 0.444079995 0.040956974
vt 0.476487994 0.059907973
vt 0.453824997 0.082282007
vt 0.435548991 0.138047993
vt 0.391404003 0.156174004
vt 0.391674995 0.098655999
vt 0.391404003 0.156174004
vt 0.435548991 0.138047993
vt 0.408454001 0.156589031
vt 0.207030997 0.433593988
vt 0.263060004 0.490553975
vt 0.206352994 0.491881967
vt 0.263060004 0.490553975
vt 0.207030997 0.433593988
vt 0.262071997 0.441998959
vt 0.469700992 0.293115020
vt 0.500020027 0.265570045
vt 0.500020027 0.295863986
vt 0.500020027 0.265570045
vt 0.469700992 0.293115020
vt 0.468355000 0.246963024
vt 0.479672015 0.021138012
vt 0.429931998 0.034664989
vt 0.451422006 0.018235981
vt 0.429931998 0.034664989
vt 0.479672015 0.021138012
vt 0.444079995 0.040956974
vt 0.500020027 0.265570045
vt 0.477459997 0.234095991
vt 0.500020027 0.236706018
vt 0.477459997 0.234095991
vt 0.500020027 0.265570045
vt 0.468355000 0.246963024
vt 0.500020027 0.061884999
vt 0.476487994 0.059907973
vt 0.500020027 0.032590032
vt 0.207139999 0.341328025
vt 0.265969008 0.385779023
vt 0.206865996 0.387587011
vt 0.265969008 0.385779023
vt 0.207139999 0.341328025
vt 0.266761988 0.326631010
vt 0.321144998 0.599689007
vt 0.319712996 0.628423989
vt 0.262232989 0.630614996
vt 0.086953998 0.056640983
vt 0.104532003 0.072111011
vt 0.093584001 0.095600009
vt 0.156289995 0.177734017
vt 0.131876007 0.168945014
vt 0.136758000 0.105113983
vt 0.104532003 0.072111011
vt 0.104613997 0.108398020
vt 0.093584001 0.095600009
vt 0.114298001 0.114257991
vt 0.104613997 0.108398020
vt 0.104532003 0.072111011
vt 0.481406987 0.419471025
vt 0.478713006 0.436501026
vt 0.446420997 0.440935016
vt 0.492222011 0.390664995
vt 0.500020027 0.430009961
vt 0.491762996 0.422407985
vt 0.500020027 0.430009961
vt 0.492222011 0.390664995
vt 0.500020027 0.391445041
vt 0.485471994 0.368008018
vt 0.500020027 0.391445041
vt 0.492222011 0.390664995
vt 0.481406987 0.419471025
vt 0.491762996 0.422407985
vt 0.478713006 0.436501026
vt 0.485471994 0.368008018
vt 0.500020027 0.343077004
vt 0.500020027 0.391445041
vt 0.485471994 0.368008018
vt 0.446640998 0.364956975
vt 0.455844015 0.339758992
vt 0.401152015 0.366322994
vt 0.409150004 0.393837988
vt 0.391730011 0.382333040
vt 0.059147999 0.043945014
vt 0.075235002 0.056640983
vt 0.072305001 0.077148020
vt 0.136758000 0.105113983
vt 0.149762005 0.092405975
vt 0.155800998 0.124655008
vt 0.043985002 0.113349974
vt 0.072305001 0.092535019
vt 0.071328998 0.116178989
vt 0.072305001 0.092535019
vt 0.043985002 0.113349974
vt 0.044962000 0.076703012
vt 0.070352003 0.157226980
vt 0.071328998 0.116178989
vt 0.085977003 0.124616981
vt 0.093584001 0.095600009
vt 0.104613997 0.108398020
vt 0.085977003 0.124616981
vt 0.085977003 0.124616981
vt 0.106485002 0.159179986
vt 0.070352003 0.157226980
vt 0.106485002 0.159179986
vt 0.085977003 0.124616981
vt 0.104613997 0.108398020
vt 0.298563987 0.317799985
vt 0.266761988 0.326631010
vt 0.292151988 0.288816988
vt 0.266761988 0.326631010
vt 0.298563987 0.317799985
vt 0.290598989 0.328637004
vt 0.417878002 0.298696995
vt 0.469700992 0.293115020
vt 0.463836014 0.308075011
vt 0.500020027 0.295863986
vt 0.500020027 0.311917007
vt 0.463836014 0.308075011
vt 0.478522986 0.440953016
vt 0.448751986 0.483273029
vt 0.447250992 0.445852995
vt 0.448751986 0.483273029
vt 0.404689014 0.446959972
vt 0.447250992 0.445852995
vt 0.404689014 0.446959972
vt 0.448751986 0.483273029
vt 0.416294992 0.482629001
vt 0.350901991 0.437250018
vt 0.416294992 0.482629001
vt 0.347081989 0.490752995
vt 0.416294992 0.482629001
vt 0.350901991 0.437250018
vt 0.404689014 0.446959972
vt 0.500020027 0.484166980
vt 0.448751986 0.483273029
vt 0.478522986 0.440953016
vt 0.478522986 0.440953016
vt 0.500020027 0.430009961
vt 0.500020027 0.484166980
vt 0.491762996 0.422407985
vt 0.478522986 0.440953016
vt 0.478713006 0.436501026
vt 0.478522986 0.440953016
vt 0.491762996 0.422407985
vt 0.500020027 0.430009961
vt 0.377649009 0.390200019
vt 0.404689014 0.446959972
vt 0.352122009 0.382986009
vt 0.404689014 0.446959972
vt 0.377649009 0.390200019
vt 0.401048988 0.433920026
vt 0.198927000 0.849821985
vt 0.160914004 0.913613975
vt 0.147477999 0.849821985
vt 0.160914004 0.913613975
vt 0.198927000 0.849821985
vt 0.204245999 0.913613975
vt 0.193029001 0.793536007
vt 0.147477999 0.849821985
vt 0.148796007 0.793536007
vt 0.147477999 0.849821985
vt 0.193029001 0.793536007
vt 0.198927000 0.849821985
vt 0.183594003 0.738281012
vt 0.148796007 0.793536007
vt 0.132813007 0.738281012
vt 0.148796007 0.793536007
vt 0.183594003 0.738281012
vt 0.193029001 0.793536007
vt 0.170993999 0.676407993
vt 0.132813007 0.738281012
vt 0.124278001 0.685754001
vt 0.132813007 0.738281012
vt 0.170993999 0.676407993
vt 0.183594003 0.738281012
vt 0.124278001 0.685754001
vt 0.153174996 0.639822006
vt 0.170993999 0.676407993
vt 0.164989993 0.988445997
vt 0.204245999 0.913613975
vt 0.212116003 0.989525020
vt 0.204245999 0.913613975
vt 0.164989993 0.988445997
vt 0.160914004 0.913613975
vt 0.846893013 0.896000028
vt 0.895636022 0.980961025
vt 0.848824978 0.980961025
vt 0.895636022 0.980961025
vt 0.846893013 0.896000028
vt 0.895636022 0.896000028
vt 0.895636022 0.825999975
vt 0.846893013 0.896000028
vt 0.850614011 0.825999975
vt 0.846893013 0.896000028
vt 0.895636022 0.825999975
vt 0.895636022 0.896000028
vt 0.895636022 0.825999975
vt 0.850766003 0.772000015
vt 0.895636022 0.772000015
vt 0.850766003 0.772000015
vt 0.895636022 0.825999975
vt 0.850614011 0.825999975
vt 0.895636022 0.696080983
vt 0.850766003 0.772000015
vt 0.850458026 0.698459983
vt 0.850766003 0.772000015
vt 0.895636022 0.696080983
vt 0.895636022 0.772000015
vt 0.850458026 0.698459983
vt 0.895636022 0.662880003
vt 0.895636022 0.696080983
vt 0.080286004 0.849821985
vt 0.113692999 0.913613975
vt 0.069265999 0.913613975
vt 0.113692999 0.913613975
vt 0.080286004 0.849821985
vt 0.113692999 0.849821985
vt 0.077211000 0.793536007
vt 0.113692999 0.849821985
vt 0.080286004 0.849821985
vt 0.113692999 0.849821985
vt 0.077211000 0.793536007
vt 0.113692999 0.793536007
vt 0.093750000 0.738281012
vt 0.113692999 0.793536007
vt 0.077211000 0.793536007
vt 0.113692999 0.793536007
vt 0.093750000 0.738281012
vt 0.113280997 0.738281012
vt 0.102254003 0.685582995
vt 0.113280997 0.738281012
vt 0.093750000 0.738281012
vt 0.113280997 0.738281012
vt 0.102254003 0.685582995
vt 0.113692999 0.687839985
vt 0.113692999 0.639822006
vt 0.102254003 0.685582995
vt 0.074210003 0.639822006
vt 0.069265999 0.913613975
vt 0.113692999 0.987275004
vt 0.064565003 0.988395989
vt 0.113692999 0.987275004
vt 0.069265999 0.913613975
vt 0.113692999 0.913613975
vt 0.939951003 0.980961025
vt 0.979875028 0.896000028
vt 0.979875028 0.980961025
vt 0.979875028 0.896000028
vt 0.939951003 0.980961025
vt 0.941048980 0.896000028
vt 0.941048980 0.896000028
vt 0.979875028 0.825999975
vt 0.979875028 0.896000028
vt 0.979875028 0.825999975
vt 0.941048980 0.896000028
vt 0.940590978 0.825999975
vt 0.979875028 0.772000015
vt 0.940590978 0.825999975
vt 0.940344989 0.772000015
vt 0.940590978 0.825999975
vt 0.979875028 0.772000015
vt 0.979875028 0.825999975
vt 0.936286986 0.698194027
vt 0.979875028 0.772000015
vt 0.940344989 0.772000015
vt 0.979875028 0.772000015
vt 0.936286986 0.698194027
vt 0.979875028 0.700999975
vt 0.895636022 0.642176986
vt 0.932272017 0.644189000
vt 0.895636022 0.662880003
vt 0.932272017 0.644189000
vt 0.936286986 0.698194027
vt 0.895636022 0.662880003
vt 0.074210003 0.639822006
vt 0.102254003 0.685582995
vt 0.056391999 0.676407993
vt 0.102254003 0.685582995
vt 0.113692999 0.639822006
vt 0.113692999 0.687839985
vt 0.093750000 0.738281012
vt 0.056391999 0.676407993
vt 0.102254003 0.685582995
vt 0.056391999 0.676407993
vt 0.093750000 0.738281012
vt 0.042969000 0.738281012
vt 0.077211000 0.793536007
vt 0.042969000 0.738281012
vt 0.093750000 0.738281012
vt 0.042969000 0.738281012
vt 0.077211000 0.793536007
vt 0.034357000 0.793536007
vt 0.080286004 0.849821985
vt 0.034357000 0.793536007
vt 0.077211000 0.793536007
vt 0.034357000 0.793536007
vt 0.080286004 0.849821985
vt 0.028458999 0.849821985
vt 0.069265999 0.913613975
vt 0.028458999 0.849821985
vt 0.080286004 0.849821985
vt 0.028458999 0.849821985
vt 0.069265999 0.913613975
vt 0.023140000 0.913613975
vt 0.064565003 0.988395989
vt 0.023140000 0.913613975
vt 0.069265999 0.913613975
vt 0.023140000 0.913613975
vt 0.064565003 0.988395989
vt 0.015270000 0.989525020
vt 0.113692999 0.639822006
vt 0.124278001 0.685754001
vt 0.113692999 0.687839985
vt 0.124278001 0.685754001
vt 0.113692999 0.639822006
vt 0.153174996 0.639822006
vt 0.113280997 0.738281012
vt 0.124278001 0.685754001
vt 0.132813007 0.738281012
vt 0.124278001 0.685754001
vt 0.113280997 0.738281012
vt 0.113692999 0.687839985
vt 0.113692999 0.793536007
vt 0.132813007 0.738281012
vt 0.148796007 0.793536007
vt 0.132813007 0.738281012
vt 0.113692999 0.793536007
vt 0.113280997 0.738281012
vt 0.113692999 0.849821985
vt 0.148796007 0.793536007
vt 0.147477999 0.849821985
vt 0.148796007 0.793536007
vt 0.113692999 0.849821985
vt 0.113692999 0.793536007
vt 0.113692999 0.913613975
vt 0.147477999 0.849821985
vt 0.160914004 0.913613975
vt 0.147477999 0.849821985
vt 0.113692999 0.913613975
vt 0.113692999 0.849821985
vt 0.113692999 0.987275004
vt 0.160914004 0.913613975
vt 0.164989993 0.988445997
vt 0.160914004 0.913613975
vt 0.113692999 0.987275004
vt 0.113692999 0.913613975
vt 0.811397016 0.647997022
vt 0.850458026 0.698459983
vt 0.811397016 0.700999975
vt 0.850458026 0.698459983
vt 0.811397016 0.647997022
vt 0.858726978 0.644180000
vt 0.850458026 0.698459983
vt 0.811397016 0.772000015
vt 0.811397016 0.700999975
vt 0.811397016 0.772000015
vt 0.850458026 0.698459983
vt 0.850766003 0.772000015
vt 0.850614011 0.825999975
vt 0.811397016 0.772000015
vt 0.850766003 0.772000015
vt 0.811397016 0.772000015
vt 0.850614011 0.825999975
vt 0.811397016 0.825999975
vt 0.846893013 0.896000028
vt 0.811397016 0.825999975
vt 0.850614011 0.825999975
vt 0.811397016 0.825999975
vt 0.846893013 0.896000028
vt 0.811397016 0.896000028
vt 0.848824978 0.980961025
vt 0.811397016 0.896000028
vt 0.846893013 0.896000028
vt 0.811397016 0.896000028
vt 0.848824978 0.980961025
vt 0.811397016 0.980961025
vt 0.895636022 0.662880003
vt 0.936286986 0.698194027
vt 0.895636022 0.696080983
vt 0.895636022 0.696080983
vt 0.940344989 0.772000015
vt 0.895636022 0.772000015
vt 0.940344989 0.772000015
vt 0.895636022 0.696080983
vt 0.936286986 0.698194027
vt 0.895636022 0.825999975
vt 0.940344989 0.772000015
vt 0.940590978 0.825999975
vt 0.940344989 0.772000015
vt 0.895636022 0.825999975
vt 0.895636022 0.772000015
vt 0.941048980 0.896000028
vt 0.895636022 0.825999975
vt 0.940590978 0.825999975
vt 0.895636022 0.825999975
vt 0.941048980 0.896000028
vt 0.895636022 0.896000028
vt 0.895636022 0.980961025
vt 0.941048980 0.896000028
vt 0.939951003 0.980961025
vt 0.941048980 0.896000028
vt 0.895636022 0.980961025
vt 0.895636022 0.896000028
vt 0.850458026 0.698459983
vt 0.858726978 0.644180000
vt 0.895636022 0.662880003
vt 0.858726978 0.644180000
vt 0.895636022 0.642176986
vt 0.895636022 0.662880003
vt 0.979875028 0.647997022
vt 0.936286986 0.698194027
vt 0.932272017 0.644189000
vt 0.936286986 0.698194027
vt 0.979875028 0.647997022
vt 0.979875028 0.700999975
vt 0.511838019 0.164178014
vt 0.516722977 0.180070996
vt 0.508774996 0.178252995
vt 0.488202006 0.164178014
vt 0.483316988 0.180070996
vt 0.477405012 0.154989004
vt 0.508211017 0.185365021
vt 0.516713977 0.185990989
vt 0.507490993 0.190946996
vt 0.468695998 0.179243982
vt 0.483325988 0.185990989
vt 0.480771005 0.215406001
vt 0.516713977 0.185990989
vt 0.531343997 0.179243982
vt 0.519268990 0.215406001
vt 0.491264999 0.178252995
vt 0.500020027 0.179464996
vt 0.491196990 0.180235982
vt 0.500020027 0.179464996
vt 0.508774996 0.178252995
vt 0.508843005 0.180235982
vt 0.483325988 0.185990989
vt 0.491196990 0.180235982
vt 0.491829008 0.185365021
vt 0.508843005 0.180235982
vt 0.516713977 0.185990989
vt 0.508211017 0.185365021
vn 0.104700098 0.977501227 -0.183109913
vn -0.081234025 0.865013991 -0.495128094
vn -0.303090024 0.779532801 -0.548146923
vn 0.554150121 0.641619171 -0.530322999
vn 0.286227040 0.925127582 -0.249425416
vn 0.074280478 0.874969079 -0.478446989
vn 0.286227040 0.925127582 -0.249425416
vn 0.554150121 0.641619171 -0.530322999
vn 0.824470684 0.473520199 -0.309881771
vn 0.038887330 -0.587902704 -0.807996402
vn -0.047531841 -0.788030711 -0.613798276
vn -0.293456030 -0.126443144 -0.947573580
vn -0.047531841 -0.788030711 -0.613798276
vn 0.038887330 -0.587902704 -0.807996402
vn -0.157812530 -0.873732546 -0.460094168
vn 0.729476046 -0.595853393 -0.335891994
vn 0.035206699 -0.898802706 -0.436937278
vn -0.033319242 -0.925453083 -0.377394248
vn 0.035206699 -0.898802706 -0.436937278
vn 0.729476046 -0.595853393 -0.335891994
vn 0.719196591 -0.574110402 -0.391348323
vn 0.956831665 0.141365673 -0.253946671
vn 0.729476046 -0.595853393 -0.335891994
vn 0.967587840 -0.076945668 -0.240526789
vn 0.729476046 -0.595853393 -0.335891994
vn 0.956831665 0.141365673 -0.253946671
vn 0.719196591 -0.574110402 -0.391348323
vn 0.542426330 0.840080975 -0.006134571
vn 0.770711039 0.624004587 -0.128929322
vn 0.365686324 0.930306330 0.028348637
vn 0.770711039 0.624004587 -0.128929322
vn 0.542426330 0.840080975 -0.006134571
vn 0.956831665 0.141365673 -0.253946671
vn 0.074280478 0.874969079 -0.478446989
vn -0.194267716 0.973362871 -0.121757039
vn -0.133828162 0.941343439 -0.309778231
vn -0.194267716 0.973362871 -0.121757039
vn 0.074280478 0.874969079 -0.478446989
vn 0.286227040 0.925127582 -0.249425416
vn -0.033319242 -0.925453083 -0.377394248
vn -0.249928812 -0.892623322 -0.375178884
vn -0.254600552 -0.913887214 -0.316209929
vn -0.249928812 -0.892623322 -0.375178884
vn -0.033319242 -0.925453083 -0.377394248
vn 0.035206699 -0.898802706 -0.436937278
vn 0.036958799 -0.998983465 -0.025808583
vn -0.050735658 -0.994159111 0.095255208
vn -0.137710239 -0.990446271 0.007216290
vn -0.050735658 -0.994159111 0.095255208
vn 0.036958799 -0.998983465 -0.025808583
vn 0.044635911 -0.992375934 0.114880986
vn 0.145597444 0.981960894 -0.120640734
vn 0.911451478 0.410902526 -0.020379331
vn -0.110507326 0.990204986 -0.085335900
vn 0.911451478 0.410902526 -0.020379331
vn 0.145597444 0.981960894 -0.120640734
vn 0.979958360 0.158456891 -0.120718794
vn 0.911451478 0.410902526 -0.020379331
vn 0.053526085 0.993049290 0.104823972
vn -0.110507326 0.990204986 -0.085335900
vn 0.053526085 0.993049290 0.104823972
vn 0.911451478 0.410902526 -0.020379331
vn 0.974937254 0.206205465 0.083526382
vn -0.889322431 0.346150932 0.298806202
vn -0.604683080 -0.751038340 0.265141065
vn -0.343431857 -0.855941538 0.386547077
vn -0.604683080 -0.751038340 0.265141065
vn -0.889322431 0.346150932 0.298806202
vn -0.955853804 0.273212064 0.108160401
vn -0.955853804 0.273212064 0.108160401
vn -0.852603410 -0.502893659 0.142004905
vn -0.604683080 -0.751038340 0.265141065
vn -0.852603410 -0.502893659 0.142004905
vn -0.955853804 0.273212064 0.108160401
vn -0.930197515 0.357220629 0.084415675
vn -0.604683080 -0.751038340 0.265141065
vn 0.513552009 -0.850868450 0.110847708
vn -0.343431857 -0.855941538 0.386547077
vn 0.513552009 -0.850868450 0.110847708
vn -0.604683080 -0.751038340 0.265141065
vn 0.696268872 -0.673355294 0.248600696
vn -0.604683080 -0.751038340 0.265141065
vn 0.615376206 -0.787719520 -0.028461965
vn 0.696268872 -0.673355294 0.248600696
vn 0.615376206 -0.787719520 -0.028461965
vn -0.604683080 -0.751038340 0.265141065
vn -0.852603410 -0.502893659 0.142004905
vn 0.513552009 -0.850868450 0.110847708
vn 0.911451478 0.410902526 -0.020379331
vn 0.979958360 0.158456891 -0.120718794
vn 0.911451478 0.410902526 -0.020379331
vn 0.513552009 -0.850868450 0.110847708
vn 0.696268872 -0.673355294 0.248600696
vn 0.696268872 -0.673355294 0.248600696
vn 0.974937254 0.206205465 0.083526382
vn 0.911451478 0.410902526 -0.020379331
vn 0.974937254 0.206205465 0.083526382
vn 0.696268872 -0.673355294 0.248600696
vn 0.615376206 -0.787719520 -0.028461965
vn 0.877110161 0.039268511 0.478681262
vn 0.006612210 -0.826363670 0.563098005
vn -0.283102824 -0.337169112 0.897869579
vn 0.006612210 -0.826363670 0.563098005
vn 0.877110161 0.039268511 0.478681262
vn 0.824357361 -0.482608767 0.295844079
vn 0.150805309 0.967798779 0.201552181
vn 0.887720512 0.444706847 0.119113868
vn 0.051188866 0.986551434 0.155228761
vn 0.887720512 0.444706847 0.119113868
vn 0.150805309 0.967798779 0.201552181
vn 0.929598536 0.364346721 -0.055659941
vn 0.051188866 0.986551434 0.155228761
vn 0.908959691 0.401981835 -0.110466664
vn -0.241272597 0.925833129 -0.290896118
vn 0.908959691 0.401981835 -0.110466664
vn 0.051188866 0.986551434 0.155228761
vn 0.887720512 0.444706847 0.119113868
vn -0.983136469 0.146573561 0.109356638
vn -0.638874102 -0.765217274 0.079261625
vn -0.436784820 -0.885466747 -0.158643188
vn -0.638874102 -0.765217274 0.079261625
vn -0.983136469 0.146573561 0.109356638
vn -0.983175226 0.090729738 0.158538920
vn -0.983175226 0.090729738 0.158538920
vn -0.756420602 -0.645029874 -0.108463516
vn -0.638874102 -0.765217274 0.079261625
vn -0.756420602 -0.645029874 -0.108463516
vn -0.983175226 0.090729738 0.158538920
vn -0.995904166 -0.078125088 -0.045512227
vn -0.436784820 -0.885466747 -0.158643188
vn 0.589418607 -0.807775165 0.009218909
vn 0.644281022 -0.743617451 -0.178703810
vn 0.589418607 -0.807775165 0.009218909
vn -0.436784820 -0.885466747 -0.158643188
vn -0.638874102 -0.765217274 0.079261625
vn -0.638874102 -0.765217274 0.079261625
vn 0.662509741 -0.743568539 -0.090480224
vn 0.589418607 -0.807775165 0.009218909
vn 0.662509741 -0.743568539 -0.090480224
vn -0.638874102 -0.765217274 0.079261625
vn -0.756420602 -0.645029874 -0.108463516
vn 0.644281022 -0.743617451 -0.178703810
vn 0.887720512 0.444706847 0.119113868
vn 0.929598536 0.364346721 -0.055659941
vn 0.887720512 0.444706847 0.119113868
vn 0.644281022 -0.743617451 -0.178703810
vn 0.589418607 -0.807775165 0.009218909
vn 0.589418607 -0.807775165 0.009218909
vn 0.908959691 0.401981835 -0.110466664
vn 0.887720512 0.444706847 0.119113868
vn 0.908959691 0.401981835 -0.110466664
vn 0.589418607 -0.807775165 0.009218909
vn 0.662509741 -0.743568539 -0.090480224
vn 0.979958360 0.158456891 -0.120718794
vn 0.770711039 0.624004587 -0.128929322
vn 0.959652226 -0.199729851 -0.197928247
vn 0.770711039 0.624004587 -0.128929322
vn 0.979958360 0.158456891 -0.120718794
vn 0.145597444 0.981960894 -0.120640734
vn 0.365686324 0.930306330 0.028348637
vn -0.889322431 0.346150932 0.298806202
vn 0.237406756 0.853263111 0.464306037
vn -0.033319242 -0.925453083 -0.377394248
vn 0.704210958 -0.698369931 -0.127931102
vn 0.729476046 -0.595853393 -0.335891994
vn 0.704210958 -0.698369931 -0.127931102
vn -0.033319242 -0.925453083 -0.377394248
vn -0.027158010 -0.998469171 0.048184612
vn -0.027158010 -0.998469171 0.048184612
vn 0.515290835 -0.848261820 0.122177082
vn 0.704210958 -0.698369931 -0.127931102
vn 0.515290835 -0.848261820 0.122177082
vn -0.027158010 -0.998469171 0.048184612
vn -0.022950387 -0.912229125 0.409037044
vn -0.022950387 -0.912229125 0.409037044
vn -0.343431857 -0.855941538 0.386547077
vn 0.515290835 -0.848261820 0.122177082
vn 0.150805309 0.967798779 0.201552181
vn 0.974937254 0.206205465 0.083526382
vn 0.929598536 0.364346721 -0.055659941
vn 0.974937254 0.206205465 0.083526382
vn 0.150805309 0.967798779 0.201552181
vn 0.053526085 0.993049290 0.104823972
vn 0.929598536 0.364346721 -0.055659941
vn 0.615376206 -0.787719520 -0.028461965
vn 0.644281022 -0.743617451 -0.178703810
vn 0.615376206 -0.787719520 -0.028461965
vn 0.929598536 0.364346721 -0.055659941
vn 0.974937254 0.206205465 0.083526382
vn 0.615376206 -0.787719520 -0.028461965
vn -0.436784820 -0.885466747 -0.158643188
vn 0.644281022 -0.743617451 -0.178703810
vn -0.436784820 -0.885466747 -0.158643188
vn 0.615376206 -0.787719520 -0.028461965
vn -0.852603410 -0.502893659 0.142004905
vn -0.852603410 -0.502893659 0.142004905
vn -0.983136469 0.146573561 0.109356638
vn -0.436784820 -0.885466747 -0.158643188
vn -0.983136469 0.146573561 0.109356638
vn -0.852603410 -0.502893659 0.142004905
vn -0.930197515 0.357220629 0.084415675
vn 0.729476046 -0.595853393 -0.335891994
vn 0.959652226 -0.199729851 -0.197928247
vn 0.967587840 -0.076945668 -0.240526789
vn 0.959652226 -0.199729851 -0.197928247
vn 0.729476046 -0.595853393 -0.335891994
vn 0.704210958 -0.698369931 -0.127931102
vn 0.704210958 -0.698369931 -0.127931102
vn 0.979958360 0.158456891 -0.120718794
vn 0.959652226 -0.199729851 -0.197928247
vn 0.979958360 0.158456891 -0.120718794
vn 0.704210958 -0.698369931 -0.127931102
vn 0.515290835 -0.848261820 0.122177082
vn 0.515290835 -0.848261820 0.122177082
vn 0.513552009 -0.850868450 0.110847708
vn 0.979958360 0.158456891 -0.120718794
vn 0.182424060 -0.975841527 -0.120228022
vn 0.592011825 -0.805928965 -0.000709036
vn 0.036958799 -0.998983465 -0.025808583
vn 0.979936976 -0.166191849 -0.110017236
vn 0.972409847 0.207662102 -0.106280483
vn 0.980524219 0.036859531 -0.192908349
vn 0.979200744 0.182356384 0.088949713
vn 0.644365603 0.761112080 0.074171228
vn 0.632291463 0.472724882 0.613790430
vn 0.644365603 0.761112080 0.074171228
vn 0.979200744 0.182356384 0.088949713
vn 0.972409847 0.207662102 -0.106280483
vn 0.644365603 0.761112080 0.074171228
vn 0.128866841 0.757398177 0.640110411
vn 0.632291463 0.472724882 0.613790430
vn 0.128866841 0.757398177 0.640110411
vn 0.644365603 0.761112080 0.074171228
vn 0.240605650 0.963123513 0.120424333
vn 0.316574281 0.896868093 0.308882418
vn -0.150214198 -0.314843789 0.937181457
vn -0.252238715 -0.304637756 0.918461468
vn 0.602021971 0.745466055 0.286094228
vn 0.731703230 0.210573372 0.648281758
vn -0.150214198 -0.314843789 0.937181457
vn 0.731703230 0.210573372 0.648281758
vn 0.602021971 0.745466055 0.286094228
vn 0.612194329 0.239052990 -0.753705361
vn -0.429875836 -0.838083252 0.335891692
vn -0.150214198 -0.314843789 0.937181457
vn -0.216798551 -0.906767332 -0.361623277
vn -0.150214198 -0.314843789 0.937181457
vn -0.429875836 -0.838083252 0.335891692
vn -0.252238715 -0.304637756 0.918461468
vn -0.150214198 -0.314843789 0.937181457
vn -0.068679008 -0.979916210 0.187209551
vn -0.216798551 -0.906767332 -0.361623277
vn -0.068679008 -0.979916210 0.187209551
vn -0.150214198 -0.314843789 0.937181457
vn 0.731703230 0.210573372 0.648281758
vn 0.083496822 -0.766562409 -0.636718426
vn -0.429875836 -0.838083252 0.335891692
vn -0.107808661 -0.376276144 -0.920213864
vn -0.429875836 -0.838083252 0.335891692
vn 0.083496822 -0.766562409 -0.636718426
vn 0.292924223 -0.662064050 0.689830844
vn -0.216798551 -0.906767332 -0.361623277
vn 0.731111379 -0.282783082 -0.620894420
vn 0.301257514 0.127146703 -0.945027844
vn 0.731111379 -0.282783082 -0.620894420
vn -0.216798551 -0.906767332 -0.361623277
vn -0.068679008 -0.979916210 0.187209551
vn 0.325395249 0.697481446 -0.638465006
vn 0.301257514 0.127146703 -0.945027844
vn 0.602021971 0.745466055 0.286094228
vn 0.301257514 0.127146703 -0.945027844
vn 0.612194329 0.239052990 -0.753705361
vn 0.602021971 0.745466055 0.286094228
vn 0.612194329 0.239052990 -0.753705361
vn 0.301257514 0.127146703 -0.945027844
vn 0.731111379 -0.282783082 -0.620894420
vn -0.192926743 0.378342059 -0.905337814
vn -0.842729541 -0.518647991 -0.144260813
vn -0.637685257 -0.767882514 -0.060942248
vn -0.842729541 -0.518647991 -0.144260813
vn -0.192926743 0.378342059 -0.905337814
vn 0.056956211 0.747886416 -0.661378786
vn 0.056956211 0.747886416 -0.661378786
vn -0.660388751 -0.732999249 -0.163091382
vn -0.842729541 -0.518647991 -0.144260813
vn -0.660388751 -0.732999249 -0.163091382
vn 0.056956211 0.747886416 -0.661378786
vn 0.337266638 0.715440186 -0.611879526
vn -0.637685257 -0.767882514 -0.060942248
vn -0.209778847 -0.554186625 0.805524686
vn 0.343849962 -0.450893572 0.823688163
vn -0.209778847 -0.554186625 0.805524686
vn -0.637685257 -0.767882514 -0.060942248
vn -0.842729541 -0.518647991 -0.144260813
vn -0.842729541 -0.518647991 -0.144260813
vn -0.279471453 -0.707262818 0.649365085
vn -0.209778847 -0.554186625 0.805524686
vn -0.279471453 -0.707262818 0.649365085
vn -0.842729541 -0.518647991 -0.144260813
vn -0.660388751 -0.732999249 -0.163091382
vn 0.343849962 -0.450893572 0.823688163
vn 0.668460460 0.718567585 0.191888614
vn 0.721767836 0.692082365 -0.008555192
vn 0.668460460 0.718567585 0.191888614
vn 0.343849962 -0.450893572 0.823688163
vn -0.209778847 -0.554186625 0.805524686
vn -0.209778847 -0.554186625 0.805524686
vn 0.734351808 0.559199656 0.384737789
vn 0.668460460 0.718567585 0.191888614
vn 0.734351808 0.559199656 0.384737789
vn -0.209778847 -0.554186625 0.805524686
vn -0.279471453 -0.707262818 0.649365085
vn 0.721767836 0.692082365 -0.008555192
vn 0.056956211 0.747886416 -0.661378786
vn -0.192926743 0.378342059 -0.905337814
vn 0.056956211 0.747886416 -0.661378786
vn 0.721767836 0.692082365 -0.008555192
vn 0.668460460 0.718567585 0.191888614
vn 0.668460460 0.718567585 0.191888614
vn 0.337266638 0.715440186 -0.611879526
vn 0.056956211 0.747886416 -0.661378786
vn 0.337266638 0.715440186 -0.611879526
vn 0.668460460 0.718567585 0.191888614
vn 0.734351808 0.559199656 0.384737789
vn 0.250069513 0.940918513 -0.228336574
vn -0.589492552 -0.530258927 0.609363604
vn -0.650291158 -0.739952779 0.172021202
vn -0.589492552 -0.530258927 0.609363604
vn 0.250069513 0.940918513 -0.228336574
vn 0.537049754 0.765165931 0.355103730
vn -0.797086260 -0.318318755 -0.513153646
vn -0.072131784 0.867661883 0.491894158
vn -0.223485540 -0.511036137 0.829997759
vn -0.072131784 0.867661883 0.491894158
vn -0.797086260 -0.318318755 -0.513153646
vn -0.124320568 0.843902942 -0.521892921
vn -0.251698114 -0.815471785 0.521204209
vn -0.668676708 -0.724228820 0.168416381
vn -0.488625393 -0.808055634 0.329076463
vn -0.668676708 -0.724228820 0.168416381
vn -0.251698114 -0.815471785 0.521204209
vn -0.611948745 -0.764345730 -0.203210088
vn -0.251698114 -0.815471785 0.521204209
vn 0.609748147 0.789261501 0.072618740
vn 0.705415194 0.708022083 0.033077699
vn 0.609748147 0.789261501 0.072618740
vn -0.251698114 -0.815471785 0.521204209
vn -0.488625393 -0.808055634 0.329076463
vn 0.393566461 0.739501394 -0.546116407
vn 0.609748147 0.789261501 0.072618740
vn 0.434044439 0.874995659 -0.214448180
vn 0.609748147 0.789261501 0.072618740
vn 0.393566461 0.739501394 -0.546116407
vn 0.705415194 0.708022083 0.033077699
vn 0.731111379 -0.282783082 -0.620894420
vn -0.192926743 0.378342059 -0.905337814
vn 0.612194329 0.239052990 -0.753705361
vn -0.192926743 0.378342059 -0.905337814
vn 0.731111379 -0.282783082 -0.620894420
vn 0.721767836 0.692082365 -0.008555192
vn 0.612194329 0.239052990 -0.753705361
vn -0.637685257 -0.767882514 -0.060942248
vn 0.731703230 0.210573372 0.648281758
vn -0.637685257 -0.767882514 -0.060942248
vn 0.612194329 0.239052990 -0.753705361
vn -0.192926743 0.378342059 -0.905337814
vn -0.068679008 -0.979916210 0.187209551
vn -0.637685257 -0.767882514 -0.060942248
vn 0.343849962 -0.450893572 0.823688163
vn -0.637685257 -0.767882514 -0.060942248
vn -0.068679008 -0.979916210 0.187209551
vn 0.731703230 0.210573372 0.648281758
vn 0.343849962 -0.450893572 0.823688163
vn 0.731111379 -0.282783082 -0.620894420
vn -0.068679008 -0.979916210 0.187209551
vn 0.731111379 -0.282783082 -0.620894420
vn 0.343849962 -0.450893572 0.823688163
vn 0.721767836 0.692082365 -0.008555192
vn -0.016708449 -0.358979168 -0.933196005
vn 0.325395249 0.697481446 -0.638465006
vn 0.025618480 0.629095620 -0.776905653
vn 0.025618480 0.629095620 -0.776905653
vn -0.293456030 -0.126443144 -0.947573580
vn -0.016708449 -0.358979168 -0.933196005
vn -0.293456030 -0.126443144 -0.947573580
vn 0.025618480 0.629095620 -0.776905653
vn -0.306252235 0.507929849 -0.805119144
vn 0.592011825 -0.805928965 -0.000709036
vn 0.044635911 -0.992375934 0.114880986
vn 0.036958799 -0.998983465 -0.025808583
vn 0.044635911 -0.992375934 0.114880986
vn 0.592011825 -0.805928965 -0.000709036
vn 0.417886511 -0.906898964 0.053899285
vn -0.293456030 -0.126443144 -0.947573580
vn 0.457790621 0.512312283 -0.726611225
vn 0.038887330 -0.587902704 -0.807996402
vn 0.133592387 0.886080793 -0.443862482
vn 0.104700098 0.977501227 -0.183109913
vn -0.303090024 0.779532801 -0.548146923
vn 0.104700098 0.977501227 -0.183109913
vn 0.133592387 0.886080793 -0.443862482
vn 0.231640606 0.886991197 0.399486229
vn 0.316574281 0.896868093 0.308882418
vn 0.231640606 0.886991197 0.399486229
vn 0.133592387 0.886080793 -0.443862482
vn -0.047531841 -0.788030711 -0.613798276
vn -0.157812530 -0.873732546 -0.460094168
vn -0.004898716 -0.998948597 -0.045581840
vn -0.004898716 -0.998948597 -0.045581840
vn -0.134901691 -0.964606594 -0.226573725
vn -0.035914428 -0.995675531 0.085676084
vn -0.134901691 -0.964606594 -0.226573725
vn -0.004898716 -0.998948597 -0.045581840
vn -0.157812530 -0.873732546 -0.460094168
vn -0.016708449 -0.358979168 -0.933196005
vn -0.293456030 -0.126443144 -0.947573580
vn -0.047531841 -0.788030711 -0.613798276
vn 0.083496822 -0.766562409 -0.636718426
vn -0.047531841 -0.788030711 -0.613798276
vn 0.200743066 -0.943393338 -0.264028844
vn 0.292924223 -0.662064050 0.689830844
vn 0.992876927 0.002574034 0.119116677
vn 0.370656421 0.336538315 0.865653383
vn 0.992876927 0.002574034 0.119116677
vn 0.292924223 -0.662064050 0.689830844
vn 0.981597017 -0.187423956 0.036599953
vn 0.678816481 0.685504151 -0.263234200
vn 0.370656421 0.336538315 0.865653383
vn 0.992876927 0.002574034 0.119116677
vn 0.974654633 0.029932378 -0.221703403
vn 0.975648374 -0.033305291 -0.216797159
vn 0.979200744 0.182356384 0.088949713
vn 0.980524219 0.036859531 -0.192908349
vn 0.951049508 -0.298314529 -0.080704859
vn 0.979936976 -0.166191849 -0.110017236
vn 0.337266638 0.715440186 -0.611879526
vn -0.611948745 -0.764345730 -0.203210088
vn -0.660388751 -0.732999249 -0.163091382
vn -0.611948745 -0.764345730 -0.203210088
vn 0.337266638 0.715440186 -0.611879526
vn 0.393566461 0.739501394 -0.546116407
vn 0.337266638 0.715440186 -0.611879526
vn 0.705415194 0.708022083 0.033077699
vn 0.393566461 0.739501394 -0.546116407
vn 0.705415194 0.708022083 0.033077699
vn 0.337266638 0.715440186 -0.611879526
vn 0.734351808 0.559199656 0.384737789
vn 0.734351808 0.559199656 0.384737789
vn -0.251698114 -0.815471785 0.521204209
vn 0.705415194 0.708022083 0.033077699
vn -0.251698114 -0.815471785 0.521204209
vn 0.734351808 0.559199656 0.384737789
vn -0.279471453 -0.707262818 0.649365085
vn -0.251698114 -0.815471785 0.521204209
vn -0.660388751 -0.732999249 -0.163091382
vn -0.611948745 -0.764345730 -0.203210088
vn -0.660388751 -0.732999249 -0.163091382
vn -0.251698114 -0.815471785 0.521204209
vn -0.279471453 -0.707262818 0.649365085
vn 0.038887330 -0.587902704 -0.807996402
vn 0.954356598 0.297253591 0.029048008
vn 0.841883701 -0.514607414 0.162514749
vn 0.954356598 0.297253591 0.029048008
vn 0.038887330 -0.587902704 -0.807996402
vn 0.457790621 0.512312283 -0.726611225
vn -0.125846291 -0.900785664 -0.415629522
vn 0.841883701 -0.514607414 0.162514749
vn 0.546110191 -0.731880815 0.407571014
vn 0.841883701 -0.514607414 0.162514749
vn -0.125846291 -0.900785664 -0.415629522
vn 0.038887330 -0.587902704 -0.807996402
vn -0.488625393 -0.808055634 0.329076463
vn -0.650291158 -0.739952779 0.172021202
vn -0.589492552 -0.530258927 0.609363604
vn -0.650291158 -0.739952779 0.172021202
vn -0.488625393 -0.808055634 0.329076463
vn -0.668676708 -0.724228820 0.168416381
vn -0.668676708 -0.724228820 0.168416381
vn 0.250069513 0.940918513 -0.228336574
vn -0.650291158 -0.739952779 0.172021202
vn 0.250069513 0.940918513 -0.228336574
vn -0.668676708 -0.724228820 0.168416381
vn 0.434044439 0.874995659 -0.214448180
vn 0.250069513 0.940918513 -0.228336574
vn 0.609748147 0.789261501 0.072618740
vn 0.537049754 0.765165931 0.355103730
vn 0.609748147 0.789261501 0.072618740
vn 0.250069513 0.940918513 -0.228336574
vn 0.434044439 0.874995659 -0.214448180
vn 0.537049754 0.765165931 0.355103730
vn -0.488625393 -0.808055634 0.329076463
vn -0.589492552 -0.530258927 0.609363604
vn -0.488625393 -0.808055634 0.329076463
vn 0.537049754 0.765165931 0.355103730
vn 0.609748147 0.789261501 0.072618740
vn 0.393566461 0.739501394 -0.546116407
vn -0.458075611 -0.731939733 -0.504411500
vn -0.611948745 -0.764345730 -0.203210088
vn -0.458075611 -0.731939733 -0.504411500
vn 0.393566461 0.739501394 -0.546116407
vn -0.120074786 0.396524772 -0.910137435
vn -0.458075611 -0.731939733 -0.504411500
vn -0.668676708 -0.724228820 0.168416381
vn -0.611948745 -0.764345730 -0.203210088
vn -0.668676708 -0.724228820 0.168416381
vn -0.458075611 -0.731939733 -0.504411500
vn 0.053587163 -0.310741981 0.948982527
vn -0.668676708 -0.724228820 0.168416381
vn 0.167399725 0.971928356 -0.165325748
vn 0.434044439 0.874995659 -0.214448180
vn 0.167399725 0.971928356 -0.165325748
vn -0.668676708 -0.724228820 0.168416381
vn 0.053587163 -0.310741981 0.948982527
vn 0.167399725 0.971928356 -0.165325748
vn 0.393566461 0.739501394 -0.546116407
vn 0.434044439 0.874995659 -0.214448180
vn 0.393566461 0.739501394 -0.546116407
vn 0.167399725 0.971928356 -0.165325748
vn -0.120074786 0.396524772 -0.910137435
vn -0.120074786 0.396524772 -0.910137435
vn -0.797086260 -0.318318755 -0.513153646
vn -0.458075611 -0.731939733 -0.504411500
vn -0.797086260 -0.318318755 -0.513153646
vn -0.120074786 0.396524772 -0.910137435
vn -0.124320568 0.843902942 -0.521892921
vn -0.458075611 -0.731939733 -0.504411500
vn -0.223485540 -0.511036137 0.829997759
vn 0.053587163 -0.310741981 0.948982527
vn -0.223485540 -0.511036137 0.829997759
vn -0.458075611 -0.731939733 -0.504411500
vn -0.797086260 -0.318318755 -0.513153646
vn 0.053587163 -0.310741981 0.948982527
vn -0.072131784 0.867661883 0.491894158
vn 0.167399725 0.971928356 -0.165325748
vn -0.072131784 0.867661883 0.491894158
vn 0.053587163 -0.310741981 0.948982527
vn -0.223485540 -0.511036137 0.829997759
vn 0.167399725 0.971928356 -0.165325748
vn -0.124320568 0.843902942 -0.521892921
vn -0.120074786 0.396524772 -0.910137435
vn -0.124320568 0.843902942 -0.521892921
vn 0.167399725 0.971928356 -0.165325748
vn -0.072131784 0.867661883 0.491894158
vn 0.704386801 0.564716192 -0.430040530
vn 0.390605619 0.878869068 0.273891240
vn -0.096633591 0.853701204 -0.511718872
vn 0.390605619 0.878869068 0.273891240
vn 0.704386801 0.564716192 -0.430040530
vn 0.433275548 -0.048611127 0.899949586
vn -0.729931390 -0.667140719 -0.148739460
vn -0.283102824 -0.337169112 0.897869579
vn 0.006612210 -0.826363670 0.563098005
vn -0.283102824 -0.337169112 0.897869579
vn -0.729931390 -0.667140719 -0.148739460
vn -0.940112242 -0.318037740 0.122641623
vn -0.756420602 -0.645029874 -0.108463516
vn 0.701254975 -0.505771426 -0.502430815
vn 0.662509741 -0.743568539 -0.090480224
vn 0.701254975 -0.505771426 -0.502430815
vn -0.756420602 -0.645029874 -0.108463516
vn -0.729931390 -0.667140719 -0.148739460
vn 0.877110161 0.039268511 0.478681262
vn 0.701254975 -0.505771426 -0.502430815
vn 0.824357361 -0.482608767 0.295844079
vn 0.701254975 -0.505771426 -0.502430815
vn 0.877110161 0.039268511 0.478681262
vn 0.898239880 0.283276266 -0.336035229
vn -0.241272597 0.925833129 -0.290896118
vn 0.704386801 0.564716192 -0.430040530
vn -0.096633591 0.853701204 -0.511718872
vn 0.704386801 0.564716192 -0.430040530
vn -0.241272597 0.925833129 -0.290896118
vn 0.908959691 0.401981835 -0.110466664
vn -0.283102824 -0.337169112 0.897869579
vn -0.989056953 -0.032007823 -0.144020288
vn -0.074929286 -0.184268399 0.980015693
vn -0.989056953 -0.032007823 -0.144020288
vn -0.283102824 -0.337169112 0.897869579
vn -0.940112242 -0.318037740 0.122641623
vn -0.283102824 -0.337169112 0.897869579
vn 0.433275548 -0.048611127 0.899949586
vn 0.877110161 0.039268511 0.478681262
vn 0.433275548 -0.048611127 0.899949586
vn -0.283102824 -0.337169112 0.897869579
vn -0.074929286 -0.184268399 0.980015693
vn 0.877110161 0.039268511 0.478681262
vn 0.704386801 0.564716192 -0.430040530
vn 0.898239880 0.283276266 -0.336035229
vn 0.704386801 0.564716192 -0.430040530
vn 0.877110161 0.039268511 0.478681262
vn 0.433275548 -0.048611127 0.899949586
vn 0.365686324 0.930306330 0.028348637
vn 0.145597444 0.981960894 -0.120640734
vn -0.889322431 0.346150932 0.298806202
vn 0.770711039 0.624004587 -0.128929322
vn 0.145597444 0.981960894 -0.120640734
vn 0.365686324 0.930306330 0.028348637
vn 0.145597444 0.981960894 -0.120640734
vn -0.110507326 0.990204986 -0.085335900
vn -0.955853804 0.273212064 0.108160401
vn -0.110507326 0.990204986 -0.085335900
vn -0.930197515 0.357220629 0.084415675
vn -0.955853804 0.273212064 0.108160401
vn -0.930197515 0.357220629 0.084415675
vn -0.110507326 0.990204986 -0.085335900
vn 0.053526085 0.993049290 0.104823972
vn 0.053526085 0.993049290 0.104823972
vn -0.983136469 0.146573561 0.109356638
vn -0.930197515 0.357220629 0.084415675
vn -0.983136469 0.146573561 0.109356638
vn 0.053526085 0.993049290 0.104823972
vn 0.150805309 0.967798779 0.201552181
vn -0.983136469 0.146573561 0.109356638
vn 0.051188866 0.986551434 0.155228761
vn -0.983175226 0.090729738 0.158538920
vn 0.051188866 0.986551434 0.155228761
vn -0.983136469 0.146573561 0.109356638
vn 0.150805309 0.967798779 0.201552181
vn -0.983175226 0.090729738 0.158538920
vn -0.241272597 0.925833129 -0.290896118
vn -0.995904166 -0.078125088 -0.045512227
vn -0.241272597 0.925833129 -0.290896118
vn -0.983175226 0.090729738 0.158538920
vn 0.051188866 0.986551434 0.155228761
vn -0.241272597 0.925833129 -0.290896118
vn -0.989056953 -0.032007823 -0.144020288
vn -0.995904166 -0.078125088 -0.045512227
vn -0.989056953 -0.032007823 -0.144020288
vn -0.241272597 0.925833129 -0.290896118
vn -0.096633591 0.853701204 -0.511718872
vn -0.096633591 0.853701204 -0.511718872
vn -0.074929286 -0.184268399 0.980015693
vn -0.989056953 -0.032007823 -0.144020288
vn -0.074929286 -0.184268399 0.980015693
vn -0.096633591 0.853701204 -0.511718872
vn 0.390605619 0.878869068 0.273891240
vn -0.989056953 -0.032007823 -0.144020288
vn -0.940112242 -0.318037740 0.122641623
vn -0.995904166 -0.078125088 -0.045512227
vn -0.995904166 -0.078125088 -0.045512227
vn -0.729931390 -0.667140719 -0.148739460
vn -0.756420602 -0.645029874 -0.108463516
vn -0.729931390 -0.667140719 -0.148739460
vn -0.995904166 -0.078125088 -0.045512227
vn -0.940112242 -0.318037740 0.122641623
vn 0.701254975 -0.505771426 -0.502430815
vn 0.006612210 -0.826363670 0.563098005
vn 0.824357361 -0.482608767 0.295844079
vn 0.006612210 -0.826363670 0.563098005
vn 0.701254975 -0.505771426 -0.502430815
vn -0.729931390 -0.667140719 -0.148739460
vn 0.662509741 -0.743568539 -0.090480224
vn 0.898239880 0.283276266 -0.336035229
vn 0.908959691 0.401981835 -0.110466664
vn 0.898239880 0.283276266 -0.336035229
vn 0.662509741 -0.743568539 -0.090480224
vn 0.701254975 -0.505771426 -0.502430815
vn 0.898239880 0.283276266 -0.336035229
vn 0.704386801 0.564716192 -0.430040530
vn 0.908959691 0.401981835 -0.110466664
vn 0.956831665 0.141365673 -0.253946671
vn 0.967587840 -0.076945668 -0.240526789
vn 0.770711039 0.624004587 -0.128929322
vn 0.967587840 -0.076945668 -0.240526789
vn 0.959652226 -0.199729851 -0.197928247
vn 0.770711039 0.624004587 -0.128929322
vn -0.889322431 0.346150932 0.298806202
vn 0.019986789 0.137870749 0.990248547
vn 0.237406756 0.853263111 0.464306037
vn 0.773167695 0.586902352 0.240327578
vn 0.524830045 0.594445629 0.609251851
vn 0.640291539 0.737415194 0.215047846
vn 0.524830045 0.594445629 0.609251851
vn 0.773167695 0.586902352 0.240327578
vn 0.656216387 0.728477309 0.196725348
vn 0.965180929 0.229664707 0.125219391
vn 0.841883701 -0.514607414 0.162514749
vn 0.954356598 0.297253591 0.029048008
vn 0.841883701 -0.514607414 0.162514749
vn 0.965180929 0.229664707 0.125219391
vn 0.930821849 -0.233925422 0.280801676
vn 0.233155950 0.106671984 -0.966570945
vn -0.357860892 0.056932990 -0.932037669
vn -0.227708936 -0.156671752 -0.961042456
vn -0.357860892 0.056932990 -0.932037669
vn 0.233155950 0.106671984 -0.966570945
vn -0.042674876 0.356341499 -0.933380732
vn 0.169200621 0.893154317 -0.416709150
vn -0.265672767 0.844955470 -0.464185561
vn -0.170913775 0.701101524 -0.692275332
vn 0.773167695 0.586902352 0.240327578
vn 0.672334468 0.739523631 0.032728598
vn 0.852885084 0.493063202 0.171684921
vn 0.672334468 0.739523631 0.032728598
vn 0.773167695 0.586902352 0.240327578
vn 0.640291539 0.737415194 0.215047846
vn 0.897556124 0.407852609 0.167479113
vn 0.852885084 0.493063202 0.171684921
vn 0.985608059 0.082568017 0.147510256
vn 0.852885084 0.493063202 0.171684921
vn 0.897556124 0.407852609 0.167479113
vn 0.773167695 0.586902352 0.240327578
vn 0.751356031 0.511307012 -0.417168137
vn 0.458602779 0.613642110 -0.642749447
vn 0.693125750 0.459158584 -0.555652849
vn 0.458602779 0.613642110 -0.642749447
vn 0.751356031 0.511307012 -0.417168137
vn 0.552140905 0.727238181 -0.407756115
vn 0.751356031 0.511307012 -0.417168137
vn 0.693125750 0.459158584 -0.555652849
vn 0.851251216 0.235640727 -0.468876118
vn 0.930821849 -0.233925422 0.280801676
vn 0.987044548 0.135942188 -0.085221959
vn 0.924788633 -0.343707461 0.163190578
vn 0.987044548 0.135942188 -0.085221959
vn 0.930821849 -0.233925422 0.280801676
vn 0.965180929 0.229664707 0.125219391
vn 0.588096890 -0.774719921 0.232273745
vn 0.832187064 -0.492274378 -0.255207029
vn 0.499128872 -0.849767266 -0.169605316
vn 0.832187064 -0.492274378 -0.255207029
vn 0.588096890 -0.774719921 0.232273745
vn 0.924788633 -0.343707461 0.163190578
vn 0.897556124 0.407852609 0.167479113
vn 0.656216387 0.728477309 0.196725348
vn 0.773167695 0.586902352 0.240327578
vn 0.458602779 0.613642110 -0.642749447
vn 0.169200621 0.893154317 -0.416709150
vn -0.170913775 0.701101524 -0.692275332
vn 0.587004201 0.790316695 -0.175572174
vn 0.445965947 0.895028553 0.006185790
vn 0.083362373 0.961372045 -0.262325190
vn 0.640291539 0.737415194 0.215047846
vn 0.524830045 0.594445629 0.609251851
vn 0.399247189 0.828066277 0.393583437
vn 0.399247189 0.828066277 0.393583437
vn 0.085892088 0.356715300 0.930256279
vn -0.259845178 0.728419395 0.633944531
vn 0.085892088 0.356715300 0.930256279
vn 0.399247189 0.828066277 0.393583437
vn 0.524830045 0.594445629 0.609251851
vn -0.042674876 0.356341499 -0.933380732
vn 0.458602779 0.613642110 -0.642749447
vn -0.170913775 0.701101524 -0.692275332
vn 0.233155950 0.106671984 -0.966570945
vn 0.851251216 0.235640727 -0.468876118
vn 0.693125750 0.459158584 -0.555652849
vn 0.851251216 0.235640727 -0.468876118
vn 0.233155950 0.106671984 -0.966570945
vn 0.381276019 -0.370152907 -0.847121847
vn 0.832187064 -0.492274378 -0.255207029
vn 0.213261988 -0.688471414 -0.693200142
vn 0.499128872 -0.849767266 -0.169605316
vn 0.213261988 -0.688471414 -0.693200142
vn 0.832187064 -0.492274378 -0.255207029
vn 0.381276019 -0.370152907 -0.847121847
vn 0.458602779 0.613642110 -0.642749447
vn 0.233155950 0.106671984 -0.966570945
vn 0.693125750 0.459158584 -0.555652849
vn 0.546110191 -0.731880815 0.407571014
vn 0.930821849 -0.233925422 0.280801676
vn 0.589393464 -0.640124427 0.492804285
vn 0.930821849 -0.233925422 0.280801676
vn 0.546110191 -0.731880815 0.407571014
vn 0.841883701 -0.514607414 0.162514749
vn 0.589393464 -0.640124427 0.492804285
vn 0.924788633 -0.343707461 0.163190578
vn 0.588096890 -0.774719921 0.232273745
vn 0.924788633 -0.343707461 0.163190578
vn 0.589393464 -0.640124427 0.492804285
vn 0.930821849 -0.233925422 0.280801676
vn 0.832187064 -0.492274378 -0.255207029
vn 0.987044548 0.135942188 -0.085221959
vn 0.851251216 0.235640727 -0.468876118
vn 0.987044548 0.135942188 -0.085221959
vn 0.832187064 -0.492274378 -0.255207029
vn 0.924788633 -0.343707461 0.163190578
vn 0.381276019 -0.370152907 -0.847121847
vn 0.832187064 -0.492274378 -0.255207029
vn 0.851251216 0.235640727 -0.468876118
vn 0.629984361 0.723035255 -0.283442631
vn 0.936660989 0.340851422 0.080538812
vn 0.681498681 0.719147247 -0.135597878
vn 0.936660989 0.340851422 0.080538812
vn 0.629984361 0.723035255 -0.283442631
vn 0.605282443 0.241567782 -0.758470942
vn 0.852885084 0.493063202 0.171684921
vn 0.936660989 0.340851422 0.080538812
vn 0.985608059 0.082568017 0.147510256
vn 0.936660989 0.340851422 0.080538812
vn 0.852885084 0.493063202 0.171684921
vn 0.681498681 0.719147247 -0.135597878
vn 0.985608059 0.082568017 0.147510256
vn 0.605282443 0.241567782 -0.758470942
vn 0.751356031 0.511307012 -0.417168137
vn 0.605282443 0.241567782 -0.758470942
vn 0.985608059 0.082568017 0.147510256
vn 0.936660989 0.340851422 0.080538812
vn 0.751356031 0.511307012 -0.417168137
vn 0.629984361 0.723035255 -0.283442631
vn 0.701310432 0.677700577 -0.221100895
vn 0.629984361 0.723035255 -0.283442631
vn 0.751356031 0.511307012 -0.417168137
vn 0.605282443 0.241567782 -0.758470942
vn 0.701310432 0.677700577 -0.221100895
vn 0.681498681 0.719147247 -0.135597878
vn 0.852885084 0.493063202 0.171684921
vn 0.681498681 0.719147247 -0.135597878
vn 0.701310432 0.677700577 -0.221100895
vn 0.629984361 0.723035255 -0.283442631
vn 0.164324206 0.942061541 -0.292433939
vn 0.587004201 0.790316695 -0.175572174
vn 0.083362373 0.961372045 -0.262325190
vn 0.587004201 0.790316695 -0.175572174
vn 0.164324206 0.942061541 -0.292433939
vn 0.552140905 0.727238181 -0.407756115
vn 0.587004201 0.790316695 -0.175572174
vn 0.751356031 0.511307012 -0.417168137
vn 0.701310432 0.677700577 -0.221100895
vn 0.751356031 0.511307012 -0.417168137
vn 0.587004201 0.790316695 -0.175572174
vn 0.552140905 0.727238181 -0.407756115
vn 0.656216387 0.728477309 0.196725348
vn 0.457790621 0.512312283 -0.726611225
vn 0.172469038 0.870261732 -0.461409741
vn 0.457790621 0.512312283 -0.726611225
vn 0.656216387 0.728477309 0.196725348
vn 0.954356598 0.297253591 0.029048008
vn 0.457790621 0.512312283 -0.726611225
vn -0.293456030 -0.126443144 -0.947573580
vn -0.306252235 0.507929849 -0.805119144
vn 0.954356598 0.297253591 0.029048008
vn 0.897556124 0.407852609 0.167479113
vn 0.965180929 0.229664707 0.125219391
vn 0.897556124 0.407852609 0.167479113
vn 0.954356598 0.297253591 0.029048008
vn 0.656216387 0.728477309 0.196725348
vn 0.965180929 0.229664707 0.125219391
vn 0.985608059 0.082568017 0.147510256
vn 0.987044548 0.135942188 -0.085221959
vn 0.985608059 0.082568017 0.147510256
vn 0.965180929 0.229664707 0.125219391
vn 0.897556124 0.407852609 0.167479113
vn -0.081234025 0.865013991 -0.495128094
vn -0.083943675 0.928320073 -0.362181311
vn 0.172469038 0.870261732 -0.461409741
vn 0.365686324 0.930306330 0.028348637
vn 0.250028894 0.968227783 0.004529087
vn 0.542426330 0.840080975 -0.006134571
vn 0.250028894 0.968227783 0.004529087
vn 0.365686324 0.930306330 0.028348637
vn 0.286336873 0.958100139 0.007437682
vn -0.254600552 -0.913887214 -0.316209929
vn -0.027158010 -0.998469171 0.048184612
vn -0.033319242 -0.925453083 -0.377394248
vn -0.027158010 -0.998469171 0.048184612
vn -0.254600552 -0.913887214 -0.316209929
vn -0.266217142 -0.963838616 -0.011981453
vn -0.027158010 -0.998469171 0.048184612
vn -0.276837403 -0.875669964 0.395680638
vn -0.022950387 -0.912229125 0.409037044
vn -0.276837403 -0.875669964 0.395680638
vn -0.027158010 -0.998469171 0.048184612
vn -0.266217142 -0.963838616 -0.011981453
vn -0.276837403 -0.875669964 0.395680638
vn -0.343431857 -0.855941538 0.386547077
vn -0.022950387 -0.912229125 0.409037044
vn -0.343431857 -0.855941538 0.386547077
vn -0.276837403 -0.875669964 0.395680638
vn -0.120287831 -0.211302475 0.969990774
vn -0.125846291 -0.900785664 -0.415629522
vn -0.134901691 -0.964606594 -0.226573725
vn -0.157812530 -0.873732546 -0.460094168
vn -0.120287831 -0.211302475 0.969990774
vn 0.019986789 0.137870749 0.990248547
vn -0.343431857 -0.855941538 0.386547077
vn -0.343431857 -0.855941538 0.386547077
vn 0.019986789 0.137870749 0.990248547
vn -0.889322431 0.346150932 0.298806202
vn 0.045824685 0.991328745 -0.123156069
vn -0.088160659 0.941292780 -0.325876665
vn 0.083362373 0.961372045 -0.262325190
vn -0.170913775 0.701101524 -0.692275332
vn -0.521627696 0.400160774 -0.753509059
vn -0.042674876 0.356341499 -0.933380732
vn -0.521627696 0.400160774 -0.753509059
vn -0.170913775 0.701101524 -0.692275332
vn -0.574880087 0.567168835 -0.589773175
vn 0.083362373 0.961372045 -0.262325190
vn -0.176125572 0.956745502 -0.231555236
vn 0.164324206 0.942061541 -0.292433939
vn -0.176125572 0.956745502 -0.231555236
vn 0.083362373 0.961372045 -0.262325190
vn -0.088160659 0.941292780 -0.325876665
vn 0.202150061 0.976159287 0.079046812
vn 0.542426330 0.840080975 -0.006134571
vn 0.250028894 0.968227783 0.004529087
vn 0.542426330 0.840080975 -0.006134571
vn 0.202150061 0.976159287 0.079046812
vn 0.656414268 0.754258544 -0.014640987
vn 0.656414268 0.754258544 -0.014640987
vn 0.956831665 0.141365673 -0.253946671
vn 0.542426330 0.840080975 -0.006134571
vn 0.956831665 0.141365673 -0.253946671
vn 0.656414268 0.754258544 -0.014640987
vn 0.978655624 0.029321825 -0.203404524
vn 0.978655624 0.029321825 -0.203404524
vn 0.719196591 -0.574110402 -0.391348323
vn 0.956831665 0.141365673 -0.253946671
vn 0.719196591 -0.574110402 -0.391348323
vn 0.978655624 0.029321825 -0.203404524
vn 0.838290569 -0.525849091 -0.144054353
vn 0.719196591 -0.574110402 -0.391348323
vn 0.182424060 -0.975841527 -0.120228022
vn 0.035206699 -0.898802706 -0.436937278
vn 0.182424060 -0.975841527 -0.120228022
vn 0.719196591 -0.574110402 -0.391348323
vn 0.838290569 -0.525849091 -0.144054353
vn 0.035206699 -0.898802706 -0.436937278
vn -0.195168378 -0.976693470 -0.089326200
vn -0.249928812 -0.892623322 -0.375178884
vn -0.195168378 -0.976693470 -0.089326200
vn 0.035206699 -0.898802706 -0.436937278
vn 0.182424060 -0.975841527 -0.120228022
vn 0.457790621 0.512312283 -0.726611225
vn -0.306252235 0.507929849 -0.805119144
vn 0.172469038 0.870261732 -0.461409741
vn 0.172469038 0.870261732 -0.461409741
vn -0.306252235 0.507929849 -0.805119144
vn -0.303090024 0.779532801 -0.548146923
vn -0.303090024 0.779532801 -0.548146923
vn 0.025618480 0.629095620 -0.776905653
vn 0.133592387 0.886080793 -0.443862482
vn 0.025618480 0.629095620 -0.776905653
vn -0.303090024 0.779532801 -0.548146923
vn -0.306252235 0.507929849 -0.805119144
vn 0.025618480 0.629095620 -0.776905653
vn 0.316574281 0.896868093 0.308882418
vn 0.133592387 0.886080793 -0.443862482
vn 0.316574281 0.896868093 0.308882418
vn 0.025618480 0.629095620 -0.776905653
vn 0.325395249 0.697481446 -0.638465006
vn 0.325395249 0.697481446 -0.638465006
vn 0.602021971 0.745466055 0.286094228
vn 0.316574281 0.896868093 0.308882418
vn 0.301257514 0.127146703 -0.945027844
vn 0.325395249 0.697481446 -0.638465006
vn 0.058851471 -0.209814707 -0.975968387
vn 0.145597444 0.981960894 -0.120640734
vn -0.955853804 0.273212064 0.108160401
vn -0.889322431 0.346150932 0.298806202
vn 0.169200621 0.893154317 -0.416709150
vn 0.552140905 0.727238181 -0.407756115
vn 0.164324206 0.942061541 -0.292433939
vn -0.176125572 0.956745502 -0.231555236
vn 0.169200621 0.893154317 -0.416709150
vn 0.164324206 0.942061541 -0.292433939
vn 0.169200621 0.893154317 -0.416709150
vn -0.176125572 0.956745502 -0.231555236
vn -0.265672767 0.844955470 -0.464185561
vn 0.169200621 0.893154317 -0.416709150
vn 0.458602779 0.613642110 -0.642749447
vn 0.552140905 0.727238181 -0.407756115
vn 0.433275548 -0.048611127 0.899949586
vn -0.074929286 -0.184268399 0.980015693
vn 0.390605619 0.878869068 0.273891240
vn 0.399247189 0.828066277 0.393583437
vn 0.048585325 0.996893035 -0.061997929
vn 0.197894295 0.980200981 -0.006624513
vn 0.445965947 0.895028553 0.006185790
vn 0.587004201 0.790316695 -0.175572174
vn 0.672334468 0.739523631 0.032728598
vn 0.399247189 0.828066277 0.393583437
vn 0.445965947 0.895028553 0.006185790
vn 0.640291539 0.737415194 0.215047846
vn -0.088160659 0.941292780 -0.325876665
vn -0.444146042 0.840174363 0.311193403
vn -0.592835869 0.750190396 -0.292848088
vn 0.197894295 0.980200981 -0.006624513
vn 0.050155249 0.947295267 0.316411328
vn 0.045824685 0.991328745 -0.123156069
vn -0.459502716 0.844561456 0.274905803
vn 0.048585325 0.996893035 -0.061997929
vn -0.540709464 0.840628498 0.031257073
vn 0.048585325 0.996893035 -0.061997929
vn -0.459502716 0.844561456 0.274905803
vn -0.045567899 0.997417612 0.055512828
vn 0.048585325 0.996893035 -0.061997929
vn 0.399247189 0.828066277 0.393583437
vn -0.259845178 0.728419395 0.633944531
vn 0.445965947 0.895028553 0.006185790
vn 0.197894295 0.980200981 -0.006624513
vn 0.045824685 0.991328745 -0.123156069
vn 0.445965947 0.895028553 0.006185790
vn 0.672334468 0.739523631 0.032728598
vn 0.640291539 0.737415194 0.215047846
vn 0.852885084 0.493063202 0.171684921
vn 0.587004201 0.790316695 -0.175572174
vn 0.701310432 0.677700577 -0.221100895
vn 0.587004201 0.790316695 -0.175572174
vn 0.852885084 0.493063202 0.171684921
vn 0.672334468 0.739523631 0.032728598
vn 0.083362373 0.961372045 -0.262325190
vn 0.445965947 0.895028553 0.006185790
vn 0.045824685 0.991328745 -0.123156069
vn -0.574880087 0.567168835 -0.589773175
vn -0.265672767 0.844955470 -0.464185561
vn -0.595064829 0.721241812 -0.354553379
vn -0.265672767 0.844955470 -0.464185561
vn -0.574880087 0.567168835 -0.589773175
vn -0.170913775 0.701101524 -0.692275332
vn -0.265672767 0.844955470 -0.464185561
vn -0.586193783 0.781395227 -0.214005485
vn -0.595064829 0.721241812 -0.354553379
vn -0.586193783 0.781395227 -0.214005485
vn -0.265672767 0.844955470 -0.464185561
vn -0.176125572 0.956745502 -0.231555236
vn -0.586193783 0.781395227 -0.214005485
vn -0.088160659 0.941292780 -0.325876665
vn -0.592835869 0.750190396 -0.292848088
vn -0.088160659 0.941292780 -0.325876665
vn -0.586193783 0.781395227 -0.214005485
vn -0.176125572 0.956745502 -0.231555236
vn -0.098146775 0.927706803 -0.360176759
vn 0.045824685 0.991328745 -0.123156069
vn 0.050155249 0.947295267 0.316411328
vn 0.838290569 -0.525849091 -0.144054353
vn 0.979936976 -0.166191849 -0.110017236
vn 0.592011825 -0.805928965 -0.000709036
vn 0.384870774 -0.922627402 -0.025162761
vn 0.981597017 -0.187423956 0.036599953
vn 0.200743066 -0.943393338 -0.264028844
vn 0.951049508 -0.298314529 -0.080704859
vn 0.592011825 -0.805928965 -0.000709036
vn 0.979936976 -0.166191849 -0.110017236
vn 0.592011825 -0.805928965 -0.000709036
vn 0.951049508 -0.298314529 -0.080704859
vn 0.417886511 -0.906898964 0.053899285
vn 0.592011825 -0.805928965 -0.000709036
vn 0.182424060 -0.975841527 -0.120228022
vn 0.838290569 -0.525849091 -0.144054353
vn 0.048585325 0.996893035 -0.061997929
vn -0.259845178 0.728419395 0.633944531
vn -0.540709464 0.840628498 0.031257073
vn -0.125846291 -0.900785664 -0.415629522
vn -0.157812530 -0.873732546 -0.460094168
vn 0.038887330 -0.587902704 -0.807996402
vn -0.459502716 0.844561456 0.274905803
vn 0.050155249 0.947295267 0.316411328
vn -0.045567899 0.997417612 0.055512828
vn 0.050155249 0.947295267 0.316411328
vn -0.459502716 0.844561456 0.274905803
vn -0.479025071 0.848369124 0.225399227
vn -0.479025071 0.848369124 0.225399227
vn -0.586724269 0.779640608 -0.218895304
vn -0.098146775 0.927706803 -0.360176759
vn -0.088160659 0.941292780 -0.325876665
vn -0.586724269 0.779640608 -0.218895304
vn -0.444146042 0.840174363 0.311193403
vn -0.586724269 0.779640608 -0.218895304
vn -0.088160659 0.941292780 -0.325876665
vn -0.098146775 0.927706803 -0.360176759
vn -0.004898716 -0.998948597 -0.045581840
vn 0.417886511 -0.906898964 0.053899285
vn 0.384870774 -0.922627402 -0.025162761
vn 0.417886511 -0.906898964 0.053899285
vn -0.004898716 -0.998948597 -0.045581840
vn 0.044635911 -0.992375934 0.114880986
vn 0.417886511 -0.906898964 0.053899285
vn 0.981597017 -0.187423956 0.036599953
vn 0.384870774 -0.922627402 -0.025162761
vn 0.981597017 -0.187423956 0.036599953
vn 0.417886511 -0.906898964 0.053899285
vn 0.951049508 -0.298314529 -0.080704859
vn 0.981597017 -0.187423956 0.036599953
vn 0.980524219 0.036859531 -0.192908349
vn 0.984935353 0.022206224 -0.171491208
vn 0.980524219 0.036859531 -0.192908349
vn 0.981597017 -0.187423956 0.036599953
vn 0.951049508 -0.298314529 -0.080704859
vn 0.984935353 0.022206224 -0.171491208
vn 0.975648374 -0.033305291 -0.216797159
vn 0.992876927 0.002574034 0.119116677
vn 0.975648374 -0.033305291 -0.216797159
vn 0.984935353 0.022206224 -0.171491208
vn 0.980524219 0.036859531 -0.192908349
vn 0.904742335 0.219258519 -0.365194482
vn 0.992876927 0.002574034 0.119116677
vn 0.975648374 -0.033305291 -0.216797159
vn 0.992876927 0.002574034 0.119116677
vn 0.904742335 0.219258519 -0.365194482
vn 0.678816481 0.685504151 -0.263234200
vn 0.065057679 0.900235282 0.430515895
vn 0.286227040 0.925127582 -0.249425416
vn 0.585704755 0.772578071 0.245098071
vn 0.286227040 0.925127582 -0.249425416
vn 0.065057679 0.900235282 0.430515895
vn -0.194267716 0.973362871 -0.121757039
vn 0.585704755 0.772578071 0.245098071
vn 0.824470684 0.473520199 -0.309881771
vn 0.949338169 0.249271597 0.191365388
vn 0.824470684 0.473520199 -0.309881771
vn 0.585704755 0.772578071 0.245098071
vn 0.286227040 0.925127582 -0.249425416
vn -0.002244935 0.901335705 -0.433115350
vn 0.104700098 0.977501227 -0.183109913
vn 0.678816481 0.685504151 -0.263234200
vn 0.104700098 0.977501227 -0.183109913
vn -0.002244935 0.901335705 -0.433115350
vn -0.081234025 0.865013991 -0.495128094
vn 0.104700098 0.977501227 -0.183109913
vn 0.370656421 0.336538315 0.865653383
vn 0.678816481 0.685504151 -0.263234200
vn 0.370656421 0.336538315 0.865653383
vn 0.104700098 0.977501227 -0.183109913
vn 0.231640606 0.886991197 0.399486229
vn 0.231640606 0.886991197 0.399486229
vn 0.316574281 0.896868093 0.308882418
vn 0.370656421 0.336538315 0.865653383
vn 0.083496822 -0.766562409 -0.636718426
vn 0.981597017 -0.187423956 0.036599953
vn 0.292924223 -0.662064050 0.689830844
vn 0.981597017 -0.187423956 0.036599953
vn 0.083496822 -0.766562409 -0.636718426
vn 0.200743066 -0.943393338 -0.264028844
vn -0.085518577 0.919600006 -0.383435005
vn -0.081234025 0.865013991 -0.495128094
vn -0.002244935 0.901335705 -0.433115350
vn -0.081234025 0.865013991 -0.495128094
vn -0.085518577 0.919600006 -0.383435005
vn -0.106540716 0.916097560 -0.386541507
vn 0.632291463 0.472724882 0.613790430
vn 0.949338169 0.249271597 0.191365388
vn 0.979200744 0.182356384 0.088949713
vn 0.949338169 0.249271597 0.191365388
vn 0.632291463 0.472724882 0.613790430
vn 0.585704755 0.772578071 0.245098071
vn 0.974654633 0.029932378 -0.221703403
vn 0.824470684 0.473520199 -0.309881771
vn 0.904742335 0.219258519 -0.365194482
vn 0.904742335 0.219258519 -0.365194482
vn 0.554150121 0.641619171 -0.530322999
vn 0.678816481 0.685504151 -0.263234200
vn 0.678816481 0.685504151 -0.263234200
vn 0.074280478 0.874969079 -0.478446989
vn -0.002244935 0.901335705 -0.433115350
vn 0.074280478 0.874969079 -0.478446989
vn 0.678816481 0.685504151 -0.263234200
vn 0.554150121 0.641619171 -0.530322999
vn -0.002244935 0.901335705 -0.433115350
vn -0.133828162 0.941343439 -0.309778231
vn -0.085518577 0.919600006 -0.383435005
vn -0.206709011 0.975951213 0.069214260
vn -0.133828162 0.941343439 -0.309778231
vn -0.194267716 0.973362871 -0.121757039
vn -0.162791481 0.894885062 0.415547422
vn -0.194267716 0.973362871 -0.121757039
vn 0.065057679 0.900235282 0.430515895
vn -0.194267716 0.973362871 -0.121757039
vn -0.162791481 0.894885062 0.415547422
vn -0.206709011 0.975951213 0.069214260
vn 0.632291463 0.472724882 0.613790430
vn 0.065057679 0.900235282 0.430515895
vn 0.585704755 0.772578071 0.245098071
vn 0.824470684 0.473520199 -0.309881771
vn 0.974654633 0.029932378 -0.221703403
vn 0.949338169 0.249271597 0.191365388
vn 0.975648374 -0.033305291 -0.216797159
vn 0.974654633 0.029932378 -0.221703403
vn 0.904742335 0.219258519 -0.365194482
vn 0.949338169 0.249271597 0.191365388
vn 0.974654633 0.029932378 -0.221703403
vn 0.979200744 0.182356384 0.088949713
vn 0.365686324 0.930306330 0.028348637
vn 0.237406756 0.853263111 0.464306037
vn 0.286336873 0.958100139 0.007437682
vn 0.233155950 0.106671984 -0.966570945
vn -0.227708936 -0.156671752 -0.961042456
vn -0.080421079 -0.363859596 -0.927975562
vn 0.233155950 0.106671984 -0.966570945
vn 0.458602779 0.613642110 -0.642749447
vn -0.042674876 0.356341499 -0.933380732
vn 0.751356031 0.511307012 -0.417168137
vn 0.987044548 0.135942188 -0.085221959
vn 0.985608059 0.082568017 0.147510256
vn 0.987044548 0.135942188 -0.085221959
vn 0.751356031 0.511307012 -0.417168137
vn 0.851251216 0.235640727 -0.468876118
vn -0.137710239 -0.990446271 0.007216290
vn 0.182424060 -0.975841527 -0.120228022
vn 0.036958799 -0.998983465 -0.025808583
vn 0.182424060 -0.975841527 -0.120228022
vn -0.137710239 -0.990446271 0.007216290
vn -0.195168378 -0.976693470 -0.089326200
vn 0.172469038 0.870261732 -0.461409741
vn -0.083615006 0.918263601 0.387040683
vn 0.656216387 0.728477309 0.196725348
vn -0.083615006 0.918263601 0.387040683
vn 0.172469038 0.870261732 -0.461409741
vn -0.083943675 0.928320073 -0.362181311
vn -0.080421079 -0.363859596 -0.927975562
vn 0.381276019 -0.370152907 -0.847121847
vn 0.233155950 0.106671984 -0.966570945
vn 0.381276019 -0.370152907 -0.847121847
vn -0.080421079 -0.363859596 -0.927975562
vn 0.213261988 -0.688471414 -0.693200142
vn -0.083615006 0.918263601 0.387040683
vn 0.524830045 0.594445629 0.609251851
vn 0.656216387 0.728477309 0.196725348
vn 0.524830045 0.594445629 0.609251851
vn -0.083615006 0.918263601 0.387040683
vn 0.085892088 0.356715300 0.930256279
vn -0.521627696 0.400160774 -0.753509059
vn -0.357860892 0.056932990 -0.932037669
vn -0.042674876 0.356341499 -0.933380732
vn -0.035914428 -0.995675531 0.085676084
vn 0.044635911 -0.992375934 0.114880986
vn -0.004898716 -0.998948597 -0.045581840
vn 0.044635911 -0.992375934 0.114880986
vn -0.035914428 -0.995675531 0.085676084
vn -0.050735658 -0.994159111 0.095255208
vn 0.515290835 -0.848261820 0.122177082
vn -0.343431857 -0.855941538 0.386547077
vn 0.513552009 -0.850868450 0.110847708
vn -0.047531841 -0.788030711 -0.613798276
vn 0.083496822 -0.766562409 -0.636718426
vn -0.016708449 -0.358979168 -0.933196005
vn -0.150214198 -0.314843789 0.937181457
vn 0.316574281 0.896868093 0.308882418
vn 0.602021971 0.745466055 0.286094228
vn -0.016708449 -0.358979168 -0.933196005
vn 0.083496822 -0.766562409 -0.636718426
vn 0.058851471 -0.209814707 -0.975968387
vn 0.325395249 0.697481446 -0.638465006
vn -0.016708449 -0.358979168 -0.933196005
vn 0.058851471 -0.209814707 -0.975968387
vn 0.065057679 0.900235282 0.430515895
vn 0.632291463 0.472724882 0.613790430
vn 0.128866841 0.757398177 0.640110411
vn -0.206709011 0.975951213 0.069214260
vn 0.133936576 0.977100388 0.165335496
vn 0.005078796 0.985912590 -0.167184243
vn 0.133936576 0.977100388 0.165335496
vn -0.206709011 0.975951213 0.069214260
vn -0.162791481 0.894885062 0.415547422
vn -0.133828162 0.941343439 -0.309778231
vn -0.206709011 0.975951213 0.069214260
vn 0.005078796 0.985912590 -0.167184243
vn 0.065057679 0.900235282 0.430515895
vn 0.128866841 0.757398177 0.640110411
vn -0.162791481 0.894885062 0.415547422
vn -0.133828162 0.941343439 -0.309778231
vn 0.005078796 0.985912590 -0.167184243
vn -0.085518577 0.919600006 -0.383435005
vn -0.133828162 0.941343439 -0.309778231
vn -0.002244935 0.901335705 -0.433115350
vn 0.074280478 0.874969079 -0.478446989
vn 0.554150121 0.641619171 -0.530322999
vn 0.904742335 0.219258519 -0.365194482
vn 0.824470684 0.473520199 -0.309881771
vn 0.992876927 0.002574034 0.119116677
vn 0.981597017 -0.187423956 0.036599953
vn 0.984935353 0.022206224 -0.171491208
vn 0.316574281 0.896868093 0.308882418
vn -0.252238715 -0.304637756 0.918461468
vn 0.370656421 0.336538315 0.865653383
vn -0.252238715 -0.304637756 0.918461468
vn 0.292924223 -0.662064050 0.689830844
vn 0.370656421 0.336538315 0.865653383
vn 0.292924223 -0.662064050 0.689830844
vn -0.252238715 -0.304637756 0.918461468
vn -0.429875836 -0.838083252 0.335891692
vn -0.216798551 -0.906767332 -0.361623277
vn -0.107808661 -0.376276144 -0.920213864
vn -0.429875836 -0.838083252 0.335891692
vn 0.083496822 -0.766562409 -0.636718426
vn -0.107808661 -0.376276144 -0.920213864
vn 0.058851471 -0.209814707 -0.975968387
vn -0.107808661 -0.376276144 -0.920213864
vn 0.301257514 0.127146703 -0.945027844
vn 0.058851471 -0.209814707 -0.975968387
vn 0.301257514 0.127146703 -0.945027844
vn -0.107808661 -0.376276144 -0.920213864
vn -0.216798551 -0.906767332 -0.361623277
vn 0.200743066 -0.943393338 -0.264028844
vn -0.004898716 -0.998948597 -0.045581840
vn 0.384870774 -0.922627402 -0.025162761
vn -0.004898716 -0.998948597 -0.045581840
vn 0.200743066 -0.943393338 -0.264028844
vn -0.047531841 -0.788030711 -0.613798276
vn -0.303090024 0.779532801 -0.548146923
vn -0.081234025 0.865013991 -0.495128094
vn 0.172469038 0.870261732 -0.461409741
vn -0.083943675 0.928320073 -0.362181311
vn -0.081234025 0.865013991 -0.495128094
vn -0.106540716 0.916097560 -0.386541507
vn 0.240605650 0.963123513 0.120424333
vn 0.644365603 0.761112080 0.074171228
vn 0.656414268 0.754258544 -0.014640987
vn 0.656414268 0.754258544 -0.014640987
vn 0.972409847 0.207662102 -0.106280483
vn 0.978655624 0.029321825 -0.203404524
vn 0.972409847 0.207662102 -0.106280483
vn 0.656414268 0.754258544 -0.014640987
vn 0.644365603 0.761112080 0.074171228
vn 0.979936976 -0.166191849 -0.110017236
vn 0.978655624 0.029321825 -0.203404524
vn 0.972409847 0.207662102 -0.106280483
vn 0.978655624 0.029321825 -0.203404524
vn 0.979936976 -0.166191849 -0.110017236
vn 0.838290569 -0.525849091 -0.144054353
vn 0.202150061 0.976159287 0.079046812
vn 0.240605650 0.963123513 0.120424333
vn 0.656414268 0.754258544 -0.014640987
vn 0.240605650 0.963123513 0.120424333
vn 0.202150061 0.976159287 0.079046812
vn 0.133936576 0.977100388 0.165335496
vn -0.162791481 0.894885062 0.415547422
vn 0.240605650 0.963123513 0.120424333
vn 0.133936576 0.977100388 0.165335496
vn 0.240605650 0.963123513 0.120424333
vn -0.162791481 0.894885062 0.415547422
vn 0.128866841 0.757398177 0.640110411
vn 0.975648374 -0.033305291 -0.216797159
vn 0.972409847 0.207662102 -0.106280483
vn 0.979200744 0.182356384 0.088949713
vn 0.972409847 0.207662102 -0.106280483
vn 0.975648374 -0.033305291 -0.216797159
vn 0.980524219 0.036859531 -0.192908349
vn -0.474109594 0.870154183 -0.134356953
vn -0.349710893 0.705284162 -0.616665665
vn -0.281878215 0.837154562 -0.468739706
vn -0.684208105 0.725732749 -0.071911380
vn -0.266871081 0.962695906 -0.044681311
vn -0.764497705 0.581448767 0.278317427
vn -0.266871081 0.962695906 -0.044681311
vn -0.684208105 0.725732749 -0.071911380
vn -0.262005984 0.897810751 -0.353961467
vn -0.515207044 -0.693594235 -0.503476652
vn -0.061573525 -0.929477686 -0.363703083
vn -0.142664752 -0.893997614 -0.424752911
vn -0.061573525 -0.929477686 -0.363703083
vn -0.515207044 -0.693594235 -0.503476652
vn -0.360425899 -0.116532297 -0.925480089
vn -0.939149465 -0.183936778 -0.290112985
vn -0.450631190 -0.775427517 -0.442316285
vn -0.890859177 -0.197759092 -0.408975878
vn -0.450631190 -0.775427517 -0.442316285
vn -0.939149465 -0.183936778 -0.290112985
vn -0.436133569 -0.822379755 -0.365347847
vn -0.792032395 0.558079961 -0.247449879
vn -0.939149465 -0.183936778 -0.290112985
vn -0.890859177 -0.197759092 -0.408975878
vn -0.939149465 -0.183936778 -0.290112985
vn -0.792032395 0.558079961 -0.247449879
vn -0.904863508 0.356773110 -0.232239059
vn -0.106451552 0.994048458 -0.023145845
vn -0.499779370 0.859157481 -0.109859016
vn -0.792032395 0.558079961 -0.247449879
vn -0.499779370 0.859157481 -0.109859016
vn -0.106451552 0.994048458 -0.023145845
vn 0.080187566 0.995365685 0.053076424
vn -0.262005984 0.897810751 -0.353961467
vn 0.182925334 0.947742641 -0.261385174
vn -0.266871081 0.962695906 -0.044681311
vn 0.182925334 0.947742641 -0.261385174
vn -0.262005984 0.897810751 -0.353961467
vn 0.011741732 0.931455854 -0.363664851
vn -0.436133569 -0.822379755 -0.365347847
vn -0.249928812 -0.892623322 -0.375178884
vn -0.450631190 -0.775427517 -0.442316285
vn -0.249928812 -0.892623322 -0.375178884
vn -0.436133569 -0.822379755 -0.365347847
vn -0.254600552 -0.913887214 -0.316209929
vn -0.229072105 -0.967494688 0.107144764
vn -0.050735658 -0.994159111 0.095255208
vn -0.073822957 -0.974603056 0.211421508
vn -0.050735658 -0.994159111 0.095255208
vn -0.229072105 -0.967494688 0.107144764
vn -0.137710239 -0.990446271 0.007216290
vn -0.125796965 0.992005169 0.010043302
vn -0.997652417 0.065378096 -0.020380363
vn -0.986064758 0.157826063 -0.052604428
vn -0.997652417 0.065378096 -0.020380363
vn -0.125796965 0.992005169 0.010043302
vn -0.294325229 0.952400324 0.079412102
vn -0.997652417 0.065378096 -0.020380363
vn -0.476563038 0.864461197 0.159982838
vn -0.973751803 -0.226652246 -0.020885032
vn -0.476563038 0.864461197 0.159982838
vn -0.997652417 0.065378096 -0.020380363
vn -0.294325229 0.952400324 0.079412102
vn 0.831766429 0.502615514 0.235674039
vn 0.779259968 -0.610522855 0.141477013
vn 0.775313410 0.587674644 0.231360387
vn 0.779259968 -0.610522855 0.141477013
vn 0.831766429 0.502615514 0.235674039
vn 0.208952664 -0.954386149 0.213274148
vn 0.775313410 0.587674644 0.231360387
vn 0.973791539 -0.143335853 0.176592390
vn 0.693025488 0.685854664 0.222078931
vn 0.973791539 -0.143335853 0.176592390
vn 0.775313410 0.587674644 0.231360387
vn 0.779259968 -0.610522855 0.141477013
vn 0.779259968 -0.610522855 0.141477013
vn -0.386546576 -0.916869642 -0.099658439
vn -0.368048875 -0.929483069 0.024520422
vn -0.386546576 -0.916869642 -0.099658439
vn 0.779259968 -0.610522855 0.141477013
vn 0.208952664 -0.954386149 0.213274148
vn 0.779259968 -0.610522855 0.141477013
vn -0.249728864 -0.958034776 -0.140729752
vn 0.973791539 -0.143335853 0.176592390
vn -0.249728864 -0.958034776 -0.140729752
vn 0.779259968 -0.610522855 0.141477013
vn -0.368048875 -0.929483069 0.024520422
vn -0.386546576 -0.916869642 -0.099658439
vn -0.997652417 0.065378096 -0.020380363
vn -0.368048875 -0.929483069 0.024520422
vn -0.997652417 0.065378096 -0.020380363
vn -0.386546576 -0.916869642 -0.099658439
vn -0.986064758 0.157826063 -0.052604428
vn -0.368048875 -0.929483069 0.024520422
vn -0.973751803 -0.226652246 -0.020885032
vn -0.249728864 -0.958034776 -0.140729752
vn -0.973751803 -0.226652246 -0.020885032
vn -0.368048875 -0.929483069 0.024520422
vn -0.997652417 0.065378096 -0.020380363
vn -0.617959020 -0.622518799 0.480205159
vn 0.586038367 -0.454431170 0.670858662
vn -0.159052505 -0.915401944 0.369785859
vn 0.586038367 -0.454431170 0.670858662
vn -0.617959020 -0.622518799 0.480205159
vn 0.348135083 0.102921079 0.931777450
vn -0.540284349 0.837596096 0.080781196
vn -0.998157778 0.060654126 0.001458764
vn -0.985317667 -0.046012181 -0.164414034
vn -0.998157778 0.060654126 0.001458764
vn -0.540284349 0.837596096 0.080781196
vn -0.461201304 0.886577281 0.035694292
vn -0.461201304 0.886577281 0.035694292
vn -0.974633092 -0.091753933 -0.204136109
vn -0.998157778 0.060654126 0.001458764
vn -0.974633092 -0.091753933 -0.204136109
vn -0.461201304 0.886577281 0.035694292
vn -0.293810102 0.900026162 -0.321913858
vn 0.835274477 0.523676937 0.167567937
vn 0.873318051 -0.438522800 0.212163465
vn 0.844970034 0.486999150 0.221037261
vn 0.873318051 -0.438522800 0.212163465
vn 0.835274477 0.523676937 0.167567937
vn 0.762040267 -0.647135797 -0.022580772
vn 0.844970034 0.486999150 0.221037261
vn 0.980376119 -0.192553718 -0.042257916
vn 0.831780304 0.554025190 -0.034606566
vn 0.980376119 -0.192553718 -0.042257916
vn 0.844970034 0.486999150 0.221037261
vn 0.873318051 -0.438522800 0.212163465
vn 0.762040267 -0.647135797 -0.022580772
vn -0.178789432 -0.982189948 0.057768902
vn 0.873318051 -0.438522800 0.212163465
vn -0.178789432 -0.982189948 0.057768902
vn 0.762040267 -0.647135797 -0.022580772
vn -0.281719266 -0.950956970 -0.127730561
vn 0.873318051 -0.438522800 0.212163465
vn -0.238821778 -0.970912885 0.017097578
vn 0.980376119 -0.192553718 -0.042257916
vn -0.238821778 -0.970912885 0.017097578
vn 0.873318051 -0.438522800 0.212163465
vn -0.178789432 -0.982189948 0.057768902
vn -0.281719266 -0.950956970 -0.127730561
vn -0.998157778 0.060654126 0.001458764
vn -0.178789432 -0.982189948 0.057768902
vn -0.998157778 0.060654126 0.001458764
vn -0.281719266 -0.950956970 -0.127730561
vn -0.985317667 -0.046012181 -0.164414034
vn -0.178789432 -0.982189948 0.057768902
vn -0.974633092 -0.091753933 -0.204136109
vn -0.238821778 -0.970912885 0.017097578
vn -0.974633092 -0.091753933 -0.204136109
vn -0.178789432 -0.982189948 0.057768902
vn -0.998157778 0.060654126 0.001458764
vn -0.986064758 0.157826063 -0.052604428
vn -0.499779370 0.859157481 -0.109859016
vn -0.125796965 0.992005169 0.010043302
vn -0.499779370 0.859157481 -0.109859016
vn -0.986064758 0.157826063 -0.052604428
vn -0.974017054 0.184852417 -0.130844800
vn 0.080187566 0.995365685 0.053076424
vn 0.237406756 0.853263111 0.464306037
vn 0.831766429 0.502615514 0.235674039
vn -0.436133569 -0.822379755 -0.365347847
vn -0.944623188 -0.318084135 -0.080681572
vn -0.468860510 -0.881046327 0.062667315
vn -0.944623188 -0.318084135 -0.080681572
vn -0.436133569 -0.822379755 -0.365347847
vn -0.939149465 -0.183936778 -0.290112985
vn -0.468860510 -0.881046327 0.062667315
vn -0.774602638 -0.610840900 0.163902862
vn -0.374229167 -0.777558573 0.505326821
vn -0.774602638 -0.610840900 0.163902862
vn -0.468860510 -0.881046327 0.062667315
vn -0.944623188 -0.318084135 -0.080681572
vn -0.374229167 -0.777558573 0.505326821
vn -0.774602638 -0.610840900 0.163902862
vn 0.208952664 -0.954386149 0.213274148
vn -0.540284349 0.837596096 0.080781196
vn -0.973751803 -0.226652246 -0.020885032
vn -0.476563038 0.864461197 0.159982838
vn -0.973751803 -0.226652246 -0.020885032
vn -0.540284349 0.837596096 0.080781196
vn -0.985317667 -0.046012181 -0.164414034
vn -0.985317667 -0.046012181 -0.164414034
vn -0.249728864 -0.958034776 -0.140729752
vn -0.973751803 -0.226652246 -0.020885032
vn -0.249728864 -0.958034776 -0.140729752
vn -0.985317667 -0.046012181 -0.164414034
vn -0.281719266 -0.950956970 -0.127730561
vn -0.249728864 -0.958034776 -0.140729752
vn 0.762040267 -0.647135797 -0.022580772
vn 0.973791539 -0.143335853 0.176592390
vn 0.762040267 -0.647135797 -0.022580772
vn -0.249728864 -0.958034776 -0.140729752
vn -0.281719266 -0.950956970 -0.127730561
vn 0.973791539 -0.143335853 0.176592390
vn 0.835274477 0.523676937 0.167567937
vn 0.693025488 0.685854664 0.222078931
vn 0.835274477 0.523676937 0.167567937
vn 0.973791539 -0.143335853 0.176592390
vn 0.762040267 -0.647135797 -0.022580772
vn -0.939149465 -0.183936778 -0.290112985
vn -0.974017054 0.184852417 -0.130844800
vn -0.944623188 -0.318084135 -0.080681572
vn -0.974017054 0.184852417 -0.130844800
vn -0.939149465 -0.183936778 -0.290112985
vn -0.904863508 0.356773110 -0.232239059
vn -0.944623188 -0.318084135 -0.080681572
vn -0.986064758 0.157826063 -0.052604428
vn -0.774602638 -0.610840900 0.163902862
vn -0.986064758 0.157826063 -0.052604428
vn -0.944623188 -0.318084135 -0.080681572
vn -0.974017054 0.184852417 -0.130844800
vn -0.774602638 -0.610840900 0.163902862
vn -0.986064758 0.157826063 -0.052604428
vn -0.386546576 -0.916869642 -0.099658439
vn -0.468965174 -0.883171549 -0.008926417
vn -0.229072105 -0.967494688 0.107144764
vn -0.647672804 -0.648625024 0.399756823
vn -0.914969701 0.072434743 0.396968077
vn -0.856991427 0.187983170 0.479820822
vn -0.817803782 0.424780246 0.388276598
vn -0.597871096 0.179007118 0.781349220
vn -0.351299512 0.890357580 0.289572153
vn -0.817803782 0.424780246 0.388276598
vn -0.351299512 0.890357580 0.289572153
vn -0.597871096 0.179007118 0.781349220
vn 0.040667982 0.439410766 0.897365195
vn -0.351299512 0.890357580 0.289572153
vn 0.427938113 0.726766783 0.537288577
vn 0.069606425 0.990139644 0.121566566
vn 0.427938113 0.726766783 0.537288577
vn -0.351299512 0.890357580 0.289572153
vn 0.040667982 0.439410766 0.897365195
vn -0.167044807 0.985851573 -0.013881925
vn 0.314654754 0.146302205 0.937863557
vn 0.359110131 0.150696615 0.921048557
vn -0.261115832 0.920990307 -0.289128652
vn 0.235315397 0.601414969 0.763496365
vn -0.305429589 0.850257666 -0.428689477
vn 0.235315397 0.601414969 0.763496365
vn -0.261115832 0.920990307 -0.289128652
vn 0.359110131 0.150696615 0.921048557
vn 0.337886870 -0.625015469 0.703696047
vn 0.359110131 0.150696615 0.921048557
vn 0.314654754 0.146302205 0.937863557
vn 0.359110131 0.150696615 0.921048557
vn 0.337886870 -0.625015469 0.703696047
vn 0.078417476 -0.985760960 0.148748209
vn 0.359110131 0.150696615 0.921048557
vn 0.354291292 -0.695749647 0.624828064
vn 0.235315397 0.601414969 0.763496365
vn 0.354291292 -0.695749647 0.624828064
vn 0.359110131 0.150696615 0.921048557
vn 0.078417476 -0.985760960 0.148748209
vn 0.039063012 -0.959492918 -0.279011508
vn 0.337886870 -0.625015469 0.703696047
vn 0.222906933 -0.382542258 0.896645928
vn 0.337886870 -0.625015469 0.703696047
vn 0.039063012 -0.959492918 -0.279011508
vn -0.086542292 -0.827168213 -0.555250556
vn 0.078417476 -0.985760960 0.148748209
vn -0.291881034 -0.501597243 -0.814374403
vn 0.354291292 -0.695749647 0.624828064
vn -0.291881034 -0.501597243 -0.814374403
vn 0.078417476 -0.985760960 0.148748209
vn -0.403995764 -0.237989506 -0.883260107
vn -0.418824504 0.311012211 -0.853145615
vn -0.261115832 0.920990307 -0.289128652
vn -0.403995764 -0.237989506 -0.883260107
vn -0.403995764 -0.237989506 -0.883260107
vn -0.305429589 0.850257666 -0.428689477
vn -0.291881034 -0.501597243 -0.814374403
vn -0.305429589 0.850257666 -0.428689477
vn -0.403995764 -0.237989506 -0.883260107
vn -0.261115832 0.920990307 -0.289128652
vn -0.233186078 0.938637614 -0.254133197
vn 0.188723744 0.322304371 0.927633139
vn -0.453307810 0.711986674 -0.536271392
vn 0.188723744 0.322304371 0.927633139
vn -0.233186078 0.938637614 -0.254133197
vn 0.346908359 0.088491219 0.933715104
vn -0.453307810 0.711986674 -0.536271392
vn 0.456982044 -0.045317865 0.888320720
vn -0.203938409 0.744511678 -0.635697638
vn 0.456982044 -0.045317865 0.888320720
vn -0.453307810 0.711986674 -0.536271392
vn 0.188723744 0.322304371 0.927633139
vn 0.346908359 0.088491219 0.933715104
vn 0.156558577 -0.761341801 0.629164585
vn 0.188723744 0.322304371 0.927633139
vn 0.156558577 -0.761341801 0.629164585
vn 0.346908359 0.088491219 0.933715104
vn 0.161645037 -0.976385369 0.143326524
vn 0.188723744 0.322304371 0.927633139
vn 0.227013668 -0.697992019 0.679170034
vn 0.456982044 -0.045317865 0.888320720
vn 0.227013668 -0.697992019 0.679170034
vn 0.188723744 0.322304371 0.927633139
vn 0.156558577 -0.761341801 0.629164585
vn 0.161645037 -0.976385369 0.143326524
vn -0.456761979 -0.274673946 -0.846122165
vn 0.156558577 -0.761341801 0.629164585
vn -0.456761979 -0.274673946 -0.846122165
vn 0.161645037 -0.976385369 0.143326524
vn -0.413131864 -0.132792728 -0.900937375
vn 0.156558577 -0.761341801 0.629164585
vn -0.305949485 -0.335682471 -0.890905265
vn 0.227013668 -0.697992019 0.679170034
vn -0.305949485 -0.335682471 -0.890905265
vn 0.156558577 -0.761341801 0.629164585
vn -0.456761979 -0.274673946 -0.846122165
vn -0.413131864 -0.132792728 -0.900937375
vn -0.453307810 0.711986674 -0.536271392
vn -0.456761979 -0.274673946 -0.846122165
vn -0.453307810 0.711986674 -0.536271392
vn -0.413131864 -0.132792728 -0.900937375
vn -0.233186078 0.938637614 -0.254133197
vn -0.456761979 -0.274673946 -0.846122165
vn -0.203938409 0.744511678 -0.635697638
vn -0.305949485 -0.335682471 -0.890905265
vn -0.203938409 0.744511678 -0.635697638
vn -0.456761979 -0.274673946 -0.846122165
vn -0.453307810 0.711986674 -0.536271392
vn -0.506497200 0.776549821 -0.374741193
vn -0.117857473 -0.811817430 0.571893414
vn -0.666519322 0.216402096 -0.713387781
vn -0.117857473 -0.811817430 0.571893414
vn -0.506497200 0.776549821 -0.374741193
vn 0.295199703 -0.608307365 0.736762706
vn 0.366319086 0.187419588 0.911418798
vn -0.971708617 0.172107728 -0.161744530
vn -0.340957288 0.938648194 0.051842992
vn -0.971708617 0.172107728 -0.161744530
vn 0.366319086 0.187419588 0.911418798
vn -0.181416825 -0.967087808 0.178407140
vn 0.244628270 -0.898714148 0.363964134
vn 0.281059872 -0.595776497 0.752366742
vn 0.595877740 -0.313876906 0.739196190
vn 0.281059872 -0.595776497 0.752366742
vn 0.244628270 -0.898714148 0.363964134
vn 0.287762016 -0.771596818 0.567301835
vn 0.244628270 -0.898714148 0.363964134
vn -0.492689199 0.450600764 -0.744457053
vn 0.287762016 -0.771596818 0.567301835
vn -0.492689199 0.450600764 -0.744457053
vn 0.244628270 -0.898714148 0.363964134
vn -0.377263289 0.365721096 -0.850835173
vn -0.138067900 0.895324536 -0.423475182
vn -0.492689199 0.450600764 -0.744457053
vn -0.377263289 0.365721096 -0.850835173
vn -0.492689199 0.450600764 -0.744457053
vn -0.138067900 0.895324536 -0.423475182
vn -0.421642580 0.725366492 -0.544114866
vn -0.291881034 -0.501597243 -0.814374403
vn -0.233186078 0.938637614 -0.254133197
vn -0.413131864 -0.132792728 -0.900937375
vn -0.233186078 0.938637614 -0.254133197
vn -0.291881034 -0.501597243 -0.814374403
vn -0.305429589 0.850257666 -0.428689477
vn -0.305429589 0.850257666 -0.428689477
vn 0.346908359 0.088491219 0.933715104
vn -0.233186078 0.938637614 -0.254133197
vn 0.346908359 0.088491219 0.933715104
vn -0.305429589 0.850257666 -0.428689477
vn 0.235315397 0.601414969 0.763496365
vn 0.354291292 -0.695749647 0.624828064
vn 0.346908359 0.088491219 0.933715104
vn 0.235315397 0.601414969 0.763496365
vn 0.346908359 0.088491219 0.933715104
vn 0.354291292 -0.695749647 0.624828064
vn 0.161645037 -0.976385369 0.143326524
vn 0.161645037 -0.976385369 0.143326524
vn -0.291881034 -0.501597243 -0.814374403
vn -0.413131864 -0.132792728 -0.900937375
vn -0.291881034 -0.501597243 -0.814374403
vn 0.161645037 -0.976385369 0.143326524
vn 0.354291292 -0.695749647 0.624828064
vn -0.291773625 -0.625724986 -0.723419929
vn -0.425687457 0.440733284 -0.790281191
vn -0.418824504 0.311012211 -0.853145615
vn -0.425687457 0.440733284 -0.790281191
vn -0.360425899 -0.116532297 -0.925480089
vn -0.442228848 0.516533423 -0.733230433
vn -0.360425899 -0.116532297 -0.925480089
vn -0.425687457 0.440733284 -0.790281191
vn -0.291773625 -0.625724986 -0.723419929
vn -0.647672804 -0.648625024 0.399756823
vn -0.073822957 -0.974603056 0.211421508
vn -0.322699010 -0.861550357 0.391913677
vn -0.073822957 -0.974603056 0.211421508
vn -0.647672804 -0.648625024 0.399756823
vn -0.229072105 -0.967494688 0.107144764
vn -0.360425899 -0.116532297 -0.925480089
vn -0.515207044 -0.693594235 -0.503476652
vn -0.830282380 0.366496674 -0.419894459
vn -0.400035086 0.817423523 -0.414476433
vn -0.474109594 0.870154183 -0.134356953
vn -0.238841070 0.908092916 0.343979940
vn -0.474109594 0.870154183 -0.134356953
vn -0.400035086 0.817423523 -0.414476433
vn -0.349710893 0.705284162 -0.616665665
vn -0.167044807 0.985851573 -0.013881925
vn -0.400035086 0.817423523 -0.414476433
vn -0.238841070 0.908092916 0.343979940
vn -0.061573525 -0.929477686 -0.363703083
vn -0.060710827 -0.997400302 0.038817950
vn -0.142664752 -0.893997614 -0.424752911
vn -0.060710827 -0.997400302 0.038817950
vn -0.134901691 -0.964606594 -0.226573725
vn -0.142664752 -0.893997614 -0.424752911
vn -0.134901691 -0.964606594 -0.226573725
vn -0.060710827 -0.997400302 0.038817950
vn -0.035914428 -0.995675531 0.085676084
vn -0.291773625 -0.625724986 -0.723419929
vn -0.061573525 -0.929477686 -0.363703083
vn -0.360425899 -0.116532297 -0.925480089
vn 0.039063012 -0.959492918 -0.279011508
vn 0.019884638 -0.990977306 0.132546517
vn -0.061573525 -0.929477686 -0.363703083
vn 0.222906933 -0.382542258 0.896645928
vn -0.616309606 0.124995639 0.777520777
vn -0.671187455 -0.109255421 0.733192099
vn -0.616309606 0.124995639 0.777520777
vn 0.222906933 -0.382542258 0.896645928
vn -0.166518700 0.529085188 0.832069941
vn -0.694165618 0.705279050 0.143929001
vn -0.616309606 0.124995639 0.777520777
vn -0.166518700 0.529085188 0.832069941
vn -0.873015069 0.155433022 0.462261035
vn -0.597871096 0.179007118 0.781349220
vn -0.875666121 0.074391237 0.477152793
vn -0.856991427 0.187983170 0.479820822
vn -0.914969701 0.072434743 0.396968077
vn -0.799104300 -0.149231113 0.582376504
vn -0.203938409 0.744511678 -0.635697638
vn 0.595877740 -0.313876906 0.739196190
vn -0.138067900 0.895324536 -0.423475182
vn 0.595877740 -0.313876906 0.739196190
vn -0.203938409 0.744511678 -0.635697638
vn 0.456982044 -0.045317865 0.888320720
vn -0.203938409 0.744511678 -0.635697638
vn -0.377263289 0.365721096 -0.850835173
vn -0.305949485 -0.335682471 -0.890905265
vn -0.377263289 0.365721096 -0.850835173
vn -0.203938409 0.744511678 -0.635697638
vn -0.138067900 0.895324536 -0.423475182
vn -0.305949485 -0.335682471 -0.890905265
vn 0.244628270 -0.898714148 0.363964134
vn 0.227013668 -0.697992019 0.679170034
vn 0.244628270 -0.898714148 0.363964134
vn -0.305949485 -0.335682471 -0.890905265
vn -0.377263289 0.365721096 -0.850835173
vn 0.244628270 -0.898714148 0.363964134
vn 0.456982044 -0.045317865 0.888320720
vn 0.227013668 -0.697992019 0.679170034
vn 0.456982044 -0.045317865 0.888320720
vn 0.244628270 -0.898714148 0.363964134
vn 0.595877740 -0.313876906 0.739196190
vn -0.515207044 -0.693594235 -0.503476652
vn -0.833981740 -0.419498598 0.358462527
vn -0.830282380 0.366496674 -0.419894459
vn -0.833981740 -0.419498598 0.358462527
vn -0.515207044 -0.693594235 -0.503476652
vn -0.062049198 -0.868972350 0.490955143
vn -0.125846291 -0.900785664 -0.415629522
vn -0.062049198 -0.868972350 0.490955143
vn -0.515207044 -0.693594235 -0.503476652
vn -0.062049198 -0.868972350 0.490955143
vn -0.125846291 -0.900785664 -0.415629522
vn 0.546110191 -0.731880815 0.407571014
vn 0.287762016 -0.771596818 0.567301835
vn 0.295199703 -0.608307365 0.736762706
vn 0.281059872 -0.595776497 0.752366742
vn 0.295199703 -0.608307365 0.736762706
vn 0.287762016 -0.771596818 0.567301835
vn -0.117857473 -0.811817430 0.571893414
vn 0.281059872 -0.595776497 0.752366742
vn -0.506497200 0.776549821 -0.374741193
vn -0.421642580 0.725366492 -0.544114866
vn -0.506497200 0.776549821 -0.374741193
vn 0.281059872 -0.595776497 0.752366742
vn 0.295199703 -0.608307365 0.736762706
vn -0.506497200 0.776549821 -0.374741193
vn -0.492689199 0.450600764 -0.744457053
vn -0.421642580 0.725366492 -0.544114866
vn -0.492689199 0.450600764 -0.744457053
vn -0.506497200 0.776549821 -0.374741193
vn -0.666519322 0.216402096 -0.713387781
vn -0.666519322 0.216402096 -0.713387781
vn 0.287762016 -0.771596818 0.567301835
vn -0.492689199 0.450600764 -0.744457053
vn 0.287762016 -0.771596818 0.567301835
vn -0.666519322 0.216402096 -0.713387781
vn -0.117857473 -0.811817430 0.571893414
vn -0.138067900 0.895324536 -0.423475182
vn 0.751783437 -0.080010668 0.654537972
vn 0.235284820 0.953509289 0.188311150
vn 0.751783437 -0.080010668 0.654537972
vn -0.138067900 0.895324536 -0.423475182
vn 0.595877740 -0.313876906 0.739196190
vn 0.751783437 -0.080010668 0.654537972
vn 0.281059872 -0.595776497 0.752366742
vn -0.339401349 -0.929381461 -0.145109698
vn 0.281059872 -0.595776497 0.752366742
vn 0.751783437 -0.080010668 0.654537972
vn 0.595877740 -0.313876906 0.739196190
vn 0.281059872 -0.595776497 0.752366742
vn -0.587766806 0.747204127 -0.310187322
vn -0.339401349 -0.929381461 -0.145109698
vn -0.587766806 0.747204127 -0.310187322
vn 0.281059872 -0.595776497 0.752366742
vn -0.421642580 0.725366492 -0.544114866
vn -0.587766806 0.747204127 -0.310187322
vn -0.138067900 0.895324536 -0.423475182
vn 0.235284820 0.953509289 0.188311150
vn -0.138067900 0.895324536 -0.423475182
vn -0.587766806 0.747204127 -0.310187322
vn -0.421642580 0.725366492 -0.544114866
vn 0.235284820 0.953509289 0.188311150
vn 0.366319086 0.187419588 0.911418798
vn -0.340957288 0.938648194 0.051842992
vn 0.366319086 0.187419588 0.911418798
vn 0.235284820 0.953509289 0.188311150
vn 0.751783437 -0.080010668 0.654537972
vn 0.751783437 -0.080010668 0.654537972
vn -0.181416825 -0.967087808 0.178407140
vn 0.366319086 0.187419588 0.911418798
vn -0.181416825 -0.967087808 0.178407140
vn 0.751783437 -0.080010668 0.654537972
vn -0.339401349 -0.929381461 -0.145109698
vn -0.339401349 -0.929381461 -0.145109698
vn -0.971708617 0.172107728 -0.161744530
vn -0.181416825 -0.967087808 0.178407140
vn -0.971708617 0.172107728 -0.161744530
vn -0.339401349 -0.929381461 -0.145109698
vn -0.587766806 0.747204127 -0.310187322
vn -0.587766806 0.747204127 -0.310187322
vn -0.340957288 0.938648194 0.051842992
vn -0.971708617 0.172107728 -0.161744530
vn -0.340957288 0.938648194 0.051842992
vn -0.587766806 0.747204127 -0.310187322
vn 0.235284820 0.953509289 0.188311150
vn -0.825428659 -0.185542918 -0.533142902
vn -0.955011857 0.252104179 0.156191663
vn -0.318348227 -0.286283690 0.903712374
vn -0.955011857 0.252104179 0.156191663
vn -0.825428659 -0.185542918 -0.533142902
vn -0.530933229 0.541602875 -0.651748596
vn 0.981843304 0.119292079 -0.147489414
vn 0.348135083 0.102921079 0.931777450
vn 0.813429204 0.568602297 0.122573886
vn 0.348135083 0.102921079 0.931777450
vn 0.981843304 0.119292079 -0.147489414
vn 0.586038367 -0.454431170 0.670858662
vn 0.980376119 -0.192553718 -0.042257916
vn -0.045153489 -0.936053501 -0.348948429
vn 0.981843304 0.119292079 -0.147489414
vn -0.045153489 -0.936053501 -0.348948429
vn 0.980376119 -0.192553718 -0.042257916
vn -0.238821778 -0.970912885 0.017097578
vn -0.617959020 -0.622518799 0.480205159
vn -0.045153489 -0.936053501 -0.348948429
vn -0.781628692 -0.560582855 -0.273502195
vn -0.045153489 -0.936053501 -0.348948429
vn -0.617959020 -0.622518799 0.480205159
vn -0.159052505 -0.915401944 0.369785859
vn -0.293810102 0.900026162 -0.321913858
vn -0.825428659 -0.185542918 -0.533142902
vn -0.974633092 -0.091753933 -0.204136109
vn -0.825428659 -0.185542918 -0.533142902
vn -0.293810102 0.900026162 -0.321913858
vn -0.530933229 0.541602875 -0.651748596
vn 0.348135083 0.102921079 0.931777450
vn 0.696196145 0.710886540 -0.099755974
vn 0.813429204 0.568602297 0.122573886
vn 0.696196145 0.710886540 -0.099755974
vn 0.348135083 0.102921079 0.931777450
vn 0.092306992 0.039483230 0.994947483
vn 0.348135083 0.102921079 0.931777450
vn -0.318348227 -0.286283690 0.903712374
vn 0.092306992 0.039483230 0.994947483
vn -0.318348227 -0.286283690 0.903712374
vn 0.348135083 0.102921079 0.931777450
vn -0.617959020 -0.622518799 0.480205159
vn -0.617959020 -0.622518799 0.480205159
vn -0.825428659 -0.185542918 -0.533142902
vn -0.318348227 -0.286283690 0.903712374
vn -0.825428659 -0.185542918 -0.533142902
vn -0.617959020 -0.622518799 0.480205159
vn -0.781628692 -0.560582855 -0.273502195
vn 0.080187566 0.995365685 0.053076424
vn 0.831766429 0.502615514 0.235674039
vn -0.125796965 0.992005169 0.010043302
vn -0.499779370 0.859157481 -0.109859016
vn 0.080187566 0.995365685 0.053076424
vn -0.125796965 0.992005169 0.010043302
vn -0.125796965 0.992005169 0.010043302
vn 0.775313410 0.587674644 0.231360387
vn -0.294325229 0.952400324 0.079412102
vn -0.294325229 0.952400324 0.079412102
vn 0.693025488 0.685854664 0.222078931
vn -0.476563038 0.864461197 0.159982838
vn 0.693025488 0.685854664 0.222078931
vn -0.294325229 0.952400324 0.079412102
vn 0.775313410 0.587674644 0.231360387
vn -0.476563038 0.864461197 0.159982838
vn 0.835274477 0.523676937 0.167567937
vn -0.540284349 0.837596096 0.080781196
vn 0.835274477 0.523676937 0.167567937
vn -0.476563038 0.864461197 0.159982838
vn 0.693025488 0.685854664 0.222078931
vn 0.835274477 0.523676937 0.167567937
vn -0.461201304 0.886577281 0.035694292
vn -0.540284349 0.837596096 0.080781196
vn -0.461201304 0.886577281 0.035694292
vn 0.835274477 0.523676937 0.167567937
vn 0.844970034 0.486999150 0.221037261
vn 0.844970034 0.486999150 0.221037261
vn -0.293810102 0.900026162 -0.321913858
vn -0.461201304 0.886577281 0.035694292
vn -0.293810102 0.900026162 -0.321913858
vn 0.844970034 0.486999150 0.221037261
vn 0.831780304 0.554025190 -0.034606566
vn -0.293810102 0.900026162 -0.321913858
vn 0.696196145 0.710886540 -0.099755974
vn -0.530933229 0.541602875 -0.651748596
vn 0.696196145 0.710886540 -0.099755974
vn -0.293810102 0.900026162 -0.321913858
vn 0.831780304 0.554025190 -0.034606566
vn -0.530933229 0.541602875 -0.651748596
vn 0.092306992 0.039483230 0.994947483
vn -0.955011857 0.252104179 0.156191663
vn 0.092306992 0.039483230 0.994947483
vn -0.530933229 0.541602875 -0.651748596
vn 0.696196145 0.710886540 -0.099755974
vn 0.696196145 0.710886540 -0.099755974
vn 0.831780304 0.554025190 -0.034606566
vn 0.813429204 0.568602297 0.122573886
vn 0.831780304 0.554025190 -0.034606566
vn 0.981843304 0.119292079 -0.147489414
vn 0.813429204 0.568602297 0.122573886
vn 0.981843304 0.119292079 -0.147489414
vn 0.831780304 0.554025190 -0.034606566
vn 0.980376119 -0.192553718 -0.042257916
vn -0.045153489 -0.936053501 -0.348948429
vn 0.586038367 -0.454431170 0.670858662
vn 0.981843304 0.119292079 -0.147489414
vn 0.586038367 -0.454431170 0.670858662
vn -0.045153489 -0.936053501 -0.348948429
vn -0.159052505 -0.915401944 0.369785859
vn -0.238821778 -0.970912885 0.017097578
vn -0.781628692 -0.560582855 -0.273502195
vn -0.045153489 -0.936053501 -0.348948429
vn -0.781628692 -0.560582855 -0.273502195
vn -0.238821778 -0.970912885 0.017097578
vn -0.974633092 -0.091753933 -0.204136109
vn -0.781628692 -0.560582855 -0.273502195
vn -0.974633092 -0.091753933 -0.204136109
vn -0.825428659 -0.185542918 -0.533142902
vn -0.792032395 0.558079961 -0.247449879
vn -0.499779370 0.859157481 -0.109859016
vn -0.904863508 0.356773110 -0.232239059
vn -0.904863508 0.356773110 -0.232239059
vn -0.499779370 0.859157481 -0.109859016
vn -0.974017054 0.184852417 -0.130844800
vn 0.831766429 0.502615514 0.235674039
vn 0.237406756 0.853263111 0.464306037
vn 0.019986789 0.137870749 0.990248547
vn -0.622141493 -0.324455944 0.712508458
vn -0.357245777 0.034853485 0.933359893
vn -0.844322570 0.195149378 0.499035188
vn -0.357245777 0.034853485 0.933359893
vn -0.622141493 -0.324455944 0.712508458
vn -0.715886770 -0.152247459 0.681415324
vn -0.466471907 -0.677050820 0.569215379
vn -0.062049198 -0.868972350 0.490955143
vn 0.023442360 -0.818727377 0.573703702
vn -0.062049198 -0.868972350 0.490955143
vn -0.466471907 -0.677050820 0.569215379
vn -0.833981740 -0.419498598 0.358462527
vn -0.587612341 -0.431757877 -0.684322199
vn -0.357860892 0.056932990 -0.932037669
vn -0.703996807 -0.077490404 -0.705962983
vn -0.357860892 0.056932990 -0.932037669
vn -0.587612341 -0.431757877 -0.684322199
vn -0.227708936 -0.156671752 -0.961042456
vn -0.991092439 0.131993810 -0.017703412
vn -0.851626033 0.254549440 -0.458189570
vn -0.844582047 0.465186871 -0.265108167
vn -0.622141493 -0.324455944 0.712508458
vn -0.807985127 -0.231576592 0.541786227
vn -0.715886770 -0.152247459 0.681415324
vn -0.807985127 -0.231576592 0.541786227
vn -0.622141493 -0.324455944 0.712508458
vn -0.591505231 -0.451681721 0.667911060
vn -0.577409391 -0.508930190 0.638426547
vn -0.591505231 -0.451681721 0.667911060
vn -0.622141493 -0.324455944 0.712508458
vn -0.591505231 -0.451681721 0.667911060
vn -0.577409391 -0.508930190 0.638426547
vn -0.295903797 -0.752375641 0.588533634
vn -0.837382619 -0.531046815 0.129536208
vn -0.939029238 -0.303214467 -0.162126733
vn -0.958170352 -0.263536781 0.111615148
vn -0.939029238 -0.303214467 -0.162126733
vn -0.837382619 -0.531046815 0.129536208
vn -0.837826035 -0.545156720 -0.029183644
vn -0.837382619 -0.531046815 0.129536208
vn -0.656008303 -0.753132278 0.049445709
vn -0.837826035 -0.545156720 -0.029183644
vn 0.023442360 -0.818727377 0.573703702
vn -0.440322100 -0.801045084 0.405515994
vn -0.466471907 -0.677050820 0.569215379
vn -0.440322100 -0.801045084 0.405515994
vn 0.023442360 -0.818727377 0.573703702
vn 0.094109284 -0.888639019 0.448847566
vn 0.588096890 -0.774719921 0.232273745
vn 0.061151805 -0.998078988 0.009939348
vn 0.094109284 -0.888639019 0.448847566
vn 0.061151805 -0.998078988 0.009939348
vn 0.588096890 -0.774719921 0.232273745
vn 0.499128872 -0.849767266 -0.169605316
vn -0.577409391 -0.508930190 0.638426547
vn -0.622141493 -0.324455944 0.712508458
vn -0.844322570 0.195149378 0.499035188
vn -0.939029238 -0.303214467 -0.162126733
vn -0.851626033 0.254549440 -0.458189570
vn -0.991092439 0.131993810 -0.017703412
vn -0.918656411 -0.197407411 0.342199814
vn -0.955302161 0.280000723 0.094854498
vn -0.885537362 0.021552887 0.464067940
vn -0.715886770 -0.152247459 0.681415324
vn -0.643135622 0.144255716 0.752041794
vn -0.357245777 0.034853485 0.933359893
vn -0.643135622 0.144255716 0.752041794
vn 0.085892088 0.356715300 0.930256279
vn -0.357245777 0.034853485 0.933359893
vn 0.085892088 0.356715300 0.930256279
vn -0.643135622 0.144255716 0.752041794
vn -0.259845178 0.728419395 0.633944531
vn -0.703996807 -0.077490404 -0.705962983
vn -0.851626033 0.254549440 -0.458189570
vn -0.939029238 -0.303214467 -0.162126733
vn -0.587612341 -0.431757877 -0.684322199
vn -0.656008303 -0.753132278 0.049445709
vn -0.173759530 -0.734260187 -0.656254221
vn -0.656008303 -0.753132278 0.049445709
vn -0.587612341 -0.431757877 -0.684322199
vn -0.837826035 -0.545156720 -0.029183644
vn 0.061151805 -0.998078988 0.009939348
vn 0.213261988 -0.688471414 -0.693200142
vn -0.173759530 -0.734260187 -0.656254221
vn 0.213261988 -0.688471414 -0.693200142
vn 0.061151805 -0.998078988 0.009939348
vn 0.499128872 -0.849767266 -0.169605316
vn -0.939029238 -0.303214467 -0.162126733
vn -0.837826035 -0.545156720 -0.029183644
vn -0.587612341 -0.431757877 -0.684322199
vn 0.546110191 -0.731880815 0.407571014
vn 0.023442360 -0.818727377 0.573703702
vn -0.062049198 -0.868972350 0.490955143
vn 0.023442360 -0.818727377 0.573703702
vn 0.546110191 -0.731880815 0.407571014
vn 0.589393464 -0.640124427 0.492804285
vn 0.589393464 -0.640124427 0.492804285
vn 0.094109284 -0.888639019 0.448847566
vn 0.023442360 -0.818727377 0.573703702
vn 0.094109284 -0.888639019 0.448847566
vn 0.589393464 -0.640124427 0.492804285
vn 0.588096890 -0.774719921 0.232273745
vn 0.061151805 -0.998078988 0.009939348
vn -0.440322100 -0.801045084 0.405515994
vn 0.094109284 -0.888639019 0.448847566
vn -0.440322100 -0.801045084 0.405515994
vn 0.061151805 -0.998078988 0.009939348
vn -0.656008303 -0.753132278 0.049445709
vn -0.173759530 -0.734260187 -0.656254221
vn -0.656008303 -0.753132278 0.049445709
vn 0.061151805 -0.998078988 0.009939348
vn -0.524212094 -0.623071932 0.580502410
vn -0.920822614 -0.302530005 0.246092077
vn -0.865079143 -0.302576825 0.400106664
vn -0.920822614 -0.302530005 0.246092077
vn -0.524212094 -0.623071932 0.580502410
vn -0.722824484 -0.626521247 -0.291540549
vn -0.591505231 -0.451681721 0.667911060
vn -0.524212094 -0.623071932 0.580502410
vn -0.865079143 -0.302576825 0.400106664
vn -0.524212094 -0.623071932 0.580502410
vn -0.591505231 -0.451681721 0.667911060
vn -0.295903797 -0.752375641 0.588533634
vn -0.295903797 -0.752375641 0.588533634
vn -0.722824484 -0.626521247 -0.291540549
vn -0.524212094 -0.623071932 0.580502410
vn -0.722824484 -0.626521247 -0.291540549
vn -0.295903797 -0.752375641 0.588533634
vn -0.837382619 -0.531046815 0.129536208
vn -0.837382619 -0.531046815 0.129536208
vn -0.920822614 -0.302530005 0.246092077
vn -0.722824484 -0.626521247 -0.291540549
vn -0.920822614 -0.302530005 0.246092077
vn -0.837382619 -0.531046815 0.129536208
vn -0.878573185 -0.354542595 0.320013604
vn -0.878573185 -0.354542595 0.320013604
vn -0.865079143 -0.302576825 0.400106664
vn -0.920822614 -0.302530005 0.246092077
vn -0.865079143 -0.302576825 0.400106664
vn -0.878573185 -0.354542595 0.320013604
vn -0.591505231 -0.451681721 0.667911060
vn -0.975913164 0.194057711 0.099674981
vn -0.918656411 -0.197407411 0.342199814
vn -0.958170352 -0.263536781 0.111615148
vn -0.918656411 -0.197407411 0.342199814
vn -0.975913164 0.194057711 0.099674981
vn -0.955302161 0.280000723 0.094854498
vn -0.918656411 -0.197407411 0.342199814
vn -0.837382619 -0.531046815 0.129536208
vn -0.958170352 -0.263536781 0.111615148
vn -0.837382619 -0.531046815 0.129536208
vn -0.918656411 -0.197407411 0.342199814
vn -0.878573185 -0.354542595 0.320013604
vn -0.844322570 0.195149378 0.499035188
vn -0.830282380 0.366496674 -0.419894459
vn -0.833981740 -0.419498598 0.358462527
vn -0.830282380 0.366496674 -0.419894459
vn -0.844322570 0.195149378 0.499035188
vn -0.573842745 0.783201955 -0.239372515
vn -0.830282380 0.366496674 -0.419894459
vn -0.442228848 0.516533423 -0.733230433
vn -0.360425899 -0.116532297 -0.925480089
vn -0.833981740 -0.419498598 0.358462527
vn -0.577409391 -0.508930190 0.638426547
vn -0.844322570 0.195149378 0.499035188
vn -0.577409391 -0.508930190 0.638426547
vn -0.833981740 -0.419498598 0.358462527
vn -0.466471907 -0.677050820 0.569215379
vn -0.466471907 -0.677050820 0.569215379
vn -0.295903797 -0.752375641 0.588533634
vn -0.577409391 -0.508930190 0.638426547
vn -0.295903797 -0.752375641 0.588533634
vn -0.466471907 -0.677050820 0.569215379
vn -0.440322100 -0.801045084 0.405515994
vn -0.281878215 0.837154562 -0.468739706
vn -0.573842745 0.783201955 -0.239372515
vn -0.083943675 0.928320073 -0.362181311
vn 0.080187566 0.995365685 0.053076424
vn 0.250028894 0.968227783 0.004529087
vn 0.286336873 0.958100139 0.007437682
vn 0.250028894 0.968227783 0.004529087
vn 0.080187566 0.995365685 0.053076424
vn -0.106451552 0.994048458 -0.023145845
vn -0.254600552 -0.913887214 -0.316209929
vn -0.468860510 -0.881046327 0.062667315
vn -0.266217142 -0.963838616 -0.011981453
vn -0.468860510 -0.881046327 0.062667315
vn -0.254600552 -0.913887214 -0.316209929
vn -0.436133569 -0.822379755 -0.365347847
vn -0.468860510 -0.881046327 0.062667315
vn -0.276837403 -0.875669964 0.395680638
vn -0.266217142 -0.963838616 -0.011981453
vn -0.276837403 -0.875669964 0.395680638
vn -0.468860510 -0.881046327 0.062667315
vn -0.374229167 -0.777558573 0.505326821
vn -0.276837403 -0.875669964 0.395680638
vn 0.208952664 -0.954386149 0.213274148
vn -0.120287831 -0.211302475 0.969990774
vn 0.208952664 -0.954386149 0.213274148
vn -0.276837403 -0.875669964 0.395680638
vn -0.374229167 -0.777558573 0.505326821
vn -0.125846291 -0.900785664 -0.415629522
vn -0.142664752 -0.893997614 -0.424752911
vn -0.134901691 -0.964606594 -0.226573725
vn -0.120287831 -0.211302475 0.969990774
vn 0.208952664 -0.954386149 0.213274148
vn 0.019986789 0.137870749 0.990248547
vn 0.208952664 -0.954386149 0.213274148
vn 0.831766429 0.502615514 0.235674039
vn 0.019986789 0.137870749 0.990248547
vn -0.907932443 0.365657288 0.204825359
vn -0.916518161 0.397884372 -0.041018118
vn -0.917330355 0.390316554 -0.078472975
vn -0.851626033 0.254549440 -0.458189570
vn -0.521627696 0.400160774 -0.753509059
vn -0.574880087 0.567168835 -0.589773175
vn -0.521627696 0.400160774 -0.753509059
vn -0.851626033 0.254549440 -0.458189570
vn -0.703996807 -0.077490404 -0.705962983
vn -0.955302161 0.280000723 0.094854498
vn -0.862079197 0.506755052 0.004332957
vn -0.916518161 0.397884372 -0.041018118
vn -0.862079197 0.506755052 0.004332957
vn -0.955302161 0.280000723 0.094854498
vn -0.975913164 0.194057711 0.099674981
vn 0.202150061 0.976159287 0.079046812
vn -0.106451552 0.994048458 -0.023145845
vn -0.342628512 0.938491561 0.042886972
vn -0.106451552 0.994048458 -0.023145845
vn 0.202150061 0.976159287 0.079046812
vn 0.250028894 0.968227783 0.004529087
vn -0.342628512 0.938491561 0.042886972
vn -0.792032395 0.558079961 -0.247449879
vn -0.938734227 0.344138647 -0.018618333
vn -0.792032395 0.558079961 -0.247449879
vn -0.342628512 0.938491561 0.042886972
vn -0.106451552 0.994048458 -0.023145845
vn -0.938734227 0.344138647 -0.018618333
vn -0.890859177 -0.197759092 -0.408975878
vn -0.957929420 -0.260382168 0.120716003
vn -0.890859177 -0.197759092 -0.408975878
vn -0.938734227 0.344138647 -0.018618333
vn -0.792032395 0.558079961 -0.247449879
vn -0.890859177 -0.197759092 -0.408975878
vn -0.468965174 -0.883171549 -0.008926417
vn -0.957929420 -0.260382168 0.120716003
vn -0.468965174 -0.883171549 -0.008926417
vn -0.890859177 -0.197759092 -0.408975878
vn -0.450631190 -0.775427517 -0.442316285
vn -0.450631190 -0.775427517 -0.442316285
vn -0.195168378 -0.976693470 -0.089326200
vn -0.468965174 -0.883171549 -0.008926417
vn -0.195168378 -0.976693470 -0.089326200
vn -0.450631190 -0.775427517 -0.442316285
vn -0.249928812 -0.892623322 -0.375178884
vn -0.830282380 0.366496674 -0.419894459
vn -0.573842745 0.783201955 -0.239372515
vn -0.442228848 0.516533423 -0.733230433
vn -0.573842745 0.783201955 -0.239372515
vn -0.349710893 0.705284162 -0.616665665
vn -0.442228848 0.516533423 -0.733230433
vn -0.349710893 0.705284162 -0.616665665
vn -0.425687457 0.440733284 -0.790281191
vn -0.442228848 0.516533423 -0.733230433
vn -0.425687457 0.440733284 -0.790281191
vn -0.349710893 0.705284162 -0.616665665
vn -0.400035086 0.817423523 -0.414476433
vn -0.167044807 0.985851573 -0.013881925
vn -0.425687457 0.440733284 -0.790281191
vn -0.400035086 0.817423523 -0.414476433
vn -0.425687457 0.440733284 -0.790281191
vn -0.167044807 0.985851573 -0.013881925
vn -0.418824504 0.311012211 -0.853145615
vn -0.418824504 0.311012211 -0.853145615
vn -0.167044807 0.985851573 -0.013881925
vn -0.261115832 0.920990307 -0.289128652
vn -0.403995764 -0.237989506 -0.883260107
vn -0.234941908 -0.681779236 -0.692805436
vn -0.418824504 0.311012211 -0.853145615
vn -0.125796965 0.992005169 0.010043302
vn 0.831766429 0.502615514 0.235674039
vn 0.775313410 0.587674644 0.231360387
vn -0.991092439 0.131993810 -0.017703412
vn -0.975913164 0.194057711 0.099674981
vn -0.958170352 -0.263536781 0.111615148
vn -0.862079197 0.506755052 0.004332957
vn -0.991092439 0.131993810 -0.017703412
vn -0.844582047 0.465186871 -0.265108167
vn -0.991092439 0.131993810 -0.017703412
vn -0.862079197 0.506755052 0.004332957
vn -0.975913164 0.194057711 0.099674981
vn -0.991092439 0.131993810 -0.017703412
vn -0.958170352 -0.263536781 0.111615148
vn -0.939029238 -0.303214467 -0.162126733
vn -0.318348227 -0.286283690 0.903712374
vn -0.955011857 0.252104179 0.156191663
vn 0.092306992 0.039483230 0.994947483
vn -0.643135622 0.144255716 0.752041794
vn -0.891077017 0.265828048 0.367854860
vn -0.886289695 0.383608373 0.259490255
vn -0.885537362 0.021552887 0.464067940
vn -0.807985127 -0.231576592 0.541786227
vn -0.918656411 -0.197407411 0.342199814
vn -0.643135622 0.144255716 0.752041794
vn -0.715886770 -0.152247459 0.681415324
vn -0.885537362 0.021552887 0.464067940
vn -0.886289695 0.383608373 0.259490255
vn -0.891077017 0.265828048 0.367854860
vn -0.807100529 0.497846793 0.317391409
vn -0.916518161 0.397884372 -0.041018118
vn -0.592835869 0.750190396 -0.292848088
vn -0.444146042 0.840174363 0.311193403
vn -0.676667116 0.470494622 0.566353623
vn -0.891077017 0.265828048 0.367854860
vn -0.907932443 0.365657288 0.204825359
vn -0.459502716 0.844561456 0.274905803
vn -0.886289695 0.383608373 0.259490255
vn -0.807100529 0.497846793 0.317391409
vn -0.886289695 0.383608373 0.259490255
vn -0.459502716 0.844561456 0.274905803
vn -0.540709464 0.840628498 0.031257073
vn -0.886289695 0.383608373 0.259490255
vn -0.259845178 0.728419395 0.633944531
vn -0.643135622 0.144255716 0.752041794
vn -0.885537362 0.021552887 0.464067940
vn -0.907932443 0.365657288 0.204825359
vn -0.891077017 0.265828048 0.367854860
vn -0.885537362 0.021552887 0.464067940
vn -0.715886770 -0.152247459 0.681415324
vn -0.807985127 -0.231576592 0.541786227
vn -0.591505231 -0.451681721 0.667911060
vn -0.918656411 -0.197407411 0.342199814
vn -0.807985127 -0.231576592 0.541786227
vn -0.918656411 -0.197407411 0.342199814
vn -0.591505231 -0.451681721 0.667911060
vn -0.878573185 -0.354542595 0.320013604
vn -0.955302161 0.280000723 0.094854498
vn -0.907932443 0.365657288 0.204825359
vn -0.885537362 0.021552887 0.464067940
vn -0.574880087 0.567168835 -0.589773175
vn -0.844582047 0.465186871 -0.265108167
vn -0.851626033 0.254549440 -0.458189570
vn -0.844582047 0.465186871 -0.265108167
vn -0.574880087 0.567168835 -0.589773175
vn -0.595064829 0.721241812 -0.354553379
vn -0.844582047 0.465186871 -0.265108167
vn -0.586193783 0.781395227 -0.214005485
vn -0.862079197 0.506755052 0.004332957
vn -0.586193783 0.781395227 -0.214005485
vn -0.844582047 0.465186871 -0.265108167
vn -0.595064829 0.721241812 -0.354553379
vn -0.586193783 0.781395227 -0.214005485
vn -0.916518161 0.397884372 -0.041018118
vn -0.862079197 0.506755052 0.004332957
vn -0.916518161 0.397884372 -0.041018118
vn -0.586193783 0.781395227 -0.214005485
vn -0.592835869 0.750190396 -0.292848088
vn -0.917330355 0.390316554 -0.078472975
vn -0.676667116 0.470494622 0.566353623
vn -0.907932443 0.365657288 0.204825359
vn -0.957929420 -0.260382168 0.120716003
vn -0.647672804 -0.648625024 0.399756823
vn -0.914969701 0.072434743 0.396968077
vn -0.302172973 -0.898374023 0.318772032
vn 0.019884638 -0.990977306 0.132546517
vn -0.671187455 -0.109255421 0.733192099
vn -0.799104300 -0.149231113 0.582376504
vn -0.647672804 -0.648625024 0.399756823
vn -0.322699010 -0.861550357 0.391913677
vn -0.647672804 -0.648625024 0.399756823
vn -0.799104300 -0.149231113 0.582376504
vn -0.914969701 0.072434743 0.396968077
vn -0.647672804 -0.648625024 0.399756823
vn -0.957929420 -0.260382168 0.120716003
vn -0.468965174 -0.883171549 -0.008926417
vn -0.886289695 0.383608373 0.259490255
vn -0.540709464 0.840628498 0.031257073
vn -0.259845178 0.728419395 0.633944531
vn -0.125846291 -0.900785664 -0.415629522
vn -0.515207044 -0.693594235 -0.503476652
vn -0.142664752 -0.893997614 -0.424752911
vn -0.459502716 0.844561456 0.274905803
vn -0.676667116 0.470494622 0.566353623
vn -0.479025071 0.848369124 0.225399227
vn -0.676667116 0.470494622 0.566353623
vn -0.459502716 0.844561456 0.274905803
vn -0.807100529 0.497846793 0.317391409
vn -0.479025071 0.848369124 0.225399227
vn -0.917330355 0.390316554 -0.078472975
vn -0.586724269 0.779640608 -0.218895304
vn -0.916518161 0.397884372 -0.041018118
vn -0.586724269 0.779640608 -0.218895304
vn -0.917330355 0.390316554 -0.078472975
vn -0.586724269 0.779640608 -0.218895304
vn -0.916518161 0.397884372 -0.041018118
vn -0.444146042 0.840174363 0.311193403
vn -0.060710827 -0.997400302 0.038817950
vn -0.322699010 -0.861550357 0.391913677
vn -0.073822957 -0.974603056 0.211421508
vn -0.322699010 -0.861550357 0.391913677
vn -0.060710827 -0.997400302 0.038817950
vn -0.302172973 -0.898374023 0.318772032
vn -0.322699010 -0.861550357 0.391913677
vn -0.671187455 -0.109255421 0.733192099
vn -0.799104300 -0.149231113 0.582376504
vn -0.671187455 -0.109255421 0.733192099
vn -0.322699010 -0.861550357 0.391913677
vn -0.302172973 -0.898374023 0.318772032
vn -0.671187455 -0.109255421 0.733192099
vn -0.856991427 0.187983170 0.479820822
vn -0.799104300 -0.149231113 0.582376504
vn -0.856991427 0.187983170 0.479820822
vn -0.671187455 -0.109255421 0.733192099
vn -0.847790777 0.150439091 0.508545848
vn -0.847790777 0.150439091 0.508545848
vn -0.875666121 0.074391237 0.477152793
vn -0.856991427 0.187983170 0.479820822
vn -0.875666121 0.074391237 0.477152793
vn -0.847790777 0.150439091 0.508545848
vn -0.616309606 0.124995639 0.777520777
vn -0.890976067 0.341230379 0.299538774
vn -0.616309606 0.124995639 0.777520777
vn -0.694165618 0.705279050 0.143929001
vn -0.616309606 0.124995639 0.777520777
vn -0.890976067 0.341230379 0.299538774
vn -0.875666121 0.074391237 0.477152793
vn 0.337396046 0.881737004 0.329702537
vn -0.266871081 0.962695906 -0.044681311
vn 0.182925334 0.947742641 -0.261385174
vn -0.266871081 0.962695906 -0.044681311
vn 0.337396046 0.881737004 0.329702537
vn -0.189490317 0.825232330 0.532057348
vn -0.189490317 0.825232330 0.532057348
vn -0.764497705 0.581448767 0.278317427
vn -0.266871081 0.962695906 -0.044681311
vn -0.764497705 0.581448767 0.278317427
vn -0.189490317 0.825232330 0.532057348
vn -0.560006501 0.351792093 0.750090023
vn -0.217568983 0.882729877 -0.416475332
vn -0.474109594 0.870154183 -0.134356953
vn -0.281878215 0.837154562 -0.468739706
vn -0.474109594 0.870154183 -0.134356953
vn -0.217568983 0.882729877 -0.416475332
vn -0.694165618 0.705279050 0.143929001
vn -0.166518700 0.529085188 0.832069941
vn -0.474109594 0.870154183 -0.134356953
vn -0.694165618 0.705279050 0.143929001
vn -0.474109594 0.870154183 -0.134356953
vn -0.166518700 0.529085188 0.832069941
vn -0.238841070 0.908092916 0.343979940
vn -0.238841070 0.908092916 0.343979940
vn -0.166518700 0.529085188 0.832069941
vn -0.167044807 0.985851573 -0.013881925
vn 0.039063012 -0.959492918 -0.279011508
vn -0.671187455 -0.109255421 0.733192099
vn 0.019884638 -0.990977306 0.132546517
vn -0.671187455 -0.109255421 0.733192099
vn 0.039063012 -0.959492918 -0.279011508
vn 0.222906933 -0.382542258 0.896645928
vn -0.085518577 0.919600006 -0.383435005
vn -0.281878215 0.837154562 -0.468739706
vn -0.106540716 0.916097560 -0.386541507
vn -0.281878215 0.837154562 -0.468739706
vn -0.085518577 0.919600006 -0.383435005
vn -0.217568983 0.882729877 -0.416475332
vn 0.040667982 0.439410766 0.897365195
vn -0.560006501 0.351792093 0.750090023
vn -0.189490317 0.825232330 0.532057348
vn -0.560006501 0.351792093 0.750090023
vn 0.040667982 0.439410766 0.897365195
vn -0.597871096 0.179007118 0.781349220
vn -0.873015069 0.155433022 0.462261035
vn -0.890976067 0.341230379 0.299538774
vn -0.764497705 0.581448767 0.278317427
vn -0.890976067 0.341230379 0.299538774
vn -0.694165618 0.705279050 0.143929001
vn -0.684208105 0.725732749 -0.071911380
vn -0.694165618 0.705279050 0.143929001
vn -0.262005984 0.897810751 -0.353961467
vn -0.684208105 0.725732749 -0.071911380
vn -0.262005984 0.897810751 -0.353961467
vn -0.694165618 0.705279050 0.143929001
vn -0.217568983 0.882729877 -0.416475332
vn -0.217568983 0.882729877 -0.416475332
vn -0.085518577 0.919600006 -0.383435005
vn 0.011741732 0.931455854 -0.363664851
vn 0.316432094 0.940417625 -0.124440429
vn 0.182925334 0.947742641 -0.261385174
vn 0.011741732 0.931455854 -0.363664851
vn 0.496275715 0.851866766 0.167431857
vn 0.182925334 0.947742641 -0.261385174
vn 0.316432094 0.940417625 -0.124440429
vn 0.182925334 0.947742641 -0.261385174
vn 0.496275715 0.851866766 0.167431857
vn 0.337396046 0.881737004 0.329702537
vn 0.040667982 0.439410766 0.897365195
vn -0.189490317 0.825232330 0.532057348
vn 0.337396046 0.881737004 0.329702537
vn -0.764497705 0.581448767 0.278317427
vn -0.560006501 0.351792093 0.750090023
vn -0.873015069 0.155433022 0.462261035
vn -0.875666121 0.074391237 0.477152793
vn -0.890976067 0.341230379 0.299538774
vn -0.873015069 0.155433022 0.462261035
vn -0.560006501 0.351792093 0.750090023
vn -0.597871096 0.179007118 0.781349220
vn -0.873015069 0.155433022 0.462261035
vn 0.080187566 0.995365685 0.053076424
vn 0.286336873 0.958100139 0.007437682
vn 0.237406756 0.853263111 0.464306037
vn -0.587612341 -0.431757877 -0.684322199
vn -0.080421079 -0.363859596 -0.927975562
vn -0.227708936 -0.156671752 -0.961042456
vn -0.587612341 -0.431757877 -0.684322199
vn -0.703996807 -0.077490404 -0.705962983
vn -0.939029238 -0.303214467 -0.162126733
vn -0.837382619 -0.531046815 0.129536208
vn -0.440322100 -0.801045084 0.405515994
vn -0.656008303 -0.753132278 0.049445709
vn -0.440322100 -0.801045084 0.405515994
vn -0.837382619 -0.531046815 0.129536208
vn -0.295903797 -0.752375641 0.588533634
vn -0.137710239 -0.990446271 0.007216290
vn -0.468965174 -0.883171549 -0.008926417
vn -0.195168378 -0.976693470 -0.089326200
vn -0.468965174 -0.883171549 -0.008926417
vn -0.137710239 -0.990446271 0.007216290
vn -0.229072105 -0.967494688 0.107144764
vn -0.573842745 0.783201955 -0.239372515
vn -0.083615006 0.918263601 0.387040683
vn -0.083943675 0.928320073 -0.362181311
vn -0.083615006 0.918263601 0.387040683
vn -0.573842745 0.783201955 -0.239372515
vn -0.844322570 0.195149378 0.499035188
vn -0.080421079 -0.363859596 -0.927975562
vn -0.173759530 -0.734260187 -0.656254221
vn 0.213261988 -0.688471414 -0.693200142
vn -0.173759530 -0.734260187 -0.656254221
vn -0.080421079 -0.363859596 -0.927975562
vn -0.587612341 -0.431757877 -0.684322199
vn -0.083615006 0.918263601 0.387040683
vn -0.357245777 0.034853485 0.933359893
vn 0.085892088 0.356715300 0.930256279
vn -0.357245777 0.034853485 0.933359893
vn -0.083615006 0.918263601 0.387040683
vn -0.844322570 0.195149378 0.499035188
vn -0.521627696 0.400160774 -0.753509059
vn -0.703996807 -0.077490404 -0.705962983
vn -0.357860892 0.056932990 -0.932037669
vn -0.035914428 -0.995675531 0.085676084
vn -0.073822957 -0.974603056 0.211421508
vn -0.050735658 -0.994159111 0.095255208
vn -0.073822957 -0.974603056 0.211421508
vn -0.035914428 -0.995675531 0.085676084
vn -0.060710827 -0.997400302 0.038817950
vn -0.774602638 -0.610840900 0.163902862
vn -0.386546576 -0.916869642 -0.099658439
vn 0.208952664 -0.954386149 0.213274148
vn -0.061573525 -0.929477686 -0.363703083
vn -0.291773625 -0.625724986 -0.723419929
vn 0.039063012 -0.959492918 -0.279011508
vn 0.359110131 0.150696615 0.921048557
vn -0.261115832 0.920990307 -0.289128652
vn -0.167044807 0.985851573 -0.013881925
vn -0.291773625 -0.625724986 -0.723419929
vn -0.234941908 -0.681779236 -0.692805436
vn 0.039063012 -0.959492918 -0.279011508
vn -0.418824504 0.311012211 -0.853145615
vn -0.234941908 -0.681779236 -0.692805436
vn -0.291773625 -0.625724986 -0.723419929
vn 0.337396046 0.881737004 0.329702537
vn 0.427938113 0.726766783 0.537288577
vn 0.040667982 0.439410766 0.897365195
vn 0.316432094 0.940417625 -0.124440429
vn 0.133936576 0.977100388 0.165335496
vn 0.496275715 0.851866766 0.167431857
vn 0.133936576 0.977100388 0.165335496
vn 0.316432094 0.940417625 -0.124440429
vn 0.005078796 0.985912590 -0.167184243
vn 0.011741732 0.931455854 -0.363664851
vn 0.005078796 0.985912590 -0.167184243
vn 0.316432094 0.940417625 -0.124440429
vn 0.337396046 0.881737004 0.329702537
vn 0.496275715 0.851866766 0.167431857
vn 0.427938113 0.726766783 0.537288577
vn 0.011741732 0.931455854 -0.363664851
vn -0.085518577 0.919600006 -0.383435005
vn 0.005078796 0.985912590 -0.167184243
vn 0.011741732 0.931455854 -0.363664851
vn -0.262005984 0.897810751 -0.353961467
vn -0.217568983 0.882729877 -0.416475332
vn -0.684208105 0.725732749 -0.071911380
vn -0.764497705 0.581448767 0.278317427
vn -0.890976067 0.341230379 0.299538774
vn -0.616309606 0.124995639 0.777520777
vn -0.847790777 0.150439091 0.508545848
vn -0.671187455 -0.109255421 0.733192099
vn -0.167044807 0.985851573 -0.013881925
vn -0.166518700 0.529085188 0.832069941
vn 0.314654754 0.146302205 0.937863557
vn 0.314654754 0.146302205 0.937863557
vn 0.222906933 -0.382542258 0.896645928
vn 0.337886870 -0.625015469 0.703696047
vn 0.222906933 -0.382542258 0.896645928
vn 0.314654754 0.146302205 0.937863557
vn -0.166518700 0.529085188 0.832069941
vn 0.078417476 -0.985760960 0.148748209
vn 0.337886870 -0.625015469 0.703696047
vn -0.086542292 -0.827168213 -0.555250556
vn 0.039063012 -0.959492918 -0.279011508
vn -0.234941908 -0.681779236 -0.692805436
vn -0.086542292 -0.827168213 -0.555250556
vn -0.086542292 -0.827168213 -0.555250556
vn -0.403995764 -0.237989506 -0.883260107
vn 0.078417476 -0.985760960 0.148748209
vn -0.403995764 -0.237989506 -0.883260107
vn -0.086542292 -0.827168213 -0.555250556
vn -0.234941908 -0.681779236 -0.692805436
vn 0.019884638 -0.990977306 0.132546517
vn -0.060710827 -0.997400302 0.038817950
vn -0.061573525 -0.929477686 -0.363703083
vn -0.060710827 -0.997400302 0.038817950
vn 0.019884638 -0.990977306 0.132546517
vn -0.302172973 -0.898374023 0.318772032
vn -0.349710893 0.705284162 -0.616665665
vn -0.573842745 0.783201955 -0.239372515
vn -0.281878215 0.837154562 -0.468739706
vn -0.083943675 0.928320073 -0.362181311
vn -0.106540716 0.916097560 -0.386541507
vn -0.281878215 0.837154562 -0.468739706
vn 0.069606425 0.990139644 0.121566566
vn -0.342628512 0.938491561 0.042886972
vn -0.351299512 0.890357580 0.289572153
vn -0.342628512 0.938491561 0.042886972
vn -0.817803782 0.424780246 0.388276598
vn -0.351299512 0.890357580 0.289572153
vn -0.817803782 0.424780246 0.388276598
vn -0.342628512 0.938491561 0.042886972
vn -0.938734227 0.344138647 -0.018618333
vn -0.914969701 0.072434743 0.396968077
vn -0.938734227 0.344138647 -0.018618333
vn -0.957929420 -0.260382168 0.120716003
vn -0.938734227 0.344138647 -0.018618333
vn -0.914969701 0.072434743 0.396968077
vn -0.817803782 0.424780246 0.388276598
vn 0.202150061 0.976159287 0.079046812
vn -0.342628512 0.938491561 0.042886972
vn 0.069606425 0.990139644 0.121566566
vn 0.069606425 0.990139644 0.121566566
vn 0.133936576 0.977100388 0.165335496
vn 0.202150061 0.976159287 0.079046812
vn 0.496275715 0.851866766 0.167431857
vn 0.069606425 0.990139644 0.121566566
vn 0.427938113 0.726766783 0.537288577
vn 0.069606425 0.990139644 0.121566566
vn 0.496275715 0.851866766 0.167431857
vn 0.133936576 0.977100388 0.165335496
vn -0.875666121 0.074391237 0.477152793
vn -0.817803782 0.424780246 0.388276598
vn -0.856991427 0.187983170 0.479820822
vn -0.817803782 0.424780246 0.388276598
vn -0.875666121 0.074391237 0.477152793
vn -0.597871096 0.179007118 0.781349220
vn 0.150805309 0.967798779 0.201552181
vn 0.018104600 0.990664859 0.135112399
vn -0.102863696 0.971163559 0.215082315
vn 0.018104600 0.990664859 0.135112399
vn 0.150805309 0.967798779 0.201552181
vn 0.051188866 0.986551434 0.155228761
vn 0.053526085 0.993049290 0.104823972
vn -0.102863696 0.971163559 0.215082315
vn -0.072873349 0.996867726 0.030728018
vn -0.102863696 0.971163559 0.215082315
vn 0.053526085 0.993049290 0.104823972
vn 0.150805309 0.967798779 0.201552181
vn -0.110507326 0.990204986 -0.085335900
vn -0.072873349 0.996867726 0.030728018
vn 0.049870135 0.993959022 -0.097767238
vn -0.072873349 0.996867726 0.030728018
vn -0.110507326 0.990204986 -0.085335900
vn 0.053526085 0.993049290 0.104823972
vn 0.145597444 0.981960894 -0.120640734
vn 0.049870135 0.993959022 -0.097767238
vn 0.285377446 0.957616673 -0.039115490
vn 0.049870135 0.993959022 -0.097767238
vn 0.145597444 0.981960894 -0.120640734
vn -0.110507326 0.990204986 -0.085335900
vn 0.285377446 0.957616673 -0.039115490
vn 0.365686324 0.930306330 0.028348637
vn 0.145597444 0.981960894 -0.120640734
vn 0.054444229 0.991312157 0.119733179
vn 0.051188866 0.986551434 0.155228761
vn -0.241272597 0.925833129 -0.290896118
vn 0.051188866 0.986551434 0.155228761
vn 0.054444229 0.991312157 0.119733179
vn 0.018104600 0.990664859 0.135112399
vn 0.166766919 -0.983936703 -0.063697399
vn -0.074010958 -0.994376072 -0.075753578
vn 0.340255791 -0.939850595 -0.030114043
vn -0.074010958 -0.994376072 -0.075753578
vn 0.166766919 -0.983936703 -0.063697399
vn -0.055902912 -0.992824338 -0.105710441
vn 0.035700790 -0.993032750 -0.112300543
vn 0.166766919 -0.983936703 -0.063697399
vn 0.194603990 -0.958946992 -0.206276399
vn 0.166766919 -0.983936703 -0.063697399
vn 0.035700790 -0.993032750 -0.112300543
vn -0.055902912 -0.992824338 -0.105710441
vn 0.035700790 -0.993032750 -0.112300543
vn 0.078666321 -0.996794912 -0.014543516
vn 0.162675646 -0.986080281 -0.034384796
vn 0.078666321 -0.996794912 -0.014543516
vn 0.035700790 -0.993032750 -0.112300543
vn 0.194603990 -0.958946992 -0.206276399
vn -0.058704905 -0.992542169 0.106835283
vn 0.078666321 -0.996794912 -0.014543516
vn 0.111391623 -0.980154034 0.163981631
vn 0.078666321 -0.996794912 -0.014543516
vn -0.058704905 -0.992542169 0.106835283
vn 0.162675646 -0.986080281 -0.034384796
vn 0.111391623 -0.980154034 0.163981631
vn -0.299382653 -0.943269853 0.143568835
vn -0.058704905 -0.992542169 0.106835283
vn -0.085997846 0.986181145 0.141601980
vn 0.123608416 0.987868644 0.094002673
vn -0.139861702 0.988499716 0.057506658
vn 0.123608416 0.987868644 0.094002673
vn -0.085997846 0.986181145 0.141601980
vn 0.086909544 0.976281031 0.198297958
vn -0.158799340 0.978546870 0.131258495
vn 0.086909544 0.976281031 0.198297958
vn -0.085997846 0.986181145 0.141601980
vn 0.086909544 0.976281031 0.198297958
vn -0.158799340 0.978546870 0.131258495
vn 0.159627049 0.981025885 0.110033711
vn -0.003272763 0.999965675 -0.007611684
vn 0.159627049 0.981025885 0.110033711
vn -0.158799340 0.978546870 0.131258495
vn 0.159627049 0.981025885 0.110033711
vn -0.003272763 0.999965675 -0.007611684
vn 0.431385083 0.901513879 -0.034345831
vn 0.172352498 0.982429157 -0.071607038
vn 0.431385083 0.901513879 -0.034345831
vn -0.003272763 0.999965675 -0.007611684
vn 0.431385083 0.901513879 -0.034345831
vn 0.172352498 0.982429157 -0.071607038
vn 0.479027413 0.877779619 -0.005973084
vn 0.286336873 0.958100139 0.007437682
vn 0.172352498 0.982429157 -0.071607038
vn 0.080187566 0.995365685 0.053076424
vn -0.139861702 0.988499716 0.057506658
vn 0.151193814 0.986573693 0.061747707
vn -0.244987355 0.968926522 0.034096785
vn 0.151193814 0.986573693 0.061747707
vn -0.139861702 0.988499716 0.057506658
vn 0.123608416 0.987868644 0.094002673
vn -0.088646481 -0.995533474 0.032479271
vn -0.178789432 -0.982189948 0.057768902
vn -0.238821778 -0.970912885 0.017097578
vn -0.178789432 -0.982189948 0.057768902
vn -0.088646481 -0.995533474 0.032479271
vn -0.011902735 -0.999899900 0.007649457
vn -0.011902735 -0.999899900 0.007649457
vn -0.281719266 -0.950956970 -0.127730561
vn -0.178789432 -0.982189948 0.057768902
vn -0.281719266 -0.950956970 -0.127730561
vn -0.011902735 -0.999899900 0.007649457
vn 0.049040491 -0.994798061 -0.089285210
vn -0.249728864 -0.958034776 -0.140729752
vn 0.049040491 -0.994798061 -0.089285210
vn 0.044689946 -0.994218191 -0.097637066
vn 0.049040491 -0.994798061 -0.089285210
vn -0.249728864 -0.958034776 -0.140729752
vn -0.281719266 -0.950956970 -0.127730561
vn -0.103470206 -0.994144851 -0.031143734
vn -0.249728864 -0.958034776 -0.140729752
vn 0.044689946 -0.994218191 -0.097637066
vn -0.249728864 -0.958034776 -0.140729752
vn -0.103470206 -0.994144851 -0.031143734
vn -0.368048875 -0.929483069 0.024520422
vn -0.276837403 -0.875669964 0.395680638
vn 0.208952664 -0.954386149 0.213274148
vn -0.299382653 -0.943269853 0.143568835
vn 0.208952664 -0.954386149 0.213274148
vn -0.103470206 -0.994144851 -0.031143734
vn -0.299382653 -0.943269853 0.143568835
vn 0.080187566 0.995365685 0.053076424
vn 0.172352498 0.982429157 -0.071607038
vn -0.125796965 0.992005169 0.010043302
vn 0.172352498 0.982429157 -0.071607038
vn 0.286336873 0.958100139 0.007437682
vn 0.479027413 0.877779619 -0.005973084
vn -0.003272763 0.999965675 -0.007611684
vn -0.125796965 0.992005169 0.010043302
vn 0.172352498 0.982429157 -0.071607038
vn -0.125796965 0.992005169 0.010043302
vn -0.003272763 0.999965675 -0.007611684
vn -0.294325229 0.952400324 0.079412102
vn -0.158799340 0.978546870 0.131258495
vn -0.294325229 0.952400324 0.079412102
vn -0.003272763 0.999965675 -0.007611684
vn -0.294325229 0.952400324 0.079412102
vn -0.158799340 0.978546870 0.131258495
vn -0.476563038 0.864461197 0.159982838
vn -0.085997846 0.986181145 0.141601980
vn -0.476563038 0.864461197 0.159982838
vn -0.158799340 0.978546870 0.131258495
vn -0.476563038 0.864461197 0.159982838
vn -0.085997846 0.986181145 0.141601980
vn -0.540284349 0.837596096 0.080781196
vn -0.139861702 0.988499716 0.057506658
vn -0.540284349 0.837596096 0.080781196
vn -0.085997846 0.986181145 0.141601980
vn -0.540284349 0.837596096 0.080781196
vn -0.139861702 0.988499716 0.057506658
vn -0.461201304 0.886577281 0.035694292
vn -0.244987355 0.968926522 0.034096785
vn -0.461201304 0.886577281 0.035694292
vn -0.139861702 0.988499716 0.057506658
vn -0.461201304 0.886577281 0.035694292
vn -0.244987355 0.968926522 0.034096785
vn -0.293810102 0.900026162 -0.321913858
vn 0.286336873 0.958100139 0.007437682
vn 0.285377446 0.957616673 -0.039115490
vn 0.479027413 0.877779619 -0.005973084
vn 0.285377446 0.957616673 -0.039115490
vn 0.286336873 0.958100139 0.007437682
vn 0.365686324 0.930306330 0.028348637
vn 0.431385083 0.901513879 -0.034345831
vn 0.285377446 0.957616673 -0.039115490
vn 0.049870135 0.993959022 -0.097767238
vn 0.285377446 0.957616673 -0.039115490
vn 0.431385083 0.901513879 -0.034345831
vn 0.479027413 0.877779619 -0.005973084
vn 0.159627049 0.981025885 0.110033711
vn 0.049870135 0.993959022 -0.097767238
vn -0.072873349 0.996867726 0.030728018
vn 0.049870135 0.993959022 -0.097767238
vn 0.159627049 0.981025885 0.110033711
vn 0.431385083 0.901513879 -0.034345831
vn 0.086909544 0.976281031 0.198297958
vn -0.072873349 0.996867726 0.030728018
vn -0.102863696 0.971163559 0.215082315
vn -0.072873349 0.996867726 0.030728018
vn 0.086909544 0.976281031 0.198297958
vn 0.159627049 0.981025885 0.110033711
vn 0.123608416 0.987868644 0.094002673
vn -0.102863696 0.971163559 0.215082315
vn 0.018104600 0.990664859 0.135112399
vn -0.102863696 0.971163559 0.215082315
vn 0.123608416 0.987868644 0.094002673
vn 0.086909544 0.976281031 0.198297958
vn 0.151193814 0.986573693 0.061747707
vn 0.018104600 0.990664859 0.135112399
vn 0.054444229 0.991312157 0.119733179
vn 0.018104600 0.990664859 0.135112399
vn 0.151193814 0.986573693 0.061747707
vn 0.123608416 0.987868644 0.094002673
vn 0.513552009 -0.850868450 0.110847708
vn 0.111391623 -0.980154034 0.163981631
vn 0.696268872 -0.673355294 0.248600696
vn 0.111391623 -0.980154034 0.163981631
vn 0.513552009 -0.850868450 0.110847708
vn -0.343431857 -0.855941538 0.386547077
vn 0.111391623 -0.980154034 0.163981631
vn 0.615376206 -0.787719520 -0.028461965
vn 0.696268872 -0.673355294 0.248600696
vn 0.615376206 -0.787719520 -0.028461965
vn 0.111391623 -0.980154034 0.163981631
vn 0.078666321 -0.996794912 -0.014543516
vn 0.194603990 -0.958946992 -0.206276399
vn 0.615376206 -0.787719520 -0.028461965
vn 0.078666321 -0.996794912 -0.014543516
vn 0.615376206 -0.787719520 -0.028461965
vn 0.194603990 -0.958946992 -0.206276399
vn 0.644281022 -0.743617451 -0.178703810
vn 0.166766919 -0.983936703 -0.063697399
vn 0.644281022 -0.743617451 -0.178703810
vn 0.194603990 -0.958946992 -0.206276399
vn 0.644281022 -0.743617451 -0.178703810
vn 0.166766919 -0.983936703 -0.063697399
vn 0.589418607 -0.807775165 0.009218909
vn 0.340255791 -0.939850595 -0.030114043
vn 0.589418607 -0.807775165 0.009218909
vn 0.166766919 -0.983936703 -0.063697399
vn 0.589418607 -0.807775165 0.009218909
vn 0.340255791 -0.939850595 -0.030114043
vn 0.662509741 -0.743568539 -0.090480224
vn -0.299382653 -0.943269853 0.143568835
vn -0.103470206 -0.994144851 -0.031143734
vn -0.058704905 -0.992542169 0.106835283
vn -0.058704905 -0.992542169 0.106835283
vn 0.044689946 -0.994218191 -0.097637066
vn 0.162675646 -0.986080281 -0.034384796
vn 0.044689946 -0.994218191 -0.097637066
vn -0.058704905 -0.992542169 0.106835283
vn -0.103470206 -0.994144851 -0.031143734
vn 0.035700790 -0.993032750 -0.112300543
vn 0.044689946 -0.994218191 -0.097637066
vn 0.049040491 -0.994798061 -0.089285210
vn 0.044689946 -0.994218191 -0.097637066
vn 0.035700790 -0.993032750 -0.112300543
vn 0.162675646 -0.986080281 -0.034384796
vn -0.011902735 -0.999899900 0.007649457
vn 0.035700790 -0.993032750 -0.112300543
vn 0.049040491 -0.994798061 -0.089285210
vn 0.035700790 -0.993032750 -0.112300543
vn -0.011902735 -0.999899900 0.007649457
vn -0.055902912 -0.992824338 -0.105710441
vn -0.074010958 -0.994376072 -0.075753578
vn -0.011902735 -0.999899900 0.007649457
vn -0.088646481 -0.995533474 0.032479271
vn -0.011902735 -0.999899900 0.007649457
vn -0.074010958 -0.994376072 -0.075753578
vn -0.055902912 -0.992824338 -0.105710441
vn 0.111391623 -0.980154034 0.163981631
vn -0.343431857 -0.855941538 0.386547077
vn -0.299382653 -0.943269853 0.143568835
vn -0.343431857 -0.855941538 0.386547077
vn -0.276837403 -0.875669964 0.395680638
vn -0.299382653 -0.943269853 0.143568835
vn -0.386546576 -0.916869642 -0.099658439
vn -0.103470206 -0.994144851 -0.031143734
vn 0.208952664 -0.954386149 0.213274148
vn -0.103470206 -0.994144851 -0.031143734
vn -0.386546576 -0.916869642 -0.099658439
vn -0.368048875 -0.929483069 0.024520422
vn -0.088160659 0.941292780 -0.325876665
vn 0.045824685 0.991328745 -0.123156069
vn -0.098146775 0.927706803 -0.360176759
vn -0.916518161 0.397884372 -0.041018118
vn -0.907932443 0.365657288 0.204825359
vn -0.955302161 0.280000723 0.094854498
vn -0.045567899 0.997417612 0.055512828
vn 0.197894295 0.980200981 -0.006624513
vn 0.048585325 0.996893035 -0.061997929
vn -0.885537362 0.021552887 0.464067940
vn -0.891077017 0.265828048 0.367854860
vn -0.643135622 0.144255716 0.752041794
vn 0.197894295 0.980200981 -0.006624513
vn 0.445965947 0.895028553 0.006185790
vn 0.399247189 0.828066277 0.393583437
vn -0.917330355 0.390316554 -0.078472975
vn -0.479025071 0.848369124 0.225399227
vn -0.676667116 0.470494622 0.566353623
vn -0.479025071 0.848369124 0.225399227
vn -0.098146775 0.927706803 -0.360176759
vn 0.050155249 0.947295267 0.316411328
vn -0.891077017 0.265828048 0.367854860
vn -0.676667116 0.470494622 0.566353623
vn -0.807100529 0.497846793 0.317391409
vn 0.050155249 0.947295267 0.316411328
vn 0.197894295 0.980200981 -0.006624513
vn -0.045567899 0.997417612 0.055512828
f 3/3/3 2/2/2 1/1/1
f 6/6/6 5/5/5 4/4/4
f 9/9/9 8/8/8 7/7/7
f 12/12/12 11/11/11 10/10/10
f 15/15/15 14/14/14 13/13/13
f 18/18/18 17/17/17 16/16/16
f 21/21/21 20/20/20 19/19/19
f 24/24/24 23/23/23 22/22/22
f 27/27/27 26/26/26 25/25/25
f 30/30/30 29/29/29 28/28/28
f 33/33/33 32/32/32 31/31/31
f 36/36/36 35/35/35 34/34/34
f 39/39/39 38/38/38 37/37/37
f 42/42/42 41/41/41 40/40/40
f 45/45/45 44/44/44 43/43/43
f 48/48/48 47/47/47 46/46/46
f 51/51/51 50/50/50 49/49/49
f 54/54/54 53/53/53 52/52/52
f 57/57/57 56/56/56 55/55/55
f 60/60/60 59/59/59 58/58/58
f 63/63/63 62/62/62 61/61/61
f 66/66/66 65/65/65 64/64/64
f 69/69/69 68/68/68 67/67/67
f 72/72/72 71/71/71 70/70/70
f 75/75/75 74/74/74 73/73/73
f 78/78/78 77/77/77 76/76/76
f 81/81/81 80/80/80 79/79/79
f 84/84/84 83/83/83 82/82/82
f 87/87/87 86/86/86 85/85/85
f 90/90/90 89/89/89 88/88/88
f 93/93/93 92/92/92 91/91/91
f 96/96/96 95/95/95 94/94/94
f 99/99/99 98/98/98 97/97/97
f 102/102/102 101/101/101 100/100/100
f 105/105/105 104/104/104 103/103/103
f 108/108/108 107/107/107 106/106/106
f 111/111/111 110/110/110 109/109/109
f 114/114/114 113/113/113 112/112/112
f 117/117/117 116/116/116 115/115/115
f 120/120/120 119/119/119 118/118/118
f 123/123/123 122/122/122 121/121/121
f 126/126/126 125/125/125 124/124/124
f 129/129/129 128/128/128 127/127/127
f 132/132/132 131/131/131 130/130/130
f 135/135/135 134/134/134 133/133/133
f 138/138/138 137/137/137 136/136/136
f 141/141/141 140/140/140 139/139/139
f 144/144/144 143/143/143 142/142/142
f 147/147/147 146/146/146 145/145/145
f 150/150/150 149/149/149 148/148/148
f 153/153/153 152/152/152 151/151/151
f 156/156/156 155/155/155 154/154/154
f 159/159/159 158/158/158 157/157/157
f 162/162/162 161/161/161 160/160/160
f 165/165/165 164/164/164 163/163/163
f 168/168/168 167/167/167 166/166/166
f 171/171/171 170/170/170 169/169/169
f 174/174/174 173/173/173 172/172/172
f 177/177/177 176/176/176 175/175/175
f 180/180/180 179/179/179 178/178/178
f 183/183/183 182/182/182 181/181/181
f 186/186/186 185/185/185 184/184/184
f 189/189/189 188/188/188 187/187/187
f 192/192/192 191/191/191 190/190/190
f 195/195/195 194/194/194 193/193/193
f 198/198/198 197/197/197 196/196/196
f 201/201/201 200/200/200 199/199/199
f 204/204/204 203/203/203 202/202/202
f 207/207/207 206/206/206 205/205/205
f 210/210/210 209/209/209 208/208/208
f 213/213/213 212/212/212 211/211/211
f 216/216/216 215/215/215 214/214/214
f 219/219/219 218/218/218 217/217/217
f 222/222/222 221/221/221 220/220/220
f 225/225/225 224/224/224 223/223/223
f 228/228/228 227/227/227 226/226/226
f 231/231/231 230/230/230 229/229/229
f 234/234/234 233/233/233 232/232/232
f 237/237/237 236/236/236 235/235/235
f 240/240/240 239/239/239 238/238/238
f 243/243/243 242/242/242 241/241/241
f 246/246/246 245/245/245 244/244/244
f 249/249/249 248/248/248 247/247/247
f 252/252/252 251/251/251 250/250/250
f 255/255/255 254/254/254 253/253/253
f 258/258/258 257/257/257 256/256/256
f 261/261/261 260/260/260 259/259/259
f 264/264/264 263/263/263 262/262/262
f 267/267/267 266/266/266 265/265/265
f 270/270/270 269/269/269 268/268/268
f 273/273/273 272/272/272 271/271/271
f 276/276/276 275/275/275 274/274/274
f 279/279/279 278/278/278 277/277/277
f 282/282/282 281/281/281 280/280/280
f 285/285/285 284/284/284 283/283/283
f 288/288/288 287/287/287 286/286/286
f 291/291/291 290/290/290 289/289/289
f 294/294/294 293/293/293 292/292/292
f 297/297/297 296/296/296 295/295/295
f 300/300/300 299/299/299 298/298/298
f 303/303/303 302/302/302 301/301/301
f 306/306/306 305/305/305 304/304/304
f 309/309/309 308/308/308 307/307/307
f 312/312/312 311/311/311 310/310/310
f 315/315/315 314/314/314 313/313/313
f 318/318/318 317/317/317 316/316/316
f 321/321/321 320/320/320 319/319/319
f 324/324/324 323/323/323 322/322/322
f 327/327/327 326/326/326 325/325/325
f 330/330/330 329/329/329 328/328/328
f 333/333/333 332/332/332 331/331/331
f 336/336/336 335/335/335 334/334/334
f 339/339/339 338/338/338 337/337/337
f 342/342/342 341/341/341 340/340/340
f 345/345/345 344/344/344 343/343/343
f 348/348/348 347/347/347 346/346/346
f 351/351/351 350/350/350 349/349/349
f 354/354/354 353/353/353 352/352/352
f 357/357/357 356/356/356 355/355/355
f 360/360/360 359/359/359 358/358/358
f 363/363/363 362/362/362 361/361/361
f 366/366/366 365/365/365 364/364/364
f 369/369/369 368/368/368 367/367/367
f 372/372/372 371/371/371 370/370/370
f 375/375/375 374/374/374 373/373/373
f 378/378/378 377/377/377 376/376/376
f 381/381/381 380/380/380 379/379/379
f 384/384/384 383/383/383 382/382/382
f 387/387/387 386/386/386 385/385/385
f 390/390/390 389/389/389 388/388/388
f 393/393/393 392/392/392 391/391/391
f 396/396/396 395/395/395 394/394/394
f 399/399/399 398/398/398 397/397/397
f 402/402/402 401/401/401 400/400/400
f 405/405/405 404/404/404 403/403/403
f 408/408/408 407/407/407 406/406/406
f 411/411/411 410/410/410 409/409/409
f 414/414/414 413/413/413 412/412/412
f 417/417/417 416/416/416 415/415/415
f 420/420/420 419/419/419 418/418/418
f 423/423/423 422/422/422 421/421/421
f 426/426/426 425/425/425 424/424/424
f 429/429/429 428/428/428 427/427/427
f 432/432/432 431/431/431 430/430/430
f 435/435/435 434/434/434 433/433/433
f 438/438/438 437/437/437 436/436/436
f 441/441/441 440/440/440 439/439/439
f 444/444/444 443/443/443 442/442/442
f 447/447/447 446/446/446 445/445/445
f 450/450/450 449/449/449 448/448/448
f 453/453/453 452/452/452 451/451/451
f 456/456/456 455/455/455 454/454/454
f 459/459/459 458/458/458 457/457/457
f 462/462/462 461/461/461 460/460/460
f 465/465/465 464/464/464 463/463/463
f 468/468/468 467/467/467 466/466/466
f 471/471/471 470/470/470 469/469/469
f 474/474/474 473/473/473 472/472/472
f 477/477/477 476/476/476 475/475/475
f 480/480/480 479/479/479 478/478/478
f 483/483/483 482/482/482 481/481/481
f 486/486/486 485/485/485 484/484/484
f 489/489/489 488/488/488 487/487/487
f 492/492/492 491/491/491 490/490/490
f 495/495/495 494/494/494 493/493/493
f 498/498/498 497/497/497 496/496/496
f 501/501/501 500/500/500 499/499/499
f 504/504/504 503/503/503 502/502/502
f 507/507/507 506/506/506 505/505/505
f 510/510/510 509/509/509 508/508/508
f 513/513/513 512/512/512 511/511/511
f 516/516/516 515/515/515 514/514/514
f 519/519/519 518/518/518 517/517/517
f 522/522/522 521/521/521 520/520/520
f 525/525/525 524/524/524 523/523/523
f 528/528/528 527/527/527 526/526/526
f 531/531/531 530/530/530 529/529/529
f 534/534/534 533/533/533 532/532/532
f 537/537/537 536/536/536 535/535/535
f 540/540/540 539/539/539 538/538/538
f 543/543/543 542/542/542 541/541/541
f 546/546/546 545/545/545 544/544/544
f 549/549/549 548/548/548 547/547/547
f 552/552/552 551/551/551 550/550/550
f 555/555/555 554/554/554 553/553/553
f 558/558/558 557/557/557 556/556/556
f 561/561/561 560/560/560 559/559/559
f 564/564/564 563/563/563 562/562/562
f 567/567/567 566/566/566 565/565/565
f 570/570/570 569/569/569 568/568/568
f 573/573/573 572/572/572 571/571/571
f 576/576/576 575/575/575 574/574/574
f 579/579/579 578/578/578 577/577/577
f 582/582/582 581/581/581 580/580/580
f 585/585/585 584/584/584 583/583/583
f 588/588/588 587/587/587 586/586/586
f 591/591/591 590/590/590 589/589/589
f 594/594/594 593/593/593 592/592/592
f 597/597/597 596/596/596 595/595/595
f 600/600/600 599/599/599 598/598/598
f 603/603/603 602/602/602 601/601/601
f 606/606/606 605/605/605 604/604/604
f 609/609/609 608/608/608 607/607/607
f 612/612/612 611/611/611 610/610/610
f 615/615/615 614/614/614 613/613/613
f 618/618/618 617/617/617 616/616/616
f 621/621/621 620/620/620 619/619/619
f 624/624/624 623/623/623 622/622/622
f 627/627/627 626/626/626 625/625/625
f 630/630/630 629/629/629 628/628/628
f 633/633/633 632/632/632 631/631/631
f 636/636/636 635/635/635 634/634/634
f 639/639/639 638/638/638 637/637/637
f 642/642/642 641/641/641 640/640/640
f 645/645/645 644/644/644 643/643/643
f 648/648/648 647/647/647 646/646/646
f 651/651/651 650/650/650 649/649/649
f 654/654/654 653/653/653 652/652/652
f 657/657/657 656/656/656 655/655/655
f 660/660/660 659/659/659 658/658/658
f 663/663/663 662/662/662 661/661/661
f 666/666/666 665/665/665 664/664/664
f 669/669/669 668/668/668 667/667/667
f 672/672/672 671/671/671 670/670/670
f 675/675/675 674/674/674 673/673/673
f 678/678/678 677/677/677 676/676/676
f 681/681/681 680/680/680 679/679/679
f 684/684/684 683/683/683 682/682/682
f 687/687/687 686/686/686 685/685/685
f 690/690/690 689/689/689 688/688/688
f 693/693/693 692/692/692 691/691/691
f 696/696/696 695/695/695 694/694/694
f 699/699/699 698/698/698 697/697/697
f 702/702/702 701/701/701 700/700/700
f 705/705/705 704/704/704 703/703/703
f 708/708/708 707/707/707 706/706/706
f 711/711/711 710/710/710 709/709/709
f 714/714/714 713/713/713 712/712/712
f 717/717/717 716/716/716 715/715/715
f 720/720/720 719/719/719 718/718/718
f 723/723/723 722/722/722 721/721/721
f 726/726/726 725/725/725 724/724/724
f 729/729/729 728/728/728 727/727/727
f 732/732/732 731/731/731 730/730/730
f 735/735/735 734/734/734 733/733/733
f 738/738/738 737/737/737 736/736/736
f 741/741/741 740/740/740 739/739/739
f 744/744/744 743/743/743 742/742/742
f 747/747/747 746/746/746 745/745/745
f 750/750/750 749/749/749 748/748/748
f 753/753/753 752/752/752 751/751/751
f 756/756/756 755/755/755 754/754/754
f 759/759/759 758/758/758 757/757/757
f 762/762/762 761/761/761 760/760/760
f 765/765/765 764/764/764 763/763/763
f 768/768/768 767/767/767 766/766/766
f 771/771/771 770/770/770 769/769/769
f 774/774/774 773/773/773 772/772/772
f 777/777/777 776/776/776 775/775/775
f 780/780/780 779/779/779 778/778/778
f 783/783/783 782/782/782 781/781/781
f 786/786/786 785/785/785 784/784/784
f 789/789/789 788/788/788 787/787/787
f 792/792/792 791/791/791 790/790/790
f 795/795/795 794/794/794 793/793/793
f 798/798/798 797/797/797 796/796/796
f 801/801/801 800/800/800 799/799/799
f 804/804/804 803/803/803 802/802/802
f 807/807/807 806/806/806 805/805/805
f 810/810/810 809/809/809 808/808/808
f 813/813/813 812/812/812 811/811/811
f 816/816/816 815/815/815 814/814/814
f 819/819/819 818/818/818 817/817/817
f 822/822/822 821/821/821 820/820/820
f 825/825/825 824/824/824 823/823/823
f 828/828/828 827/827/827 826/826/826
f 831/831/831 830/830/830 829/829/829
f 834/834/834 833/833/833 832/832/832
f 837/837/837 836/836/836 835/835/835
f 840/840/840 839/839/839 838/838/838
f 843/843/843 842/842/842 841/841/841
f 846/846/846 845/845/845 844/844/844
f 849/849/849 848/848/848 847/847/847
f 852/852/852 851/851/851 850/850/850
f 855/855/855 854/854/854 853/853/853
f 858/858/858 857/857/857 856/856/856
f 861/861/861 860/860/860 859/859/859
f 864/864/864 863/863/863 862/862/862
f 867/867/867 866/866/866 865/865/865
f 870/870/870 869/869/869 868/868/868
f 873/873/873 872/872/872 871/871/871
f 876/876/876 875/875/875 874/874/874
f 879/879/879 878/878/878 877/877/877
f 882/882/882 881/881/881 880/880/880
f 885/885/885 884/884/884 883/883/883
f 888/888/888 887/887/887 886/886/886
f 891/891/891 890/890/890 889/889/889
f 894/894/894 893/893/893 892/892/892
f 897/897/897 896/896/896 895/895/895
f 900/900/900 899/899/899 898/898/898
f 903/903/903 902/902/902 901/901/901
f 906/906/906 905/905/905 904/904/904
f 909/909/909 908/908/908 907/907/907
f 912/912/912 911/911/911 910/910/910
f 915/915/915 914/914/914 913/913/913
f 918/918/918 917/917/917 916/916/916
f 921/921/921 920/920/920 919/919/919
f 924/924/924 923/923/923 922/922/922
f 927/927/927 926/926/926 925/925/925
f 930/930/930 929/929/929 928/928/928
f 933/933/933 932/932/932 931/931/931
f 936/936/936 935/935/935 934/934/934
f 939/939/939 938/938/938 937/937/937
f 942/942/942 941/941/941 940/940/940
f 945/945/945 944/944/944 943/943/943
f 948/948/948 947/947/947 946/946/946
f 951/951/951 950/950/950 949/949/949
f 954/954/954 953/953/953 952/952/952
f 957/957/957 956/956/956 955/955/955
f 960/960/960 959/959/959 958/958/958
f 963/963/963 962/962/962 961/961/961
f 966/966/966 965/965/965 964/964/964
f 969/969/969 968/968/968 967/967/967
f 972/972/972 971/971/971 970/970/970
f 975/975/975 974/974/974 973/973/973
f 978/978/978 977/977/977 976/976/976
f 981/981/981 980/980/980 979/979/979
f 984/984/984 983/983/983 982/982/982
f 987/987/987 986/986/986 985/985/985
f 990/990/990 989/989/989 988/988/988
f 993/993/993 992/992/992 991/991/991
f 996/996/996 995/995/995 994/994/994
f 999/999/999 998/998/998 997/997/997
f 1002/1002/1002 1001/1001/1001 1000/1000/1000
f 1005/1005/1005 1004/1004/1004 1003/1003/1003
f 1008/1008/1008 1007/1007/1007 1006/1006/1006
f 1011/1011/1011 1010/1010/1010 1009/1009/1009
f 1014/1014/1014 1013/1013/1013 1012/1012/1012
f 1017/1017/1017 1016/1016/1016 1015/1015/1015
f 1020/1020/1020 1019/1019/1019 1018/1018/1018
f 1023/1023/1023 1022/1022/1022 1021/1021/1021
f 1026/1026/1026 1025/1025/1025 1024/1024/1024
f 1029/1029/1029 1028/1028/1028 1027/1027/1027
f 1032/1032/1032 1031/1031/1031 1030/1030/1030
f 1035/1035/1035 1034/1034/1034 1033/1033/1033
f 1038/1038/1038 1037/1037/1037 1036/1036/1036
f 1041/1041/1041 1040/1040/1040 1039/1039/1039
f 1044/1044/1044 1043/1043/1043 1042/1042/1042
f 1047/1047/1047 1046/1046/1046 1045/1045/1045
f 1050/1050/1050 1049/1049/1049 1048/1048/1048
f 1053/1053/1053 1052/1052/1052 1051/1051/1051
f 1056/1056/1056 1055/1055/1055 1054/1054/1054
f 1059/1059/1059 1058/1058/1058 1057/1057/1057
f 1062/1062/1062 1061/1061/1061 1060/1060/1060
f 1065/1065/1065 1064/1064/1064 1063/1063/1063
f 1068/1068/1068 1067/1067/1067 1066/1066/1066
f 1071/1071/1071 1070/1070/1070 1069/1069/1069
f 1074/1074/1074 1073/1073/1073 1072/1072/1072
f 1077/1077/1077 1076/1076/1076 1075/1075/1075
f 1080/1080/1080 1079/1079/1079 1078/1078/1078
f 1083/1083/1083 1082/1082/1082 1081/1081/1081
f 1086/1086/1086 1085/1085/1085 1084/1084/1084
f 1089/1089/1089 1088/1088/1088 1087/1087/1087
f 1092/1092/1092 1091/1091/1091 1090/1090/1090
f 1095/1095/1095 1094/1094/1094 1093/1093/1093
f 1098/1098/1098 1097/1097/1097 1096/1096/1096
f 1101/1101/1101 1100/1100/1100 1099/1099/1099
f 1104/1104/1104 1103/1103/1103 1102/1102/1102
f 1107/1107/1107 1106/1106/1106 1105/1105/1105
f 1110/1110/1110 1109/1109/1109 1108/1108/1108
f 1113/1113/1113 1112/1112/1112 1111/1111/1111
f 1116/1116/1116 1115/1115/1115 1114/1114/1114
f 1119/1119/1119 1118/1118/1118 1117/1117/1117
f 1122/1122/1122 1121/1121/1121 1120/1120/1120
f 1125/1125/1125 1124/1124/1124 1123/1123/1123
f 1128/1128/1128 1127/1127/1127 1126/1126/1126
f 1131/1131/1131 1130/1130/1130 1129/1129/1129
f 1134/1134/1134 1133/1133/1133 1132/1132/1132
f 1137/1137/1137 1136/1136/1136 1135/1135/1135
f 1140/1140/1140 1139/1139/1139 1138/1138/1138
f 1143/1143/1143 1142/1142/1142 1141/1141/1141
f 1146/1146/1146 1145/1145/1145 1144/1144/1144
f 1149/1149/1149 1148/1148/1148 1147/1147/1147
f 1152/1152/1152 1151/1151/1151 1150/1150/1150
f 1155/1155/1155 1154/1154/1154 1153/1153/1153
f 1158/1158/1158 1157/1157/1157 1156/1156/1156
f 1161/1161/1161 1160/1160/1160 1159/1159/1159
f 1164/1164/1164 1163/1163/1163 1162/1162/1162
f 1167/1167/1167 1166/1166/1166 1165/1165/1165
f 1170/1170/1170 1169/1169/1169 1168/1168/1168
f 1173/1173/1173 1172/1172/1172 1171/1171/1171
f 1176/1176/1176 1175/1175/1175 1174/1174/1174
f 1179/1179/1179 1178/1178/1178 1177/1177/1177
f 1182/1182/1182 1181/1181/1181 1180/1180/1180
f 1185/1185/1185 1184/1184/1184 1183/1183/1183
f 1188/1188/1188 1187/1187/1187 1186/1186/1186
f 1191/1191/1191 1190/1190/1190 1189/1189/1189
f 1194/1194/1194 1193/1193/1193 1192/1192/1192
f 1197/1197/1197 1196/1196/1196 1195/1195/1195
f 1200/1200/1200 1199/1199/1199 1198/1198/1198
f 1203/1203/1203 1202/1202/1202 1201/1201/1201
f 1206/1206/1206 1205/1205/1205 1204/1204/1204
f 1209/1209/1209 1208/1208/1208 1207/1207/1207
f 1212/1212/1212 1211/1211/1211 1210/1210/1210
f 1215/1215/1215 1214/1214/1214 1213/1213/1213
f 1218/1218/1218 1217/1217/1217 1216/1216/1216
f 1221/1221/1221 1220/1220/1220 1219/1219/1219
f 1224/1224/1224 1223/1223/1223 1222/1222/1222
f 1227/1227/1227 1226/1226/1226 1225/1225/1225
f 1230/1230/1230 1229/1229/1229 1228/1228/1228
f 1233/1233/1233 1232/1232/1232 1231/1231/1231
f 1236/1236/1236 1235/1235/1235 1234/1234/1234
f 1239/1239/1239 1238/1238/1238 1237/1237/1237
f 1242/1242/1242 1241/1241/1241 1240/1240/1240
f 1245/1245/1245 1244/1244/1244 1243/1243/1243
f 1248/1248/1248 1247/1247/1247 1246/1246/1246
f 1251/1251/1251 1250/1250/1250 1249/1249/1249
f 1254/1254/1254 1253/1253/1253 1252/1252/1252
f 1257/1257/1257 1256/1256/1256 1255/1255/1255
f 1260/1260/1260 1259/1259/1259 1258/1258/1258
f 1263/1263/1263 1262/1262/1262 1261/1261/1261
f 1266/1266/1266 1265/1265/1265 1264/1264/1264
f 1269/1269/1269 1268/1268/1268 1267/1267/1267
f 1272/1272/1272 1271/1271/1271 1270/1270/1270
f 1275/1275/1275 1274/1274/1274 1273/1273/1273
f 1278/1278/1278 1277/1277/1277 1276/1276/1276
f 1281/1281/1281 1280/1280/1280 1279/1279/1279
f 1284/1284/1284 1283/1283/1283 1282/1282/1282
f 1287/1287/1287 1286/1286/1286 1285/1285/1285
f 1290/1290/1290 1289/1289/1289 1288/1288/1288
f 1293/1293/1293 1292/1292/1292 1291/1291/1291
f 1296/1296/1296 1295/1295/1295 1294/1294/1294
f 1299/1299/1299 1298/1298/1298 1297/1297/1297
f 1302/1302/1302 1301/1301/1301 1300/1300/1300
f 1305/1305/1305 1304/1304/1304 1303/1303/1303
f 1308/1308/1308 1307/1307/1307 1306/1306/1306
f 1311/1311/1311 1310/1310/1310 1309/1309/1309
f 1314/1314/1314 1313/1313/1313 1312/1312/1312
f 1317/1317/1317 1316/1316/1316 1315/1315/1315
f 1320/1320/1320 1319/1319/1319 1318/1318/1318
f 1323/1323/1323 1322/1322/1322 1321/1321/1321
f 1326/1326/1326 1325/1325/1325 1324/1324/1324
f 1329/1329/1329 1328/1328/1328 1327/1327/1327
f 1332/1332/1332 1331/1331/1331 1330/1330/1330
f 1335/1335/1335 1334/1334/1334 1333/1333/1333
f 1338/1338/1338 1337/1337/1337 1336/1336/1336
f 1341/1341/1341 1340/1340/1340 1339/1339/1339
f 1344/1344/1344 1343/1343/1343 1342/1342/1342
f 1347/1347/1347 1346/1346/1346 1345/1345/1345
f 1350/1350/1350 1349/1349/1349 1348/1348/1348
f 1353/1353/1353 1352/1352/1352 1351/1351/1351
f 1356/1356/1356 1355/1355/1355 1354/1354/1354
f 1359/1359/1359 1358/1358/1358 1357/1357/1357
f 1362/1362/1362 1361/1361/1361 1360/1360/1360
f 1365/1365/1365 1364/1364/1364 1363/1363/1363
f 1368/1368/1368 1367/1367/1367 1366/1366/1366
f 1371/1371/1371 1370/1370/1370 1369/1369/1369
f 1374/1374/1374 1373/1373/1373 1372/1372/1372
f 1377/1377/1377 1376/1376/1376 1375/1375/1375
f 1380/1380/1380 1379/1379/1379 1378/1378/1378
f 1383/1383/1383 1382/1382/1382 1381/1381/1381
f 1386/1386/1386 1385/1385/1385 1384/1384/1384
f 1389/1389/1389 1388/1388/1388 1387/1387/1387
f 1392/1392/1392 1391/1391/1391 1390/1390/1390
f 1395/1395/1395 1394/1394/1394 1393/1393/1393
f 1398/1398/1398 1397/1397/1397 1396/1396/1396
f 1401/1401/1401 1400/1400/1400 1399/1399/1399
f 1404/1404/1404 1403/1403/1403 1402/1402/1402
f 1407/1407/1407 1406/1406/1406 1405/1405/1405
f 1410/1410/1410 1409/1409/1409 1408/1408/1408
f 1413/1413/1413 1412/1412/1412 1411/1411/1411
f 1416/1416/1416 1415/1415/1415 1414/1414/1414
f 1419/1419/1419 1418/1418/1418 1417/1417/1417
f 1422/1422/1422 1421/1421/1421 1420/1420/1420
f 1425/1425/1425 1424/1424/1424 1423/1423/1423
f 1428/1428/1428 1427/1427/1427 1426/1426/1426
f 1431/1431/1431 1430/1430/1430 1429/1429/1429
f 1434/1434/1434 1433/1433/1433 1432/1432/1432
f 1437/1437/1437 1436/1436/1436 1435/1435/1435
f 1440/1440/1440 1439/1439/1439 1438/1438/1438
f 1443/1443/1443 1442/1442/1442 1441/1441/1441
f 1446/1446/1446 1445/1445/1445 1444/1444/1444
f 1449/1449/1449 1448/1448/1448 1447/1447/1447
f 1452/1452/1452 1451/1451/1451 1450/1450/1450
f 1455/1455/1455 1454/1454/1454 1453/1453/1453
f 1458/1458/1458 1457/1457/1457 1456/1456/1456
f 1461/1461/1461 1460/1460/1460 1459/1459/1459
f 1464/1464/1464 1463/1463/1463 1462/1462/1462
f 1467/1467/1467 1466/1466/1466 1465/1465/1465
f 1470/1470/1470 1469/1469/1469 1468/1468/1468
f 1473/1473/1473 1472/1472/1472 1471/1471/1471
f 1476/1476/1476 1475/1475/1475 1474/1474/1474
f 1479/1479/1479 1478/1478/1478 1477/1477/1477
f 1482/1482/1482 1481/1481/1481 1480/1480/1480
f 1485/1485/1485 1484/1484/1484 1483/1483/1483
f 1488/1488/1488 1487/1487/1487 1486/1486/1486
f 1491/1491/1491 1490/1490/1490 1489/1489/1489
f 1494/1494/1494 1493/1493/1493 1492/1492/1492
f 1497/1497/1497 1496/1496/1496 1495/1495/1495
f 1500/1500/1500 1499/1499/1499 1498/1498/1498
f 1503/1503/1503 1502/1502/1502 1501/1501/1501
f 1506/1506/1506 1505/1505/1505 1504/1504/1504
f 1509/1509/1509 1508/1508/1508 1507/1507/1507
f 1512/1512/1512 1511/1511/1511 1510/1510/1510
f 1515/1515/1515 1514/1514/1514 1513/1513/1513
f 1518/1518/1518 1517/1517/1517 1516/1516/1516
f 1521/1521/1521 1520/1520/1520 1519/1519/1519
f 1524/1524/1524 1523/1523/1523 1522/1522/1522
f 1527/1527/1527 1526/1526/1526 1525/1525/1525
f 1530/1530/1530 1529/1529/1529 1528/1528/1528
f 1533/1533/1533 1532/1532/1532 1531/1531/1531
f 1536/1536/1536 1535/1535/1535 1534/1534/1534
f 1539/1539/1539 1538/1538/1538 1537/1537/1537
f 1542/1542/1542 1541/1541/1541 1540/1540/1540
f 1545/1545/1545 1544/1544/1544 1543/1543/1543
f 1548/1548/1548 1547/1547/1547 1546/1546/1546
f 1551/1551/1551 1550/1550/1550 1549/1549/1549
f 1554/1554/1554 1553/1553/1553 1552/1552/1552
f 1557/1557/1557 1556/1556/1556 1555/1555/1555
f 1560/1560/1560 1559/1559/1559 1558/1558/1558
f 1563/1563/1563 1562/1562/1562 1561/1561/1561
f 1566/1566/1566 1565/1565/1565 1564/1564/1564
f 1569/1569/1569 1568/1568/1568 1567/1567/1567
f 1572/1572/1572 1571/1571/1571 1570/1570/1570
f 1575/1575/1575 1574/1574/1574 1573/1573/1573
f 1578/1578/1578 1577/1577/1577 1576/1576/1576
f 1581/1581/1581 1580/1580/1580 1579/1579/1579
f 1584/1584/1584 1583/1583/1583 1582/1582/1582
f 1587/1587/1587 1586/1586/1586 1585/1585/1585
f 1590/1590/1590 1589/1589/1589 1588/1588/1588
f 1593/1593/1593 1592/1592/1592 1591/1591/1591
f 1596/1596/1596 1595/1595/1595 1594/1594/1594
f 1599/1599/1599 1598/1598/1598 1597/1597/1597
f 1602/1602/1602 1601/1601/1601 1600/1600/1600
f 1605/1605/1605 1604/1604/1604 1603/1603/1603
f 1608/1608/1608 1607/1607/1607 1606/1606/1606
f 1611/1611/1611 1610/1610/1610 1609/1609/1609
f 1614/1614/1614 1613/1613/1613 1612/1612/1612
f 1617/1617/1617 1616/1616/1616 1615/1615/1615
f 1620/1620/1620 1619/1619/1619 1618/1618/1618
f 1623/1623/1623 1622/1622/1622 1621/1621/1621
f 1626/1626/1626 1625/1625/1625 1624/1624/1624
f 1629/1629/1629 1628/1628/1628 1627/1627/1627
f 1632/1632/1632 1631/1631/1631 1630/1630/1630
f 1635/1635/1635 1634/1634/1634 1633/1633/1633
f 1638/1638/1638 1637/1637/1637 1636/1636/1636
f 1641/1641/1641 1640/1640/1640 1639/1639/1639
f 1644/1644/1644 1643/1643/1643 1642/1642/1642
f 1647/1647/1647 1646/1646/1646 1645/1645/1645
f 1650/1650/1650 1649/1649/1649 1648/1648/1648
f 1653/1653/1653 1652/1652/1652 1651/1651/1651
f 1656/1656/1656 1655/1655/1655 1654/1654/1654
f 1659/1659/1659 1658/1658/1658 1657/1657/1657
f 1662/1662/1662 1661/1661/1661 1660/1660/1660
f 1665/1665/1665 1664/1664/1664 1663/1663/1663
f 1668/1668/1668 1667/1667/1667 1666/1666/1666
f 1671/1671/1671 1670/1670/1670 1669/1669/1669
f 1674/1674/1674 1673/1673/1673 1672/1672/1672
f 1677/1677/1677 1676/1676/1676 1675/1675/1675
f 1680/1680/1680 1679/1679/1679 1678/1678/1678
f 1683/1683/1683 1682/1682/1682 1681/1681/1681
f 1686/1686/1686 1685/1685/1685 1684/1684/1684
f 1689/1689/1689 1688/1688/1688 1687/1687/1687
f 1692/1692/1692 1691/1691/1691 1690/1690/1690
f 1695/1695/1695 1694/1694/1694 1693/1693/1693
f 1698/1698/1698 1697/1697/1697 1696/1696/1696
f 1701/1701/1701 1700/1700/1700 1699/1699/1699
f 1704/1704/1704 1703/1703/1703 1702/1702/1702
f 1707/1707/1707 1706/1706/1706 1705/1705/1705
f 1710/1710/1710 1709/1709/1709 1708/1708/1708
f 1713/1713/1713 1712/1712/1712 1711/1711/1711
f 1716/1716/1716 1715/1715/1715 1714/1714/1714
f 1719/1719/1719 1718/1718/1718 1717/1717/1717
f 1722/1722/1722 1721/1721/1721 1720/1720/1720
f 1725/1725/1725 1724/1724/1724 1723/1723/1723
f 1728/1728/1728 1727/1727/1727 1726/1726/1726
f 1731/1731/1731 1730/1730/1730 1729/1729/1729
f 1734/1734/1734 1733/1733/1733 1732/1732/1732
f 1737/1737/1737 1736/1736/1736 1735/1735/1735
f 1740/1740/1740 1739/1739/1739 1738/1738/1738
f 1743/1743/1743 1742/1742/1742 1741/1741/1741
f 1746/1746/1746 1745/1745/1745 1744/1744/1744
f 1749/1749/1749 1748/1748/1748 1747/1747/1747
f 1752/1752/1752 1751/1751/1751 1750/1750/1750
f 1755/1755/1755 1754/1754/1754 1753/1753/1753
f 1758/1758/1758 1757/1757/1757 1756/1756/1756
f 1761/1761/1761 1760/1760/1760 1759/1759/1759
f 1764/1764/1764 1763/1763/1763 1762/1762/1762
f 1767/1767/1767 1766/1766/1766 1765/1765/1765
f 1770/1770/1770 1769/1769/1769 1768/1768/1768
f 1773/1773/1773 1772/1772/1772 1771/1771/1771
f 1776/1776/1776 1775/1775/1775 1774/1774/1774
f 1779/1779/1779 1778/1778/1778 1777/1777/1777
f 1782/1782/1782 1781/1781/1781 1780/1780/1780
f 1785/1785/1785 1784/1784/1784 1783/1783/1783
f 1788/1788/1788 1787/1787/1787 1786/1786/1786
f 1791/1791/1791 1790/1790/1790 1789/1789/1789
f 1794/1794/1794 1793/1793/1793 1792/1792/1792
f 1797/1797/1797 1796/1796/1796 1795/1795/1795
f 1800/1800/1800 1799/1799/1799 1798/1798/1798
f 1803/1803/1803 1802/1802/1802 1801/1801/1801
f 1806/1806/1806 1805/1805/1805 1804/1804/1804
f 1809/1809/1809 1808/1808/1808 1807/1807/1807
f 1812/1812/1812 1811/1811/1811 1810/1810/1810
f 1815/1815/1815 1814/1814/1814 1813/1813/1813
f 1818/1818/1818 1817/1817/1817 1816/1816/1816
f 1821/1821/1821 1820/1820/1820 1819/1819/1819
f 1824/1824/1824 1823/1823/1823 1822/1822/1822
f 1827/1827/1827 1826/1826/1826 1825/1825/1825
f 1830/1830/1830 1829/1829/1829 1828/1828/1828
f 1833/1833/1833 1832/1832/1832 1831/1831/1831
f 1836/1836/1836 1835/1835/1835 1834/1834/1834
f 1839/1839/1839 1838/1838/1838 1837/1837/1837
f 1842/1842/1842 1841/1841/1841 1840/1840/1840
f 1845/1845/1845 1844/1844/1844 1843/1843/1843
f 1848/1848/1848 1847/1847/1847 1846/1846/1846
f 1851/1851/1851 1850/1850/1850 1849/1849/1849
f 1854/1854/1854 1853/1853/1853 1852/1852/1852
f 1857/1857/1857 1856/1856/1856 1855/1855/1855
f 1860/1860/1860 1859/1859/1859 1858/1858/1858
f 1863/1863/1863 1862/1862/1862 1861/1861/1861
f 1866/1866/1866 1865/1865/1865 1864/1864/1864
f 1869/1869/1869 1868/1868/1868 1867/1867/1867
f 1872/1872/1872 1871/1871/1871 1870/1870/1870
f 1875/1875/1875 1874/1874/1874 1873/1873/1873
f 1878/1878/1878 1877/1877/1877 1876/1876/1876
f 1881/1881/1881 1880/1880/1880 1879/1879/1879
f 1884/1884/1884 1883/1883/1883 1882/1882/1882
f 1887/1887/1887 1886/1886/1886 1885/1885/1885
f 1890/1890/1890 1889/1889/1889 1888/1888/1888
f 1893/1893/1893 1892/1892/1892 1891/1891/1891
f 1896/1896/1896 1895/1895/1895 1894/1894/1894
f 1899/1899/1899 1898/1898/1898 1897/1897/1897
f 1902/1902/1902 1901/1901/1901 1900/1900/1900
f 1905/1905/1905 1904/1904/1904 1903/1903/1903
f 1908/1908/1908 1907/1907/1907 1906/1906/1906
f 1911/1911/1911 1910/1910/1910 1909/1909/1909
f 1914/1914/1914 1913/1913/1913 1912/1912/1912
f 1917/1917/1917 1916/1916/1916 1915/1915/1915
f 1920/1920/1920 1919/1919/1919 1918/1918/1918
f 1923/1923/1923 1922/1922/1922 1921/1921/1921
f 1926/1926/1926 1925/1925/1925 1924/1924/1924
f 1929/1929/1929 1928/1928/1928 1927/1927/1927
f 1932/1932/1932 1931/1931/1931 1930/1930/1930
f 1935/1935/1935 1934/1934/1934 1933/1933/1933
f 1938/1938/1938 1937/1937/1937 1936/1936/1936
f 1941/1941/1941 1940/1940/1940 1939/1939/1939
f 1944/1944/1944 1943/1943/1943 1942/1942/1942
f 1947/1947/1947 1946/1946/1946 1945/1945/1945
f 1950/1950/1950 1949/1949/1949 1948/1948/1948
f 1953/1953/1953 1952/1952/1952 1951/1951/1951
f 1956/1956/1956 1955/1955/1955 1954/1954/1954
f 1959/1959/1959 1958/1958/1958 1957/1957/1957
f 1962/1962/1962 1961/1961/1961 1960/1960/1960
f 1965/1965/1965 1964/1964/1964 1963/1963/1963
f 1968/1968/1968 1967/1967/1967 1966/1966/1966
f 1971/1971/1971 1970/1970/1970 1969/1969/1969
f 1974/1974/1974 1973/1973/1973 1972/1972/1972
f 1977/1977/1977 1976/1976/1976 1975/1975/1975
f 1980/1980/1980 1979/1979/1979 1978/1978/1978
f 1983/1983/1983 1982/1982/1982 1981/1981/1981
f 1986/1986/1986 1985/1985/1985 1984/1984/1984
f 1989/1989/1989 1988/1988/1988 1987/1987/1987
f 1992/1992/1992 1991/1991/1991 1990/1990/1990
f 1995/1995/1995 1994/1994/1994 1993/1993/1993
f 1998/1998/1998 1997/1997/1997 1996/1996/1996
f 2001/2001/2001 2000/2000/2000 1999/1999/1999
f 2004/2004/2004 2003/2003/2003 2002/2002/2002
f 2007/2007/2007 2006/2006/2006 2005/2005/2005
f 2010/2010/2010 2009/2009/2009 2008/2008/2008
f 2013/2013/2013 2012/2012/2012 2011/2011/2011
f 2016/2016/2016 2015/2015/2015 2014/2014/2014
f 2019/2019/2019 2018/2018/2018 2017/2017/2017
f 2022/2022/2022 2021/2021/2021 2020/2020/2020
f 2025/2025/2025 2024/2024/2024 2023/2023/2023
f 2028/2028/2028 2027/2027/2027 2026/2026/2026
f 2031/2031/2031 2030/2030/2030 2029/2029/2029
f 2034/2034/2034 2033/2033/2033 2032/2032/2032
f 2037/2037/2037 2036/2036/2036 2035/2035/2035
f 2040/2040/2040 2039/2039/2039 2038/2038/2038
f 2043/2043/2043 2042/2042/2042 2041/2041/2041
f 2046/2046/2046 2045/2045/2045 2044/2044/2044
f 2049/2049/2049 2048/2048/2048 2047/2047/2047
f 2052/2052/2052 2051/2051/2051 2050/2050/2050
f 2055/2055/2055 2054/2054/2054 2053/2053/2053
f 2058/2058/2058 2057/2057/2057 2056/2056/2056
f 2061/2061/2061 2060/2060/2060 2059/2059/2059
f 2064/2064/2064 2063/2063/2063 2062/2062/2062
f 2067/2067/2067 2066/2066/2066 2065/2065/2065
f 2070/2070/2070 2069/2069/2069 2068/2068/2068
f 2073/2073/2073 2072/2072/2072 2071/2071/2071
f 2076/2076/2076 2075/2075/2075 2074/2074/2074
f 2079/2079/2079 2078/2078/2078 2077/2077/2077
f 2082/2082/2082 2081/2081/2081 2080/2080/2080
f 2085/2085/2085 2084/2084/2084 2083/2083/2083
f 2088/2088/2088 2087/2087/2087 2086/2086/2086
f 2091/2091/2091 2090/2090/2090 2089/2089/2089
f 2094/2094/2094 2093/2093/2093 2092/2092/2092
f 2097/2097/2097 2096/2096/2096 2095/2095/2095
f 2100/2100/2100 2099/2099/2099 2098/2098/2098
f 2103/2103/2103 2102/2102/2102 2101/2101/2101
f 2106/2106/2106 2105/2105/2105 2104/2104/2104
f 2109/2109/2109 2108/2108/2108 2107/2107/2107
f 2112/2112/2112 2111/2111/2111 2110/2110/2110
f 2115/2115/2115 2114/2114/2114 2113/2113/2113
f 2118/2118/2118 2117/2117/2117 2116/2116/2116
f 2121/2121/2121 2120/2120/2120 2119/2119/2119
f 2124/2124/2124 2123/2123/2123 2122/2122/2122
f 2127/2127/2127 2126/2126/2126 2125/2125/2125
f 2130/2130/2130 2129/2129/2129 2128/2128/2128
f 2133/2133/2133 2132/2132/2132 2131/2131/2131
f 2136/2136/2136 2135/2135/2135 2134/2134/2134
f 2139/2139/2139 2138/2138/2138 2137/2137/2137
f 2142/2142/2142 2141/2141/2141 2140/2140/2140
f 2145/2145/2145 2144/2144/2144 2143/2143/2143
f 2148/2148/2148 2147/2147/2147 2146/2146/2146
f 2151/2151/2151 2150/2150/2150 2149/2149/2149
f 2154/2154/2154 2153/2153/2153 2152/2152/2152
f 2157/2157/2157 2156/2156/2156 2155/2155/2155
f 2160/2160/2160 2159/2159/2159 2158/2158/2158
f 2163/2163/2163 2162/2162/2162 2161/2161/2161
f 2166/2166/2166 2165/2165/2165 2164/2164/2164
f 2169/2169/2169 2168/2168/2168 2167/2167/2167
f 2172/2172/2172 2171/2171/2171 2170/2170/2170
f 2175/2175/2175 2174/2174/2174 2173/2173/2173
f 2178/2178/2178 2177/2177/2177 2176/2176/2176
f 2181/2181/2181 2180/2180/2180 2179/2179/2179
f 2184/2184/2184 2183/2183/2183 2182/2182/2182
f 2187/2187/2187 2186/2186/2186 2185/2185/2185
f 2190/2190/2190 2189/2189/2189 2188/2188/2188
f 2193/2193/2193 2192/2192/2192 2191/2191/2191
f 2196/2196/2196 2195/2195/2195 2194/2194/2194
f 2199/2199/2199 2198/2198/2198 2197/2197/2197
f 2202/2202/2202 2201/2201/2201 2200/2200/2200
f 2205/2205/2205 2204/2204/2204 2203/2203/2203
f 2208/2208/2208 2207/2207/2207 2206/2206/2206
f 2211/2211/2211 2210/2210/2210 2209/2209/2209
f 2214/2214/2214 2213/2213/2213 2212/2212/2212
f 2217/2217/2217 2216/2216/2216 2215/2215/2215
f 2220/2220/2220 2219/2219/2219 2218/2218/2218
f 2223/2223/2223 2222/2222/2222 2221/2221/2221
f 2226/2226/2226 2225/2225/2225 2224/2224/2224
f 2229/2229/2229 2228/2228/2228 2227/2227/2227
f 2232/2232/2232 2231/2231/2231 2230/2230/2230
f 2235/2235/2235 2234/2234/2234 2233/2233/2233
f 2238/2238/2238 2237/2237/2237 2236/2236/2236
f 2241/2241/2241 2240/2240/2240 2239/2239/2239
f 2244/2244/2244 2243/2243/2243 2242/2242/2242
f 2247/2247/2247 2246/2246/2246 2245/2245/2245
f 2250/2250/2250 2249/2249/2249 2248/2248/2248
f 2253/2253/2253 2252/2252/2252 2251/2251/2251
f 2256/2256/2256 2255/2255/2255 2254/2254/2254
f 2259/2259/2259 2258/2258/2258 2257/2257/2257
f 2262/2262/2262 2261/2261/2261 2260/2260/2260
f 2265/2265/2265 2264/2264/2264 2263/2263/2263
f 2268/2268/2268 2267/2267/2267 2266/2266/2266
f 2271/2271/2271 2270/2270/2270 2269/2269/2269
f 2274/2274/2274 2273/2273/2273 2272/2272/2272
f 2277/2277/2277 2276/2276/2276 2275/2275/2275
f 2280/2280/2280 2279/2279/2279 2278/2278/2278
f 2283/2283/2283 2282/2282/2282 2281/2281/2281
f 2286/2286/2286 2285/2285/2285 2284/2284/2284
f 2289/2289/2289 2288/2288/2288 2287/2287/2287
f 2292/2292/2292 2291/2291/2291 2290/2290/2290
f 2295/2295/2295 2294/2294/2294 2293/2293/2293
f 2298/2298/2298 2297/2297/2297 2296/2296/2296
f 2301/2301/2301 2300/2300/2300 2299/2299/2299
f 2304/2304/2304 2303/2303/2303 2302/2302/2302
f 2307/2307/2307 2306/2306/2306 2305/2305/2305
f 2310/2310/2310 2309/2309/2309 2308/2308/2308
f 2313/2313/2313 2312/2312/2312 2311/2311/2311
f 2316/2316/2316 2315/2315/2315 2314/2314/2314
f 2319/2319/2319 2318/2318/2318 2317/2317/2317
f 2322/2322/2322 2321/2321/2321 2320/2320/2320
f 2325/2325/2325 2324/2324/2324 2323/2323/2323
f 2328/2328/2328 2327/2327/2327 2326/2326/2326
f 2331/2331/2331 2330/2330/2330 2329/2329/2329
f 2334/2334/2334 2333/2333/2333 2332/2332/2332
f 2337/2337/2337 2336/2336/2336 2335/2335/2335
f 2340/2340/2340 2339/2339/2339 2338/2338/2338
f 2343/2343/2343 2342/2342/2342 2341/2341/2341
f 2346/2346/2346 2345/2345/2345 2344/2344/2344
f 2349/2349/2349 2348/2348/2348 2347/2347/2347
f 2352/2352/2352 2351/2351/2351 2350/2350/2350
f 2355/2355/2355 2354/2354/2354 2353/2353/2353
f 2358/2358/2358 2357/2357/2357 2356/2356/2356
f 2361/2361/2361 2360/2360/2360 2359/2359/2359
f 2364/2364/2364 2363/2363/2363 2362/2362/2362
f 2367/2367/2367 2366/2366/2366 2365/2365/2365
f 2370/2370/2370 2369/2369/2369 2368/2368/2368
f 2373/2373/2373 2372/2372/2372 2371/2371/2371
f 2376/2376/2376 2375/2375/2375 2374/2374/2374
f 2379/2379/2379 2378/2378/2378 2377/2377/2377
f 2382/2382/2382 2381/2381/2381 2380/2380/2380
f 2385/2385/2385 2384/2384/2384 2383/2383/2383
f 2388/2388/2388 2387/2387/2387 2386/2386/2386
f 2391/2391/2391 2390/2390/2390 2389/2389/2389
f 2394/2394/2394 2393/2393/2393 2392/2392/2392
f 2397/2397/2397 2396/2396/2396 2395/2395/2395
f 2400/2400/2400 2399/2399/2399 2398/2398/2398
f 2403/2403/2403 2402/2402/2402 2401/2401/2401
f 2406/2406/2406 2405/2405/2405 2404/2404/2404
f 2409/2409/2409 2408/2408/2408 2407/2407/2407
f 2412/2412/2412 2411/2411/2411 2410/2410/2410
f 2415/2415/2415 2414/2414/2414 2413/2413/2413
f 2418/2418/2418 2417/2417/2417 2416/2416/2416
f 2421/2421/2421 2420/2420/2420 2419/2419/2419
f 2424/2424/2424 2423/2423/2423 2422/2422/2422
f 2427/2427/2427 2426/2426/2426 2425/2425/2425
f 2430/2430/2430 2429/2429/2429 2428/2428/2428
f 2433/2433/2433 2432/2432/2432 2431/2431/2431
f 2436/2436/2436 2435/2435/2435 2434/2434/2434
f 2439/2439/2439 2438/2438/2438 2437/2437/2437
f 2442/2442/2442 2441/2441/2441 2440/2440/2440
f 2445/2445/2445 2444/2444/2444 2443/2443/2443
f 2448/2448/2448 2447/2447/2447 2446/2446/2446
f 2451/2451/2451 2450/2450/2450 2449/2449/2449
f 2454/2454/2454 2453/2453/2453 2452/2452/2452
f 2457/2457/2457 2456/2456/2456 2455/2455/2455
f 2460/2460/2460 2459/2459/2459 2458/2458/2458
f 2463/2463/2463 2462/2462/2462 2461/2461/2461
f 2466/2466/2466 2465/2465/2465 2464/2464/2464
f 2469/2469/2469 2468/2468/2468 2467/2467/2467
f 2472/2472/2472 2471/2471/2471 2470/2470/2470
f 2475/2475/2475 2474/2474/2474 2473/2473/2473
f 2478/2478/2478 2477/2477/2477 2476/2476/2476
f 2481/2481/2481 2480/2480/2480 2479/2479/2479
f 2484/2484/2484 2483/2483/2483 2482/2482/2482
f 2487/2487/2487 2486/2486/2486 2485/2485/2485
f 2490/2490/2490 2489/2489/2489 2488/2488/2488
f 2493/2493/2493 2492/2492/2492 2491/2491/2491
f 2496/2496/2496 2495/2495/2495 2494/2494/2494
f 2499/2499/2499 2498/2498/2498 2497/2497/2497
f 2502/2502/2502 2501/2501/2501 2500/2500/2500
f 2505/2505/2505 2504/2504/2504 2503/2503/2503
f 2508/2508/2508 2507/2507/2507 2506/2506/2506
f 2511/2511/2511 2510/2510/2510 2509/2509/2509
f 2514/2514/2514 2513/2513/2513 2512/2512/2512
f 2517/2517/2517 2516/2516/2516 2515/2515/2515
f 2520/2520/2520 2519/2519/2519 2518/2518/2518
f 2523/2523/2523 2522/2522/2522 2521/2521/2521
f 2526/2526/2526 2525/2525/2525 2524/2524/2524
f 2529/2529/2529 2528/2528/2528 2527/2527/2527
f 2532/2532/2532 2531/2531/2531 2530/2530/2530
f 2535/2535/2535 2534/2534/2534 2533/2533/2533
f 2538/2538/2538 2537/2537/2537 2536/2536/2536
f 2541/2541/2541 2540/2540/2540 2539/2539/2539
f 2544/2544/2544 2543/2543/2543 2542/2542/2542
f 2547/2547/2547 2546/2546/2546 2545/2545/2545
f 2550/2550/2550 2549/2549/2549 2548/2548/2548
f 2553/2553/2553 2552/2552/2552 2551/2551/2551
f 2556/2556/2556 2555/2555/2555 2554/2554/2554
f 2559/2559/2559 2558/2558/2558 2557/2557/2557
f 2562/2562/2562 2561/2561/2561 2560/2560/2560
f 2565/2565/2565 2564/2564/2564 2563/2563/2563
f 2568/2568/2568 2567/2567/2567 2566/2566/2566
f 2571/2571/2571 2570/2570/2570 2569/2569/2569
f 2574/2574/2574 2573/2573/2573 2572/2572/2572
f 2577/2577/2577 2576/2576/2576 2575/2575/2575
f 2580/2580/2580 2579/2579/2579 2578/2578/2578
f 2583/2583/2583 2582/2582/2582 2581/2581/2581
f 2586/2586/2586 2585/2585/2585 2584/2584/2584
f 2589/2589/2589 2588/2588/2588 2587/2587/2587
f 2592/2592/2592 2591/2591/2591 2590/2590/2590
f 2595/2595/2595 2594/2594/2594 2593/2593/2593
f 2598/2598/2598 2597/2597/2597 2596/2596/2596
f 2601/2601/2601 2600/2600/2600 2599/2599/2599
f 2604/2604/2604 2603/2603/2603 2602/2602/2602
f 2607/2607/2607 2606/2606/2606 2605/2605/2605
f 2610/2610/2610 2609/2609/2609 2608/2608/2608
f 2613/2613/2613 2612/2612/2612 2611/2611/2611
f 2616/2616/2616 2615/2615/2615 2614/2614/2614
f 2619/2619/2619 2618/2618/2618 2617/2617/2617
f 2622/2622/2622 2621/2621/2621 2620/2620/2620
f 2625/2625/2625 2624/2624/2624 2623/2623/2623
f 2628/2628/2628 2627/2627/2627 2626/2626/2626
f 2631/2631/2631 2630/2630/2630 2629/2629/2629
f 2634/2634/2634 2633/2633/2633 2632/2632/2632
f 2637/2637/2637 2636/2636/2636 2635/2635/2635
f 2640/2640/2640 2639/2639/2639 2638/2638/2638
f 2643/2643/2643 2642/2642/2642 2641/2641/2641
f 2646/2646/2646 2645/2645/2645 2644/2644/2644
f 2649/2649/2649 2648/2648/2648 2647/2647/2647
f 2652/2652/2652 2651/2651/2651 2650/2650/2650
f 2655/2655/2655 2654/2654/2654 2653/2653/2653
f 2658/2658/2658 2657/2657/2657 2656/2656/2656
f 2661/2661/2661 2660/2660/2660 2659/2659/2659
f 2664/2664/2664 2663/2663/2663 2662/2662/2662
f 2667/2667/2667 2666/2666/2666 2665/2665/2665
f 2670/2670/2670 2669/2669/2669 2668/2668/2668
f 2673/2673/2673 2672/2672/2672 2671/2671/2671
f 2676/2676/2676 2675/2675/2675 2674/2674/2674
f 2679/2679/2679 2678/2678/2678 2677/2677/2677
f 2682/2682/2682 2681/2681/2681 2680/2680/2680
f 2685/2685/2685 2684/2684/2684 2683/2683/2683
f 2688/2688/2688 2687/2687/2687 2686/2686/2686
f 2691/2691/2691 2690/2690/2690 2689/2689/2689
f 2694/2694/2694 2693/2693/2693 2692/2692/2692
f 2697/2697/2697 2696/2696/2696 2695/2695/2695
f 2700/2700/2700 2699/2699/2699 2698/2698/2698
f 2703/2703/2703 2702/2702/2702 2701/2701/2701
f 2706/2706/2706 2705/2705/2705 2704/2704/2704
f 2709/2709/2709 2708/2708/2708 2707/2707/2707
f 2712/2712/2712 2711/2711/2711 2710/2710/2710
f 2715/2715/2715 2714/2714/2714 2713/2713/2713
f 2718/2718/2718 2717/2717/2717 2716/2716/2716
f 2721/2721/2721 2720/2720/2720 2719/2719/2719
f 2724/2724/2724 2723/2723/2723 2722/2722/2722
f 2727/2727/2727 2726/2726/2726 2725/2725/2725
f 2730/2730/2730 2729/2729/2729 2728/2728/2728
f 2733/2733/2733 2732/2732/2732 2731/2731/2731
f 2736/2736/2736 2735/2735/2735 2734/2734/2734
f 2739/2739/2739 2738/2738/2738 2737/2737/2737
f 2742/2742/2742 2741/2741/2741 2740/2740/2740
f 2745/2745/2745 2744/2744/2744 2743/2743/2743
f 2748/2748/2748 2747/2747/2747 2746/2746/2746
f 2751/2751/2751 2750/2750/2750 2749/2749/2749
f 2754/2754/2754 2753/2753/2753 2752/2752/2752
f 2757/2757/2757 2756/2756/2756 2755/2755/2755
f 2760/2760/2760 2759/2759/2759 2758/2758/2758
f 2763/2763/2763 2762/2762/2762 2761/2761/2761
f 2766/2766/2766 2765/2765/2765 2764/2764/2764
f 2769/2769/2769 2768/2768/2768 2767/2767/2767
f 2772/2772/2772 2771/2771/2771 2770/2770/2770
f 2775/2775/2775 2774/2774/2774 2773/2773/2773
f 2778/2778/2778 2777/2777/2777 2776/2776/2776
f 2781/2781/2781 2780/2780/2780 2779/2779/2779
f 2784/2784/2784 2783/2783/2783 2782/2782/2782
f 2787/2787/2787 2786/2786/2786 2785/2785/2785
f 2790/2790/2790 2789/2789/2789 2788/2788/2788
f 2793/2793/2793 2792/2792/2792 2791/2791/2791
f 2796/2796/2796 2795/2795/2795 2794/2794/2794
f 2799/2799/2799 2798/2798/2798 2797/2797/2797
f 2802/2802/2802 2801/2801/2801 2800/2800/2800
f 2805/2805/2805 2804/2804/2804 2803/2803/2803
f 2808/2808/2808 2807/2807/2807 2806/2806/2806
f 2811/2811/2811 2810/2810/2810 2809/2809/2809
f 2814/2814/2814 2813/2813/2813 2812/2812/2812
f 2817/2817/2817 2816/2816/2816 2815/2815/2815
f 2820/2820/2820 2819/2819/2819 2818/2818/2818
f 2823/2823/2823 2822/2822/2822 2821/2821/2821
f 2826/2826/2826 2825/2825/2825 2824/2824/2824
f 2829/2829/2829 2828/2828/2828 2827/2827/2827
f 2832/2832/2832 2831/2831/2831 2830/2830/2830
f 2835/2835/2835 2834/2834/2834 2833/2833/2833
f 2838/2838/2838 2837/2837/2837 2836/2836/2836
f 2841/2841/2841 2840/2840/2840 2839/2839/2839
f 2844/2844/2844 2843/2843/2843 2842/2842/2842
f 2847/2847/2847 2846/2846/2846 2845/2845/2845
f 2850/2850/2850 2849/2849/2849 2848/2848/2848
f 2853/2853/2853 2852/2852/2852 2851/2851/2851
f 2856/2856/2856 2855/2855/2855 2854/2854/2854
f 2859/2859/2859 2858/2858/2858 2857/2857/2857
f 2862/2862/2862 2861/2861/2861 2860/2860/2860
f 2865/2865/2865 2864/2864/2864 2863/2863/2863
f 2868/2868/2868 2867/2867/2867 2866/2866/2866
f 2871/2871/2871 2870/2870/2870 2869/2869/2869
f 2874/2874/2874 2873/2873/2873 2872/2872/2872
f 2877/2877/2877 2876/2876/2876 2875/2875/2875
f 2880/2880/2880 2879/2879/2879 2878/2878/2878
f 2883/2883/2883 2882/2882/2882 2881/2881/2881
f 2886/2886/2886 2885/2885/2885 2884/2884/2884
f 2889/2889/2889 2888/2888/2888 2887/2887/2887
f 2892/2892/2892 2891/2891/2891 2890/2890/2890
f 2895/2895/2895 2894/2894/2894 2893/2893/2893
f 2898/2898/2898 2897/2897/2897 2896/2896/2896
f 2901/2901/2901 2900/2900/2900 2899/2899/2899
f 2904/2904/2904 2903/2903/2903 2902/2902/2902
f 2907/2907/2907 2906/2906/2906 2905/2905/2905
f 2910/2910/2910 2909/2909/2909 2908/2908/2908
f 2913/2913/2913 2912/2912/2912 2911/2911/2911
f 2916/2916/2916 2915/2915/2915 2914/2914/2914
f 2919/2919/2919 2918/2918/2918 2917/2917/2917
f 2922/2922/2922 2921/2921/2921 2920/2920/2920
f 2925/2925/2925 2924/2924/2924 2923/2923/2923
f 2928/2928/2928 2927/2927/2927 2926/2926/2926
f 2931/2931/2931 2930/2930/2930 2929/2929/2929
f 2934/2934/2934 2933/2933/2933 2932/2932/2932
f 2937/2937/2937 2936/2936/2936 2935/2935/2935
f 2940/2940/2940 2939/2939/2939 2938/2938/2938
f 2943/2943/2943 2942/2942/2942 2941/2941/2941
f 2946/2946/2946 2945/2945/2945 2944/2944/2944
f 2949/2949/2949 2948/2948/2948 2947/2947/2947
f 2952/2952/2952 2951/2951/2951 2950/2950/2950
