# Static pose baked from local Project Zomboid assets
o Kate_Jacket
v 0.009436393 0.104751226 -0.278133527
v -0.020107441 0.103703713 -0.269861923
v 0.001887359 0.094438375 -0.299965787
v 0.029660750 0.113100499 -0.237368276
v 0.020751578 0.137006034 -0.203302651
v 0.007341200 0.127367215 -0.232758860
v 0.020751578 0.137006034 -0.203302651
v 0.029660750 0.113100499 -0.237368276
v 0.040782245 0.117558990 -0.207395036
v -0.044162014 0.047794197 -0.310316159
v 0.006324705 0.023854240 -0.306972098
v -0.009419420 0.052832253 -0.315592191
v 0.006324705 0.023854240 -0.306972098
v -0.044162014 0.047794197 -0.310316159
v -0.019002971 0.017281195 -0.290493724
v 0.068512384 0.004314593 -0.054733403
v 0.021570616 0.000848244 -0.093537094
v 0.022086107 -0.018723973 -0.056916761
v 0.021570616 0.000848244 -0.093537094
v 0.068512384 0.004314593 -0.054733403
v 0.063159360 0.024277412 -0.094194068
v 0.083096530 0.063674384 -0.082340241
v 0.068512384 0.004314593 -0.054733403
v 0.092060126 0.052466989 -0.047450079
v 0.068512384 0.004314593 -0.054733403
v 0.083096530 0.063674384 -0.082340241
v 0.063159360 0.024277412 -0.094194068
v 0.065744798 0.098887009 -0.064873909
v 0.082594345 0.086415168 -0.012362266
v 0.053929704 0.104674195 -0.008649687
v 0.082594345 0.086415168 -0.012362266
v 0.065744798 0.098887009 -0.064873909
v 0.083096530 0.063674384 -0.082340241
v 0.007341200 0.127367215 -0.232758860
v -0.002981750 0.138882507 -0.193305826
v -0.014220160 0.130669447 -0.214350678
v -0.002981750 0.138882507 -0.193305826
v 0.007341200 0.127367215 -0.232758860
v 0.020751578 0.137006034 -0.203302651
v 0.022086107 -0.018723973 -0.056916761
v -0.017614849 0.002931508 -0.071382117
v -0.024398187 -0.009161986 -0.032935260
v -0.017614849 0.002931508 -0.071382117
v 0.022086107 -0.018723973 -0.056916761
v 0.021570616 0.000848244 -0.093537094
v 0.022421843 0.015377770 -0.156380732
v -0.024582364 0.016129697 -0.172468301
v -0.020202403 0.016558165 -0.145915758
v -0.024582364 0.016129697 -0.172468301
v 0.022421843 0.015377770 -0.156380732
v 0.015325045 0.012819140 -0.198459626
v 0.022086107 -0.018723973 -0.056916761
v 0.077775846 -0.016904165 -0.007365616
v 0.068512384 0.004314593 -0.054733403
v 0.077775846 -0.016904165 -0.007365616
v 0.022086107 -0.018723973 -0.056916761
v 0.018026429 -0.033299265 -0.003819380
v 0.068512384 0.004314593 -0.054733403
v 0.101310693 0.045833080 -0.011388130
v 0.092060126 0.052466989 -0.047450079
v 0.101310693 0.045833080 -0.011388130
v 0.068512384 0.004314593 -0.054733403
v 0.077775846 -0.016904165 -0.007365616
v 0.024423834 0.009521549 -0.113074994
v 0.045918275 0.025618894 -0.162960219
v 0.022421843 0.015377770 -0.156380732
v 0.054099494 0.046246749 -0.171785845
v 0.056389086 0.087059382 -0.167552634
v 0.049983625 0.051757853 -0.209742576
v 0.053062843 0.091078236 -0.180407389
v 0.035898882 0.120907190 -0.159107296
v 0.035352193 0.121346283 -0.161610438
v 0.035898882 0.120907190 -0.159107296
v 0.053062843 0.091078236 -0.180407389
v 0.056389086 0.087059382 -0.167552634
v 0.035898882 0.120907190 -0.159107296
v 0.009359613 0.125565237 -0.156033750
v 0.035352193 0.121346283 -0.161610438
v 0.009359613 0.125565237 -0.156033750
v 0.035898882 0.120907190 -0.159107296
v 0.006920003 0.125124295 -0.155101625
v 0.096103038 0.084610296 -0.276954808
v 0.116260737 0.027870010 -0.246499545
v 0.077977370 0.047994002 -0.254804962
v 0.144137585 0.066075954 -0.278499789
v 0.147815781 -0.006980242 -0.272868176
v 0.116260737 0.027870010 -0.246499545
v 0.147815781 -0.006980242 -0.272868176
v 0.144137585 0.066075954 -0.278499789
v 0.176247147 0.030765117 -0.292767687
v 0.064699659 0.018369703 -0.302154427
v 0.116260737 0.027870010 -0.246499545
v 0.108313082 -0.004494109 -0.301872736
v 0.116260737 0.027870010 -0.246499545
v 0.064699659 0.018369703 -0.302154427
v 0.077977370 0.047994002 -0.254804962
v 0.116260737 0.027870010 -0.246499545
v 0.170632971 -0.017685979 -0.273277143
v 0.108313082 -0.004494109 -0.301872736
v 0.170632971 -0.017685979 -0.273277143
v 0.116260737 0.027870010 -0.246499545
v 0.147815781 -0.006980242 -0.272868176
v 0.045345198 0.029687738 -0.299912404
v 0.064699659 0.018369703 -0.302154427
v 0.076311799 0.034013104 -0.319875876
v 0.064699659 0.018369703 -0.302154427
v 0.045345198 0.029687738 -0.299912404
v 0.048279078 0.032885656 -0.278655987
v 0.108313082 -0.004494109 -0.301872736
v 0.186811614 0.016883567 -0.295327422
v 0.134075433 0.036249326 -0.322884765
v 0.186811614 0.016883567 -0.295327422
v 0.108313082 -0.004494109 -0.301872736
v 0.170632971 -0.017685979 -0.273277143
v 0.095836550 0.071467300 -0.314454284
v 0.134075433 0.036249326 -0.322884765
v 0.144137585 0.066075954 -0.278499789
v 0.134075433 0.036249326 -0.322884765
v 0.176247147 0.030765117 -0.292767687
v 0.144137585 0.066075954 -0.278499789
v 0.176247147 0.030765117 -0.292767687
v 0.134075433 0.036249326 -0.322884765
v 0.186811614 0.016883567 -0.295327422
v 0.148270450 0.046309424 -0.299266749
v 0.081608964 0.045219390 -0.249592696
v 0.114260958 0.000100784 -0.276080654
v 0.081608964 0.045219390 -0.249592696
v 0.148270450 0.046309424 -0.299266749
v 0.103887046 0.076285115 -0.271197975
v 0.103887046 0.076285115 -0.271197975
v 0.055081722 0.076060707 -0.234772351
v 0.081608964 0.045219390 -0.249592696
v 0.055081722 0.076060707 -0.234772351
v 0.103887046 0.076285115 -0.271197975
v 0.070213478 0.104813681 -0.245769329
v 0.114260958 0.000100784 -0.276080654
v 0.121230266 0.051672900 -0.213353312
v 0.162295746 0.006664021 -0.233697431
v 0.121230266 0.051672900 -0.213353312
v 0.114260958 0.000100784 -0.276080654
v 0.081608964 0.045219390 -0.249592696
v 0.081608964 0.045219390 -0.249592696
v 0.088168163 0.087415024 -0.199650834
v 0.121230266 0.051672900 -0.213353312
v 0.088168163 0.087415024 -0.199650834
v 0.081608964 0.045219390 -0.249592696
v 0.055081722 0.076060707 -0.234772351
v 0.162295746 0.006664021 -0.233697431
v 0.139301156 0.076219726 -0.231109312
v 0.182763243 0.045043946 -0.262324932
v 0.139301156 0.076219726 -0.231109312
v 0.162295746 0.006664021 -0.233697431
v 0.121230266 0.051672900 -0.213353312
v 0.121230266 0.051672900 -0.213353312
v 0.097776053 0.105120844 -0.210799729
v 0.139301156 0.076219726 -0.231109312
v 0.097776053 0.105120844 -0.210799729
v 0.121230266 0.051672900 -0.213353312
v 0.088168163 0.087415024 -0.199650834
v 0.182763243 0.045043946 -0.262324932
v 0.103887046 0.076285115 -0.271197975
v 0.148270450 0.046309424 -0.299266749
v 0.103887046 0.076285115 -0.271197975
v 0.182763243 0.045043946 -0.262324932
v 0.139301156 0.076219726 -0.231109312
v 0.139301156 0.076219726 -0.231109312
v 0.070213478 0.104813681 -0.245769329
v 0.103887046 0.076285115 -0.271197975
v 0.070213478 0.104813681 -0.245769329
v 0.139301156 0.076219726 -0.231109312
v 0.097776053 0.105120844 -0.210799729
v 0.186811614 0.016883567 -0.295327422
v 0.148270450 0.046309424 -0.299266749
v 0.176247147 0.030765117 -0.292767687
v 0.148270450 0.046309424 -0.299266749
v 0.186811614 0.016883567 -0.295327422
v 0.182763243 0.045043946 -0.262324932
v 0.176247147 0.030765117 -0.292767687
v 0.114260958 0.000100784 -0.276080654
v 0.147815781 -0.006980242 -0.272868176
v 0.114260958 0.000100784 -0.276080654
v 0.176247147 0.030765117 -0.292767687
v 0.148270450 0.046309424 -0.299266749
v 0.170632971 -0.017685979 -0.273277143
v 0.114260958 0.000100784 -0.276080654
v 0.162295746 0.006664021 -0.233697431
v 0.114260958 0.000100784 -0.276080654
v 0.170632971 -0.017685979 -0.273277143
v 0.147815781 -0.006980242 -0.272868176
v 0.162295746 0.006664021 -0.233697431
v 0.186811614 0.016883567 -0.295327422
v 0.170632971 -0.017685979 -0.273277143
v 0.186811614 0.016883567 -0.295327422
v 0.162295746 0.006664021 -0.233697431
v 0.182763243 0.045043946 -0.262324932
v 0.025892799 0.053982910 -0.333865022
v 0.095836550 0.071467300 -0.314454284
v 0.029201511 0.078210701 -0.330803834
v 0.029201511 0.078210701 -0.330803834
v -0.009419420 0.052832253 -0.315592191
v 0.025892799 0.053982910 -0.333865022
v -0.009419420 0.052832253 -0.315592191
v 0.029201511 0.078210701 -0.330803834
v -0.006642836 0.073163705 -0.315367638
v 0.045918275 0.025618894 -0.162960219
v 0.015325045 0.012819140 -0.198459626
v 0.022421843 0.015377770 -0.156380732
v 0.015325045 0.012819140 -0.198459626
v 0.045918275 0.025618894 -0.162960219
v 0.036822094 0.014019921 -0.214037553
v -0.009419420 0.052832253 -0.315592191
v -0.037470940 0.070878991 -0.309895511
v -0.044162014 0.047794197 -0.310316159
v 0.030623563 0.102880137 -0.311542541
v 0.009436393 0.104751226 -0.278133527
v 0.001887359 0.094438375 -0.299965787
v 0.009436393 0.104751226 -0.278133527
v 0.030623563 0.102880137 -0.311542541
v 0.040403077 0.102998023 -0.285195783
v 0.096103038 0.084610296 -0.276954808
v 0.040403077 0.102998023 -0.285195783
v 0.030623563 0.102880137 -0.311542541
v 0.006324705 0.023854240 -0.306972098
v -0.019002971 0.017281195 -0.290493724
v 0.000424967 0.007252584 -0.247843819
v 0.000424967 0.007252584 -0.247843819
v -0.060471601 0.018549922 -0.270680808
v -0.040995714 0.012046673 -0.216058328
v -0.060471601 0.018549922 -0.270680808
v 0.000424967 0.007252584 -0.247843819
v -0.019002971 0.017281195 -0.290493724
v 0.025892799 0.053982910 -0.333865022
v -0.009419420 0.052832253 -0.315592191
v 0.006324705 0.023854240 -0.306972098
v 0.045345198 0.029687738 -0.299912404
v 0.006324705 0.023854240 -0.306972098
v 0.033201057 0.018516727 -0.277421931
v 0.048279078 0.032885656 -0.278655987
v 0.041202743 0.067345917 -0.246887239
v 0.045792895 0.085457627 -0.262989837
v 0.041202743 0.067345917 -0.246887239
v 0.048279078 0.032885656 -0.278655987
v 0.040038716 0.026527314 -0.263073195
v 0.026325697 0.103647233 -0.256633139
v 0.045792895 0.085457627 -0.262989837
v 0.041202743 0.067345917 -0.246887239
v 0.053792463 0.090719121 -0.202142861
v 0.049800092 0.074541575 -0.211720190
v 0.053062843 0.091078236 -0.180407389
v 0.049983625 0.051757853 -0.209742576
v 0.047989344 0.032917118 -0.210437491
v 0.054099494 0.046246749 -0.171785845
v 0.083096530 0.063674384 -0.082340241
v 0.092060126 0.052466989 -0.047450079
v 0.082594345 0.086415168 -0.012362266
v 0.092060126 0.052466989 -0.047450079
v 0.101310693 0.045833080 -0.011388130
v 0.082594345 0.086415168 -0.012362266
v -0.037470940 0.070878991 -0.309895511
v -0.009419420 0.052832253 -0.315592191
v -0.006642836 0.073163705 -0.315367638
v -0.020107441 0.103703713 -0.269861923
v -0.036053808 0.127799027 -0.223947603
v -0.031969388 0.084810259 -0.296316901
v 0.053929704 0.104674195 -0.008649687
v 0.010600771 0.121017261 -0.059810103
v 0.065744798 0.098887009 -0.064873909
v 0.010600771 0.121017261 -0.059810103
v 0.053929704 0.104674195 -0.008649687
v 0.012284690 0.123297053 -0.002306878
v -0.024398187 -0.009161986 -0.032935260
v 0.018026429 -0.033299265 -0.003819380
v 0.022086107 -0.018723973 -0.056916761
v 0.018026429 -0.033299265 -0.003819380
v -0.024398187 -0.009161986 -0.032935260
v -0.026697539 -0.017869314 -0.001475627
v -0.070284781 0.042206008 -0.300714102
v -0.060471601 0.018549922 -0.270680808
v -0.019002971 0.017281195 -0.290493724
v 0.004283102 0.127468912 -0.111309049
v 0.065744798 0.098887009 -0.064873909
v 0.010600771 0.121017261 -0.059810103
v 0.065744798 0.098887009 -0.064873909
v 0.004283102 0.127468912 -0.111309049
v 0.045787645 0.114119746 -0.121529667
v 0.045787645 0.114119746 -0.121529667
v 0.083096530 0.063674384 -0.082340241
v 0.065744798 0.098887009 -0.064873909
v 0.083096530 0.063674384 -0.082340241
v 0.045787645 0.114119746 -0.121529667
v 0.065915313 0.076002378 -0.128890209
v 0.065915313 0.076002378 -0.128890209
v 0.063159360 0.024277412 -0.094194068
v 0.083096530 0.063674384 -0.082340241
v 0.063159360 0.024277412 -0.094194068
v 0.065915313 0.076002378 -0.128890209
v 0.057574273 0.035874619 -0.121765915
v 0.063159360 0.024277412 -0.094194068
v 0.024423834 0.009521549 -0.113074994
v 0.021570616 0.000848244 -0.093537094
v 0.024423834 0.009521549 -0.113074994
v 0.063159360 0.024277412 -0.094194068
v 0.057574273 0.035874619 -0.121765915
v 0.021570616 0.000848244 -0.093537094
v -0.013777959 0.010645485 -0.101907134
v -0.017614849 0.002931508 -0.071382117
v -0.013777959 0.010645485 -0.101907134
v 0.021570616 0.000848244 -0.093537094
v 0.024423834 0.009521549 -0.113074994
v -0.037470940 0.070878991 -0.309895511
v -0.006642836 0.073163705 -0.315367638
v -0.031969388 0.084810259 -0.296316901
v -0.031969388 0.084810259 -0.296316901
v -0.006642836 0.073163705 -0.315367638
v 0.001887359 0.094438375 -0.299965787
v 0.001887359 0.094438375 -0.299965787
v 0.029201511 0.078210701 -0.330803834
v 0.030623563 0.102880137 -0.311542541
v 0.029201511 0.078210701 -0.330803834
v 0.001887359 0.094438375 -0.299965787
v -0.006642836 0.073163705 -0.315367638
v 0.029201511 0.078210701 -0.330803834
v 0.096103038 0.084610296 -0.276954808
v 0.030623563 0.102880137 -0.311542541
v 0.096103038 0.084610296 -0.276954808
v 0.029201511 0.078210701 -0.330803834
v 0.095836550 0.071467300 -0.314454284
v 0.095836550 0.071467300 -0.314454284
v 0.144137585 0.066075954 -0.278499789
v 0.096103038 0.084610296 -0.276954808
v 0.134075433 0.036249326 -0.322884765
v 0.095836550 0.071467300 -0.314454284
v 0.086940464 0.052888369 -0.323334858
v 0.057574273 0.035874619 -0.121765915
v 0.054099494 0.046246749 -0.171785845
v 0.045918275 0.025618894 -0.162960219
v 0.032321585 0.013868317 -0.265899525
v 0.040038716 0.026527314 -0.263073195
v 0.033201057 0.018516727 -0.277421931
v 0.047989344 0.032917118 -0.210437491
v 0.045918275 0.025618894 -0.162960219
v 0.054099494 0.046246749 -0.171785845
v 0.045918275 0.025618894 -0.162960219
v 0.047989344 0.032917118 -0.210437491
v 0.036822094 0.014019921 -0.214037553
v 0.045918275 0.025618894 -0.162960219
v 0.024423834 0.009521549 -0.113074994
v 0.057574273 0.035874619 -0.121765915
v -0.070284781 0.042206008 -0.300714102
v -0.019002971 0.017281195 -0.290493724
v -0.044162014 0.047794197 -0.310316159
v 0.000424967 0.007252584 -0.247843819
v 0.036822094 0.014019921 -0.214037553
v 0.032321585 0.013868317 -0.265899525
v 0.036822094 0.014019921 -0.214037553
v 0.000424967 0.007252584 -0.247843819
v 0.015325045 0.012819140 -0.198459626
v 0.036822094 0.014019921 -0.214037553
v 0.040038716 0.026527314 -0.263073195
v 0.032321585 0.013868317 -0.265899525
v 0.040038716 0.026527314 -0.263073195
v 0.036822094 0.014019921 -0.214037553
v 0.047989344 0.032917118 -0.210437491
v 0.040038716 0.026527314 -0.263073195
v 0.049983625 0.051757853 -0.209742576
v 0.037370366 0.054939667 -0.238263549
v 0.049983625 0.051757853 -0.209742576
v 0.040038716 0.026527314 -0.263073195
v 0.047989344 0.032917118 -0.210437491
v 0.037370366 0.054939667 -0.238263549
v 0.049800092 0.074541575 -0.211720190
v 0.041202743 0.067345917 -0.246887239
v 0.049800092 0.074541575 -0.211720190
v 0.037370366 0.054939667 -0.238263549
v 0.049983625 0.051757853 -0.209742576
v 0.041676954 0.096420572 -0.231016893
v 0.041202743 0.067345917 -0.246887239
v 0.049800092 0.074541575 -0.211720190
v 0.041202743 0.067345917 -0.246887239
v 0.041676954 0.096420572 -0.231016893
v 0.026325697 0.103647233 -0.256633139
v 0.007012509 0.132032413 -0.164640421
v 0.020751578 0.137006034 -0.203302651
v 0.036863032 0.129323653 -0.171736250
v 0.020751578 0.137006034 -0.203302651
v 0.007012509 0.132032413 -0.164640421
v -0.002981750 0.138882507 -0.193305826
v 0.036863032 0.129323653 -0.171736250
v 0.040782245 0.117558990 -0.207395036
v 0.051190658 0.110429900 -0.180858793
v 0.040782245 0.117558990 -0.207395036
v 0.036863032 0.129323653 -0.171736250
v 0.020751578 0.137006034 -0.203302651
v -0.000581614 0.121436680 -0.245265743
v 0.009436393 0.104751226 -0.278133527
v 0.026325697 0.103647233 -0.256633139
v 0.009436393 0.104751226 -0.278133527
v -0.000581614 0.121436680 -0.245265743
v -0.020107441 0.103703713 -0.269861923
v 0.026325697 0.103647233 -0.256633139
v 0.040403077 0.102998023 -0.285195783
v 0.045792895 0.085457627 -0.262989837
v 0.040403077 0.102998023 -0.285195783
v 0.026325697 0.103647233 -0.256633139
v 0.009436393 0.104751226 -0.278133527
v 0.040403077 0.102998023 -0.285195783
v 0.096103038 0.084610296 -0.276954808
v 0.045792895 0.085457627 -0.262989837
v 0.045345198 0.029687738 -0.299912404
v 0.040038716 0.026527314 -0.263073195
v 0.048279078 0.032885656 -0.278655987
v 0.040038716 0.026527314 -0.263073195
v 0.045345198 0.029687738 -0.299912404
v 0.033201057 0.018516727 -0.277421931
v -0.036053808 0.127799027 -0.223947603
v -0.020107441 0.103703713 -0.269861923
v -0.000581614 0.121436680 -0.245265743
v 0.035352193 0.121346283 -0.161610438
v 0.051190658 0.110429900 -0.180858793
v 0.053062843 0.091078236 -0.180407389
v 0.051190658 0.110429900 -0.180858793
v 0.035352193 0.121346283 -0.161610438
v 0.036863032 0.129323653 -0.171736250
v 0.053792463 0.090719121 -0.202142861
v 0.040782245 0.117558990 -0.207395036
v 0.041676954 0.096420572 -0.231016893
v 0.041676954 0.096420572 -0.231016893
v 0.029660750 0.113100499 -0.237368276
v 0.026325697 0.103647233 -0.256633139
v 0.026325697 0.103647233 -0.256633139
v 0.007341200 0.127367215 -0.232758860
v -0.000581614 0.121436680 -0.245265743
v 0.007341200 0.127367215 -0.232758860
v 0.026325697 0.103647233 -0.256633139
v 0.029660750 0.113100499 -0.237368276
v -0.000581614 0.121436680 -0.245265743
v -0.014220160 0.130669447 -0.214350678
v -0.036053808 0.127799027 -0.223947603
v -0.014253191 0.137805909 -0.189838182
v -0.014220160 0.130669447 -0.214350678
v -0.002981750 0.138882507 -0.193305826
v -0.004641170 0.131241623 -0.162373261
v -0.002981750 0.138882507 -0.193305826
v 0.007012509 0.132032413 -0.164640421
v -0.002981750 0.138882507 -0.193305826
v -0.004641170 0.131241623 -0.162373261
v -0.014253191 0.137805909 -0.189838182
v 0.035352193 0.121346283 -0.161610438
v 0.007012509 0.132032413 -0.164640421
v 0.036863032 0.129323653 -0.171736250
v 0.040782245 0.117558990 -0.207395036
v 0.053792463 0.090719121 -0.202142861
v 0.051190658 0.110429900 -0.180858793
v 0.049800092 0.074541575 -0.211720190
v 0.053792463 0.090719121 -0.202142861
v 0.041676954 0.096420572 -0.231016893
v 0.051190658 0.110429900 -0.180858793
v 0.053792463 0.090719121 -0.202142861
v 0.053062843 0.091078236 -0.180407389
v -0.020202403 0.016558165 -0.145915758
v 0.024423834 0.009521549 -0.113074994
v 0.022421843 0.015377770 -0.156380732
v 0.024423834 0.009521549 -0.113074994
v -0.020202403 0.016558165 -0.145915758
v -0.013777959 0.010645485 -0.101907134
v -0.040995714 0.012046673 -0.216058328
v 0.015325045 0.012819140 -0.198459626
v 0.000424967 0.007252584 -0.247843819
v 0.015325045 0.012819140 -0.198459626
v -0.040995714 0.012046673 -0.216058328
v -0.024582364 0.016129697 -0.172468301
v 0.006324705 0.023854240 -0.306972098
v 0.045345198 0.029687738 -0.299912404
v 0.025892799 0.053982910 -0.333865022
v 0.116260737 0.027870010 -0.246499545
v 0.096103038 0.084610296 -0.276954808
v 0.144137585 0.066075954 -0.278499789
v 0.025892799 0.053982910 -0.333865022
v 0.045345198 0.029687738 -0.299912404
v 0.086940464 0.052888369 -0.323334858
v 0.095836550 0.071467300 -0.314454284
v 0.025892799 0.053982910 -0.333865022
v 0.086940464 0.052888369 -0.323334858
v 0.007012509 0.132032413 -0.164640421
v 0.035352193 0.121346283 -0.161610438
v 0.009359613 0.125565237 -0.156033750
v -0.014253191 0.137805909 -0.189838182
v -0.013016300 0.131357428 -0.162366733
v -0.021919768 0.137269411 -0.187503458
v -0.013016300 0.131357428 -0.162366733
v -0.014253191 0.137805909 -0.189838182
v -0.004641170 0.131241623 -0.162373261
v -0.014220160 0.130669447 -0.214350678
v -0.014253191 0.137805909 -0.189838182
v -0.021919768 0.137269411 -0.187503458
v 0.007012509 0.132032413 -0.164640421
v 0.009359613 0.125565237 -0.156033750
v -0.004641170 0.131241623 -0.162373261
v -0.014220160 0.130669447 -0.214350678
v -0.021919768 0.137269411 -0.187503458
v -0.036053808 0.127799027 -0.223947603
v -0.014220160 0.130669447 -0.214350678
v -0.000581614 0.121436680 -0.245265743
v 0.007341200 0.127367215 -0.232758860
v 0.029660750 0.113100499 -0.237368276
v 0.041676954 0.096420572 -0.231016893
v 0.040782245 0.117558990 -0.207395036
v 0.041202743 0.067345917 -0.246887239
v 0.040038716 0.026527314 -0.263073195
v 0.037370366 0.054939667 -0.238263549
v 0.096103038 0.084610296 -0.276954808
v 0.077977370 0.047994002 -0.254804962
v 0.045792895 0.085457627 -0.262989837
v 0.077977370 0.047994002 -0.254804962
v 0.048279078 0.032885656 -0.278655987
v 0.045792895 0.085457627 -0.262989837
v 0.048279078 0.032885656 -0.278655987
v 0.077977370 0.047994002 -0.254804962
v 0.064699659 0.018369703 -0.302154427
v 0.108313082 -0.004494109 -0.301872736
v 0.076311799 0.034013104 -0.319875876
v 0.064699659 0.018369703 -0.302154427
v 0.045345198 0.029687738 -0.299912404
v 0.076311799 0.034013104 -0.319875876
v 0.086940464 0.052888369 -0.323334858
v 0.076311799 0.034013104 -0.319875876
v 0.134075433 0.036249326 -0.322884765
v 0.086940464 0.052888369 -0.323334858
v 0.134075433 0.036249326 -0.322884765
v 0.076311799 0.034013104 -0.319875876
v 0.108313082 -0.004494109 -0.301872736
v 0.033201057 0.018516727 -0.277421931
v 0.000424967 0.007252584 -0.247843819
v 0.032321585 0.013868317 -0.265899525
v 0.000424967 0.007252584 -0.247843819
v 0.033201057 0.018516727 -0.277421931
v 0.006324705 0.023854240 -0.306972098
v 0.001887359 0.094438375 -0.299965787
v -0.020107441 0.103703713 -0.269861923
v -0.031969388 0.084810259 -0.296316901
v 0.006920003 0.125124295 -0.155101625
v 0.035898882 0.120907190 -0.159107296
v 0.045787645 0.114119746 -0.121529667
v 0.045787645 0.114119746 -0.121529667
v 0.056389086 0.087059382 -0.167552634
v 0.065915313 0.076002378 -0.128890209
v 0.056389086 0.087059382 -0.167552634
v 0.045787645 0.114119746 -0.121529667
v 0.035898882 0.120907190 -0.159107296
v 0.054099494 0.046246749 -0.171785845
v 0.065915313 0.076002378 -0.128890209
v 0.056389086 0.087059382 -0.167552634
v 0.065915313 0.076002378 -0.128890209
v 0.054099494 0.046246749 -0.171785845
v 0.057574273 0.035874619 -0.121765915
v 0.004283102 0.127468912 -0.111309049
v 0.006920003 0.125124295 -0.155101625
v 0.045787645 0.114119746 -0.121529667
v 0.006920003 0.125124295 -0.155101625
v 0.004283102 0.127468912 -0.111309049
v -0.013016300 0.131357428 -0.162366733
v -0.004641170 0.131241623 -0.162373261
v 0.006920003 0.125124295 -0.155101625
v -0.013016300 0.131357428 -0.162366733
v 0.006920003 0.125124295 -0.155101625
v -0.004641170 0.131241623 -0.162373261
v 0.009359613 0.125565237 -0.156033750
v 0.049800092 0.074541575 -0.211720190
v 0.056389086 0.087059382 -0.167552634
v 0.053062843 0.091078236 -0.180407389
v 0.056389086 0.087059382 -0.167552634
v 0.049800092 0.074541575 -0.211720190
v 0.049983625 0.051757853 -0.209742576
v -0.113243594 0.104580989 -0.231711386
v -0.124875602 0.087063365 -0.251115667
v -0.083401891 0.106214013 -0.246237965
v -0.095914139 0.121629989 -0.190883258
v -0.064279652 0.142781655 -0.171825990
v -0.084307835 0.126055551 -0.161089484
v -0.064279652 0.142781655 -0.171825990
v -0.095914139 0.121629989 -0.190883258
v -0.074446168 0.132922502 -0.202483004
v -0.095487357 0.051280396 -0.291316664
v -0.122917531 0.018873984 -0.257278107
v -0.100232630 0.020340281 -0.260060354
v -0.122917531 0.018873984 -0.257278107
v -0.095487357 0.051280396 -0.291316664
v -0.120662723 0.047341857 -0.272734053
v -0.096468815 0.047622267 -0.049463523
v -0.058457597 0.018047582 -0.083010689
v -0.085894700 0.057321423 -0.076702125
v -0.058457597 0.018047582 -0.083010689
v -0.096468815 0.047622267 -0.049463523
v -0.067826093 0.004878039 -0.054044758
v -0.083544508 0.102879144 -0.067518336
v -0.096468815 0.047622267 -0.049463523
v -0.085894700 0.057321423 -0.076702125
v -0.096468815 0.047622267 -0.049463523
v -0.083544508 0.102879144 -0.067518336
v -0.092436664 0.100897520 -0.041556826
v -0.048782888 0.126921525 -0.056968916
v -0.074259728 0.123422546 -0.011240712
v -0.083544508 0.102879144 -0.067518336
v -0.074259728 0.123422546 -0.011240712
v -0.048782888 0.126921525 -0.056968916
v -0.033053809 0.128695866 -0.008358553
v -0.074446168 0.132922502 -0.202483004
v -0.039729349 0.141378534 -0.179702685
v -0.064279652 0.142781655 -0.171825990
v -0.039729349 0.141378534 -0.179702685
v -0.074446168 0.132922502 -0.202483004
v -0.045904481 0.132821558 -0.202621850
v -0.067826093 0.004878039 -0.054044758
v -0.017614849 0.002931508 -0.071382117
v -0.058457597 0.018047582 -0.083010689
v -0.017614849 0.002931508 -0.071382117
v -0.067826093 0.004878039 -0.054044758
v -0.024398187 -0.009161986 -0.032935260
v -0.059664721 0.025895534 -0.133905796
v -0.024582364 0.016129697 -0.172468301
v -0.071836321 0.018739448 -0.166194436
v -0.024582364 0.016129697 -0.172468301
v -0.059664721 0.025895534 -0.133905796
v -0.020202403 0.016558165 -0.145915758
v -0.067826093 0.004878039 -0.054044758
v -0.104197667 0.027714200 -0.009766438
v -0.073015153 -0.008156903 -0.003514664
v -0.104197667 0.027714200 -0.009766438
v -0.067826093 0.004878039 -0.054044758
v -0.096468815 0.047622267 -0.049463523
v -0.096468815 0.047622267 -0.049463523
v -0.103914660 0.092331463 -0.012012994
v -0.104197667 0.027714200 -0.009766438
v -0.103914660 0.092331463 -0.012012994
v -0.096468815 0.047622267 -0.049463523
v -0.092436664 0.100897520 -0.041556826
v -0.051530854 0.022213780 -0.097017702
v -0.059664721 0.025895534 -0.133905796
v -0.078901656 0.040657747 -0.127257308
v -0.085272429 0.062604422 -0.131225029
v -0.100578203 0.061984544 -0.154007952
v -0.075651984 0.101777418 -0.127877841
v -0.079190708 0.100061364 -0.131450080
v -0.047424229 0.129901497 -0.133601324
v -0.075651984 0.101777418 -0.127877841
v -0.047424229 0.129901497 -0.133601324
v -0.079190708 0.100061364 -0.131450080
v -0.050083357 0.127149368 -0.129984107
v -0.047424229 0.129901497 -0.133601324
v -0.026422125 0.127995659 -0.142788150
v -0.022936566 0.127584277 -0.144740990
v -0.026422125 0.127995659 -0.142788150
v -0.047424229 0.129901497 -0.133601324
v -0.050083357 0.127149368 -0.129984107
v -0.191403807 0.078232186 -0.214464490
v -0.176365849 0.056512713 -0.176227952
v -0.215863599 0.052136872 -0.157244940
v -0.241496166 0.071813701 -0.204325954
v -0.262761861 0.045685395 -0.140221705
v -0.285839096 0.056216037 -0.185746865
v -0.262761861 0.045685395 -0.140221705
v -0.241496166 0.071813701 -0.204325954
v -0.215863599 0.052136872 -0.157244940
v -0.174083130 0.004143036 -0.199638909
v -0.215863599 0.052136872 -0.157244940
v -0.176365849 0.056512713 -0.176227952
v -0.215863599 0.052136872 -0.157244940
v -0.174083130 0.004143036 -0.199638909
v -0.220269581 -0.005724451 -0.185695687
v -0.215863599 0.052136872 -0.157244940
v -0.261977049 -0.006980984 -0.170480405
v -0.262761861 0.045685395 -0.140221705
v -0.261977049 -0.006980984 -0.170480405
v -0.215863599 0.052136872 -0.157244940
v -0.220269581 -0.005724451 -0.185695687
v -0.145850596 0.013409964 -0.219794888
v -0.174083130 0.004143036 -0.199638909
v -0.141414798 0.027355498 -0.199243737
v -0.174083130 0.004143036 -0.199638909
v -0.145850596 0.013409964 -0.219794888
v -0.185375609 0.009757114 -0.222759669
v -0.220269581 -0.005724451 -0.185695687
v -0.280888890 0.017629869 -0.202537209
v -0.261977049 -0.006980984 -0.170480405
v -0.280888890 0.017629869 -0.202537209
v -0.220269581 -0.005724451 -0.185695687
v -0.242006955 0.021513788 -0.225075832
v -0.198054359 0.047259006 -0.238453071
v -0.241496166 0.071813701 -0.204325954
v -0.242006955 0.021513788 -0.225075832
v -0.242006955 0.021513788 -0.225075832
v -0.285839096 0.056216037 -0.185746865
v -0.280888890 0.017629869 -0.202537209
v -0.285839096 0.056216037 -0.185746865
v -0.242006955 0.021513788 -0.225075832
v -0.241496166 0.071813701 -0.204325954
v -0.306000934 0.060093890 -0.178503119
v -0.343633933 0.038250140 -0.107657780
v -0.356736738 0.055251175 -0.145965244
v -0.343633933 0.038250140 -0.107657780
v -0.306000934 0.060093890 -0.178503119
v -0.284140411 0.043338253 -0.123087908
v -0.356736738 0.055251175 -0.145965244
v -0.383432443 0.034425331 -0.093154260
v -0.399090101 0.049507104 -0.119161994
v -0.383432443 0.034425331 -0.093154260
v -0.356736738 0.055251175 -0.145965244
v -0.343633933 0.038250140 -0.107657780
v -0.284140411 0.043338253 -0.123087908
v -0.346104447 -0.008190998 -0.135260358
v -0.343633933 0.038250140 -0.107657780
v -0.346104447 -0.008190998 -0.135260358
v -0.284140411 0.043338253 -0.123087908
v -0.285554790 -0.011749471 -0.156405951
v -0.343633933 0.038250140 -0.107657780
v -0.396831100 -0.002051585 -0.123015104
v -0.383432443 0.034425331 -0.093154260
v -0.396831100 -0.002051585 -0.123015104
v -0.343633933 0.038250140 -0.107657780
v -0.346104447 -0.008190998 -0.135260358
v -0.285554790 -0.011749471 -0.156405951
v -0.356086313 0.005702946 -0.166109992
v -0.346104447 -0.008190998 -0.135260358
v -0.356086313 0.005702946 -0.166109992
v -0.285554790 -0.011749471 -0.156405951
v -0.303673334 0.013566820 -0.198146517
v -0.346104447 -0.008190998 -0.135260358
v -0.404666977 0.011053076 -0.139888417
v -0.396831100 -0.002051585 -0.123015104
v -0.404666977 0.011053076 -0.139888417
v -0.346104447 -0.008190998 -0.135260358
v -0.356086313 0.005702946 -0.166109992
v -0.303673334 0.013566820 -0.198146517
v -0.356736738 0.055251175 -0.145965244
v -0.356086313 0.005702946 -0.166109992
v -0.356736738 0.055251175 -0.145965244
v -0.303673334 0.013566820 -0.198146517
v -0.306000934 0.060093890 -0.178503119
v -0.356086313 0.005702946 -0.166109992
v -0.399090101 0.049507104 -0.119161994
v -0.404666977 0.011053076 -0.139888417
v -0.399090101 0.049507104 -0.119161994
v -0.356086313 0.005702946 -0.166109992
v -0.356736738 0.055251175 -0.145965244
v -0.280888890 0.017629869 -0.202537209
v -0.306000934 0.060093890 -0.178503119
v -0.303673334 0.013566820 -0.198146517
v -0.306000934 0.060093890 -0.178503119
v -0.280888890 0.017629869 -0.202537209
v -0.285839096 0.056216037 -0.185746865
v -0.285839096 0.056216037 -0.185746865
v -0.284140411 0.043338253 -0.123087908
v -0.306000934 0.060093890 -0.178503119
v -0.284140411 0.043338253 -0.123087908
v -0.285839096 0.056216037 -0.185746865
v -0.262761861 0.045685395 -0.140221705
v -0.261977049 -0.006980984 -0.170480405
v -0.284140411 0.043338253 -0.123087908
v -0.262761861 0.045685395 -0.140221705
v -0.284140411 0.043338253 -0.123087908
v -0.261977049 -0.006980984 -0.170480405
v -0.285554790 -0.011749471 -0.156405951
v -0.285554790 -0.011749471 -0.156405951
v -0.280888890 0.017629869 -0.202537209
v -0.303673334 0.013566820 -0.198146517
v -0.280888890 0.017629869 -0.202537209
v -0.285554790 -0.011749471 -0.156405951
v -0.261977049 -0.006980984 -0.170480405
v -0.151790393 0.029659185 -0.266315542
v -0.159656046 0.053800408 -0.260994874
v -0.198054359 0.047259006 -0.238453071
v -0.159656046 0.053800408 -0.260994874
v -0.120662723 0.047341857 -0.272734053
v -0.125777564 0.065826422 -0.269352431
v -0.120662723 0.047341857 -0.272734053
v -0.159656046 0.053800408 -0.260994874
v -0.151790393 0.029659185 -0.266315542
v -0.078901656 0.040657747 -0.127257308
v -0.071836321 0.018739448 -0.166194436
v -0.097958416 0.023174690 -0.164144820
v -0.071836321 0.018739448 -0.166194436
v -0.078901656 0.040657747 -0.127257308
v -0.059664721 0.025895534 -0.133905796
v -0.120662723 0.047341857 -0.272734053
v -0.095487357 0.051280396 -0.291316664
v -0.097498384 0.074956267 -0.287674693
v -0.156319889 0.080441042 -0.242190273
v -0.113243594 0.104580989 -0.231711386
v -0.146160516 0.086468986 -0.214861500
v -0.113243594 0.104580989 -0.231711386
v -0.156319889 0.080441042 -0.242190273
v -0.124875602 0.087063365 -0.251115667
v -0.191403807 0.078232186 -0.214464490
v -0.156319889 0.080441042 -0.242190273
v -0.146160516 0.086468986 -0.214861500
v -0.122917531 0.018873984 -0.257278107
v -0.093321467 0.013620173 -0.213140984
v -0.100232630 0.020340281 -0.260060354
v -0.093321467 0.013620173 -0.213140984
v -0.060471601 0.018549922 -0.270680808
v -0.100232630 0.020340281 -0.260060354
v -0.060471601 0.018549922 -0.270680808
v -0.093321467 0.013620173 -0.213140984
v -0.040995714 0.012046673 -0.216058328
v -0.151790393 0.029659185 -0.266315542
v -0.122917531 0.018873984 -0.257278107
v -0.120662723 0.047341857 -0.272734053
v -0.145850596 0.013409964 -0.219794888
v -0.125976309 0.015161918 -0.213493077
v -0.122917531 0.018873984 -0.257278107
v -0.141414798 0.027355498 -0.199243737
v -0.117290299 0.076663767 -0.185948073
v -0.129973813 0.034974656 -0.196557036
v -0.117290299 0.076663767 -0.185948073
v -0.141414798 0.027355498 -0.199243737
v -0.134265120 0.076801260 -0.194011172
v -0.107024733 0.112704865 -0.207269790
v -0.117290299 0.076663767 -0.185948073
v -0.134265120 0.076801260 -0.194011172
v -0.093877406 0.100749380 -0.147478775
v -0.079190708 0.100061364 -0.131450080
v -0.099011590 0.084649391 -0.156633430
v -0.100578203 0.061984544 -0.154007952
v -0.085272429 0.062604422 -0.131225029
v -0.101771347 0.043089393 -0.154999429
v -0.083544508 0.102879144 -0.067518336
v -0.074259728 0.123422546 -0.011240712
v -0.092436664 0.100897520 -0.041556826
v -0.092436664 0.100897520 -0.041556826
v -0.074259728 0.123422546 -0.011240712
v -0.103914660 0.092331463 -0.012012994
v -0.097498384 0.074956267 -0.287674693
v -0.125777564 0.065826422 -0.269352431
v -0.120662723 0.047341857 -0.272734053
v -0.083401891 0.106214013 -0.246237965
v -0.091171360 0.088831466 -0.274401654
v -0.036053808 0.127799027 -0.223947603
v -0.033053809 0.128695866 -0.008358553
v 0.010600771 0.121017261 -0.059810103
v 0.012284690 0.123297053 -0.002306878
v 0.010600771 0.121017261 -0.059810103
v -0.033053809 0.128695866 -0.008358553
v -0.048782888 0.126921525 -0.056968916
v -0.024398187 -0.009161986 -0.032935260
v -0.073015153 -0.008156903 -0.003514664
v -0.026697539 -0.017869314 -0.001475627
v -0.073015153 -0.008156903 -0.003514664
v -0.024398187 -0.009161986 -0.032935260
v -0.067826093 0.004878039 -0.054044758
v -0.070284781 0.042206008 -0.300714102
v -0.100232630 0.020340281 -0.260060354
v -0.060471601 0.018549922 -0.270680808
v 0.004283102 0.127468912 -0.111309049
v -0.048782888 0.126921525 -0.056968916
v -0.039851302 0.128430244 -0.103425062
v -0.048782888 0.126921525 -0.056968916
v 0.004283102 0.127468912 -0.111309049
v 0.010600771 0.121017261 -0.059810103
v -0.039851302 0.128430244 -0.103425062
v -0.083544508 0.102879144 -0.067518336
v -0.072340554 0.099105303 -0.099662061
v -0.083544508 0.102879144 -0.067518336
v -0.039851302 0.128430244 -0.103425062
v -0.048782888 0.126921525 -0.056968916
v -0.072340554 0.099105303 -0.099662061
v -0.085894700 0.057321423 -0.076702125
v -0.075146910 0.058052683 -0.093707834
v -0.085894700 0.057321423 -0.076702125
v -0.072340554 0.099105303 -0.099662061
v -0.083544508 0.102879144 -0.067518336
v -0.085894700 0.057321423 -0.076702125
v -0.051530854 0.022213780 -0.097017702
v -0.075146910 0.058052683 -0.093707834
v -0.051530854 0.022213780 -0.097017702
v -0.085894700 0.057321423 -0.076702125
v -0.058457597 0.018047582 -0.083010689
v -0.058457597 0.018047582 -0.083010689
v -0.013777959 0.010645485 -0.101907134
v -0.051530854 0.022213780 -0.097017702
v -0.013777959 0.010645485 -0.101907134
v -0.058457597 0.018047582 -0.083010689
v -0.017614849 0.002931508 -0.071382117
v -0.097498384 0.074956267 -0.287674693
v -0.091171360 0.088831466 -0.274401654
v -0.125777564 0.065826422 -0.269352431
v -0.091171360 0.088831466 -0.274401654
v -0.124875602 0.087063365 -0.251115667
v -0.125777564 0.065826422 -0.269352431
v -0.124875602 0.087063365 -0.251115667
v -0.159656046 0.053800408 -0.260994874
v -0.125777564 0.065826422 -0.269352431
v -0.159656046 0.053800408 -0.260994874
v -0.124875602 0.087063365 -0.251115667
v -0.156319889 0.080441042 -0.242190273
v -0.191403807 0.078232186 -0.214464490
v -0.159656046 0.053800408 -0.260994874
v -0.156319889 0.080441042 -0.242190273
v -0.159656046 0.053800408 -0.260994874
v -0.191403807 0.078232186 -0.214464490
v -0.198054359 0.047259006 -0.238453071
v -0.198054359 0.047259006 -0.238453071
v -0.191403807 0.078232186 -0.214464490
v -0.241496166 0.071813701 -0.204325954
v -0.242006955 0.021513788 -0.225075832
v -0.193346710 0.025487026 -0.235807273
v -0.198054359 0.047259006 -0.238453071
v -0.075146910 0.058052683 -0.093707834
v -0.078901656 0.040657747 -0.127257308
v -0.085272429 0.062604422 -0.131225029
v -0.126688358 0.020874900 -0.202614717
v -0.125976309 0.015161918 -0.213493077
v -0.129973813 0.034974656 -0.196557036
v -0.101771347 0.043089393 -0.154999429
v -0.078901656 0.040657747 -0.127257308
v -0.097958416 0.023174690 -0.164144820
v -0.078901656 0.040657747 -0.127257308
v -0.101771347 0.043089393 -0.154999429
v -0.085272429 0.062604422 -0.131225029
v -0.078901656 0.040657747 -0.127257308
v -0.075146910 0.058052683 -0.093707834
v -0.051530854 0.022213780 -0.097017702
v -0.070284781 0.042206008 -0.300714102
v -0.095487357 0.051280396 -0.291316664
v -0.100232630 0.020340281 -0.260060354
v -0.093321467 0.013620173 -0.213140984
v -0.097958416 0.023174690 -0.164144820
v -0.071836321 0.018739448 -0.166194436
v -0.097958416 0.023174690 -0.164144820
v -0.093321467 0.013620173 -0.213140984
v -0.126688358 0.020874900 -0.202614717
v -0.097958416 0.023174690 -0.164144820
v -0.129973813 0.034974656 -0.196557036
v -0.101771347 0.043089393 -0.154999429
v -0.129973813 0.034974656 -0.196557036
v -0.097958416 0.023174690 -0.164144820
v -0.126688358 0.020874900 -0.202614717
v -0.129973813 0.034974656 -0.196557036
v -0.100578203 0.061984544 -0.154007952
v -0.101771347 0.043089393 -0.154999429
v -0.100578203 0.061984544 -0.154007952
v -0.129973813 0.034974656 -0.196557036
v -0.109500880 0.064094279 -0.182074197
v -0.109500880 0.064094279 -0.182074197
v -0.099011590 0.084649391 -0.156633430
v -0.100578203 0.061984544 -0.154007952
v -0.099011590 0.084649391 -0.156633430
v -0.109500880 0.064094279 -0.182074197
v -0.117290299 0.076663767 -0.185948073
v -0.102814558 0.106234946 -0.177529363
v -0.117290299 0.076663767 -0.185948073
v -0.107024733 0.112704865 -0.207269790
v -0.117290299 0.076663767 -0.185948073
v -0.102814558 0.106234946 -0.177529363
v -0.099011590 0.084649391 -0.156633430
v -0.029469291 0.134510385 -0.151135673
v -0.064279652 0.142781655 -0.171825990
v -0.039729349 0.141378534 -0.179702685
v -0.064279652 0.142781655 -0.171825990
v -0.029469291 0.134510385 -0.151135673
v -0.056836606 0.135688064 -0.137050738
v -0.056836606 0.135688064 -0.137050738
v -0.084307835 0.126055551 -0.161089484
v -0.064279652 0.142781655 -0.171825990
v -0.084307835 0.126055551 -0.161089484
v -0.056836606 0.135688064 -0.137050738
v -0.075773116 0.119053728 -0.133859641
v -0.077305704 0.126648051 -0.216864199
v -0.113243594 0.104580989 -0.231711386
v -0.083401891 0.106214013 -0.246237965
v -0.113243594 0.104580989 -0.231711386
v -0.077305704 0.126648051 -0.216864199
v -0.107024733 0.112704865 -0.207269790
v -0.107024733 0.112704865 -0.207269790
v -0.146160516 0.086468986 -0.214861500
v -0.113243594 0.104580989 -0.231711386
v -0.146160516 0.086468986 -0.214861500
v -0.107024733 0.112704865 -0.207269790
v -0.134265120 0.076801260 -0.194011172
v -0.146160516 0.086468986 -0.214861500
v -0.134265120 0.076801260 -0.194011172
v -0.191403807 0.078232186 -0.214464490
v -0.145850596 0.013409964 -0.219794888
v -0.129973813 0.034974656 -0.196557036
v -0.125976309 0.015161918 -0.213493077
v -0.129973813 0.034974656 -0.196557036
v -0.145850596 0.013409964 -0.219794888
v -0.141414798 0.027355498 -0.199243737
v -0.036053808 0.127799027 -0.223947603
v -0.077305704 0.126648051 -0.216864199
v -0.083401891 0.106214013 -0.246237965
v -0.050083357 0.127149368 -0.129984107
v -0.075773116 0.119053728 -0.133859641
v -0.056836606 0.135688064 -0.137050738
v -0.075773116 0.119053728 -0.133859641
v -0.050083357 0.127149368 -0.129984107
v -0.079190708 0.100061364 -0.131450080
v -0.093877406 0.100749380 -0.147478775
v -0.102814558 0.106234946 -0.177529363
v -0.084307835 0.126055551 -0.161089484
v -0.102814558 0.106234946 -0.177529363
v -0.107024733 0.112704865 -0.207269790
v -0.095914139 0.121629989 -0.190883258
v -0.107024733 0.112704865 -0.207269790
v -0.074446168 0.132922502 -0.202483004
v -0.095914139 0.121629989 -0.190883258
v -0.074446168 0.132922502 -0.202483004
v -0.107024733 0.112704865 -0.207269790
v -0.077305704 0.126648051 -0.216864199
v -0.077305704 0.126648051 -0.216864199
v -0.036053808 0.127799027 -0.223947603
v -0.045904481 0.132821558 -0.202621850
v -0.029134172 0.138816678 -0.184329576
v -0.039729349 0.141378534 -0.179702685
v -0.045904481 0.132821558 -0.202621850
v -0.019331225 0.132239423 -0.156935330
v -0.039729349 0.141378534 -0.179702685
v -0.029134172 0.138816678 -0.184329576
v -0.039729349 0.141378534 -0.179702685
v -0.019331225 0.132239423 -0.156935330
v -0.029469291 0.134510385 -0.151135673
v -0.050083357 0.127149368 -0.129984107
v -0.056836606 0.135688064 -0.137050738
v -0.029469291 0.134510385 -0.151135673
v -0.084307835 0.126055551 -0.161089484
v -0.075773116 0.119053728 -0.133859641
v -0.093877406 0.100749380 -0.147478775
v -0.099011590 0.084649391 -0.156633430
v -0.102814558 0.106234946 -0.177529363
v -0.093877406 0.100749380 -0.147478775
v -0.075773116 0.119053728 -0.133859641
v -0.079190708 0.100061364 -0.131450080
v -0.093877406 0.100749380 -0.147478775
v -0.020202403 0.016558165 -0.145915758
v -0.051530854 0.022213780 -0.097017702
v -0.013777959 0.010645485 -0.101907134
v -0.051530854 0.022213780 -0.097017702
v -0.020202403 0.016558165 -0.145915758
v -0.059664721 0.025895534 -0.133905796
v -0.040995714 0.012046673 -0.216058328
v -0.071836321 0.018739448 -0.166194436
v -0.024582364 0.016129697 -0.172468301
v -0.071836321 0.018739448 -0.166194436
v -0.040995714 0.012046673 -0.216058328
v -0.093321467 0.013620173 -0.213140984
v -0.122917531 0.018873984 -0.257278107
v -0.151790393 0.029659185 -0.266315542
v -0.145850596 0.013409964 -0.219794888
v -0.215863599 0.052136872 -0.157244940
v -0.241496166 0.071813701 -0.204325954
v -0.191403807 0.078232186 -0.214464490
v -0.151790393 0.029659185 -0.266315542
v -0.193346710 0.025487026 -0.235807273
v -0.145850596 0.013409964 -0.219794888
v -0.198054359 0.047259006 -0.238453071
v -0.193346710 0.025487026 -0.235807273
v -0.151790393 0.029659185 -0.266315542
v -0.029469291 0.134510385 -0.151135673
v -0.026422125 0.127995659 -0.142788150
v -0.050083357 0.127149368 -0.129984107
v -0.029134172 0.138816678 -0.184329576
v -0.013016300 0.131357428 -0.162366733
v -0.019331225 0.132239423 -0.156935330
v -0.013016300 0.131357428 -0.162366733
v -0.029134172 0.138816678 -0.184329576
v -0.021919768 0.137269411 -0.187503458
v -0.045904481 0.132821558 -0.202621850
v -0.021919768 0.137269411 -0.187503458
v -0.029134172 0.138816678 -0.184329576
v -0.029469291 0.134510385 -0.151135673
v -0.019331225 0.132239423 -0.156935330
v -0.026422125 0.127995659 -0.142788150
v -0.045904481 0.132821558 -0.202621850
v -0.036053808 0.127799027 -0.223947603
v -0.021919768 0.137269411 -0.187503458
v -0.045904481 0.132821558 -0.202621850
v -0.074446168 0.132922502 -0.202483004
v -0.077305704 0.126648051 -0.216864199
v -0.095914139 0.121629989 -0.190883258
v -0.084307835 0.126055551 -0.161089484
v -0.102814558 0.106234946 -0.177529363
v -0.117290299 0.076663767 -0.185948073
v -0.109500880 0.064094279 -0.182074197
v -0.129973813 0.034974656 -0.196557036
v -0.191403807 0.078232186 -0.214464490
v -0.134265120 0.076801260 -0.194011172
v -0.176365849 0.056512713 -0.176227952
v -0.176365849 0.056512713 -0.176227952
v -0.141414798 0.027355498 -0.199243737
v -0.174083130 0.004143036 -0.199638909
v -0.141414798 0.027355498 -0.199243737
v -0.176365849 0.056512713 -0.176227952
v -0.134265120 0.076801260 -0.194011172
v -0.220269581 -0.005724451 -0.185695687
v -0.174083130 0.004143036 -0.199638909
v -0.185375609 0.009757114 -0.222759669
v -0.145850596 0.013409964 -0.219794888
v -0.193346710 0.025487026 -0.235807273
v -0.185375609 0.009757114 -0.222759669
v -0.185375609 0.009757114 -0.222759669
v -0.242006955 0.021513788 -0.225075832
v -0.220269581 -0.005724451 -0.185695687
v -0.242006955 0.021513788 -0.225075832
v -0.185375609 0.009757114 -0.222759669
v -0.193346710 0.025487026 -0.235807273
v -0.125976309 0.015161918 -0.213493077
v -0.093321467 0.013620173 -0.213140984
v -0.122917531 0.018873984 -0.257278107
v -0.093321467 0.013620173 -0.213140984
v -0.125976309 0.015161918 -0.213493077
v -0.126688358 0.020874900 -0.202614717
v -0.124875602 0.087063365 -0.251115667
v -0.091171360 0.088831466 -0.274401654
v -0.083401891 0.106214013 -0.246237965
v -0.022936566 0.127584277 -0.144740990
v -0.039851302 0.128430244 -0.103425062
v -0.047424229 0.129901497 -0.133601324
v -0.039851302 0.128430244 -0.103425062
v -0.075651984 0.101777418 -0.127877841
v -0.047424229 0.129901497 -0.133601324
v -0.075651984 0.101777418 -0.127877841
v -0.039851302 0.128430244 -0.103425062
v -0.072340554 0.099105303 -0.099662061
v -0.085272429 0.062604422 -0.131225029
v -0.072340554 0.099105303 -0.099662061
v -0.075146910 0.058052683 -0.093707834
v -0.072340554 0.099105303 -0.099662061
v -0.085272429 0.062604422 -0.131225029
v -0.075651984 0.101777418 -0.127877841
v 0.004283102 0.127468912 -0.111309049
v -0.039851302 0.128430244 -0.103425062
v -0.022936566 0.127584277 -0.144740990
v -0.022936566 0.127584277 -0.144740990
v -0.013016300 0.131357428 -0.162366733
v 0.004283102 0.127468912 -0.111309049
v -0.019331225 0.132239423 -0.156935330
v -0.022936566 0.127584277 -0.144740990
v -0.026422125 0.127995659 -0.142788150
v -0.022936566 0.127584277 -0.144740990
v -0.019331225 0.132239423 -0.156935330
v -0.013016300 0.131357428 -0.162366733
v -0.099011590 0.084649391 -0.156633430
v -0.075651984 0.101777418 -0.127877841
v -0.100578203 0.061984544 -0.154007952
v -0.075651984 0.101777418 -0.127877841
v -0.099011590 0.084649391 -0.156633430
v -0.079190708 0.100061364 -0.131450080
v -0.074259728 0.123422546 -0.011240712
v -0.104197667 0.027714200 -0.009766438
v -0.103914660 0.092331463 -0.012012994
v -0.074259728 0.123422546 -0.011240712
v -0.073015153 -0.008156903 -0.003514664
v -0.104197667 0.027714200 -0.009766438
v -0.033053809 0.128695866 -0.008358553
v -0.073015153 -0.008156903 -0.003514664
v -0.074259728 0.123422546 -0.011240712
v -0.033053809 0.128695866 -0.008358553
v -0.026697539 -0.017869314 -0.001475627
v -0.073015153 -0.008156903 -0.003514664
v 0.077775846 -0.016904165 -0.007365616
v 0.082594345 0.086415168 -0.012362266
v 0.101310693 0.045833080 -0.011388130
v 0.018026429 -0.033299265 -0.003819380
v 0.082594345 0.086415168 -0.012362266
v 0.077775846 -0.016904165 -0.007365616
v 0.018026429 -0.033299265 -0.003819380
v 0.053929704 0.104674195 -0.008649687
v 0.082594345 0.086415168 -0.012362266
v -0.026697539 -0.017869314 -0.001475627
v 0.053929704 0.104674195 -0.008649687
v 0.018026429 -0.033299265 -0.003819380
v -0.026697539 -0.017869314 -0.001475627
v 0.012284690 0.123297053 -0.002306878
v 0.053929704 0.104674195 -0.008649687
v -0.033053809 0.128695866 -0.008358553
v 0.012284690 0.123297053 -0.002306878
v -0.026697539 -0.017869314 -0.001475627
v -0.070284781 0.042206008 -0.300714102
v -0.051310162 0.075388155 -0.255544428
v -0.095487357 0.051280396 -0.291316664
v -0.095487357 0.051280396 -0.291316664
v -0.051310162 0.075388155 -0.255544428
v -0.097498384 0.074956267 -0.287674693
v -0.097498384 0.074956267 -0.287674693
v -0.051310162 0.075388155 -0.255544428
v -0.091171360 0.088831466 -0.274401654
v -0.091171360 0.088831466 -0.274401654
v -0.051310162 0.075388155 -0.255544428
v -0.036053808 0.127799027 -0.223947603
v -0.031969388 0.084810259 -0.296316901
v -0.036053808 0.127799027 -0.223947603
v -0.051310162 0.075388155 -0.255544428
v -0.070284781 0.042206008 -0.300714102
v -0.044162014 0.047794197 -0.310316159
v -0.051310162 0.075388155 -0.255544428
v -0.037470940 0.070878991 -0.309895511
v -0.051310162 0.075388155 -0.255544428
v -0.044162014 0.047794197 -0.310316159
v -0.031969388 0.084810259 -0.296316901
v -0.051310162 0.075388155 -0.255544428
v -0.037470940 0.070878991 -0.309895511
v -0.396831100 -0.002051585 -0.123015104
v -0.399090101 0.049507104 -0.119161994
v -0.383432443 0.034425331 -0.093154260
v -0.399090101 0.049507104 -0.119161994
v -0.396831100 -0.002051585 -0.123015104
v -0.404666977 0.011053076 -0.139888417
v 0.070213478 0.104813681 -0.245769329
v 0.088168163 0.087415024 -0.199650834
v 0.055081722 0.076060707 -0.234772351
v 0.088168163 0.087415024 -0.199650834
v 0.070213478 0.104813681 -0.245769329
v 0.097776053 0.105120844 -0.210799729
vt 0.607613981 0.312407970
vt 0.536203027 0.308075011
vt 0.582162023 0.298696995
vt 0.598887980 0.366322994
vt 0.555342972 0.387392044
vt 0.553399026 0.364956975
vt 0.555342972 0.387392044
vt 0.598887980 0.366322994
vt 0.591901004 0.395612001
vt 0.753223002 0.238463998
vt 0.707886994 0.288816988
vt 0.697028995 0.253208041
vt 0.707886994 0.288816988
vt 0.753223002 0.238463998
vt 0.742295980 0.290917993
vt 0.666806996 0.543352008
vt 0.738160014 0.512664974
vt 0.741088986 0.536864996
vt 0.738160014 0.512664974
vt 0.666806996 0.543352008
vt 0.653144002 0.514953017
vt 0.578097999 0.527913988
vt 0.666806996 0.543352008
vt 0.617923975 0.550504982
vt 0.666806996 0.543352008
vt 0.578097999 0.527913988
vt 0.653144002 0.514953017
vt 0.543474019 0.530875027
vt 0.575740993 0.570487976
vt 0.538447976 0.574256003
vt 0.575740993 0.570487976
vt 0.543474019 0.530875027
vt 0.578097999 0.527913988
vt 0.553399026 0.364956975
vt 0.513493001 0.389403999
vt 0.514567971 0.368008018
vt 0.513493001 0.389403999
vt 0.553399026 0.364956975
vt 0.555342972 0.387392044
vt 0.741088986 0.536864996
vt 0.793744028 0.514645994
vt 0.793744028 0.552130997
vt 0.793744028 0.514645994
vt 0.741088986 0.536864996
vt 0.738160014 0.512664974
vt 0.737968028 0.441998959
vt 0.793174028 0.387587011
vt 0.792064011 0.436159968
vt 0.793174028 0.387587011
vt 0.737968028 0.441998959
vt 0.734070003 0.385779023
vt 0.741088986 0.536864996
vt 0.668416977 0.571828008
vt 0.666806996 0.543352008
vt 0.668416977 0.571828008
vt 0.741088986 0.536864996
vt 0.743741989 0.571488976
vt 0.666806996 0.543352008
vt 0.620562971 0.579429984
vt 0.617923975 0.550504982
vt 0.620562971 0.579429984
vt 0.666806996 0.543352008
vt 0.668416977 0.571828008
vt 0.736979008 0.490553975
vt 0.673708975 0.444527030
vt 0.737968028 0.441998959
vt 0.649137020 0.437250018
vt 0.595350981 0.446959972
vt 0.647917986 0.382986009
vt 0.598990023 0.433920026
vt 0.552788973 0.445852995
vt 0.553619027 0.440935016
vt 0.552788973 0.445852995
vt 0.598990023 0.433920026
vt 0.595350981 0.446959972
vt 0.552788973 0.445852995
vt 0.521327019 0.436501026
vt 0.553619027 0.440935016
vt 0.521327019 0.436501026
vt 0.552788973 0.445852995
vt 0.521516979 0.440953016
vt 0.863281012 0.105113983
vt 0.843750000 0.177734017
vt 0.844237983 0.124655008
vt 0.868164003 0.168945014
vt 0.845703006 0.250977039
vt 0.843750000 0.177734017
vt 0.845703006 0.250977039
vt 0.868164003 0.168945014
vt 0.868164003 0.243164003
vt 0.928710997 0.116178989
vt 0.957031012 0.144531012
vt 0.929687023 0.157226980
vt 0.957031012 0.144531012
vt 0.928710997 0.116178989
vt 0.956054986 0.113349974
vt 0.957031012 0.144531012
vt 0.928710997 0.224609017
vt 0.929687023 0.157226980
vt 0.928710997 0.224609017
vt 0.957031012 0.144531012
vt 0.951171994 0.231445014
vt 0.906455994 0.095600009
vt 0.928710997 0.116178989
vt 0.914062023 0.124616981
vt 0.928710997 0.116178989
vt 0.906455994 0.095600009
vt 0.927734017 0.092535019
vt 0.929687023 0.157226980
vt 0.895507991 0.232421994
vt 0.893554986 0.159179986
vt 0.895507991 0.232421994
vt 0.929687023 0.157226980
vt 0.928710997 0.224609017
vt 0.885742009 0.114257991
vt 0.893554986 0.159179986
vt 0.868164003 0.168945014
vt 0.893554986 0.159179986
vt 0.868164003 0.243164003
vt 0.868164003 0.168945014
vt 0.868164003 0.243164003
vt 0.893554986 0.159179986
vt 0.895507991 0.232421994
vt 0.868164003 0.286132991
vt 0.850585997 0.393554986
vt 0.846679986 0.293945014
vt 0.850585997 0.393554986
vt 0.868164003 0.286132991
vt 0.869140983 0.390625000
vt 0.869140983 0.390625000
vt 0.849609017 0.458984017
vt 0.850585997 0.393554986
vt 0.849609017 0.458984017
vt 0.869140983 0.390625000
vt 0.871093988 0.458007991
vt 0.950195014 0.274414003
vt 0.916992009 0.369140983
vt 0.925781012 0.271484017
vt 0.916992009 0.369140983
vt 0.950195014 0.274414003
vt 0.955078006 0.381835997
vt 0.955078006 0.381835997
vt 0.910156012 0.453125000
vt 0.916992009 0.369140983
vt 0.910156012 0.453125000
vt 0.955078006 0.381835997
vt 0.951171994 0.455078006
vt 0.925781012 0.271484017
vt 0.893554986 0.381835997
vt 0.896484017 0.276367009
vt 0.893554986 0.381835997
vt 0.925781012 0.271484017
vt 0.916992009 0.369140983
vt 0.916992009 0.369140983
vt 0.890625000 0.454102039
vt 0.893554986 0.381835997
vt 0.890625000 0.454102039
vt 0.916992009 0.369140983
vt 0.910156012 0.453125000
vt 0.896484017 0.276367009
vt 0.869140983 0.390625000
vt 0.868164003 0.286132991
vt 0.869140983 0.390625000
vt 0.896484017 0.276367009
vt 0.893554986 0.381835997
vt 0.893554986 0.381835997
vt 0.871093988 0.458007991
vt 0.869140983 0.390625000
vt 0.871093988 0.458007991
vt 0.893554986 0.381835997
vt 0.890625000 0.454102039
vt 0.895507991 0.232421994
vt 0.868164003 0.286132991
vt 0.868164003 0.243164003
vt 0.868164003 0.286132991
vt 0.895507991 0.232421994
vt 0.896484017 0.276367009
vt 0.868164003 0.243164003
vt 0.846679986 0.293945014
vt 0.845703006 0.250977039
vt 0.846679986 0.293945014
vt 0.868164003 0.243164003
vt 0.868164003 0.286132991
vt 0.928710997 0.224609017
vt 0.950195014 0.274414003
vt 0.925781012 0.271484017
vt 0.950195014 0.274414003
vt 0.928710997 0.224609017
vt 0.951171994 0.231445014
vt 0.925781012 0.271484017
vt 0.895507991 0.232421994
vt 0.928710997 0.224609017
vt 0.895507991 0.232421994
vt 0.925781012 0.271484017
vt 0.896484017 0.276367009
vt 0.895507991 0.072111011
vt 0.885742009 0.114257991
vt 0.888191998 0.072624981
vt 0.888191998 0.072624981
vt 0.902343988 0.020507991
vt 0.895507991 0.072111011
vt 0.902343988 0.020507991
vt 0.888191998 0.072624981
vt 0.885742009 0.021484017
vt 0.673708975 0.444527030
vt 0.734070003 0.385779023
vt 0.737968028 0.441998959
vt 0.734070003 0.385779023
vt 0.673708975 0.444527030
vt 0.695272028 0.381792009
vt 0.697028995 0.253208041
vt 0.726718009 0.226230979
vt 0.753223002 0.238463998
vt 0.871505022 0.084971011
vt 0.858398020 0.022460997
vt 0.869140983 0.021484017
vt 0.858398020 0.022460997
vt 0.871505022 0.084971011
vt 0.861688018 0.081054986
vt 0.863281012 0.105113983
vt 0.861688018 0.081054986
vt 0.871505022 0.084971011
vt 0.707886994 0.288816988
vt 0.742295980 0.290917993
vt 0.733277977 0.326631010
vt 0.733277977 0.326631010
vt 0.793013990 0.282948971
vt 0.792899013 0.341328025
vt 0.793013990 0.282948971
vt 0.733277977 0.326631010
vt 0.742295980 0.290917993
vt 0.895507991 0.072111011
vt 0.902343988 0.020507991
vt 0.913085997 0.056640983
vt 0.906455994 0.095600009
vt 0.913085997 0.056640983
vt 0.913085997 0.081054986
vt 0.927734017 0.092535019
vt 0.940891981 0.043945014
vt 0.955078006 0.076703012
vt 0.940891981 0.043945014
vt 0.927734017 0.092535019
vt 0.927734017 0.077148020
vt 0.953125000 0.023437977
vt 0.955078006 0.076703012
vt 0.940891981 0.043945014
vt 0.607545018 0.396968007
vt 0.622389972 0.390200019
vt 0.598990023 0.433920026
vt 0.647917986 0.382986009
vt 0.661548018 0.377261996
vt 0.649137020 0.437250018
vt 0.578097999 0.527913988
vt 0.617923975 0.550504982
vt 0.575740993 0.570487976
vt 0.617923975 0.550504982
vt 0.620562971 0.579429984
vt 0.575740993 0.570487976
vt 0.726718009 0.226230979
vt 0.697028995 0.253208041
vt 0.680526018 0.231020987
vt 0.536203027 0.308075011
vt 0.500020027 0.344007015
vt 0.530339003 0.293115020
vt 0.538447976 0.574256003
vt 0.500020027 0.531394005
vt 0.543474019 0.530875027
vt 0.500020027 0.531394005
vt 0.538447976 0.574256003
vt 0.500020027 0.577425003
vt 0.793744028 0.552130997
vt 0.743741989 0.571488976
vt 0.741088986 0.536864996
vt 0.743741989 0.571488976
vt 0.793744028 0.552130997
vt 0.793744028 0.574527025
vt 0.793006003 0.254356027
vt 0.793013990 0.282948971
vt 0.742295980 0.290917993
vt 0.500020027 0.484166980
vt 0.543474019 0.530875027
vt 0.500020027 0.531394005
vt 0.543474019 0.530875027
vt 0.500020027 0.484166980
vt 0.551288009 0.483273029
vt 0.551288009 0.483273029
vt 0.578097999 0.527913988
vt 0.543474019 0.530875027
vt 0.578097999 0.527913988
vt 0.551288009 0.483273029
vt 0.583743989 0.482629001
vt 0.583743989 0.482629001
vt 0.653144002 0.514953017
vt 0.578097999 0.527913988
vt 0.653144002 0.514953017
vt 0.583743989 0.482629001
vt 0.652957022 0.490752995
vt 0.653144002 0.514953017
vt 0.736979008 0.490553975
vt 0.738160014 0.512664974
vt 0.736979008 0.490553975
vt 0.653144002 0.514953017
vt 0.652957022 0.490752995
vt 0.738160014 0.512664974
vt 0.793686986 0.491881967
vt 0.793744028 0.514645994
vt 0.793686986 0.491881967
vt 0.738160014 0.512664974
vt 0.736979008 0.490553975
vt 0.581135988 0.256965041
vt 0.584114015 0.276551008
vt 0.530339003 0.293115020
vt 0.530339003 0.293115020
vt 0.584114015 0.276551008
vt 0.582162023 0.298696995
vt 0.869140983 0.021484017
vt 0.888191998 0.072624981
vt 0.871505022 0.084971011
vt 0.888191998 0.072624981
vt 0.869140983 0.021484017
vt 0.885742009 0.021484017
vt 0.888191998 0.072624981
vt 0.863281012 0.105113983
vt 0.871505022 0.084971011
vt 0.863281012 0.105113983
vt 0.888191998 0.072624981
vt 0.885742009 0.114257991
vt 0.885742009 0.114257991
vt 0.868164003 0.168945014
vt 0.863281012 0.105113983
vt 0.893554986 0.159179986
vt 0.885742009 0.114257991
vt 0.895425975 0.108398020
vt 0.652957022 0.490752995
vt 0.649137020 0.437250018
vt 0.673708975 0.444527030
vt 0.709439993 0.328637004
vt 0.675659001 0.331773996
vt 0.701475978 0.317799985
vt 0.661548018 0.377261996
vt 0.673708975 0.444527030
vt 0.649137020 0.437250018
vt 0.673708975 0.444527030
vt 0.661548018 0.377261996
vt 0.695272028 0.381792009
vt 0.673708975 0.444527030
vt 0.736979008 0.490553975
vt 0.652957022 0.490752995
vt 0.793006003 0.254356027
vt 0.742295980 0.290917993
vt 0.753223002 0.238463998
vt 0.733277977 0.326631010
vt 0.695272028 0.381792009
vt 0.709439993 0.328637004
vt 0.695272028 0.381792009
vt 0.733277977 0.326631010
vt 0.734070003 0.385779023
vt 0.695272028 0.381792009
vt 0.675659001 0.331773996
vt 0.709439993 0.328637004
vt 0.675659001 0.331773996
vt 0.695272028 0.381792009
vt 0.661548018 0.377261996
vt 0.675659001 0.331773996
vt 0.647917986 0.382986009
vt 0.643145978 0.348610044
vt 0.647917986 0.382986009
vt 0.675659001 0.331773996
vt 0.661548018 0.377261996
vt 0.643145978 0.348610044
vt 0.622389972 0.390200019
vt 0.627256989 0.348127961
vt 0.622389972 0.390200019
vt 0.643145978 0.348610044
vt 0.647917986 0.382986009
vt 0.608308971 0.382333040
vt 0.627256989 0.348127961
vt 0.622389972 0.390200019
vt 0.627256989 0.348127961
vt 0.608308971 0.382333040
vt 0.607674003 0.338801026
vt 0.518435001 0.421985030
vt 0.555342972 0.387392044
vt 0.561214030 0.420310020
vt 0.555342972 0.387392044
vt 0.518435001 0.421985030
vt 0.513493001 0.389403999
vt 0.561214030 0.420310020
vt 0.591901004 0.395612001
vt 0.586063027 0.416527033
vt 0.591901004 0.395612001
vt 0.561214030 0.420310020
vt 0.555342972 0.387392044
vt 0.544194996 0.339758992
vt 0.607613981 0.312407970
vt 0.607674003 0.338801026
vt 0.607613981 0.312407970
vt 0.544194996 0.339758992
vt 0.536203027 0.308075011
vt 0.848632991 0.022460997
vt 0.861688018 0.081054986
vt 0.850277007 0.092405975
vt 0.861688018 0.081054986
vt 0.848632991 0.022460997
vt 0.858398020 0.022460997
vt 0.861688018 0.081054986
vt 0.863281012 0.105113983
vt 0.850277007 0.092405975
vt 0.906455994 0.095600009
vt 0.927734017 0.077148020
vt 0.927734017 0.092535019
vt 0.927734017 0.077148020
vt 0.906455994 0.095600009
vt 0.913085997 0.081054986
vt 0.500020027 0.344007015
vt 0.536203027 0.308075011
vt 0.544194996 0.339758992
vt 0.553619027 0.440935016
vt 0.586063027 0.416527033
vt 0.598990023 0.433920026
vt 0.586063027 0.416527033
vt 0.553619027 0.440935016
vt 0.561214030 0.420310020
vt 0.607545018 0.396968007
vt 0.591901004 0.395612001
vt 0.608308971 0.382333040
vt 0.608308971 0.382333040
vt 0.598887980 0.366322994
vt 0.607674003 0.338801026
vt 0.607674003 0.338801026
vt 0.553399026 0.364956975
vt 0.544194996 0.339758992
vt 0.553399026 0.364956975
vt 0.607674003 0.338801026
vt 0.598887980 0.366322994
vt 0.544194996 0.339758992
vt 0.514567971 0.368008018
vt 0.500020027 0.344007015
vt 0.507817984 0.390664995
vt 0.514567971 0.368008018
vt 0.513493001 0.389403999
vt 0.508276999 0.422407985
vt 0.513493001 0.389403999
vt 0.518435001 0.421985030
vt 0.513493001 0.389403999
vt 0.508276999 0.422407985
vt 0.507817984 0.390664995
vt 0.553619027 0.440935016
vt 0.518435001 0.421985030
vt 0.561214030 0.420310020
vt 0.591901004 0.395612001
vt 0.607545018 0.396968007
vt 0.586063027 0.416527033
vt 0.622389972 0.390200019
vt 0.607545018 0.396968007
vt 0.608308971 0.382333040
vt 0.586063027 0.416527033
vt 0.607545018 0.396968007
vt 0.598990023 0.433920026
vt 0.792064011 0.436159968
vt 0.736979008 0.490553975
vt 0.737968028 0.441998959
vt 0.736979008 0.490553975
vt 0.792064011 0.436159968
vt 0.793686986 0.491881967
vt 0.792899013 0.341328025
vt 0.734070003 0.385779023
vt 0.733277977 0.326631010
vt 0.734070003 0.385779023
vt 0.792899013 0.341328025
vt 0.793174028 0.387587011
vt 0.913085997 0.056640983
vt 0.906455994 0.095600009
vt 0.895507991 0.072111011
vt 0.843750000 0.177734017
vt 0.863281012 0.105113983
vt 0.868164003 0.168945014
vt 0.895507991 0.072111011
vt 0.906455994 0.095600009
vt 0.895425975 0.108398020
vt 0.885742009 0.114257991
vt 0.895507991 0.072111011
vt 0.895425975 0.108398020
vt 0.518435001 0.421985030
vt 0.553619027 0.440935016
vt 0.521327019 0.436501026
vt 0.507817984 0.390664995
vt 0.500020027 0.430009961
vt 0.500020027 0.391445041
vt 0.500020027 0.430009961
vt 0.507817984 0.390664995
vt 0.508276999 0.422407985
vt 0.514567971 0.368008018
vt 0.507817984 0.390664995
vt 0.500020027 0.391445041
vt 0.518435001 0.421985030
vt 0.521327019 0.436501026
vt 0.508276999 0.422407985
vt 0.514567971 0.368008018
vt 0.500020027 0.391445041
vt 0.500020027 0.344007015
vt 0.514567971 0.368008018
vt 0.544194996 0.339758992
vt 0.553399026 0.364956975
vt 0.598887980 0.366322994
vt 0.608308971 0.382333040
vt 0.591901004 0.395612001
vt 0.940891981 0.043945014
vt 0.927734017 0.077148020
vt 0.924804986 0.056640983
vt 0.863281012 0.105113983
vt 0.844237983 0.124655008
vt 0.850277007 0.092405975
vt 0.956054986 0.113349974
vt 0.927734017 0.092535019
vt 0.955078006 0.076703012
vt 0.927734017 0.092535019
vt 0.956054986 0.113349974
vt 0.928710997 0.116178989
vt 0.929687023 0.157226980
vt 0.914062023 0.124616981
vt 0.928710997 0.116178989
vt 0.906455994 0.095600009
vt 0.914062023 0.124616981
vt 0.895425975 0.108398020
vt 0.914062023 0.124616981
vt 0.893554986 0.159179986
vt 0.895425975 0.108398020
vt 0.893554986 0.159179986
vt 0.914062023 0.124616981
vt 0.929687023 0.157226980
vt 0.701475978 0.317799985
vt 0.733277977 0.326631010
vt 0.709439993 0.328637004
vt 0.733277977 0.326631010
vt 0.701475978 0.317799985
vt 0.707886994 0.288816988
vt 0.582162023 0.298696995
vt 0.536203027 0.308075011
vt 0.530339003 0.293115020
vt 0.521516979 0.440953016
vt 0.552788973 0.445852995
vt 0.551288009 0.483273029
vt 0.551288009 0.483273029
vt 0.595350981 0.446959972
vt 0.583743989 0.482629001
vt 0.595350981 0.446959972
vt 0.551288009 0.483273029
vt 0.552788973 0.445852995
vt 0.649137020 0.437250018
vt 0.583743989 0.482629001
vt 0.595350981 0.446959972
vt 0.583743989 0.482629001
vt 0.649137020 0.437250018
vt 0.652957022 0.490752995
vt 0.500020027 0.484166980
vt 0.521516979 0.440953016
vt 0.551288009 0.483273029
vt 0.521516979 0.440953016
vt 0.500020027 0.484166980
vt 0.500020027 0.430009961
vt 0.508276999 0.422407985
vt 0.521516979 0.440953016
vt 0.500020027 0.430009961
vt 0.521516979 0.440953016
vt 0.508276999 0.422407985
vt 0.521327019 0.436501026
vt 0.622389972 0.390200019
vt 0.595350981 0.446959972
vt 0.598990023 0.433920026
vt 0.595350981 0.446959972
vt 0.622389972 0.390200019
vt 0.647917986 0.382986009
vt 0.392425001 0.312407970
vt 0.417878002 0.298696995
vt 0.463836014 0.308075011
vt 0.401152015 0.366322994
vt 0.445286006 0.386250973
vt 0.408722997 0.392678022
vt 0.445286006 0.386250973
vt 0.401152015 0.366322994
vt 0.446640998 0.364956975
vt 0.246815994 0.240648031
vt 0.292151988 0.288816988
vt 0.257743001 0.290917993
vt 0.292151988 0.288816988
vt 0.246815994 0.240648031
vt 0.303011000 0.253208041
vt 0.333232999 0.543352008
vt 0.261880010 0.512664974
vt 0.346895993 0.514953017
vt 0.261880010 0.512664974
vt 0.333232999 0.543352008
vt 0.258951008 0.536864996
vt 0.421941996 0.527913988
vt 0.333232999 0.543352008
vt 0.346895993 0.514953017
vt 0.333232999 0.543352008
vt 0.421941996 0.527913988
vt 0.382115990 0.550504982
vt 0.456566006 0.530875027
vt 0.424299002 0.570487976
vt 0.421941996 0.527913988
vt 0.424299002 0.570487976
vt 0.456566006 0.530875027
vt 0.461591005 0.574256003
vt 0.446640998 0.364956975
vt 0.485523999 0.389380991
vt 0.445286006 0.386250973
vt 0.485523999 0.389380991
vt 0.446640998 0.364956975
vt 0.485471994 0.368008018
vt 0.258951008 0.536864996
vt 0.206295997 0.514645994
vt 0.261880010 0.512664974
vt 0.206295997 0.514645994
vt 0.258951008 0.536864996
vt 0.206295997 0.552130997
vt 0.262071997 0.441998959
vt 0.206865996 0.387587011
vt 0.265969008 0.385779023
vt 0.206865996 0.387587011
vt 0.262071997 0.441998959
vt 0.207975000 0.436159968
vt 0.258951008 0.536864996
vt 0.331622988 0.571828008
vt 0.256298006 0.571488976
vt 0.331622988 0.571828008
vt 0.258951008 0.536864996
vt 0.333232999 0.543352008
vt 0.333232999 0.543352008
vt 0.379476994 0.579429984
vt 0.331622988 0.571828008
vt 0.379476994 0.579429984
vt 0.333232999 0.543352008
vt 0.382115990 0.550504982
vt 0.263060004 0.490553975
vt 0.262071997 0.441998959
vt 0.326330990 0.444527030
vt 0.350901991 0.437250018
vt 0.352122009 0.382986009
vt 0.404689014 0.446959972
vt 0.401048988 0.433920026
vt 0.447250992 0.445852995
vt 0.404689014 0.446959972
vt 0.447250992 0.445852995
vt 0.401048988 0.433920026
vt 0.446420997 0.440935016
vt 0.447250992 0.445852995
vt 0.478713006 0.436501026
vt 0.478522986 0.440953016
vt 0.478713006 0.436501026
vt 0.447250992 0.445852995
vt 0.446420997 0.440935016
vt 0.136758000 0.105113983
vt 0.155800998 0.124655008
vt 0.156289995 0.177734017
vt 0.131876007 0.168945014
vt 0.154337004 0.250977039
vt 0.131876007 0.243164003
vt 0.154337004 0.250977039
vt 0.131876007 0.168945014
vt 0.156289995 0.177734017
vt 0.071328998 0.116178989
vt 0.043008000 0.144531012
vt 0.043985002 0.113349974
vt 0.043008000 0.144531012
vt 0.071328998 0.116178989
vt 0.070352003 0.157226980
vt 0.043008000 0.144531012
vt 0.071328998 0.224609017
vt 0.048868001 0.231445014
vt 0.071328998 0.224609017
vt 0.043008000 0.144531012
vt 0.070352003 0.157226980
vt 0.093584001 0.095600009
vt 0.071328998 0.116178989
vt 0.072305001 0.092535019
vt 0.071328998 0.116178989
vt 0.093584001 0.095600009
vt 0.085977003 0.124616981
vt 0.070352003 0.157226980
vt 0.104532003 0.232421994
vt 0.071328998 0.224609017
vt 0.104532003 0.232421994
vt 0.070352003 0.157226980
vt 0.106485002 0.159179986
vt 0.114298001 0.114257991
vt 0.131876007 0.168945014
vt 0.106485002 0.159179986
vt 0.106485002 0.159179986
vt 0.131876007 0.243164003
vt 0.104532003 0.232421994
vt 0.131876007 0.243164003
vt 0.106485002 0.159179986
vt 0.131876007 0.168945014
vt 0.131876007 0.286132991
vt 0.149453998 0.393554986
vt 0.130898997 0.390625000
vt 0.149453998 0.393554986
vt 0.131876007 0.286132991
vt 0.153359994 0.293945014
vt 0.130898997 0.390625000
vt 0.150429994 0.458984017
vt 0.128946006 0.458007991
vt 0.150429994 0.458984017
vt 0.130898997 0.390625000
vt 0.149453998 0.393554986
vt 0.049844000 0.274414003
vt 0.083048001 0.369140983
vt 0.044962000 0.381835997
vt 0.083048001 0.369140983
vt 0.049844000 0.274414003
vt 0.074258000 0.271484017
vt 0.044962000 0.381835997
vt 0.089883000 0.453125000
vt 0.048868001 0.455078006
vt 0.089883000 0.453125000
vt 0.044962000 0.381835997
vt 0.083048001 0.369140983
vt 0.074258000 0.271484017
vt 0.106485002 0.381835997
vt 0.083048001 0.369140983
vt 0.106485002 0.381835997
vt 0.074258000 0.271484017
vt 0.103555001 0.276367009
vt 0.083048001 0.369140983
vt 0.109415002 0.454102039
vt 0.089883000 0.453125000
vt 0.109415002 0.454102039
vt 0.083048001 0.369140983
vt 0.106485002 0.381835997
vt 0.103555001 0.276367009
vt 0.130898997 0.390625000
vt 0.106485002 0.381835997
vt 0.130898997 0.390625000
vt 0.103555001 0.276367009
vt 0.131876007 0.286132991
vt 0.106485002 0.381835997
vt 0.128946006 0.458007991
vt 0.109415002 0.454102039
vt 0.128946006 0.458007991
vt 0.106485002 0.381835997
vt 0.130898997 0.390625000
vt 0.104532003 0.232421994
vt 0.131876007 0.286132991
vt 0.103555001 0.276367009
vt 0.131876007 0.286132991
vt 0.104532003 0.232421994
vt 0.131876007 0.243164003
vt 0.131876007 0.243164003
vt 0.153359994 0.293945014
vt 0.131876007 0.286132991
vt 0.153359994 0.293945014
vt 0.131876007 0.243164003
vt 0.154337004 0.250977039
vt 0.071328998 0.224609017
vt 0.049844000 0.274414003
vt 0.048868001 0.231445014
vt 0.049844000 0.274414003
vt 0.071328998 0.224609017
vt 0.074258000 0.271484017
vt 0.074258000 0.271484017
vt 0.104532003 0.232421994
vt 0.103555001 0.276367009
vt 0.104532003 0.232421994
vt 0.074258000 0.271484017
vt 0.071328998 0.224609017
vt 0.104532003 0.072111011
vt 0.111846998 0.072624981
vt 0.114298001 0.114257991
vt 0.111846998 0.072624981
vt 0.097695999 0.020507991
vt 0.114298001 0.021484017
vt 0.097695999 0.020507991
vt 0.111846998 0.072624981
vt 0.104532003 0.072111011
vt 0.326330990 0.444527030
vt 0.265969008 0.385779023
vt 0.304767013 0.381792009
vt 0.265969008 0.385779023
vt 0.326330990 0.444527030
vt 0.262071997 0.441998959
vt 0.303011000 0.253208041
vt 0.246815994 0.240648031
vt 0.273321003 0.228215992
vt 0.128535002 0.084971011
vt 0.141641006 0.022460997
vt 0.138352007 0.081054986
vt 0.141641006 0.022460997
vt 0.128535002 0.084971011
vt 0.130898997 0.021484017
vt 0.136758000 0.105113983
vt 0.128535002 0.084971011
vt 0.138352007 0.081054986
vt 0.292151988 0.288816988
vt 0.266761988 0.326631010
vt 0.257743001 0.290917993
vt 0.266761988 0.326631010
vt 0.207026005 0.282948971
vt 0.257743001 0.290917993
vt 0.207026005 0.282948971
vt 0.266761988 0.326631010
vt 0.207139999 0.341328025
vt 0.104532003 0.072111011
vt 0.086953998 0.056640983
vt 0.097695999 0.020507991
vt 0.093584001 0.095600009
vt 0.086953998 0.081054986
vt 0.086953998 0.056640983
vt 0.072305001 0.092535019
vt 0.059147999 0.043945014
vt 0.072305001 0.077148020
vt 0.059147999 0.043945014
vt 0.072305001 0.092535019
vt 0.044962000 0.076703012
vt 0.046914998 0.023437977
vt 0.059147999 0.043945014
vt 0.044962000 0.076703012
vt 0.392495006 0.396968007
vt 0.401048988 0.433920026
vt 0.377649009 0.390200019
vt 0.352122009 0.382986009
vt 0.350901991 0.437250018
vt 0.338492006 0.377261996
vt 0.421941996 0.527913988
vt 0.424299002 0.570487976
vt 0.382115990 0.550504982
vt 0.382115990 0.550504982
vt 0.424299002 0.570487976
vt 0.379476994 0.579429984
vt 0.273321003 0.228215992
vt 0.319514006 0.231020987
vt 0.303011000 0.253208041
vt 0.463836014 0.308075011
vt 0.467880011 0.297829986
vt 0.500020027 0.344007015
vt 0.461591005 0.574256003
vt 0.500020027 0.531394005
vt 0.500020027 0.577425003
vt 0.500020027 0.531394005
vt 0.461591005 0.574256003
vt 0.456566006 0.530875027
vt 0.206295997 0.552130997
vt 0.256298006 0.571488976
vt 0.206295997 0.574527025
vt 0.256298006 0.571488976
vt 0.206295997 0.552130997
vt 0.258951008 0.536864996
vt 0.207032993 0.254356027
vt 0.257743001 0.290917993
vt 0.207026005 0.282948971
vt 0.500020027 0.484166980
vt 0.456566006 0.530875027
vt 0.448751986 0.483273029
vt 0.456566006 0.530875027
vt 0.500020027 0.484166980
vt 0.500020027 0.531394005
vt 0.448751986 0.483273029
vt 0.421941996 0.527913988
vt 0.416294992 0.482629001
vt 0.421941996 0.527913988
vt 0.448751986 0.483273029
vt 0.456566006 0.530875027
vt 0.416294992 0.482629001
vt 0.346895993 0.514953017
vt 0.347081989 0.490752995
vt 0.346895993 0.514953017
vt 0.416294992 0.482629001
vt 0.421941996 0.527913988
vt 0.346895993 0.514953017
vt 0.263060004 0.490553975
vt 0.347081989 0.490752995
vt 0.263060004 0.490553975
vt 0.346895993 0.514953017
vt 0.261880010 0.512664974
vt 0.261880010 0.512664974
vt 0.206352994 0.491881967
vt 0.263060004 0.490553975
vt 0.206352994 0.491881967
vt 0.261880010 0.512664974
vt 0.206295997 0.514645994
vt 0.415926009 0.277790010
vt 0.467880011 0.297829986
vt 0.415926009 0.277790010
vt 0.467880011 0.297829986
vt 0.417878002 0.298696995
vt 0.415926009 0.277790010
vt 0.130898997 0.021484017
vt 0.111846998 0.072624981
vt 0.114298001 0.021484017
vt 0.111846998 0.072624981
vt 0.130898997 0.021484017
vt 0.128535002 0.084971011
vt 0.136758000 0.105113983
vt 0.111846998 0.072624981
vt 0.128535002 0.084971011
vt 0.111846998 0.072624981
vt 0.136758000 0.105113983
vt 0.114298001 0.114257991
vt 0.114298001 0.114257991
vt 0.136758000 0.105113983
vt 0.131876007 0.168945014
vt 0.106485002 0.159179986
vt 0.104613997 0.108398020
vt 0.114298001 0.114257991
vt 0.347081989 0.490752995
vt 0.326330990 0.444527030
vt 0.350901991 0.437250018
vt 0.290598989 0.328637004
vt 0.298563987 0.317799985
vt 0.324380994 0.331773996
vt 0.338492006 0.377261996
vt 0.326330990 0.444527030
vt 0.304767013 0.381792009
vt 0.326330990 0.444527030
vt 0.338492006 0.377261996
vt 0.350901991 0.437250018
vt 0.326330990 0.444527030
vt 0.347081989 0.490752995
vt 0.263060004 0.490553975
vt 0.207032993 0.254356027
vt 0.246815994 0.240648031
vt 0.257743001 0.290917993
vt 0.266761988 0.326631010
vt 0.304767013 0.381792009
vt 0.265969008 0.385779023
vt 0.304767013 0.381792009
vt 0.266761988 0.326631010
vt 0.290598989 0.328637004
vt 0.304767013 0.381792009
vt 0.324380994 0.331773996
vt 0.338492006 0.377261996
vt 0.324380994 0.331773996
vt 0.304767013 0.381792009
vt 0.290598989 0.328637004
vt 0.324380994 0.331773996
vt 0.352122009 0.382986009
vt 0.338492006 0.377261996
vt 0.352122009 0.382986009
vt 0.324380994 0.331773996
vt 0.356893986 0.348610044
vt 0.356893986 0.348610044
vt 0.377649009 0.390200019
vt 0.352122009 0.382986009
vt 0.377649009 0.390200019
vt 0.356893986 0.348610044
vt 0.372781992 0.348127961
vt 0.391730011 0.382333040
vt 0.372781992 0.348127961
vt 0.392365992 0.338801026
vt 0.372781992 0.348127961
vt 0.391730011 0.382333040
vt 0.377649009 0.390200019
vt 0.481996000 0.421867013
vt 0.445286006 0.386250973
vt 0.485523999 0.389380991
vt 0.445286006 0.386250973
vt 0.481996000 0.421867013
vt 0.438753009 0.422096014
vt 0.438753009 0.422096014
vt 0.408722997 0.392678022
vt 0.445286006 0.386250973
vt 0.408722997 0.392678022
vt 0.438753009 0.422096014
vt 0.413928002 0.418336034
vt 0.455844015 0.339758992
vt 0.392425001 0.312407970
vt 0.463836014 0.308075011
vt 0.392425001 0.312407970
vt 0.455844015 0.339758992
vt 0.392365992 0.338801026
vt 0.151407003 0.022460997
vt 0.138352007 0.081054986
vt 0.141641006 0.022460997
vt 0.138352007 0.081054986
vt 0.151407003 0.022460997
vt 0.149762005 0.092405975
vt 0.138352007 0.081054986
vt 0.149762005 0.092405975
vt 0.136758000 0.105113983
vt 0.093584001 0.095600009
vt 0.072305001 0.077148020
vt 0.086953998 0.081054986
vt 0.072305001 0.077148020
vt 0.093584001 0.095600009
vt 0.072305001 0.092535019
vt 0.500020027 0.344007015
vt 0.455844015 0.339758992
vt 0.463836014 0.308075011
vt 0.446420997 0.440935016
vt 0.413928002 0.418336034
vt 0.438753009 0.422096014
vt 0.413928002 0.418336034
vt 0.446420997 0.440935016
vt 0.401048988 0.433920026
vt 0.392495006 0.396968007
vt 0.391730011 0.382333040
vt 0.408722997 0.392678022
vt 0.391730011 0.382333040
vt 0.392365992 0.338801026
vt 0.401152015 0.366322994
vt 0.392365992 0.338801026
vt 0.446640998 0.364956975
vt 0.401152015 0.366322994
vt 0.446640998 0.364956975
vt 0.392365992 0.338801026
vt 0.455844015 0.339758992
vt 0.455844015 0.339758992
vt 0.500020027 0.344007015
vt 0.485471994 0.368008018
vt 0.492222011 0.390664995
vt 0.485523999 0.389380991
vt 0.485471994 0.368008018
vt 0.491762996 0.422407985
vt 0.485523999 0.389380991
vt 0.492222011 0.390664995
vt 0.485523999 0.389380991
vt 0.491762996 0.422407985
vt 0.481996000 0.421867013
vt 0.446420997 0.440935016
vt 0.438753009 0.422096014
vt 0.481996000 0.421867013
vt 0.408722997 0.392678022
vt 0.413928002 0.418336034
vt 0.392495006 0.396968007
vt 0.377649009 0.390200019
vt 0.391730011 0.382333040
vt 0.392495006 0.396968007
vt 0.413928002 0.418336034
vt 0.401048988 0.433920026
vt 0.392495006 0.396968007
vt 0.207975000 0.436159968
vt 0.263060004 0.490553975
vt 0.206352994 0.491881967
vt 0.263060004 0.490553975
vt 0.207975000 0.436159968
vt 0.262071997 0.441998959
vt 0.207139999 0.341328025
vt 0.265969008 0.385779023
vt 0.206865996 0.387587011
vt 0.265969008 0.385779023
vt 0.207139999 0.341328025
vt 0.266761988 0.326631010
vt 0.086953998 0.056640983
vt 0.104532003 0.072111011
vt 0.093584001 0.095600009
vt 0.156289995 0.177734017
vt 0.131876007 0.168945014
vt 0.136758000 0.105113983
vt 0.104532003 0.072111011
vt 0.104613997 0.108398020
vt 0.093584001 0.095600009
vt 0.114298001 0.114257991
vt 0.104613997 0.108398020
vt 0.104532003 0.072111011
vt 0.481996000 0.421867013
vt 0.478713006 0.436501026
vt 0.446420997 0.440935016
vt 0.492222011 0.390664995
vt 0.500020027 0.430009961
vt 0.491762996 0.422407985
vt 0.500020027 0.430009961
vt 0.492222011 0.390664995
vt 0.500020027 0.391445041
vt 0.485471994 0.368008018
vt 0.500020027 0.391445041
vt 0.492222011 0.390664995
vt 0.481996000 0.421867013
vt 0.491762996 0.422407985
vt 0.478713006 0.436501026
vt 0.485471994 0.368008018
vt 0.500020027 0.344007015
vt 0.500020027 0.391445041
vt 0.485471994 0.368008018
vt 0.446640998 0.364956975
vt 0.455844015 0.339758992
vt 0.401152015 0.366322994
vt 0.408722997 0.392678022
vt 0.391730011 0.382333040
vt 0.059147999 0.043945014
vt 0.075235002 0.056640983
vt 0.072305001 0.077148020
vt 0.136758000 0.105113983
vt 0.149762005 0.092405975
vt 0.155800998 0.124655008
vt 0.043985002 0.113349974
vt 0.072305001 0.092535019
vt 0.071328998 0.116178989
vt 0.072305001 0.092535019
vt 0.043985002 0.113349974
vt 0.044962000 0.076703012
vt 0.070352003 0.157226980
vt 0.071328998 0.116178989
vt 0.085977003 0.124616981
vt 0.093584001 0.095600009
vt 0.104613997 0.108398020
vt 0.085977003 0.124616981
vt 0.085977003 0.124616981
vt 0.106485002 0.159179986
vt 0.070352003 0.157226980
vt 0.106485002 0.159179986
vt 0.085977003 0.124616981
vt 0.104613997 0.108398020
vt 0.298563987 0.317799985
vt 0.266761988 0.326631010
vt 0.292151988 0.288816988
vt 0.266761988 0.326631010
vt 0.298563987 0.317799985
vt 0.290598989 0.328637004
vt 0.417878002 0.298696995
vt 0.467880011 0.297829986
vt 0.463836014 0.308075011
vt 0.478522986 0.440953016
vt 0.448751986 0.483273029
vt 0.447250992 0.445852995
vt 0.448751986 0.483273029
vt 0.404689014 0.446959972
vt 0.447250992 0.445852995
vt 0.404689014 0.446959972
vt 0.448751986 0.483273029
vt 0.416294992 0.482629001
vt 0.350901991 0.437250018
vt 0.416294992 0.482629001
vt 0.347081989 0.490752995
vt 0.416294992 0.482629001
vt 0.350901991 0.437250018
vt 0.404689014 0.446959972
vt 0.500020027 0.484166980
vt 0.448751986 0.483273029
vt 0.478522986 0.440953016
vt 0.478522986 0.440953016
vt 0.500020027 0.430009961
vt 0.500020027 0.484166980
vt 0.491762996 0.422407985
vt 0.478522986 0.440953016
vt 0.478713006 0.436501026
vt 0.478522986 0.440953016
vt 0.491762996 0.422407985
vt 0.500020027 0.430009961
vt 0.377649009 0.390200019
vt 0.404689014 0.446959972
vt 0.352122009 0.382986009
vt 0.404689014 0.446959972
vt 0.377649009 0.390200019
vt 0.401048988 0.433920026
vt 0.424299002 0.570487976
vt 0.331622988 0.571828008
vt 0.379476994 0.579429984
vt 0.424299002 0.570487976
vt 0.256298006 0.571488976
vt 0.331622988 0.571828008
vt 0.461591005 0.574256003
vt 0.256298006 0.571488976
vt 0.424299002 0.570487976
vt 0.461591005 0.574256003
vt 0.206295997 0.574527025
vt 0.256298006 0.571488976
vt 0.668416977 0.571828008
vt 0.575740993 0.570487976
vt 0.620562971 0.579429984
vt 0.743741989 0.571488976
vt 0.575740993 0.570487976
vt 0.668416977 0.571828008
vt 0.743741989 0.571488976
vt 0.538447976 0.574256003
vt 0.575740993 0.570487976
vt 0.206295997 0.574527025
vt 0.538447976 0.574256003
vt 0.743741989 0.571488976
vt 0.206295997 0.574527025
vt 0.500020027 0.577425003
vt 0.538447976 0.574256003
vt 0.461591005 0.574256003
vt 0.500020027 0.577425003
vt 0.206295997 0.574527025
vt 0.207032993 0.254356027
vt 0.238876998 0.268757999
vt 0.246815994 0.240648031
vt 0.246815994 0.240648031
vt 0.266016990 0.252318978
vt 0.273321003 0.228215992
vt 0.415926009 0.277790010
vt 0.429919988 0.302873969
vt 0.467880011 0.297829986
vt 0.467880011 0.297829986
vt 0.472306013 0.333081007
vt 0.500020027 0.344007015
vt 0.530339003 0.293115020
vt 0.500020027 0.344007015
vt 0.524932027 0.334006011
vt 0.793006003 0.254356027
vt 0.753223002 0.238463998
vt 0.756350994 0.273648024
vt 0.726718009 0.226230979
vt 0.722249985 0.259737015
vt 0.753223002 0.238463998
vt 0.530339003 0.293115020
vt 0.562551975 0.289718032
vt 0.581135988 0.256965041
vt 0.089883000 0.453125000
vt 0.128946006 0.458007991
vt 0.150429994 0.458984017
vt 0.128946006 0.458007991
vt 0.089883000 0.453125000
vt 0.109415002 0.454102039
vt 0.871093988 0.458007991
vt 0.910156012 0.453125000
vt 0.849609017 0.458984017
vt 0.910156012 0.453125000
vt 0.871093988 0.458007991
vt 0.890625000 0.454102039
vn -0.019958386 0.963320100 -0.267611747
vn -0.189134363 0.857997081 -0.477565913
vn -0.329683965 0.756678448 -0.564576133
vn 0.611871752 0.679184313 -0.405366042
vn 0.352326566 0.922921031 -0.155186216
vn 0.147070640 0.900800106 -0.408569939
vn 0.352326566 0.922921031 -0.155186216
vn 0.611871752 0.679184313 -0.405366042
vn 0.780830670 0.568446918 -0.259174780
vn -0.474258400 -0.050300678 -0.878947559
vn -0.014688246 -0.802731953 -0.596159095
vn -0.302219768 -0.126976986 -0.944743381
vn -0.014688246 -0.802731953 -0.596159095
vn -0.474258400 -0.050300678 -0.878947559
vn -0.156116032 -0.868264474 -0.470897641
vn 0.718660137 -0.575465737 -0.390341892
vn 0.165860951 -0.888285167 -0.428298502
vn 0.060690266 -0.925699983 -0.373358049
vn 0.165860951 -0.888285167 -0.428298502
vn 0.718660137 -0.575465737 -0.390341892
vn 0.733276534 -0.555042082 -0.392726127
vn 0.954022494 0.146383807 -0.261558526
vn 0.718660137 -0.575465737 -0.390341892
vn 0.966000816 -0.033376908 -0.256375518
vn 0.718660137 -0.575465737 -0.390341892
vn 0.954022494 0.146383807 -0.261558526
vn 0.733276534 -0.555042082 -0.392726127
vn 0.565949464 0.824288042 -0.015824933
vn 0.483031246 0.304291083 0.821028472
vn 0.261889723 0.350395250 0.899242427
vn 0.483031246 0.304291083 0.821028472
vn 0.565949464 0.824288042 -0.015824933
vn 0.954022494 0.146383807 -0.261558526
vn 0.147070640 0.900800106 -0.408569939
vn -0.020126477 0.997244104 -0.071408143
vn -0.077566602 0.954191597 -0.288966812
vn -0.020126477 0.997244104 -0.071408143
vn 0.147070640 0.900800106 -0.408569939
vn 0.352326566 0.922921031 -0.155186216
vn 0.060690266 -0.925699983 -0.373358049
vn -0.246324660 -0.901853095 -0.354943879
vn -0.254447274 -0.922503210 -0.290248879
vn -0.246324660 -0.901853095 -0.354943879
vn 0.060690266 -0.925699983 -0.373358049
vn 0.165860951 -0.888285167 -0.428298502
vn 0.091410181 -0.995074078 -0.038363510
vn -0.050122077 -0.993564059 0.101578731
vn -0.153571419 -0.985996619 -0.065011432
vn -0.050122077 -0.993564059 0.101578731
vn 0.091410181 -0.995074078 -0.038363510
vn 0.065284538 -0.993288798 0.095474046
vn 0.060690266 -0.925699983 -0.373358049
vn 0.547912376 -0.640111181 0.538562628
vn 0.718660137 -0.575465737 -0.390341892
vn 0.547912376 -0.640111181 0.538562628
vn 0.060690266 -0.925699983 -0.373358049
vn 0.043927060 -0.387304868 0.920904638
vn 0.718660137 -0.575465737 -0.390341892
vn 0.982359658 -0.184433558 0.030883076
vn 0.966000816 -0.033376908 -0.256375518
vn 0.982359658 -0.184433558 0.030883076
vn 0.718660137 -0.575465737 -0.390341892
vn 0.547912376 -0.640111181 0.538562628
vn 0.254484590 -0.947651607 -0.192857525
vn 0.636227406 -0.771364678 -0.014533484
vn 0.091410181 -0.995074078 -0.038363510
vn 0.973676046 -0.182299293 -0.136828085
vn 0.961439823 0.234640268 -0.143448292
vn 0.979500630 0.020560083 -0.200389119
vn 0.976612648 0.191095682 0.098540220
vn 0.653956919 0.756385419 -0.014881039
vn 0.607418456 0.560313767 0.563108606
vn 0.653956919 0.756385419 -0.014881039
vn 0.976612648 0.191095682 0.098540220
vn 0.961439823 0.234640268 -0.143448292
vn 0.653956919 0.756385419 -0.014881039
vn 0.184821950 0.831389891 0.524053142
vn 0.607418456 0.560313767 0.563108606
vn 0.184821950 0.831389891 0.524053142
vn 0.653956919 0.756385419 -0.014881039
vn 0.257592663 0.965493016 0.038330875
vn 0.346487834 0.896750815 0.275289223
vn -0.080855370 -0.340572646 0.936735118
vn -0.201942094 -0.191575843 0.960478051
vn 0.671703945 0.672683194 0.310340345
vn 0.845012779 0.098339116 0.525626124
vn -0.080855370 -0.340572646 0.936735118
vn 0.845012779 0.098339116 0.525626124
vn 0.671703945 0.672683194 0.310340345
vn 0.690570712 0.121703656 -0.712951830
vn -0.423823066 -0.853445186 0.303323791
vn -0.080855370 -0.340572646 0.936735118
vn -0.162728422 -0.914329642 -0.370837924
vn -0.080855370 -0.340572646 0.936735118
vn -0.423823066 -0.853445186 0.303323791
vn -0.201942094 -0.191575843 0.960478051
vn -0.080855370 -0.340572646 0.936735118
vn 0.066821320 -0.987895879 0.139988011
vn -0.162728422 -0.914329642 -0.370837924
vn 0.066821320 -0.987895879 0.139988011
vn -0.080855370 -0.340572646 0.936735118
vn 0.845012779 0.098339116 0.525626124
vn 0.076757866 -0.809492033 -0.582091813
vn -0.423823066 -0.853445186 0.303323791
vn -0.191393152 -0.390662730 -0.900417288
vn -0.423823066 -0.853445186 0.303323791
vn 0.076757866 -0.809492033 -0.582091813
vn 0.205879054 -0.617382117 0.759245110
vn -0.162728422 -0.914329642 -0.370837924
vn 0.761220513 -0.347957913 -0.547237262
vn 0.329091363 0.096877823 -0.939315475
vn 0.761220513 -0.347957913 -0.547237262
vn -0.162728422 -0.914329642 -0.370837924
vn 0.066821320 -0.987895879 0.139988011
vn 0.312269005 0.685038145 -0.658187518
vn 0.329091363 0.096877823 -0.939315475
vn 0.671703945 0.672683194 0.310340345
vn 0.329091363 0.096877823 -0.939315475
vn 0.690570712 0.121703656 -0.712951830
vn 0.671703945 0.672683194 0.310340345
vn 0.690570712 0.121703656 -0.712951830
vn 0.329091363 0.096877823 -0.939315475
vn 0.761220513 -0.347957913 -0.547237262
vn -0.190518175 0.292677956 -0.937039188
vn -0.814411973 -0.558308026 -0.158193828
vn -0.590243248 -0.803073425 -0.081767857
vn -0.814411973 -0.558308026 -0.158193828
vn -0.190518175 0.292677956 -0.937039188
vn -0.014050085 0.663936626 -0.747656841
vn -0.014050085 0.663936626 -0.747656841
vn -0.967269228 -0.173052306 -0.185588629
vn -0.814411973 -0.558308026 -0.158193828
vn -0.967269228 -0.173052306 -0.185588629
vn -0.014050085 0.663936626 -0.747656841
vn -0.105756083 0.942665551 -0.316539586
vn -0.590243248 -0.803073425 -0.081767857
vn -0.125292804 -0.480027850 0.868259740
vn 0.417936397 -0.435347238 0.797371902
vn -0.125292804 -0.480027850 0.868259740
vn -0.590243248 -0.803073425 -0.081767857
vn -0.814411973 -0.558308026 -0.158193828
vn -0.814411973 -0.558308026 -0.158193828
vn -0.519315953 -0.222541369 0.825097740
vn -0.125292804 -0.480027850 0.868259740
vn -0.519315953 -0.222541369 0.825097740
vn -0.814411973 -0.558308026 -0.158193828
vn -0.967269228 -0.173052306 -0.185588629
vn 0.417936397 -0.435347238 0.797371902
vn 0.659895995 0.714440001 0.232621498
vn 0.747506105 0.664254555 -0.000713855
vn 0.659895995 0.714440001 0.232621498
vn 0.417936397 -0.435347238 0.797371902
vn -0.125292804 -0.480027850 0.868259740
vn -0.125292804 -0.480027850 0.868259740
vn 0.462071288 0.740908852 0.487385061
vn 0.659895995 0.714440001 0.232621498
vn 0.462071288 0.740908852 0.487385061
vn -0.125292804 -0.480027850 0.868259740
vn -0.519315953 -0.222541369 0.825097740
vn 0.747506105 0.664254555 -0.000713855
vn -0.014050085 0.663936626 -0.747656841
vn -0.190518175 0.292677956 -0.937039188
vn -0.014050085 0.663936626 -0.747656841
vn 0.747506105 0.664254555 -0.000713855
vn 0.659895995 0.714440001 0.232621498
vn 0.659895995 0.714440001 0.232621498
vn -0.105756083 0.942665551 -0.316539586
vn -0.014050085 0.663936626 -0.747656841
vn -0.105756083 0.942665551 -0.316539586
vn 0.659895995 0.714440001 0.232621498
vn 0.462071288 0.740908852 0.487385061
vn 0.761220513 -0.347957913 -0.547237262
vn -0.190518175 0.292677956 -0.937039188
vn 0.690570712 0.121703656 -0.712951830
vn -0.190518175 0.292677956 -0.937039188
vn 0.761220513 -0.347957913 -0.547237262
vn 0.747506105 0.664254555 -0.000713855
vn 0.690570712 0.121703656 -0.712951830
vn -0.590243248 -0.803073425 -0.081767857
vn 0.845012779 0.098339116 0.525626124
vn -0.590243248 -0.803073425 -0.081767857
vn 0.690570712 0.121703656 -0.712951830
vn -0.190518175 0.292677956 -0.937039188
vn 0.066821320 -0.987895879 0.139988011
vn -0.590243248 -0.803073425 -0.081767857
vn 0.417936397 -0.435347238 0.797371902
vn -0.590243248 -0.803073425 -0.081767857
vn 0.066821320 -0.987895879 0.139988011
vn 0.845012779 0.098339116 0.525626124
vn 0.417936397 -0.435347238 0.797371902
vn 0.761220513 -0.347957913 -0.547237262
vn 0.066821320 -0.987895879 0.139988011
vn 0.761220513 -0.347957913 -0.547237262
vn 0.417936397 -0.435347238 0.797371902
vn 0.747506105 0.664254555 -0.000713855
vn 0.031528864 -0.371398410 -0.927938118
vn 0.312269005 0.685038145 -0.658187518
vn 0.053147989 0.597400191 -0.800180169
vn 0.053147989 0.597400191 -0.800180169
vn -0.302219768 -0.126976986 -0.944743381
vn 0.031528864 -0.371398410 -0.927938118
vn -0.302219768 -0.126976986 -0.944743381
vn 0.053147989 0.597400191 -0.800180169
vn -0.310300468 0.467840330 -0.827550026
vn 0.636227406 -0.771364678 -0.014533484
vn 0.065284538 -0.993288798 0.095474046
vn 0.091410181 -0.995074078 -0.038363510
vn 0.065284538 -0.993288798 0.095474046
vn 0.636227406 -0.771364678 -0.014533484
vn 0.495749576 -0.868215061 0.020855852
vn -0.302219768 -0.126976986 -0.944743381
vn -0.641068283 0.385243669 -0.663791211
vn -0.474258400 -0.050300678 -0.878947559
vn 0.175542300 0.850650159 -0.495559489
vn -0.019958386 0.963320100 -0.267611747
vn -0.329683965 0.756678448 -0.564576133
vn -0.019958386 0.963320100 -0.267611747
vn 0.175542300 0.850650159 -0.495559489
vn 0.271519965 0.944674202 0.184031409
vn 0.346487834 0.896750815 0.275289223
vn 0.271519965 0.944674202 0.184031409
vn 0.175542300 0.850650159 -0.495559489
vn -0.014688246 -0.802731953 -0.596159095
vn -0.156116032 -0.868264474 -0.470897641
vn -0.000492834 -0.996455518 -0.084119897
vn -0.000492834 -0.996455518 -0.084119897
vn -0.136829383 -0.963367931 -0.230651143
vn -0.053865525 -0.997840786 0.037580192
vn -0.136829383 -0.963367931 -0.230651143
vn -0.000492834 -0.996455518 -0.084119897
vn -0.156116032 -0.868264474 -0.470897641
vn 0.031528864 -0.371398410 -0.927938118
vn -0.302219768 -0.126976986 -0.944743381
vn -0.014688246 -0.802731953 -0.596159095
vn 0.076757866 -0.809492033 -0.582091813
vn -0.014688246 -0.802731953 -0.596159095
vn 0.234482295 -0.935446193 -0.264496641
vn 0.205879054 -0.617382117 0.759245110
vn 0.996095583 0.033455963 0.081696315
vn 0.302989185 0.372130450 0.877334874
vn 0.996095583 0.033455963 0.081696315
vn 0.205879054 -0.617382117 0.759245110
vn 0.963259388 -0.267330248 -0.025804844
vn 0.628676296 0.760875600 -0.160730941
vn 0.302989185 0.372130450 0.877334874
vn 0.996095583 0.033455963 0.081696315
vn 0.955533640 0.194109269 -0.221984355
vn 0.971401166 -0.032740432 -0.235176186
vn 0.976612648 0.191095682 0.098540220
vn 0.979500630 0.020560083 -0.200389119
vn 0.937312931 -0.340210013 -0.075509051
vn 0.973676046 -0.182299293 -0.136828085
vn 0.954022494 0.146383807 -0.261558526
vn 0.966000816 -0.033376908 -0.256375518
vn 0.483031246 0.304291083 0.821028472
vn 0.966000816 -0.033376908 -0.256375518
vn 0.982359658 -0.184433558 0.030883076
vn 0.483031246 0.304291083 0.821028472
vn -0.641068283 0.385243669 -0.663791211
vn -0.302219768 -0.126976986 -0.944743381
vn -0.310300468 0.467840330 -0.827550026
vn -0.189134363 0.857997081 -0.477565913
vn -0.162529691 0.811538225 -0.561239528
vn -0.579004248 0.666829223 -0.469140563
vn 0.261889723 0.350395250 0.899242427
vn 0.250159865 0.968196927 0.003840900
vn 0.565949464 0.824288042 -0.015824933
vn 0.250159865 0.968196927 0.003840900
vn 0.261889723 0.350395250 0.899242427
vn 0.102950776 0.361558599 0.926648001
vn -0.254447274 -0.922503210 -0.290248879
vn 0.043927060 -0.387304868 0.920904638
vn 0.060690266 -0.925699983 -0.373358049
vn 0.043927060 -0.387304868 0.920904638
vn -0.254447274 -0.922503210 -0.290248879
vn -0.021852429 -0.091194815 0.995593279
vn -0.340243801 -0.260330631 -0.903582934
vn -0.136829383 -0.963367931 -0.230651143
vn -0.156116032 -0.868264474 -0.470897641
vn 0.201095329 0.977609696 0.061967330
vn 0.565949464 0.824288042 -0.015824933
vn 0.250159865 0.968196927 0.003840900
vn 0.565949464 0.824288042 -0.015824933
vn 0.201095329 0.977609696 0.061967330
vn 0.670241311 0.740036720 -0.055876987
vn 0.670241311 0.740036720 -0.055876987
vn 0.954022494 0.146383807 -0.261558526
vn 0.565949464 0.824288042 -0.015824933
vn 0.954022494 0.146383807 -0.261558526
vn 0.670241311 0.740036720 -0.055876987
vn 0.970764475 0.041561256 -0.236408537
vn 0.970764475 0.041561256 -0.236408537
vn 0.733276534 -0.555042082 -0.392726127
vn 0.954022494 0.146383807 -0.261558526
vn 0.733276534 -0.555042082 -0.392726127
vn 0.970764475 0.041561256 -0.236408537
vn 0.833471098 -0.523834952 -0.175849003
vn 0.733276534 -0.555042082 -0.392726127
vn 0.254484590 -0.947651607 -0.192857525
vn 0.165860951 -0.888285167 -0.428298502
vn 0.254484590 -0.947651607 -0.192857525
vn 0.733276534 -0.555042082 -0.392726127
vn 0.833471098 -0.523834952 -0.175849003
vn 0.165860951 -0.888285167 -0.428298502
vn -0.210704438 -0.952689224 -0.219059082
vn -0.246324660 -0.901853095 -0.354943879
vn -0.210704438 -0.952689224 -0.219059082
vn 0.165860951 -0.888285167 -0.428298502
vn 0.254484590 -0.947651607 -0.192857525
vn -0.641068283 0.385243669 -0.663791211
vn -0.310300468 0.467840330 -0.827550026
vn -0.579004248 0.666829223 -0.469140563
vn -0.579004248 0.666829223 -0.469140563
vn -0.310300468 0.467840330 -0.827550026
vn -0.329683965 0.756678448 -0.564576133
vn -0.329683965 0.756678448 -0.564576133
vn 0.053147989 0.597400191 -0.800180169
vn 0.175542300 0.850650159 -0.495559489
vn 0.053147989 0.597400191 -0.800180169
vn -0.329683965 0.756678448 -0.564576133
vn -0.310300468 0.467840330 -0.827550026
vn 0.053147989 0.597400191 -0.800180169
vn 0.346487834 0.896750815 0.275289223
vn 0.175542300 0.850650159 -0.495559489
vn 0.346487834 0.896750815 0.275289223
vn 0.053147989 0.597400191 -0.800180169
vn 0.312269005 0.685038145 -0.658187518
vn 0.312269005 0.685038145 -0.658187518
vn 0.671703945 0.672683194 0.310340345
vn 0.346487834 0.896750815 0.275289223
vn 0.329091363 0.096877823 -0.939315475
vn 0.312269005 0.685038145 -0.658187518
vn 0.031663381 -0.199735908 -0.979338040
vn 0.833471098 -0.523834952 -0.175849003
vn 0.973676046 -0.182299293 -0.136828085
vn 0.636227406 -0.771364678 -0.014533484
vn 0.408343204 -0.908597287 -0.087788376
vn 0.963259388 -0.267330248 -0.025804844
vn 0.234482295 -0.935446193 -0.264496641
vn 0.937312931 -0.340210013 -0.075509051
vn 0.636227406 -0.771364678 -0.014533484
vn 0.973676046 -0.182299293 -0.136828085
vn 0.636227406 -0.771364678 -0.014533484
vn 0.937312931 -0.340210013 -0.075509051
vn 0.495749576 -0.868215061 0.020855852
vn 0.636227406 -0.771364678 -0.014533484
vn 0.254484590 -0.947651607 -0.192857525
vn 0.833471098 -0.523834952 -0.175849003
vn -0.340243801 -0.260330631 -0.903582934
vn -0.156116032 -0.868264474 -0.470897641
vn -0.474258400 -0.050300678 -0.878947559
vn -0.000492834 -0.996455518 -0.084119897
vn 0.495749576 -0.868215061 0.020855852
vn 0.408343204 -0.908597287 -0.087788376
vn 0.495749576 -0.868215061 0.020855852
vn -0.000492834 -0.996455518 -0.084119897
vn 0.065284538 -0.993288798 0.095474046
vn 0.495749576 -0.868215061 0.020855852
vn 0.963259388 -0.267330248 -0.025804844
vn 0.408343204 -0.908597287 -0.087788376
vn 0.963259388 -0.267330248 -0.025804844
vn 0.495749576 -0.868215061 0.020855852
vn 0.937312931 -0.340210013 -0.075509051
vn 0.963259388 -0.267330248 -0.025804844
vn 0.979500630 0.020560083 -0.200389119
vn 0.975679502 0.033356896 -0.216649087
vn 0.979500630 0.020560083 -0.200389119
vn 0.963259388 -0.267330248 -0.025804844
vn 0.937312931 -0.340210013 -0.075509051
vn 0.975679502 0.033356896 -0.216649087
vn 0.971401166 -0.032740432 -0.235176186
vn 0.996095583 0.033455963 0.081696315
vn 0.971401166 -0.032740432 -0.235176186
vn 0.975679502 0.033356896 -0.216649087
vn 0.979500630 0.020560083 -0.200389119
vn 0.895713486 0.264314257 -0.357540662
vn 0.996095583 0.033455963 0.081696315
vn 0.971401166 -0.032740432 -0.235176186
vn 0.996095583 0.033455963 0.081696315
vn 0.895713486 0.264314257 -0.357540662
vn 0.628676296 0.760875600 -0.160730941
vn 0.140027296 0.943997910 0.298764626
vn 0.352326566 0.922921031 -0.155186216
vn 0.536809813 0.837750900 0.100043262
vn 0.352326566 0.922921031 -0.155186216
vn 0.140027296 0.943997910 0.298764626
vn -0.020126477 0.997244104 -0.071408143
vn 0.536809813 0.837750900 0.100043262
vn 0.780830670 0.568446918 -0.259174780
vn 0.918104620 0.391093589 0.064262825
vn 0.780830670 0.568446918 -0.259174780
vn 0.536809813 0.837750900 0.100043262
vn 0.352326566 0.922921031 -0.155186216
vn 0.017258569 0.900089873 -0.435362335
vn -0.019958386 0.963320100 -0.267611747
vn 0.628676296 0.760875600 -0.160730941
vn -0.019958386 0.963320100 -0.267611747
vn 0.017258569 0.900089873 -0.435362335
vn -0.189134363 0.857997081 -0.477565913
vn 0.628676296 0.760875600 -0.160730941
vn 0.271519965 0.944674202 0.184031409
vn 0.302989185 0.372130450 0.877334874
vn 0.271519965 0.944674202 0.184031409
vn 0.628676296 0.760875600 -0.160730941
vn -0.019958386 0.963320100 -0.267611747
vn 0.271519965 0.944674202 0.184031409
vn 0.346487834 0.896750815 0.275289223
vn 0.302989185 0.372130450 0.877334874
vn 0.076757866 -0.809492033 -0.582091813
vn 0.963259388 -0.267330248 -0.025804844
vn 0.205879054 -0.617382117 0.759245110
vn 0.963259388 -0.267330248 -0.025804844
vn 0.076757866 -0.809492033 -0.582091813
vn 0.234482295 -0.935446193 -0.264496641
vn -0.162529691 0.811538225 -0.561239528
vn -0.189134363 0.857997081 -0.477565913
vn 0.017258569 0.900089873 -0.435362335
vn 0.607418456 0.560313767 0.563108606
vn 0.918104620 0.391093589 0.064262825
vn 0.976612648 0.191095682 0.098540220
vn 0.918104620 0.391093589 0.064262825
vn 0.607418456 0.560313767 0.563108606
vn 0.536809813 0.837750900 0.100043262
vn 0.955533640 0.194109269 -0.221984355
vn 0.780830670 0.568446918 -0.259174780
vn 0.895713486 0.264314257 -0.357540662
vn 0.895713486 0.264314257 -0.357540662
vn 0.611871752 0.679184313 -0.405366042
vn 0.628676296 0.760875600 -0.160730941
vn 0.628676296 0.760875600 -0.160730941
vn 0.147070640 0.900800106 -0.408569939
vn 0.017258569 0.900089873 -0.435362335
vn 0.147070640 0.900800106 -0.408569939
vn 0.628676296 0.760875600 -0.160730941
vn 0.611871752 0.679184313 -0.405366042
vn 0.017258569 0.900089873 -0.435362335
vn -0.077566602 0.954191597 -0.288966812
vn -0.162529691 0.811538225 -0.561239528
vn -0.067131997 0.996845864 0.042327508
vn -0.077566602 0.954191597 -0.288966812
vn -0.020126477 0.997244104 -0.071408143
vn 0.000432996 0.949154649 0.314809887
vn -0.020126477 0.997244104 -0.071408143
vn 0.140027296 0.943997910 0.298764626
vn -0.020126477 0.997244104 -0.071408143
vn 0.000432996 0.949154649 0.314809887
vn -0.067131997 0.996845864 0.042327508
vn 0.607418456 0.560313767 0.563108606
vn 0.140027296 0.943997910 0.298764626
vn 0.536809813 0.837750900 0.100043262
vn 0.780830670 0.568446918 -0.259174780
vn 0.955533640 0.194109269 -0.221984355
vn 0.918104620 0.391093589 0.064262825
vn 0.971401166 -0.032740432 -0.235176186
vn 0.955533640 0.194109269 -0.221984355
vn 0.895713486 0.264314257 -0.357540662
vn 0.918104620 0.391093589 0.064262825
vn 0.955533640 0.194109269 -0.221984355
vn 0.976612648 0.191095682 0.098540220
vn -0.153571419 -0.985996619 -0.065011432
vn 0.254484590 -0.947651607 -0.192857525
vn 0.091410181 -0.995074078 -0.038363510
vn 0.254484590 -0.947651607 -0.192857525
vn -0.153571419 -0.985996619 -0.065011432
vn -0.210704438 -0.952689224 -0.219059082
vn -0.053865525 -0.997840786 0.037580192
vn 0.065284538 -0.993288798 0.095474046
vn -0.000492834 -0.996455518 -0.084119897
vn 0.065284538 -0.993288798 0.095474046
vn -0.053865525 -0.997840786 0.037580192
vn -0.050122077 -0.993564059 0.101578731
vn -0.014688246 -0.802731953 -0.596159095
vn 0.076757866 -0.809492033 -0.582091813
vn 0.031528864 -0.371398410 -0.927938118
vn -0.080855370 -0.340572646 0.936735118
vn 0.346487834 0.896750815 0.275289223
vn 0.671703945 0.672683194 0.310340345
vn 0.031528864 -0.371398410 -0.927938118
vn 0.076757866 -0.809492033 -0.582091813
vn 0.031663381 -0.199735908 -0.979338040
vn 0.312269005 0.685038145 -0.658187518
vn 0.031528864 -0.371398410 -0.927938118
vn 0.031663381 -0.199735908 -0.979338040
vn 0.140027296 0.943997910 0.298764626
vn 0.607418456 0.560313767 0.563108606
vn 0.184821950 0.831389891 0.524053142
vn -0.067131997 0.996845864 0.042327508
vn 0.118218908 0.986019054 0.117433877
vn 0.002229269 0.984628696 -0.174646389
vn 0.118218908 0.986019054 0.117433877
vn -0.067131997 0.996845864 0.042327508
vn 0.000432996 0.949154649 0.314809887
vn -0.077566602 0.954191597 -0.288966812
vn -0.067131997 0.996845864 0.042327508
vn 0.002229269 0.984628696 -0.174646389
vn 0.140027296 0.943997910 0.298764626
vn 0.184821950 0.831389891 0.524053142
vn 0.000432996 0.949154649 0.314809887
vn -0.077566602 0.954191597 -0.288966812
vn 0.002229269 0.984628696 -0.174646389
vn -0.162529691 0.811538225 -0.561239528
vn -0.077566602 0.954191597 -0.288966812
vn 0.017258569 0.900089873 -0.435362335
vn 0.147070640 0.900800106 -0.408569939
vn 0.611871752 0.679184313 -0.405366042
vn 0.895713486 0.264314257 -0.357540662
vn 0.780830670 0.568446918 -0.259174780
vn 0.996095583 0.033455963 0.081696315
vn 0.963259388 -0.267330248 -0.025804844
vn 0.975679502 0.033356896 -0.216649087
vn 0.346487834 0.896750815 0.275289223
vn -0.201942094 -0.191575843 0.960478051
vn 0.302989185 0.372130450 0.877334874
vn -0.201942094 -0.191575843 0.960478051
vn 0.205879054 -0.617382117 0.759245110
vn 0.302989185 0.372130450 0.877334874
vn 0.205879054 -0.617382117 0.759245110
vn -0.201942094 -0.191575843 0.960478051
vn -0.423823066 -0.853445186 0.303323791
vn -0.162728422 -0.914329642 -0.370837924
vn -0.191393152 -0.390662730 -0.900417288
vn -0.423823066 -0.853445186 0.303323791
vn 0.076757866 -0.809492033 -0.582091813
vn -0.191393152 -0.390662730 -0.900417288
vn 0.031663381 -0.199735908 -0.979338040
vn -0.191393152 -0.390662730 -0.900417288
vn 0.329091363 0.096877823 -0.939315475
vn 0.031663381 -0.199735908 -0.979338040
vn 0.329091363 0.096877823 -0.939315475
vn -0.191393152 -0.390662730 -0.900417288
vn -0.162728422 -0.914329642 -0.370837924
vn 0.234482295 -0.935446193 -0.264496641
vn -0.000492834 -0.996455518 -0.084119897
vn 0.408343204 -0.908597287 -0.087788376
vn -0.000492834 -0.996455518 -0.084119897
vn 0.234482295 -0.935446193 -0.264496641
vn -0.014688246 -0.802731953 -0.596159095
vn -0.329683965 0.756678448 -0.564576133
vn -0.189134363 0.857997081 -0.477565913
vn -0.579004248 0.666829223 -0.469140563
vn 0.257592663 0.965493016 0.038330875
vn 0.653956919 0.756385419 -0.014881039
vn 0.670241311 0.740036720 -0.055876987
vn 0.670241311 0.740036720 -0.055876987
vn 0.961439823 0.234640268 -0.143448292
vn 0.970764475 0.041561256 -0.236408537
vn 0.961439823 0.234640268 -0.143448292
vn 0.670241311 0.740036720 -0.055876987
vn 0.653956919 0.756385419 -0.014881039
vn 0.973676046 -0.182299293 -0.136828085
vn 0.970764475 0.041561256 -0.236408537
vn 0.961439823 0.234640268 -0.143448292
vn 0.970764475 0.041561256 -0.236408537
vn 0.973676046 -0.182299293 -0.136828085
vn 0.833471098 -0.523834952 -0.175849003
vn 0.201095329 0.977609696 0.061967330
vn 0.257592663 0.965493016 0.038330875
vn 0.670241311 0.740036720 -0.055876987
vn 0.257592663 0.965493016 0.038330875
vn 0.201095329 0.977609696 0.061967330
vn 0.118218908 0.986019054 0.117433877
vn 0.000432996 0.949154649 0.314809887
vn 0.257592663 0.965493016 0.038330875
vn 0.118218908 0.986019054 0.117433877
vn 0.257592663 0.965493016 0.038330875
vn 0.000432996 0.949154649 0.314809887
vn 0.184821950 0.831389891 0.524053142
vn 0.971401166 -0.032740432 -0.235176186
vn 0.961439823 0.234640268 -0.143448292
vn 0.976612648 0.191095682 0.098540220
vn 0.961439823 0.234640268 -0.143448292
vn 0.971401166 -0.032740432 -0.235176186
vn 0.979500630 0.020560083 -0.200389119
vn -0.413376238 0.855057307 -0.313044865
vn -0.366798475 0.710007830 -0.601122084
vn -0.235061307 0.832636913 -0.501459821
vn -0.642102291 0.764358645 0.058826095
vn -0.255717127 0.964221499 0.069897442
vn -0.687507642 0.668181838 0.284369959
vn -0.255717127 0.964221499 0.069897442
vn -0.642102291 0.764358645 0.058826095
vn -0.268344991 0.929016508 -0.254792649
vn -0.136457034 -0.036598024 -0.989969728
vn -0.099382950 -0.895164204 -0.434515911
vn -0.157408234 -0.884611288 -0.438959585
vn -0.099382950 -0.895164204 -0.434515911
vn -0.136457034 -0.036598024 -0.989969728
vn -0.354295927 -0.122863028 -0.927027008
vn -0.917826992 -0.167658955 -0.359838975
vn -0.552128720 -0.701718078 -0.450272824
vn -0.882441443 -0.162645808 -0.441410739
vn -0.552128720 -0.701718078 -0.450272824
vn -0.917826992 -0.167658955 -0.359838975
vn -0.508762811 -0.778323758 -0.367930061
vn -0.780737867 0.566461303 -0.263761210
vn -0.917826992 -0.167658955 -0.359838975
vn -0.882441443 -0.162645808 -0.441410739
vn -0.917826992 -0.167658955 -0.359838975
vn -0.780737867 0.566461303 -0.263761210
vn -0.886998943 0.386954156 -0.251990785
vn -0.136260866 0.990193437 -0.030820992
vn -0.313428734 0.469609498 0.825366190
vn -0.780737867 0.566461303 -0.263761210
vn -0.313428734 0.469609498 0.825366190
vn -0.136260866 0.990193437 -0.030820992
vn -0.056464026 0.412610216 0.909155995
vn -0.268344991 0.929016508 -0.254792649
vn 0.087488646 0.989934512 -0.111244765
vn -0.255717127 0.964221499 0.069897442
vn 0.087488646 0.989934512 -0.111244765
vn -0.268344991 0.929016508 -0.254792649
vn -0.015533981 0.949978136 -0.311929857
vn -0.508762811 -0.778323758 -0.367930061
vn -0.246324660 -0.901853095 -0.354943879
vn -0.552128720 -0.701718078 -0.450272824
vn -0.246324660 -0.901853095 -0.354943879
vn -0.508762811 -0.778323758 -0.367930061
vn -0.254447274 -0.922503210 -0.290248879
vn -0.277964806 -0.952972020 0.120747235
vn -0.050122077 -0.993564059 0.101578731
vn -0.098864566 -0.972778235 0.209590800
vn -0.050122077 -0.993564059 0.101578731
vn -0.277964806 -0.952972020 0.120747235
vn -0.153571419 -0.985996619 -0.065011432
vn -0.508762811 -0.778323758 -0.367930061
vn -0.821441429 -0.295985702 0.487469428
vn -0.232920654 -0.288399687 0.928748400
vn -0.821441429 -0.295985702 0.487469428
vn -0.508762811 -0.778323758 -0.367930061
vn -0.917826992 -0.167658955 -0.359838975
vn -0.917826992 -0.167658955 -0.359838975
vn -0.967136793 0.214634115 0.136303414
vn -0.821441429 -0.295985702 0.487469428
vn -0.967136793 0.214634115 0.136303414
vn -0.917826992 -0.167658955 -0.359838975
vn -0.886998943 0.386954156 -0.251990785
vn -0.552506846 -0.828688035 -0.089511600
vn -0.277964806 -0.952972020 0.120747235
vn -0.674400227 -0.614572765 0.409248886
vn -0.926756498 0.055594350 0.371526124
vn -0.858513572 0.164913159 0.485549273
vn -0.828637948 0.455230253 0.325767660
vn -0.543601129 0.085293048 0.834998748
vn -0.425539781 0.894558894 0.136675823
vn -0.828637948 0.455230253 0.325767660
vn -0.425539781 0.894558894 0.136675823
vn -0.543601129 0.085293048 0.834998748
vn 0.075724072 0.492990450 0.866733108
vn -0.425539781 0.894558894 0.136675823
vn 0.305914133 0.834072660 0.459063549
vn 0.013320738 0.998898523 0.044992202
vn 0.305914133 0.834072660 0.459063549
vn -0.425539781 0.894558894 0.136675823
vn 0.075724072 0.492990450 0.866733108
vn -0.230873110 0.972971748 0.004856380
vn 0.290689784 0.198317314 0.936039365
vn 0.319865914 0.156960619 0.934370998
vn -0.299763441 0.922301151 -0.243931275
vn 0.221433602 0.591374342 0.775398960
vn -0.315709286 0.862812837 -0.394818508
vn 0.221433602 0.591374342 0.775398960
vn -0.299763441 0.922301151 -0.243931275
vn 0.319865914 0.156960619 0.934370998
vn 0.374859971 -0.633762592 0.676627652
vn 0.319865914 0.156960619 0.934370998
vn 0.290689784 0.198317314 0.936039365
vn 0.319865914 0.156960619 0.934370998
vn 0.374859971 -0.633762592 0.676627652
vn 0.097808895 -0.987828332 0.120948775
vn 0.319865914 0.156960619 0.934370998
vn 0.360871855 -0.718489863 0.594595510
vn 0.221433602 0.591374342 0.775398960
vn 0.360871855 -0.718489863 0.594595510
vn 0.319865914 0.156960619 0.934370998
vn 0.097808895 -0.987828332 0.120948775
vn 0.019132603 -0.984914644 -0.171979907
vn 0.374859971 -0.633762592 0.676627652
vn 0.276319862 -0.351877549 0.894331887
vn 0.374859971 -0.633762592 0.676627652
vn 0.019132603 -0.984914644 -0.171979907
vn -0.026602127 -0.852366050 -0.522268555
vn 0.097808895 -0.987828332 0.120948775
vn -0.278185166 -0.519878165 -0.807675496
vn 0.360871855 -0.718489863 0.594595510
vn -0.278185166 -0.519878165 -0.807675496
vn 0.097808895 -0.987828332 0.120948775
vn -0.398237833 -0.234635873 -0.886765265
vn -0.431312852 0.308765600 -0.847722259
vn -0.299763441 0.922301151 -0.243931275
vn -0.398237833 -0.234635873 -0.886765265
vn -0.398237833 -0.234635873 -0.886765265
vn -0.315709286 0.862812837 -0.394818508
vn -0.278185166 -0.519878165 -0.807675496
vn -0.315709286 0.862812837 -0.394818508
vn -0.398237833 -0.234635873 -0.886765265
vn -0.299763441 0.922301151 -0.243931275
vn -0.154209671 0.966168097 -0.206733126
vn 0.232000878 0.319243071 0.918835924
vn -0.390103809 0.803694486 -0.449326375
vn 0.232000878 0.319243071 0.918835924
vn -0.154209671 0.966168097 -0.206733126
vn 0.380164025 0.100710127 0.919419809
vn -0.390103809 0.803694486 -0.449326375
vn -0.099176514 0.428987834 0.897849351
vn -0.745120199 0.561937700 -0.359196201
vn -0.099176514 0.428987834 0.897849351
vn -0.390103809 0.803694486 -0.449326375
vn 0.232000878 0.319243071 0.918835924
vn 0.380164025 0.100710127 0.919419809
vn 0.092971872 -0.836695109 0.539719859
vn 0.232000878 0.319243071 0.918835924
vn 0.092971872 -0.836695109 0.539719859
vn 0.380164025 0.100710127 0.919419809
vn 0.097322731 -0.989677530 0.105198258
vn 0.232000878 0.319243071 0.918835924
vn -0.255054928 -0.654145898 0.712067502
vn -0.099176514 0.428987834 0.897849351
vn -0.255054928 -0.654145898 0.712067502
vn 0.232000878 0.319243071 0.918835924
vn 0.092971872 -0.836695109 0.539719859
vn 0.097322731 -0.989677530 0.105198258
vn -0.476511530 -0.310335845 -0.822574267
vn 0.092971872 -0.836695109 0.539719859
vn -0.476511530 -0.310335845 -0.822574267
vn 0.097322731 -0.989677530 0.105198258
vn -0.440397100 -0.152341026 -0.884783932
vn 0.092971872 -0.836695109 0.539719859
vn -0.631575099 -0.393623361 -0.667962233
vn -0.255054928 -0.654145898 0.712067502
vn -0.631575099 -0.393623361 -0.667962233
vn 0.092971872 -0.836695109 0.539719859
vn -0.476511530 -0.310335845 -0.822574267
vn -0.440397100 -0.152341026 -0.884783932
vn -0.390103809 0.803694486 -0.449326375
vn -0.476511530 -0.310335845 -0.822574267
vn -0.390103809 0.803694486 -0.449326375
vn -0.440397100 -0.152341026 -0.884783932
vn -0.154209671 0.966168097 -0.206733126
vn -0.476511530 -0.310335845 -0.822574267
vn -0.745120199 0.561937700 -0.359196201
vn -0.631575099 -0.393623361 -0.667962233
vn -0.745120199 0.561937700 -0.359196201
vn -0.476511530 -0.310335845 -0.822574267
vn -0.390103809 0.803694486 -0.449326375
vn -0.278185166 -0.519878165 -0.807675496
vn -0.154209671 0.966168097 -0.206733126
vn -0.440397100 -0.152341026 -0.884783932
vn -0.154209671 0.966168097 -0.206733126
vn -0.278185166 -0.519878165 -0.807675496
vn -0.315709286 0.862812837 -0.394818508
vn -0.315709286 0.862812837 -0.394818508
vn 0.380164025 0.100710127 0.919419809
vn -0.154209671 0.966168097 -0.206733126
vn 0.380164025 0.100710127 0.919419809
vn -0.315709286 0.862812837 -0.394818508
vn 0.221433602 0.591374342 0.775398960
vn 0.360871855 -0.718489863 0.594595510
vn 0.380164025 0.100710127 0.919419809
vn 0.221433602 0.591374342 0.775398960
vn 0.380164025 0.100710127 0.919419809
vn 0.360871855 -0.718489863 0.594595510
vn 0.097322731 -0.989677530 0.105198258
vn 0.097322731 -0.989677530 0.105198258
vn -0.278185166 -0.519878165 -0.807675496
vn -0.440397100 -0.152341026 -0.884783932
vn -0.278185166 -0.519878165 -0.807675496
vn 0.097322731 -0.989677530 0.105198258
vn 0.360871855 -0.718489863 0.594595510
vn -0.313797012 -0.610380294 -0.727301404
vn -0.439981225 0.422742486 -0.792278557
vn -0.431312852 0.308765600 -0.847722259
vn -0.439981225 0.422742486 -0.792278557
vn -0.354295927 -0.122863028 -0.927027008
vn -0.467450262 0.458007937 -0.756121010
vn -0.354295927 -0.122863028 -0.927027008
vn -0.439981225 0.422742486 -0.792278557
vn -0.313797012 -0.610380294 -0.727301404
vn -0.674400227 -0.614572765 0.409248886
vn -0.098864566 -0.972778235 0.209590800
vn -0.405359370 -0.813521315 0.416973442
vn -0.098864566 -0.972778235 0.209590800
vn -0.674400227 -0.614572765 0.409248886
vn -0.277964806 -0.952972020 0.120747235
vn -0.354295927 -0.122863028 -0.927027008
vn -0.136457034 -0.036598024 -0.989969728
vn -0.000012069 0.344740166 -0.938698151
vn -0.409186445 0.799430290 -0.439860961
vn -0.413376238 0.855057307 -0.313044865
vn -0.403489149 0.900939065 0.159703814
vn -0.413376238 0.855057307 -0.313044865
vn -0.409186445 0.799430290 -0.439860961
vn -0.366798475 0.710007830 -0.601122084
vn -0.230873110 0.972971748 0.004856380
vn -0.409186445 0.799430290 -0.439860961
vn -0.403489149 0.900939065 0.159703814
vn -0.099382950 -0.895164204 -0.434515911
vn -0.061463482 -0.998045343 0.011301940
vn -0.157408234 -0.884611288 -0.438959585
vn -0.061463482 -0.998045343 0.011301940
vn -0.136829383 -0.963367931 -0.230651143
vn -0.157408234 -0.884611288 -0.438959585
vn -0.136829383 -0.963367931 -0.230651143
vn -0.061463482 -0.998045343 0.011301940
vn -0.053865525 -0.997840786 0.037580192
vn -0.313797012 -0.610380294 -0.727301404
vn -0.099382950 -0.895164204 -0.434515911
vn -0.354295927 -0.122863028 -0.927027008
vn 0.019132603 -0.984914644 -0.171979907
vn -0.064111673 -0.989548062 0.129167826
vn -0.099382950 -0.895164204 -0.434515911
vn 0.276319862 -0.351877549 0.894331887
vn -0.684556094 0.174231783 0.707832071
vn -0.701729403 -0.208136376 0.681362674
vn -0.684556094 0.174231783 0.707832071
vn 0.276319862 -0.351877549 0.894331887
vn -0.127058425 0.522569415 0.843076131
vn -0.633503181 0.750852511 0.186799963
vn -0.684556094 0.174231783 0.707832071
vn -0.127058425 0.522569415 0.843076131
vn -0.839285111 0.316020085 0.442415877
vn -0.543601129 0.085293048 0.834998748
vn -0.871232118 0.075386144 0.485047963
vn -0.858513572 0.164913159 0.485549273
vn -0.926756498 0.055594350 0.371526124
vn -0.786070289 -0.196538838 0.586059711
vn -0.780737867 0.566461303 -0.263761210
vn -0.313428734 0.469609498 0.825366190
vn -0.886998943 0.386954156 -0.251990785
vn -0.886998943 0.386954156 -0.251990785
vn -0.313428734 0.469609498 0.825366190
vn -0.967136793 0.214634115 0.136303414
vn -0.000012069 0.344740166 -0.938698151
vn -0.467450262 0.458007937 -0.756121010
vn -0.354295927 -0.122863028 -0.927027008
vn -0.235061307 0.832636913 -0.501459821
vn 0.038937758 0.677078944 -0.734879551
vn -0.162529691 0.811538225 -0.561239528
vn -0.056464026 0.412610216 0.909155995
vn 0.250159865 0.968196927 0.003840900
vn 0.102950776 0.361558599 0.926648001
vn 0.250159865 0.968196927 0.003840900
vn -0.056464026 0.412610216 0.909155995
vn -0.136260866 0.990193437 -0.030820992
vn -0.254447274 -0.922503210 -0.290248879
vn -0.232920654 -0.288399687 0.928748400
vn -0.021852429 -0.091194815 0.995593279
vn -0.232920654 -0.288399687 0.928748400
vn -0.254447274 -0.922503210 -0.290248879
vn -0.508762811 -0.778323758 -0.367930061
vn -0.340243801 -0.260330631 -0.903582934
vn -0.157408234 -0.884611288 -0.438959585
vn -0.136829383 -0.963367931 -0.230651143
vn 0.201095329 0.977609696 0.061967330
vn -0.136260866 0.990193437 -0.030820992
vn -0.367798040 0.929845843 -0.010550336
vn -0.136260866 0.990193437 -0.030820992
vn 0.201095329 0.977609696 0.061967330
vn 0.250159865 0.968196927 0.003840900
vn -0.367798040 0.929845843 -0.010550336
vn -0.780737867 0.566461303 -0.263761210
vn -0.928971345 0.358695238 -0.091378152
vn -0.780737867 0.566461303 -0.263761210
vn -0.367798040 0.929845843 -0.010550336
vn -0.136260866 0.990193437 -0.030820992
vn -0.928971345 0.358695238 -0.091378152
vn -0.882441443 -0.162645808 -0.441410739
vn -0.966675193 -0.247362078 0.065962669
vn -0.882441443 -0.162645808 -0.441410739
vn -0.928971345 0.358695238 -0.091378152
vn -0.780737867 0.566461303 -0.263761210
vn -0.882441443 -0.162645808 -0.441410739
vn -0.552506846 -0.828688035 -0.089511600
vn -0.966675193 -0.247362078 0.065962669
vn -0.552506846 -0.828688035 -0.089511600
vn -0.882441443 -0.162645808 -0.441410739
vn -0.552128720 -0.701718078 -0.450272824
vn -0.552128720 -0.701718078 -0.450272824
vn -0.210704438 -0.952689224 -0.219059082
vn -0.552506846 -0.828688035 -0.089511600
vn -0.210704438 -0.952689224 -0.219059082
vn -0.552128720 -0.701718078 -0.450272824
vn -0.246324660 -0.901853095 -0.354943879
vn -0.000012069 0.344740166 -0.938698151
vn 0.038937758 0.677078944 -0.734879551
vn -0.467450262 0.458007937 -0.756121010
vn 0.038937758 0.677078944 -0.734879551
vn -0.366798475 0.710007830 -0.601122084
vn -0.467450262 0.458007937 -0.756121010
vn -0.366798475 0.710007830 -0.601122084
vn -0.439981225 0.422742486 -0.792278557
vn -0.467450262 0.458007937 -0.756121010
vn -0.439981225 0.422742486 -0.792278557
vn -0.366798475 0.710007830 -0.601122084
vn -0.409186445 0.799430290 -0.439860961
vn -0.230873110 0.972971748 0.004856380
vn -0.439981225 0.422742486 -0.792278557
vn -0.409186445 0.799430290 -0.439860961
vn -0.439981225 0.422742486 -0.792278557
vn -0.230873110 0.972971748 0.004856380
vn -0.431312852 0.308765600 -0.847722259
vn -0.431312852 0.308765600 -0.847722259
vn -0.230873110 0.972971748 0.004856380
vn -0.299763441 0.922301151 -0.243931275
vn -0.398237833 -0.234635873 -0.886765265
vn -0.209625294 -0.656445068 -0.724663445
vn -0.431312852 0.308765600 -0.847722259
vn -0.966675193 -0.247362078 0.065962669
vn -0.674400227 -0.614572765 0.409248886
vn -0.926756498 0.055594350 0.371526124
vn -0.352846830 -0.871032254 0.341762969
vn -0.064111673 -0.989548062 0.129167826
vn -0.701729403 -0.208136376 0.681362674
vn -0.786070289 -0.196538838 0.586059711
vn -0.674400227 -0.614572765 0.409248886
vn -0.405359370 -0.813521315 0.416973442
vn -0.674400227 -0.614572765 0.409248886
vn -0.786070289 -0.196538838 0.586059711
vn -0.926756498 0.055594350 0.371526124
vn -0.674400227 -0.614572765 0.409248886
vn -0.966675193 -0.247362078 0.065962669
vn -0.552506846 -0.828688035 -0.089511600
vn -0.340243801 -0.260330631 -0.903582934
vn -0.136457034 -0.036598024 -0.989969728
vn -0.157408234 -0.884611288 -0.438959585
vn -0.061463482 -0.998045343 0.011301940
vn -0.405359370 -0.813521315 0.416973442
vn -0.098864566 -0.972778235 0.209590800
vn -0.405359370 -0.813521315 0.416973442
vn -0.061463482 -0.998045343 0.011301940
vn -0.352846830 -0.871032254 0.341762969
vn -0.405359370 -0.813521315 0.416973442
vn -0.701729403 -0.208136376 0.681362674
vn -0.786070289 -0.196538838 0.586059711
vn -0.701729403 -0.208136376 0.681362674
vn -0.405359370 -0.813521315 0.416973442
vn -0.352846830 -0.871032254 0.341762969
vn -0.701729403 -0.208136376 0.681362674
vn -0.858513572 0.164913159 0.485549273
vn -0.786070289 -0.196538838 0.586059711
vn -0.858513572 0.164913159 0.485549273
vn -0.701729403 -0.208136376 0.681362674
vn -0.853874965 0.126442514 0.504885963
vn -0.853874965 0.126442514 0.504885963
vn -0.871232118 0.075386144 0.485047963
vn -0.858513572 0.164913159 0.485549273
vn -0.871232118 0.075386144 0.485047963
vn -0.853874965 0.126442514 0.504885963
vn -0.684556094 0.174231783 0.707832071
vn -0.865266717 0.398389735 0.304301046
vn -0.684556094 0.174231783 0.707832071
vn -0.633503181 0.750852511 0.186799963
vn -0.684556094 0.174231783 0.707832071
vn -0.865266717 0.398389735 0.304301046
vn -0.871232118 0.075386144 0.485047963
vn 0.200796400 0.939870242 0.276269313
vn -0.255717127 0.964221499 0.069897442
vn 0.087488646 0.989934512 -0.111244765
vn -0.255717127 0.964221499 0.069897442
vn 0.200796400 0.939870242 0.276269313
vn -0.239041028 0.890449614 0.387245235
vn -0.239041028 0.890449614 0.387245235
vn -0.687507642 0.668181838 0.284369959
vn -0.255717127 0.964221499 0.069897442
vn -0.687507642 0.668181838 0.284369959
vn -0.239041028 0.890449614 0.387245235
vn -0.602073316 0.494349901 0.626997526
vn -0.238264342 0.883655059 -0.402968783
vn -0.413376238 0.855057307 -0.313044865
vn -0.235061307 0.832636913 -0.501459821
vn -0.413376238 0.855057307 -0.313044865
vn -0.238264342 0.883655059 -0.402968783
vn -0.633503181 0.750852511 0.186799963
vn -0.633503181 0.750852511 0.186799963
vn -0.403489149 0.900939065 0.159703814
vn -0.413376238 0.855057307 -0.313044865
vn -0.403489149 0.900939065 0.159703814
vn -0.633503181 0.750852511 0.186799963
vn -0.127058425 0.522569415 0.843076131
vn -0.403489149 0.900939065 0.159703814
vn -0.127058425 0.522569415 0.843076131
vn -0.230873110 0.972971748 0.004856380
vn 0.019132603 -0.984914644 -0.171979907
vn -0.701729403 -0.208136376 0.681362674
vn -0.064111673 -0.989548062 0.129167826
vn -0.701729403 -0.208136376 0.681362674
vn 0.019132603 -0.984914644 -0.171979907
vn 0.276319862 -0.351877549 0.894331887
vn -0.162529691 0.811538225 -0.561239528
vn -0.238264342 0.883655059 -0.402968783
vn -0.235061307 0.832636913 -0.501459821
vn 0.075724072 0.492990450 0.866733108
vn -0.602073316 0.494349901 0.626997526
vn -0.239041028 0.890449614 0.387245235
vn -0.602073316 0.494349901 0.626997526
vn 0.075724072 0.492990450 0.866733108
vn -0.543601129 0.085293048 0.834998748
vn -0.839285111 0.316020085 0.442415877
vn -0.865266717 0.398389735 0.304301046
vn -0.687507642 0.668181838 0.284369959
vn -0.865266717 0.398389735 0.304301046
vn -0.633503181 0.750852511 0.186799963
vn -0.642102291 0.764358645 0.058826095
vn -0.633503181 0.750852511 0.186799963
vn -0.268344991 0.929016508 -0.254792649
vn -0.642102291 0.764358645 0.058826095
vn -0.268344991 0.929016508 -0.254792649
vn -0.633503181 0.750852511 0.186799963
vn -0.238264342 0.883655059 -0.402968783
vn -0.238264342 0.883655059 -0.402968783
vn -0.162529691 0.811538225 -0.561239528
vn -0.015533981 0.949978136 -0.311929857
vn 0.196540198 0.978936317 -0.055277815
vn 0.087488646 0.989934512 -0.111244765
vn -0.015533981 0.949978136 -0.311929857
vn 0.312649264 0.929437646 0.195949229
vn 0.087488646 0.989934512 -0.111244765
vn 0.196540198 0.978936317 -0.055277815
vn 0.087488646 0.989934512 -0.111244765
vn 0.312649264 0.929437646 0.195949229
vn 0.200796400 0.939870242 0.276269313
vn 0.075724072 0.492990450 0.866733108
vn -0.239041028 0.890449614 0.387245235
vn 0.200796400 0.939870242 0.276269313
vn -0.687507642 0.668181838 0.284369959
vn -0.602073316 0.494349901 0.626997526
vn -0.839285111 0.316020085 0.442415877
vn -0.871232118 0.075386144 0.485047963
vn -0.865266717 0.398389735 0.304301046
vn -0.839285111 0.316020085 0.442415877
vn -0.602073316 0.494349901 0.626997526
vn -0.543601129 0.085293048 0.834998748
vn -0.839285111 0.316020085 0.442415877
vn -0.153571419 -0.985996619 -0.065011432
vn -0.552506846 -0.828688035 -0.089511600
vn -0.210704438 -0.952689224 -0.219059082
vn -0.552506846 -0.828688035 -0.089511600
vn -0.153571419 -0.985996619 -0.065011432
vn -0.277964806 -0.952972020 0.120747235
vn -0.053865525 -0.997840786 0.037580192
vn -0.098864566 -0.972778235 0.209590800
vn -0.050122077 -0.993564059 0.101578731
vn -0.098864566 -0.972778235 0.209590800
vn -0.053865525 -0.997840786 0.037580192
vn -0.061463482 -0.998045343 0.011301940
vn -0.099382950 -0.895164204 -0.434515911
vn -0.313797012 -0.610380294 -0.727301404
vn 0.019132603 -0.984914644 -0.171979907
vn 0.319865914 0.156960619 0.934370998
vn -0.299763441 0.922301151 -0.243931275
vn -0.230873110 0.972971748 0.004856380
vn -0.313797012 -0.610380294 -0.727301404
vn -0.209625294 -0.656445068 -0.724663445
vn 0.019132603 -0.984914644 -0.171979907
vn -0.431312852 0.308765600 -0.847722259
vn -0.209625294 -0.656445068 -0.724663445
vn -0.313797012 -0.610380294 -0.727301404
vn 0.200796400 0.939870242 0.276269313
vn 0.305914133 0.834072660 0.459063549
vn 0.075724072 0.492990450 0.866733108
vn 0.196540198 0.978936317 -0.055277815
vn 0.118218908 0.986019054 0.117433877
vn 0.312649264 0.929437646 0.195949229
vn 0.118218908 0.986019054 0.117433877
vn 0.196540198 0.978936317 -0.055277815
vn 0.002229269 0.984628696 -0.174646389
vn -0.015533981 0.949978136 -0.311929857
vn 0.002229269 0.984628696 -0.174646389
vn 0.196540198 0.978936317 -0.055277815
vn 0.200796400 0.939870242 0.276269313
vn 0.312649264 0.929437646 0.195949229
vn 0.305914133 0.834072660 0.459063549
vn -0.015533981 0.949978136 -0.311929857
vn -0.162529691 0.811538225 -0.561239528
vn 0.002229269 0.984628696 -0.174646389
vn -0.015533981 0.949978136 -0.311929857
vn -0.268344991 0.929016508 -0.254792649
vn -0.238264342 0.883655059 -0.402968783
vn -0.642102291 0.764358645 0.058826095
vn -0.687507642 0.668181838 0.284369959
vn -0.865266717 0.398389735 0.304301046
vn -0.684556094 0.174231783 0.707832071
vn -0.853874965 0.126442514 0.504885963
vn -0.701729403 -0.208136376 0.681362674
vn -0.230873110 0.972971748 0.004856380
vn -0.127058425 0.522569415 0.843076131
vn 0.290689784 0.198317314 0.936039365
vn 0.290689784 0.198317314 0.936039365
vn 0.276319862 -0.351877549 0.894331887
vn 0.374859971 -0.633762592 0.676627652
vn 0.276319862 -0.351877549 0.894331887
vn 0.290689784 0.198317314 0.936039365
vn -0.127058425 0.522569415 0.843076131
vn 0.097808895 -0.987828332 0.120948775
vn 0.374859971 -0.633762592 0.676627652
vn -0.026602127 -0.852366050 -0.522268555
vn 0.019132603 -0.984914644 -0.171979907
vn -0.209625294 -0.656445068 -0.724663445
vn -0.026602127 -0.852366050 -0.522268555
vn -0.026602127 -0.852366050 -0.522268555
vn -0.398237833 -0.234635873 -0.886765265
vn 0.097808895 -0.987828332 0.120948775
vn -0.398237833 -0.234635873 -0.886765265
vn -0.026602127 -0.852366050 -0.522268555
vn -0.209625294 -0.656445068 -0.724663445
vn -0.064111673 -0.989548062 0.129167826
vn -0.061463482 -0.998045343 0.011301940
vn -0.099382950 -0.895164204 -0.434515911
vn -0.061463482 -0.998045343 0.011301940
vn -0.064111673 -0.989548062 0.129167826
vn -0.352846830 -0.871032254 0.341762969
vn -0.366798475 0.710007830 -0.601122084
vn 0.038937758 0.677078944 -0.734879551
vn -0.235061307 0.832636913 -0.501459821
vn 0.013320738 0.998898523 0.044992202
vn -0.367798040 0.929845843 -0.010550336
vn -0.425539781 0.894558894 0.136675823
vn -0.367798040 0.929845843 -0.010550336
vn -0.828637948 0.455230253 0.325767660
vn -0.425539781 0.894558894 0.136675823
vn -0.828637948 0.455230253 0.325767660
vn -0.367798040 0.929845843 -0.010550336
vn -0.928971345 0.358695238 -0.091378152
vn -0.926756498 0.055594350 0.371526124
vn -0.928971345 0.358695238 -0.091378152
vn -0.966675193 -0.247362078 0.065962669
vn -0.928971345 0.358695238 -0.091378152
vn -0.926756498 0.055594350 0.371526124
vn -0.828637948 0.455230253 0.325767660
vn 0.201095329 0.977609696 0.061967330
vn -0.367798040 0.929845843 -0.010550336
vn 0.013320738 0.998898523 0.044992202
vn 0.013320738 0.998898523 0.044992202
vn 0.118218908 0.986019054 0.117433877
vn 0.201095329 0.977609696 0.061967330
vn 0.312649264 0.929437646 0.195949229
vn 0.013320738 0.998898523 0.044992202
vn 0.305914133 0.834072660 0.459063549
vn 0.013320738 0.998898523 0.044992202
vn 0.312649264 0.929437646 0.195949229
vn 0.118218908 0.986019054 0.117433877
vn -0.871232118 0.075386144 0.485047963
vn -0.828637948 0.455230253 0.325767660
vn -0.858513572 0.164913159 0.485549273
vn -0.828637948 0.455230253 0.325767660
vn -0.871232118 0.075386144 0.485047963
vn -0.543601129 0.085293048 0.834998748
vn -0.313428734 0.469609498 0.825366190
vn -0.821441429 -0.295985702 0.487469428
vn -0.967136793 0.214634115 0.136303414
vn -0.313428734 0.469609498 0.825366190
vn -0.232920654 -0.288399687 0.928748400
vn -0.821441429 -0.295985702 0.487469428
vn -0.056464026 0.412610216 0.909155995
vn -0.232920654 -0.288399687 0.928748400
vn -0.313428734 0.469609498 0.825366190
vn -0.056464026 0.412610216 0.909155995
vn -0.021852429 -0.091194815 0.995593279
vn -0.232920654 -0.288399687 0.928748400
vn 0.547912376 -0.640111181 0.538562628
vn 0.483031246 0.304291083 0.821028472
vn 0.982359658 -0.184433558 0.030883076
vn 0.043927060 -0.387304868 0.920904638
vn 0.483031246 0.304291083 0.821028472
vn 0.547912376 -0.640111181 0.538562628
vn 0.043927060 -0.387304868 0.920904638
vn 0.261889723 0.350395250 0.899242427
vn 0.483031246 0.304291083 0.821028472
vn -0.021852429 -0.091194815 0.995593279
vn 0.261889723 0.350395250 0.899242427
vn 0.043927060 -0.387304868 0.920904638
vn -0.021852429 -0.091194815 0.995593279
vn 0.102950776 0.361558599 0.926648001
vn 0.261889723 0.350395250 0.899242427
vn -0.056464026 0.412610216 0.909155995
vn 0.102950776 0.361558599 0.926648001
vn -0.021852429 -0.091194815 0.995593279
vn -0.340243801 -0.260330631 -0.903582934
vn -0.226571040 0.644448323 -0.730309471
vn -0.136457034 -0.036598024 -0.989969728
vn -0.136457034 -0.036598024 -0.989969728
vn -0.226571040 0.644448323 -0.730309471
vn -0.000012069 0.344740166 -0.938698151
vn -0.000012069 0.344740166 -0.938698151
vn -0.226571040 0.644448323 -0.730309471
vn 0.038937758 0.677078944 -0.734879551
vn 0.038937758 0.677078944 -0.734879551
vn -0.226571040 0.644448323 -0.730309471
vn -0.162529691 0.811538225 -0.561239528
vn -0.579004248 0.666829223 -0.469140563
vn -0.162529691 0.811538225 -0.561239528
vn -0.226571040 0.644448323 -0.730309471
vn -0.340243801 -0.260330631 -0.903582934
vn -0.474258400 -0.050300678 -0.878947559
vn -0.226571040 0.644448323 -0.730309471
vn -0.641068283 0.385243669 -0.663791211
vn -0.226571040 0.644448323 -0.730309471
vn -0.474258400 -0.050300678 -0.878947559
vn -0.579004248 0.666829223 -0.469140563
vn -0.226571040 0.644448323 -0.730309471
vn -0.641068283 0.385243669 -0.663791211
vn -0.255054928 -0.654145898 0.712067502
vn -0.745120199 0.561937700 -0.359196201
vn -0.099176514 0.428987834 0.897849351
vn -0.745120199 0.561937700 -0.359196201
vn -0.255054928 -0.654145898 0.712067502
vn -0.631575099 -0.393623361 -0.667962233
vn -0.105756083 0.942665551 -0.316539586
vn -0.519315953 -0.222541369 0.825097740
vn -0.967269228 -0.173052306 -0.185588629
vn -0.519315953 -0.222541369 0.825097740
vn -0.105756083 0.942665551 -0.316539586
vn 0.462071288 0.740908852 0.487385061
f 3/3/3 2/2/2 1/1/1
f 6/6/6 5/5/5 4/4/4
f 9/9/9 8/8/8 7/7/7
f 12/12/12 11/11/11 10/10/10
f 15/15/15 14/14/14 13/13/13
f 18/18/18 17/17/17 16/16/16
f 21/21/21 20/20/20 19/19/19
f 24/24/24 23/23/23 22/22/22
f 27/27/27 26/26/26 25/25/25
f 30/30/30 29/29/29 28/28/28
f 33/33/33 32/32/32 31/31/31
f 36/36/36 35/35/35 34/34/34
f 39/39/39 38/38/38 37/37/37
f 42/42/42 41/41/41 40/40/40
f 45/45/45 44/44/44 43/43/43
f 48/48/48 47/47/47 46/46/46
f 51/51/51 50/50/50 49/49/49
f 54/54/54 53/53/53 52/52/52
f 57/57/57 56/56/56 55/55/55
f 60/60/60 59/59/59 58/58/58
f 63/63/63 62/62/62 61/61/61
f 66/66/66 65/65/65 64/64/64
f 69/69/69 68/68/68 67/67/67
f 72/72/72 71/71/71 70/70/70
f 75/75/75 74/74/74 73/73/73
f 78/78/78 77/77/77 76/76/76
f 81/81/81 80/80/80 79/79/79
f 84/84/84 83/83/83 82/82/82
f 87/87/87 86/86/86 85/85/85
f 90/90/90 89/89/89 88/88/88
f 93/93/93 92/92/92 91/91/91
f 96/96/96 95/95/95 94/94/94
f 99/99/99 98/98/98 97/97/97
f 102/102/102 101/101/101 100/100/100
f 105/105/105 104/104/104 103/103/103
f 108/108/108 107/107/107 106/106/106
f 111/111/111 110/110/110 109/109/109
f 114/114/114 113/113/113 112/112/112
f 117/117/117 116/116/116 115/115/115
f 120/120/120 119/119/119 118/118/118
f 123/123/123 122/122/122 121/121/121
f 126/126/126 125/125/125 124/124/124
f 129/129/129 128/128/128 127/127/127
f 132/132/132 131/131/131 130/130/130
f 135/135/135 134/134/134 133/133/133
f 138/138/138 137/137/137 136/136/136
f 141/141/141 140/140/140 139/139/139
f 144/144/144 143/143/143 142/142/142
f 147/147/147 146/146/146 145/145/145
f 150/150/150 149/149/149 148/148/148
f 153/153/153 152/152/152 151/151/151
f 156/156/156 155/155/155 154/154/154
f 159/159/159 158/158/158 157/157/157
f 162/162/162 161/161/161 160/160/160
f 165/165/165 164/164/164 163/163/163
f 168/168/168 167/167/167 166/166/166
f 171/171/171 170/170/170 169/169/169
f 174/174/174 173/173/173 172/172/172
f 177/177/177 176/176/176 175/175/175
f 180/180/180 179/179/179 178/178/178
f 183/183/183 182/182/182 181/181/181
f 186/186/186 185/185/185 184/184/184
f 189/189/189 188/188/188 187/187/187
f 192/192/192 191/191/191 190/190/190
f 195/195/195 194/194/194 193/193/193
f 198/198/198 197/197/197 196/196/196
f 201/201/201 200/200/200 199/199/199
f 204/204/204 203/203/203 202/202/202
f 207/207/207 206/206/206 205/205/205
f 210/210/210 209/209/209 208/208/208
f 213/213/213 212/212/212 211/211/211
f 216/216/216 215/215/215 214/214/214
f 219/219/219 218/218/218 217/217/217
f 222/222/222 221/221/221 220/220/220
f 225/225/225 224/224/224 223/223/223
f 228/228/228 227/227/227 226/226/226
f 231/231/231 230/230/230 229/229/229
f 234/234/234 233/233/233 232/232/232
f 237/237/237 236/236/236 235/235/235
f 240/240/240 239/239/239 238/238/238
f 243/243/243 242/242/242 241/241/241
f 246/246/246 245/245/245 244/244/244
f 249/249/249 248/248/248 247/247/247
f 252/252/252 251/251/251 250/250/250
f 255/255/255 254/254/254 253/253/253
f 258/258/258 257/257/257 256/256/256
f 261/261/261 260/260/260 259/259/259
f 264/264/264 263/263/263 262/262/262
f 267/267/267 266/266/266 265/265/265
f 270/270/270 269/269/269 268/268/268
f 273/273/273 272/272/272 271/271/271
f 276/276/276 275/275/275 274/274/274
f 279/279/279 278/278/278 277/277/277
f 282/282/282 281/281/281 280/280/280
f 285/285/285 284/284/284 283/283/283
f 288/288/288 287/287/287 286/286/286
f 291/291/291 290/290/290 289/289/289
f 294/294/294 293/293/293 292/292/292
f 297/297/297 296/296/296 295/295/295
f 300/300/300 299/299/299 298/298/298
f 303/303/303 302/302/302 301/301/301
f 306/306/306 305/305/305 304/304/304
f 309/309/309 308/308/308 307/307/307
f 312/312/312 311/311/311 310/310/310
f 315/315/315 314/314/314 313/313/313
f 318/318/318 317/317/317 316/316/316
f 321/321/321 320/320/320 319/319/319
f 324/324/324 323/323/323 322/322/322
f 327/327/327 326/326/326 325/325/325
f 330/330/330 329/329/329 328/328/328
f 333/333/333 332/332/332 331/331/331
f 336/336/336 335/335/335 334/334/334
f 339/339/339 338/338/338 337/337/337
f 342/342/342 341/341/341 340/340/340
f 345/345/345 344/344/344 343/343/343
f 348/348/348 347/347/347 346/346/346
f 351/351/351 350/350/350 349/349/349
f 354/354/354 353/353/353 352/352/352
f 357/357/357 356/356/356 355/355/355
f 360/360/360 359/359/359 358/358/358
f 363/363/363 362/362/362 361/361/361
f 366/366/366 365/365/365 364/364/364
f 369/369/369 368/368/368 367/367/367
f 372/372/372 371/371/371 370/370/370
f 375/375/375 374/374/374 373/373/373
f 378/378/378 377/377/377 376/376/376
f 381/381/381 380/380/380 379/379/379
f 384/384/384 383/383/383 382/382/382
f 387/387/387 386/386/386 385/385/385
f 390/390/390 389/389/389 388/388/388
f 393/393/393 392/392/392 391/391/391
f 396/396/396 395/395/395 394/394/394
f 399/399/399 398/398/398 397/397/397
f 402/402/402 401/401/401 400/400/400
f 405/405/405 404/404/404 403/403/403
f 408/408/408 407/407/407 406/406/406
f 411/411/411 410/410/410 409/409/409
f 414/414/414 413/413/413 412/412/412
f 417/417/417 416/416/416 415/415/415
f 420/420/420 419/419/419 418/418/418
f 423/423/423 422/422/422 421/421/421
f 426/426/426 425/425/425 424/424/424
f 429/429/429 428/428/428 427/427/427
f 432/432/432 431/431/431 430/430/430
f 435/435/435 434/434/434 433/433/433
f 438/438/438 437/437/437 436/436/436
f 441/441/441 440/440/440 439/439/439
f 444/444/444 443/443/443 442/442/442
f 447/447/447 446/446/446 445/445/445
f 450/450/450 449/449/449 448/448/448
f 453/453/453 452/452/452 451/451/451
f 456/456/456 455/455/455 454/454/454
f 459/459/459 458/458/458 457/457/457
f 462/462/462 461/461/461 460/460/460
f 465/465/465 464/464/464 463/463/463
f 468/468/468 467/467/467 466/466/466
f 471/471/471 470/470/470 469/469/469
f 474/474/474 473/473/473 472/472/472
f 477/477/477 476/476/476 475/475/475
f 480/480/480 479/479/479 478/478/478
f 483/483/483 482/482/482 481/481/481
f 486/486/486 485/485/485 484/484/484
f 489/489/489 488/488/488 487/487/487
f 492/492/492 491/491/491 490/490/490
f 495/495/495 494/494/494 493/493/493
f 498/498/498 497/497/497 496/496/496
f 501/501/501 500/500/500 499/499/499
f 504/504/504 503/503/503 502/502/502
f 507/507/507 506/506/506 505/505/505
f 510/510/510 509/509/509 508/508/508
f 513/513/513 512/512/512 511/511/511
f 516/516/516 515/515/515 514/514/514
f 519/519/519 518/518/518 517/517/517
f 522/522/522 521/521/521 520/520/520
f 525/525/525 524/524/524 523/523/523
f 528/528/528 527/527/527 526/526/526
f 531/531/531 530/530/530 529/529/529
f 534/534/534 533/533/533 532/532/532
f 537/537/537 536/536/536 535/535/535
f 540/540/540 539/539/539 538/538/538
f 543/543/543 542/542/542 541/541/541
f 546/546/546 545/545/545 544/544/544
f 549/549/549 548/548/548 547/547/547
f 552/552/552 551/551/551 550/550/550
f 555/555/555 554/554/554 553/553/553
f 558/558/558 557/557/557 556/556/556
f 561/561/561 560/560/560 559/559/559
f 564/564/564 563/563/563 562/562/562
f 567/567/567 566/566/566 565/565/565
f 570/570/570 569/569/569 568/568/568
f 573/573/573 572/572/572 571/571/571
f 576/576/576 575/575/575 574/574/574
f 579/579/579 578/578/578 577/577/577
f 582/582/582 581/581/581 580/580/580
f 585/585/585 584/584/584 583/583/583
f 588/588/588 587/587/587 586/586/586
f 591/591/591 590/590/590 589/589/589
f 594/594/594 593/593/593 592/592/592
f 597/597/597 596/596/596 595/595/595
f 600/600/600 599/599/599 598/598/598
f 603/603/603 602/602/602 601/601/601
f 606/606/606 605/605/605 604/604/604
f 609/609/609 608/608/608 607/607/607
f 612/612/612 611/611/611 610/610/610
f 615/615/615 614/614/614 613/613/613
f 618/618/618 617/617/617 616/616/616
f 621/621/621 620/620/620 619/619/619
f 624/624/624 623/623/623 622/622/622
f 627/627/627 626/626/626 625/625/625
f 630/630/630 629/629/629 628/628/628
f 633/633/633 632/632/632 631/631/631
f 636/636/636 635/635/635 634/634/634
f 639/639/639 638/638/638 637/637/637
f 642/642/642 641/641/641 640/640/640
f 645/645/645 644/644/644 643/643/643
f 648/648/648 647/647/647 646/646/646
f 651/651/651 650/650/650 649/649/649
f 654/654/654 653/653/653 652/652/652
f 657/657/657 656/656/656 655/655/655
f 660/660/660 659/659/659 658/658/658
f 663/663/663 662/662/662 661/661/661
f 666/666/666 665/665/665 664/664/664
f 669/669/669 668/668/668 667/667/667
f 672/672/672 671/671/671 670/670/670
f 675/675/675 674/674/674 673/673/673
f 678/678/678 677/677/677 676/676/676
f 681/681/681 680/680/680 679/679/679
f 684/684/684 683/683/683 682/682/682
f 687/687/687 686/686/686 685/685/685
f 690/690/690 689/689/689 688/688/688
f 693/693/693 692/692/692 691/691/691
f 696/696/696 695/695/695 694/694/694
f 699/699/699 698/698/698 697/697/697
f 702/702/702 701/701/701 700/700/700
f 705/705/705 704/704/704 703/703/703
f 708/708/708 707/707/707 706/706/706
f 711/711/711 710/710/710 709/709/709
f 714/714/714 713/713/713 712/712/712
f 717/717/717 716/716/716 715/715/715
f 720/720/720 719/719/719 718/718/718
f 723/723/723 722/722/722 721/721/721
f 726/726/726 725/725/725 724/724/724
f 729/729/729 728/728/728 727/727/727
f 732/732/732 731/731/731 730/730/730
f 735/735/735 734/734/734 733/733/733
f 738/738/738 737/737/737 736/736/736
f 741/741/741 740/740/740 739/739/739
f 744/744/744 743/743/743 742/742/742
f 747/747/747 746/746/746 745/745/745
f 750/750/750 749/749/749 748/748/748
f 753/753/753 752/752/752 751/751/751
f 756/756/756 755/755/755 754/754/754
f 759/759/759 758/758/758 757/757/757
f 762/762/762 761/761/761 760/760/760
f 765/765/765 764/764/764 763/763/763
f 768/768/768 767/767/767 766/766/766
f 771/771/771 770/770/770 769/769/769
f 774/774/774 773/773/773 772/772/772
f 777/777/777 776/776/776 775/775/775
f 780/780/780 779/779/779 778/778/778
f 783/783/783 782/782/782 781/781/781
f 786/786/786 785/785/785 784/784/784
f 789/789/789 788/788/788 787/787/787
f 792/792/792 791/791/791 790/790/790
f 795/795/795 794/794/794 793/793/793
f 798/798/798 797/797/797 796/796/796
f 801/801/801 800/800/800 799/799/799
f 804/804/804 803/803/803 802/802/802
f 807/807/807 806/806/806 805/805/805
f 810/810/810 809/809/809 808/808/808
f 813/813/813 812/812/812 811/811/811
f 816/816/816 815/815/815 814/814/814
f 819/819/819 818/818/818 817/817/817
f 822/822/822 821/821/821 820/820/820
f 825/825/825 824/824/824 823/823/823
f 828/828/828 827/827/827 826/826/826
f 831/831/831 830/830/830 829/829/829
f 834/834/834 833/833/833 832/832/832
f 837/837/837 836/836/836 835/835/835
f 840/840/840 839/839/839 838/838/838
f 843/843/843 842/842/842 841/841/841
f 846/846/846 845/845/845 844/844/844
f 849/849/849 848/848/848 847/847/847
f 852/852/852 851/851/851 850/850/850
f 855/855/855 854/854/854 853/853/853
f 858/858/858 857/857/857 856/856/856
f 861/861/861 860/860/860 859/859/859
f 864/864/864 863/863/863 862/862/862
f 867/867/867 866/866/866 865/865/865
f 870/870/870 869/869/869 868/868/868
f 873/873/873 872/872/872 871/871/871
f 876/876/876 875/875/875 874/874/874
f 879/879/879 878/878/878 877/877/877
f 882/882/882 881/881/881 880/880/880
f 885/885/885 884/884/884 883/883/883
f 888/888/888 887/887/887 886/886/886
f 891/891/891 890/890/890 889/889/889
f 894/894/894 893/893/893 892/892/892
f 897/897/897 896/896/896 895/895/895
f 900/900/900 899/899/899 898/898/898
f 903/903/903 902/902/902 901/901/901
f 906/906/906 905/905/905 904/904/904
f 909/909/909 908/908/908 907/907/907
f 912/912/912 911/911/911 910/910/910
f 915/915/915 914/914/914 913/913/913
f 918/918/918 917/917/917 916/916/916
f 921/921/921 920/920/920 919/919/919
f 924/924/924 923/923/923 922/922/922
f 927/927/927 926/926/926 925/925/925
f 930/930/930 929/929/929 928/928/928
f 933/933/933 932/932/932 931/931/931
f 936/936/936 935/935/935 934/934/934
f 939/939/939 938/938/938 937/937/937
f 942/942/942 941/941/941 940/940/940
f 945/945/945 944/944/944 943/943/943
f 948/948/948 947/947/947 946/946/946
f 951/951/951 950/950/950 949/949/949
f 954/954/954 953/953/953 952/952/952
f 957/957/957 956/956/956 955/955/955
f 960/960/960 959/959/959 958/958/958
f 963/963/963 962/962/962 961/961/961
f 966/966/966 965/965/965 964/964/964
f 969/969/969 968/968/968 967/967/967
f 972/972/972 971/971/971 970/970/970
f 975/975/975 974/974/974 973/973/973
f 978/978/978 977/977/977 976/976/976
f 981/981/981 980/980/980 979/979/979
f 984/984/984 983/983/983 982/982/982
f 987/987/987 986/986/986 985/985/985
f 990/990/990 989/989/989 988/988/988
f 993/993/993 992/992/992 991/991/991
f 996/996/996 995/995/995 994/994/994
f 999/999/999 998/998/998 997/997/997
f 1002/1002/1002 1001/1001/1001 1000/1000/1000
f 1005/1005/1005 1004/1004/1004 1003/1003/1003
f 1008/1008/1008 1007/1007/1007 1006/1006/1006
f 1011/1011/1011 1010/1010/1010 1009/1009/1009
f 1014/1014/1014 1013/1013/1013 1012/1012/1012
f 1017/1017/1017 1016/1016/1016 1015/1015/1015
f 1020/1020/1020 1019/1019/1019 1018/1018/1018
f 1023/1023/1023 1022/1022/1022 1021/1021/1021
f 1026/1026/1026 1025/1025/1025 1024/1024/1024
f 1029/1029/1029 1028/1028/1028 1027/1027/1027
f 1032/1032/1032 1031/1031/1031 1030/1030/1030
f 1035/1035/1035 1034/1034/1034 1033/1033/1033
f 1038/1038/1038 1037/1037/1037 1036/1036/1036
f 1041/1041/1041 1040/1040/1040 1039/1039/1039
f 1044/1044/1044 1043/1043/1043 1042/1042/1042
f 1047/1047/1047 1046/1046/1046 1045/1045/1045
f 1050/1050/1050 1049/1049/1049 1048/1048/1048
f 1053/1053/1053 1052/1052/1052 1051/1051/1051
f 1056/1056/1056 1055/1055/1055 1054/1054/1054
f 1059/1059/1059 1058/1058/1058 1057/1057/1057
f 1062/1062/1062 1061/1061/1061 1060/1060/1060
f 1065/1065/1065 1064/1064/1064 1063/1063/1063
f 1068/1068/1068 1067/1067/1067 1066/1066/1066
f 1071/1071/1071 1070/1070/1070 1069/1069/1069
f 1074/1074/1074 1073/1073/1073 1072/1072/1072
f 1077/1077/1077 1076/1076/1076 1075/1075/1075
f 1080/1080/1080 1079/1079/1079 1078/1078/1078
f 1083/1083/1083 1082/1082/1082 1081/1081/1081
f 1086/1086/1086 1085/1085/1085 1084/1084/1084
f 1089/1089/1089 1088/1088/1088 1087/1087/1087
f 1092/1092/1092 1091/1091/1091 1090/1090/1090
f 1095/1095/1095 1094/1094/1094 1093/1093/1093
f 1098/1098/1098 1097/1097/1097 1096/1096/1096
f 1101/1101/1101 1100/1100/1100 1099/1099/1099
f 1104/1104/1104 1103/1103/1103 1102/1102/1102
f 1107/1107/1107 1106/1106/1106 1105/1105/1105
f 1110/1110/1110 1109/1109/1109 1108/1108/1108
f 1113/1113/1113 1112/1112/1112 1111/1111/1111
f 1116/1116/1116 1115/1115/1115 1114/1114/1114
f 1119/1119/1119 1118/1118/1118 1117/1117/1117
f 1122/1122/1122 1121/1121/1121 1120/1120/1120
f 1125/1125/1125 1124/1124/1124 1123/1123/1123
f 1128/1128/1128 1127/1127/1127 1126/1126/1126
f 1131/1131/1131 1130/1130/1130 1129/1129/1129
f 1134/1134/1134 1133/1133/1133 1132/1132/1132
f 1137/1137/1137 1136/1136/1136 1135/1135/1135
f 1140/1140/1140 1139/1139/1139 1138/1138/1138
f 1143/1143/1143 1142/1142/1142 1141/1141/1141
f 1146/1146/1146 1145/1145/1145 1144/1144/1144
f 1149/1149/1149 1148/1148/1148 1147/1147/1147
f 1152/1152/1152 1151/1151/1151 1150/1150/1150
f 1155/1155/1155 1154/1154/1154 1153/1153/1153
f 1158/1158/1158 1157/1157/1157 1156/1156/1156
f 1161/1161/1161 1160/1160/1160 1159/1159/1159
f 1164/1164/1164 1163/1163/1163 1162/1162/1162
f 1167/1167/1167 1166/1166/1166 1165/1165/1165
f 1170/1170/1170 1169/1169/1169 1168/1168/1168
f 1173/1173/1173 1172/1172/1172 1171/1171/1171
f 1176/1176/1176 1175/1175/1175 1174/1174/1174
f 1179/1179/1179 1178/1178/1178 1177/1177/1177
f 1182/1182/1182 1181/1181/1181 1180/1180/1180
f 1185/1185/1185 1184/1184/1184 1183/1183/1183
f 1188/1188/1188 1187/1187/1187 1186/1186/1186
f 1191/1191/1191 1190/1190/1190 1189/1189/1189
f 1194/1194/1194 1193/1193/1193 1192/1192/1192
f 1197/1197/1197 1196/1196/1196 1195/1195/1195
f 1200/1200/1200 1199/1199/1199 1198/1198/1198
f 1203/1203/1203 1202/1202/1202 1201/1201/1201
f 1206/1206/1206 1205/1205/1205 1204/1204/1204
f 1209/1209/1209 1208/1208/1208 1207/1207/1207
f 1212/1212/1212 1211/1211/1211 1210/1210/1210
