# Static pose baked from local Project Zomboid assets
o Body
v 0.007760854 0.114160391 -0.272089900
v -0.020764740 0.112338011 -0.261062920
v 0.004015948 0.107125825 -0.292234543
v 0.019759566 0.122152592 -0.227484635
v 0.017313649 0.143244335 -0.193668879
v 0.002550137 0.132236775 -0.221228097
v 0.017313649 0.143244335 -0.193668879
v 0.019759566 0.122152592 -0.227484635
v 0.034146614 0.129600154 -0.200103188
v -0.043868496 0.074531818 -0.302014063
v 0.005938426 0.055190134 -0.304515028
v -0.007784099 0.077067174 -0.306621938
v 0.005938426 0.055190134 -0.304515028
v -0.043868496 0.074531818 -0.302014063
v -0.017608551 0.048173969 -0.290563669
v 0.060768642 0.015141096 -0.052010112
v 0.024150922 0.018713368 -0.091279024
v 0.024787373 -0.005511775 -0.054408989
v 0.024150922 0.018713368 -0.091279024
v 0.060768642 0.015141096 -0.052010112
v 0.054849517 0.035312537 -0.090872617
v 0.069784645 0.065525267 -0.078348115
v 0.060768642 0.015141096 -0.052010112
v 0.078661777 0.055177609 -0.044238385
v 0.060768642 0.015141096 -0.052010112
v 0.069784645 0.065525267 -0.078348115
v 0.054849517 0.035312537 -0.090872617
v 0.054261948 0.091314302 -0.063167090
v 0.072046646 0.078962975 -0.013757838
v 0.045578337 0.094452665 -0.006950907
v 0.072046646 0.078962975 -0.013757838
v 0.054261948 0.091314302 -0.063167090
v 0.069784645 0.065525267 -0.078348115
v 0.002550137 0.132236775 -0.221228097
v -0.004458491 0.141570797 -0.184620308
v -0.016460121 0.131559549 -0.204469945
v -0.004458491 0.141570797 -0.184620308
v 0.002550137 0.132236775 -0.221228097
v 0.017313649 0.143244335 -0.193668879
v 0.024787373 -0.005511775 -0.054408989
v -0.009782406 0.026182687 -0.071267627
v -0.015799720 0.008124382 -0.031744261
v -0.009782406 0.026182687 -0.071267627
v 0.024787373 -0.005511775 -0.054408989
v 0.024150922 0.018713368 -0.091279024
v 0.022637200 0.034577596 -0.161088535
v -0.022171051 0.037158311 -0.177970026
v -0.016690531 0.032578944 -0.150194397
v -0.022171051 0.037158311 -0.177970026
v 0.022637200 0.034577596 -0.161088535
v 0.016539932 0.039373029 -0.205150629
v 0.053171666 0.101666718 0.034947005
v 0.091588418 0.100058287 0.138225557
v 0.054983283 0.121009847 0.132391374
v 0.091588418 0.100058287 0.138225557
v 0.053171666 0.101666718 0.034947005
v 0.095899204 0.065059691 0.041935447
v 0.091588418 0.100058287 0.138225557
v 0.055289458 0.132663196 0.228239578
v 0.054983283 0.121009847 0.132391374
v 0.055289458 0.132663196 0.228239578
v 0.091588418 0.100058287 0.138225557
v 0.076292624 0.112828296 0.228268172
v 0.016786625 0.085884452 0.042782798
v 0.041452962 0.032574515 0.149491010
v 0.021370090 0.016213130 0.063331291
v 0.041452962 0.032574515 0.149491010
v 0.016786625 0.085884452 0.042782798
v 0.014083256 0.089813045 0.138170920
v 0.014083256 0.089813045 0.138170920
v 0.053340025 0.072067674 0.229419490
v 0.041452962 0.032574515 0.149491010
v 0.053340025 0.072067674 0.229419490
v 0.014083256 0.089813045 0.138170920
v 0.033228888 0.109040188 0.230796601
v 0.041452962 0.032574515 0.149491010
v 0.088960526 0.024024946 0.079880600
v 0.021370090 0.016213130 0.063331291
v 0.088960526 0.024024946 0.079880600
v 0.041452962 0.032574515 0.149491010
v 0.087388362 0.047413280 0.144999845
v 0.041452962 0.032574515 0.149491010
v 0.073753719 0.075616871 0.225069621
v 0.087388362 0.047413280 0.144999845
v 0.073753719 0.075616871 0.225069621
v 0.041452962 0.032574515 0.149491010
v 0.053340025 0.072067674 0.229419490
v 0.088960526 0.024024946 0.079880600
v 0.091588418 0.100058287 0.138225557
v 0.095899204 0.065059691 0.041935447
v 0.091588418 0.100058287 0.138225557
v 0.088960526 0.024024946 0.079880600
v 0.087388362 0.047413280 0.144999845
v 0.087388362 0.047413280 0.144999845
v 0.076292624 0.112828296 0.228268172
v 0.091588418 0.100058287 0.138225557
v 0.076292624 0.112828296 0.228268172
v 0.087388362 0.047413280 0.144999845
v 0.073753719 0.075616871 0.225069621
v 0.111781356 0.045036069 0.488375645
v 0.085756385 0.000876385 0.487454922
v 0.078358721 0.037679568 0.495276273
v 0.085756385 0.000876385 0.487454922
v 0.111781356 0.045036069 0.488375645
v 0.116405551 0.010697819 0.481509878
v 0.061839809 0.113716791 0.269448538
v 0.087418198 0.077074728 0.350799389
v 0.065410737 0.094807621 0.349694376
v 0.087418198 0.077074728 0.350799389
v 0.061839809 0.113716791 0.269448538
v 0.092192781 0.094606268 0.290043409
v 0.065410737 0.094807621 0.349694376
v 0.084758017 0.058830204 0.426383200
v 0.071011911 0.078319160 0.432589688
v 0.084758017 0.058830204 0.426383200
v 0.065410737 0.094807621 0.349694376
v 0.087418198 0.077074728 0.350799389
v 0.036300439 0.088000951 0.298554833
v 0.060374708 0.037750611 0.338532359
v 0.053578328 0.046328457 0.261165910
v 0.060374708 0.037750611 0.338532359
v 0.036300439 0.088000951 0.298554833
v 0.050063532 0.074133253 0.354473614
v 0.050063532 0.074133253 0.354473614
v 0.069845169 0.035117712 0.419733289
v 0.060374708 0.037750611 0.338532359
v 0.069845169 0.035117712 0.419733289
v 0.050063532 0.074133253 0.354473614
v 0.062836682 0.056460165 0.440874136
v 0.053578328 0.046328457 0.261165910
v 0.094586980 0.043674957 0.337111869
v 0.095681094 0.052877028 0.264646631
v 0.094586980 0.043674957 0.337111869
v 0.053578328 0.046328457 0.261165910
v 0.060374708 0.037750611 0.338532359
v 0.060374708 0.037750611 0.338532359
v 0.086860016 0.038794160 0.414631002
v 0.094586980 0.043674957 0.337111869
v 0.086860016 0.038794160 0.414631002
v 0.060374708 0.037750611 0.338532359
v 0.069845169 0.035117712 0.419733289
v 0.095681094 0.052877028 0.264646631
v 0.087418198 0.077074728 0.350799389
v 0.092192781 0.094606268 0.290043409
v 0.087418198 0.077074728 0.350799389
v 0.095681094 0.052877028 0.264646631
v 0.094586980 0.043674957 0.337111869
v 0.094586980 0.043674957 0.337111869
v 0.084758017 0.058830204 0.426383200
v 0.087418198 0.077074728 0.350799389
v 0.084758017 0.058830204 0.426383200
v 0.094586980 0.043674957 0.337111869
v 0.086860016 0.038794160 0.414631002
v 0.095899204 0.065059691 0.041935447
v 0.072046646 0.078962975 -0.013757838
v 0.088215784 0.051367770 -0.002963920
v 0.072046646 0.078962975 -0.013757838
v 0.095899204 0.065059691 0.041935447
v 0.053171666 0.101666718 0.034947005
v 0.045578337 0.094452665 -0.006950907
v 0.016786625 0.085884452 0.042782798
v 0.007010737 0.109715260 0.033778968
v 0.024787373 -0.005511775 -0.054408989
v 0.066996878 0.003005917 -0.005739786
v 0.060768642 0.015141096 -0.052010112
v 0.066996878 0.003005917 -0.005739786
v 0.024787373 -0.005511775 -0.054408989
v 0.022951940 -0.016082064 -0.007268250
v 0.022951940 -0.016082064 -0.007268250
v 0.078594672 0.015827039 0.048033651
v 0.066996878 0.003005917 -0.005739786
v 0.078594672 0.015827039 0.048033651
v 0.022951940 -0.016082064 -0.007268250
v 0.030390708 -0.001843478 0.041328294
v 0.030390708 -0.001843478 0.041328294
v 0.021370090 0.016213130 0.063331291
v 0.078594672 0.015827039 0.048033651
v 0.061839809 0.113716791 0.269448538
v 0.076292624 0.112828296 0.228268172
v 0.092192781 0.094606268 0.290043409
v 0.076292624 0.112828296 0.228268172
v 0.061839809 0.113716791 0.269448538
v 0.055289458 0.132663196 0.228239578
v 0.092192781 0.094606268 0.290043409
v 0.073753719 0.075616871 0.225069621
v 0.095681094 0.052877028 0.264646631
v 0.073753719 0.075616871 0.225069621
v 0.092192781 0.094606268 0.290043409
v 0.076292624 0.112828296 0.228268172
v 0.073753719 0.075616871 0.225069621
v 0.053578328 0.046328457 0.261165910
v 0.095681094 0.052877028 0.264646631
v 0.053578328 0.046328457 0.261165910
v 0.073753719 0.075616871 0.225069621
v 0.053340025 0.072067674 0.229419490
v 0.053340025 0.072067674 0.229419490
v 0.036300439 0.088000951 0.298554833
v 0.053578328 0.046328457 0.261165910
v 0.036300439 0.088000951 0.298554833
v 0.053340025 0.072067674 0.229419490
v 0.033228888 0.109040188 0.230796601
v 0.060768642 0.015141096 -0.052010112
v 0.088215784 0.051367770 -0.002963920
v 0.078661777 0.055177609 -0.044238385
v 0.088215784 0.051367770 -0.002963920
v 0.060768642 0.015141096 -0.052010112
v 0.066996878 0.003005917 -0.005739786
v 0.066996878 0.003005917 -0.005739786
v 0.095899204 0.065059691 0.041935447
v 0.088215784 0.051367770 -0.002963920
v 0.095899204 0.065059691 0.041935447
v 0.066996878 0.003005917 -0.005739786
v 0.078594672 0.015827039 0.048033651
v 0.078594672 0.015827039 0.048033651
v 0.088960526 0.024024946 0.079880600
v 0.095899204 0.065059691 0.041935447
v 0.024608803 0.028788574 -0.113571869
v 0.039406134 0.041776674 -0.167169701
v 0.022637200 0.034577596 -0.161088535
v 0.043769491 0.057739214 -0.173759115
v 0.044551517 0.092826927 -0.165094516
v 0.039171809 0.066347919 -0.209665575
v 0.040492136 0.099380440 -0.178380980
v 0.027451619 0.118527650 -0.155826313
v 0.025329048 0.121893907 -0.161019909
v 0.027451619 0.118527650 -0.155826313
v 0.040492136 0.099380440 -0.178380980
v 0.044551517 0.092826927 -0.165094516
v 0.027451619 0.118527650 -0.155826313
v 0.004722308 0.123233465 -0.157394274
v 0.025329048 0.121893907 -0.161019909
v 0.004722308 0.123233465 -0.157394274
v 0.027451619 0.118527650 -0.155826313
v 0.002066182 0.119985684 -0.152938371
v 0.092196957 0.090482594 -0.295117764
v 0.119674311 0.049054007 -0.265059660
v 0.082035645 0.071155662 -0.271466434
v 0.136453203 0.066757663 -0.298194769
v 0.143807413 0.009155258 -0.281674245
v 0.119674311 0.049054007 -0.265059660
v 0.143807413 0.009155258 -0.281674245
v 0.136453203 0.066757663 -0.298194769
v 0.163421706 0.027157551 -0.304803207
v 0.060852261 0.044497968 -0.296555889
v 0.119674311 0.049054007 -0.265059660
v 0.100827254 0.017691334 -0.296622845
v 0.119674311 0.049054007 -0.265059660
v 0.060852261 0.044497968 -0.296555889
v 0.082035645 0.071155662 -0.271466434
v 0.119674311 0.049054007 -0.265059660
v 0.159433451 -0.002683784 -0.284933684
v 0.100827254 0.017691334 -0.296622845
v 0.159433451 -0.002683784 -0.284933684
v 0.119674311 0.049054007 -0.265059660
v 0.143807413 0.009155258 -0.281674245
v 0.038382838 0.059539234 -0.299776769
v 0.060852261 0.044497968 -0.296555889
v 0.066912345 0.050739204 -0.309627709
v 0.060852261 0.044497968 -0.296555889
v 0.038382838 0.059539234 -0.299776769
v 0.038739513 0.059989188 -0.289824272
v 0.100827254 0.017691334 -0.296622845
v 0.168832120 0.015283016 -0.306413736
v 0.119075452 0.039550350 -0.321182611
v 0.168832120 0.015283016 -0.306413736
v 0.100827254 0.017691334 -0.296622845
v 0.159433451 -0.002683784 -0.284933684
v 0.083482079 0.074985607 -0.317032476
v 0.119075452 0.039550350 -0.321182611
v 0.136453203 0.066757663 -0.298194769
v 0.119075452 0.039550350 -0.321182611
v 0.163421706 0.027157551 -0.304803207
v 0.136453203 0.066757663 -0.298194769
v 0.163421706 0.027157551 -0.304803207
v 0.119075452 0.039550350 -0.321182611
v 0.168832120 0.015283016 -0.306413736
v 0.139161240 0.047710631 -0.306494664
v 0.103749973 0.079174077 -0.253740477
v 0.115827981 0.025548938 -0.279247226
v 0.103749973 0.079174077 -0.253740477
v 0.139161240 0.047710631 -0.306494664
v 0.115969537 0.090521482 -0.273594417
v 0.115969537 0.090521482 -0.273594417
v 0.091036492 0.120552175 -0.237767822
v 0.103749973 0.079174077 -0.253740477
v 0.091036492 0.120552175 -0.237767822
v 0.115969537 0.090521482 -0.273594417
v 0.097257145 0.128862129 -0.246294551
v 0.115827981 0.025548938 -0.279247226
v 0.138846455 0.079430529 -0.237856240
v 0.161657579 0.025315197 -0.256934006
v 0.138846455 0.079430529 -0.237856240
v 0.115827981 0.025548938 -0.279247226
v 0.103749973 0.079174077 -0.253740477
v 0.103749973 0.079174077 -0.253740477
v 0.113731560 0.122480857 -0.223609378
v 0.138846455 0.079430529 -0.237856240
v 0.113731560 0.122480857 -0.223609378
v 0.103749973 0.079174077 -0.253740477
v 0.091036492 0.120552175 -0.237767822
v 0.161657579 0.025315197 -0.256934006
v 0.148516153 0.088488957 -0.254209670
v 0.170868330 0.044623006 -0.288075665
v 0.148516153 0.088488957 -0.254209670
v 0.161657579 0.025315197 -0.256934006
v 0.138846455 0.079430529 -0.237856240
v 0.138846455 0.079430529 -0.237856240
v 0.118575739 0.129270518 -0.231311793
v 0.148516153 0.088488957 -0.254209670
v 0.118575739 0.129270518 -0.231311793
v 0.138846455 0.079430529 -0.237856240
v 0.113731560 0.122480857 -0.223609378
v 0.170868330 0.044623006 -0.288075665
v 0.115969537 0.090521482 -0.273594417
v 0.139161240 0.047710631 -0.306494664
v 0.115969537 0.090521482 -0.273594417
v 0.170868330 0.044623006 -0.288075665
v 0.148516153 0.088488957 -0.254209670
v 0.148516153 0.088488957 -0.254209670
v 0.097257145 0.128862129 -0.246294551
v 0.115969537 0.090521482 -0.273594417
v 0.097257145 0.128862129 -0.246294551
v 0.148516153 0.088488957 -0.254209670
v 0.118575739 0.129270518 -0.231311793
v 0.039015337 0.234079062 -0.209834128
v 0.069730183 0.217858173 -0.179707069
v 0.034390217 0.225797374 -0.206014670
v 0.069730183 0.217858173 -0.179707069
v 0.039015337 0.234079062 -0.209834128
v 0.073693759 0.225704427 -0.183331026
v 0.027961479 0.189214279 -0.239493281
v 0.036907368 0.199309921 -0.240325560
v 0.029721928 0.197483708 -0.235430226
v 0.036907368 0.199309921 -0.240325560
v 0.027961479 0.189214279 -0.239493281
v 0.032493814 0.190367012 -0.247744546
v 0.101316726 0.147559391 -0.202761817
v 0.056527944 0.175677323 -0.227955492
v 0.087642209 0.184541048 -0.187009988
v 0.056527944 0.175677323 -0.227955492
v 0.101316726 0.147559391 -0.202761817
v 0.064878561 0.144072671 -0.233011839
v 0.101316726 0.147559391 -0.202761817
v 0.091640074 0.192450862 -0.190803053
v 0.113049459 0.160248820 -0.213767320
v 0.091640074 0.192450862 -0.190803053
v 0.101316726 0.147559391 -0.202761817
v 0.087642209 0.184541048 -0.187009988
v 0.078143597 0.159762628 -0.248702568
v 0.091640074 0.192450862 -0.190803053
v 0.065026833 0.190108035 -0.231171056
v 0.091640074 0.192450862 -0.190803053
v 0.078143597 0.159762628 -0.248702568
v 0.113049459 0.160248820 -0.213767320
v 0.168832120 0.015283016 -0.306413736
v 0.139161240 0.047710631 -0.306494664
v 0.163421706 0.027157551 -0.304803207
v 0.139161240 0.047710631 -0.306494664
v 0.168832120 0.015283016 -0.306413736
v 0.170868330 0.044623006 -0.288075665
v 0.163421706 0.027157551 -0.304803207
v 0.115827981 0.025548938 -0.279247226
v 0.143807413 0.009155258 -0.281674245
v 0.115827981 0.025548938 -0.279247226
v 0.163421706 0.027157551 -0.304803207
v 0.139161240 0.047710631 -0.306494664
v 0.159433451 -0.002683784 -0.284933684
v 0.115827981 0.025548938 -0.279247226
v 0.161657579 0.025315197 -0.256934006
v 0.115827981 0.025548938 -0.279247226
v 0.159433451 -0.002683784 -0.284933684
v 0.143807413 0.009155258 -0.281674245
v 0.161657579 0.025315197 -0.256934006
v 0.168832120 0.015283016 -0.306413736
v 0.159433451 -0.002683784 -0.284933684
v 0.168832120 0.015283016 -0.306413736
v 0.161657579 0.025315197 -0.256934006
v 0.170868330 0.044623006 -0.288075665
v 0.028265035 0.080328354 -0.327339176
v 0.083482079 0.074985607 -0.317032476
v 0.029563991 0.095701629 -0.322818754
v 0.029563991 0.095701629 -0.322818754
v -0.007784099 0.077067174 -0.306621938
v 0.028265035 0.080328354 -0.327339176
v -0.007784099 0.077067174 -0.306621938
v 0.029563991 0.095701629 -0.322818754
v -0.004520674 0.091352461 -0.305781470
v 0.039406134 0.041776674 -0.167169701
v 0.016539932 0.039373029 -0.205150629
v 0.022637200 0.034577596 -0.161088535
v 0.016539932 0.039373029 -0.205150629
v 0.039406134 0.041776674 -0.167169701
v 0.032586305 0.041851587 -0.220017158
v -0.007784099 0.077067174 -0.306621938
v -0.038032798 0.088350865 -0.299816997
v -0.043868496 0.074531818 -0.302014063
v 0.034877771 0.114627670 -0.305760582
v 0.007760854 0.114160391 -0.272089900
v 0.004015948 0.107125825 -0.292234543
v 0.007760854 0.114160391 -0.272089900
v 0.034877771 0.114627670 -0.305760582
v 0.040820481 0.112299886 -0.285270196
v 0.092196957 0.090482594 -0.295117764
v 0.040820481 0.112299886 -0.285270196
v 0.034877771 0.114627670 -0.305760582
v 0.005938426 0.055190134 -0.304515028
v -0.017608551 0.048173969 -0.290563669
v 0.001451684 0.035949828 -0.254132847
v 0.001451684 0.035949828 -0.254132847
v -0.058282482 0.045953698 -0.271924168
v -0.039165069 0.034518182 -0.222800581
v -0.058282482 0.045953698 -0.271924168
v 0.001451684 0.035949828 -0.254132847
v -0.017608551 0.048173969 -0.290563669
v 0.028265035 0.080328354 -0.327339176
v -0.007784099 0.077067174 -0.306621938
v 0.005938426 0.055190134 -0.304515028
v 0.038382838 0.059539234 -0.299776769
v 0.005938426 0.055190134 -0.304515028
v 0.026269508 0.048632174 -0.279368234
v 0.038739513 0.059989188 -0.289824272
v 0.030535751 0.087805964 -0.247033063
v 0.041917046 0.099320116 -0.269020633
v 0.030535751 0.087805964 -0.247033063
v 0.038739513 0.059989188 -0.289824272
v 0.030008429 0.052447081 -0.267920827
v 0.016605700 0.114242882 -0.250473631
v 0.041917046 0.099320116 -0.269020633
v 0.030535751 0.087805964 -0.247033063
v 0.040830353 0.104129673 -0.198052684
v 0.037638822 0.088756779 -0.209404267
v 0.040492136 0.099380440 -0.178380980
v 0.039171809 0.066347919 -0.209665575
v 0.038234766 0.051272107 -0.214785040
v 0.043769491 0.057739214 -0.173759115
v 0.097257145 0.128862129 -0.246294551
v 0.064878561 0.144072671 -0.233011839
v 0.091036492 0.120552175 -0.237767822
v 0.064878561 0.144072671 -0.233011839
v 0.097257145 0.128862129 -0.246294551
v 0.078143597 0.159762628 -0.248702568
v 0.097257145 0.128862129 -0.246294551
v 0.113049459 0.160248820 -0.213767320
v 0.078143597 0.159762628 -0.248702568
v 0.113049459 0.160248820 -0.213767320
v 0.097257145 0.128862129 -0.246294551
v 0.118575739 0.129270518 -0.231311793
v 0.118575739 0.129270518 -0.231311793
v 0.101316726 0.147559391 -0.202761817
v 0.113049459 0.160248820 -0.213767320
v 0.101316726 0.147559391 -0.202761817
v 0.118575739 0.129270518 -0.231311793
v 0.113731560 0.122480857 -0.223609378
v 0.101316726 0.147559391 -0.202761817
v 0.091036492 0.120552175 -0.237767822
v 0.064878561 0.144072671 -0.233011839
v 0.091036492 0.120552175 -0.237767822
v 0.101316726 0.147559391 -0.202761817
v 0.113731560 0.122480857 -0.223609378
v -0.043868496 0.074531818 -0.302014063
v -0.042967374 0.093355048 -0.320248129
v -0.043318584 0.076757227 -0.324099219
v -0.042967374 0.093355048 -0.320248129
v -0.043868496 0.074531818 -0.302014063
v -0.038032798 0.088350865 -0.299816997
v -0.068074684 0.070007301 -0.295541531
v -0.043318584 0.076757227 -0.324099219
v -0.058878230 0.062516251 -0.326127134
v -0.043318584 0.076757227 -0.324099219
v -0.068074684 0.070007301 -0.295541531
v -0.043868496 0.074531818 -0.302014063
v 0.087642209 0.184541048 -0.187009988
v 0.034390217 0.225797374 -0.206014670
v 0.069730183 0.217858173 -0.179707069
v 0.034390217 0.225797374 -0.206014670
v 0.087642209 0.184541048 -0.187009988
v 0.056527944 0.175677323 -0.227955492
v 0.056527944 0.175677323 -0.227955492
v 0.039015337 0.234079062 -0.209834128
v 0.034390217 0.225797374 -0.206014670
v 0.039015337 0.234079062 -0.209834128
v 0.056527944 0.175677323 -0.227955492
v 0.065026833 0.190108035 -0.231171056
v 0.039015337 0.234079062 -0.209834128
v 0.091640074 0.192450862 -0.190803053
v 0.073693759 0.225704427 -0.183331026
v 0.091640074 0.192450862 -0.190803053
v 0.039015337 0.234079062 -0.209834128
v 0.065026833 0.190108035 -0.231171056
v 0.073693759 0.225704427 -0.183331026
v 0.087642209 0.184541048 -0.187009988
v 0.069730183 0.217858173 -0.179707069
v 0.087642209 0.184541048 -0.187009988
v 0.073693759 0.225704427 -0.183331026
v 0.091640074 0.192450862 -0.190803053
v 0.078143597 0.159762628 -0.248702568
v 0.038657649 0.172300279 -0.236922329
v 0.064878561 0.144072671 -0.233011839
v 0.038657649 0.172300279 -0.236922329
v 0.078143597 0.159762628 -0.248702568
v 0.046850851 0.178303799 -0.248804934
v 0.038657649 0.172300279 -0.236922329
v 0.056527944 0.175677323 -0.227955492
v 0.064878561 0.144072671 -0.233011839
v 0.056527944 0.175677323 -0.227955492
v 0.038657649 0.172300279 -0.236922329
v 0.045929264 0.184352481 -0.228639351
v 0.056527944 0.175677323 -0.227955492
v 0.060462146 0.186173591 -0.234138301
v 0.065026833 0.190108035 -0.231171056
v 0.060462146 0.186173591 -0.234138301
v 0.056527944 0.175677323 -0.227955492
v 0.045929264 0.184352481 -0.228639351
v 0.060462146 0.186173591 -0.234138301
v 0.078143597 0.159762628 -0.248702568
v 0.065026833 0.190108035 -0.231171056
v 0.078143597 0.159762628 -0.248702568
v 0.060462146 0.186173591 -0.234138301
v 0.046850851 0.178303799 -0.248804934
v 0.046850851 0.178303799 -0.248804934
v 0.027961479 0.189214279 -0.239493281
v 0.038657649 0.172300279 -0.236922329
v 0.027961479 0.189214279 -0.239493281
v 0.046850851 0.178303799 -0.248804934
v 0.032493814 0.190367012 -0.247744546
v 0.038657649 0.172300279 -0.236922329
v 0.029721928 0.197483708 -0.235430226
v 0.045929264 0.184352481 -0.228639351
v 0.029721928 0.197483708 -0.235430226
v 0.038657649 0.172300279 -0.236922329
v 0.027961479 0.189214279 -0.239493281
v 0.045929264 0.184352481 -0.228639351
v 0.036907368 0.199309921 -0.240325560
v 0.060462146 0.186173591 -0.234138301
v 0.036907368 0.199309921 -0.240325560
v 0.045929264 0.184352481 -0.228639351
v 0.029721928 0.197483708 -0.235430226
v 0.060462146 0.186173591 -0.234138301
v 0.032493814 0.190367012 -0.247744546
v 0.046850851 0.178303799 -0.248804934
v 0.032493814 0.190367012 -0.247744546
v 0.060462146 0.186173591 -0.234138301
v 0.036907368 0.199309921 -0.240325560
v 0.098625632 0.103905278 0.481899713
v 0.065578666 0.133247474 0.516116257
v 0.064741982 0.129784778 0.498366928
v 0.065578666 0.133247474 0.516116257
v 0.098625632 0.103905278 0.481899713
v 0.106844544 0.109008816 0.501401635
v 0.074433902 0.006879079 0.458102769
v 0.078358721 0.037679568 0.495276273
v 0.085756385 0.000876385 0.487454922
v 0.078358721 0.037679568 0.495276273
v 0.074433902 0.006879079 0.458102769
v 0.066827352 0.042387907 0.474596636
v 0.069845169 0.035117712 0.419733289
v 0.110014268 0.019224365 0.448172409
v 0.086860016 0.038794160 0.414631002
v 0.110014268 0.019224365 0.448172409
v 0.069845169 0.035117712 0.419733289
v 0.074433902 0.006879079 0.458102769
v 0.111781356 0.045036069 0.488375645
v 0.110014268 0.019224365 0.448172409
v 0.116405551 0.010697819 0.481509878
v 0.110014268 0.019224365 0.448172409
v 0.111781356 0.045036069 0.488375645
v 0.103717841 0.053073935 0.457068222
v 0.071011911 0.078319160 0.432589688
v 0.098625632 0.103905278 0.481899713
v 0.064741982 0.129784778 0.498366928
v 0.098625632 0.103905278 0.481899713
v 0.071011911 0.078319160 0.432589688
v 0.084758017 0.058830204 0.426383200
v 0.078358721 0.037679568 0.495276273
v 0.048123590 0.114106462 0.502880286
v 0.048063054 0.117933413 0.517789419
v 0.048123590 0.114106462 0.502880286
v 0.078358721 0.037679568 0.495276273
v 0.066827352 0.042387907 0.474596636
v 0.078358721 0.037679568 0.495276273
v 0.106844544 0.109008816 0.501401635
v 0.111781356 0.045036069 0.488375645
v 0.106844544 0.109008816 0.501401635
v 0.078358721 0.037679568 0.495276273
v 0.048063054 0.117933413 0.517789419
v 0.111781356 0.045036069 0.488375645
v 0.098625632 0.103905278 0.481899713
v 0.103717841 0.053073935 0.457068222
v 0.098625632 0.103905278 0.481899713
v 0.111781356 0.045036069 0.488375645
v 0.106844544 0.109008816 0.501401635
v 0.045578337 0.094452665 -0.006950907
v 0.053171666 0.101666718 0.034947005
v 0.016786625 0.085884452 0.042782798
v 0.072046646 0.078962975 -0.013757838
v 0.053171666 0.101666718 0.034947005
v 0.045578337 0.094452665 -0.006950907
v 0.053171666 0.101666718 0.034947005
v 0.054983283 0.121009847 0.132391374
v 0.014083256 0.089813045 0.138170920
v 0.054983283 0.121009847 0.132391374
v 0.033228888 0.109040188 0.230796601
v 0.014083256 0.089813045 0.138170920
v 0.033228888 0.109040188 0.230796601
v 0.054983283 0.121009847 0.132391374
v 0.055289458 0.132663196 0.228239578
v 0.055289458 0.132663196 0.228239578
v 0.036300439 0.088000951 0.298554833
v 0.033228888 0.109040188 0.230796601
v 0.036300439 0.088000951 0.298554833
v 0.055289458 0.132663196 0.228239578
v 0.061839809 0.113716791 0.269448538
v 0.036300439 0.088000951 0.298554833
v 0.065410737 0.094807621 0.349694376
v 0.050063532 0.074133253 0.354473614
v 0.065410737 0.094807621 0.349694376
v 0.036300439 0.088000951 0.298554833
v 0.061839809 0.113716791 0.269448538
v 0.050063532 0.074133253 0.354473614
v 0.071011911 0.078319160 0.432589688
v 0.062836682 0.056460165 0.440874136
v 0.071011911 0.078319160 0.432589688
v 0.050063532 0.074133253 0.354473614
v 0.065410737 0.094807621 0.349694376
v 0.071011911 0.078319160 0.432589688
v 0.048123590 0.114106462 0.502880286
v 0.062836682 0.056460165 0.440874136
v 0.048123590 0.114106462 0.502880286
v 0.071011911 0.078319160 0.432589688
v 0.064741982 0.129784778 0.498366928
v 0.064741982 0.129784778 0.498366928
v 0.048063054 0.117933413 0.517789419
v 0.048123590 0.114106462 0.502880286
v 0.048063054 0.117933413 0.517789419
v 0.064741982 0.129784778 0.498366928
v 0.065578666 0.133247474 0.516116257
v 0.048123590 0.114106462 0.502880286
v 0.066827352 0.042387907 0.474596636
v 0.062836682 0.056460165 0.440874136
v 0.062836682 0.056460165 0.440874136
v 0.074433902 0.006879079 0.458102769
v 0.069845169 0.035117712 0.419733289
v 0.074433902 0.006879079 0.458102769
v 0.062836682 0.056460165 0.440874136
v 0.066827352 0.042387907 0.474596636
v 0.110014268 0.019224365 0.448172409
v 0.085756385 0.000876385 0.487454922
v 0.116405551 0.010697819 0.481509878
v 0.085756385 0.000876385 0.487454922
v 0.110014268 0.019224365 0.448172409
v 0.074433902 0.006879079 0.458102769
v 0.086860016 0.038794160 0.414631002
v 0.103717841 0.053073935 0.457068222
v 0.084758017 0.058830204 0.426383200
v 0.103717841 0.053073935 0.457068222
v 0.086860016 0.038794160 0.414631002
v 0.110014268 0.019224365 0.448172409
v 0.103717841 0.053073935 0.457068222
v 0.098625632 0.103905278 0.481899713
v 0.084758017 0.058830204 0.426383200
v 0.069784645 0.065525267 -0.078348115
v 0.078661777 0.055177609 -0.044238385
v 0.072046646 0.078962975 -0.013757838
v 0.078661777 0.055177609 -0.044238385
v 0.088215784 0.051367770 -0.002963920
v 0.072046646 0.078962975 -0.013757838
v 0.016786625 0.085884452 0.042782798
v -0.000420012 0.075745454 0.052977097
v 0.007010737 0.109715260 0.033778968
v -0.053983564 0.122180822 -0.324754485
v -0.075678159 0.120152320 -0.305649039
v -0.069364805 0.131115909 -0.311371414
v -0.075678159 0.120152320 -0.305649039
v -0.053983564 0.122180822 -0.324754485
v -0.057224549 0.101048303 -0.309772506
v -0.040975854 0.105512085 -0.343215714
v -0.043318584 0.076757227 -0.324099219
v -0.042967374 0.093355048 -0.320248129
v -0.043318584 0.076757227 -0.324099219
v -0.040975854 0.105512085 -0.343215714
v -0.037608134 0.087671812 -0.353213786
v -0.067004912 0.138541126 -0.439508833
v -0.112724465 0.141256059 -0.436229121
v -0.112721658 0.141252767 -0.436232307
v -0.112724465 0.141256059 -0.436229121
v -0.067004912 0.138541126 -0.439508833
v -0.095539528 0.156644019 -0.424089359
v -0.094080577 0.169269686 -0.379971064
v -0.111386255 0.166156122 -0.377634073
v -0.095561915 0.164404426 -0.407834318
v -0.053983564 0.122180822 -0.324754485
v -0.066624834 0.145014891 -0.338823078
v -0.045640159 0.129752403 -0.350580653
v -0.066624834 0.145014891 -0.338823078
v -0.053983564 0.122180822 -0.324754485
v -0.069364805 0.131115909 -0.311371414
v -0.049920078 0.115383168 -0.333543602
v -0.045640159 0.129752403 -0.350580653
v -0.034197773 0.123512350 -0.383059902
v -0.045640159 0.129752403 -0.350580653
v -0.049920078 0.115383168 -0.333543602
v -0.053983564 0.122180822 -0.324754485
v -0.048991422 0.140720561 -0.385687313
v -0.077843153 0.161370579 -0.416582986
v -0.056831479 0.143901905 -0.422005142
v -0.077843153 0.161370579 -0.416582986
v -0.048991422 0.140720561 -0.385687313
v -0.067145765 0.159681099 -0.379729546
v -0.048991422 0.140720561 -0.385687313
v -0.056831479 0.143901905 -0.422005142
v -0.037428582 0.119691138 -0.425394895
v -0.037608134 0.087671812 -0.353213786
v -0.032464030 0.116554955 -0.384464064
v -0.029926978 0.091920286 -0.385821693
v -0.032464030 0.116554955 -0.384464064
v -0.037608134 0.087671812 -0.353213786
v -0.040975854 0.105512085 -0.343215714
v -0.048676081 0.060630860 -0.388668159
v -0.037153210 0.100229528 -0.426710329
v -0.056207762 0.071757485 -0.430334900
v -0.037153210 0.100229528 -0.426710329
v -0.048676081 0.060630860 -0.388668159
v -0.029926978 0.091920286 -0.385821693
v -0.049920078 0.115383168 -0.333543602
v -0.057224549 0.101048303 -0.309772506
v -0.053983564 0.122180822 -0.324754485
v -0.077843153 0.161370579 -0.416582986
v -0.094080577 0.169269686 -0.379971064
v -0.095561915 0.164404426 -0.407834318
v -0.065243438 0.155185227 -0.358750503
v -0.084348769 0.150904272 -0.326262144
v -0.089948080 0.162020588 -0.345830671
v -0.069364805 0.131115909 -0.311371414
v -0.075678159 0.120152320 -0.305649039
v -0.094135233 0.137441741 -0.296786088
v -0.094135233 0.137441741 -0.296786088
v -0.096616517 0.115193833 -0.297447686
v -0.113443461 0.135540116 -0.291622107
v -0.096616517 0.115193833 -0.297447686
v -0.094135233 0.137441741 -0.296786088
v -0.075678159 0.120152320 -0.305649039
v -0.095539528 0.156644019 -0.424089359
v -0.077843153 0.161370579 -0.416582986
v -0.095561915 0.164404426 -0.407834318
v -0.067004912 0.138541126 -0.439508833
v -0.037428582 0.119691138 -0.425394895
v -0.056831479 0.143901905 -0.422005142
v -0.037428582 0.119691138 -0.425394895
v -0.067004912 0.138541126 -0.439508833
v -0.052169329 0.119058764 -0.441108836
v -0.037153210 0.100229528 -0.426710329
v -0.071009751 0.090632619 -0.446634507
v -0.056207762 0.071757485 -0.430334900
v -0.071009751 0.090632619 -0.446634507
v -0.037153210 0.100229528 -0.426710329
v -0.052169329 0.119058764 -0.441108836
v -0.077843153 0.161370579 -0.416582986
v -0.067004912 0.138541126 -0.439508833
v -0.056831479 0.143901905 -0.422005142
v -0.058878230 0.062516251 -0.326127134
v -0.037608134 0.087671812 -0.353213786
v -0.053867476 0.065473979 -0.355434747
v -0.037608134 0.087671812 -0.353213786
v -0.058878230 0.062516251 -0.326127134
v -0.043318584 0.076757227 -0.324099219
v -0.053867476 0.065473979 -0.355434747
v -0.029926978 0.091920286 -0.385821693
v -0.048676081 0.060630860 -0.388668159
v -0.029926978 0.091920286 -0.385821693
v -0.053867476 0.065473979 -0.355434747
v -0.037608134 0.087671812 -0.353213786
v -0.037153210 0.100229528 -0.426710329
v -0.032464030 0.116554955 -0.384464064
v -0.037428582 0.119691138 -0.425394895
v -0.032464030 0.116554955 -0.384464064
v -0.037153210 0.100229528 -0.426710329
v -0.029926978 0.091920286 -0.385821693
v -0.052169329 0.119058764 -0.441108836
v -0.037153210 0.100229528 -0.426710329
v -0.037428582 0.119691138 -0.425394895
v -0.040633576 0.134390872 -0.377936361
v -0.028602000 0.126950300 -0.378661940
v -0.043883653 0.133277483 -0.354999347
v -0.028602000 0.126950300 -0.378661940
v -0.040633576 0.134390872 -0.377936361
v -0.035480100 0.133756833 -0.389541954
v -0.045640159 0.129752403 -0.350580653
v -0.028602000 0.126950300 -0.378661940
v -0.034197773 0.123512350 -0.383059902
v -0.028602000 0.126950300 -0.378661940
v -0.045640159 0.129752403 -0.350580653
v -0.043883653 0.133277483 -0.354999347
v -0.034197773 0.123512350 -0.383059902
v -0.035480100 0.133756833 -0.389541954
v -0.048991422 0.140720561 -0.385687313
v -0.035480100 0.133756833 -0.389541954
v -0.034197773 0.123512350 -0.383059902
v -0.028602000 0.126950300 -0.378661940
v -0.048991422 0.140720561 -0.385687313
v -0.040633576 0.134390872 -0.377936361
v -0.051878477 0.143594104 -0.366889550
v -0.040633576 0.134390872 -0.377936361
v -0.048991422 0.140720561 -0.385687313
v -0.035480100 0.133756833 -0.389541954
v -0.051878477 0.143594104 -0.366889550
v -0.043883653 0.133277483 -0.354999347
v -0.045640159 0.129752403 -0.350580653
v -0.043883653 0.133277483 -0.354999347
v -0.051878477 0.143594104 -0.366889550
v -0.040633576 0.134390872 -0.377936361
v -0.088877294 0.163653597 -0.369252846
v -0.065243438 0.155185227 -0.358750503
v -0.089948080 0.162020588 -0.345830671
v -0.065243438 0.155185227 -0.358750503
v -0.088877294 0.163653597 -0.369252846
v -0.067145765 0.159681099 -0.379729546
v -0.065243438 0.155185227 -0.358750503
v -0.048991422 0.140720561 -0.385687313
v -0.051878477 0.143594104 -0.366889550
v -0.048991422 0.140720561 -0.385687313
v -0.065243438 0.155185227 -0.358750503
v -0.067145765 0.159681099 -0.379729546
v -0.057224549 0.101048303 -0.309772506
v -0.038032798 0.088350865 -0.299816997
v -0.043291208 0.096801509 -0.284279775
v -0.038032798 0.088350865 -0.299816997
v -0.057224549 0.101048303 -0.309772506
v -0.042967374 0.093355048 -0.320248129
v -0.038032798 0.088350865 -0.299816997
v -0.007784099 0.077067174 -0.306621938
v -0.004520674 0.091352461 -0.305781470
v -0.042967374 0.093355048 -0.320248129
v -0.049920078 0.115383168 -0.333543602
v -0.040975854 0.105512085 -0.343215714
v -0.049920078 0.115383168 -0.333543602
v -0.042967374 0.093355048 -0.320248129
v -0.057224549 0.101048303 -0.309772506
v -0.040975854 0.105512085 -0.343215714
v -0.034197773 0.123512350 -0.383059902
v -0.032464030 0.116554955 -0.384464064
v -0.034197773 0.123512350 -0.383059902
v -0.040975854 0.105512085 -0.343215714
v -0.049920078 0.115383168 -0.333543602
v -0.020764740 0.112338011 -0.261062920
v -0.056825910 0.112638638 -0.262088296
v -0.043291208 0.096801509 -0.284279775
v 0.045578337 0.094452665 -0.006950907
v 0.005520866 0.106988963 -0.057728906
v 0.054261948 0.091314302 -0.063167090
v 0.005520866 0.106988963 -0.057728906
v 0.045578337 0.094452665 -0.006950907
v 0.006833970 0.109652769 -0.000292172
v -0.015799720 0.008124382 -0.031744261
v 0.022951940 -0.016082064 -0.007268250
v 0.024787373 -0.005511775 -0.054408989
v 0.022951940 -0.016082064 -0.007268250
v -0.015799720 0.008124382 -0.031744261
v -0.018019717 -0.002642129 0.002598845
v 0.022951940 -0.016082064 -0.007268250
v -0.015640469 0.007378796 0.036084979
v 0.030390708 -0.001843478 0.041328294
v -0.015640469 0.007378796 0.036084979
v 0.022951940 -0.016082064 -0.007268250
v -0.018019717 -0.002642129 0.002598845
v -0.015640469 0.007378796 0.036084979
v 0.021370090 0.016213130 0.063331291
v 0.030390708 -0.001843478 0.041328294
v 0.021370090 0.016213130 0.063331291
v -0.015640469 0.007378796 0.036084979
v -0.014094043 0.014178639 0.044577740
v -0.068074684 0.070007301 -0.295541531
v -0.058282482 0.045953698 -0.271924168
v -0.017608551 0.048173969 -0.290563669
v -0.014094043 0.014178639 0.044577740
v -0.000420012 0.075745454 0.052977097
v 0.021370090 0.016213130 0.063331291
v 0.021370090 0.016213130 0.063331291
v -0.000420012 0.075745454 0.052977097
v 0.016786625 0.085884452 0.042782798
v -0.102675351 0.151647235 -0.320607138
v -0.113309847 0.153711451 -0.337436664
v -0.089948080 0.162020588 -0.345830671
v -0.095561915 0.164404426 -0.407834318
v -0.119614774 0.149176725 -0.424839641
v -0.095539528 0.156644019 -0.424089359
v -0.119614774 0.149176725 -0.424839641
v -0.095561915 0.164404426 -0.407834318
v -0.124669658 0.154533779 -0.406537899
v -0.089948080 0.162020588 -0.345830671
v -0.113061342 0.157757105 -0.363334674
v -0.088877294 0.163653597 -0.369252846
v -0.113061342 0.157757105 -0.363334674
v -0.089948080 0.162020588 -0.345830671
v -0.113309847 0.153711451 -0.337436664
v -0.000600430 0.115403265 -0.108973848
v 0.054261948 0.091314302 -0.063167090
v 0.005520866 0.106988963 -0.057728906
v 0.054261948 0.091314302 -0.063167090
v -0.000600430 0.115403265 -0.108973848
v 0.035120404 0.107275107 -0.118594766
v 0.035120404 0.107275107 -0.118594766
v 0.069784645 0.065525267 -0.078348115
v 0.054261948 0.091314302 -0.063167090
v 0.069784645 0.065525267 -0.078348115
v 0.035120404 0.107275107 -0.118594766
v 0.052116450 0.079463776 -0.125432447
v 0.052116450 0.079463776 -0.125432447
v 0.054849517 0.035312537 -0.090872617
v 0.069784645 0.065525267 -0.078348115
v 0.054849517 0.035312537 -0.090872617
v 0.052116450 0.079463776 -0.125432447
v 0.047770963 0.047610042 -0.120681037
v 0.054849517 0.035312537 -0.090872617
v 0.024608803 0.028788574 -0.113571869
v 0.024150922 0.018713368 -0.091279024
v 0.024608803 0.028788574 -0.113571869
v 0.054849517 0.035312537 -0.090872617
v 0.047770963 0.047610042 -0.120681037
v 0.024150922 0.018713368 -0.091279024
v -0.008239201 0.030149527 -0.104561098
v -0.009782406 0.026182687 -0.071267627
v -0.008239201 0.030149527 -0.104561098
v 0.024150922 0.018713368 -0.091279024
v 0.024608803 0.028788574 -0.113571869
v -0.038032798 0.088350865 -0.299816997
v -0.004520674 0.091352461 -0.305781470
v -0.043291208 0.096801509 -0.284279775
v -0.043291208 0.096801509 -0.284279775
v -0.004520674 0.091352461 -0.305781470
v 0.004015948 0.107125825 -0.292234543
v 0.004015948 0.107125825 -0.292234543
v 0.029563991 0.095701629 -0.322818754
v 0.034877771 0.114627670 -0.305760582
v 0.029563991 0.095701629 -0.322818754
v 0.004015948 0.107125825 -0.292234543
v -0.004520674 0.091352461 -0.305781470
v 0.029563991 0.095701629 -0.322818754
v 0.092196957 0.090482594 -0.295117764
v 0.034877771 0.114627670 -0.305760582
v 0.092196957 0.090482594 -0.295117764
v 0.029563991 0.095701629 -0.322818754
v 0.083482079 0.074985607 -0.317032476
v 0.083482079 0.074985607 -0.317032476
v 0.136453203 0.066757663 -0.298194769
v 0.092196957 0.090482594 -0.295117764
v 0.119075452 0.039550350 -0.321182611
v 0.083482079 0.074985607 -0.317032476
v 0.075870328 0.063310663 -0.317835221
v 0.053171666 0.101666718 0.034947005
v 0.014083256 0.089813045 0.138170920
v 0.016786625 0.085884452 0.042782798
v -0.094080577 0.169269686 -0.379971064
v -0.067145765 0.159681099 -0.379729546
v -0.088877294 0.163653597 -0.369252846
v -0.113061342 0.157757105 -0.363334674
v -0.094080577 0.169269686 -0.379971064
v -0.088877294 0.163653597 -0.369252846
v -0.094080577 0.169269686 -0.379971064
v -0.113061342 0.157757105 -0.363334674
v -0.111386255 0.166156122 -0.377634073
v -0.094080577 0.169269686 -0.379971064
v -0.077843153 0.161370579 -0.416582986
v -0.067145765 0.159681099 -0.379729546
v 0.106844544 0.109008816 0.501401635
v 0.048063054 0.117933413 0.517789419
v 0.065578666 0.133247474 0.516116257
v -0.094135233 0.137441741 -0.296786088
v -0.111155429 0.148519758 -0.312620442
v -0.100161773 0.147274804 -0.315938556
v -0.084348769 0.150904272 -0.326262144
v -0.065243438 0.155185227 -0.358750503
v -0.066624834 0.145014891 -0.338823078
v -0.094135233 0.137441741 -0.296786088
v -0.084348769 0.150904272 -0.326262144
v -0.069364805 0.131115909 -0.311371414
v -0.113309847 0.153711451 -0.337436664
v -0.124203026 0.150475529 -0.330106282
v -0.130245793 0.158021083 -0.333252265
v -0.100161773 0.147274804 -0.315938556
v -0.110962321 0.151483975 -0.317381867
v -0.102675351 0.151647235 -0.320607138
v -0.119410118 0.143872618 -0.314062699
v -0.111155429 0.148519758 -0.312620442
v -0.119994754 0.144440527 -0.310813164
v -0.111155429 0.148519758 -0.312620442
v -0.119410118 0.143872618 -0.314062699
v -0.109320845 0.146985400 -0.315174430
v -0.111155429 0.148519758 -0.312620442
v -0.094135233 0.137441741 -0.296786088
v -0.113443461 0.135540116 -0.291622107
v -0.084348769 0.150904272 -0.326262144
v -0.100161773 0.147274804 -0.315938556
v -0.102675351 0.151647235 -0.320607138
v -0.084348769 0.150904272 -0.326262144
v -0.066624834 0.145014891 -0.338823078
v -0.069364805 0.131115909 -0.311371414
v -0.045640159 0.129752403 -0.350580653
v -0.065243438 0.155185227 -0.358750503
v -0.051878477 0.143594104 -0.366889550
v -0.065243438 0.155185227 -0.358750503
v -0.045640159 0.129752403 -0.350580653
v -0.066624834 0.145014891 -0.338823078
v -0.089948080 0.162020588 -0.345830671
v -0.084348769 0.150904272 -0.326262144
v -0.102675351 0.151647235 -0.320607138
v -0.124669658 0.154533779 -0.406537899
v -0.111386255 0.166156122 -0.377634073
v -0.128782629 0.158195851 -0.376372566
v -0.111386255 0.166156122 -0.377634073
v -0.124669658 0.154533779 -0.406537899
v -0.095561915 0.164404426 -0.407834318
v -0.111386255 0.166156122 -0.377634073
v -0.125191482 0.153105745 -0.361221576
v -0.128782629 0.158195851 -0.376372566
v -0.125191482 0.153105745 -0.361221576
v -0.111386255 0.166156122 -0.377634073
v -0.113061342 0.157757105 -0.363334674
v -0.125191482 0.153105745 -0.361221576
v -0.113309847 0.153711451 -0.337436664
v -0.130245793 0.158021083 -0.333252265
v -0.113309847 0.153711451 -0.337436664
v -0.125191482 0.153105745 -0.361221576
v -0.113061342 0.157757105 -0.363334674
v -0.111709533 0.151283742 -0.319838537
v -0.102675351 0.151647235 -0.320607138
v -0.110962321 0.151483975 -0.317381867
v 0.047770963 0.047610042 -0.120681037
v 0.043769491 0.057739214 -0.173759115
v 0.039406134 0.041776674 -0.167169701
v 0.026337036 0.043899461 -0.268204188
v 0.030008429 0.052447081 -0.267920827
v 0.026269508 0.048632174 -0.279368234
v 0.038234766 0.051272107 -0.214785040
v 0.039406134 0.041776674 -0.167169701
v 0.043769491 0.057739214 -0.173759115
v 0.039406134 0.041776674 -0.167169701
v 0.038234766 0.051272107 -0.214785040
v 0.032586305 0.041851587 -0.220017158
v 0.039406134 0.041776674 -0.167169701
v 0.024608803 0.028788574 -0.113571869
v 0.047770963 0.047610042 -0.120681037
v -0.111155429 0.148519758 -0.312620442
v -0.113443461 0.135540116 -0.291622107
v -0.119994754 0.144440527 -0.310813164
v -0.068074684 0.070007301 -0.295541531
v -0.017608551 0.048173969 -0.290563669
v -0.043868496 0.074531818 -0.302014063
v -0.119410118 0.143872618 -0.314062699
v -0.110962321 0.151483975 -0.317381867
v -0.109320845 0.146985400 -0.315174430
v -0.110962321 0.151483975 -0.317381867
v -0.119410118 0.143872618 -0.314062699
v -0.122996466 0.148389083 -0.316767675
v -0.122996466 0.148389083 -0.316767675
v -0.123126070 0.148695951 -0.320014434
v -0.111709533 0.151283742 -0.319838537
v -0.113309847 0.153711451 -0.337436664
v -0.123126070 0.148695951 -0.320014434
v -0.124203026 0.150475529 -0.330106282
v -0.123126070 0.148695951 -0.320014434
v -0.113309847 0.153711451 -0.337436664
v -0.111709533 0.151283742 -0.319838537
v 0.001451684 0.035949828 -0.254132847
v 0.032586305 0.041851587 -0.220017158
v 0.026337036 0.043899461 -0.268204188
v 0.032586305 0.041851587 -0.220017158
v 0.001451684 0.035949828 -0.254132847
v 0.016539932 0.039373029 -0.205150629
v 0.032586305 0.041851587 -0.220017158
v 0.030008429 0.052447081 -0.267920827
v 0.026337036 0.043899461 -0.268204188
v 0.030008429 0.052447081 -0.267920827
v 0.032586305 0.041851587 -0.220017158
v 0.038234766 0.051272107 -0.214785040
v 0.030008429 0.052447081 -0.267920827
v 0.039171809 0.066347919 -0.209665575
v 0.027196749 0.074960200 -0.236031370
v 0.039171809 0.066347919 -0.209665575
v 0.030008429 0.052447081 -0.267920827
v 0.038234766 0.051272107 -0.214785040
v 0.027196749 0.074960200 -0.236031370
v 0.037638822 0.088756779 -0.209404267
v 0.030535751 0.087805964 -0.247033063
v 0.037638822 0.088756779 -0.209404267
v 0.027196749 0.074960200 -0.236031370
v 0.039171809 0.066347919 -0.209665575
v 0.029370931 0.110693730 -0.223068750
v 0.030535751 0.087805964 -0.247033063
v 0.037638822 0.088756779 -0.209404267
v 0.030535751 0.087805964 -0.247033063
v 0.029370931 0.110693730 -0.223068750
v 0.016605700 0.114242882 -0.250473631
v 0.004068381 0.133840780 -0.163297882
v 0.017313649 0.143244335 -0.193668879
v 0.027397613 0.134279504 -0.168776361
v 0.017313649 0.143244335 -0.193668879
v 0.004068381 0.133840780 -0.163297882
v -0.004458491 0.141570797 -0.184620308
v 0.027397613 0.134279504 -0.168776361
v 0.034146614 0.129600154 -0.200103188
v 0.039966142 0.118499671 -0.180228809
v 0.034146614 0.129600154 -0.200103188
v 0.027397613 0.134279504 -0.168776361
v 0.017313649 0.143244335 -0.193668879
v -0.004713390 0.127692410 -0.234070602
v 0.007760854 0.114160391 -0.272089900
v 0.016605700 0.114242882 -0.250473631
v 0.007760854 0.114160391 -0.272089900
v -0.004713390 0.127692410 -0.234070602
v -0.020764740 0.112338011 -0.261062920
v 0.007760854 0.114160391 -0.272089900
v 0.041917046 0.099320116 -0.269020633
v 0.016605700 0.114242882 -0.250473631
v 0.041917046 0.099320116 -0.269020633
v 0.007760854 0.114160391 -0.272089900
v 0.040820481 0.112299886 -0.285270196
v 0.040820481 0.112299886 -0.285270196
v 0.092196957 0.090482594 -0.295117764
v 0.041917046 0.099320116 -0.269020633
v 0.038382838 0.059539234 -0.299776769
v 0.030008429 0.052447081 -0.267920827
v 0.038739513 0.059989188 -0.289824272
v 0.030008429 0.052447081 -0.267920827
v 0.038382838 0.059539234 -0.299776769
v 0.026269508 0.048632174 -0.279368234
v -0.038874437 0.128838456 -0.213726103
v -0.020764740 0.112338011 -0.261062920
v -0.004713390 0.127692410 -0.234070602
v -0.020764740 0.112338011 -0.261062920
v -0.038874437 0.128838456 -0.213726103
v -0.050358506 0.119881362 -0.244653405
v 0.025329048 0.121893907 -0.161019909
v 0.039966142 0.118499671 -0.180228809
v 0.040492136 0.099380440 -0.178380980
v 0.039966142 0.118499671 -0.180228809
v 0.025329048 0.121893907 -0.161019909
v 0.027397613 0.134279504 -0.168776361
v 0.040830353 0.104129673 -0.198052684
v 0.034146614 0.129600154 -0.200103188
v 0.029370931 0.110693730 -0.223068750
v 0.029370931 0.110693730 -0.223068750
v 0.019759566 0.122152592 -0.227484635
v 0.016605700 0.114242882 -0.250473631
v 0.016605700 0.114242882 -0.250473631
v 0.002550137 0.132236775 -0.221228097
v -0.004713390 0.127692410 -0.234070602
v 0.002550137 0.132236775 -0.221228097
v 0.016605700 0.114242882 -0.250473631
v 0.019759566 0.122152592 -0.227484635
v -0.004713390 0.127692410 -0.234070602
v -0.016460121 0.131559549 -0.204469945
v -0.038874437 0.128838456 -0.213726103
v -0.015401314 0.135612525 -0.182696848
v -0.016460121 0.131559549 -0.204469945
v -0.004458491 0.141570797 -0.184620308
v -0.007036893 0.127814737 -0.161618463
v -0.004458491 0.141570797 -0.184620308
v 0.004068381 0.133840780 -0.163297882
v -0.004458491 0.141570797 -0.184620308
v -0.007036893 0.127814737 -0.161618463
v -0.015401314 0.135612525 -0.182696848
v 0.025329048 0.121893907 -0.161019909
v 0.004068381 0.133840780 -0.163297882
v 0.027397613 0.134279504 -0.168776361
v 0.034146614 0.129600154 -0.200103188
v 0.040830353 0.104129673 -0.198052684
v 0.039966142 0.118499671 -0.180228809
v 0.037638822 0.088756779 -0.209404267
v 0.040830353 0.104129673 -0.198052684
v 0.029370931 0.110693730 -0.223068750
v 0.039966142 0.118499671 -0.180228809
v 0.040830353 0.104129673 -0.198052684
v 0.040492136 0.099380440 -0.178380980
v 0.045578337 0.094452665 -0.006950907
v 0.007010737 0.109715260 0.033778968
v 0.006833970 0.109652769 -0.000292172
v -0.067004912 0.138541126 -0.439508833
v -0.112721658 0.141252767 -0.436232307
v -0.093572567 0.118353841 -0.448455632
v -0.067004912 0.138541126 -0.439508833
v -0.077843153 0.161370579 -0.416582986
v -0.095539528 0.156644019 -0.424089359
v -0.048991422 0.140720561 -0.385687313
v -0.032464030 0.116554955 -0.384464064
v -0.034197773 0.123512350 -0.383059902
v -0.032464030 0.116554955 -0.384464064
v -0.048991422 0.140720561 -0.385687313
v -0.037428582 0.119691138 -0.425394895
v -0.016690531 0.032578944 -0.150194397
v 0.024608803 0.028788574 -0.113571869
v 0.022637200 0.034577596 -0.161088535
v 0.024608803 0.028788574 -0.113571869
v -0.016690531 0.032578944 -0.150194397
v -0.008239201 0.030149527 -0.104561098
v -0.043291208 0.096801509 -0.284279775
v -0.083838204 0.105242094 -0.296894214
v -0.057224549 0.101048303 -0.309772506
v -0.083838204 0.105242094 -0.296894214
v -0.043291208 0.096801509 -0.284279775
v -0.056825910 0.112638638 -0.262088296
v -0.093572567 0.118353841 -0.448455632
v -0.052169329 0.119058764 -0.441108836
v -0.067004912 0.138541126 -0.439508833
v -0.052169329 0.119058764 -0.441108836
v -0.093572567 0.118353841 -0.448455632
v -0.071009751 0.090632619 -0.446634507
v -0.083838204 0.105242094 -0.296894214
v -0.075678159 0.120152320 -0.305649039
v -0.057224549 0.101048303 -0.309772506
v -0.075678159 0.120152320 -0.305649039
v -0.083838204 0.105242094 -0.296894214
v -0.096616517 0.115193833 -0.297447686
v -0.119614774 0.149176725 -0.424839641
v -0.112724465 0.141256059 -0.436229121
v -0.095539528 0.156644019 -0.424089359
v -0.039165069 0.034518182 -0.222800581
v 0.016539932 0.039373029 -0.205150629
v 0.001451684 0.035949828 -0.254132847
v 0.016539932 0.039373029 -0.205150629
v -0.039165069 0.034518182 -0.222800581
v -0.022171051 0.037158311 -0.177970026
v 0.078594672 0.015827039 0.048033651
v 0.021370090 0.016213130 0.063331291
v 0.088960526 0.024024946 0.079880600
v 0.005938426 0.055190134 -0.304515028
v 0.038382838 0.059539234 -0.299776769
v 0.028265035 0.080328354 -0.327339176
v 0.119674311 0.049054007 -0.265059660
v 0.092196957 0.090482594 -0.295117764
v 0.136453203 0.066757663 -0.298194769
v 0.028265035 0.080328354 -0.327339176
v 0.038382838 0.059539234 -0.299776769
v 0.075870328 0.063310663 -0.317835221
v 0.083482079 0.074985607 -0.317032476
v 0.028265035 0.080328354 -0.327339176
v 0.075870328 0.063310663 -0.317835221
v 0.004068381 0.133840780 -0.163297882
v 0.025329048 0.121893907 -0.161019909
v 0.004722308 0.123233465 -0.157394274
v -0.015401314 0.135612525 -0.182696848
v -0.017887206 0.125969338 -0.158901533
v -0.026090030 0.133835822 -0.179735226
v -0.017887206 0.125969338 -0.158901533
v -0.015401314 0.135612525 -0.182696848
v -0.007036893 0.127814737 -0.161618463
v -0.016460121 0.131559549 -0.204469945
v -0.015401314 0.135612525 -0.182696848
v -0.026090030 0.133835822 -0.179735226
v 0.004068381 0.133840780 -0.163297882
v 0.004722308 0.123233465 -0.157394274
v -0.007036893 0.127814737 -0.161618463
v -0.016460121 0.131559549 -0.204469945
v -0.026090030 0.133835822 -0.179735226
v -0.038874437 0.128838456 -0.213726103
v -0.016460121 0.131559549 -0.204469945
v -0.004713390 0.127692410 -0.234070602
v 0.002550137 0.132236775 -0.221228097
v 0.019759566 0.122152592 -0.227484635
v 0.029370931 0.110693730 -0.223068750
v 0.034146614 0.129600154 -0.200103188
v 0.030535751 0.087805964 -0.247033063
v 0.030008429 0.052447081 -0.267920827
v 0.027196749 0.074960200 -0.236031370
v 0.092196957 0.090482594 -0.295117764
v 0.082035645 0.071155662 -0.271466434
v 0.041917046 0.099320116 -0.269020633
v 0.082035645 0.071155662 -0.271466434
v 0.038739513 0.059989188 -0.289824272
v 0.041917046 0.099320116 -0.269020633
v 0.038739513 0.059989188 -0.289824272
v 0.082035645 0.071155662 -0.271466434
v 0.060852261 0.044497968 -0.296555889
v 0.100827254 0.017691334 -0.296622845
v 0.066912345 0.050739204 -0.309627709
v 0.060852261 0.044497968 -0.296555889
v 0.038382838 0.059539234 -0.299776769
v 0.066912345 0.050739204 -0.309627709
v 0.075870328 0.063310663 -0.317835221
v 0.066912345 0.050739204 -0.309627709
v 0.119075452 0.039550350 -0.321182611
v 0.075870328 0.063310663 -0.317835221
v 0.119075452 0.039550350 -0.321182611
v 0.066912345 0.050739204 -0.309627709
v 0.100827254 0.017691334 -0.296622845
v 0.026269508 0.048632174 -0.279368234
v 0.001451684 0.035949828 -0.254132847
v 0.026337036 0.043899461 -0.268204188
v 0.001451684 0.035949828 -0.254132847
v 0.026269508 0.048632174 -0.279368234
v 0.005938426 0.055190134 -0.304515028
v 0.004015948 0.107125825 -0.292234543
v -0.020764740 0.112338011 -0.261062920
v -0.043291208 0.096801509 -0.284279775
v -0.056825910 0.112638638 -0.262088296
v -0.020764740 0.112338011 -0.261062920
v -0.050358506 0.119881362 -0.244653405
v 0.002066182 0.119985684 -0.152938371
v 0.027451619 0.118527650 -0.155826313
v 0.035120404 0.107275107 -0.118594766
v 0.035120404 0.107275107 -0.118594766
v 0.044551517 0.092826927 -0.165094516
v 0.052116450 0.079463776 -0.125432447
v 0.044551517 0.092826927 -0.165094516
v 0.035120404 0.107275107 -0.118594766
v 0.027451619 0.118527650 -0.155826313
v 0.043769491 0.057739214 -0.173759115
v 0.052116450 0.079463776 -0.125432447
v 0.044551517 0.092826927 -0.165094516
v 0.052116450 0.079463776 -0.125432447
v 0.043769491 0.057739214 -0.173759115
v 0.047770963 0.047610042 -0.120681037
v -0.000600430 0.115403265 -0.108973848
v 0.002066182 0.119985684 -0.152938371
v 0.035120404 0.107275107 -0.118594766
v 0.002066182 0.119985684 -0.152938371
v -0.000600430 0.115403265 -0.108973848
v -0.017887206 0.125969338 -0.158901533
v -0.007036893 0.127814737 -0.161618463
v 0.002066182 0.119985684 -0.152938371
v -0.017887206 0.125969338 -0.158901533
v 0.002066182 0.119985684 -0.152938371
v -0.007036893 0.127814737 -0.161618463
v 0.004722308 0.123233465 -0.157394274
v 0.037638822 0.088756779 -0.209404267
v 0.044551517 0.092826927 -0.165094516
v 0.040492136 0.099380440 -0.178380980
v 0.044551517 0.092826927 -0.165094516
v 0.037638822 0.088756779 -0.209404267
v 0.039171809 0.066347919 -0.209665575
v -0.113749789 0.102905904 -0.225644057
v -0.124062319 0.088860562 -0.243118856
v -0.084337064 0.108691844 -0.236824422
v -0.091294598 0.118423452 -0.185167379
v -0.068227444 0.140371911 -0.161073394
v -0.084241301 0.125624751 -0.154991401
v -0.068227444 0.140371911 -0.161073394
v -0.091294598 0.118423452 -0.185167379
v -0.074910008 0.129635704 -0.191711862
v -0.090669241 0.072960273 -0.284180611
v -0.119291496 0.039545273 -0.256366886
v -0.097380113 0.043435123 -0.260056332
v -0.119291496 0.039545273 -0.256366886
v -0.090669241 0.072960273 -0.284180611
v -0.116528874 0.062464723 -0.264843890
v -0.081335221 0.044466451 -0.046882039
v -0.048648136 0.029896470 -0.080681527
v -0.071953081 0.055746515 -0.074396023
v -0.048648136 0.029896470 -0.080681527
v -0.081335221 0.044466451 -0.046882039
v -0.057056818 0.011378054 -0.051455495
v -0.072657376 0.090625762 -0.064294039
v -0.081335221 0.044466451 -0.046882039
v -0.071953081 0.055746515 -0.074396023
v -0.081335221 0.044466451 -0.046882039
v -0.072657376 0.090625762 -0.064294039
v -0.080806173 0.088086315 -0.038483698
v -0.045960017 0.110032337 -0.055473300
v -0.068756287 0.106189378 -0.013349822
v -0.072657376 0.090625762 -0.064294039
v -0.068756287 0.106189378 -0.013349822
v -0.045960017 0.110032337 -0.055473300
v -0.034764365 0.112244411 -0.006566706
v -0.074910008 0.129635704 -0.191711862
v -0.045899958 0.140179215 -0.168829012
v -0.068227444 0.140371911 -0.161073394
v -0.045899958 0.140179215 -0.168829012
v -0.074910008 0.129635704 -0.191711862
v -0.049572200 0.130447663 -0.191852567
v -0.057056818 0.011378054 -0.051455495
v -0.009782406 0.026182687 -0.071267627
v -0.048648136 0.029896470 -0.080681527
v -0.009782406 0.026182687 -0.071267627
v -0.057056818 0.011378054 -0.051455495
v -0.015799720 0.008124382 -0.031744261
v -0.054034084 0.037951961 -0.139152373
v -0.022171051 0.037158311 -0.177970026
v -0.069199167 0.036493956 -0.172479694
v -0.022171051 0.037158311 -0.177970026
v -0.054034084 0.037951961 -0.139152373
v -0.016690531 0.032578944 -0.150194397
v -0.069709077 0.120174739 0.036604856
v -0.113702420 0.088926277 0.134878214
v -0.096884275 0.084905364 0.040284153
v -0.113702420 0.088926277 0.134878214
v -0.069709077 0.120174739 0.036604856
v -0.092281736 0.125708722 0.133806915
v -0.113702420 0.088926277 0.134878214
v -0.105621987 0.127506787 0.228407460
v -0.113833035 0.099711545 0.226602932
v -0.105621987 0.127506787 0.228407460
v -0.113702420 0.088926277 0.134878214
v -0.092281736 0.125708722 0.133806915
v -0.006687467 0.089966920 0.043081451
v -0.037463620 0.054612120 0.149186187
v -0.041824732 0.118606234 0.142922906
v -0.037463620 0.054612120 0.149186187
v -0.006687467 0.089966920 0.043081451
v -0.032633579 0.035198029 0.063567279
v -0.041824732 0.118606234 0.142922906
v -0.073793001 0.075377254 0.230649926
v -0.075044711 0.117679946 0.233530366
v -0.073793001 0.075377254 0.230649926
v -0.041824732 0.118606234 0.142922906
v -0.037463620 0.054612120 0.149186187
v -0.037463620 0.054612120 0.149186187
v -0.080182452 0.036215444 0.075922387
v -0.084125818 0.044976206 0.140230248
v -0.080182452 0.036215444 0.075922387
v -0.037463620 0.054612120 0.149186187
v -0.032633579 0.035198029 0.063567279
v -0.037463620 0.054612120 0.149186187
v -0.092753016 0.068515592 0.224180686
v -0.073793001 0.075377254 0.230649926
v -0.092753016 0.068515592 0.224180686
v -0.037463620 0.054612120 0.149186187
v -0.084125818 0.044976206 0.140230248
v -0.080182452 0.036215444 0.075922387
v -0.113702420 0.088926277 0.134878214
v -0.084125818 0.044976206 0.140230248
v -0.113702420 0.088926277 0.134878214
v -0.080182452 0.036215444 0.075922387
v -0.096884275 0.084905364 0.040284153
v -0.084125818 0.044976206 0.140230248
v -0.113833035 0.099711545 0.226602932
v -0.092753016 0.068515592 0.224180686
v -0.113833035 0.099711545 0.226602932
v -0.084125818 0.044976206 0.140230248
v -0.113702420 0.088926277 0.134878214
v -0.115473144 0.022811529 0.491463337
v -0.064752408 0.016806959 0.487038799
v -0.091386849 -0.002019506 0.484328393
v -0.064752408 0.016806959 0.487038799
v -0.115473144 0.022811529 0.491463337
v -0.089070637 0.045391380 0.494908223
v -0.106385469 0.107860345 0.269035204
v -0.119739326 0.064130145 0.349807754
v -0.125608868 0.076460127 0.287880693
v -0.119739326 0.064130145 0.349807754
v -0.106385469 0.107860345 0.269035204
v -0.109253065 0.090398267 0.349636424
v -0.109253065 0.090398267 0.349636424
v -0.117017993 0.050275501 0.426315894
v -0.119739326 0.064130145 0.349807754
v -0.117017993 0.050275501 0.426315894
v -0.109253065 0.090398267 0.349636424
v -0.115358739 0.074065520 0.432526948
v -0.074992130 0.098355345 0.301972305
v -0.075734759 0.043143203 0.342640973
v -0.086404404 0.080026091 0.357130677
v -0.075734759 0.043143203 0.342640973
v -0.074992130 0.098355345 0.301972305
v -0.065348184 0.053235365 0.265858122
v -0.086404404 0.080026091 0.357130677
v -0.091773316 0.036939694 0.422606562
v -0.098528339 0.059158826 0.442910112
v -0.091773316 0.036939694 0.422606562
v -0.086404404 0.080026091 0.357130677
v -0.075734759 0.043143203 0.342640973
v -0.065348184 0.053235365 0.265858122
v -0.108064166 0.031412686 0.337661045
v -0.075734759 0.043143203 0.342640973
v -0.108064166 0.031412686 0.337661045
v -0.065348184 0.053235365 0.265858122
v -0.105359088 0.038202560 0.264972212
v -0.075734759 0.043143203 0.342640973
v -0.107714319 0.031699862 0.415715762
v -0.091773316 0.036939694 0.422606562
v -0.107714319 0.031699862 0.415715762
v -0.075734759 0.043143203 0.342640973
v -0.108064166 0.031412686 0.337661045
v -0.105359088 0.038202560 0.264972212
v -0.119739326 0.064130145 0.349807754
v -0.108064166 0.031412686 0.337661045
v -0.119739326 0.064130145 0.349807754
v -0.105359088 0.038202560 0.264972212
v -0.125608868 0.076460127 0.287880693
v -0.108064166 0.031412686 0.337661045
v -0.117017993 0.050275501 0.426315894
v -0.107714319 0.031699862 0.415715762
v -0.117017993 0.050275501 0.426315894
v -0.108064166 0.031412686 0.337661045
v -0.119739326 0.064130145 0.349807754
v -0.096884275 0.084905364 0.040284153
v -0.068756287 0.106189378 -0.013349822
v -0.069709077 0.120174739 0.036604856
v -0.068756287 0.106189378 -0.013349822
v -0.096884275 0.084905364 0.040284153
v -0.090362726 0.083663494 -0.003108938
v -0.034764365 0.112244411 -0.006566706
v 0.007010737 0.109715260 0.033778968
v -0.006687467 0.089966920 0.043081451
v -0.057056818 0.011378054 -0.051455495
v -0.082653808 0.033112483 -0.006105109
v -0.060923148 0.002491922 -0.006867157
v -0.082653808 0.033112483 -0.006105109
v -0.057056818 0.011378054 -0.051455495
v -0.081335221 0.044466451 -0.046882039
v -0.060923148 0.002491922 -0.006867157
v -0.085882559 0.043415316 0.046911054
v -0.053533053 0.018469598 0.041418666
v -0.085882559 0.043415316 0.046911054
v -0.060923148 0.002491922 -0.006867157
v -0.082653808 0.033112483 -0.006105109
v -0.053533053 0.018469598 0.041418666
v -0.085882559 0.043415316 0.046911054
v -0.032633579 0.035198029 0.063567279
v -0.106385469 0.107860345 0.269035204
v -0.113833035 0.099711545 0.226602932
v -0.105621987 0.127506787 0.228407460
v -0.113833035 0.099711545 0.226602932
v -0.106385469 0.107860345 0.269035204
v -0.125608868 0.076460127 0.287880693
v -0.125608868 0.076460127 0.287880693
v -0.092753016 0.068515592 0.224180686
v -0.113833035 0.099711545 0.226602932
v -0.092753016 0.068515592 0.224180686
v -0.125608868 0.076460127 0.287880693
v -0.105359088 0.038202560 0.264972212
v -0.092753016 0.068515592 0.224180686
v -0.065348184 0.053235365 0.265858122
v -0.073793001 0.075377254 0.230649926
v -0.065348184 0.053235365 0.265858122
v -0.092753016 0.068515592 0.224180686
v -0.105359088 0.038202560 0.264972212
v -0.073793001 0.075377254 0.230649926
v -0.074992130 0.098355345 0.301972305
v -0.075044711 0.117679946 0.233530366
v -0.074992130 0.098355345 0.301972305
v -0.073793001 0.075377254 0.230649926
v -0.065348184 0.053235365 0.265858122
v -0.081335221 0.044466451 -0.046882039
v -0.090362726 0.083663494 -0.003108938
v -0.082653808 0.033112483 -0.006105109
v -0.090362726 0.083663494 -0.003108938
v -0.081335221 0.044466451 -0.046882039
v -0.080806173 0.088086315 -0.038483698
v -0.082653808 0.033112483 -0.006105109
v -0.096884275 0.084905364 0.040284153
v -0.085882559 0.043415316 0.046911054
v -0.096884275 0.084905364 0.040284153
v -0.082653808 0.033112483 -0.006105109
v -0.090362726 0.083663494 -0.003108938
v -0.085882559 0.043415316 0.046911054
v -0.096884275 0.084905364 0.040284153
v -0.080182452 0.036215444 0.075922387
v -0.041462069 0.034990929 -0.098699924
v -0.054034084 0.037951961 -0.139152373
v -0.069650136 0.045505872 -0.134658107
v -0.075427394 0.061337770 -0.137640247
v -0.090635159 0.061989070 -0.160202551
v -0.068544343 0.095383210 -0.129774372
v -0.072755060 0.095577660 -0.135228068
v -0.047922418 0.119889910 -0.131869035
v -0.068544343 0.095383210 -0.129774372
v -0.047922418 0.119889910 -0.131869035
v -0.072755060 0.095577660 -0.135228068
v -0.051240062 0.119322757 -0.131843204
v -0.047922418 0.119889910 -0.131869035
v -0.033562247 0.121947890 -0.142805922
v -0.027400574 0.119547530 -0.142384678
v -0.033562247 0.121947890 -0.142805922
v -0.047922418 0.119889910 -0.131869035
v -0.051240062 0.119322757 -0.131843204
v -0.189902546 0.072065653 -0.217713825
v -0.181016034 0.057320779 -0.190514807
v -0.221014641 0.053503942 -0.172301036
v -0.238764524 0.066788006 -0.206961699
v -0.266818393 0.046457418 -0.156484954
v -0.282964323 0.052330622 -0.188002192
v -0.266818393 0.046457418 -0.156484954
v -0.238764524 0.066788006 -0.206961699
v -0.221014641 0.053503942 -0.172301036
v -0.176033894 0.019062017 -0.207843791
v -0.221014641 0.053503942 -0.172301036
v -0.181016034 0.057320779 -0.190514807
v -0.221014641 0.053503942 -0.172301036
v -0.176033894 0.019062017 -0.207843791
v -0.221219516 0.010233449 -0.193811148
v -0.221014641 0.053503942 -0.172301036
v -0.265450361 0.008678635 -0.178346022
v -0.266818393 0.046457418 -0.156484954
v -0.265450361 0.008678635 -0.178346022
v -0.221014641 0.053503942 -0.172301036
v -0.221219516 0.010233449 -0.193811148
v -0.146128273 0.026902239 -0.223621177
v -0.176033894 0.019062017 -0.207843791
v -0.144480483 0.025652777 -0.212335284
v -0.176033894 0.019062017 -0.207843791
v -0.146128273 0.026902239 -0.223621177
v -0.182758123 0.023432628 -0.221343148
v -0.221219516 0.010233449 -0.193811148
v -0.277866815 0.025958293 -0.199610294
v -0.265450361 0.008678635 -0.178346022
v -0.277866815 0.025958293 -0.199610294
v -0.221219516 0.010233449 -0.193811148
v -0.236944394 0.030024174 -0.221650882
v -0.192069199 0.049241685 -0.234167766
v -0.238764524 0.066788006 -0.206961699
v -0.236944394 0.030024174 -0.221650882
v -0.236944394 0.030024174 -0.221650882
v -0.282964323 0.052330622 -0.188002192
v -0.277866815 0.025958293 -0.199610294
v -0.282964323 0.052330622 -0.188002192
v -0.236944394 0.030024174 -0.221650882
v -0.238764524 0.066788006 -0.206961699
v -0.301879421 0.058856662 -0.180921393
v -0.345460953 0.045803850 -0.126541369
v -0.351687865 0.054959357 -0.149986251
v -0.345460953 0.045803850 -0.126541369
v -0.301879421 0.058856662 -0.180921393
v -0.287130939 0.049418626 -0.142562427
v -0.351687865 0.054959357 -0.149986251
v -0.389509112 0.045778454 -0.113124210
v -0.394556200 0.051943011 -0.123483944
v -0.389509112 0.045778454 -0.113124210
v -0.351687865 0.054959357 -0.149986251
v -0.345460953 0.045803850 -0.126541369
v -0.287130939 0.049418626 -0.142562427
v -0.348094303 0.011639765 -0.144148664
v -0.345460953 0.045803850 -0.126541369
v -0.348094303 0.011639765 -0.144148664
v -0.287130939 0.049418626 -0.142562427
v -0.290365883 0.003523146 -0.164503792
v -0.345460953 0.045803850 -0.126541369
v -0.396160685 0.024282825 -0.126389728
v -0.389509112 0.045778454 -0.113124210
v -0.396160685 0.024282825 -0.126389728
v -0.345460953 0.045803850 -0.126541369
v -0.348094303 0.011639765 -0.144148664
v -0.290365883 0.003523146 -0.164503792
v -0.352955500 0.019386029 -0.163105378
v -0.348094303 0.011639765 -0.144148664
v -0.352955500 0.019386029 -0.163105378
v -0.290365883 0.003523146 -0.164503792
v -0.301931499 0.024386222 -0.193802271
v -0.348094303 0.011639765 -0.144148664
v -0.400039092 0.029987673 -0.134948832
v -0.396160685 0.024282825 -0.126389728
v -0.400039092 0.029987673 -0.134948832
v -0.348094303 0.011639765 -0.144148664
v -0.352955500 0.019386029 -0.163105378
v -0.301931499 0.024386222 -0.193802271
v -0.351687865 0.054959357 -0.149986251
v -0.352955500 0.019386029 -0.163105378
v -0.351687865 0.054959357 -0.149986251
v -0.301931499 0.024386222 -0.193802271
v -0.301879421 0.058856662 -0.180921393
v -0.352955500 0.019386029 -0.163105378
v -0.394556200 0.051943011 -0.123483944
v -0.400039092 0.029987673 -0.134948832
v -0.394556200 0.051943011 -0.123483944
v -0.352955500 0.019386029 -0.163105378
v -0.351687865 0.054959357 -0.149986251
v -0.495179332 0.085343783 -0.056503694
v -0.500583306 0.049407268 -0.084677144
v -0.505556457 0.056467982 -0.088656413
v -0.500583306 0.049407268 -0.084677144
v -0.495179332 0.085343783 -0.056503694
v -0.489887414 0.077923932 -0.051866035
v -0.447332102 0.074972293 -0.048629567
v -0.455713075 0.081528048 -0.056961733
v -0.444849608 0.083717848 -0.051332676
v -0.455713075 0.081528048 -0.056961733
v -0.447332102 0.074972293 -0.048629567
v -0.456411232 0.074989559 -0.050987566
v -0.432579101 0.026150291 -0.119156334
v -0.438316121 0.066697894 -0.077271564
v -0.410116865 0.051862334 -0.086151985
v -0.438316121 0.066697894 -0.077271564
v -0.432579101 0.026150291 -0.119156334
v -0.470969885 0.035856619 -0.103837449
v -0.432579101 0.026150291 -0.119156334
v -0.475506869 0.043153548 -0.108207031
v -0.470969885 0.035856619 -0.103837449
v -0.475506869 0.043153548 -0.108207031
v -0.432579101 0.026150291 -0.119156334
v -0.437370388 0.041396464 -0.131979580
v -0.414769846 0.072512278 -0.100993305
v -0.475506869 0.043153548 -0.108207031
v -0.437370388 0.041396464 -0.131979580
v -0.475506869 0.043153548 -0.108207031
v -0.414769846 0.072512278 -0.100993305
v -0.448793664 0.076897521 -0.086046836
v -0.277866815 0.025958293 -0.199610294
v -0.301879421 0.058856662 -0.180921393
v -0.301931499 0.024386222 -0.193802271
v -0.301879421 0.058856662 -0.180921393
v -0.277866815 0.025958293 -0.199610294
v -0.282964323 0.052330622 -0.188002192
v -0.282964323 0.052330622 -0.188002192
v -0.287130939 0.049418626 -0.142562427
v -0.301879421 0.058856662 -0.180921393
v -0.287130939 0.049418626 -0.142562427
v -0.282964323 0.052330622 -0.188002192
v -0.266818393 0.046457418 -0.156484954
v -0.265450361 0.008678635 -0.178346022
v -0.287130939 0.049418626 -0.142562427
v -0.266818393 0.046457418 -0.156484954
v -0.287130939 0.049418626 -0.142562427
v -0.265450361 0.008678635 -0.178346022
v -0.290365883 0.003523146 -0.164503792
v -0.290365883 0.003523146 -0.164503792
v -0.277866815 0.025958293 -0.199610294
v -0.301931499 0.024386222 -0.193802271
v -0.277866815 0.025958293 -0.199610294
v -0.290365883 0.003523146 -0.164503792
v -0.265450361 0.008678635 -0.178346022
v -0.149121497 0.044280909 -0.260404531
v -0.154256087 0.059820239 -0.254300534
v -0.192069199 0.049241685 -0.234167766
v -0.154256087 0.059820239 -0.254300534
v -0.116528874 0.062464723 -0.264843890
v -0.122318216 0.074258742 -0.260548477
v -0.116528874 0.062464723 -0.264843890
v -0.154256087 0.059820239 -0.254300534
v -0.149121497 0.044280909 -0.260404531
v -0.069650136 0.045505872 -0.134658107
v -0.069199167 0.036493956 -0.172479694
v -0.091177705 0.037695657 -0.172856807
v -0.069199167 0.036493956 -0.172479694
v -0.069650136 0.045505872 -0.134658107
v -0.054034084 0.037951961 -0.139152373
v -0.116528874 0.062464723 -0.264843890
v -0.090669241 0.072960273 -0.284180611
v -0.094364052 0.086459291 -0.278351939
v -0.153606279 0.079127446 -0.237069891
v -0.113749789 0.102905904 -0.225644057
v -0.145614428 0.078898086 -0.217155924
v -0.113749789 0.102905904 -0.225644057
v -0.153606279 0.079127446 -0.237069891
v -0.124062319 0.088860562 -0.243118856
v -0.189902546 0.072065653 -0.217713825
v -0.153606279 0.079127446 -0.237069891
v -0.145614428 0.078898086 -0.217155924
v -0.119291496 0.039545273 -0.256366886
v -0.090326644 0.032867960 -0.219160660
v -0.097380113 0.043435123 -0.260056332
v -0.090326644 0.032867960 -0.219160660
v -0.058282482 0.045953698 -0.271924168
v -0.097380113 0.043435123 -0.260056332
v -0.058282482 0.045953698 -0.271924168
v -0.090326644 0.032867960 -0.219160660
v -0.039165069 0.034518182 -0.222800581
v -0.149121497 0.044280909 -0.260404531
v -0.119291496 0.039545273 -0.256366886
v -0.116528874 0.062464723 -0.264843890
v -0.146128273 0.026902239 -0.223621177
v -0.126377819 0.037393328 -0.217663659
v -0.119291496 0.039545273 -0.256366886
v -0.144480483 0.025652777 -0.212335284
v -0.110303597 0.083076653 -0.193366144
v -0.122210577 0.043763215 -0.207666204
v -0.110303597 0.083076653 -0.193366144
v -0.144480483 0.025652777 -0.212335284
v -0.135800201 0.068236723 -0.202295518
v -0.103766023 0.110200863 -0.204605913
v -0.110303597 0.083076653 -0.193366144
v -0.135800201 0.068236723 -0.202295518
v -0.086363285 0.099858578 -0.149585472
v -0.072755060 0.095577660 -0.135228068
v -0.090632654 0.084449491 -0.160526344
v -0.090635159 0.061989070 -0.160202551
v -0.075427394 0.061337770 -0.137640247
v -0.092457630 0.046883526 -0.164984624
v -0.394556200 0.051943011 -0.123483944
v -0.410116865 0.051862334 -0.086151985
v -0.414769846 0.072512278 -0.100993305
v -0.410116865 0.051862334 -0.086151985
v -0.394556200 0.051943011 -0.123483944
v -0.389509112 0.045778454 -0.113124210
v -0.394556200 0.051943011 -0.123483944
v -0.437370388 0.041396464 -0.131979580
v -0.400039092 0.029987673 -0.134948832
v -0.437370388 0.041396464 -0.131979580
v -0.394556200 0.051943011 -0.123483944
v -0.414769846 0.072512278 -0.100993305
v -0.400039092 0.029987673 -0.134948832
v -0.432579101 0.026150291 -0.119156334
v -0.396160685 0.024282825 -0.126389728
v -0.432579101 0.026150291 -0.119156334
v -0.400039092 0.029987673 -0.134948832
v -0.437370388 0.041396464 -0.131979580
v -0.432579101 0.026150291 -0.119156334
v -0.389509112 0.045778454 -0.113124210
v -0.396160685 0.024282825 -0.126389728
v -0.389509112 0.045778454 -0.113124210
v -0.432579101 0.026150291 -0.119156334
v -0.410116865 0.051862334 -0.086151985
v -0.090669241 0.072960273 -0.284180611
v -0.093552811 0.062513971 -0.317501195
v -0.094364052 0.086459291 -0.278351939
v -0.093552811 0.062513971 -0.317501195
v -0.090669241 0.072960273 -0.284180611
v -0.078439646 0.055344515 -0.322192045
v -0.068074684 0.070007301 -0.295541531
v -0.078439646 0.055344515 -0.322192045
v -0.090669241 0.072960273 -0.284180611
v -0.078439646 0.055344515 -0.322192045
v -0.068074684 0.070007301 -0.295541531
v -0.058878230 0.062516251 -0.326127134
v -0.470969885 0.035856619 -0.103837449
v -0.489887414 0.077923932 -0.051866035
v -0.438316121 0.066697894 -0.077271564
v -0.489887414 0.077923932 -0.051866035
v -0.470969885 0.035856619 -0.103837449
v -0.500583306 0.049407268 -0.084677144
v -0.438316121 0.066697894 -0.077271564
v -0.495179332 0.085343783 -0.056503694
v -0.448793664 0.076897521 -0.086046836
v -0.495179332 0.085343783 -0.056503694
v -0.438316121 0.066697894 -0.077271564
v -0.489887414 0.077923932 -0.051866035
v -0.495179332 0.085343783 -0.056503694
v -0.475506869 0.043153548 -0.108207031
v -0.448793664 0.076897521 -0.086046836
v -0.475506869 0.043153548 -0.108207031
v -0.495179332 0.085343783 -0.056503694
v -0.505556457 0.056467982 -0.088656413
v -0.505556457 0.056467982 -0.088656413
v -0.470969885 0.035856619 -0.103837449
v -0.475506869 0.043153548 -0.108207031
v -0.470969885 0.035856619 -0.103837449
v -0.505556457 0.056467982 -0.088656413
v -0.500583306 0.049407268 -0.084677144
v -0.414769846 0.072512278 -0.100993305
v -0.432201715 0.068039930 -0.060036375
v -0.432506234 0.082700675 -0.065452757
v -0.432201715 0.068039930 -0.060036375
v -0.414769846 0.072512278 -0.100993305
v -0.410116865 0.051862334 -0.086151985
v -0.432201715 0.068039930 -0.060036375
v -0.438316121 0.066697894 -0.077271564
v -0.445591342 0.069987504 -0.067166166
v -0.438316121 0.066697894 -0.077271564
v -0.432201715 0.068039930 -0.060036375
v -0.410116865 0.051862334 -0.086151985
v -0.438316121 0.066697894 -0.077271564
v -0.444237921 0.076500491 -0.081531784
v -0.445591342 0.069987504 -0.067166166
v -0.444237921 0.076500491 -0.081531784
v -0.438316121 0.066697894 -0.077271564
v -0.448793664 0.076897521 -0.086046836
v -0.444237921 0.076500491 -0.081531784
v -0.414769846 0.072512278 -0.100993305
v -0.432506234 0.082700675 -0.065452757
v -0.414769846 0.072512278 -0.100993305
v -0.444237921 0.076500491 -0.081531784
v -0.448793664 0.076897521 -0.086046836
v -0.432506234 0.082700675 -0.065452757
v -0.447332102 0.074972293 -0.048629567
v -0.444849608 0.083717848 -0.051332676
v -0.447332102 0.074972293 -0.048629567
v -0.432506234 0.082700675 -0.065452757
v -0.432201715 0.068039930 -0.060036375
v -0.432201715 0.068039930 -0.060036375
v -0.456411232 0.074989559 -0.050987566
v -0.447332102 0.074972293 -0.048629567
v -0.456411232 0.074989559 -0.050987566
v -0.432201715 0.068039930 -0.060036375
v -0.445591342 0.069987504 -0.067166166
v -0.445591342 0.069987504 -0.067166166
v -0.455713075 0.081528048 -0.056961733
v -0.456411232 0.074989559 -0.050987566
v -0.455713075 0.081528048 -0.056961733
v -0.445591342 0.069987504 -0.067166166
v -0.444237921 0.076500491 -0.081531784
v -0.444237921 0.076500491 -0.081531784
v -0.444849608 0.083717848 -0.051332676
v -0.455713075 0.081528048 -0.056961733
v -0.444849608 0.083717848 -0.051332676
v -0.444237921 0.076500491 -0.081531784
v -0.432506234 0.082700675 -0.065452757
v -0.155028450 0.068359196 0.485030422
v -0.156027585 0.114540006 0.516497433
v -0.162530550 0.066163209 0.505348339
v -0.156027585 0.114540006 0.516497433
v -0.155028450 0.068359196 0.485030422
v -0.154119888 0.111969988 0.498679333
v -0.064998897 0.027532712 0.456861369
v -0.089070637 0.045391380 0.494908223
v -0.087498406 0.056062769 0.473311049
v -0.089070637 0.045391380 0.494908223
v -0.064998897 0.027532712 0.456861369
v -0.064752408 0.016806959 0.487038799
v -0.091773316 0.036939694 0.422606562
v -0.096902078 0.006050728 0.450721981
v -0.064998897 0.027532712 0.456861369
v -0.096902078 0.006050728 0.450721981
v -0.091773316 0.036939694 0.422606562
v -0.107714319 0.031699862 0.415715762
v -0.115473144 0.022811529 0.491463337
v -0.096902078 0.006050728 0.450721981
v -0.119442677 0.032047593 0.459702980
v -0.096902078 0.006050728 0.450721981
v -0.115473144 0.022811529 0.491463337
v -0.091386849 -0.002019506 0.484328393
v -0.115358739 0.074065520 0.432526948
v -0.155028450 0.068359196 0.485030422
v -0.117017993 0.050275501 0.426315894
v -0.155028450 0.068359196 0.485030422
v -0.115358739 0.074065520 0.432526948
v -0.154119888 0.111969988 0.498679333
v -0.089070637 0.045391380 0.494908223
v -0.131325247 0.116016832 0.501204870
v -0.087498406 0.056062769 0.473311049
v -0.131325247 0.116016832 0.501204870
v -0.089070637 0.045391380 0.494908223
v -0.133202878 0.119336363 0.516117505
v -0.089070637 0.045391380 0.494908223
v -0.162530550 0.066163209 0.505348339
v -0.133202878 0.119336363 0.516117505
v -0.162530550 0.066163209 0.505348339
v -0.089070637 0.045391380 0.494908223
v -0.115473144 0.022811529 0.491463337
v -0.115473144 0.022811529 0.491463337
v -0.155028450 0.068359196 0.485030422
v -0.162530550 0.066163209 0.505348339
v -0.155028450 0.068359196 0.485030422
v -0.115473144 0.022811529 0.491463337
v -0.119442677 0.032047593 0.459702980
v -0.034764365 0.112244411 -0.006566706
v -0.006687467 0.089966920 0.043081451
v -0.069709077 0.120174739 0.036604856
v -0.068756287 0.106189378 -0.013349822
v -0.034764365 0.112244411 -0.006566706
v -0.069709077 0.120174739 0.036604856
v -0.069709077 0.120174739 0.036604856
v -0.041824732 0.118606234 0.142922906
v -0.092281736 0.125708722 0.133806915
v -0.092281736 0.125708722 0.133806915
v -0.075044711 0.117679946 0.233530366
v -0.105621987 0.127506787 0.228407460
v -0.075044711 0.117679946 0.233530366
v -0.092281736 0.125708722 0.133806915
v -0.041824732 0.118606234 0.142922906
v -0.105621987 0.127506787 0.228407460
v -0.074992130 0.098355345 0.301972305
v -0.106385469 0.107860345 0.269035204
v -0.074992130 0.098355345 0.301972305
v -0.105621987 0.127506787 0.228407460
v -0.075044711 0.117679946 0.233530366
v -0.074992130 0.098355345 0.301972305
v -0.109253065 0.090398267 0.349636424
v -0.106385469 0.107860345 0.269035204
v -0.109253065 0.090398267 0.349636424
v -0.074992130 0.098355345 0.301972305
v -0.086404404 0.080026091 0.357130677
v -0.086404404 0.080026091 0.357130677
v -0.115358739 0.074065520 0.432526948
v -0.109253065 0.090398267 0.349636424
v -0.115358739 0.074065520 0.432526948
v -0.086404404 0.080026091 0.357130677
v -0.098528339 0.059158826 0.442910112
v -0.115358739 0.074065520 0.432526948
v -0.131325247 0.116016832 0.501204870
v -0.154119888 0.111969988 0.498679333
v -0.131325247 0.116016832 0.501204870
v -0.115358739 0.074065520 0.432526948
v -0.098528339 0.059158826 0.442910112
v -0.154119888 0.111969988 0.498679333
v -0.133202878 0.119336363 0.516117505
v -0.156027585 0.114540006 0.516497433
v -0.133202878 0.119336363 0.516117505
v -0.154119888 0.111969988 0.498679333
v -0.131325247 0.116016832 0.501204870
v -0.131325247 0.116016832 0.501204870
v -0.098528339 0.059158826 0.442910112
v -0.087498406 0.056062769 0.473311049
v -0.098528339 0.059158826 0.442910112
v -0.064998897 0.027532712 0.456861369
v -0.087498406 0.056062769 0.473311049
v -0.064998897 0.027532712 0.456861369
v -0.098528339 0.059158826 0.442910112
v -0.091773316 0.036939694 0.422606562
v -0.096902078 0.006050728 0.450721981
v -0.064752408 0.016806959 0.487038799
v -0.064998897 0.027532712 0.456861369
v -0.064752408 0.016806959 0.487038799
v -0.096902078 0.006050728 0.450721981
v -0.091386849 -0.002019506 0.484328393
v -0.107714319 0.031699862 0.415715762
v -0.119442677 0.032047593 0.459702980
v -0.096902078 0.006050728 0.450721981
v -0.119442677 0.032047593 0.459702980
v -0.107714319 0.031699862 0.415715762
v -0.117017993 0.050275501 0.426315894
v -0.119442677 0.032047593 0.459702980
v -0.117017993 0.050275501 0.426315894
v -0.155028450 0.068359196 0.485030422
v -0.072657376 0.090625762 -0.064294039
v -0.068756287 0.106189378 -0.013349822
v -0.080806173 0.088086315 -0.038483698
v -0.080806173 0.088086315 -0.038483698
v -0.068756287 0.106189378 -0.013349822
v -0.090362726 0.083663494 -0.003108938
v -0.006687467 0.089966920 0.043081451
v 0.007010737 0.109715260 0.033778968
v -0.000420012 0.075745454 0.052977097
v -0.110727609 0.075856971 -0.326867681
v -0.105274387 0.095990995 -0.306751228
v -0.093119152 0.079163977 -0.307823327
v -0.105274387 0.095990995 -0.306751228
v -0.110727609 0.075856971 -0.326867681
v -0.117008988 0.092220867 -0.313145724
v -0.096175891 0.060448708 -0.345271410
v -0.078439646 0.055344515 -0.322192045
v -0.078935376 0.053933698 -0.354752848
v -0.078439646 0.055344515 -0.322192045
v -0.096175891 0.060448708 -0.345271410
v -0.093552811 0.062513971 -0.317501195
v -0.119025573 0.096073280 -0.441446127
v -0.112724465 0.141256059 -0.436229121
v -0.131753131 0.127080502 -0.425437984
v -0.112724465 0.141256059 -0.436229121
v -0.119025573 0.096073280 -0.441446127
v -0.112721658 0.141252767 -0.436232307
v -0.146373803 0.126579328 -0.381918508
v -0.140071632 0.128068252 -0.409491898
v -0.139983604 0.142810248 -0.378699063
v -0.110727609 0.075856971 -0.326867681
v -0.129935148 0.093330568 -0.341180808
v -0.117008988 0.092220867 -0.313145724
v -0.129935148 0.093330568 -0.341180808
v -0.110727609 0.075856971 -0.326867681
v -0.118648113 0.070151266 -0.353299532
v -0.104489816 0.070834345 -0.335575826
v -0.118648113 0.070151266 -0.353299532
v -0.110727609 0.075856971 -0.326867681
v -0.118648113 0.070151266 -0.353299532
v -0.104489816 0.070834345 -0.335575826
v -0.113413483 0.058843419 -0.386009962
v -0.127150181 0.076914488 -0.388598012
v -0.140239764 0.110432171 -0.418906689
v -0.142362093 0.098277123 -0.382530666
v -0.140239764 0.110432171 -0.418906689
v -0.127150181 0.076914488 -0.388598012
v -0.127081287 0.086552422 -0.424621305
v -0.127150181 0.076914488 -0.388598012
v -0.107093004 0.062819544 -0.427989257
v -0.127081287 0.086552422 -0.424621305
v -0.078935376 0.053933698 -0.354752848
v -0.106839438 0.055837477 -0.387233867
v -0.096175891 0.060448708 -0.345271410
v -0.106839438 0.055837477 -0.387233867
v -0.078935376 0.053933698 -0.354752848
v -0.083167980 0.048456197 -0.387804433
v -0.048676081 0.060630860 -0.388668159
v -0.088037166 0.058689649 -0.428605291
v -0.083167980 0.048456197 -0.387804433
v -0.088037166 0.058689649 -0.428605291
v -0.048676081 0.060630860 -0.388668159
v -0.056207762 0.071757485 -0.430334900
v -0.104489816 0.070834345 -0.335575826
v -0.110727609 0.075856971 -0.326867681
v -0.093119152 0.079163977 -0.307823327
v -0.140239764 0.110432171 -0.418906689
v -0.140071632 0.128068252 -0.409491898
v -0.146373803 0.126579328 -0.381918508
v -0.139276597 0.094747149 -0.361507561
v -0.141624945 0.119833405 -0.347755162
v -0.132731657 0.111406177 -0.328063964
v -0.117008988 0.092220867 -0.313145724
v -0.118919809 0.117208482 -0.297709087
v -0.105274387 0.095990995 -0.306751228
v -0.118919809 0.117208482 -0.297709087
v -0.096616517 0.115193833 -0.297447686
v -0.105274387 0.095990995 -0.306751228
v -0.096616517 0.115193833 -0.297447686
v -0.118919809 0.117208482 -0.297709087
v -0.113443461 0.135540116 -0.291622107
v -0.131753131 0.127080502 -0.425437984
v -0.140071632 0.128068252 -0.409491898
v -0.140239764 0.110432171 -0.418906689
v -0.119025573 0.096073280 -0.441446127
v -0.107093004 0.062819544 -0.427989257
v -0.102836475 0.077695881 -0.442995724
v -0.107093004 0.062819544 -0.427989257
v -0.119025573 0.096073280 -0.441446127
v -0.127081287 0.086552422 -0.424621305
v -0.088037166 0.058689649 -0.428605291
v -0.071009751 0.090632619 -0.446634507
v -0.102836475 0.077695881 -0.442995724
v -0.071009751 0.090632619 -0.446634507
v -0.088037166 0.058689649 -0.428605291
v -0.056207762 0.071757485 -0.430334900
v -0.140239764 0.110432171 -0.418906689
v -0.127081287 0.086552422 -0.424621305
v -0.119025573 0.096073280 -0.441446127
v -0.058878230 0.062516251 -0.326127134
v -0.078935376 0.053933698 -0.354752848
v -0.078439646 0.055344515 -0.322192045
v -0.078935376 0.053933698 -0.354752848
v -0.058878230 0.062516251 -0.326127134
v -0.053867476 0.065473979 -0.355434747
v -0.053867476 0.065473979 -0.355434747
v -0.083167980 0.048456197 -0.387804433
v -0.078935376 0.053933698 -0.354752848
v -0.083167980 0.048456197 -0.387804433
v -0.053867476 0.065473979 -0.355434747
v -0.048676081 0.060630860 -0.388668159
v -0.088037166 0.058689649 -0.428605291
v -0.106839438 0.055837477 -0.387233867
v -0.083167980 0.048456197 -0.387804433
v -0.106839438 0.055837477 -0.387233867
v -0.088037166 0.058689649 -0.428605291
v -0.107093004 0.062819544 -0.427989257
v -0.102836475 0.077695881 -0.442995724
v -0.107093004 0.062819544 -0.427989257
v -0.088037166 0.058689649 -0.428605291
v -0.117894771 0.054054810 -0.381987279
v -0.122964394 0.067178875 -0.381002431
v -0.122393183 0.069185052 -0.357923108
v -0.122964394 0.067178875 -0.381002431
v -0.117894771 0.054054810 -0.381987279
v -0.122703101 0.062551029 -0.392790213
v -0.118648113 0.070151266 -0.353299532
v -0.117894771 0.054054810 -0.381987279
v -0.122393183 0.069185052 -0.357923108
v -0.117894771 0.054054810 -0.381987279
v -0.118648113 0.070151266 -0.353299532
v -0.113413483 0.058843419 -0.386009962
v -0.113413483 0.058843419 -0.386009962
v -0.122703101 0.062551029 -0.392790213
v -0.117894771 0.054054810 -0.381987279
v -0.122703101 0.062551029 -0.392790213
v -0.113413483 0.058843419 -0.386009962
v -0.127150181 0.076914488 -0.388598012
v -0.127150181 0.076914488 -0.388598012
v -0.122964394 0.067178875 -0.381002431
v -0.122703101 0.062551029 -0.392790213
v -0.122964394 0.067178875 -0.381002431
v -0.127150181 0.076914488 -0.388598012
v -0.130227722 0.079632525 -0.369807343
v -0.130227722 0.079632525 -0.369807343
v -0.122393183 0.069185052 -0.357923108
v -0.122964394 0.067178875 -0.381002431
v -0.122393183 0.069185052 -0.357923108
v -0.130227722 0.079632525 -0.369807343
v -0.118648113 0.070151266 -0.353299532
v -0.142390853 0.119967001 -0.371245737
v -0.139276597 0.094747149 -0.361507561
v -0.142362093 0.098277123 -0.382530666
v -0.139276597 0.094747149 -0.361507561
v -0.142390853 0.119967001 -0.371245737
v -0.141624945 0.119833405 -0.347755162
v -0.139276597 0.094747149 -0.361507561
v -0.127150181 0.076914488 -0.388598012
v -0.142362093 0.098277123 -0.382530666
v -0.127150181 0.076914488 -0.388598012
v -0.139276597 0.094747149 -0.361507561
v -0.130227722 0.079632525 -0.369807343
v -0.093119152 0.079163977 -0.307823327
v -0.094364052 0.086459291 -0.278351939
v -0.093552811 0.062513971 -0.317501195
v -0.094364052 0.086459291 -0.278351939
v -0.093119152 0.079163977 -0.307823327
v -0.080613747 0.095548238 -0.270057999
v -0.094364052 0.086459291 -0.278351939
v -0.122318216 0.074258742 -0.260548477
v -0.116528874 0.062464723 -0.264843890
v -0.093552811 0.062513971 -0.317501195
v -0.104489816 0.070834345 -0.335575826
v -0.093119152 0.079163977 -0.307823327
v -0.104489816 0.070834345 -0.335575826
v -0.093552811 0.062513971 -0.317501195
v -0.096175891 0.060448708 -0.345271410
v -0.096175891 0.060448708 -0.345271410
v -0.113413483 0.058843419 -0.386009962
v -0.104489816 0.070834345 -0.335575826
v -0.113413483 0.058843419 -0.386009962
v -0.096175891 0.060448708 -0.345271410
v -0.106839438 0.055837477 -0.387233867
v -0.084337064 0.108691844 -0.236824422
v -0.080613747 0.095548238 -0.270057999
v -0.056825910 0.112638638 -0.262088296
v -0.034764365 0.112244411 -0.006566706
v 0.005520866 0.106988963 -0.057728906
v 0.006833970 0.109652769 -0.000292172
v 0.005520866 0.106988963 -0.057728906
v -0.034764365 0.112244411 -0.006566706
v -0.045960017 0.110032337 -0.055473300
v -0.015799720 0.008124382 -0.031744261
v -0.060923148 0.002491922 -0.006867157
v -0.018019717 -0.002642129 0.002598845
v -0.060923148 0.002491922 -0.006867157
v -0.015799720 0.008124382 -0.031744261
v -0.057056818 0.011378054 -0.051455495
v -0.060923148 0.002491922 -0.006867157
v -0.015640469 0.007378796 0.036084979
v -0.018019717 -0.002642129 0.002598845
v -0.015640469 0.007378796 0.036084979
v -0.060923148 0.002491922 -0.006867157
v -0.053533053 0.018469598 0.041418666
v -0.015640469 0.007378796 0.036084979
v -0.032633579 0.035198029 0.063567279
v -0.014094043 0.014178639 0.044577740
v -0.032633579 0.035198029 0.063567279
v -0.015640469 0.007378796 0.036084979
v -0.053533053 0.018469598 0.041418666
v -0.068074684 0.070007301 -0.295541531
v -0.097380113 0.043435123 -0.260056332
v -0.058282482 0.045953698 -0.271924168
v -0.014094043 0.014178639 0.044577740
v -0.032633579 0.035198029 0.063567279
v -0.000420012 0.075745454 0.052977097
v -0.032633579 0.035198029 0.063567279
v -0.006687467 0.089966920 0.043081451
v -0.000420012 0.075745454 0.052977097
v -0.130061657 0.129290014 -0.321627028
v -0.129212923 0.140728737 -0.338028908
v -0.127940922 0.138033005 -0.320443008
v -0.140071632 0.128068252 -0.409491898
v -0.119614774 0.149176725 -0.424839641
v -0.124669658 0.154533779 -0.406537899
v -0.119614774 0.149176725 -0.424839641
v -0.140071632 0.128068252 -0.409491898
v -0.131753131 0.127080502 -0.425437984
v -0.141624945 0.119833405 -0.347755162
v -0.132066361 0.142242073 -0.364042437
v -0.129212923 0.140728737 -0.338028908
v -0.132066361 0.142242073 -0.364042437
v -0.141624945 0.119833405 -0.347755162
v -0.142390853 0.119967001 -0.371245737
v -0.000600430 0.115403265 -0.108973848
v -0.045960017 0.110032337 -0.055473300
v -0.037923561 0.114132056 -0.102153242
v -0.045960017 0.110032337 -0.055473300
v -0.000600430 0.115403265 -0.108973848
v 0.005520866 0.106988963 -0.057728906
v -0.037923561 0.114132056 -0.102153242
v -0.072657376 0.090625762 -0.064294039
v -0.061248448 0.090105824 -0.099915052
v -0.072657376 0.090625762 -0.064294039
v -0.037923561 0.114132056 -0.102153242
v -0.045960017 0.110032337 -0.055473300
v -0.061248448 0.090105824 -0.099915052
v -0.071953081 0.055746515 -0.074396023
v -0.061432444 0.057861432 -0.096100355
v -0.071953081 0.055746515 -0.074396023
v -0.061248448 0.090105824 -0.099915052
v -0.072657376 0.090625762 -0.064294039
v -0.071953081 0.055746515 -0.074396023
v -0.041462069 0.034990929 -0.098699924
v -0.061432444 0.057861432 -0.096100355
v -0.041462069 0.034990929 -0.098699924
v -0.071953081 0.055746515 -0.074396023
v -0.048648136 0.029896470 -0.080681527
v -0.048648136 0.029896470 -0.080681527
v -0.008239201 0.030149527 -0.104561098
v -0.041462069 0.034990929 -0.098699924
v -0.008239201 0.030149527 -0.104561098
v -0.048648136 0.029896470 -0.080681527
v -0.009782406 0.026182687 -0.071267627
v -0.094364052 0.086459291 -0.278351939
v -0.080613747 0.095548238 -0.270057999
v -0.122318216 0.074258742 -0.260548477
v -0.080613747 0.095548238 -0.270057999
v -0.124062319 0.088860562 -0.243118856
v -0.122318216 0.074258742 -0.260548477
v -0.124062319 0.088860562 -0.243118856
v -0.154256087 0.059820239 -0.254300534
v -0.122318216 0.074258742 -0.260548477
v -0.154256087 0.059820239 -0.254300534
v -0.124062319 0.088860562 -0.243118856
v -0.153606279 0.079127446 -0.237069891
v -0.189902546 0.072065653 -0.217713825
v -0.154256087 0.059820239 -0.254300534
v -0.153606279 0.079127446 -0.237069891
v -0.154256087 0.059820239 -0.254300534
v -0.189902546 0.072065653 -0.217713825
v -0.192069199 0.049241685 -0.234167766
v -0.192069199 0.049241685 -0.234167766
v -0.189902546 0.072065653 -0.217713825
v -0.238764524 0.066788006 -0.206961699
v -0.236944394 0.030024174 -0.221650882
v -0.188970965 0.035799208 -0.232025775
v -0.192069199 0.049241685 -0.234167766
v -0.069709077 0.120174739 0.036604856
v -0.006687467 0.089966920 0.043081451
v -0.041824732 0.118606234 0.142922906
v -0.146373803 0.126579328 -0.381918508
v -0.142390853 0.119967001 -0.371245737
v -0.142362093 0.098277123 -0.382530666
v -0.132066361 0.142242073 -0.364042437
v -0.146373803 0.126579328 -0.381918508
v -0.139983604 0.142810248 -0.378699063
v -0.146373803 0.126579328 -0.381918508
v -0.132066361 0.142242073 -0.364042437
v -0.142390853 0.119967001 -0.371245737
v -0.146373803 0.126579328 -0.381918508
v -0.142362093 0.098277123 -0.382530666
v -0.140239764 0.110432171 -0.418906689
v -0.162530550 0.066163209 0.505348339
v -0.156027585 0.114540006 0.516497433
v -0.133202878 0.119336363 0.516117505
v -0.118919809 0.117208482 -0.297709087
v -0.126490351 0.125781075 -0.316919055
v -0.125667818 0.136672352 -0.313160895
v -0.132731657 0.111406177 -0.328063964
v -0.129935148 0.093330568 -0.341180808
v -0.139276597 0.094747149 -0.361507561
v -0.118919809 0.117208482 -0.297709087
v -0.117008988 0.092220867 -0.313145724
v -0.132731657 0.111406177 -0.328063964
v -0.125667818 0.136672352 -0.313160895
v -0.126490351 0.125781075 -0.316919055
v -0.124417073 0.134661368 -0.315736627
v -0.129212923 0.140728737 -0.338028908
v -0.130245793 0.158021083 -0.333252265
v -0.124203026 0.150475529 -0.330106282
v -0.128395462 0.137252170 -0.318031092
v -0.126490351 0.125781075 -0.316919055
v -0.130061657 0.129290014 -0.321627028
v -0.119410118 0.143872618 -0.314062699
v -0.125667818 0.136672352 -0.313160895
v -0.124417073 0.134661368 -0.315736627
v -0.125667818 0.136672352 -0.313160895
v -0.119410118 0.143872618 -0.314062699
v -0.119994754 0.144440527 -0.310813164
v -0.125667818 0.136672352 -0.313160895
v -0.113443461 0.135540116 -0.291622107
v -0.118919809 0.117208482 -0.297709087
v -0.132731657 0.111406177 -0.328063964
v -0.130061657 0.129290014 -0.321627028
v -0.126490351 0.125781075 -0.316919055
v -0.132731657 0.111406177 -0.328063964
v -0.117008988 0.092220867 -0.313145724
v -0.129935148 0.093330568 -0.341180808
v -0.118648113 0.070151266 -0.353299532
v -0.139276597 0.094747149 -0.361507561
v -0.129935148 0.093330568 -0.341180808
v -0.139276597 0.094747149 -0.361507561
v -0.118648113 0.070151266 -0.353299532
v -0.130227722 0.079632525 -0.369807343
v -0.141624945 0.119833405 -0.347755162
v -0.130061657 0.129290014 -0.321627028
v -0.132731657 0.111406177 -0.328063964
v -0.124669658 0.154533779 -0.406537899
v -0.139983604 0.142810248 -0.378699063
v -0.140071632 0.128068252 -0.409491898
v -0.139983604 0.142810248 -0.378699063
v -0.124669658 0.154533779 -0.406537899
v -0.128782629 0.158195851 -0.376372566
v -0.139983604 0.142810248 -0.378699063
v -0.125191482 0.153105745 -0.361221576
v -0.132066361 0.142242073 -0.364042437
v -0.125191482 0.153105745 -0.361221576
v -0.139983604 0.142810248 -0.378699063
v -0.128782629 0.158195851 -0.376372566
v -0.125191482 0.153105745 -0.361221576
v -0.129212923 0.140728737 -0.338028908
v -0.132066361 0.142242073 -0.364042437
v -0.129212923 0.140728737 -0.338028908
v -0.125191482 0.153105745 -0.361221576
v -0.130245793 0.158021083 -0.333252265
v -0.127940922 0.138033005 -0.320443008
v -0.128395462 0.137252170 -0.318031092
v -0.130061657 0.129290014 -0.321627028
v -0.061432444 0.057861432 -0.096100355
v -0.069650136 0.045505872 -0.134658107
v -0.075427394 0.061337770 -0.137640247
v -0.119083103 0.035121552 -0.210046727
v -0.126377819 0.037393328 -0.217663659
v -0.122210577 0.043763215 -0.207666204
v -0.092457630 0.046883526 -0.164984624
v -0.069650136 0.045505872 -0.134658107
v -0.091177705 0.037695657 -0.172856807
v -0.069650136 0.045505872 -0.134658107
v -0.092457630 0.046883526 -0.164984624
v -0.075427394 0.061337770 -0.137640247
v -0.069650136 0.045505872 -0.134658107
v -0.061432444 0.057861432 -0.096100355
v -0.041462069 0.034990929 -0.098699924
v -0.125667818 0.136672352 -0.313160895
v -0.119994754 0.144440527 -0.310813164
v -0.113443461 0.135540116 -0.291622107
v -0.068074684 0.070007301 -0.295541531
v -0.090669241 0.072960273 -0.284180611
v -0.097380113 0.043435123 -0.260056332
v -0.119410118 0.143872618 -0.314062699
v -0.128395462 0.137252170 -0.318031092
v -0.122996466 0.148389083 -0.316767675
v -0.128395462 0.137252170 -0.318031092
v -0.119410118 0.143872618 -0.314062699
v -0.124417073 0.134661368 -0.315736627
v -0.122996466 0.148389083 -0.316767675
v -0.127940922 0.138033005 -0.320443008
v -0.123126070 0.148695951 -0.320014434
v -0.129212923 0.140728737 -0.338028908
v -0.123126070 0.148695951 -0.320014434
v -0.127940922 0.138033005 -0.320443008
v -0.123126070 0.148695951 -0.320014434
v -0.129212923 0.140728737 -0.338028908
v -0.124203026 0.150475529 -0.330106282
v -0.090326644 0.032867960 -0.219160660
v -0.091177705 0.037695657 -0.172856807
v -0.069199167 0.036493956 -0.172479694
v -0.091177705 0.037695657 -0.172856807
v -0.090326644 0.032867960 -0.219160660
v -0.119083103 0.035121552 -0.210046727
v -0.091177705 0.037695657 -0.172856807
v -0.122210577 0.043763215 -0.207666204
v -0.092457630 0.046883526 -0.164984624
v -0.122210577 0.043763215 -0.207666204
v -0.091177705 0.037695657 -0.172856807
v -0.119083103 0.035121552 -0.210046727
v -0.122210577 0.043763215 -0.207666204
v -0.090635159 0.061989070 -0.160202551
v -0.092457630 0.046883526 -0.164984624
v -0.090635159 0.061989070 -0.160202551
v -0.122210577 0.043763215 -0.207666204
v -0.099750324 0.070697385 -0.187658112
v -0.099750324 0.070697385 -0.187658112
v -0.090632654 0.084449491 -0.160526344
v -0.090635159 0.061989070 -0.160202551
v -0.090632654 0.084449491 -0.160526344
v -0.099750324 0.070697385 -0.187658112
v -0.110303597 0.083076653 -0.193366144
v -0.094845124 0.106522621 -0.175736148
v -0.110303597 0.083076653 -0.193366144
v -0.103766023 0.110200863 -0.204605913
v -0.110303597 0.083076653 -0.193366144
v -0.094845124 0.106522621 -0.175736148
v -0.090632654 0.084449491 -0.160526344
v -0.037621530 0.132440855 -0.147411916
v -0.068227444 0.140371911 -0.161073394
v -0.045899958 0.140179215 -0.168829012
v -0.068227444 0.140371911 -0.161073394
v -0.037621530 0.132440855 -0.147411916
v -0.058662782 0.131389642 -0.135982996
v -0.058662782 0.131389642 -0.135982996
v -0.084241301 0.125624751 -0.154991401
v -0.068227444 0.140371911 -0.161073394
v -0.084241301 0.125624751 -0.154991401
v -0.058662782 0.131389642 -0.135982996
v -0.074711934 0.114648842 -0.136530659
v -0.077772539 0.125239122 -0.206231370
v -0.113749789 0.102905904 -0.225644057
v -0.084337064 0.108691844 -0.236824422
v -0.113749789 0.102905904 -0.225644057
v -0.077772539 0.125239122 -0.206231370
v -0.103766023 0.110200863 -0.204605913
v -0.135800201 0.068236723 -0.202295518
v -0.113749789 0.102905904 -0.225644057
v -0.103766023 0.110200863 -0.204605913
v -0.113749789 0.102905904 -0.225644057
v -0.135800201 0.068236723 -0.202295518
v -0.145614428 0.078898086 -0.217155924
v -0.145614428 0.078898086 -0.217155924
v -0.135800201 0.068236723 -0.202295518
v -0.189902546 0.072065653 -0.217713825
v -0.146128273 0.026902239 -0.223621177
v -0.122210577 0.043763215 -0.207666204
v -0.126377819 0.037393328 -0.217663659
v -0.122210577 0.043763215 -0.207666204
v -0.146128273 0.026902239 -0.223621177
v -0.144480483 0.025652777 -0.212335284
v -0.038874437 0.128838456 -0.213726103
v -0.084337064 0.108691844 -0.236824422
v -0.050358506 0.119881362 -0.244653405
v -0.084337064 0.108691844 -0.236824422
v -0.038874437 0.128838456 -0.213726103
v -0.077772539 0.125239122 -0.206231370
v -0.051240062 0.119322757 -0.131843204
v -0.074711934 0.114648842 -0.136530659
v -0.058662782 0.131389642 -0.135982996
v -0.074711934 0.114648842 -0.136530659
v -0.051240062 0.119322757 -0.131843204
v -0.072755060 0.095577660 -0.135228068
v -0.086363285 0.099858578 -0.149585472
v -0.094845124 0.106522621 -0.175736148
v -0.084241301 0.125624751 -0.154991401
v -0.094845124 0.106522621 -0.175736148
v -0.103766023 0.110200863 -0.204605913
v -0.091294598 0.118423452 -0.185167379
v -0.103766023 0.110200863 -0.204605913
v -0.074910008 0.129635704 -0.191711862
v -0.091294598 0.118423452 -0.185167379
v -0.074910008 0.129635704 -0.191711862
v -0.103766023 0.110200863 -0.204605913
v -0.077772539 0.125239122 -0.206231370
v -0.077772539 0.125239122 -0.206231370
v -0.038874437 0.128838456 -0.213726103
v -0.049572200 0.130447663 -0.191852567
v -0.036122981 0.134916703 -0.174800844
v -0.045899958 0.140179215 -0.168829012
v -0.049572200 0.130447663 -0.191852567
v -0.027881849 0.127114774 -0.153675480
v -0.045899958 0.140179215 -0.168829012
v -0.036122981 0.134916703 -0.174800844
v -0.045899958 0.140179215 -0.168829012
v -0.027881849 0.127114774 -0.153675480
v -0.037621530 0.132440855 -0.147411916
v -0.051240062 0.119322757 -0.131843204
v -0.058662782 0.131389642 -0.135982996
v -0.037621530 0.132440855 -0.147411916
v -0.084241301 0.125624751 -0.154991401
v -0.074711934 0.114648842 -0.136530659
v -0.086363285 0.099858578 -0.149585472
v -0.090632654 0.084449491 -0.160526344
v -0.094845124 0.106522621 -0.175736148
v -0.086363285 0.099858578 -0.149585472
v -0.074711934 0.114648842 -0.136530659
v -0.072755060 0.095577660 -0.135228068
v -0.086363285 0.099858578 -0.149585472
v -0.034764365 0.112244411 -0.006566706
v 0.006833970 0.109652769 -0.000292172
v 0.007010737 0.109715260 0.033778968
v -0.119025573 0.096073280 -0.441446127
v -0.093572567 0.118353841 -0.448455632
v -0.112721658 0.141252767 -0.436232307
v -0.119025573 0.096073280 -0.441446127
v -0.131753131 0.127080502 -0.425437984
v -0.140239764 0.110432171 -0.418906689
v -0.127150181 0.076914488 -0.388598012
v -0.106839438 0.055837477 -0.387233867
v -0.107093004 0.062819544 -0.427989257
v -0.106839438 0.055837477 -0.387233867
v -0.127150181 0.076914488 -0.388598012
v -0.113413483 0.058843419 -0.386009962
v -0.016690531 0.032578944 -0.150194397
v -0.041462069 0.034990929 -0.098699924
v -0.008239201 0.030149527 -0.104561098
v -0.041462069 0.034990929 -0.098699924
v -0.016690531 0.032578944 -0.150194397
v -0.054034084 0.037951961 -0.139152373
v -0.080613747 0.095548238 -0.270057999
v -0.083838204 0.105242094 -0.296894214
v -0.056825910 0.112638638 -0.262088296
v -0.083838204 0.105242094 -0.296894214
v -0.080613747 0.095548238 -0.270057999
v -0.093119152 0.079163977 -0.307823327
v -0.093572567 0.118353841 -0.448455632
v -0.102836475 0.077695881 -0.442995724
v -0.071009751 0.090632619 -0.446634507
v -0.102836475 0.077695881 -0.442995724
v -0.093572567 0.118353841 -0.448455632
v -0.119025573 0.096073280 -0.441446127
v -0.083838204 0.105242094 -0.296894214
v -0.105274387 0.095990995 -0.306751228
v -0.096616517 0.115193833 -0.297447686
v -0.105274387 0.095990995 -0.306751228
v -0.083838204 0.105242094 -0.296894214
v -0.093119152 0.079163977 -0.307823327
v -0.119614774 0.149176725 -0.424839641
v -0.131753131 0.127080502 -0.425437984
v -0.112724465 0.141256059 -0.436229121
v -0.039165069 0.034518182 -0.222800581
v -0.069199167 0.036493956 -0.172479694
v -0.022171051 0.037158311 -0.177970026
v -0.069199167 0.036493956 -0.172479694
v -0.039165069 0.034518182 -0.222800581
v -0.090326644 0.032867960 -0.219160660
v -0.085882559 0.043415316 0.046911054
v -0.080182452 0.036215444 0.075922387
v -0.032633579 0.035198029 0.063567279
v -0.119291496 0.039545273 -0.256366886
v -0.149121497 0.044280909 -0.260404531
v -0.146128273 0.026902239 -0.223621177
v -0.221014641 0.053503942 -0.172301036
v -0.238764524 0.066788006 -0.206961699
v -0.189902546 0.072065653 -0.217713825
v -0.149121497 0.044280909 -0.260404531
v -0.188970965 0.035799208 -0.232025775
v -0.146128273 0.026902239 -0.223621177
v -0.192069199 0.049241685 -0.234167766
v -0.188970965 0.035799208 -0.232025775
v -0.149121497 0.044280909 -0.260404531
v -0.037621530 0.132440855 -0.147411916
v -0.033562247 0.121947890 -0.142805922
v -0.051240062 0.119322757 -0.131843204
v -0.036122981 0.134916703 -0.174800844
v -0.017887206 0.125969338 -0.158901533
v -0.027881849 0.127114774 -0.153675480
v -0.017887206 0.125969338 -0.158901533
v -0.036122981 0.134916703 -0.174800844
v -0.026090030 0.133835822 -0.179735226
v -0.049572200 0.130447663 -0.191852567
v -0.026090030 0.133835822 -0.179735226
v -0.036122981 0.134916703 -0.174800844
v -0.037621530 0.132440855 -0.147411916
v -0.027881849 0.127114774 -0.153675480
v -0.033562247 0.121947890 -0.142805922
v -0.049572200 0.130447663 -0.191852567
v -0.038874437 0.128838456 -0.213726103
v -0.026090030 0.133835822 -0.179735226
v -0.049572200 0.130447663 -0.191852567
v -0.074910008 0.129635704 -0.191711862
v -0.077772539 0.125239122 -0.206231370
v -0.091294598 0.118423452 -0.185167379
v -0.084241301 0.125624751 -0.154991401
v -0.094845124 0.106522621 -0.175736148
v -0.110303597 0.083076653 -0.193366144
v -0.099750324 0.070697385 -0.187658112
v -0.122210577 0.043763215 -0.207666204
v -0.189902546 0.072065653 -0.217713825
v -0.135800201 0.068236723 -0.202295518
v -0.181016034 0.057320779 -0.190514807
v -0.181016034 0.057320779 -0.190514807
v -0.144480483 0.025652777 -0.212335284
v -0.176033894 0.019062017 -0.207843791
v -0.144480483 0.025652777 -0.212335284
v -0.181016034 0.057320779 -0.190514807
v -0.135800201 0.068236723 -0.202295518
v -0.221219516 0.010233449 -0.193811148
v -0.176033894 0.019062017 -0.207843791
v -0.182758123 0.023432628 -0.221343148
v -0.146128273 0.026902239 -0.223621177
v -0.188970965 0.035799208 -0.232025775
v -0.182758123 0.023432628 -0.221343148
v -0.182758123 0.023432628 -0.221343148
v -0.236944394 0.030024174 -0.221650882
v -0.221219516 0.010233449 -0.193811148
v -0.236944394 0.030024174 -0.221650882
v -0.182758123 0.023432628 -0.221343148
v -0.188970965 0.035799208 -0.232025775
v -0.126377819 0.037393328 -0.217663659
v -0.090326644 0.032867960 -0.219160660
v -0.119291496 0.039545273 -0.256366886
v -0.090326644 0.032867960 -0.219160660
v -0.126377819 0.037393328 -0.217663659
v -0.119083103 0.035121552 -0.210046727
v -0.124062319 0.088860562 -0.243118856
v -0.080613747 0.095548238 -0.270057999
v -0.084337064 0.108691844 -0.236824422
v -0.056825910 0.112638638 -0.262088296
v -0.050358506 0.119881362 -0.244653405
v -0.084337064 0.108691844 -0.236824422
v -0.027400574 0.119547530 -0.142384678
v -0.037923561 0.114132056 -0.102153242
v -0.047922418 0.119889910 -0.131869035
v -0.037923561 0.114132056 -0.102153242
v -0.068544343 0.095383210 -0.129774372
v -0.047922418 0.119889910 -0.131869035
v -0.068544343 0.095383210 -0.129774372
v -0.037923561 0.114132056 -0.102153242
v -0.061248448 0.090105824 -0.099915052
v -0.075427394 0.061337770 -0.137640247
v -0.061248448 0.090105824 -0.099915052
v -0.061432444 0.057861432 -0.096100355
v -0.061248448 0.090105824 -0.099915052
v -0.075427394 0.061337770 -0.137640247
v -0.068544343 0.095383210 -0.129774372
v -0.000600430 0.115403265 -0.108973848
v -0.037923561 0.114132056 -0.102153242
v -0.027400574 0.119547530 -0.142384678
v -0.027400574 0.119547530 -0.142384678
v -0.017887206 0.125969338 -0.158901533
v -0.000600430 0.115403265 -0.108973848
v -0.027881849 0.127114774 -0.153675480
v -0.027400574 0.119547530 -0.142384678
v -0.033562247 0.121947890 -0.142805922
v -0.027400574 0.119547530 -0.142384678
v -0.027881849 0.127114774 -0.153675480
v -0.017887206 0.125969338 -0.158901533
v -0.090632654 0.084449491 -0.160526344
v -0.068544343 0.095383210 -0.129774372
v -0.090635159 0.061989070 -0.160202551
v -0.068544343 0.095383210 -0.129774372
v -0.090632654 0.084449491 -0.160526344
v -0.072755060 0.095577660 -0.135228068
v 0.061839809 0.113716791 0.269448538
v 0.037343148 0.134823575 0.349286458
v 0.023980182 0.136846914 0.273637088
v 0.037343148 0.134823575 0.349286458
v 0.061839809 0.113716791 0.269448538
v 0.065410737 0.094807621 0.349694376
v 0.055289458 0.132663196 0.228239578
v 0.023980182 0.136846914 0.273637088
v 0.023995554 0.145764174 0.217326688
v 0.023980182 0.136846914 0.273637088
v 0.055289458 0.132663196 0.228239578
v 0.061839809 0.113716791 0.269448538
v 0.054983283 0.121009847 0.132391374
v 0.023995554 0.145764174 0.217326688
v 0.011666715 0.121795089 0.120376633
v 0.023995554 0.145764174 0.217326688
v 0.054983283 0.121009847 0.132391374
v 0.055289458 0.132663196 0.228239578
v 0.053171666 0.101666718 0.034947005
v 0.011666715 0.121795089 0.120376633
v 0.020059946 0.102522806 0.036091682
v 0.011666715 0.121795089 0.120376633
v 0.053171666 0.101666718 0.034947005
v 0.054983283 0.121009847 0.132391374
v 0.020059946 0.102522806 0.036091682
v 0.045578337 0.094452665 -0.006950907
v 0.053171666 0.101666718 0.034947005
v 0.041493677 0.138754457 0.420801709
v 0.065410737 0.094807621 0.349694376
v 0.071011911 0.078319160 0.432589688
v 0.065410737 0.094807621 0.349694376
v 0.041493677 0.138754457 0.420801709
v 0.037343148 0.134823575 0.349286458
v 0.047193292 0.022290615 0.340037144
v 0.008655796 0.035365867 0.422772039
v 0.053442960 0.011899431 0.410252852
v 0.008655796 0.035365867 0.422772039
v 0.047193292 0.022290615 0.340037144
v 0.004060740 0.043277240 0.349033971
v -0.000157251 0.051218718 0.281984286
v 0.047193292 0.022290615 0.340037144
v 0.040298683 0.028548618 0.267968081
v 0.047193292 0.022290615 0.340037144
v -0.000157251 0.051218718 0.281984286
v 0.004060740 0.043277240 0.349033971
v -0.000157251 0.051218718 0.281984286
v 0.038429592 0.047640926 0.225012025
v -0.004313355 0.066228465 0.221673597
v 0.038429592 0.047640926 0.225012025
v -0.000157251 0.051218718 0.281984286
v 0.040298683 0.028548618 0.267968081
v -0.002047274 0.041292658 0.139813440
v 0.038429592 0.047640926 0.225012025
v 0.039714883 0.025617229 0.143572931
v 0.038429592 0.047640926 0.225012025
v -0.002047274 0.041292658 0.139813440
v -0.004313355 0.066228465 0.221673597
v 0.039714883 0.025617229 0.143572931
v -0.012534619 0.020634431 0.071721291
v -0.002047274 0.041292658 0.139813440
v -0.045433018 0.143643109 0.278331304
v 0.012418263 0.165621298 0.346788991
v -0.053928708 0.137027756 0.354393445
v 0.012418263 0.165621298 0.346788991
v -0.045433018 0.143643109 0.278331304
v 0.013149272 0.149896325 0.270935835
v -0.052103826 0.150270587 0.222683189
v 0.013149272 0.149896325 0.270935835
v -0.045433018 0.143643109 0.278331304
v 0.013149272 0.149896325 0.270935835
v -0.052103826 0.150270587 0.222683189
v 0.003545485 0.151462281 0.219047490
v -0.032043580 0.142985223 0.126169899
v 0.003545485 0.151462281 0.219047490
v -0.052103826 0.150270587 0.222683189
v 0.003545485 0.151462281 0.219047490
v -0.032043580 0.142985223 0.126169899
v 0.003114052 0.131744132 0.122531698
v -0.003992891 0.109903454 0.038313183
v 0.003114052 0.131744132 0.122531698
v -0.032043580 0.142985223 0.126169899
v 0.003114052 0.131744132 0.122531698
v -0.003992891 0.109903454 0.038313183
v 0.005811661 0.110617861 0.038202090
v 0.006833970 0.109652769 -0.000292172
v -0.003992891 0.109903454 0.038313183
v -0.034764365 0.112244411 -0.006566706
v -0.053928708 0.137027756 0.354393445
v 0.009796468 0.181412570 0.411114302
v -0.056403604 0.138505891 0.426249424
v 0.009796468 0.181412570 0.411114302
v -0.053928708 0.137027756 0.354393445
v 0.012418263 0.165621298 0.346788991
v -0.054771660 0.028104038 0.421221188
v -0.108064166 0.031412686 0.337661045
v -0.107714319 0.031699862 0.415715762
v -0.108064166 0.031412686 0.337661045
v -0.054771660 0.028104038 0.421221188
v -0.052232970 0.039836294 0.345799371
v -0.052232970 0.039836294 0.345799371
v -0.105359088 0.038202560 0.264972212
v -0.108064166 0.031412686 0.337661045
v -0.105359088 0.038202560 0.264972212
v -0.052232970 0.039836294 0.345799371
v -0.048805277 0.041918560 0.276866690
v -0.092753016 0.068515592 0.224180686
v -0.048805277 0.041918560 0.276866690
v -0.045727965 0.056176809 0.226950487
v -0.048805277 0.041918560 0.276866690
v -0.092753016 0.068515592 0.224180686
v -0.105359088 0.038202560 0.264972212
v -0.030686511 0.047829907 0.144439216
v -0.092753016 0.068515592 0.224180686
v -0.045727965 0.056176809 0.226950487
v -0.092753016 0.068515592 0.224180686
v -0.030686511 0.047829907 0.144439216
v -0.084125818 0.044976206 0.140230248
v -0.015640469 0.007378796 0.036084979
v -0.032633579 0.035198029 0.063567279
v -0.012534619 0.020634431 0.071721291
v -0.032633579 0.035198029 0.063567279
v -0.030686511 0.047829907 0.144439216
v -0.012534619 0.020634431 0.071721291
v -0.034764365 0.112244411 -0.006566706
v -0.003992891 0.109903454 0.038313183
v -0.069709077 0.120174739 0.036604856
v -0.003992891 0.109903454 0.038313183
v 0.006833970 0.109652769 -0.000292172
v 0.005811661 0.110617861 0.038202090
v -0.032043580 0.142985223 0.126169899
v -0.069709077 0.120174739 0.036604856
v -0.003992891 0.109903454 0.038313183
v -0.069709077 0.120174739 0.036604856
v -0.032043580 0.142985223 0.126169899
v -0.092281736 0.125708722 0.133806915
v -0.052103826 0.150270587 0.222683189
v -0.092281736 0.125708722 0.133806915
v -0.032043580 0.142985223 0.126169899
v -0.092281736 0.125708722 0.133806915
v -0.052103826 0.150270587 0.222683189
v -0.105621987 0.127506787 0.228407460
v -0.045433018 0.143643109 0.278331304
v -0.105621987 0.127506787 0.228407460
v -0.052103826 0.150270587 0.222683189
v -0.105621987 0.127506787 0.228407460
v -0.045433018 0.143643109 0.278331304
v -0.106385469 0.107860345 0.269035204
v -0.053928708 0.137027756 0.354393445
v -0.106385469 0.107860345 0.269035204
v -0.045433018 0.143643109 0.278331304
v -0.106385469 0.107860345 0.269035204
v -0.053928708 0.137027756 0.354393445
v -0.109253065 0.090398267 0.349636424
v -0.056403604 0.138505891 0.426249424
v -0.109253065 0.090398267 0.349636424
v -0.053928708 0.137027756 0.354393445
v -0.109253065 0.090398267 0.349636424
v -0.056403604 0.138505891 0.426249424
v -0.115358739 0.074065520 0.432526948
v 0.006833970 0.109652769 -0.000292172
v 0.020059946 0.102522806 0.036091682
v 0.005811661 0.110617861 0.038202090
v 0.020059946 0.102522806 0.036091682
v 0.006833970 0.109652769 -0.000292172
v 0.045578337 0.094452665 -0.006950907
v 0.003114052 0.131744132 0.122531698
v 0.020059946 0.102522806 0.036091682
v 0.011666715 0.121795089 0.120376633
v 0.020059946 0.102522806 0.036091682
v 0.003114052 0.131744132 0.122531698
v 0.005811661 0.110617861 0.038202090
v 0.003545485 0.151462281 0.219047490
v 0.011666715 0.121795089 0.120376633
v 0.023995554 0.145764174 0.217326688
v 0.011666715 0.121795089 0.120376633
v 0.003545485 0.151462281 0.219047490
v 0.003114052 0.131744132 0.122531698
v 0.013149272 0.149896325 0.270935835
v 0.023995554 0.145764174 0.217326688
v 0.023980182 0.136846914 0.273637088
v 0.023995554 0.145764174 0.217326688
v 0.013149272 0.149896325 0.270935835
v 0.003545485 0.151462281 0.219047490
v 0.012418263 0.165621298 0.346788991
v 0.023980182 0.136846914 0.273637088
v 0.037343148 0.134823575 0.349286458
v 0.023980182 0.136846914 0.273637088
v 0.012418263 0.165621298 0.346788991
v 0.013149272 0.149896325 0.270935835
v 0.009796468 0.181412570 0.411114302
v 0.037343148 0.134823575 0.349286458
v 0.041493677 0.138754457 0.420801709
v 0.037343148 0.134823575 0.349286458
v 0.009796468 0.181412570 0.411114302
v 0.012418263 0.165621298 0.346788991
v 0.088960526 0.024024946 0.079880600
v 0.039714883 0.025617229 0.143572931
v 0.087388362 0.047413280 0.144999845
v 0.039714883 0.025617229 0.143572931
v 0.088960526 0.024024946 0.079880600
v 0.021370090 0.016213130 0.063331291
v 0.039714883 0.025617229 0.143572931
v 0.073753719 0.075616871 0.225069621
v 0.087388362 0.047413280 0.144999845
v 0.073753719 0.075616871 0.225069621
v 0.039714883 0.025617229 0.143572931
v 0.038429592 0.047640926 0.225012025
v 0.040298683 0.028548618 0.267968081
v 0.073753719 0.075616871 0.225069621
v 0.038429592 0.047640926 0.225012025
v 0.073753719 0.075616871 0.225069621
v 0.040298683 0.028548618 0.267968081
v 0.095681094 0.052877028 0.264646631
v 0.047193292 0.022290615 0.340037144
v 0.095681094 0.052877028 0.264646631
v 0.040298683 0.028548618 0.267968081
v 0.095681094 0.052877028 0.264646631
v 0.047193292 0.022290615 0.340037144
v 0.094586980 0.043674957 0.337111869
v 0.053442960 0.011899431 0.410252852
v 0.094586980 0.043674957 0.337111869
v 0.047193292 0.022290615 0.340037144
v 0.094586980 0.043674957 0.337111869
v 0.053442960 0.011899431 0.410252852
v 0.086860016 0.038794160 0.414631002
v -0.012534619 0.020634431 0.071721291
v -0.030686511 0.047829907 0.144439216
v -0.002047274 0.041292658 0.139813440
v -0.002047274 0.041292658 0.139813440
v -0.045727965 0.056176809 0.226950487
v -0.004313355 0.066228465 0.221673597
v -0.045727965 0.056176809 0.226950487
v -0.002047274 0.041292658 0.139813440
v -0.030686511 0.047829907 0.144439216
v -0.000157251 0.051218718 0.281984286
v -0.045727965 0.056176809 0.226950487
v -0.048805277 0.041918560 0.276866690
v -0.045727965 0.056176809 0.226950487
v -0.000157251 0.051218718 0.281984286
v -0.004313355 0.066228465 0.221673597
v -0.052232970 0.039836294 0.345799371
v -0.000157251 0.051218718 0.281984286
v -0.048805277 0.041918560 0.276866690
v -0.000157251 0.051218718 0.281984286
v -0.052232970 0.039836294 0.345799371
v 0.004060740 0.043277240 0.349033971
v 0.008655796 0.035365867 0.422772039
v -0.052232970 0.039836294 0.345799371
v -0.054771660 0.028104038 0.421221188
v -0.052232970 0.039836294 0.345799371
v 0.008655796 0.035365867 0.422772039
v 0.004060740 0.043277240 0.349033971
v 0.039714883 0.025617229 0.143572931
v 0.021370090 0.016213130 0.063331291
v -0.012534619 0.020634431 0.071721291
v 0.021370090 0.016213130 0.063331291
v -0.015640469 0.007378796 0.036084979
v -0.012534619 0.020634431 0.071721291
v -0.080182452 0.036215444 0.075922387
v -0.030686511 0.047829907 0.144439216
v -0.032633579 0.035198029 0.063567279
v -0.030686511 0.047829907 0.144439216
v -0.080182452 0.036215444 0.075922387
v -0.084125818 0.044976206 0.140230248
v -0.113309847 0.153711451 -0.337436664
v -0.102675351 0.151647235 -0.320607138
v -0.111709533 0.151283742 -0.319838537
v -0.129212923 0.140728737 -0.338028908
v -0.130061657 0.129290014 -0.321627028
v -0.141624945 0.119833405 -0.347755162
v -0.109320845 0.146985400 -0.315174430
v -0.100161773 0.147274804 -0.315938556
v -0.111155429 0.148519758 -0.312620442
v -0.132731657 0.111406177 -0.328063964
v -0.126490351 0.125781075 -0.316919055
v -0.118919809 0.117208482 -0.297709087
v -0.100161773 0.147274804 -0.315938556
v -0.084348769 0.150904272 -0.326262144
v -0.094135233 0.137441741 -0.296786088
v -0.127940922 0.138033005 -0.320443008
v -0.122996466 0.148389083 -0.316767675
v -0.128395462 0.137252170 -0.318031092
v -0.122996466 0.148389083 -0.316767675
v -0.111709533 0.151283742 -0.319838537
v -0.110962321 0.151483975 -0.317381867
v -0.126490351 0.125781075 -0.316919055
v -0.128395462 0.137252170 -0.318031092
v -0.124417073 0.134661368 -0.315736627
v -0.110962321 0.151483975 -0.317381867
v -0.100161773 0.147274804 -0.315938556
v -0.109320845 0.146985400 -0.315174430
vt 0.607613981 0.312407970
vt 0.536203027 0.308075011
vt 0.582162023 0.298696995
vt 0.598887980 0.366322994
vt 0.558381021 0.387524962
vt 0.553399026 0.364956975
vt 0.558381021 0.387524962
vt 0.598887980 0.366322994
vt 0.590888977 0.393837988
vt 0.753223002 0.238463998
vt 0.707886994 0.288816988
vt 0.697028995 0.253208041
vt 0.707886994 0.288816988
vt 0.753223002 0.238463998
vt 0.742295980 0.290917993
vt 0.666806996 0.543352008
vt 0.738160014 0.512664974
vt 0.741088986 0.536864996
vt 0.738160014 0.512664974
vt 0.666806996 0.543352008
vt 0.653144002 0.514953017
vt 0.578097999 0.527913988
vt 0.666806996 0.543352008
vt 0.617923975 0.550504982
vt 0.666806996 0.543352008
vt 0.578097999 0.527913988
vt 0.653144002 0.514953017
vt 0.543474019 0.530875027
vt 0.575740993 0.570487976
vt 0.538447976 0.574256003
vt 0.575740993 0.570487976
vt 0.543474019 0.530875027
vt 0.578097999 0.527913988
vt 0.553399026 0.364956975
vt 0.514535010 0.389885008
vt 0.514567971 0.368008018
vt 0.514535010 0.389885008
vt 0.553399026 0.364956975
vt 0.558381021 0.387524962
vt 0.741088986 0.536864996
vt 0.793744028 0.514645994
vt 0.793744028 0.550405979
vt 0.793744028 0.514645994
vt 0.741088986 0.536864996
vt 0.738160014 0.512664974
vt 0.737968028 0.441998959
vt 0.793174028 0.387587011
vt 0.792968988 0.433593988
vt 0.793174028 0.387587011
vt 0.737968028 0.441998959
vt 0.734070003 0.385779023
vt 0.570730984 0.614247978
vt 0.621474981 0.711304009
vt 0.582031012 0.710937977
vt 0.621474981 0.711304009
vt 0.570730984 0.614247978
vt 0.614980996 0.613843977
vt 0.621474981 0.711304009
vt 0.594585001 0.772382975
vt 0.582031012 0.710937977
vt 0.594585001 0.772382975
vt 0.621474981 0.711304009
vt 0.632080972 0.775614977
vt 0.785194993 0.617240012
vt 0.729484975 0.701014996
vt 0.737806976 0.630614996
vt 0.729484975 0.701014996
vt 0.785194993 0.617240012
vt 0.776166022 0.700488985
vt 0.776166022 0.700488985
vt 0.723013997 0.771606982
vt 0.729484975 0.701014996
vt 0.723013997 0.771606982
vt 0.776166022 0.700488985
vt 0.770237029 0.770994008
vt 0.729484975 0.701014996
vt 0.680325985 0.628423989
vt 0.737806976 0.630614996
vt 0.680325985 0.628423989
vt 0.729484975 0.701014996
vt 0.677106977 0.704452991
vt 0.729484975 0.701014996
vt 0.676079988 0.771239996
vt 0.677106977 0.704452991
vt 0.676079988 0.771239996
vt 0.729484975 0.701014996
vt 0.723013997 0.771606982
vt 0.680325985 0.628423989
vt 0.621474981 0.711304009
vt 0.614980996 0.613843977
vt 0.621474981 0.711304009
vt 0.680325985 0.628423989
vt 0.677106977 0.704452991
vt 0.677106977 0.704452991
vt 0.632080972 0.775614977
vt 0.621474981 0.711304009
vt 0.632080972 0.775614977
vt 0.677106977 0.704452991
vt 0.676079988 0.771239996
vt 0.662109017 0.208864987
vt 0.632812977 0.173828006
vt 0.628169000 0.212080002
vt 0.632812977 0.173828006
vt 0.662109017 0.208864987
vt 0.658203006 0.173828006
vt 0.604835987 0.832772970
vt 0.658098996 0.897114992
vt 0.618692994 0.900777996
vt 0.658098996 0.897114992
vt 0.604835987 0.832772970
vt 0.645147979 0.829253972
vt 0.618692994 0.900777996
vt 0.667169988 0.981710017
vt 0.636892974 0.982919991
vt 0.667169988 0.981710017
vt 0.618692994 0.900777996
vt 0.658098996 0.897114992
vt 0.759720027 0.829608023
vt 0.722441971 0.898123026
vt 0.725099027 0.826837003
vt 0.722441971 0.898123026
vt 0.759720027 0.829608023
vt 0.751936972 0.899587989
vt 0.751936972 0.899587989
vt 0.710021019 0.980964005
vt 0.722441971 0.898123026
vt 0.710021019 0.980964005
vt 0.751936972 0.899587989
vt 0.738355994 0.981037021
vt 0.725099027 0.826837003
vt 0.681245029 0.889396012
vt 0.676657975 0.821501970
vt 0.681245029 0.889396012
vt 0.725099027 0.826837003
vt 0.722441971 0.898123026
vt 0.722441971 0.898123026
vt 0.688197017 0.982357979
vt 0.681245029 0.889396012
vt 0.688197017 0.982357979
vt 0.722441971 0.898123026
vt 0.710021019 0.980964005
vt 0.676657975 0.821501970
vt 0.658098996 0.897114992
vt 0.645147979 0.829253972
vt 0.658098996 0.897114992
vt 0.676657975 0.821501970
vt 0.681245029 0.889396012
vt 0.681245029 0.889396012
vt 0.667169988 0.981710017
vt 0.658098996 0.897114992
vt 0.667169988 0.981710017
vt 0.681245029 0.889396012
vt 0.688197017 0.982357979
vt 0.614980996 0.613843977
vt 0.575740993 0.570487976
vt 0.620562971 0.579429984
vt 0.575740993 0.570487976
vt 0.614980996 0.613843977
vt 0.570730984 0.614247978
vt 0.538447976 0.574256003
vt 0.525065005 0.615406990
vt 0.500020027 0.602010012
vt 0.741088986 0.536864996
vt 0.668416977 0.571828008
vt 0.666806996 0.543352008
vt 0.668416977 0.571828008
vt 0.741088986 0.536864996
vt 0.743741989 0.571488976
vt 0.743741989 0.571488976
vt 0.678894997 0.599689007
vt 0.668416977 0.571828008
vt 0.678894997 0.599689007
vt 0.743741989 0.571488976
vt 0.741259992 0.610526979
vt 0.741259992 0.610526979
vt 0.737806976 0.630614996
vt 0.678894997 0.599689007
vt 0.604835987 0.832772970
vt 0.632080972 0.775614977
vt 0.645147979 0.829253972
vt 0.632080972 0.775614977
vt 0.604835987 0.832772970
vt 0.594585001 0.772382975
vt 0.645147979 0.829253972
vt 0.676079988 0.771239996
vt 0.676657975 0.821501970
vt 0.676079988 0.771239996
vt 0.645147979 0.829253972
vt 0.632080972 0.775614977
vt 0.676079988 0.771239996
vt 0.725099027 0.826837003
vt 0.676657975 0.821501970
vt 0.725099027 0.826837003
vt 0.676079988 0.771239996
vt 0.723013997 0.771606982
vt 0.723013997 0.771606982
vt 0.759720027 0.829608023
vt 0.725099027 0.826837003
vt 0.759720027 0.829608023
vt 0.723013997 0.771606982
vt 0.770237029 0.770994008
vt 0.666806996 0.543352008
vt 0.620562971 0.579429984
vt 0.617923975 0.550504982
vt 0.620562971 0.579429984
vt 0.666806996 0.543352008
vt 0.668416977 0.571828008
vt 0.668416977 0.571828008
vt 0.614980996 0.613843977
vt 0.620562971 0.579429984
vt 0.614980996 0.613843977
vt 0.668416977 0.571828008
vt 0.678894997 0.599689007
vt 0.678894997 0.599689007
vt 0.680325985 0.628423989
vt 0.614980996 0.613843977
vt 0.736979008 0.490553975
vt 0.673708975 0.444527030
vt 0.737968028 0.441998959
vt 0.649137020 0.437250018
vt 0.595350981 0.446959972
vt 0.647917986 0.382986009
vt 0.598990023 0.433920026
vt 0.552788973 0.445852995
vt 0.553619027 0.440935016
vt 0.552788973 0.445852995
vt 0.598990023 0.433920026
vt 0.595350981 0.446959972
vt 0.552788973 0.445852995
vt 0.521327019 0.436501026
vt 0.553619027 0.440935016
vt 0.521327019 0.436501026
vt 0.552788973 0.445852995
vt 0.521516979 0.440953016
vt 0.863281012 0.105113983
vt 0.843750000 0.177734017
vt 0.844237983 0.124655008
vt 0.868164003 0.168945014
vt 0.845703006 0.250977039
vt 0.843750000 0.177734017
vt 0.845703006 0.250977039
vt 0.868164003 0.168945014
vt 0.868164003 0.243164003
vt 0.928710997 0.116178989
vt 0.957031012 0.144531012
vt 0.929687023 0.157226980
vt 0.957031012 0.144531012
vt 0.928710997 0.116178989
vt 0.956054986 0.113349974
vt 0.957031012 0.144531012
vt 0.928710997 0.224609017
vt 0.929687023 0.157226980
vt 0.928710997 0.224609017
vt 0.957031012 0.144531012
vt 0.951171994 0.231445014
vt 0.906455994 0.095600009
vt 0.928710997 0.116178989
vt 0.914062023 0.124616981
vt 0.928710997 0.116178989
vt 0.906455994 0.095600009
vt 0.927734017 0.092535019
vt 0.929687023 0.157226980
vt 0.895507991 0.232421994
vt 0.893554986 0.159179986
vt 0.895507991 0.232421994
vt 0.929687023 0.157226980
vt 0.928710997 0.224609017
vt 0.885742009 0.114257991
vt 0.893554986 0.159179986
vt 0.868164003 0.168945014
vt 0.893554986 0.159179986
vt 0.868164003 0.243164003
vt 0.868164003 0.168945014
vt 0.868164003 0.243164003
vt 0.893554986 0.159179986
vt 0.895507991 0.232421994
vt 0.868164003 0.286132991
vt 0.850585997 0.393554986
vt 0.846679986 0.293945014
vt 0.850585997 0.393554986
vt 0.868164003 0.286132991
vt 0.869140983 0.390625000
vt 0.869140983 0.390625000
vt 0.849609017 0.458984017
vt 0.850585997 0.393554986
vt 0.849609017 0.458984017
vt 0.869140983 0.390625000
vt 0.871093988 0.458007991
vt 0.950195014 0.274414003
vt 0.916992009 0.369140983
vt 0.925781012 0.271484017
vt 0.916992009 0.369140983
vt 0.950195014 0.274414003
vt 0.955078006 0.381835997
vt 0.955078006 0.381835997
vt 0.910156012 0.453125000
vt 0.916992009 0.369140983
vt 0.910156012 0.453125000
vt 0.955078006 0.381835997
vt 0.951171994 0.455078006
vt 0.925781012 0.271484017
vt 0.893554986 0.381835997
vt 0.896484017 0.276367009
vt 0.893554986 0.381835997
vt 0.925781012 0.271484017
vt 0.916992009 0.369140983
vt 0.916992009 0.369140983
vt 0.890625000 0.454102039
vt 0.893554986 0.381835997
vt 0.890625000 0.454102039
vt 0.916992009 0.369140983
vt 0.910156012 0.453125000
vt 0.896484017 0.276367009
vt 0.869140983 0.390625000
vt 0.868164003 0.286132991
vt 0.869140983 0.390625000
vt 0.896484017 0.276367009
vt 0.893554986 0.381835997
vt 0.893554986 0.381835997
vt 0.871093988 0.458007991
vt 0.869140983 0.390625000
vt 0.871093988 0.458007991
vt 0.893554986 0.381835997
vt 0.890625000 0.454102039
vt 0.949814975 0.581312001
vt 0.914524972 0.568072021
vt 0.947265983 0.577148020
vt 0.914524972 0.568072021
vt 0.949814975 0.581312001
vt 0.918862998 0.591364980
vt 0.993164003 0.526367009
vt 0.976562023 0.552734017
vt 0.975585997 0.535156012
vt 0.976562023 0.552734017
vt 0.993164003 0.526367009
vt 0.994140983 0.541992009
vt 0.909179986 0.484375000
vt 0.950195014 0.518688023
vt 0.913519025 0.525945008
vt 0.950195014 0.518688023
vt 0.909179986 0.484375000
vt 0.964843988 0.491210997
vt 0.909179986 0.484375000
vt 0.898325980 0.529606998
vt 0.889648020 0.487304986
vt 0.898325980 0.529606998
vt 0.909179986 0.484375000
vt 0.913519025 0.525945008
vt 0.851562977 0.492187977
vt 0.898325980 0.529606998
vt 0.856013000 0.522361994
vt 0.898325980 0.529606998
vt 0.851562977 0.492187977
vt 0.889648020 0.487304986
vt 0.895507991 0.232421994
vt 0.868164003 0.286132991
vt 0.868164003 0.243164003
vt 0.868164003 0.286132991
vt 0.895507991 0.232421994
vt 0.896484017 0.276367009
vt 0.868164003 0.243164003
vt 0.846679986 0.293945014
vt 0.845703006 0.250977039
vt 0.846679986 0.293945014
vt 0.868164003 0.243164003
vt 0.868164003 0.286132991
vt 0.928710997 0.224609017
vt 0.950195014 0.274414003
vt 0.925781012 0.271484017
vt 0.950195014 0.274414003
vt 0.928710997 0.224609017
vt 0.951171994 0.231445014
vt 0.925781012 0.271484017
vt 0.895507991 0.232421994
vt 0.928710997 0.224609017
vt 0.895507991 0.232421994
vt 0.925781012 0.271484017
vt 0.896484017 0.276367009
vt 0.895507991 0.072111011
vt 0.885742009 0.114257991
vt 0.888191998 0.072624981
vt 0.888191998 0.072624981
vt 0.902343988 0.020507991
vt 0.895507991 0.072111011
vt 0.902343988 0.020507991
vt 0.888191998 0.072624981
vt 0.885742009 0.021484017
vt 0.673708975 0.444527030
vt 0.734070003 0.385779023
vt 0.737968028 0.441998959
vt 0.734070003 0.385779023
vt 0.673708975 0.444527030
vt 0.695272028 0.381792009
vt 0.697028995 0.253208041
vt 0.726718009 0.226230979
vt 0.753223002 0.238463998
vt 0.871505022 0.084971011
vt 0.858398020 0.022460997
vt 0.869140983 0.021484017
vt 0.858398020 0.022460997
vt 0.871505022 0.084971011
vt 0.861688018 0.081054986
vt 0.863281012 0.105113983
vt 0.861688018 0.081054986
vt 0.871505022 0.084971011
vt 0.707886994 0.288816988
vt 0.742295980 0.290917993
vt 0.733277977 0.326631010
vt 0.733277977 0.326631010
vt 0.793013990 0.282948971
vt 0.792899013 0.341328025
vt 0.793013990 0.282948971
vt 0.733277977 0.326631010
vt 0.742295980 0.290917993
vt 0.895507991 0.072111011
vt 0.902343988 0.020507991
vt 0.913085997 0.056640983
vt 0.906455994 0.095600009
vt 0.913085997 0.056640983
vt 0.913085997 0.081054986
vt 0.927734017 0.092535019
vt 0.940891981 0.043945014
vt 0.955078006 0.076703012
vt 0.940891981 0.043945014
vt 0.927734017 0.092535019
vt 0.927734017 0.077148020
vt 0.953125000 0.023437977
vt 0.955078006 0.076703012
vt 0.940891981 0.043945014
vt 0.607545018 0.396968007
vt 0.622389972 0.390200019
vt 0.598990023 0.433920026
vt 0.647917986 0.382986009
vt 0.661548018 0.377261996
vt 0.649137020 0.437250018
vt 0.871093988 0.458007991
vt 0.829101980 0.479492009
vt 0.849609017 0.458984017
vt 0.829101980 0.479492009
vt 0.871093988 0.458007991
vt 0.851562977 0.492187977
vt 0.871093988 0.458007991
vt 0.889648020 0.487304986
vt 0.851562977 0.492187977
vt 0.889648020 0.487304986
vt 0.871093988 0.458007991
vt 0.890625000 0.454102039
vt 0.890625000 0.454102039
vt 0.909179986 0.484375000
vt 0.889648020 0.487304986
vt 0.909179986 0.484375000
vt 0.890625000 0.454102039
vt 0.910156012 0.453125000
vt 0.909179986 0.484375000
vt 0.951171994 0.455078006
vt 0.964843988 0.491210997
vt 0.951171994 0.455078006
vt 0.909179986 0.484375000
vt 0.910156012 0.453125000
vt 0.753223002 0.238463998
vt 0.727508008 0.191477001
vt 0.758325994 0.187471032
vt 0.727508008 0.191477001
vt 0.753223002 0.238463998
vt 0.726718009 0.226230979
vt 0.793006003 0.254356027
vt 0.758325994 0.187471032
vt 0.793052018 0.186818004
vt 0.758325994 0.187471032
vt 0.793006003 0.254356027
vt 0.753223002 0.238463998
vt 0.913519025 0.525945008
vt 0.947265983 0.577148020
vt 0.914524972 0.568072021
vt 0.947265983 0.577148020
vt 0.913519025 0.525945008
vt 0.950195014 0.518688023
vt 0.950195014 0.518688023
vt 0.949814975 0.581312001
vt 0.947265983 0.577148020
vt 0.949814975 0.581312001
vt 0.950195014 0.518688023
vt 0.955757022 0.524158001
vt 0.865234017 0.582031012
vt 0.898325980 0.529606998
vt 0.896185994 0.572924018
vt 0.898325980 0.529606998
vt 0.865234017 0.582031012
vt 0.856013000 0.522361994
vt 0.896185994 0.572924018
vt 0.913519025 0.525945008
vt 0.914524972 0.568072021
vt 0.913519025 0.525945008
vt 0.896185994 0.572924018
vt 0.898325980 0.529606998
vt 0.851562977 0.492187977
vt 0.809570014 0.530273020
vt 0.829101980 0.479492009
vt 0.809570014 0.530273020
vt 0.851562977 0.492187977
vt 0.829101980 0.528320014
vt 0.983398020 0.511718988
vt 0.950195014 0.518688023
vt 0.964843988 0.491210997
vt 0.950195014 0.518688023
vt 0.983398020 0.511718988
vt 0.959960997 0.518554986
vt 0.950195014 0.518688023
vt 0.962890983 0.536132991
vt 0.955757022 0.524158001
vt 0.962890983 0.536132991
vt 0.950195014 0.518688023
vt 0.959960997 0.518554986
vt 0.847656012 0.523437977
vt 0.851562977 0.492187977
vt 0.856013000 0.522361994
vt 0.851562977 0.492187977
vt 0.847656012 0.523437977
vt 0.829101980 0.528320014
vt 0.829101980 0.528320014
vt 0.804687977 0.566406012
vt 0.809570014 0.530273020
vt 0.804687977 0.566406012
vt 0.829101980 0.528320014
vt 0.815429986 0.565429986
vt 0.983398020 0.511718988
vt 0.975585997 0.535156012
vt 0.959960997 0.518554986
vt 0.975585997 0.535156012
vt 0.983398020 0.511718988
vt 0.993164003 0.526367009
vt 0.959960997 0.518554986
vt 0.976562023 0.552734017
vt 0.962890983 0.536132991
vt 0.976562023 0.552734017
vt 0.959960997 0.518554986
vt 0.975585997 0.535156012
vt 0.847656012 0.523437977
vt 0.815429986 0.565429986
vt 0.829101980 0.528320014
vt 0.815429986 0.565429986
vt 0.847656012 0.523437977
vt 0.837890983 0.565429986
vt 0.702148020 0.123046994
vt 0.667968988 0.160156012
vt 0.666015983 0.140625000
vt 0.667968988 0.160156012
vt 0.702148020 0.123046994
vt 0.705078006 0.134765983
vt 0.645507991 0.011718988
vt 0.623046994 0.047851980
vt 0.639694989 0.004238009
vt 0.623046994 0.047851980
vt 0.645507991 0.011718988
vt 0.633789003 0.050781012
vt 0.655273020 0.027343988
vt 0.689453006 0.012695014
vt 0.683593988 0.028320014
vt 0.689453006 0.012695014
vt 0.655273020 0.027343988
vt 0.645507991 0.011718988
vt 0.718750000 0.045898020
vt 0.689453006 0.012695014
vt 0.697099984 0.004357994
vt 0.689453006 0.012695014
vt 0.718750000 0.045898020
vt 0.704101980 0.047851980
vt 0.666015983 0.069335997
vt 0.702148020 0.123046994
vt 0.666015983 0.140625000
vt 0.702148020 0.123046994
vt 0.666015983 0.069335997
vt 0.685546994 0.049804986
vt 0.623046994 0.047851980
vt 0.632812977 0.134765983
vt 0.621093988 0.150390983
vt 0.632812977 0.134765983
vt 0.623046994 0.047851980
vt 0.633789003 0.050781012
vt 0.628169000 0.212080002
vt 0.669470012 0.270747006
vt 0.662109017 0.208864987
vt 0.669470012 0.270747006
vt 0.628169000 0.212080002
vt 0.618164003 0.292968988
vt 0.718750000 0.045898020
vt 0.702148020 0.123046994
vt 0.704101980 0.047851980
vt 0.702148020 0.123046994
vt 0.718750000 0.045898020
vt 0.705078006 0.134765983
vt 0.538447976 0.574256003
vt 0.570730984 0.614247978
vt 0.525065005 0.615406990
vt 0.575740993 0.570487976
vt 0.570730984 0.614247978
vt 0.538447976 0.574256003
vt 0.570730984 0.614247978
vt 0.582031012 0.710937977
vt 0.536706984 0.710126996
vt 0.582031012 0.710937977
vt 0.551844001 0.772491992
vt 0.536706984 0.710126996
vt 0.551844001 0.772491992
vt 0.582031012 0.710937977
vt 0.594585001 0.772382975
vt 0.594585001 0.772382975
vt 0.565284014 0.844084024
vt 0.551844001 0.772491992
vt 0.565284014 0.844084024
vt 0.594585001 0.772382975
vt 0.604835987 0.832772970
vt 0.565284014 0.844084024
vt 0.618692994 0.900777996
vt 0.585138977 0.909156978
vt 0.618692994 0.900777996
vt 0.565284014 0.844084024
vt 0.604835987 0.832772970
vt 0.585138977 0.909156978
vt 0.636892974 0.982919991
vt 0.613273978 0.983712018
vt 0.636892974 0.982919991
vt 0.585138977 0.909156978
vt 0.618692994 0.900777996
vt 0.666015983 0.069335997
vt 0.632812977 0.134765983
vt 0.653320014 0.052734017
vt 0.632812977 0.134765983
vt 0.666015983 0.069335997
vt 0.666015983 0.140625000
vt 0.666015983 0.140625000
vt 0.621093988 0.150390983
vt 0.632812977 0.134765983
vt 0.621093988 0.150390983
vt 0.666015983 0.140625000
vt 0.667968988 0.160156012
vt 0.632812977 0.134765983
vt 0.633789003 0.050781012
vt 0.653320014 0.052734017
vt 0.653320014 0.052734017
vt 0.645507991 0.011718988
vt 0.655273020 0.027343988
vt 0.645507991 0.011718988
vt 0.653320014 0.052734017
vt 0.633789003 0.050781012
vt 0.689453006 0.012695014
vt 0.639694989 0.004238009
vt 0.697099984 0.004357994
vt 0.639694989 0.004238009
vt 0.689453006 0.012695014
vt 0.645507991 0.011718988
vt 0.683593988 0.028320014
vt 0.704101980 0.047851980
vt 0.685546994 0.049804986
vt 0.704101980 0.047851980
vt 0.683593988 0.028320014
vt 0.689453006 0.012695014
vt 0.704101980 0.047851980
vt 0.702148020 0.123046994
vt 0.685546994 0.049804986
vt 0.578097999 0.527913988
vt 0.617923975 0.550504982
vt 0.575740993 0.570487976
vt 0.617923975 0.550504982
vt 0.620562971 0.579429984
vt 0.575740993 0.570487976
vt 0.525065005 0.615406990
vt 0.500000000 0.645353019
vt 0.500020027 0.602010012
vt 0.562582016 0.203981996
vt 0.522579014 0.234095991
vt 0.544766009 0.208911002
vt 0.522579014 0.234095991
vt 0.562582016 0.203981996
vt 0.531684995 0.246963024
vt 0.725818992 0.150959969
vt 0.758325994 0.187471032
vt 0.727508008 0.191477001
vt 0.758325994 0.187471032
vt 0.725818992 0.150959969
vt 0.757622004 0.148070991
vt 0.555960000 0.040956974
vt 0.500020027 0.032590032
vt 0.500020027 0.032590032
vt 0.500020027 0.032590032
vt 0.555960000 0.040956974
vt 0.523550987 0.059907973
vt 0.527616978 0.122007012
vt 0.511723995 0.120523989
vt 0.521354020 0.081624031
vt 0.562582016 0.203981996
vt 0.546370029 0.180019021
vt 0.569086015 0.180381000
vt 0.546370029 0.180019021
vt 0.562582016 0.203981996
vt 0.544766009 0.208911002
vt 0.573680997 0.199554980
vt 0.569086015 0.180381000
vt 0.591584980 0.156589031
vt 0.569086015 0.180381000
vt 0.573680997 0.199554980
vt 0.562582016 0.203981996
vt 0.564490974 0.138047993
vt 0.546214998 0.082282007
vt 0.572145998 0.082014024
vt 0.546214998 0.082282007
vt 0.564490974 0.138047993
vt 0.547514975 0.120537996
vt 0.564490974 0.138047993
vt 0.572145998 0.082014024
vt 0.608363986 0.098655999
vt 0.757622004 0.148070991
vt 0.723725975 0.108739972
vt 0.761390984 0.102984011
vt 0.723725975 0.108739972
vt 0.757622004 0.148070991
vt 0.725818992 0.150959969
vt 0.793142021 0.100796998
vt 0.758722007 0.054843009
vt 0.793163002 0.054886997
vt 0.758722007 0.054843009
vt 0.793142021 0.100796998
vt 0.761390984 0.102984011
vt 0.573680997 0.199554980
vt 0.531684995 0.246963024
vt 0.562582016 0.203981996
vt 0.546214998 0.082282007
vt 0.527616978 0.122007012
vt 0.521354020 0.081624031
vt 0.549012005 0.158769011
vt 0.531343997 0.179243982
vt 0.522634983 0.154989004
vt 0.544766009 0.208911002
vt 0.522579014 0.234095991
vt 0.519268990 0.215406001
vt 0.519268990 0.215406001
vt 0.500020027 0.236706018
vt 0.500020027 0.217769980
vt 0.500020027 0.236706018
vt 0.519268990 0.215406001
vt 0.522579014 0.234095991
vt 0.523550987 0.059907973
vt 0.546214998 0.082282007
vt 0.521354020 0.081624031
vt 0.555960000 0.040956974
vt 0.608363986 0.098655999
vt 0.572145998 0.082014024
vt 0.608363986 0.098655999
vt 0.555960000 0.040956974
vt 0.570107996 0.034664989
vt 0.758722007 0.054843009
vt 0.793951988 0.023517013
vt 0.793163002 0.054886997
vt 0.793951988 0.023517013
vt 0.758722007 0.054843009
vt 0.739863992 0.021135986
vt 0.546214998 0.082282007
vt 0.555960000 0.040956974
vt 0.572145998 0.082014024
vt 0.793052018 0.186818004
vt 0.757622004 0.148070991
vt 0.793096006 0.135722995
vt 0.757622004 0.148070991
vt 0.793052018 0.186818004
vt 0.758325994 0.187471032
vt 0.793096006 0.135722995
vt 0.761390984 0.102984011
vt 0.793142021 0.100796998
vt 0.761390984 0.102984011
vt 0.793096006 0.135722995
vt 0.757622004 0.148070991
vt 0.758722007 0.054843009
vt 0.723725975 0.108739972
vt 0.732288003 0.050693989
vt 0.723725975 0.108739972
vt 0.758722007 0.054843009
vt 0.761390984 0.102984011
vt 0.739863992 0.021135986
vt 0.758722007 0.054843009
vt 0.732288003 0.050693989
vt 0.603753984 0.021014988
vt 0.622866988 0.022050023
vt 0.603078008 0.057325006
vt 0.622866988 0.022050023
vt 0.603753984 0.021014988
vt 0.612583995 0.001823008
vt 0.569086015 0.180381000
vt 0.578369021 0.156785011
vt 0.591584980 0.156589031
vt 0.578369021 0.156785011
vt 0.569086015 0.180381000
vt 0.572727025 0.171406031
vt 0.591584980 0.156589031
vt 0.574169993 0.147350013
vt 0.564490974 0.138047993
vt 0.574169993 0.147350013
vt 0.591584980 0.156589031
vt 0.578369021 0.156785011
vt 0.591663003 0.001451015
vt 0.603753984 0.021014988
vt 0.579833984 0.025402009
vt 0.603753984 0.021014988
vt 0.591663003 0.001451015
vt 0.612583995 0.001823008
vt 0.579833984 0.025402009
vt 0.603078008 0.057325006
vt 0.593248010 0.059629023
vt 0.603078008 0.057325006
vt 0.579833984 0.025402009
vt 0.603753984 0.021014988
vt 0.525273979 0.134815991
vt 0.549012005 0.158769011
vt 0.522634983 0.154989004
vt 0.549012005 0.158769011
vt 0.525273979 0.134815991
vt 0.547514975 0.120537996
vt 0.549012005 0.158769011
vt 0.564490974 0.138047993
vt 0.562406003 0.156978965
vt 0.564490974 0.138047993
vt 0.549012005 0.158769011
vt 0.547514975 0.120537996
vt 0.531684995 0.246963024
vt 0.581135988 0.256965041
vt 0.530339003 0.293115020
vt 0.581135988 0.256965041
vt 0.531684995 0.246963024
vt 0.583387017 0.230322003
vt 0.726718009 0.226230979
vt 0.697028995 0.253208041
vt 0.680526018 0.231020987
vt 0.583387017 0.230322003
vt 0.573680997 0.199554980
vt 0.598942995 0.199389994
vt 0.573680997 0.199554980
vt 0.583387017 0.230322003
vt 0.531684995 0.246963024
vt 0.598942995 0.199389994
vt 0.591584980 0.156589031
vt 0.608635008 0.156174004
vt 0.591584980 0.156589031
vt 0.598942995 0.199389994
vt 0.573680997 0.199554980
vt 0.536203027 0.308075011
vt 0.500020027 0.295863986
vt 0.530339003 0.293115020
vt 0.538447976 0.574256003
vt 0.500020027 0.531394005
vt 0.543474019 0.530875027
vt 0.500020027 0.531394005
vt 0.538447976 0.574256003
vt 0.500020027 0.577425003
vt 0.793744028 0.550405979
vt 0.743741989 0.571488976
vt 0.741088986 0.536864996
vt 0.743741989 0.571488976
vt 0.793744028 0.550405979
vt 0.793744028 0.574527025
vt 0.743741989 0.571488976
vt 0.793744028 0.589537978
vt 0.741259992 0.610526979
vt 0.793744028 0.589537978
vt 0.743741989 0.571488976
vt 0.793744028 0.574527025
vt 0.793744028 0.589537978
vt 0.737806976 0.630614996
vt 0.741259992 0.610526979
vt 0.737806976 0.630614996
vt 0.793744028 0.589537978
vt 0.783919990 0.603685975
vt 0.793006003 0.254356027
vt 0.793013990 0.282948971
vt 0.742295980 0.290917993
vt 0.783919990 0.603685975
vt 0.784610987 0.610082984
vt 0.737806976 0.630614996
vt 0.737806976 0.630614996
vt 0.784610987 0.610082984
vt 0.785194993 0.617240012
vt 0.516722977 0.180070996
vt 0.511838019 0.164178014
vt 0.522634983 0.154989004
vt 0.521354020 0.081624031
vt 0.500020027 0.061884999
vt 0.523550987 0.059907973
vt 0.500020027 0.061884999
vt 0.521354020 0.081624031
vt 0.500020027 0.085316002
vt 0.522634983 0.154989004
vt 0.506639004 0.136963010
vt 0.525273979 0.134815991
vt 0.506639004 0.136963010
vt 0.522634983 0.154989004
vt 0.511838019 0.164178014
vt 0.500020027 0.484166980
vt 0.543474019 0.530875027
vt 0.500020027 0.531394005
vt 0.543474019 0.530875027
vt 0.500020027 0.484166980
vt 0.551288009 0.483273029
vt 0.551288009 0.483273029
vt 0.578097999 0.527913988
vt 0.543474019 0.530875027
vt 0.578097999 0.527913988
vt 0.551288009 0.483273029
vt 0.583743989 0.482629001
vt 0.583743989 0.482629001
vt 0.653144002 0.514953017
vt 0.578097999 0.527913988
vt 0.653144002 0.514953017
vt 0.583743989 0.482629001
vt 0.652957022 0.490752995
vt 0.653144002 0.514953017
vt 0.736979008 0.490553975
vt 0.738160014 0.512664974
vt 0.736979008 0.490553975
vt 0.653144002 0.514953017
vt 0.652957022 0.490752995
vt 0.738160014 0.512664974
vt 0.793686986 0.491881967
vt 0.793744028 0.514645994
vt 0.793686986 0.491881967
vt 0.738160014 0.512664974
vt 0.736979008 0.490553975
vt 0.581135988 0.256965041
vt 0.584114015 0.276551008
vt 0.530339003 0.293115020
vt 0.530339003 0.293115020
vt 0.584114015 0.276551008
vt 0.582162023 0.298696995
vt 0.869140983 0.021484017
vt 0.888191998 0.072624981
vt 0.871505022 0.084971011
vt 0.888191998 0.072624981
vt 0.869140983 0.021484017
vt 0.885742009 0.021484017
vt 0.888191998 0.072624981
vt 0.863281012 0.105113983
vt 0.871505022 0.084971011
vt 0.863281012 0.105113983
vt 0.888191998 0.072624981
vt 0.885742009 0.114257991
vt 0.885742009 0.114257991
vt 0.868164003 0.168945014
vt 0.863281012 0.105113983
vt 0.893554986 0.159179986
vt 0.885742009 0.114257991
vt 0.895425975 0.108398020
vt 0.570730984 0.614247978
vt 0.536706984 0.710126996
vt 0.525065005 0.615406990
vt 0.527616978 0.122007012
vt 0.547514975 0.120537996
vt 0.525273979 0.134815991
vt 0.506639004 0.136963010
vt 0.527616978 0.122007012
vt 0.525273979 0.134815991
vt 0.527616978 0.122007012
vt 0.506639004 0.136963010
vt 0.511723995 0.120523989
vt 0.527616978 0.122007012
vt 0.546214998 0.082282007
vt 0.547514975 0.120537996
vt 0.669470012 0.270747006
vt 0.618164003 0.292968988
vt 0.643554986 0.300781012
vt 0.519268990 0.215406001
vt 0.507490993 0.190946996
vt 0.516713977 0.185990989
vt 0.531343997 0.179243982
vt 0.549012005 0.158769011
vt 0.546370029 0.180019021
vt 0.519268990 0.215406001
vt 0.531343997 0.179243982
vt 0.544766009 0.208911002
vt 0.511838019 0.164178014
vt 0.500020027 0.166987002
vt 0.500020027 0.164115012
vt 0.516713977 0.185990989
vt 0.508843005 0.180235982
vt 0.516722977 0.180070996
vt 0.500020027 0.185442984
vt 0.507490993 0.190946996
vt 0.500020027 0.191702008
vt 0.507490993 0.190946996
vt 0.500020027 0.185442984
vt 0.508211017 0.185365021
vt 0.507490993 0.190946996
vt 0.519268990 0.215406001
vt 0.500020027 0.217769980
vt 0.531343997 0.179243982
vt 0.516713977 0.185990989
vt 0.516722977 0.180070996
vt 0.531343997 0.179243982
vt 0.546370029 0.180019021
vt 0.544766009 0.208911002
vt 0.569086015 0.180381000
vt 0.549012005 0.158769011
vt 0.562406003 0.156978965
vt 0.549012005 0.158769011
vt 0.569086015 0.180381000
vt 0.546370029 0.180019021
vt 0.522634983 0.154989004
vt 0.531343997 0.179243982
vt 0.516722977 0.180070996
vt 0.500020027 0.085316002
vt 0.511723995 0.120523989
vt 0.500020027 0.121057987
vt 0.511723995 0.120523989
vt 0.500020027 0.085316002
vt 0.521354020 0.081624031
vt 0.511723995 0.120523989
vt 0.500020027 0.136561990
vt 0.500020027 0.121057987
vt 0.500020027 0.136561990
vt 0.511723995 0.120523989
vt 0.506639004 0.136963010
vt 0.500020027 0.136561990
vt 0.511838019 0.164178014
vt 0.500020027 0.164115012
vt 0.511838019 0.164178014
vt 0.500020027 0.136561990
vt 0.506639004 0.136963010
vt 0.508774996 0.178252995
vt 0.516722977 0.180070996
vt 0.508843005 0.180235982
vt 0.652957022 0.490752995
vt 0.649137020 0.437250018
vt 0.673708975 0.444527030
vt 0.709439993 0.328637004
vt 0.675659001 0.331773996
vt 0.701475978 0.317799985
vt 0.661548018 0.377261996
vt 0.673708975 0.444527030
vt 0.649137020 0.437250018
vt 0.673708975 0.444527030
vt 0.661548018 0.377261996
vt 0.695272028 0.381792009
vt 0.673708975 0.444527030
vt 0.736979008 0.490553975
vt 0.652957022 0.490752995
vt 0.507490993 0.190946996
vt 0.500020027 0.217769980
vt 0.500020027 0.191702008
vt 0.793006003 0.254356027
vt 0.742295980 0.290917993
vt 0.753223002 0.238463998
vt 0.500020027 0.185442984
vt 0.508843005 0.180235982
vt 0.508211017 0.185365021
vt 0.508843005 0.180235982
vt 0.500020027 0.185442984
vt 0.500020027 0.179464996
vt 0.500020027 0.179464996
vt 0.500020027 0.177155018
vt 0.508774996 0.178252995
vt 0.511838019 0.164178014
vt 0.500020027 0.177155018
vt 0.500020027 0.166987002
vt 0.500020027 0.177155018
vt 0.511838019 0.164178014
vt 0.508774996 0.178252995
vt 0.733277977 0.326631010
vt 0.695272028 0.381792009
vt 0.709439993 0.328637004
vt 0.695272028 0.381792009
vt 0.733277977 0.326631010
vt 0.734070003 0.385779023
vt 0.695272028 0.381792009
vt 0.675659001 0.331773996
vt 0.709439993 0.328637004
vt 0.675659001 0.331773996
vt 0.695272028 0.381792009
vt 0.661548018 0.377261996
vt 0.675659001 0.331773996
vt 0.647917986 0.382986009
vt 0.643145978 0.348610044
vt 0.647917986 0.382986009
vt 0.675659001 0.331773996
vt 0.661548018 0.377261996
vt 0.643145978 0.348610044
vt 0.622389972 0.390200019
vt 0.627256989 0.348127961
vt 0.622389972 0.390200019
vt 0.643145978 0.348610044
vt 0.647917986 0.382986009
vt 0.608308971 0.382333040
vt 0.627256989 0.348127961
vt 0.622389972 0.390200019
vt 0.627256989 0.348127961
vt 0.608308971 0.382333040
vt 0.607674003 0.338801026
vt 0.518633008 0.419471025
vt 0.558381021 0.387524962
vt 0.559431016 0.417881966
vt 0.558381021 0.387524962
vt 0.518633008 0.419471025
vt 0.514535010 0.389885008
vt 0.559431016 0.417881966
vt 0.590888977 0.393837988
vt 0.587430000 0.417647958
vt 0.590888977 0.393837988
vt 0.559431016 0.417881966
vt 0.558381021 0.387524962
vt 0.544194996 0.339758992
vt 0.607613981 0.312407970
vt 0.607674003 0.338801026
vt 0.607613981 0.312407970
vt 0.544194996 0.339758992
vt 0.536203027 0.308075011
vt 0.858398020 0.022460997
vt 0.850277007 0.092405975
vt 0.848632991 0.022460997
vt 0.850277007 0.092405975
vt 0.858398020 0.022460997
vt 0.861688018 0.081054986
vt 0.861688018 0.081054986
vt 0.863281012 0.105113983
vt 0.850277007 0.092405975
vt 0.906455994 0.095600009
vt 0.927734017 0.077148020
vt 0.927734017 0.092535019
vt 0.927734017 0.077148020
vt 0.906455994 0.095600009
vt 0.913085997 0.081054986
vt 0.500020027 0.343077004
vt 0.536203027 0.308075011
vt 0.544194996 0.339758992
vt 0.536203027 0.308075011
vt 0.500020027 0.343077004
vt 0.500020027 0.311917007
vt 0.553619027 0.440935016
vt 0.587430000 0.417647958
vt 0.598990023 0.433920026
vt 0.587430000 0.417647958
vt 0.553619027 0.440935016
vt 0.559431016 0.417881966
vt 0.607545018 0.396968007
vt 0.590888977 0.393837988
vt 0.608308971 0.382333040
vt 0.608308971 0.382333040
vt 0.598887980 0.366322994
vt 0.607674003 0.338801026
vt 0.607674003 0.338801026
vt 0.553399026 0.364956975
vt 0.544194996 0.339758992
vt 0.553399026 0.364956975
vt 0.607674003 0.338801026
vt 0.598887980 0.366322994
vt 0.544194996 0.339758992
vt 0.514567971 0.368008018
vt 0.500020027 0.343077004
vt 0.507817984 0.390664995
vt 0.514567971 0.368008018
vt 0.514535010 0.389885008
vt 0.508276999 0.422407985
vt 0.514535010 0.389885008
vt 0.518633008 0.419471025
vt 0.514535010 0.389885008
vt 0.508276999 0.422407985
vt 0.507817984 0.390664995
vt 0.553619027 0.440935016
vt 0.518633008 0.419471025
vt 0.559431016 0.417881966
vt 0.590888977 0.393837988
vt 0.607545018 0.396968007
vt 0.587430000 0.417647958
vt 0.622389972 0.390200019
vt 0.607545018 0.396968007
vt 0.608308971 0.382333040
vt 0.587430000 0.417647958
vt 0.607545018 0.396968007
vt 0.598990023 0.433920026
vt 0.538447976 0.574256003
vt 0.500020027 0.602010012
vt 0.500020027 0.577425003
vt 0.555960000 0.040956974
vt 0.500020027 0.032590032
vt 0.520367026 0.021138012
vt 0.555960000 0.040956974
vt 0.546214998 0.082282007
vt 0.523550987 0.059907973
vt 0.564490974 0.138047993
vt 0.608635008 0.156174004
vt 0.591584980 0.156589031
vt 0.608635008 0.156174004
vt 0.564490974 0.138047993
vt 0.608363986 0.098655999
vt 0.792968988 0.433593988
vt 0.736979008 0.490553975
vt 0.737968028 0.441998959
vt 0.736979008 0.490553975
vt 0.792968988 0.433593988
vt 0.793686986 0.491881967
vt 0.530339003 0.293115020
vt 0.500020027 0.265570045
vt 0.531684995 0.246963024
vt 0.500020027 0.265570045
vt 0.530339003 0.293115020
vt 0.500020027 0.295863986
vt 0.520367026 0.021138012
vt 0.570107996 0.034664989
vt 0.555960000 0.040956974
vt 0.570107996 0.034664989
vt 0.520367026 0.021138012
vt 0.548618019 0.018235981
vt 0.500020027 0.265570045
vt 0.522579014 0.234095991
vt 0.531684995 0.246963024
vt 0.522579014 0.234095991
vt 0.500020027 0.265570045
vt 0.500020027 0.236706018
vt 0.500020027 0.061884999
vt 0.500020027 0.032590032
vt 0.523550987 0.059907973
vt 0.792899013 0.341328025
vt 0.734070003 0.385779023
vt 0.733277977 0.326631010
vt 0.734070003 0.385779023
vt 0.792899013 0.341328025
vt 0.793174028 0.387587011
vt 0.678894997 0.599689007
vt 0.737806976 0.630614996
vt 0.680325985 0.628423989
vt 0.913085997 0.056640983
vt 0.906455994 0.095600009
vt 0.895507991 0.072111011
vt 0.843750000 0.177734017
vt 0.863281012 0.105113983
vt 0.868164003 0.168945014
vt 0.895507991 0.072111011
vt 0.906455994 0.095600009
vt 0.895425975 0.108398020
vt 0.885742009 0.114257991
vt 0.895507991 0.072111011
vt 0.895425975 0.108398020
vt 0.518633008 0.419471025
vt 0.553619027 0.440935016
vt 0.521327019 0.436501026
vt 0.507817984 0.390664995
vt 0.500020027 0.430009961
vt 0.500020027 0.391445041
vt 0.500020027 0.430009961
vt 0.507817984 0.390664995
vt 0.508276999 0.422407985
vt 0.514567971 0.368008018
vt 0.507817984 0.390664995
vt 0.500020027 0.391445041
vt 0.518633008 0.419471025
vt 0.521327019 0.436501026
vt 0.508276999 0.422407985
vt 0.514567971 0.368008018
vt 0.500020027 0.391445041
vt 0.500020027 0.343077004
vt 0.514567971 0.368008018
vt 0.544194996 0.339758992
vt 0.553399026 0.364956975
vt 0.598887980 0.366322994
vt 0.608308971 0.382333040
vt 0.590888977 0.393837988
vt 0.940891981 0.043945014
vt 0.927734017 0.077148020
vt 0.924804986 0.056640983
vt 0.863281012 0.105113983
vt 0.844237983 0.124655008
vt 0.850277007 0.092405975
vt 0.956054986 0.113349974
vt 0.927734017 0.092535019
vt 0.955078006 0.076703012
vt 0.927734017 0.092535019
vt 0.956054986 0.113349974
vt 0.928710997 0.116178989
vt 0.929687023 0.157226980
vt 0.914062023 0.124616981
vt 0.928710997 0.116178989
vt 0.906455994 0.095600009
vt 0.914062023 0.124616981
vt 0.895425975 0.108398020
vt 0.914062023 0.124616981
vt 0.893554986 0.159179986
vt 0.895425975 0.108398020
vt 0.893554986 0.159179986
vt 0.914062023 0.124616981
vt 0.929687023 0.157226980
vt 0.701475978 0.317799985
vt 0.733277977 0.326631010
vt 0.709439993 0.328637004
vt 0.733277977 0.326631010
vt 0.701475978 0.317799985
vt 0.707886994 0.288816988
vt 0.582162023 0.298696995
vt 0.536203027 0.308075011
vt 0.530339003 0.293115020
vt 0.500020027 0.295863986
vt 0.536203027 0.308075011
vt 0.500020027 0.311917007
vt 0.521516979 0.440953016
vt 0.552788973 0.445852995
vt 0.551288009 0.483273029
vt 0.551288009 0.483273029
vt 0.595350981 0.446959972
vt 0.583743989 0.482629001
vt 0.595350981 0.446959972
vt 0.551288009 0.483273029
vt 0.552788973 0.445852995
vt 0.649137020 0.437250018
vt 0.583743989 0.482629001
vt 0.595350981 0.446959972
vt 0.583743989 0.482629001
vt 0.649137020 0.437250018
vt 0.652957022 0.490752995
vt 0.500020027 0.484166980
vt 0.521516979 0.440953016
vt 0.551288009 0.483273029
vt 0.521516979 0.440953016
vt 0.500020027 0.484166980
vt 0.500020027 0.430009961
vt 0.508276999 0.422407985
vt 0.521516979 0.440953016
vt 0.500020027 0.430009961
vt 0.521516979 0.440953016
vt 0.508276999 0.422407985
vt 0.521327019 0.436501026
vt 0.622389972 0.390200019
vt 0.595350981 0.446959972
vt 0.598990023 0.433920026
vt 0.595350981 0.446959972
vt 0.622389972 0.390200019
vt 0.647917986 0.382986009
vt 0.392425001 0.312407970
vt 0.417878002 0.298696995
vt 0.463836014 0.308075011
vt 0.401152015 0.366322994
vt 0.441659003 0.387524962
vt 0.409150004 0.393837988
vt 0.441659003 0.387524962
vt 0.401152015 0.366322994
vt 0.446640998 0.364956975
vt 0.246815994 0.238463998
vt 0.292151988 0.288816988
vt 0.257743001 0.290917993
vt 0.292151988 0.288816988
vt 0.246815994 0.238463998
vt 0.303011000 0.253208041
vt 0.333232999 0.543352008
vt 0.261880010 0.512664974
vt 0.346895993 0.514953017
vt 0.261880010 0.512664974
vt 0.333232999 0.543352008
vt 0.258951008 0.536864996
vt 0.421941996 0.527913988
vt 0.333232999 0.543352008
vt 0.346895993 0.514953017
vt 0.333232999 0.543352008
vt 0.421941996 0.527913988
vt 0.382115990 0.550504982
vt 0.456566006 0.530875027
vt 0.424299002 0.570487976
vt 0.421941996 0.527913988
vt 0.424299002 0.570487976
vt 0.456566006 0.530875027
vt 0.461591005 0.574256003
vt 0.446640998 0.364956975
vt 0.485505015 0.389885008
vt 0.441659003 0.387524962
vt 0.485505015 0.389885008
vt 0.446640998 0.364956975
vt 0.485471994 0.368008018
vt 0.258951008 0.536864996
vt 0.206295997 0.514645994
vt 0.261880010 0.512664974
vt 0.206295997 0.514645994
vt 0.258951008 0.536864996
vt 0.206295997 0.550405979
vt 0.262071997 0.441998959
vt 0.206865996 0.387587011
vt 0.265969008 0.385779023
vt 0.206865996 0.387587011
vt 0.262071997 0.441998959
vt 0.207030997 0.433593988
vt 0.429309011 0.614247978
vt 0.378564000 0.711304009
vt 0.385058999 0.613843977
vt 0.378564000 0.711304009
vt 0.429309011 0.614247978
vt 0.417968988 0.710937977
vt 0.378564000 0.711304009
vt 0.405454993 0.772382975
vt 0.367958993 0.775614977
vt 0.405454993 0.772382975
vt 0.378564000 0.711304009
vt 0.417968988 0.710937977
vt 0.214845002 0.617240012
vt 0.270554990 0.701014996
vt 0.223874003 0.700488985
vt 0.270554990 0.701014996
vt 0.214845002 0.617240012
vt 0.262232989 0.630614996
vt 0.223874003 0.700488985
vt 0.277025014 0.771606982
vt 0.229802996 0.770994008
vt 0.277025014 0.771606982
vt 0.223874003 0.700488985
vt 0.270554990 0.701014996
vt 0.270554990 0.701014996
vt 0.319712996 0.628423989
vt 0.322932988 0.704452991
vt 0.319712996 0.628423989
vt 0.270554990 0.701014996
vt 0.262232989 0.630614996
vt 0.270554990 0.701014996
vt 0.323960006 0.771239996
vt 0.277025014 0.771606982
vt 0.323960006 0.771239996
vt 0.270554990 0.701014996
vt 0.322932988 0.704452991
vt 0.319712996 0.628423989
vt 0.378564000 0.711304009
vt 0.322932988 0.704452991
vt 0.378564000 0.711304009
vt 0.319712996 0.628423989
vt 0.385058999 0.613843977
vt 0.322932988 0.704452991
vt 0.367958993 0.775614977
vt 0.323960006 0.771239996
vt 0.367958993 0.775614977
vt 0.322932988 0.704452991
vt 0.378564000 0.711304009
vt 0.337929994 0.208864987
vt 0.367226988 0.173828006
vt 0.341836989 0.173828006
vt 0.367226988 0.173828006
vt 0.337929994 0.208864987
vt 0.371870995 0.212080002
vt 0.395204008 0.832772970
vt 0.341940999 0.897114992
vt 0.354891986 0.829253972
vt 0.341940999 0.897114992
vt 0.395204008 0.832772970
vt 0.381345987 0.900777996
vt 0.381345987 0.900777996
vt 0.332868993 0.981710017
vt 0.341940999 0.897114992
vt 0.332868993 0.981710017
vt 0.381345987 0.900777996
vt 0.363146991 0.982919991
vt 0.240319997 0.829608023
vt 0.277597994 0.898123026
vt 0.248101994 0.899587989
vt 0.277597994 0.898123026
vt 0.240319997 0.829608023
vt 0.274940997 0.826837003
vt 0.248101994 0.899587989
vt 0.290017992 0.980964005
vt 0.261684000 0.981037021
vt 0.290017992 0.980964005
vt 0.248101994 0.899587989
vt 0.277597994 0.898123026
vt 0.274940997 0.826837003
vt 0.318794012 0.889396012
vt 0.277597994 0.898123026
vt 0.318794012 0.889396012
vt 0.274940997 0.826837003
vt 0.323381007 0.821501970
vt 0.277597994 0.898123026
vt 0.311843008 0.982357979
vt 0.290017992 0.980964005
vt 0.311843008 0.982357979
vt 0.277597994 0.898123026
vt 0.318794012 0.889396012
vt 0.323381007 0.821501970
vt 0.341940999 0.897114992
vt 0.318794012 0.889396012
vt 0.341940999 0.897114992
vt 0.323381007 0.821501970
vt 0.354891986 0.829253972
vt 0.318794012 0.889396012
vt 0.332868993 0.981710017
vt 0.311843008 0.982357979
vt 0.332868993 0.981710017
vt 0.318794012 0.889396012
vt 0.341940999 0.897114992
vt 0.385058999 0.613843977
vt 0.424299002 0.570487976
vt 0.429309011 0.614247978
vt 0.424299002 0.570487976
vt 0.385058999 0.613843977
vt 0.379476994 0.579429984
vt 0.461591005 0.574256003
vt 0.500020027 0.602010012
vt 0.474974990 0.615406990
vt 0.258951008 0.536864996
vt 0.331622988 0.571828008
vt 0.256298006 0.571488976
vt 0.331622988 0.571828008
vt 0.258951008 0.536864996
vt 0.333232999 0.543352008
vt 0.256298006 0.571488976
vt 0.321144998 0.599689007
vt 0.258780003 0.610526979
vt 0.321144998 0.599689007
vt 0.256298006 0.571488976
vt 0.331622988 0.571828008
vt 0.258780003 0.610526979
vt 0.321144998 0.599689007
vt 0.262232989 0.630614996
vt 0.395204008 0.832772970
vt 0.367958993 0.775614977
vt 0.405454993 0.772382975
vt 0.367958993 0.775614977
vt 0.395204008 0.832772970
vt 0.354891986 0.829253972
vt 0.354891986 0.829253972
vt 0.323960006 0.771239996
vt 0.367958993 0.775614977
vt 0.323960006 0.771239996
vt 0.354891986 0.829253972
vt 0.323381007 0.821501970
vt 0.323960006 0.771239996
vt 0.274940997 0.826837003
vt 0.277025014 0.771606982
vt 0.274940997 0.826837003
vt 0.323960006 0.771239996
vt 0.323381007 0.821501970
vt 0.277025014 0.771606982
vt 0.240319997 0.829608023
vt 0.229802996 0.770994008
vt 0.240319997 0.829608023
vt 0.277025014 0.771606982
vt 0.274940997 0.826837003
vt 0.333232999 0.543352008
vt 0.379476994 0.579429984
vt 0.331622988 0.571828008
vt 0.379476994 0.579429984
vt 0.333232999 0.543352008
vt 0.382115990 0.550504982
vt 0.331622988 0.571828008
vt 0.385058999 0.613843977
vt 0.321144998 0.599689007
vt 0.385058999 0.613843977
vt 0.331622988 0.571828008
vt 0.379476994 0.579429984
vt 0.321144998 0.599689007
vt 0.385058999 0.613843977
vt 0.319712996 0.628423989
vt 0.263060004 0.490553975
vt 0.262071997 0.441998959
vt 0.326330990 0.444527030
vt 0.350901991 0.437250018
vt 0.352122009 0.382986009
vt 0.404689014 0.446959972
vt 0.401048988 0.433920026
vt 0.447250992 0.445852995
vt 0.404689014 0.446959972
vt 0.447250992 0.445852995
vt 0.401048988 0.433920026
vt 0.446420997 0.440935016
vt 0.447250992 0.445852995
vt 0.478713006 0.436501026
vt 0.478522986 0.440953016
vt 0.478713006 0.436501026
vt 0.447250992 0.445852995
vt 0.446420997 0.440935016
vt 0.136758000 0.105113983
vt 0.155800998 0.124655008
vt 0.156289995 0.177734017
vt 0.131876007 0.168945014
vt 0.154337004 0.250977039
vt 0.131876007 0.243164003
vt 0.154337004 0.250977039
vt 0.131876007 0.168945014
vt 0.156289995 0.177734017
vt 0.071328998 0.116178989
vt 0.043008000 0.144531012
vt 0.043985002 0.113349974
vt 0.043008000 0.144531012
vt 0.071328998 0.116178989
vt 0.070352003 0.157226980
vt 0.043008000 0.144531012
vt 0.071328998 0.224609017
vt 0.048868001 0.231445014
vt 0.071328998 0.224609017
vt 0.043008000 0.144531012
vt 0.070352003 0.157226980
vt 0.093584001 0.095600009
vt 0.071328998 0.116178989
vt 0.072305001 0.092535019
vt 0.071328998 0.116178989
vt 0.093584001 0.095600009
vt 0.085977003 0.124616981
vt 0.070352003 0.157226980
vt 0.104532003 0.232421994
vt 0.071328998 0.224609017
vt 0.104532003 0.232421994
vt 0.070352003 0.157226980
vt 0.106485002 0.159179986
vt 0.114298001 0.114257991
vt 0.131876007 0.168945014
vt 0.106485002 0.159179986
vt 0.106485002 0.159179986
vt 0.131876007 0.243164003
vt 0.104532003 0.232421994
vt 0.131876007 0.243164003
vt 0.106485002 0.159179986
vt 0.131876007 0.168945014
vt 0.131876007 0.286132991
vt 0.149453998 0.393554986
vt 0.130898997 0.390625000
vt 0.149453998 0.393554986
vt 0.131876007 0.286132991
vt 0.153359994 0.293945014
vt 0.130898997 0.390625000
vt 0.150429994 0.458984017
vt 0.128946006 0.458007991
vt 0.150429994 0.458984017
vt 0.130898997 0.390625000
vt 0.149453998 0.393554986
vt 0.049844000 0.274414003
vt 0.083048001 0.369140983
vt 0.044962000 0.381835997
vt 0.083048001 0.369140983
vt 0.049844000 0.274414003
vt 0.074258000 0.271484017
vt 0.044962000 0.381835997
vt 0.089883000 0.453125000
vt 0.048868001 0.455078006
vt 0.089883000 0.453125000
vt 0.044962000 0.381835997
vt 0.083048001 0.369140983
vt 0.074258000 0.271484017
vt 0.106485002 0.381835997
vt 0.083048001 0.369140983
vt 0.106485002 0.381835997
vt 0.074258000 0.271484017
vt 0.103555001 0.276367009
vt 0.083048001 0.369140983
vt 0.109415002 0.454102039
vt 0.089883000 0.453125000
vt 0.109415002 0.454102039
vt 0.083048001 0.369140983
vt 0.106485002 0.381835997
vt 0.103555001 0.276367009
vt 0.130898997 0.390625000
vt 0.106485002 0.381835997
vt 0.130898997 0.390625000
vt 0.103555001 0.276367009
vt 0.131876007 0.286132991
vt 0.106485002 0.381835997
vt 0.128946006 0.458007991
vt 0.109415002 0.454102039
vt 0.128946006 0.458007991
vt 0.106485002 0.381835997
vt 0.130898997 0.390625000
vt 0.050820999 0.589695990
vt 0.084967002 0.564638972
vt 0.082070999 0.593750000
vt 0.084967002 0.564638972
vt 0.050820999 0.589695990
vt 0.052774001 0.585951984
vt 0.006876000 0.526367009
vt 0.023476999 0.552734017
vt 0.005899000 0.541992009
vt 0.023476999 0.552734017
vt 0.006876000 0.526367009
vt 0.024453999 0.535156012
vt 0.090860002 0.484375000
vt 0.049844000 0.516601980
vt 0.035195999 0.491210997
vt 0.049844000 0.516601980
vt 0.090860002 0.484375000
vt 0.088840000 0.525505006
vt 0.090860002 0.484375000
vt 0.102578998 0.527243972
vt 0.088840000 0.525505006
vt 0.102578998 0.527243972
vt 0.090860002 0.484375000
vt 0.110390998 0.487304986
vt 0.148477003 0.492187977
vt 0.102578998 0.527243972
vt 0.110390998 0.487304986
vt 0.102578998 0.527243972
vt 0.148477003 0.492187977
vt 0.143593997 0.524447024
vt 0.104532003 0.232421994
vt 0.131876007 0.286132991
vt 0.103555001 0.276367009
vt 0.131876007 0.286132991
vt 0.104532003 0.232421994
vt 0.131876007 0.243164003
vt 0.131876007 0.243164003
vt 0.153359994 0.293945014
vt 0.131876007 0.286132991
vt 0.153359994 0.293945014
vt 0.131876007 0.243164003
vt 0.154337004 0.250977039
vt 0.071328998 0.224609017
vt 0.049844000 0.274414003
vt 0.048868001 0.231445014
vt 0.049844000 0.274414003
vt 0.071328998 0.224609017
vt 0.074258000 0.271484017
vt 0.074258000 0.271484017
vt 0.104532003 0.232421994
vt 0.103555001 0.276367009
vt 0.104532003 0.232421994
vt 0.074258000 0.271484017
vt 0.071328998 0.224609017
vt 0.104532003 0.072111011
vt 0.111846998 0.072624981
vt 0.114298001 0.114257991
vt 0.111846998 0.072624981
vt 0.097695999 0.020507991
vt 0.114298001 0.021484017
vt 0.097695999 0.020507991
vt 0.111846998 0.072624981
vt 0.104532003 0.072111011
vt 0.326330990 0.444527030
vt 0.265969008 0.385779023
vt 0.304767013 0.381792009
vt 0.265969008 0.385779023
vt 0.326330990 0.444527030
vt 0.262071997 0.441998959
vt 0.303011000 0.253208041
vt 0.246815994 0.238463998
vt 0.273321003 0.226230979
vt 0.128535002 0.084971011
vt 0.141641006 0.022460997
vt 0.138352007 0.081054986
vt 0.141641006 0.022460997
vt 0.128535002 0.084971011
vt 0.130898997 0.021484017
vt 0.136758000 0.105113983
vt 0.128535002 0.084971011
vt 0.138352007 0.081054986
vt 0.292151988 0.288816988
vt 0.266761988 0.326631010
vt 0.257743001 0.290917993
vt 0.266761988 0.326631010
vt 0.207026005 0.282948971
vt 0.257743001 0.290917993
vt 0.207026005 0.282948971
vt 0.266761988 0.326631010
vt 0.207139999 0.341328025
vt 0.104532003 0.072111011
vt 0.086953998 0.056640983
vt 0.097695999 0.020507991
vt 0.093584001 0.095600009
vt 0.086953998 0.081054986
vt 0.086953998 0.056640983
vt 0.072305001 0.092535019
vt 0.059147999 0.043945014
vt 0.072305001 0.077148020
vt 0.059147999 0.043945014
vt 0.072305001 0.092535019
vt 0.044962000 0.076703012
vt 0.046914998 0.023437977
vt 0.059147999 0.043945014
vt 0.044962000 0.076703012
vt 0.392495006 0.396968007
vt 0.401048988 0.433920026
vt 0.377649009 0.390200019
vt 0.352122009 0.382986009
vt 0.350901991 0.437250018
vt 0.338492006 0.377261996
vt 0.128946006 0.458007991
vt 0.170938000 0.479492009
vt 0.148477003 0.492187977
vt 0.170938000 0.479492009
vt 0.128946006 0.458007991
vt 0.150429994 0.458984017
vt 0.128946006 0.458007991
vt 0.110390998 0.487304986
vt 0.109415002 0.454102039
vt 0.110390998 0.487304986
vt 0.128946006 0.458007991
vt 0.148477003 0.492187977
vt 0.109415002 0.454102039
vt 0.090860002 0.484375000
vt 0.089883000 0.453125000
vt 0.090860002 0.484375000
vt 0.109415002 0.454102039
vt 0.110390998 0.487304986
vt 0.090860002 0.484375000
vt 0.048868001 0.455078006
vt 0.089883000 0.453125000
vt 0.048868001 0.455078006
vt 0.090860002 0.484375000
vt 0.035195999 0.491210997
vt 0.246815994 0.238463998
vt 0.272531986 0.191477001
vt 0.273321003 0.226230979
vt 0.272531986 0.191477001
vt 0.246815994 0.238463998
vt 0.241714001 0.187471032
vt 0.207032993 0.254356027
vt 0.241714001 0.187471032
vt 0.246815994 0.238463998
vt 0.241714001 0.187471032
vt 0.207032993 0.254356027
vt 0.206986994 0.186818004
vt 0.088840000 0.525505006
vt 0.052774001 0.585951984
vt 0.049844000 0.516601980
vt 0.052774001 0.585951984
vt 0.088840000 0.525505006
vt 0.084967002 0.564638972
vt 0.049844000 0.516601980
vt 0.050820999 0.589695990
vt 0.046500001 0.523027003
vt 0.050820999 0.589695990
vt 0.049844000 0.516601980
vt 0.052774001 0.585951984
vt 0.134804994 0.587375998
vt 0.102578998 0.527243972
vt 0.143593997 0.524447024
vt 0.102578998 0.527243972
vt 0.134804994 0.587375998
vt 0.101039998 0.568130016
vt 0.101039998 0.568130016
vt 0.088840000 0.525505006
vt 0.102578998 0.527243972
vt 0.088840000 0.525505006
vt 0.101039998 0.568130016
vt 0.084967002 0.564638972
vt 0.148477003 0.492187977
vt 0.190468997 0.530273020
vt 0.170938000 0.528320014
vt 0.190468997 0.530273020
vt 0.148477003 0.492187977
vt 0.170938000 0.479492009
vt 0.016641000 0.511718988
vt 0.049844000 0.516601980
vt 0.040079001 0.518554986
vt 0.049844000 0.516601980
vt 0.016641000 0.511718988
vt 0.035195999 0.491210997
vt 0.049844000 0.516601980
vt 0.037149001 0.536132991
vt 0.040079001 0.518554986
vt 0.037149001 0.536132991
vt 0.049844000 0.516601980
vt 0.046500001 0.523027003
vt 0.152383000 0.523437977
vt 0.148477003 0.492187977
vt 0.170938000 0.528320014
vt 0.148477003 0.492187977
vt 0.152383000 0.523437977
vt 0.143593997 0.524447024
vt 0.170938000 0.528320014
vt 0.195352003 0.566406012
vt 0.184609994 0.565429986
vt 0.195352003 0.566406012
vt 0.170938000 0.528320014
vt 0.190468997 0.530273020
vt 0.016641000 0.511718988
vt 0.024453999 0.535156012
vt 0.006876000 0.526367009
vt 0.024453999 0.535156012
vt 0.016641000 0.511718988
vt 0.040079001 0.518554986
vt 0.040079001 0.518554986
vt 0.023476999 0.552734017
vt 0.024453999 0.535156012
vt 0.023476999 0.552734017
vt 0.040079001 0.518554986
vt 0.037149001 0.536132991
vt 0.152383000 0.523437977
vt 0.184609994 0.565429986
vt 0.162148997 0.565429986
vt 0.184609994 0.565429986
vt 0.152383000 0.523437977
vt 0.170938000 0.528320014
vt 0.297890991 0.123046994
vt 0.332071006 0.160156012
vt 0.294961989 0.134765983
vt 0.332071006 0.160156012
vt 0.297890991 0.123046994
vt 0.334024012 0.140625000
vt 0.354532003 0.011718988
vt 0.376993001 0.047851980
vt 0.366250992 0.050781012
vt 0.376993001 0.047851980
vt 0.354532003 0.011718988
vt 0.360345006 0.004238009
vt 0.344765991 0.027343988
vt 0.310586989 0.012695014
vt 0.354532003 0.011718988
vt 0.310586989 0.012695014
vt 0.344765991 0.027343988
vt 0.316446006 0.028320014
vt 0.281289995 0.045898020
vt 0.310586989 0.012695014
vt 0.295937985 0.047851980
vt 0.310586989 0.012695014
vt 0.281289995 0.045898020
vt 0.302940011 0.004357994
vt 0.334024012 0.069335997
vt 0.297890991 0.123046994
vt 0.314493001 0.049804986
vt 0.297890991 0.123046994
vt 0.334024012 0.069335997
vt 0.334024012 0.140625000
vt 0.376993001 0.047851980
vt 0.367226988 0.134765983
vt 0.366250992 0.050781012
vt 0.367226988 0.134765983
vt 0.376993001 0.047851980
vt 0.378946006 0.150390983
vt 0.371870995 0.212080002
vt 0.330570012 0.270747006
vt 0.381875992 0.292968988
vt 0.330570012 0.270747006
vt 0.371870995 0.212080002
vt 0.337929994 0.208864987
vt 0.281289995 0.045898020
vt 0.297890991 0.123046994
vt 0.294961989 0.134765983
vt 0.297890991 0.123046994
vt 0.281289995 0.045898020
vt 0.295937985 0.047851980
vt 0.461591005 0.574256003
vt 0.474974990 0.615406990
vt 0.429309011 0.614247978
vt 0.424299002 0.570487976
vt 0.461591005 0.574256003
vt 0.429309011 0.614247978
vt 0.429309011 0.614247978
vt 0.463333011 0.710126996
vt 0.417968988 0.710937977
vt 0.417968988 0.710937977
vt 0.448195010 0.772491992
vt 0.405454993 0.772382975
vt 0.448195010 0.772491992
vt 0.417968988 0.710937977
vt 0.463333011 0.710126996
vt 0.405454993 0.772382975
vt 0.434756011 0.844084024
vt 0.395204008 0.832772970
vt 0.434756011 0.844084024
vt 0.405454993 0.772382975
vt 0.448195010 0.772491992
vt 0.434756011 0.844084024
vt 0.381345987 0.900777996
vt 0.395204008 0.832772970
vt 0.381345987 0.900777996
vt 0.434756011 0.844084024
vt 0.414900988 0.909156978
vt 0.414900988 0.909156978
vt 0.363146991 0.982919991
vt 0.381345987 0.900777996
vt 0.363146991 0.982919991
vt 0.414900988 0.909156978
vt 0.386765987 0.983712018
vt 0.334024012 0.069335997
vt 0.367226988 0.134765983
vt 0.334024012 0.140625000
vt 0.367226988 0.134765983
vt 0.334024012 0.069335997
vt 0.346718997 0.052734017
vt 0.334024012 0.140625000
vt 0.378946006 0.150390983
vt 0.332071006 0.160156012
vt 0.378946006 0.150390983
vt 0.334024012 0.140625000
vt 0.367226988 0.134765983
vt 0.367226988 0.134765983
vt 0.346718997 0.052734017
vt 0.366250992 0.050781012
vt 0.346718997 0.052734017
vt 0.354532003 0.011718988
vt 0.366250992 0.050781012
vt 0.354532003 0.011718988
vt 0.346718997 0.052734017
vt 0.344765991 0.027343988
vt 0.310586989 0.012695014
vt 0.360345006 0.004238009
vt 0.354532003 0.011718988
vt 0.360345006 0.004238009
vt 0.310586989 0.012695014
vt 0.302940011 0.004357994
vt 0.316446006 0.028320014
vt 0.295937985 0.047851980
vt 0.310586989 0.012695014
vt 0.295937985 0.047851980
vt 0.316446006 0.028320014
vt 0.314493001 0.049804986
vt 0.295937985 0.047851980
vt 0.314493001 0.049804986
vt 0.297890991 0.123046994
vt 0.421941996 0.527913988
vt 0.424299002 0.570487976
vt 0.382115990 0.550504982
vt 0.382115990 0.550504982
vt 0.424299002 0.570487976
vt 0.379476994 0.579429984
vt 0.474974990 0.615406990
vt 0.500020027 0.602010012
vt 0.500000000 0.645353019
vt 0.437458009 0.203981996
vt 0.477459997 0.234095991
vt 0.468355000 0.246963024
vt 0.477459997 0.234095991
vt 0.437458009 0.203981996
vt 0.455273986 0.208911002
vt 0.274219990 0.150959969
vt 0.241714001 0.187471032
vt 0.242418006 0.148070991
vt 0.241714001 0.187471032
vt 0.274219990 0.150959969
vt 0.272531986 0.191477001
vt 0.444079995 0.040956974
vt 0.500020027 0.032590032
vt 0.476487994 0.059907973
vt 0.500020027 0.032590032
vt 0.444079995 0.040956974
vt 0.500020027 0.032590032
vt 0.472422987 0.122007012
vt 0.478684992 0.081624031
vt 0.488316000 0.120523989
vt 0.437458009 0.203981996
vt 0.453669995 0.180019021
vt 0.455273986 0.208911002
vt 0.453669995 0.180019021
vt 0.437458009 0.203981996
vt 0.430954009 0.180381000
vt 0.426358998 0.199554980
vt 0.430954009 0.180381000
vt 0.437458009 0.203981996
vt 0.430954009 0.180381000
vt 0.426358998 0.199554980
vt 0.408454001 0.156589031
vt 0.435548991 0.138047993
vt 0.453824997 0.082282007
vt 0.452524990 0.120537996
vt 0.453824997 0.082282007
vt 0.435548991 0.138047993
vt 0.427893996 0.082014024
vt 0.435548991 0.138047993
vt 0.391674995 0.098655999
vt 0.427893996 0.082014024
vt 0.242418006 0.148070991
vt 0.276313007 0.108739972
vt 0.274219990 0.150959969
vt 0.276313007 0.108739972
vt 0.242418006 0.148070991
vt 0.238648996 0.102984011
vt 0.206898004 0.100796998
vt 0.241318002 0.054843009
vt 0.238648996 0.102984011
vt 0.241318002 0.054843009
vt 0.206898004 0.100796998
vt 0.206875995 0.054886997
vt 0.426358998 0.199554980
vt 0.437458009 0.203981996
vt 0.468355000 0.246963024
vt 0.453824997 0.082282007
vt 0.478684992 0.081624031
vt 0.472422987 0.122007012
vt 0.451027989 0.158769011
vt 0.477405012 0.154989004
vt 0.468695998 0.179243982
vt 0.455273986 0.208911002
vt 0.480771005 0.215406001
vt 0.477459997 0.234095991
vt 0.480771005 0.215406001
vt 0.500020027 0.236706018
vt 0.477459997 0.234095991
vt 0.500020027 0.236706018
vt 0.480771005 0.215406001
vt 0.500020027 0.217769980
vt 0.476487994 0.059907973
vt 0.478684992 0.081624031
vt 0.453824997 0.082282007
vt 0.444079995 0.040956974
vt 0.391674995 0.098655999
vt 0.429931998 0.034664989
vt 0.391674995 0.098655999
vt 0.444079995 0.040956974
vt 0.427893996 0.082014024
vt 0.241318002 0.054843009
vt 0.206086993 0.023517013
vt 0.260176003 0.021135986
vt 0.206086993 0.023517013
vt 0.241318002 0.054843009
vt 0.206875995 0.054886997
vt 0.453824997 0.082282007
vt 0.427893996 0.082014024
vt 0.444079995 0.040956974
vt 0.206986994 0.186818004
vt 0.242418006 0.148070991
vt 0.241714001 0.187471032
vt 0.242418006 0.148070991
vt 0.206986994 0.186818004
vt 0.206944004 0.135722995
vt 0.206944004 0.135722995
vt 0.238648996 0.102984011
vt 0.242418006 0.148070991
vt 0.238648996 0.102984011
vt 0.206944004 0.135722995
vt 0.206898004 0.100796998
vt 0.241318002 0.054843009
vt 0.276313007 0.108739972
vt 0.238648996 0.102984011
vt 0.276313007 0.108739972
vt 0.241318002 0.054843009
vt 0.267751008 0.050693989
vt 0.260176003 0.021135986
vt 0.267751008 0.050693989
vt 0.241318002 0.054843009
vt 0.377171993 0.022050023
vt 0.396286011 0.021014988
vt 0.396961987 0.057325006
vt 0.396286011 0.021014988
vt 0.377171993 0.022050023
vt 0.387456000 0.001823008
vt 0.430954009 0.180381000
vt 0.421671003 0.156785011
vt 0.427313000 0.171406031
vt 0.421671003 0.156785011
vt 0.430954009 0.180381000
vt 0.408454001 0.156589031
vt 0.408454001 0.156589031
vt 0.425870001 0.147350013
vt 0.421671003 0.156785011
vt 0.425870001 0.147350013
vt 0.408454001 0.156589031
vt 0.435548991 0.138047993
vt 0.408376992 0.001451015
vt 0.396286011 0.021014988
vt 0.387456000 0.001823008
vt 0.396286011 0.021014988
vt 0.408376992 0.001451015
vt 0.420204997 0.025402009
vt 0.420204997 0.025402009
vt 0.396961987 0.057325006
vt 0.396286011 0.021014988
vt 0.396961987 0.057325006
vt 0.420204997 0.025402009
vt 0.406792015 0.059629023
vt 0.474765986 0.134815991
vt 0.451027989 0.158769011
vt 0.452524990 0.120537996
vt 0.451027989 0.158769011
vt 0.474765986 0.134815991
vt 0.477405012 0.154989004
vt 0.451027989 0.158769011
vt 0.435548991 0.138047993
vt 0.452524990 0.120537996
vt 0.435548991 0.138047993
vt 0.451027989 0.158769011
vt 0.437633991 0.156978965
vt 0.468355000 0.246963024
vt 0.418904006 0.256965041
vt 0.416653007 0.230322003
vt 0.418904006 0.256965041
vt 0.468355000 0.246963024
vt 0.469700992 0.293115020
vt 0.273321003 0.226230979
vt 0.319514006 0.231020987
vt 0.303011000 0.253208041
vt 0.416653007 0.230322003
vt 0.426358998 0.199554980
vt 0.468355000 0.246963024
vt 0.426358998 0.199554980
vt 0.416653007 0.230322003
vt 0.401097000 0.199389994
vt 0.401097000 0.199389994
vt 0.408454001 0.156589031
vt 0.426358998 0.199554980
vt 0.408454001 0.156589031
vt 0.401097000 0.199389994
vt 0.391404003 0.156174004
vt 0.463836014 0.308075011
vt 0.469700992 0.293115020
vt 0.500020027 0.295863986
vt 0.461591005 0.574256003
vt 0.500020027 0.531394005
vt 0.500020027 0.577425003
vt 0.500020027 0.531394005
vt 0.461591005 0.574256003
vt 0.456566006 0.530875027
vt 0.206295997 0.550405979
vt 0.256298006 0.571488976
vt 0.206295997 0.574527025
vt 0.256298006 0.571488976
vt 0.206295997 0.550405979
vt 0.258951008 0.536864996
vt 0.256298006 0.571488976
vt 0.206295997 0.589537978
vt 0.206295997 0.574527025
vt 0.206295997 0.589537978
vt 0.256298006 0.571488976
vt 0.258780003 0.610526979
vt 0.206295997 0.589537978
vt 0.262232989 0.630614996
vt 0.216119006 0.603685975
vt 0.262232989 0.630614996
vt 0.206295997 0.589537978
vt 0.258780003 0.610526979
vt 0.207032993 0.254356027
vt 0.257743001 0.290917993
vt 0.207026005 0.282948971
vt 0.216119006 0.603685975
vt 0.262232989 0.630614996
vt 0.215428993 0.610082984
vt 0.262232989 0.630614996
vt 0.214845002 0.617240012
vt 0.215428993 0.610082984
vt 0.483316988 0.180070996
vt 0.488202006 0.164178014
vt 0.491264999 0.178252995
vt 0.478684992 0.081624031
vt 0.500020027 0.061884999
vt 0.500020027 0.085316002
vt 0.500020027 0.061884999
vt 0.478684992 0.081624031
vt 0.476487994 0.059907973
vt 0.477405012 0.154989004
vt 0.493400991 0.136963010
vt 0.488202006 0.164178014
vt 0.493400991 0.136963010
vt 0.477405012 0.154989004
vt 0.474765986 0.134815991
vt 0.500020027 0.484166980
vt 0.456566006 0.530875027
vt 0.448751986 0.483273029
vt 0.456566006 0.530875027
vt 0.500020027 0.484166980
vt 0.500020027 0.531394005
vt 0.448751986 0.483273029
vt 0.421941996 0.527913988
vt 0.416294992 0.482629001
vt 0.421941996 0.527913988
vt 0.448751986 0.483273029
vt 0.456566006 0.530875027
vt 0.416294992 0.482629001
vt 0.346895993 0.514953017
vt 0.347081989 0.490752995
vt 0.346895993 0.514953017
vt 0.416294992 0.482629001
vt 0.421941996 0.527913988
vt 0.346895993 0.514953017
vt 0.263060004 0.490553975
vt 0.347081989 0.490752995
vt 0.263060004 0.490553975
vt 0.346895993 0.514953017
vt 0.261880010 0.512664974
vt 0.261880010 0.512664974
vt 0.206352994 0.491881967
vt 0.263060004 0.490553975
vt 0.206352994 0.491881967
vt 0.261880010 0.512664974
vt 0.206295997 0.514645994
vt 0.418904006 0.256965041
vt 0.469700992 0.293115020
vt 0.415926009 0.276551008
vt 0.469700992 0.293115020
vt 0.417878002 0.298696995
vt 0.415926009 0.276551008
vt 0.130898997 0.021484017
vt 0.111846998 0.072624981
vt 0.114298001 0.021484017
vt 0.111846998 0.072624981
vt 0.130898997 0.021484017
vt 0.128535002 0.084971011
vt 0.136758000 0.105113983
vt 0.111846998 0.072624981
vt 0.128535002 0.084971011
vt 0.111846998 0.072624981
vt 0.136758000 0.105113983
vt 0.114298001 0.114257991
vt 0.114298001 0.114257991
vt 0.136758000 0.105113983
vt 0.131876007 0.168945014
vt 0.106485002 0.159179986
vt 0.104613997 0.108398020
vt 0.114298001 0.114257991
vt 0.429309011 0.614247978
vt 0.474974990 0.615406990
vt 0.463333011 0.710126996
vt 0.472422987 0.122007012
vt 0.474765986 0.134815991
vt 0.452524990 0.120537996
vt 0.493400991 0.136963010
vt 0.472422987 0.122007012
vt 0.488316000 0.120523989
vt 0.472422987 0.122007012
vt 0.493400991 0.136963010
vt 0.474765986 0.134815991
vt 0.472422987 0.122007012
vt 0.452524990 0.120537996
vt 0.453824997 0.082282007
vt 0.330570012 0.270747006
vt 0.356485009 0.300781012
vt 0.381875992 0.292968988
vt 0.480771005 0.215406001
vt 0.483325988 0.185990989
vt 0.492547989 0.190946996
vt 0.468695998 0.179243982
vt 0.453669995 0.180019021
vt 0.451027989 0.158769011
vt 0.480771005 0.215406001
vt 0.455273986 0.208911002
vt 0.468695998 0.179243982
vt 0.492547989 0.190946996
vt 0.483325988 0.185990989
vt 0.491829008 0.185365021
vt 0.488202006 0.164178014
vt 0.500020027 0.164115012
vt 0.500020027 0.166987002
vt 0.491196990 0.180235982
vt 0.483325988 0.185990989
vt 0.483316988 0.180070996
vt 0.500020027 0.185442984
vt 0.492547989 0.190946996
vt 0.491829008 0.185365021
vt 0.492547989 0.190946996
vt 0.500020027 0.185442984
vt 0.500020027 0.191702008
vt 0.492547989 0.190946996
vt 0.500020027 0.217769980
vt 0.480771005 0.215406001
vt 0.468695998 0.179243982
vt 0.483316988 0.180070996
vt 0.483325988 0.185990989
vt 0.468695998 0.179243982
vt 0.455273986 0.208911002
vt 0.453669995 0.180019021
vt 0.430954009 0.180381000
vt 0.451027989 0.158769011
vt 0.453669995 0.180019021
vt 0.451027989 0.158769011
vt 0.430954009 0.180381000
vt 0.437633991 0.156978965
vt 0.477405012 0.154989004
vt 0.483316988 0.180070996
vt 0.468695998 0.179243982
vt 0.500020027 0.085316002
vt 0.488316000 0.120523989
vt 0.478684992 0.081624031
vt 0.488316000 0.120523989
vt 0.500020027 0.085316002
vt 0.500020027 0.121057987
vt 0.488316000 0.120523989
vt 0.500020027 0.136561990
vt 0.493400991 0.136963010
vt 0.500020027 0.136561990
vt 0.488316000 0.120523989
vt 0.500020027 0.121057987
vt 0.500020027 0.136561990
vt 0.488202006 0.164178014
vt 0.493400991 0.136963010
vt 0.488202006 0.164178014
vt 0.500020027 0.136561990
vt 0.500020027 0.164115012
vt 0.491264999 0.178252995
vt 0.491196990 0.180235982
vt 0.483316988 0.180070996
vt 0.347081989 0.490752995
vt 0.326330990 0.444527030
vt 0.350901991 0.437250018
vt 0.290598989 0.328637004
vt 0.298563987 0.317799985
vt 0.324380994 0.331773996
vt 0.338492006 0.377261996
vt 0.326330990 0.444527030
vt 0.304767013 0.381792009
vt 0.326330990 0.444527030
vt 0.338492006 0.377261996
vt 0.350901991 0.437250018
vt 0.326330990 0.444527030
vt 0.347081989 0.490752995
vt 0.263060004 0.490553975
vt 0.492547989 0.190946996
vt 0.500020027 0.191702008
vt 0.500020027 0.217769980
vt 0.207032993 0.254356027
vt 0.246815994 0.238463998
vt 0.257743001 0.290917993
vt 0.500020027 0.185442984
vt 0.491196990 0.180235982
vt 0.500020027 0.179464996
vt 0.491196990 0.180235982
vt 0.500020027 0.185442984
vt 0.491829008 0.185365021
vt 0.500020027 0.179464996
vt 0.491264999 0.178252995
vt 0.500020027 0.177155018
vt 0.488202006 0.164178014
vt 0.500020027 0.177155018
vt 0.491264999 0.178252995
vt 0.500020027 0.177155018
vt 0.488202006 0.164178014
vt 0.500020027 0.166987002
vt 0.266761988 0.326631010
vt 0.304767013 0.381792009
vt 0.265969008 0.385779023
vt 0.304767013 0.381792009
vt 0.266761988 0.326631010
vt 0.290598989 0.328637004
vt 0.304767013 0.381792009
vt 0.324380994 0.331773996
vt 0.338492006 0.377261996
vt 0.324380994 0.331773996
vt 0.304767013 0.381792009
vt 0.290598989 0.328637004
vt 0.324380994 0.331773996
vt 0.352122009 0.382986009
vt 0.338492006 0.377261996
vt 0.352122009 0.382986009
vt 0.324380994 0.331773996
vt 0.356893986 0.348610044
vt 0.356893986 0.348610044
vt 0.377649009 0.390200019
vt 0.352122009 0.382986009
vt 0.377649009 0.390200019
vt 0.356893986 0.348610044
vt 0.372781992 0.348127961
vt 0.391730011 0.382333040
vt 0.372781992 0.348127961
vt 0.392365992 0.338801026
vt 0.372781992 0.348127961
vt 0.391730011 0.382333040
vt 0.377649009 0.390200019
vt 0.481406987 0.419471025
vt 0.441659003 0.387524962
vt 0.485505015 0.389885008
vt 0.441659003 0.387524962
vt 0.481406987 0.419471025
vt 0.440607995 0.417881966
vt 0.440607995 0.417881966
vt 0.409150004 0.393837988
vt 0.441659003 0.387524962
vt 0.409150004 0.393837988
vt 0.440607995 0.417881966
vt 0.412609994 0.417647958
vt 0.455844015 0.339758992
vt 0.392425001 0.312407970
vt 0.463836014 0.308075011
vt 0.392425001 0.312407970
vt 0.455844015 0.339758992
vt 0.392365992 0.338801026
vt 0.149762005 0.092405975
vt 0.141641006 0.022460997
vt 0.151407003 0.022460997
vt 0.141641006 0.022460997
vt 0.149762005 0.092405975
vt 0.138352007 0.081054986
vt 0.138352007 0.081054986
vt 0.149762005 0.092405975
vt 0.136758000 0.105113983
vt 0.093584001 0.095600009
vt 0.072305001 0.077148020
vt 0.086953998 0.081054986
vt 0.072305001 0.077148020
vt 0.093584001 0.095600009
vt 0.072305001 0.092535019
vt 0.500020027 0.343077004
vt 0.463836014 0.308075011
vt 0.500020027 0.311917007
vt 0.463836014 0.308075011
vt 0.500020027 0.343077004
vt 0.455844015 0.339758992
vt 0.446420997 0.440935016
vt 0.412609994 0.417647958
vt 0.440607995 0.417881966
vt 0.412609994 0.417647958
vt 0.446420997 0.440935016
vt 0.401048988 0.433920026
vt 0.392495006 0.396968007
vt 0.391730011 0.382333040
vt 0.409150004 0.393837988
vt 0.391730011 0.382333040
vt 0.392365992 0.338801026
vt 0.401152015 0.366322994
vt 0.392365992 0.338801026
vt 0.446640998 0.364956975
vt 0.401152015 0.366322994
vt 0.446640998 0.364956975
vt 0.392365992 0.338801026
vt 0.455844015 0.339758992
vt 0.455844015 0.339758992
vt 0.500020027 0.343077004
vt 0.485471994 0.368008018
vt 0.492222011 0.390664995
vt 0.485505015 0.389885008
vt 0.485471994 0.368008018
vt 0.491762996 0.422407985
vt 0.485505015 0.389885008
vt 0.492222011 0.390664995
vt 0.485505015 0.389885008
vt 0.491762996 0.422407985
vt 0.481406987 0.419471025
vt 0.446420997 0.440935016
vt 0.440607995 0.417881966
vt 0.481406987 0.419471025
vt 0.409150004 0.393837988
vt 0.412609994 0.417647958
vt 0.392495006 0.396968007
vt 0.377649009 0.390200019
vt 0.391730011 0.382333040
vt 0.392495006 0.396968007
vt 0.412609994 0.417647958
vt 0.401048988 0.433920026
vt 0.392495006 0.396968007
vt 0.461591005 0.574256003
vt 0.500020027 0.577425003
vt 0.500020027 0.602010012
vt 0.444079995 0.040956974
vt 0.479672015 0.021138012
vt 0.500020027 0.032590032
vt 0.444079995 0.040956974
vt 0.476487994 0.059907973
vt 0.453824997 0.082282007
vt 0.435548991 0.138047993
vt 0.391404003 0.156174004
vt 0.391674995 0.098655999
vt 0.391404003 0.156174004
vt 0.435548991 0.138047993
vt 0.408454001 0.156589031
vt 0.207030997 0.433593988
vt 0.263060004 0.490553975
vt 0.206352994 0.491881967
vt 0.263060004 0.490553975
vt 0.207030997 0.433593988
vt 0.262071997 0.441998959
vt 0.469700992 0.293115020
vt 0.500020027 0.265570045
vt 0.500020027 0.295863986
vt 0.500020027 0.265570045
vt 0.469700992 0.293115020
vt 0.468355000 0.246963024
vt 0.479672015 0.021138012
vt 0.429931998 0.034664989
vt 0.451422006 0.018235981
vt 0.429931998 0.034664989
vt 0.479672015 0.021138012
vt 0.444079995 0.040956974
vt 0.500020027 0.265570045
vt 0.477459997 0.234095991
vt 0.500020027 0.236706018
vt 0.477459997 0.234095991
vt 0.500020027 0.265570045
vt 0.468355000 0.246963024
vt 0.500020027 0.061884999
vt 0.476487994 0.059907973
vt 0.500020027 0.032590032
vt 0.207139999 0.341328025
vt 0.265969008 0.385779023
vt 0.206865996 0.387587011
vt 0.265969008 0.385779023
vt 0.207139999 0.341328025
vt 0.266761988 0.326631010
vt 0.321144998 0.599689007
vt 0.319712996 0.628423989
vt 0.262232989 0.630614996
vt 0.086953998 0.056640983
vt 0.104532003 0.072111011
vt 0.093584001 0.095600009
vt 0.156289995 0.177734017
vt 0.131876007 0.168945014
vt 0.136758000 0.105113983
vt 0.104532003 0.072111011
vt 0.104613997 0.108398020
vt 0.093584001 0.095600009
vt 0.114298001 0.114257991
vt 0.104613997 0.108398020
vt 0.104532003 0.072111011
vt 0.481406987 0.419471025
vt 0.478713006 0.436501026
vt 0.446420997 0.440935016
vt 0.492222011 0.390664995
vt 0.500020027 0.430009961
vt 0.491762996 0.422407985
vt 0.500020027 0.430009961
vt 0.492222011 0.390664995
vt 0.500020027 0.391445041
vt 0.485471994 0.368008018
vt 0.500020027 0.391445041
vt 0.492222011 0.390664995
vt 0.481406987 0.419471025
vt 0.491762996 0.422407985
vt 0.478713006 0.436501026
vt 0.485471994 0.368008018
vt 0.500020027 0.343077004
vt 0.500020027 0.391445041
vt 0.485471994 0.368008018
vt 0.446640998 0.364956975
vt 0.455844015 0.339758992
vt 0.401152015 0.366322994
vt 0.409150004 0.393837988
vt 0.391730011 0.382333040
vt 0.059147999 0.043945014
vt 0.075235002 0.056640983
vt 0.072305001 0.077148020
vt 0.136758000 0.105113983
vt 0.149762005 0.092405975
vt 0.155800998 0.124655008
vt 0.043985002 0.113349974
vt 0.072305001 0.092535019
vt 0.071328998 0.116178989
vt 0.072305001 0.092535019
vt 0.043985002 0.113349974
vt 0.044962000 0.076703012
vt 0.070352003 0.157226980
vt 0.071328998 0.116178989
vt 0.085977003 0.124616981
vt 0.093584001 0.095600009
vt 0.104613997 0.108398020
vt 0.085977003 0.124616981
vt 0.085977003 0.124616981
vt 0.106485002 0.159179986
vt 0.070352003 0.157226980
vt 0.106485002 0.159179986
vt 0.085977003 0.124616981
vt 0.104613997 0.108398020
vt 0.298563987 0.317799985
vt 0.266761988 0.326631010
vt 0.292151988 0.288816988
vt 0.266761988 0.326631010
vt 0.298563987 0.317799985
vt 0.290598989 0.328637004
vt 0.417878002 0.298696995
vt 0.469700992 0.293115020
vt 0.463836014 0.308075011
vt 0.500020027 0.295863986
vt 0.500020027 0.311917007
vt 0.463836014 0.308075011
vt 0.478522986 0.440953016
vt 0.448751986 0.483273029
vt 0.447250992 0.445852995
vt 0.448751986 0.483273029
vt 0.404689014 0.446959972
vt 0.447250992 0.445852995
vt 0.404689014 0.446959972
vt 0.448751986 0.483273029
vt 0.416294992 0.482629001
vt 0.350901991 0.437250018
vt 0.416294992 0.482629001
vt 0.347081989 0.490752995
vt 0.416294992 0.482629001
vt 0.350901991 0.437250018
vt 0.404689014 0.446959972
vt 0.500020027 0.484166980
vt 0.448751986 0.483273029
vt 0.478522986 0.440953016
vt 0.478522986 0.440953016
vt 0.500020027 0.430009961
vt 0.500020027 0.484166980
vt 0.491762996 0.422407985
vt 0.478522986 0.440953016
vt 0.478713006 0.436501026
vt 0.478522986 0.440953016
vt 0.491762996 0.422407985
vt 0.500020027 0.430009961
vt 0.377649009 0.390200019
vt 0.404689014 0.446959972
vt 0.352122009 0.382986009
vt 0.404689014 0.446959972
vt 0.377649009 0.390200019
vt 0.401048988 0.433920026
vt 0.198927000 0.849821985
vt 0.160914004 0.913613975
vt 0.147477999 0.849821985
vt 0.160914004 0.913613975
vt 0.198927000 0.849821985
vt 0.204245999 0.913613975
vt 0.193029001 0.793536007
vt 0.147477999 0.849821985
vt 0.148796007 0.793536007
vt 0.147477999 0.849821985
vt 0.193029001 0.793536007
vt 0.198927000 0.849821985
vt 0.183594003 0.738281012
vt 0.148796007 0.793536007
vt 0.132813007 0.738281012
vt 0.148796007 0.793536007
vt 0.183594003 0.738281012
vt 0.193029001 0.793536007
vt 0.170993999 0.676407993
vt 0.132813007 0.738281012
vt 0.124278001 0.685754001
vt 0.132813007 0.738281012
vt 0.170993999 0.676407993
vt 0.183594003 0.738281012
vt 0.124278001 0.685754001
vt 0.153174996 0.639822006
vt 0.170993999 0.676407993
vt 0.164989993 0.988445997
vt 0.204245999 0.913613975
vt 0.212116003 0.989525020
vt 0.204245999 0.913613975
vt 0.164989993 0.988445997
vt 0.160914004 0.913613975
vt 0.846893013 0.896000028
vt 0.895636022 0.980961025
vt 0.848824978 0.980961025
vt 0.895636022 0.980961025
vt 0.846893013 0.896000028
vt 0.895636022 0.896000028
vt 0.895636022 0.825999975
vt 0.846893013 0.896000028
vt 0.850614011 0.825999975
vt 0.846893013 0.896000028
vt 0.895636022 0.825999975
vt 0.895636022 0.896000028
vt 0.895636022 0.825999975
vt 0.850766003 0.772000015
vt 0.895636022 0.772000015
vt 0.850766003 0.772000015
vt 0.895636022 0.825999975
vt 0.850614011 0.825999975
vt 0.895636022 0.696080983
vt 0.850766003 0.772000015
vt 0.850458026 0.698459983
vt 0.850766003 0.772000015
vt 0.895636022 0.696080983
vt 0.895636022 0.772000015
vt 0.850458026 0.698459983
vt 0.895636022 0.662880003
vt 0.895636022 0.696080983
vt 0.080286004 0.849821985
vt 0.113692999 0.913613975
vt 0.069265999 0.913613975
vt 0.113692999 0.913613975
vt 0.080286004 0.849821985
vt 0.113692999 0.849821985
vt 0.077211000 0.793536007
vt 0.113692999 0.849821985
vt 0.080286004 0.849821985
vt 0.113692999 0.849821985
vt 0.077211000 0.793536007
vt 0.113692999 0.793536007
vt 0.093750000 0.738281012
vt 0.113692999 0.793536007
vt 0.077211000 0.793536007
vt 0.113692999 0.793536007
vt 0.093750000 0.738281012
vt 0.113280997 0.738281012
vt 0.102254003 0.685582995
vt 0.113280997 0.738281012
vt 0.093750000 0.738281012
vt 0.113280997 0.738281012
vt 0.102254003 0.685582995
vt 0.113692999 0.687839985
vt 0.113692999 0.639822006
vt 0.102254003 0.685582995
vt 0.074210003 0.639822006
vt 0.069265999 0.913613975
vt 0.113692999 0.987275004
vt 0.064565003 0.988395989
vt 0.113692999 0.987275004
vt 0.069265999 0.913613975
vt 0.113692999 0.913613975
vt 0.939951003 0.980961025
vt 0.979875028 0.896000028
vt 0.979875028 0.980961025
vt 0.979875028 0.896000028
vt 0.939951003 0.980961025
vt 0.941048980 0.896000028
vt 0.941048980 0.896000028
vt 0.979875028 0.825999975
vt 0.979875028 0.896000028
vt 0.979875028 0.825999975
vt 0.941048980 0.896000028
vt 0.940590978 0.825999975
vt 0.979875028 0.772000015
vt 0.940590978 0.825999975
vt 0.940344989 0.772000015
vt 0.940590978 0.825999975
vt 0.979875028 0.772000015
vt 0.979875028 0.825999975
vt 0.936286986 0.698194027
vt 0.979875028 0.772000015
vt 0.940344989 0.772000015
vt 0.979875028 0.772000015
vt 0.936286986 0.698194027
vt 0.979875028 0.700999975
vt 0.895636022 0.642176986
vt 0.932272017 0.644189000
vt 0.895636022 0.662880003
vt 0.932272017 0.644189000
vt 0.936286986 0.698194027
vt 0.895636022 0.662880003
vt 0.074210003 0.639822006
vt 0.102254003 0.685582995
vt 0.056391999 0.676407993
vt 0.102254003 0.685582995
vt 0.113692999 0.639822006
vt 0.113692999 0.687839985
vt 0.093750000 0.738281012
vt 0.056391999 0.676407993
vt 0.102254003 0.685582995
vt 0.056391999 0.676407993
vt 0.093750000 0.738281012
vt 0.042969000 0.738281012
vt 0.077211000 0.793536007
vt 0.042969000 0.738281012
vt 0.093750000 0.738281012
vt 0.042969000 0.738281012
vt 0.077211000 0.793536007
vt 0.034357000 0.793536007
vt 0.080286004 0.849821985
vt 0.034357000 0.793536007
vt 0.077211000 0.793536007
vt 0.034357000 0.793536007
vt 0.080286004 0.849821985
vt 0.028458999 0.849821985
vt 0.069265999 0.913613975
vt 0.028458999 0.849821985
vt 0.080286004 0.849821985
vt 0.028458999 0.849821985
vt 0.069265999 0.913613975
vt 0.023140000 0.913613975
vt 0.064565003 0.988395989
vt 0.023140000 0.913613975
vt 0.069265999 0.913613975
vt 0.023140000 0.913613975
vt 0.064565003 0.988395989
vt 0.015270000 0.989525020
vt 0.113692999 0.639822006
vt 0.124278001 0.685754001
vt 0.113692999 0.687839985
vt 0.124278001 0.685754001
vt 0.113692999 0.639822006
vt 0.153174996 0.639822006
vt 0.113280997 0.738281012
vt 0.124278001 0.685754001
vt 0.132813007 0.738281012
vt 0.124278001 0.685754001
vt 0.113280997 0.738281012
vt 0.113692999 0.687839985
vt 0.113692999 0.793536007
vt 0.132813007 0.738281012
vt 0.148796007 0.793536007
vt 0.132813007 0.738281012
vt 0.113692999 0.793536007
vt 0.113280997 0.738281012
vt 0.113692999 0.849821985
vt 0.148796007 0.793536007
vt 0.147477999 0.849821985
vt 0.148796007 0.793536007
vt 0.113692999 0.849821985
vt 0.113692999 0.793536007
vt 0.113692999 0.913613975
vt 0.147477999 0.849821985
vt 0.160914004 0.913613975
vt 0.147477999 0.849821985
vt 0.113692999 0.913613975
vt 0.113692999 0.849821985
vt 0.113692999 0.987275004
vt 0.160914004 0.913613975
vt 0.164989993 0.988445997
vt 0.160914004 0.913613975
vt 0.113692999 0.987275004
vt 0.113692999 0.913613975
vt 0.811397016 0.647997022
vt 0.850458026 0.698459983
vt 0.811397016 0.700999975
vt 0.850458026 0.698459983
vt 0.811397016 0.647997022
vt 0.858726978 0.644180000
vt 0.850458026 0.698459983
vt 0.811397016 0.772000015
vt 0.811397016 0.700999975
vt 0.811397016 0.772000015
vt 0.850458026 0.698459983
vt 0.850766003 0.772000015
vt 0.850614011 0.825999975
vt 0.811397016 0.772000015
vt 0.850766003 0.772000015
vt 0.811397016 0.772000015
vt 0.850614011 0.825999975
vt 0.811397016 0.825999975
vt 0.846893013 0.896000028
vt 0.811397016 0.825999975
vt 0.850614011 0.825999975
vt 0.811397016 0.825999975
vt 0.846893013 0.896000028
vt 0.811397016 0.896000028
vt 0.848824978 0.980961025
vt 0.811397016 0.896000028
vt 0.846893013 0.896000028
vt 0.811397016 0.896000028
vt 0.848824978 0.980961025
vt 0.811397016 0.980961025
vt 0.895636022 0.662880003
vt 0.936286986 0.698194027
vt 0.895636022 0.696080983
vt 0.895636022 0.696080983
vt 0.940344989 0.772000015
vt 0.895636022 0.772000015
vt 0.940344989 0.772000015
vt 0.895636022 0.696080983
vt 0.936286986 0.698194027
vt 0.895636022 0.825999975
vt 0.940344989 0.772000015
vt 0.940590978 0.825999975
vt 0.940344989 0.772000015
vt 0.895636022 0.825999975
vt 0.895636022 0.772000015
vt 0.941048980 0.896000028
vt 0.895636022 0.825999975
vt 0.940590978 0.825999975
vt 0.895636022 0.825999975
vt 0.941048980 0.896000028
vt 0.895636022 0.896000028
vt 0.895636022 0.980961025
vt 0.941048980 0.896000028
vt 0.939951003 0.980961025
vt 0.941048980 0.896000028
vt 0.895636022 0.980961025
vt 0.895636022 0.896000028
vt 0.850458026 0.698459983
vt 0.858726978 0.644180000
vt 0.895636022 0.662880003
vt 0.858726978 0.644180000
vt 0.895636022 0.642176986
vt 0.895636022 0.662880003
vt 0.979875028 0.647997022
vt 0.936286986 0.698194027
vt 0.932272017 0.644189000
vt 0.936286986 0.698194027
vt 0.979875028 0.647997022
vt 0.979875028 0.700999975
vt 0.511838019 0.164178014
vt 0.516722977 0.180070996
vt 0.508774996 0.178252995
vt 0.488202006 0.164178014
vt 0.483316988 0.180070996
vt 0.477405012 0.154989004
vt 0.508211017 0.185365021
vt 0.516713977 0.185990989
vt 0.507490993 0.190946996
vt 0.468695998 0.179243982
vt 0.483325988 0.185990989
vt 0.480771005 0.215406001
vt 0.516713977 0.185990989
vt 0.531343997 0.179243982
vt 0.519268990 0.215406001
vt 0.491264999 0.178252995
vt 0.500020027 0.179464996
vt 0.491196990 0.180235982
vt 0.500020027 0.179464996
vt 0.508774996 0.178252995
vt 0.508843005 0.180235982
vt 0.483325988 0.185990989
vt 0.491196990 0.180235982
vt 0.491829008 0.185365021
vt 0.508843005 0.180235982
vt 0.516713977 0.185990989
vt 0.508211017 0.185365021
vn 0.061520395 0.991696299 -0.112932240
vn -0.117881630 0.913294768 -0.389867398
vn -0.312285744 0.822596418 -0.475197587
vn 0.514394049 0.733472131 -0.444316773
vn 0.235395912 0.963488230 -0.127589952
vn 0.023757684 0.932545571 -0.360269803
vn 0.235395912 0.963488230 -0.127589952
vn 0.514394049 0.733472131 -0.444316773
vn 0.795467199 0.552506480 -0.248934781
vn 0.052393718 -0.505215963 -0.861401027
vn -0.035211892 -0.753432491 -0.656581758
vn -0.332025968 -0.018583056 -0.943087179
vn -0.035211892 -0.753432491 -0.656581758
vn 0.052393718 -0.505215963 -0.861401027
vn -0.136502624 -0.819500971 -0.556583500
vn 0.756455299 -0.557492082 -0.342020407
vn 0.089980286 -0.887764688 -0.451417111
vn 0.012401887 -0.924933270 -0.379927149
vn 0.089980286 -0.887764688 -0.451417111
vn 0.756455299 -0.557492082 -0.342020407
vn 0.749920935 -0.521632419 -0.406839292
vn 0.948524010 0.194260734 -0.250129906
vn 0.756455299 -0.557492082 -0.342020407
vn 0.969900671 -0.026300905 -0.242076331
vn 0.756455299 -0.557492082 -0.342020407
vn 0.948524010 0.194260734 -0.250129906
vn 0.749920935 -0.521632419 -0.406839292
vn 0.496734858 0.867677589 0.019750491
vn 0.739402612 0.658939037 -0.138141681
vn 0.317296482 0.948319179 0.003698326
vn 0.739402612 0.658939037 -0.138141681
vn 0.496734858 0.867677589 0.019750491
vn 0.948524010 0.194260734 -0.250129906
vn 0.023757684 0.932545571 -0.360269803
vn -0.245482833 0.969372699 0.007399199
vn -0.185587541 0.965349872 -0.183458138
vn -0.245482833 0.969372699 0.007399199
vn 0.023757684 0.932545571 -0.360269803
vn 0.235395912 0.963488230 -0.127589952
vn 0.012401887 -0.924933270 -0.379927149
vn -0.203366869 -0.900698064 -0.383907428
vn -0.207605359 -0.926244636 -0.314596391
vn -0.203366869 -0.900698064 -0.383907428
vn 0.012401887 -0.924933270 -0.379927149
vn 0.089980286 -0.887764688 -0.451417111
vn 0.091108703 -0.987285098 -0.130258742
vn 0.001821666 -0.999575617 -0.029073485
vn -0.081379356 -0.993500828 -0.079583323
vn 0.001821666 -0.999575617 -0.029073485
vn 0.091108703 -0.987285098 -0.130258742
vn 0.097282361 -0.995139961 -0.015251213
vn 0.118020238 0.975315549 -0.186630124
vn 0.888896739 0.456471361 -0.038684412
vn -0.075067825 0.984231989 -0.160163085
vn 0.888896739 0.456471361 -0.038684412
vn 0.118020238 0.975315549 -0.186630124
vn 0.971072913 0.203384966 -0.125107768
vn 0.888896739 0.456471361 -0.038684412
vn 0.189775240 0.979179498 0.072061570
vn -0.075067825 0.984231989 -0.160163085
vn 0.189775240 0.979179498 0.072061570
vn 0.888896739 0.456471361 -0.038684412
vn 0.960272156 0.261913816 0.096325175
vn -0.919926128 0.284140371 0.270185433
vn -0.564518584 -0.764715311 0.310691587
vn -0.292087644 -0.850300066 0.437806585
vn -0.564518584 -0.764715311 0.310691587
vn -0.919926128 0.284140371 0.270185433
vn -0.973721245 0.214489859 0.076557414
vn -0.973721245 0.214489859 0.076557414
vn -0.831851376 -0.533529599 0.152870714
vn -0.564518584 -0.764715311 0.310691587
vn -0.831851376 -0.533529599 0.152870714
vn -0.973721245 0.214489859 0.076557414
vn -0.946587831 0.315741455 0.065412633
vn -0.564518584 -0.764715311 0.310691587
vn 0.561217198 -0.808511885 0.177041772
vn -0.292087644 -0.850300066 0.437806585
vn 0.561217198 -0.808511885 0.177041772
vn -0.564518584 -0.764715311 0.310691587
vn 0.724811432 -0.618934919 0.302601972
vn -0.564518584 -0.764715311 0.310691587
vn 0.662646330 -0.748806968 -0.013710117
vn 0.724811432 -0.618934919 0.302601972
vn 0.662646330 -0.748806968 -0.013710117
vn -0.564518584 -0.764715311 0.310691587
vn -0.831851376 -0.533529599 0.152870714
vn 0.561217198 -0.808511885 0.177041772
vn 0.888896739 0.456471361 -0.038684412
vn 0.971072913 0.203384966 -0.125107768
vn 0.888896739 0.456471361 -0.038684412
vn 0.561217198 -0.808511885 0.177041772
vn 0.724811432 -0.618934919 0.302601972
vn 0.724811432 -0.618934919 0.302601972
vn 0.960272156 0.261913816 0.096325175
vn 0.888896739 0.456471361 -0.038684412
vn 0.960272156 0.261913816 0.096325175
vn 0.724811432 -0.618934919 0.302601972
vn 0.662646330 -0.748806968 -0.013710117
vn 0.892780066 0.032684338 0.449305562
vn 0.009876544 -0.814402130 0.580216877
vn -0.259848604 -0.312939315 0.913535816
vn 0.009876544 -0.814402130 0.580216877
vn 0.892780066 0.032684338 0.449305562
vn 0.824620544 -0.491807803 0.279510365
vn 0.424456360 0.885851363 0.187361047
vn 0.867625578 0.474895097 0.147310906
vn 0.573467795 0.807939456 0.135530529
vn 0.867625578 0.474895097 0.147310906
vn 0.424456360 0.885851363 0.187361047
vn 0.909822669 0.413619509 -0.033787754
vn 0.573467795 0.807939456 0.135530529
vn 0.893642140 0.436434499 -0.104540196
vn 0.160240567 0.941978950 -0.294955282
vn 0.893642140 0.436434499 -0.104540196
vn 0.573467795 0.807939456 0.135530529
vn 0.867625578 0.474895097 0.147310906
vn -0.986722033 0.097646508 0.129787473
vn -0.601676932 -0.798442468 0.021782902
vn -0.398720089 -0.887233145 -0.232033698
vn -0.601676932 -0.798442468 0.021782902
vn -0.986722033 0.097646508 0.129787473
vn -0.984207516 0.030945541 0.174292680
vn -0.984207516 0.030945541 0.174292680
vn -0.721464044 -0.678059303 -0.140446485
vn -0.601676932 -0.798442468 0.021782902
vn -0.721464044 -0.678059303 -0.140446485
vn -0.984207516 0.030945541 0.174292680
vn -0.995076337 -0.096447219 -0.022825794
vn -0.398720089 -0.887233145 -0.232033698
vn 0.626269054 -0.777093116 -0.062556867
vn 0.676414759 -0.693479002 -0.248092620
vn 0.626269054 -0.777093116 -0.062556867
vn -0.398720089 -0.887233145 -0.232033698
vn -0.601676932 -0.798442468 0.021782902
vn -0.601676932 -0.798442468 0.021782902
vn 0.691301868 -0.706051729 -0.153599097
vn 0.626269054 -0.777093116 -0.062556867
vn 0.691301868 -0.706051729 -0.153599097
vn -0.601676932 -0.798442468 0.021782902
vn -0.721464044 -0.678059303 -0.140446485
vn 0.676414759 -0.693479002 -0.248092620
vn 0.867625578 0.474895097 0.147310906
vn 0.909822669 0.413619509 -0.033787754
vn 0.867625578 0.474895097 0.147310906
vn 0.676414759 -0.693479002 -0.248092620
vn 0.626269054 -0.777093116 -0.062556867
vn 0.626269054 -0.777093116 -0.062556867
vn 0.893642140 0.436434499 -0.104540196
vn 0.867625578 0.474895097 0.147310906
vn 0.893642140 0.436434499 -0.104540196
vn 0.626269054 -0.777093116 -0.062556867
vn 0.691301868 -0.706051729 -0.153599097
vn 0.971072913 0.203384966 -0.125107768
vn 0.739402612 0.658939037 -0.138141681
vn 0.968796686 -0.152909277 -0.195068538
vn 0.739402612 0.658939037 -0.138141681
vn 0.971072913 0.203384966 -0.125107768
vn 0.118020238 0.975315549 -0.186630124
vn 0.317296482 0.948319179 0.003698326
vn -0.919926128 0.284140371 0.270185433
vn 0.185502497 0.877977576 0.441298312
vn 0.012401887 -0.924933270 -0.379927149
vn 0.739927755 -0.661716206 -0.120990002
vn 0.756455299 -0.557492082 -0.342020407
vn 0.739927755 -0.661716206 -0.120990002
vn 0.012401887 -0.924933270 -0.379927149
vn 0.026615060 -0.998283643 0.052167108
vn 0.026615060 -0.998283643 0.052167108
vn 0.563898266 -0.812803891 0.146179959
vn 0.739927755 -0.661716206 -0.120990002
vn 0.563898266 -0.812803891 0.146179959
vn 0.026615060 -0.998283643 0.052167108
vn 0.028679415 -0.908754297 0.416344951
vn 0.028679415 -0.908754297 0.416344951
vn -0.292087644 -0.850300066 0.437806585
vn 0.563898266 -0.812803891 0.146179959
vn 0.424456360 0.885851363 0.187361047
vn 0.960272156 0.261913816 0.096325175
vn 0.909822669 0.413619509 -0.033787754
vn 0.960272156 0.261913816 0.096325175
vn 0.424456360 0.885851363 0.187361047
vn 0.189775240 0.979179498 0.072061570
vn 0.909822669 0.413619509 -0.033787754
vn 0.662646330 -0.748806968 -0.013710117
vn 0.676414759 -0.693479002 -0.248092620
vn 0.662646330 -0.748806968 -0.013710117
vn 0.909822669 0.413619509 -0.033787754
vn 0.960272156 0.261913816 0.096325175
vn 0.662646330 -0.748806968 -0.013710117
vn -0.398720089 -0.887233145 -0.232033698
vn 0.676414759 -0.693479002 -0.248092620
vn -0.398720089 -0.887233145 -0.232033698
vn 0.662646330 -0.748806968 -0.013710117
vn -0.831851376 -0.533529599 0.152870714
vn -0.831851376 -0.533529599 0.152870714
vn -0.986722033 0.097646508 0.129787473
vn -0.398720089 -0.887233145 -0.232033698
vn -0.986722033 0.097646508 0.129787473
vn -0.831851376 -0.533529599 0.152870714
vn -0.946587831 0.315741455 0.065412633
vn 0.756455299 -0.557492082 -0.342020407
vn 0.968796686 -0.152909277 -0.195068538
vn 0.969900671 -0.026300905 -0.242076331
vn 0.968796686 -0.152909277 -0.195068538
vn 0.756455299 -0.557492082 -0.342020407
vn 0.739927755 -0.661716206 -0.120990002
vn 0.739927755 -0.661716206 -0.120990002
vn 0.971072913 0.203384966 -0.125107768
vn 0.968796686 -0.152909277 -0.195068538
vn 0.971072913 0.203384966 -0.125107768
vn 0.739927755 -0.661716206 -0.120990002
vn 0.563898266 -0.812803891 0.146179959
vn 0.563898266 -0.812803891 0.146179959
vn 0.561217198 -0.808511885 0.177041772
vn 0.971072913 0.203384966 -0.125107768
vn 0.239074357 -0.952815504 -0.187045630
vn 0.631990000 -0.769860296 -0.088903121
vn 0.091108703 -0.987285098 -0.130258742
vn 0.986145334 -0.103454909 -0.129670589
vn 0.959408381 0.266996568 -0.090820654
vn 0.975189347 0.106038208 -0.194323533
vn 0.970276202 0.216207890 0.108711727
vn 0.605081052 0.782091075 0.149031774
vn 0.611572016 0.411712759 0.675627318
vn 0.605081052 0.782091075 0.149031774
vn 0.970276202 0.216207890 0.108711727
vn 0.959408381 0.266996568 -0.090820654
vn 0.605081052 0.782091075 0.149031774
vn 0.097118914 0.655117295 0.749259131
vn 0.611572016 0.411712759 0.675627318
vn 0.097118914 0.655117295 0.749259131
vn 0.605081052 0.782091075 0.149031774
vn 0.195061998 0.958255797 0.209037422
vn 0.478099929 0.875143531 0.074459781
vn 0.040991292 -0.075115850 0.996331934
vn -0.051170226 -0.076946610 0.995721260
vn 0.729168864 0.682620019 -0.048401218
vn 0.873052249 0.244543989 0.421874399
vn 0.040991292 -0.075115850 0.996331934
vn 0.873052249 0.244543989 0.421874399
vn 0.729168864 0.682620019 -0.048401218
vn 0.394570814 0.016367062 -0.918719757
vn -0.427232452 -0.665424550 0.612113225
vn 0.040991292 -0.075115850 0.996331934
vn -0.401885053 -0.913131172 -0.068409545
vn 0.040991292 -0.075115850 0.996331934
vn -0.427232452 -0.665424550 0.612113225
vn -0.051170226 -0.076946610 0.995721260
vn 0.040991292 -0.075115850 0.996331934
vn -0.139360071 -0.892436585 0.429110372
vn -0.401885053 -0.913131172 -0.068409545
vn -0.139360071 -0.892436585 0.429110372
vn 0.040991292 -0.075115850 0.996331934
vn 0.873052249 0.244543989 0.421874399
vn -0.032911206 -0.834801877 -0.549565900
vn -0.427232452 -0.665424550 0.612113225
vn -0.350890173 -0.560376561 -0.750236094
vn -0.427232452 -0.665424550 0.612113225
vn -0.032911206 -0.834801877 -0.549565900
vn 0.298132692 -0.552919129 0.778072834
vn -0.401885053 -0.913131172 -0.068409545
vn 0.506117661 -0.528826702 -0.681312874
vn 0.074811424 -0.132230227 -0.988391834
vn 0.506117661 -0.528826702 -0.681312874
vn -0.401885053 -0.913131172 -0.068409545
vn -0.139360071 -0.892436585 0.429110372
vn 0.290911529 0.476022470 -0.829923545
vn 0.074811424 -0.132230227 -0.988391834
vn 0.729168864 0.682620019 -0.048401218
vn 0.074811424 -0.132230227 -0.988391834
vn 0.394570814 0.016367062 -0.918719757
vn 0.729168864 0.682620019 -0.048401218
vn 0.394570814 0.016367062 -0.918719757
vn 0.074811424 -0.132230227 -0.988391834
vn 0.506117661 -0.528826702 -0.681312874
vn -0.387287626 0.244003688 -0.889084076
vn -0.916448322 -0.344136115 0.204188164
vn -0.736334839 -0.612085244 0.288379365
vn -0.916448322 -0.344136115 0.204188164
vn -0.387287626 0.244003688 -0.889084076
vn -0.024340475 0.588034371 -0.808469616
vn -0.024340475 0.588034371 -0.808469616
vn -0.786933184 -0.561014588 0.256902309
vn -0.916448322 -0.344136115 0.204188164
vn -0.786933184 -0.561014588 0.256902309
vn -0.024340475 0.588034371 -0.808469616
vn 0.273750314 0.437689802 -0.856439374
vn -0.736334839 -0.612085244 0.288379365
vn -0.046233112 -0.341987507 0.938566484
vn 0.495003751 -0.355111438 0.793011446
vn -0.046233112 -0.341987507 0.938566484
vn -0.736334839 -0.612085244 0.288379365
vn -0.916448322 -0.344136115 0.204188164
vn -0.916448322 -0.344136115 0.204188164
vn -0.186060977 -0.466026008 0.864986169
vn -0.046233112 -0.341987507 0.938566484
vn -0.186060977 -0.466026008 0.864986169
vn -0.916448322 -0.344136115 0.204188164
vn -0.786933184 -0.561014588 0.256902309
vn 0.495003751 -0.355111438 0.793011446
vn 0.798355734 0.581038806 -0.158183523
vn 0.785356898 0.510553713 -0.350070633
vn 0.798355734 0.581038806 -0.158183523
vn 0.495003751 -0.355111438 0.793011446
vn -0.046233112 -0.341987507 0.938566484
vn -0.046233112 -0.341987507 0.938566484
vn 0.893110332 0.448206595 0.038272478
vn 0.798355734 0.581038806 -0.158183523
vn 0.893110332 0.448206595 0.038272478
vn -0.046233112 -0.341987507 0.938566484
vn -0.186060977 -0.466026008 0.864986169
vn 0.785356898 0.510553713 -0.350070633
vn -0.024340475 0.588034371 -0.808469616
vn -0.387287626 0.244003688 -0.889084076
vn -0.024340475 0.588034371 -0.808469616
vn 0.785356898 0.510553713 -0.350070633
vn 0.798355734 0.581038806 -0.158183523
vn 0.798355734 0.581038806 -0.158183523
vn 0.273750314 0.437689802 -0.856439374
vn -0.024340475 0.588034371 -0.808469616
vn 0.273750314 0.437689802 -0.856439374
vn 0.798355734 0.581038806 -0.158183523
vn 0.893110332 0.448206595 0.038272478
vn 0.343834494 0.685796958 -0.641451770
vn -0.497931468 -0.091439214 0.862382237
vn -0.703093990 -0.428800900 0.567264162
vn -0.497931468 -0.091439214 0.862382237
vn 0.343834494 0.685796958 -0.641451770
vn 0.732299163 0.673994145 -0.097313041
vn -0.850131880 -0.323746893 -0.415287535
vn 0.219119872 0.975689429 -0.004076728
vn -0.500358414 0.076245530 0.862454681
vn 0.219119872 0.975689429 -0.004076728
vn -0.850131880 -0.323746893 -0.415287535
vn 0.185941349 0.442202487 -0.877429641
vn -0.228660377 -0.497793494 0.836609867
vn -0.726033745 -0.420977848 0.543739509
vn -0.515464218 -0.481483178 0.708851599
vn -0.726033745 -0.420977848 0.543739509
vn -0.228660377 -0.497793494 0.836609867
vn -0.740131337 -0.637134222 0.215094368
vn -0.228660377 -0.497793494 0.836609867
vn 0.725441267 0.585313064 -0.362137522
vn 0.788634296 0.492522000 -0.368073399
vn 0.725441267 0.585313064 -0.362137522
vn -0.228660377 -0.497793494 0.836609867
vn -0.515464218 -0.481483178 0.708851599
vn 0.393265602 0.380386718 -0.837047258
vn 0.725441267 0.585313064 -0.362137522
vn 0.505923657 0.598805480 -0.620864921
vn 0.725441267 0.585313064 -0.362137522
vn 0.393265602 0.380386718 -0.837047258
vn 0.788634296 0.492522000 -0.368073399
vn 0.506117661 -0.528826702 -0.681312874
vn -0.387287626 0.244003688 -0.889084076
vn 0.394570814 0.016367062 -0.918719757
vn -0.387287626 0.244003688 -0.889084076
vn 0.506117661 -0.528826702 -0.681312874
vn 0.785356898 0.510553713 -0.350070633
vn 0.394570814 0.016367062 -0.918719757
vn -0.736334839 -0.612085244 0.288379365
vn 0.873052249 0.244543989 0.421874399
vn -0.736334839 -0.612085244 0.288379365
vn 0.394570814 0.016367062 -0.918719757
vn -0.387287626 0.244003688 -0.889084076
vn -0.139360071 -0.892436585 0.429110372
vn -0.736334839 -0.612085244 0.288379365
vn 0.495003751 -0.355111438 0.793011446
vn -0.736334839 -0.612085244 0.288379365
vn -0.139360071 -0.892436585 0.429110372
vn 0.873052249 0.244543989 0.421874399
vn 0.495003751 -0.355111438 0.793011446
vn 0.506117661 -0.528826702 -0.681312874
vn -0.139360071 -0.892436585 0.429110372
vn 0.506117661 -0.528826702 -0.681312874
vn 0.495003751 -0.355111438 0.793011446
vn 0.785356898 0.510553713 -0.350070633
vn -0.106607794 -0.411959664 -0.904944205
vn 0.290911529 0.476022470 -0.829923545
vn 0.007466917 0.590303140 -0.807147104
vn 0.007466917 0.590303140 -0.807147104
vn -0.332025968 -0.018583056 -0.943087179
vn -0.106607794 -0.411959664 -0.904944205
vn -0.332025968 -0.018583056 -0.943087179
vn 0.007466917 0.590303140 -0.807147104
vn -0.315374909 0.596149299 -0.738339137
vn 0.631990000 -0.769860296 -0.088903121
vn 0.097282361 -0.995139961 -0.015251213
vn 0.091108703 -0.987285098 -0.130258742
vn 0.097282361 -0.995139961 -0.015251213
vn 0.631990000 -0.769860296 -0.088903121
vn 0.464473287 -0.882844500 -0.069643044
vn -0.332025968 -0.018583056 -0.943087179
vn 0.272727121 0.631632778 -0.725713408
vn 0.052393718 -0.505215963 -0.861401027
vn 0.115761252 0.900397639 -0.419384578
vn 0.061520395 0.991696299 -0.112932240
vn -0.312285744 0.822596418 -0.475197587
vn 0.061520395 0.991696299 -0.112932240
vn 0.115761252 0.900397639 -0.419384578
vn 0.333724357 0.891156673 0.307356207
vn 0.478099929 0.875143531 0.074459781
vn 0.333724357 0.891156673 0.307356207
vn 0.115761252 0.900397639 -0.419384578
vn -0.035211892 -0.753432491 -0.656581758
vn -0.136502624 -0.819500971 -0.556583500
vn 0.044490057 -0.985384238 -0.164433994
vn 0.044490057 -0.985384238 -0.164433994
vn -0.089228220 -0.933598188 -0.347034216
vn 0.016143255 -0.998826825 -0.045654881
vn -0.089228220 -0.933598188 -0.347034216
vn 0.044490057 -0.985384238 -0.164433994
vn -0.136502624 -0.819500971 -0.556583500
vn -0.106607794 -0.411959664 -0.904944205
vn -0.332025968 -0.018583056 -0.943087179
vn -0.035211892 -0.753432491 -0.656581758
vn -0.032911206 -0.834801877 -0.549565900
vn -0.035211892 -0.753432491 -0.656581758
vn 0.235608383 -0.915405357 -0.326376657
vn 0.298132692 -0.552919129 0.778072834
vn 0.989858462 0.022015908 0.140340743
vn 0.494286587 0.383292761 0.780235496
vn 0.989858462 0.022015908 0.140340743
vn 0.298132692 -0.552919129 0.778072834
vn 0.991085050 -0.131043464 -0.024042358
vn 0.623138878 0.769138552 -0.141858475
vn 0.494286587 0.383292761 0.780235496
vn 0.989858462 0.022015908 0.140340743
vn 0.969272282 0.109714115 -0.220168246
vn 0.973537570 0.046607532 -0.223723799
vn 0.970276202 0.216207890 0.108711727
vn 0.975189347 0.106038208 -0.194323533
vn 0.963635613 -0.234511834 -0.128103884
vn 0.986145334 -0.103454909 -0.129670589
vn 0.273750314 0.437689802 -0.856439374
vn -0.740131337 -0.637134222 0.215094368
vn -0.786933184 -0.561014588 0.256902309
vn -0.740131337 -0.637134222 0.215094368
vn 0.273750314 0.437689802 -0.856439374
vn 0.393265602 0.380386718 -0.837047258
vn 0.273750314 0.437689802 -0.856439374
vn 0.788634296 0.492522000 -0.368073399
vn 0.393265602 0.380386718 -0.837047258
vn 0.788634296 0.492522000 -0.368073399
vn 0.273750314 0.437689802 -0.856439374
vn 0.893110332 0.448206595 0.038272478
vn 0.893110332 0.448206595 0.038272478
vn -0.228660377 -0.497793494 0.836609867
vn 0.788634296 0.492522000 -0.368073399
vn -0.228660377 -0.497793494 0.836609867
vn 0.893110332 0.448206595 0.038272478
vn -0.186060977 -0.466026008 0.864986169
vn -0.228660377 -0.497793494 0.836609867
vn -0.786933184 -0.561014588 0.256902309
vn -0.740131337 -0.637134222 0.215094368
vn -0.786933184 -0.561014588 0.256902309
vn -0.228660377 -0.497793494 0.836609867
vn -0.186060977 -0.466026008 0.864986169
vn 0.052393718 -0.505215963 -0.861401027
vn 0.935263135 0.310052479 0.170734670
vn 0.845130974 -0.524955103 0.100875052
vn 0.935263135 0.310052479 0.170734670
vn 0.052393718 -0.505215963 -0.861401027
vn 0.272727121 0.631632778 -0.725713408
vn -0.050592920 -0.897539423 -0.438022077
vn 0.845130974 -0.524955103 0.100875052
vn 0.565780018 -0.817579779 0.107033993
vn 0.845130974 -0.524955103 0.100875052
vn -0.050592920 -0.897539423 -0.438022077
vn 0.052393718 -0.505215963 -0.861401027
vn -0.515464218 -0.481483178 0.708851599
vn -0.703093990 -0.428800900 0.567264162
vn -0.497931468 -0.091439214 0.862382237
vn -0.703093990 -0.428800900 0.567264162
vn -0.515464218 -0.481483178 0.708851599
vn -0.726033745 -0.420977848 0.543739509
vn -0.726033745 -0.420977848 0.543739509
vn 0.343834494 0.685796958 -0.641451770
vn -0.703093990 -0.428800900 0.567264162
vn 0.343834494 0.685796958 -0.641451770
vn -0.726033745 -0.420977848 0.543739509
vn 0.505923657 0.598805480 -0.620864921
vn 0.343834494 0.685796958 -0.641451770
vn 0.725441267 0.585313064 -0.362137522
vn 0.732299163 0.673994145 -0.097313041
vn 0.725441267 0.585313064 -0.362137522
vn 0.343834494 0.685796958 -0.641451770
vn 0.505923657 0.598805480 -0.620864921
vn 0.732299163 0.673994145 -0.097313041
vn -0.515464218 -0.481483178 0.708851599
vn -0.497931468 -0.091439214 0.862382237
vn -0.515464218 -0.481483178 0.708851599
vn 0.732299163 0.673994145 -0.097313041
vn 0.725441267 0.585313064 -0.362137522
vn 0.393265602 0.380386718 -0.837047258
vn -0.719990401 -0.690541547 -0.069037630
vn -0.740131337 -0.637134222 0.215094368
vn -0.719990401 -0.690541547 -0.069037630
vn 0.393265602 0.380386718 -0.837047258
vn -0.046471274 0.034534323 -0.998322494
vn -0.719990401 -0.690541547 -0.069037630
vn -0.726033745 -0.420977848 0.543739509
vn -0.740131337 -0.637134222 0.215094368
vn -0.726033745 -0.420977848 0.543739509
vn -0.719990401 -0.690541547 -0.069037630
vn -0.109041689 0.242865019 0.963912077
vn -0.726033745 -0.420977848 0.543739509
vn 0.402164077 0.769514864 -0.496095686
vn 0.505923657 0.598805480 -0.620864921
vn 0.402164077 0.769514864 -0.496095686
vn -0.726033745 -0.420977848 0.543739509
vn -0.109041689 0.242865019 0.963912077
vn 0.402164077 0.769514864 -0.496095686
vn 0.393265602 0.380386718 -0.837047258
vn 0.505923657 0.598805480 -0.620864921
vn 0.393265602 0.380386718 -0.837047258
vn 0.402164077 0.769514864 -0.496095686
vn -0.046471274 0.034534323 -0.998322494
vn -0.046471274 0.034534323 -0.998322494
vn -0.850131880 -0.323746893 -0.415287535
vn -0.719990401 -0.690541547 -0.069037630
vn -0.850131880 -0.323746893 -0.415287535
vn -0.046471274 0.034534323 -0.998322494
vn 0.185941349 0.442202487 -0.877429641
vn -0.719990401 -0.690541547 -0.069037630
vn -0.500358414 0.076245530 0.862454681
vn -0.109041689 0.242865019 0.963912077
vn -0.500358414 0.076245530 0.862454681
vn -0.719990401 -0.690541547 -0.069037630
vn -0.850131880 -0.323746893 -0.415287535
vn -0.109041689 0.242865019 0.963912077
vn 0.219119872 0.975689429 -0.004076728
vn 0.402164077 0.769514864 -0.496095686
vn 0.219119872 0.975689429 -0.004076728
vn -0.109041689 0.242865019 0.963912077
vn -0.500358414 0.076245530 0.862454681
vn 0.402164077 0.769514864 -0.496095686
vn 0.185941349 0.442202487 -0.877429641
vn -0.046471274 0.034534323 -0.998322494
vn 0.185941349 0.442202487 -0.877429641
vn 0.402164077 0.769514864 -0.496095686
vn 0.219119872 0.975689429 -0.004076728
vn 0.688876346 0.551129548 -0.470856243
vn 0.415235817 0.876863364 0.242259896
vn -0.102772834 0.838445200 -0.535207801
vn 0.415235817 0.876863364 0.242259896
vn 0.688876346 0.551129548 -0.470856243
vn 0.461351788 -0.037981406 0.886403937
vn -0.733212790 -0.668316056 -0.125509572
vn -0.259848604 -0.312939315 0.913535816
vn 0.009876544 -0.814402130 0.580216877
vn -0.259848604 -0.312939315 0.913535816
vn -0.733212790 -0.668316056 -0.125509572
vn -0.939788853 -0.299406659 0.164780355
vn -0.721464044 -0.678059303 -0.140446485
vn 0.686263623 -0.530455898 -0.497653273
vn 0.691301868 -0.706051729 -0.153599097
vn 0.686263623 -0.530455898 -0.497653273
vn -0.721464044 -0.678059303 -0.140446485
vn -0.733212790 -0.668316056 -0.125509572
vn 0.892780066 0.032684338 0.449305562
vn 0.686263623 -0.530455898 -0.497653273
vn 0.824620544 -0.491807803 0.279510365
vn 0.686263623 -0.530455898 -0.497653273
vn 0.892780066 0.032684338 0.449305562
vn 0.899210349 0.266365516 -0.347088115
vn 0.160240567 0.941978950 -0.294955282
vn 0.688876346 0.551129548 -0.470856243
vn -0.102772834 0.838445200 -0.535207801
vn 0.688876346 0.551129548 -0.470856243
vn 0.160240567 0.941978950 -0.294955282
vn 0.893642140 0.436434499 -0.104540196
vn -0.259848604 -0.312939315 0.913535816
vn -0.994207806 -0.023431095 -0.104889575
vn -0.046365784 -0.162315270 0.985649008
vn -0.994207806 -0.023431095 -0.104889575
vn -0.259848604 -0.312939315 0.913535816
vn -0.939788853 -0.299406659 0.164780355
vn -0.259848604 -0.312939315 0.913535816
vn 0.461351788 -0.037981406 0.886403937
vn 0.892780066 0.032684338 0.449305562
vn 0.461351788 -0.037981406 0.886403937
vn -0.259848604 -0.312939315 0.913535816
vn -0.046365784 -0.162315270 0.985649008
vn 0.892780066 0.032684338 0.449305562
vn 0.688876346 0.551129548 -0.470856243
vn 0.899210349 0.266365516 -0.347088115
vn 0.688876346 0.551129548 -0.470856243
vn 0.892780066 0.032684338 0.449305562
vn 0.461351788 -0.037981406 0.886403937
vn 0.317296482 0.948319179 0.003698326
vn 0.118020238 0.975315549 -0.186630124
vn -0.919926128 0.284140371 0.270185433
vn 0.739402612 0.658939037 -0.138141681
vn 0.118020238 0.975315549 -0.186630124
vn 0.317296482 0.948319179 0.003698326
vn 0.118020238 0.975315549 -0.186630124
vn -0.075067825 0.984231989 -0.160163085
vn -0.973721245 0.214489859 0.076557414
vn -0.075067825 0.984231989 -0.160163085
vn -0.946587831 0.315741455 0.065412633
vn -0.973721245 0.214489859 0.076557414
vn -0.946587831 0.315741455 0.065412633
vn -0.075067825 0.984231989 -0.160163085
vn 0.189775240 0.979179498 0.072061570
vn 0.189775240 0.979179498 0.072061570
vn -0.986722033 0.097646508 0.129787473
vn -0.946587831 0.315741455 0.065412633
vn -0.986722033 0.097646508 0.129787473
vn 0.189775240 0.979179498 0.072061570
vn 0.424456360 0.885851363 0.187361047
vn -0.986722033 0.097646508 0.129787473
vn 0.573467795 0.807939456 0.135530529
vn -0.984207516 0.030945541 0.174292680
vn 0.573467795 0.807939456 0.135530529
vn -0.986722033 0.097646508 0.129787473
vn 0.424456360 0.885851363 0.187361047
vn -0.984207516 0.030945541 0.174292680
vn 0.160240567 0.941978950 -0.294955282
vn -0.995076337 -0.096447219 -0.022825794
vn 0.160240567 0.941978950 -0.294955282
vn -0.984207516 0.030945541 0.174292680
vn 0.573467795 0.807939456 0.135530529
vn 0.160240567 0.941978950 -0.294955282
vn -0.994207806 -0.023431095 -0.104889575
vn -0.995076337 -0.096447219 -0.022825794
vn -0.994207806 -0.023431095 -0.104889575
vn 0.160240567 0.941978950 -0.294955282
vn -0.102772834 0.838445200 -0.535207801
vn -0.102772834 0.838445200 -0.535207801
vn -0.046365784 -0.162315270 0.985649008
vn -0.994207806 -0.023431095 -0.104889575
vn -0.046365784 -0.162315270 0.985649008
vn -0.102772834 0.838445200 -0.535207801
vn 0.415235817 0.876863364 0.242259896
vn -0.994207806 -0.023431095 -0.104889575
vn -0.939788853 -0.299406659 0.164780355
vn -0.995076337 -0.096447219 -0.022825794
vn -0.995076337 -0.096447219 -0.022825794
vn -0.733212790 -0.668316056 -0.125509572
vn -0.721464044 -0.678059303 -0.140446485
vn -0.733212790 -0.668316056 -0.125509572
vn -0.995076337 -0.096447219 -0.022825794
vn -0.939788853 -0.299406659 0.164780355
vn 0.686263623 -0.530455898 -0.497653273
vn 0.009876544 -0.814402130 0.580216877
vn 0.824620544 -0.491807803 0.279510365
vn 0.009876544 -0.814402130 0.580216877
vn 0.686263623 -0.530455898 -0.497653273
vn -0.733212790 -0.668316056 -0.125509572
vn 0.691301868 -0.706051729 -0.153599097
vn 0.899210349 0.266365516 -0.347088115
vn 0.893642140 0.436434499 -0.104540196
vn 0.899210349 0.266365516 -0.347088115
vn 0.691301868 -0.706051729 -0.153599097
vn 0.686263623 -0.530455898 -0.497653273
vn 0.899210349 0.266365516 -0.347088115
vn 0.688876346 0.551129548 -0.470856243
vn 0.893642140 0.436434499 -0.104540196
vn 0.948524010 0.194260734 -0.250129906
vn 0.969900671 -0.026300905 -0.242076331
vn 0.739402612 0.658939037 -0.138141681
vn 0.969900671 -0.026300905 -0.242076331
vn 0.968796686 -0.152909277 -0.195068538
vn 0.739402612 0.658939037 -0.138141681
vn -0.919926128 0.284140371 0.270185433
vn 0.030352994 0.121039309 0.992183542
vn 0.185502497 0.877977576 0.441298312
vn 0.742950804 0.427646653 0.514919842
vn 0.495761862 0.207005272 0.843426934
vn 0.600090749 0.574429286 0.556706465
vn 0.495761862 0.207005272 0.843426934
vn 0.742950804 0.427646653 0.514919842
vn 0.590984287 0.705026290 0.392014672
vn 0.951984463 0.188004262 0.241619493
vn 0.845130974 -0.524955103 0.100875052
vn 0.935263135 0.310052479 0.170734670
vn 0.845130974 -0.524955103 0.100875052
vn 0.951984463 0.188004262 0.241619493
vn 0.942133598 -0.305353625 0.138359850
vn 0.227076838 0.565891878 -0.792592261
vn -0.360446577 0.478064258 -0.800957446
vn -0.219096300 0.310574789 -0.924954113
vn -0.360446577 0.478064258 -0.800957446
vn 0.227076838 0.565891878 -0.792592261
vn -0.061667226 0.756202114 -0.651425756
vn 0.121327994 0.990557681 0.063835712
vn -0.310361265 0.950544248 -0.011896095
vn -0.208084160 0.937627835 -0.278487029
vn 0.742950804 0.427646653 0.514919842
vn 0.631964045 0.664805470 0.398315368
vn 0.825403342 0.390676943 0.407530183
vn 0.631964045 0.664805470 0.398315368
vn 0.742950804 0.427646653 0.514919842
vn 0.600090749 0.574429286 0.556706465
vn 0.871477378 0.319016117 0.372499525
vn 0.825403342 0.390676943 0.407530183
vn 0.979815615 0.048235093 0.193996745
vn 0.825403342 0.390676943 0.407530183
vn 0.871477378 0.319016117 0.372499525
vn 0.742950804 0.427646653 0.514919842
vn 0.723008411 0.682997474 -0.103794446
vn 0.425202337 0.866748019 -0.260673827
vn 0.667631542 0.700610485 -0.251819522
vn 0.425202337 0.866748019 -0.260673827
vn 0.723008411 0.682997474 -0.103794446
vn 0.512567880 0.858643516 0.002341174
vn 0.723008411 0.682997474 -0.103794446
vn 0.667631542 0.700610485 -0.251819522
vn 0.837451371 0.470468867 -0.278090355
vn 0.942133598 -0.305353625 0.138359850
vn 0.978390262 0.206224517 0.014964741
vn 0.941804251 -0.336147953 0.003050479
vn 0.978390262 0.206224517 0.014964741
vn 0.942133598 -0.305353625 0.138359850
vn 0.951984463 0.188004262 0.241619493
vn 0.628568613 -0.763107117 -0.150229913
vn 0.857226111 -0.271143555 -0.437772278
vn 0.543701306 -0.641305090 -0.541402503
vn 0.857226111 -0.271143555 -0.437772278
vn 0.628568613 -0.763107117 -0.150229913
vn 0.941804251 -0.336147953 0.003050479
vn 0.871477378 0.319016117 0.372499525
vn 0.590984287 0.705026290 0.392014672
vn 0.742950804 0.427646653 0.514919842
vn 0.425202337 0.866748019 -0.260673827
vn 0.121327994 0.990557681 0.063835712
vn -0.208084160 0.937627835 -0.278487029
vn 0.544034420 0.804801934 0.237319190
vn 0.397627148 0.803318000 0.443365360
vn 0.031985652 0.972704070 0.229834094
vn 0.600090749 0.574429286 0.556706465
vn 0.495761862 0.207005272 0.843426934
vn 0.354568777 0.557458404 0.750680432
vn 0.354568777 0.557458404 0.750680432
vn 0.098952497 -0.165969270 0.981153711
vn -0.298260070 0.324401738 0.897666109
vn 0.098952497 -0.165969270 0.981153711
vn 0.354568777 0.557458404 0.750680432
vn 0.495761862 0.207005272 0.843426934
vn -0.061667226 0.756202114 -0.651425756
vn 0.425202337 0.866748019 -0.260673827
vn -0.208084160 0.937627835 -0.278487029
vn 0.227076838 0.565891878 -0.792592261
vn 0.837451371 0.470468867 -0.278090355
vn 0.667631542 0.700610485 -0.251819522
vn 0.837451371 0.470468867 -0.278090355
vn 0.227076838 0.565891878 -0.792592261
vn 0.400408920 0.097414412 -0.911143857
vn 0.857226111 -0.271143555 -0.437772278
vn 0.249610055 -0.263247629 -0.931877409
vn 0.543701306 -0.641305090 -0.541402503
vn 0.249610055 -0.263247629 -0.931877409
vn 0.857226111 -0.271143555 -0.437772278
vn 0.400408920 0.097414412 -0.911143857
vn 0.425202337 0.866748019 -0.260673827
vn 0.227076838 0.565891878 -0.792592261
vn 0.667631542 0.700610485 -0.251819522
vn 0.565780018 -0.817579779 0.107033993
vn 0.942133598 -0.305353625 0.138359850
vn 0.624451352 -0.770701496 0.126805807
vn 0.942133598 -0.305353625 0.138359850
vn 0.565780018 -0.817579779 0.107033993
vn 0.845130974 -0.524955103 0.100875052
vn 0.624451352 -0.770701496 0.126805807
vn 0.941804251 -0.336147953 0.003050479
vn 0.628568613 -0.763107117 -0.150229913
vn 0.941804251 -0.336147953 0.003050479
vn 0.624451352 -0.770701496 0.126805807
vn 0.942133598 -0.305353625 0.138359850
vn 0.857226111 -0.271143555 -0.437772278
vn 0.978390262 0.206224517 0.014964741
vn 0.837451371 0.470468867 -0.278090355
vn 0.978390262 0.206224517 0.014964741
vn 0.857226111 -0.271143555 -0.437772278
vn 0.941804251 -0.336147953 0.003050479
vn 0.400408920 0.097414412 -0.911143857
vn 0.857226111 -0.271143555 -0.437772278
vn 0.837451371 0.470468867 -0.278090355
vn 0.590532679 0.799266735 0.111551968
vn 0.917167241 0.304546235 0.257013312
vn 0.642190493 0.727700413 0.240922145
vn 0.917167241 0.304546235 0.257013312
vn 0.590532679 0.799266735 0.111551968
vn 0.591497737 0.602370787 -0.535984946
vn 0.825403342 0.390676943 0.407530183
vn 0.917167241 0.304546235 0.257013312
vn 0.979815615 0.048235093 0.193996745
vn 0.917167241 0.304546235 0.257013312
vn 0.825403342 0.390676943 0.407530183
vn 0.642190493 0.727700413 0.240922145
vn 0.979815615 0.048235093 0.193996745
vn 0.591497737 0.602370787 -0.535984946
vn 0.723008411 0.682997474 -0.103794446
vn 0.591497737 0.602370787 -0.535984946
vn 0.979815615 0.048235093 0.193996745
vn 0.917167241 0.304546235 0.257013312
vn 0.723008411 0.682997474 -0.103794446
vn 0.590532679 0.799266735 0.111551968
vn 0.664177712 0.733072476 0.146535703
vn 0.590532679 0.799266735 0.111551968
vn 0.723008411 0.682997474 -0.103794446
vn 0.591497737 0.602370787 -0.535984946
vn 0.664177712 0.733072476 0.146535703
vn 0.642190493 0.727700413 0.240922145
vn 0.825403342 0.390676943 0.407530183
vn 0.642190493 0.727700413 0.240922145
vn 0.664177712 0.733072476 0.146535703
vn 0.590532679 0.799266735 0.111551968
vn 0.113859720 0.973925402 0.196227613
vn 0.544034420 0.804801934 0.237319190
vn 0.031985652 0.972704070 0.229834094
vn 0.544034420 0.804801934 0.237319190
vn 0.113859720 0.973925402 0.196227613
vn 0.512567880 0.858643516 0.002341174
vn 0.544034420 0.804801934 0.237319190
vn 0.723008411 0.682997474 -0.103794446
vn 0.664177712 0.733072476 0.146535703
vn 0.723008411 0.682997474 -0.103794446
vn 0.544034420 0.804801934 0.237319190
vn 0.512567880 0.858643516 0.002341174
vn 0.590984287 0.705026290 0.392014672
vn 0.272727121 0.631632778 -0.725713408
vn 0.020723655 0.906206643 -0.422326948
vn 0.272727121 0.631632778 -0.725713408
vn 0.590984287 0.705026290 0.392014672
vn 0.935263135 0.310052479 0.170734670
vn 0.272727121 0.631632778 -0.725713408
vn -0.332025968 -0.018583056 -0.943087179
vn -0.315374909 0.596149299 -0.738339137
vn 0.935263135 0.310052479 0.170734670
vn 0.871477378 0.319016117 0.372499525
vn 0.951984463 0.188004262 0.241619493
vn 0.871477378 0.319016117 0.372499525
vn 0.935263135 0.310052479 0.170734670
vn 0.590984287 0.705026290 0.392014672
vn 0.951984463 0.188004262 0.241619493
vn 0.979815615 0.048235093 0.193996745
vn 0.978390262 0.206224517 0.014964741
vn 0.979815615 0.048235093 0.193996745
vn 0.951984463 0.188004262 0.241619493
vn 0.871477378 0.319016117 0.372499525
vn -0.117881630 0.913294768 -0.389867398
vn -0.167952417 0.929278983 -0.328987170
vn 0.020723655 0.906206643 -0.422326948
vn 0.317296482 0.948319179 0.003698326
vn 0.198952831 0.979777990 0.021280532
vn 0.496734858 0.867677589 0.019750491
vn 0.198952831 0.979777990 0.021280532
vn 0.317296482 0.948319179 0.003698326
vn 0.222357604 0.974859741 -0.014338112
vn -0.207605359 -0.926244636 -0.314596391
vn 0.026615060 -0.998283643 0.052167108
vn 0.012401887 -0.924933270 -0.379927149
vn 0.026615060 -0.998283643 0.052167108
vn -0.207605359 -0.926244636 -0.314596391
vn -0.216245543 -0.976285481 -0.010223725
vn 0.026615060 -0.998283643 0.052167108
vn -0.226722065 -0.887912729 0.400260029
vn 0.028679415 -0.908754297 0.416344951
vn -0.226722065 -0.887912729 0.400260029
vn 0.026615060 -0.998283643 0.052167108
vn -0.216245543 -0.976285481 -0.010223725
vn -0.226722065 -0.887912729 0.400260029
vn -0.292087644 -0.850300066 0.437806585
vn 0.028679415 -0.908754297 0.416344951
vn -0.292087644 -0.850300066 0.437806585
vn -0.226722065 -0.887912729 0.400260029
vn -0.074349811 -0.223572762 0.971847378
vn -0.050592920 -0.897539423 -0.438022077
vn -0.089228220 -0.933598188 -0.347034216
vn -0.136502624 -0.819500971 -0.556583500
vn -0.074349811 -0.223572762 0.971847378
vn 0.030352994 0.121039309 0.992183542
vn -0.292087644 -0.850300066 0.437806585
vn -0.292087644 -0.850300066 0.437806585
vn 0.030352994 0.121039309 0.992183542
vn -0.919926128 0.284140371 0.270185433
vn -0.007086444 0.930803214 0.365451994
vn -0.138227412 0.977380406 0.160064751
vn 0.031985652 0.972704070 0.229834094
vn -0.208084160 0.937627835 -0.278487029
vn -0.542263264 0.686349430 -0.484639053
vn -0.061667226 0.756202114 -0.651425756
vn -0.542263264 0.686349430 -0.484639053
vn -0.208084160 0.937627835 -0.278487029
vn -0.604331021 0.752245698 -0.262507954
vn 0.031985652 0.972704070 0.229834094
vn -0.226884864 0.941795846 0.248080314
vn 0.113859720 0.973925402 0.196227613
vn -0.226884864 0.941795846 0.248080314
vn 0.031985652 0.972704070 0.229834094
vn -0.138227412 0.977380406 0.160064751
vn 0.148530964 0.978693277 0.141767493
vn 0.496734858 0.867677589 0.019750491
vn 0.198952831 0.979777990 0.021280532
vn 0.496734858 0.867677589 0.019750491
vn 0.148530964 0.978693277 0.141767493
vn 0.617152488 0.785969045 0.037087283
vn 0.617152488 0.785969045 0.037087283
vn 0.948524010 0.194260734 -0.250129906
vn 0.496734858 0.867677589 0.019750491
vn 0.948524010 0.194260734 -0.250129906
vn 0.617152488 0.785969045 0.037087283
vn 0.974966550 0.093107187 -0.201918990
vn 0.974966550 0.093107187 -0.201918990
vn 0.749920935 -0.521632419 -0.406839292
vn 0.948524010 0.194260734 -0.250129906
vn 0.749920935 -0.521632419 -0.406839292
vn 0.974966550 0.093107187 -0.201918990
vn 0.864383227 -0.468141874 -0.183534254
vn 0.749920935 -0.521632419 -0.406839292
vn 0.239074357 -0.952815504 -0.187045630
vn 0.089980286 -0.887764688 -0.451417111
vn 0.239074357 -0.952815504 -0.187045630
vn 0.749920935 -0.521632419 -0.406839292
vn 0.864383227 -0.468141874 -0.183534254
vn 0.089980286 -0.887764688 -0.451417111
vn -0.139487349 -0.980794225 -0.136330362
vn -0.203366869 -0.900698064 -0.383907428
vn -0.139487349 -0.980794225 -0.136330362
vn 0.089980286 -0.887764688 -0.451417111
vn 0.239074357 -0.952815504 -0.187045630
vn 0.272727121 0.631632778 -0.725713408
vn -0.315374909 0.596149299 -0.738339137
vn 0.020723655 0.906206643 -0.422326948
vn 0.020723655 0.906206643 -0.422326948
vn -0.315374909 0.596149299 -0.738339137
vn -0.312285744 0.822596418 -0.475197587
vn -0.312285744 0.822596418 -0.475197587
vn 0.007466917 0.590303140 -0.807147104
vn 0.115761252 0.900397639 -0.419384578
vn 0.007466917 0.590303140 -0.807147104
vn -0.312285744 0.822596418 -0.475197587
vn -0.315374909 0.596149299 -0.738339137
vn 0.007466917 0.590303140 -0.807147104
vn 0.478099929 0.875143531 0.074459781
vn 0.115761252 0.900397639 -0.419384578
vn 0.478099929 0.875143531 0.074459781
vn 0.007466917 0.590303140 -0.807147104
vn 0.290911529 0.476022470 -0.829923545
vn 0.290911529 0.476022470 -0.829923545
vn 0.729168864 0.682620019 -0.048401218
vn 0.478099929 0.875143531 0.074459781
vn 0.074811424 -0.132230227 -0.988391834
vn 0.290911529 0.476022470 -0.829923545
vn -0.157290126 -0.435274368 -0.886451376
vn 0.118020238 0.975315549 -0.186630124
vn -0.973721245 0.214489859 0.076557414
vn -0.919926128 0.284140371 0.270185433
vn 0.121327994 0.990557681 0.063835712
vn 0.512567880 0.858643516 0.002341174
vn 0.113859720 0.973925402 0.196227613
vn -0.226884864 0.941795846 0.248080314
vn 0.121327994 0.990557681 0.063835712
vn 0.113859720 0.973925402 0.196227613
vn 0.121327994 0.990557681 0.063835712
vn -0.226884864 0.941795846 0.248080314
vn -0.310361265 0.950544248 -0.011896095
vn 0.121327994 0.990557681 0.063835712
vn 0.425202337 0.866748019 -0.260673827
vn 0.512567880 0.858643516 0.002341174
vn 0.461351788 -0.037981406 0.886403937
vn -0.046365784 -0.162315270 0.985649008
vn 0.415235817 0.876863364 0.242259896
vn 0.354568777 0.557458404 0.750680432
vn -0.004622380 0.906623249 0.421915770
vn 0.145367593 0.872543255 0.466408117
vn 0.397627148 0.803318000 0.443365360
vn 0.544034420 0.804801934 0.237319190
vn 0.631964045 0.664805470 0.398315368
vn 0.354568777 0.557458404 0.750680432
vn 0.397627148 0.803318000 0.443365360
vn 0.600090749 0.574429286 0.556706465
vn -0.138227412 0.977380406 0.160064751
vn -0.488276240 0.567881817 0.662643611
vn -0.631997315 0.770274095 0.085189273
vn 0.145367593 0.872543255 0.466408117
vn -0.000386824 0.682554133 0.730834938
vn -0.007086444 0.930803214 0.365451994
vn -0.503847248 0.588332415 0.632457841
vn -0.004622380 0.906623249 0.421915770
vn -0.584744575 0.697373390 0.414420242
vn -0.004622380 0.906623249 0.421915770
vn -0.503847248 0.588332415 0.632457841
vn -0.098662183 0.846580827 0.523036019
vn -0.004622380 0.906623249 0.421915770
vn 0.354568777 0.557458404 0.750680432
vn -0.298260070 0.324401738 0.897666109
vn 0.397627148 0.803318000 0.443365360
vn 0.145367593 0.872543255 0.466408117
vn -0.007086444 0.930803214 0.365451994
vn 0.397627148 0.803318000 0.443365360
vn 0.631964045 0.664805470 0.398315368
vn 0.600090749 0.574429286 0.556706465
vn 0.825403342 0.390676943 0.407530183
vn 0.544034420 0.804801934 0.237319190
vn 0.664177712 0.733072476 0.146535703
vn 0.544034420 0.804801934 0.237319190
vn 0.825403342 0.390676943 0.407530183
vn 0.631964045 0.664805470 0.398315368
vn 0.031985652 0.972704070 0.229834094
vn 0.397627148 0.803318000 0.443365360
vn -0.007086444 0.930803214 0.365451994
vn -0.604331021 0.752245698 -0.262507954
vn -0.310361265 0.950544248 -0.011896095
vn -0.632684100 0.774220899 0.017112237
vn -0.310361265 0.950544248 -0.011896095
vn -0.604331021 0.752245698 -0.262507954
vn -0.208084160 0.937627835 -0.278487029
vn -0.310361265 0.950544248 -0.011896095
vn -0.627022835 0.760333981 0.169512837
vn -0.632684100 0.774220899 0.017112237
vn -0.627022835 0.760333981 0.169512837
vn -0.310361265 0.950544248 -0.011896095
vn -0.226884864 0.941795846 0.248080314
vn -0.627022835 0.760333981 0.169512837
vn -0.138227412 0.977380406 0.160064751
vn -0.631997315 0.770274095 0.085189273
vn -0.138227412 0.977380406 0.160064751
vn -0.627022835 0.760333981 0.169512837
vn -0.226884864 0.941795846 0.248080314
vn -0.147477398 0.981363029 0.123195060
vn -0.007086444 0.930803214 0.365451994
vn -0.000386824 0.682554133 0.730834938
vn 0.864383227 -0.468141874 -0.183534254
vn 0.986145334 -0.103454909 -0.129670589
vn 0.631990000 -0.769860296 -0.088903121
vn 0.440160161 -0.885633812 -0.148026293
vn 0.991085050 -0.131043464 -0.024042358
vn 0.235608383 -0.915405357 -0.326376657
vn 0.963635613 -0.234511834 -0.128103884
vn 0.631990000 -0.769860296 -0.088903121
vn 0.986145334 -0.103454909 -0.129670589
vn 0.631990000 -0.769860296 -0.088903121
vn 0.963635613 -0.234511834 -0.128103884
vn 0.464473287 -0.882844500 -0.069643044
vn 0.631990000 -0.769860296 -0.088903121
vn 0.239074357 -0.952815504 -0.187045630
vn 0.864383227 -0.468141874 -0.183534254
vn -0.004622380 0.906623249 0.421915770
vn -0.298260070 0.324401738 0.897666109
vn -0.584744575 0.697373390 0.414420242
vn -0.050592920 -0.897539423 -0.438022077
vn -0.136502624 -0.819500971 -0.556583500
vn 0.052393718 -0.505215963 -0.861401027
vn -0.503847248 0.588332415 0.632457841
vn -0.000386824 0.682554133 0.730834938
vn -0.098662183 0.846580827 0.523036019
vn -0.000386824 0.682554133 0.730834938
vn -0.503847248 0.588332415 0.632457841
vn -0.523547980 0.614389003 0.590274230
vn -0.523547980 0.614389003 0.590274230
vn -0.627459359 0.761103476 0.164366211
vn -0.147477398 0.981363029 0.123195060
vn -0.138227412 0.977380406 0.160064751
vn -0.627459359 0.761103476 0.164366211
vn -0.488276240 0.567881817 0.662643611
vn -0.627459359 0.761103476 0.164366211
vn -0.138227412 0.977380406 0.160064751
vn -0.147477398 0.981363029 0.123195060
vn 0.044490057 -0.985384238 -0.164433994
vn 0.464473287 -0.882844500 -0.069643044
vn 0.440160161 -0.885633812 -0.148026293
vn 0.464473287 -0.882844500 -0.069643044
vn 0.044490057 -0.985384238 -0.164433994
vn 0.097282361 -0.995139961 -0.015251213
vn 0.464473287 -0.882844500 -0.069643044
vn 0.991085050 -0.131043464 -0.024042358
vn 0.440160161 -0.885633812 -0.148026293
vn 0.991085050 -0.131043464 -0.024042358
vn 0.464473287 -0.882844500 -0.069643044
vn 0.963635613 -0.234511834 -0.128103884
vn 0.991085050 -0.131043464 -0.024042358
vn 0.975189347 0.106038208 -0.194323533
vn 0.980351213 0.082641362 -0.179114221
vn 0.975189347 0.106038208 -0.194323533
vn 0.991085050 -0.131043464 -0.024042358
vn 0.963635613 -0.234511834 -0.128103884
vn 0.980351213 0.082641362 -0.179114221
vn 0.973537570 0.046607532 -0.223723799
vn 0.989858462 0.022015908 0.140340743
vn 0.973537570 0.046607532 -0.223723799
vn 0.980351213 0.082641362 -0.179114221
vn 0.975189347 0.106038208 -0.194323533
vn 0.888099048 0.312191787 -0.337366818
vn 0.989858462 0.022015908 0.140340743
vn 0.973537570 0.046607532 -0.223723799
vn 0.989858462 0.022015908 0.140340743
vn 0.888099048 0.312191787 -0.337366818
vn 0.623138878 0.769138552 -0.141858475
vn 0.023442341 0.838610893 0.544226264
vn 0.235395912 0.963488230 -0.127589952
vn 0.547859356 0.763727590 0.341423921
vn 0.235395912 0.963488230 -0.127589952
vn 0.023442341 0.838610893 0.544226264
vn -0.245482833 0.969372699 0.007399199
vn 0.547859356 0.763727590 0.341423921
vn 0.795467199 0.552506480 -0.248934781
vn 0.937330311 0.271712145 0.218138486
vn 0.795467199 0.552506480 -0.248934781
vn 0.547859356 0.763727590 0.341423921
vn 0.235395912 0.963488230 -0.127589952
vn -0.052829531 0.945849067 -0.320278916
vn 0.061520395 0.991696299 -0.112932240
vn 0.623138878 0.769138552 -0.141858475
vn 0.061520395 0.991696299 -0.112932240
vn -0.052829531 0.945849067 -0.320278916
vn -0.117881630 0.913294768 -0.389867398
vn 0.061520395 0.991696299 -0.112932240
vn 0.494286587 0.383292761 0.780235496
vn 0.623138878 0.769138552 -0.141858475
vn 0.494286587 0.383292761 0.780235496
vn 0.061520395 0.991696299 -0.112932240
vn 0.333724357 0.891156673 0.307356207
vn 0.333724357 0.891156673 0.307356207
vn 0.478099929 0.875143531 0.074459781
vn 0.494286587 0.383292761 0.780235496
vn -0.032911206 -0.834801877 -0.549565900
vn 0.991085050 -0.131043464 -0.024042358
vn 0.298132692 -0.552919129 0.778072834
vn 0.991085050 -0.131043464 -0.024042358
vn -0.032911206 -0.834801877 -0.549565900
vn 0.235608383 -0.915405357 -0.326376657
vn -0.136728854 0.955731095 -0.260544226
vn -0.117881630 0.913294768 -0.389867398
vn -0.052829531 0.945849067 -0.320278916
vn -0.117881630 0.913294768 -0.389867398
vn -0.136728854 0.955731095 -0.260544226
vn -0.154454158 0.952686071 -0.261788395
vn 0.611572016 0.411712759 0.675627318
vn 0.937330311 0.271712145 0.218138486
vn 0.970276202 0.216207890 0.108711727
vn 0.937330311 0.271712145 0.218138486
vn 0.611572016 0.411712759 0.675627318
vn 0.547859356 0.763727590 0.341423921
vn 0.969272282 0.109714115 -0.220168246
vn 0.795467199 0.552506480 -0.248934781
vn 0.888099048 0.312191787 -0.337366818
vn 0.888099048 0.312191787 -0.337366818
vn 0.514394049 0.733472131 -0.444316773
vn 0.623138878 0.769138552 -0.141858475
vn 0.623138878 0.769138552 -0.141858475
vn 0.023757684 0.932545571 -0.360269803
vn -0.052829531 0.945849067 -0.320278916
vn 0.023757684 0.932545571 -0.360269803
vn 0.623138878 0.769138552 -0.141858475
vn 0.514394049 0.733472131 -0.444316773
vn -0.052829531 0.945849067 -0.320278916
vn -0.185587541 0.965349872 -0.183458138
vn -0.136728854 0.955731095 -0.260544226
vn -0.255898036 0.946392564 0.197122574
vn -0.185587541 0.965349872 -0.183458138
vn -0.245482833 0.969372699 0.007399199
vn -0.205402412 0.821590970 0.531787671
vn -0.245482833 0.969372699 0.007399199
vn 0.023442341 0.838610893 0.544226264
vn -0.245482833 0.969372699 0.007399199
vn -0.205402412 0.821590970 0.531787671
vn -0.255898036 0.946392564 0.197122574
vn 0.611572016 0.411712759 0.675627318
vn 0.023442341 0.838610893 0.544226264
vn 0.547859356 0.763727590 0.341423921
vn 0.795467199 0.552506480 -0.248934781
vn 0.969272282 0.109714115 -0.220168246
vn 0.937330311 0.271712145 0.218138486
vn 0.973537570 0.046607532 -0.223723799
vn 0.969272282 0.109714115 -0.220168246
vn 0.888099048 0.312191787 -0.337366818
vn 0.937330311 0.271712145 0.218138486
vn 0.969272282 0.109714115 -0.220168246
vn 0.970276202 0.216207890 0.108711727
vn 0.317296482 0.948319179 0.003698326
vn 0.185502497 0.877977576 0.441298312
vn 0.222357604 0.974859741 -0.014338112
vn 0.227076838 0.565891878 -0.792592261
vn -0.219096300 0.310574789 -0.924954113
vn -0.060972517 0.119891181 -0.990912941
vn 0.227076838 0.565891878 -0.792592261
vn 0.425202337 0.866748019 -0.260673827
vn -0.061667226 0.756202114 -0.651425756
vn 0.723008411 0.682997474 -0.103794446
vn 0.978390262 0.206224517 0.014964741
vn 0.979815615 0.048235093 0.193996745
vn 0.978390262 0.206224517 0.014964741
vn 0.723008411 0.682997474 -0.103794446
vn 0.837451371 0.470468867 -0.278090355
vn -0.081379356 -0.993500828 -0.079583323
vn 0.239074357 -0.952815504 -0.187045630
vn 0.091108703 -0.987285098 -0.130258742
vn 0.239074357 -0.952815504 -0.187045630
vn -0.081379356 -0.993500828 -0.079583323
vn -0.139487349 -0.980794225 -0.136330362
vn 0.020723655 0.906206643 -0.422326948
vn -0.231918831 0.854209917 0.465337591
vn 0.590984287 0.705026290 0.392014672
vn -0.231918831 0.854209917 0.465337591
vn 0.020723655 0.906206643 -0.422326948
vn -0.167952417 0.929278983 -0.328987170
vn -0.060972517 0.119891181 -0.990912941
vn 0.400408920 0.097414412 -0.911143857
vn 0.227076838 0.565891878 -0.792592261
vn 0.400408920 0.097414412 -0.911143857
vn -0.060972517 0.119891181 -0.990912941
vn 0.249610055 -0.263247629 -0.931877409
vn -0.231918831 0.854209917 0.465337591
vn 0.495761862 0.207005272 0.843426934
vn 0.590984287 0.705026290 0.392014672
vn 0.495761862 0.207005272 0.843426934
vn -0.231918831 0.854209917 0.465337591
vn 0.098952497 -0.165969270 0.981153711
vn -0.542263264 0.686349430 -0.484639053
vn -0.360446577 0.478064258 -0.800957446
vn -0.061667226 0.756202114 -0.651425756
vn 0.016143255 -0.998826825 -0.045654881
vn 0.097282361 -0.995139961 -0.015251213
vn 0.044490057 -0.985384238 -0.164433994
vn 0.097282361 -0.995139961 -0.015251213
vn 0.016143255 -0.998826825 -0.045654881
vn 0.001821666 -0.999575617 -0.029073485
vn 0.563898266 -0.812803891 0.146179959
vn -0.292087644 -0.850300066 0.437806585
vn 0.561217198 -0.808511885 0.177041772
vn -0.035211892 -0.753432491 -0.656581758
vn -0.032911206 -0.834801877 -0.549565900
vn -0.106607794 -0.411959664 -0.904944205
vn 0.040991292 -0.075115850 0.996331934
vn 0.478099929 0.875143531 0.074459781
vn 0.729168864 0.682620019 -0.048401218
vn -0.106607794 -0.411959664 -0.904944205
vn -0.032911206 -0.834801877 -0.549565900
vn -0.157290126 -0.435274368 -0.886451376
vn 0.290911529 0.476022470 -0.829923545
vn -0.106607794 -0.411959664 -0.904944205
vn -0.157290126 -0.435274368 -0.886451376
vn 0.023442341 0.838610893 0.544226264
vn 0.611572016 0.411712759 0.675627318
vn 0.097118914 0.655117295 0.749259131
vn -0.255898036 0.946392564 0.197122574
vn 0.080281014 0.957777075 0.276076138
vn -0.047569062 0.998187141 -0.036872972
vn 0.080281014 0.957777075 0.276076138
vn -0.255898036 0.946392564 0.197122574
vn -0.205402412 0.821590970 0.531787671
vn -0.185587541 0.965349872 -0.183458138
vn -0.255898036 0.946392564 0.197122574
vn -0.047569062 0.998187141 -0.036872972
vn 0.023442341 0.838610893 0.544226264
vn 0.097118914 0.655117295 0.749259131
vn -0.205402412 0.821590970 0.531787671
vn -0.185587541 0.965349872 -0.183458138
vn -0.047569062 0.998187141 -0.036872972
vn -0.136728854 0.955731095 -0.260544226
vn -0.185587541 0.965349872 -0.183458138
vn -0.052829531 0.945849067 -0.320278916
vn 0.023757684 0.932545571 -0.360269803
vn 0.514394049 0.733472131 -0.444316773
vn 0.888099048 0.312191787 -0.337366818
vn 0.795467199 0.552506480 -0.248934781
vn 0.989858462 0.022015908 0.140340743
vn 0.991085050 -0.131043464 -0.024042358
vn 0.980351213 0.082641362 -0.179114221
vn 0.478099929 0.875143531 0.074459781
vn -0.051170226 -0.076946610 0.995721260
vn 0.494286587 0.383292761 0.780235496
vn -0.051170226 -0.076946610 0.995721260
vn 0.298132692 -0.552919129 0.778072834
vn 0.494286587 0.383292761 0.780235496
vn 0.298132692 -0.552919129 0.778072834
vn -0.051170226 -0.076946610 0.995721260
vn -0.427232452 -0.665424550 0.612113225
vn -0.401885053 -0.913131172 -0.068409545
vn -0.350890173 -0.560376561 -0.750236094
vn -0.427232452 -0.665424550 0.612113225
vn -0.032911206 -0.834801877 -0.549565900
vn -0.350890173 -0.560376561 -0.750236094
vn -0.157290126 -0.435274368 -0.886451376
vn -0.350890173 -0.560376561 -0.750236094
vn 0.074811424 -0.132230227 -0.988391834
vn -0.157290126 -0.435274368 -0.886451376
vn 0.074811424 -0.132230227 -0.988391834
vn -0.350890173 -0.560376561 -0.750236094
vn -0.401885053 -0.913131172 -0.068409545
vn 0.235608383 -0.915405357 -0.326376657
vn 0.044490057 -0.985384238 -0.164433994
vn 0.440160161 -0.885633812 -0.148026293
vn 0.044490057 -0.985384238 -0.164433994
vn 0.235608383 -0.915405357 -0.326376657
vn -0.035211892 -0.753432491 -0.656581758
vn -0.312285744 0.822596418 -0.475197587
vn -0.117881630 0.913294768 -0.389867398
vn 0.020723655 0.906206643 -0.422326948
vn -0.167952417 0.929278983 -0.328987170
vn -0.117881630 0.913294768 -0.389867398
vn -0.154454158 0.952686071 -0.261788395
vn 0.195061998 0.958255797 0.209037422
vn 0.605081052 0.782091075 0.149031774
vn 0.617152488 0.785969045 0.037087283
vn 0.617152488 0.785969045 0.037087283
vn 0.959408381 0.266996568 -0.090820654
vn 0.974966550 0.093107187 -0.201918990
vn 0.959408381 0.266996568 -0.090820654
vn 0.617152488 0.785969045 0.037087283
vn 0.605081052 0.782091075 0.149031774
vn 0.986145334 -0.103454909 -0.129670589
vn 0.974966550 0.093107187 -0.201918990
vn 0.959408381 0.266996568 -0.090820654
vn 0.974966550 0.093107187 -0.201918990
vn 0.986145334 -0.103454909 -0.129670589
vn 0.864383227 -0.468141874 -0.183534254
vn 0.148530964 0.978693277 0.141767493
vn 0.195061998 0.958255797 0.209037422
vn 0.617152488 0.785969045 0.037087283
vn 0.195061998 0.958255797 0.209037422
vn 0.148530964 0.978693277 0.141767493
vn 0.080281014 0.957777075 0.276076138
vn -0.205402412 0.821590970 0.531787671
vn 0.195061998 0.958255797 0.209037422
vn 0.080281014 0.957777075 0.276076138
vn 0.195061998 0.958255797 0.209037422
vn -0.205402412 0.821590970 0.531787671
vn 0.097118914 0.655117295 0.749259131
vn 0.973537570 0.046607532 -0.223723799
vn 0.959408381 0.266996568 -0.090820654
vn 0.970276202 0.216207890 0.108711727
vn 0.959408381 0.266996568 -0.090820654
vn 0.973537570 0.046607532 -0.223723799
vn 0.975189347 0.106038208 -0.194323533
vn -0.517543630 0.854910563 -0.035728426
vn -0.391079568 0.758800856 -0.520843578
vn -0.330210951 0.875133619 -0.353697435
vn -0.721432630 0.691973756 0.026594785
vn -0.316571521 0.944953461 0.082737102
vn -0.790252919 0.499259233 0.355303450
vn -0.316571521 0.944953461 0.082737102
vn -0.721432630 0.691973756 0.026594785
vn -0.311841311 0.921276269 -0.232389830
vn -0.475813000 -0.729434434 -0.491454369
vn -0.010387936 -0.883366368 -0.468567978
vn -0.099769245 -0.837420338 -0.537376288
vn -0.010387936 -0.883366368 -0.468567978
vn -0.475813000 -0.729434434 -0.491454369
vn -0.360604053 -0.016908045 -0.932565727
vn -0.929400920 -0.233205666 -0.286057770
vn -0.415603668 -0.792428663 -0.446464338
vn -0.886962044 -0.228703480 -0.401239393
vn -0.415603668 -0.792428663 -0.446464338
vn -0.929400920 -0.233205666 -0.286057770
vn -0.393696368 -0.843336153 -0.365769467
vn -0.821375844 0.521019076 -0.232122479
vn -0.929400920 -0.233205666 -0.286057770
vn -0.886962044 -0.228703480 -0.401239393
vn -0.929400920 -0.233205666 -0.286057770
vn -0.821375844 0.521019076 -0.232122479
vn -0.921185727 0.313191327 -0.230928667
vn -0.158794434 0.987310684 0.001393302
vn -0.552219607 0.816563331 -0.168160140
vn -0.821375844 0.521019076 -0.232122479
vn -0.552219607 0.816563331 -0.168160140
vn -0.158794434 0.987310684 0.001393302
vn 0.057933532 0.997912874 0.028523714
vn -0.311841311 0.921276269 -0.232389830
vn 0.130939128 0.982012764 -0.136036304
vn -0.316571521 0.944953461 0.082737102
vn 0.130939128 0.982012764 -0.136036304
vn -0.311841311 0.921276269 -0.232389830
vn -0.040315234 0.970228062 -0.238814131
vn -0.393696368 -0.843336153 -0.365769467
vn -0.203366869 -0.900698064 -0.383907428
vn -0.415603668 -0.792428663 -0.446464338
vn -0.203366869 -0.900698064 -0.383907428
vn -0.393696368 -0.843336153 -0.365769467
vn -0.207605359 -0.926244636 -0.314596391
vn -0.170809247 -0.985249125 0.010409779
vn 0.001821666 -0.999575617 -0.029073485
vn -0.021256500 -0.996009561 0.086678232
vn 0.001821666 -0.999575617 -0.029073485
vn -0.170809247 -0.985249125 0.010409779
vn -0.081379356 -0.993500828 -0.079583323
vn -0.106356311 0.982794886 -0.151005124
vn -0.994163250 0.020815094 -0.105859173
vn -0.987798227 0.080928403 -0.133061102
vn -0.994163250 0.020815094 -0.105859173
vn -0.106356311 0.982794886 -0.151005124
vn -0.295403866 0.951146690 -0.089758178
vn -0.994163250 0.020815094 -0.105859173
vn -0.479447844 0.872807578 0.091305514
vn -0.966124954 -0.257724227 -0.013446013
vn -0.479447844 0.872807578 0.091305514
vn -0.994163250 0.020815094 -0.105859173
vn -0.295403866 0.951146690 -0.089758178
vn 0.819665609 0.515898152 0.248992742
vn 0.759470067 -0.556177038 0.337449729
vn 0.739490798 0.646195567 0.188638939
vn 0.759470067 -0.556177038 0.337449729
vn 0.819665609 0.515898152 0.248992742
vn 0.192435569 -0.901487174 0.387671802
vn 0.739490798 0.646195567 0.188638939
vn 0.970448282 -0.067214907 0.231759119
vn 0.654893714 0.735349602 0.174284784
vn 0.970448282 -0.067214907 0.231759119
vn 0.739490798 0.646195567 0.188638939
vn 0.759470067 -0.556177038 0.337449729
vn 0.759470067 -0.556177038 0.337449729
vn -0.366458346 -0.927523742 0.073539024
vn -0.348689896 -0.921142774 0.172948973
vn -0.366458346 -0.927523742 0.073539024
vn 0.759470067 -0.556177038 0.337449729
vn 0.192435569 -0.901487174 0.387671802
vn 0.759470067 -0.556177038 0.337449729
vn -0.222868284 -0.970732518 -0.089488020
vn 0.970448282 -0.067214907 0.231759119
vn -0.222868284 -0.970732518 -0.089488020
vn 0.759470067 -0.556177038 0.337449729
vn -0.348689896 -0.921142774 0.172948973
vn -0.366458346 -0.927523742 0.073539024
vn -0.994163250 0.020815094 -0.105859173
vn -0.348689896 -0.921142774 0.172948973
vn -0.994163250 0.020815094 -0.105859173
vn -0.366458346 -0.927523742 0.073539024
vn -0.987798227 0.080928403 -0.133061102
vn -0.348689896 -0.921142774 0.172948973
vn -0.966124954 -0.257724227 -0.013446013
vn -0.222868284 -0.970732518 -0.089488020
vn -0.966124954 -0.257724227 -0.013446013
vn -0.348689896 -0.921142774 0.172948973
vn -0.994163250 0.020815094 -0.105859173
vn -0.526300259 -0.661024465 0.534840811
vn 0.687693497 -0.461577910 0.560377986
vn -0.080256852 -0.934155730 0.347723899
vn 0.687693497 -0.461577910 0.560377986
vn -0.526300259 -0.661024465 0.534840811
vn 0.474783108 0.076847064 0.876741427
vn -0.605577695 0.778380261 0.165528924
vn -0.999289493 -0.013358578 0.035242846
vn -0.985256338 -0.091144471 -0.144784783
vn -0.999289493 -0.013358578 0.035242846
vn -0.605577695 0.778380261 0.165528924
vn -0.630398783 0.768702045 0.108141298
vn -0.630398783 0.768702045 0.108141298
vn -0.978037130 -0.143474639 -0.151189950
vn -0.999289493 -0.013358578 0.035242846
vn -0.978037130 -0.143474639 -0.151189950
vn -0.630398783 0.768702045 0.108141298
vn -0.527709758 0.829530143 -0.182762558
vn 0.794018740 0.568491423 0.215294547
vn 0.908484885 -0.397667369 0.128514112
vn 0.816538249 0.513881453 0.263042089
vn 0.908484885 -0.397667369 0.128514112
vn 0.794018740 0.568491423 0.215294547
vn 0.804267465 -0.579163194 -0.133130910
vn 0.816538249 0.513881453 0.263042089
vn 0.985922675 -0.132690476 -0.101733556
vn 0.796233958 0.600149431 -0.076368482
vn 0.985922675 -0.132690476 -0.101733556
vn 0.816538249 0.513881453 0.263042089
vn 0.908484885 -0.397667369 0.128514112
vn 0.804267465 -0.579163194 -0.133130910
vn -0.108298453 -0.991589877 -0.070858733
vn 0.908484885 -0.397667369 0.128514112
vn -0.108298453 -0.991589877 -0.070858733
vn 0.804267465 -0.579163194 -0.133130910
vn -0.221196729 -0.943180038 -0.247958511
vn 0.908484885 -0.397667369 0.128514112
vn -0.182873042 -0.978981268 -0.090294675
vn 0.985922675 -0.132690476 -0.101733556
vn -0.182873042 -0.978981268 -0.090294675
vn 0.908484885 -0.397667369 0.128514112
vn -0.108298453 -0.991589877 -0.070858733
vn -0.221196729 -0.943180038 -0.247958511
vn -0.999289493 -0.013358578 0.035242846
vn -0.108298453 -0.991589877 -0.070858733
vn -0.999289493 -0.013358578 0.035242846
vn -0.221196729 -0.943180038 -0.247958511
vn -0.985256338 -0.091144471 -0.144784783
vn -0.108298453 -0.991589877 -0.070858733
vn -0.978037130 -0.143474639 -0.151189950
vn -0.182873042 -0.978981268 -0.090294675
vn -0.978037130 -0.143474639 -0.151189950
vn -0.108298453 -0.991589877 -0.070858733
vn -0.999289493 -0.013358578 0.035242846
vn -0.987798227 0.080928403 -0.133061102
vn -0.552219607 0.816563331 -0.168160140
vn -0.106356311 0.982794886 -0.151005124
vn -0.552219607 0.816563331 -0.168160140
vn -0.987798227 0.080928403 -0.133061102
vn -0.979728215 0.130187781 -0.152262166
vn 0.057933532 0.997912874 0.028523714
vn 0.185502497 0.877977576 0.441298312
vn 0.819665609 0.515898152 0.248992742
vn -0.393696368 -0.843336153 -0.365769467
vn -0.926508127 -0.366610812 -0.084730178
vn -0.422384945 -0.903806865 0.068732156
vn -0.926508127 -0.366610812 -0.084730178
vn -0.393696368 -0.843336153 -0.365769467
vn -0.929400920 -0.233205666 -0.286057770
vn -0.422384945 -0.903806865 0.068732156
vn -0.738154948 -0.648743352 0.185092776
vn -0.331640884 -0.797730936 0.503626526
vn -0.738154948 -0.648743352 0.185092776
vn -0.422384945 -0.903806865 0.068732156
vn -0.926508127 -0.366610812 -0.084730178
vn -0.331640884 -0.797730936 0.503626526
vn -0.738154948 -0.648743352 0.185092776
vn 0.192435569 -0.901487174 0.387671802
vn -0.605577695 0.778380261 0.165528924
vn -0.966124954 -0.257724227 -0.013446013
vn -0.479447844 0.872807578 0.091305514
vn -0.966124954 -0.257724227 -0.013446013
vn -0.605577695 0.778380261 0.165528924
vn -0.985256338 -0.091144471 -0.144784783
vn -0.985256338 -0.091144471 -0.144784783
vn -0.222868284 -0.970732518 -0.089488020
vn -0.966124954 -0.257724227 -0.013446013
vn -0.222868284 -0.970732518 -0.089488020
vn -0.985256338 -0.091144471 -0.144784783
vn -0.221196729 -0.943180038 -0.247958511
vn -0.222868284 -0.970732518 -0.089488020
vn 0.804267465 -0.579163194 -0.133130910
vn 0.970448282 -0.067214907 0.231759119
vn 0.804267465 -0.579163194 -0.133130910
vn -0.222868284 -0.970732518 -0.089488020
vn -0.221196729 -0.943180038 -0.247958511
vn 0.970448282 -0.067214907 0.231759119
vn 0.794018740 0.568491423 0.215294547
vn 0.654893714 0.735349602 0.174284784
vn 0.794018740 0.568491423 0.215294547
vn 0.970448282 -0.067214907 0.231759119
vn 0.804267465 -0.579163194 -0.133130910
vn -0.929400920 -0.233205666 -0.286057770
vn -0.979728215 0.130187781 -0.152262166
vn -0.926508127 -0.366610812 -0.084730178
vn -0.979728215 0.130187781 -0.152262166
vn -0.929400920 -0.233205666 -0.286057770
vn -0.921185727 0.313191327 -0.230928667
vn -0.926508127 -0.366610812 -0.084730178
vn -0.987798227 0.080928403 -0.133061102
vn -0.738154948 -0.648743352 0.185092776
vn -0.987798227 0.080928403 -0.133061102
vn -0.926508127 -0.366610812 -0.084730178
vn -0.979728215 0.130187781 -0.152262166
vn -0.738154948 -0.648743352 0.185092776
vn -0.987798227 0.080928403 -0.133061102
vn -0.366458346 -0.927523742 0.073539024
vn -0.416671100 -0.907155593 -0.058770095
vn -0.170809247 -0.985249125 0.010409779
vn -0.606377846 -0.721937753 0.333334351
vn -0.914470639 -0.018232411 0.404241302
vn -0.858553181 0.083091514 0.505946871
vn -0.839048960 0.333868786 0.429567778
vn -0.580940397 0.016779263 0.813773132
vn -0.403584198 0.835801571 0.372230478
vn -0.839048960 0.333868786 0.429567778
vn -0.403584198 0.835801571 0.372230478
vn -0.580940397 0.016779263 0.813773132
vn 0.045172778 0.298104678 0.953463697
vn -0.403584198 0.835801571 0.372230478
vn 0.410257704 0.650819980 0.638844245
vn 0.003765973 0.977488041 0.210957217
vn 0.410257704 0.650819980 0.638844245
vn -0.403584198 0.835801571 0.372230478
vn 0.045172778 0.298104678 0.953463697
vn -0.205058186 0.978684306 0.011321224
vn 0.269765998 0.142865283 0.952268774
vn 0.314365028 0.150973087 0.937220228
vn -0.290122150 0.909305015 -0.298317830
vn 0.203371791 0.609998808 0.765859889
vn -0.275838091 0.837150469 -0.472326625
vn 0.203371791 0.609998808 0.765859889
vn -0.290122150 0.909305015 -0.298317830
vn 0.314365028 0.150973087 0.937220228
vn 0.336547514 -0.616156911 0.712100015
vn 0.314365028 0.150973087 0.937220228
vn 0.269765998 0.142865283 0.952268774
vn 0.314365028 0.150973087 0.937220228
vn 0.336547514 -0.616156911 0.712100015
vn 0.119680211 -0.982447005 0.143089238
vn 0.314365028 0.150973087 0.937220228
vn 0.337732623 -0.702592880 0.626338503
vn 0.203371791 0.609998808 0.765859889
vn 0.337732623 -0.702592880 0.626338503
vn 0.314365028 0.150973087 0.937220228
vn 0.119680211 -0.982447005 0.143089238
vn 0.095622964 -0.935139476 -0.341131072
vn 0.336547514 -0.616156911 0.712100015
vn 0.198058281 -0.413228592 0.888827907
vn 0.336547514 -0.616156911 0.712100015
vn 0.095622964 -0.935139476 -0.341131072
vn -0.031375441 -0.826877494 -0.561506182
vn 0.119680211 -0.982447005 0.143089238
vn -0.275306705 -0.517418676 -0.810237084
vn 0.337732623 -0.702592880 0.626338503
vn -0.275306705 -0.517418676 -0.810237084
vn 0.119680211 -0.982447005 0.143089238
vn -0.354207537 -0.248595230 -0.901519513
vn -0.404135751 0.305712379 -0.862098739
vn -0.290122150 0.909305015 -0.298317830
vn -0.354207537 -0.248595230 -0.901519513
vn -0.354207537 -0.248595230 -0.901519513
vn -0.275838091 0.837150469 -0.472326625
vn -0.275306705 -0.517418676 -0.810237084
vn -0.275838091 0.837150469 -0.472326625
vn -0.354207537 -0.248595230 -0.901519513
vn -0.290122150 0.909305015 -0.298317830
vn -0.150451697 0.942101061 -0.299682961
vn 0.239879262 0.344742979 0.907529734
vn -0.405633664 0.721987667 -0.560531122
vn 0.239879262 0.344742979 0.907529734
vn -0.150451697 0.942101061 -0.299682961
vn 0.386868018 0.094228297 0.917308108
vn -0.405633664 0.721987667 -0.560531122
vn 0.397843910 -0.127419084 0.908561831
vn -0.060083093 0.732307285 -0.678318555
vn 0.397843910 -0.127419084 0.908561831
vn -0.405633664 0.721987667 -0.560531122
vn 0.239879262 0.344742979 0.907529734
vn 0.386868018 0.094228297 0.917308108
vn 0.100089754 -0.740153967 0.664946724
vn 0.239879262 0.344742979 0.907529734
vn 0.100089754 -0.740153967 0.664946724
vn 0.386868018 0.094228297 0.917308108
vn 0.075118935 -0.978691751 0.191101027
vn 0.239879262 0.344742979 0.907529734
vn 0.127402374 -0.692537411 0.710042653
vn 0.397843910 -0.127419084 0.908561831
vn 0.127402374 -0.692537411 0.710042653
vn 0.239879262 0.344742979 0.907529734
vn 0.100089754 -0.740153967 0.664946724
vn 0.075118935 -0.978691751 0.191101027
vn -0.504987988 -0.271278297 -0.819387099
vn 0.100089754 -0.740153967 0.664946724
vn -0.504987988 -0.271278297 -0.819387099
vn 0.075118935 -0.978691751 0.191101027
vn -0.450348629 -0.141179586 -0.881620347
vn 0.100089754 -0.740153967 0.664946724
vn -0.355094966 -0.326731115 -0.875873475
vn 0.127402374 -0.692537411 0.710042653
vn -0.355094966 -0.326731115 -0.875873475
vn 0.100089754 -0.740153967 0.664946724
vn -0.504987988 -0.271278297 -0.819387099
vn -0.450348629 -0.141179586 -0.881620347
vn -0.405633664 0.721987667 -0.560531122
vn -0.504987988 -0.271278297 -0.819387099
vn -0.405633664 0.721987667 -0.560531122
vn -0.450348629 -0.141179586 -0.881620347
vn -0.150451697 0.942101061 -0.299682961
vn -0.504987988 -0.271278297 -0.819387099
vn -0.060083093 0.732307285 -0.678318555
vn -0.355094966 -0.326731115 -0.875873475
vn -0.060083093 0.732307285 -0.678318555
vn -0.504987988 -0.271278297 -0.819387099
vn -0.405633664 0.721987667 -0.560531122
vn -0.243668536 0.891549987 -0.381790866
vn -0.360418841 -0.730788840 0.579694687
vn -0.569851453 0.405081048 -0.714967598
vn -0.360418841 -0.730788840 0.579694687
vn -0.243668536 0.891549987 -0.381790866
vn 0.095855686 -0.663138225 0.742333740
vn 0.409532230 0.073380692 0.909339665
vn -0.871843436 0.461964659 -0.162719629
vn -0.034677057 0.998468151 0.043114421
vn -0.871843436 0.461964659 -0.162719629
vn 0.409532230 0.073380692 0.909339665
vn -0.470176583 -0.862370806 0.187751364
vn -0.031854511 -0.925870648 0.376495463
vn 0.086325590 -0.646719421 0.757827080
vn 0.485608472 -0.482010952 0.729280367
vn 0.086325590 -0.646719421 0.757827080
vn -0.031854511 -0.925870648 0.376495463
vn 0.037814872 -0.817669941 0.574443995
vn -0.031854511 -0.925870648 0.376495463
vn -0.332381324 0.573966228 -0.748388552
vn 0.037814872 -0.817669941 0.574443995
vn -0.332381324 0.573966228 -0.748388552
vn -0.031854511 -0.925870648 0.376495463
vn -0.252555651 0.441856575 -0.860801028
vn 0.142004367 0.890368807 -0.432525314
vn -0.332381324 0.573966228 -0.748388552
vn -0.252555651 0.441856575 -0.860801028
vn -0.332381324 0.573966228 -0.748388552
vn 0.142004367 0.890368807 -0.432525314
vn -0.179342959 0.815191398 -0.550725964
vn -0.275306705 -0.517418676 -0.810237084
vn -0.150451697 0.942101061 -0.299682961
vn -0.450348629 -0.141179586 -0.881620347
vn -0.150451697 0.942101061 -0.299682961
vn -0.275306705 -0.517418676 -0.810237084
vn -0.275838091 0.837150469 -0.472326625
vn -0.275838091 0.837150469 -0.472326625
vn 0.386868018 0.094228297 0.917308108
vn -0.150451697 0.942101061 -0.299682961
vn 0.386868018 0.094228297 0.917308108
vn -0.275838091 0.837150469 -0.472326625
vn 0.203371791 0.609998808 0.765859889
vn 0.337732623 -0.702592880 0.626338503
vn 0.386868018 0.094228297 0.917308108
vn 0.203371791 0.609998808 0.765859889
vn 0.386868018 0.094228297 0.917308108
vn 0.337732623 -0.702592880 0.626338503
vn 0.075118935 -0.978691751 0.191101027
vn 0.075118935 -0.978691751 0.191101027
vn -0.275306705 -0.517418676 -0.810237084
vn -0.450348629 -0.141179586 -0.881620347
vn -0.275306705 -0.517418676 -0.810237084
vn 0.075118935 -0.978691751 0.191101027
vn 0.337732623 -0.702592880 0.626338503
vn -0.241268729 -0.579280076 -0.778603875
vn -0.432365813 0.488443383 -0.757946479
vn -0.404135751 0.305712379 -0.862098739
vn -0.432365813 0.488443383 -0.757946479
vn -0.360604053 -0.016908045 -0.932565727
vn -0.477251724 0.583439159 -0.657137382
vn -0.360604053 -0.016908045 -0.932565727
vn -0.432365813 0.488443383 -0.757946479
vn -0.241268729 -0.579280076 -0.778603875
vn -0.606377846 -0.721937753 0.333334351
vn -0.021256500 -0.996009561 0.086678232
vn -0.271500636 -0.920864335 0.279814727
vn -0.021256500 -0.996009561 0.086678232
vn -0.606377846 -0.721937753 0.333334351
vn -0.170809247 -0.985249125 0.010409779
vn -0.360604053 -0.016908045 -0.932565727
vn -0.475813000 -0.729434434 -0.491454369
vn -0.824828777 0.386500158 -0.412644055
vn -0.419968057 0.843756540 -0.334218092
vn -0.517543630 0.854910563 -0.035728426
vn -0.302115949 0.854605683 0.422344740
vn -0.517543630 0.854910563 -0.035728426
vn -0.419968057 0.843756540 -0.334218092
vn -0.391079568 0.758800856 -0.520843578
vn -0.205058186 0.978684306 0.011321224
vn -0.419968057 0.843756540 -0.334218092
vn -0.302115949 0.854605683 0.422344740
vn -0.010387936 -0.883366368 -0.468567978
vn -0.009108398 -0.995759260 -0.091545248
vn -0.099769245 -0.837420338 -0.537376288
vn -0.009108398 -0.995759260 -0.091545248
vn -0.089228220 -0.933598188 -0.347034216
vn -0.099769245 -0.837420338 -0.537376288
vn -0.089228220 -0.933598188 -0.347034216
vn -0.009108398 -0.995759260 -0.091545248
vn 0.016143255 -0.998826825 -0.045654881
vn -0.241268729 -0.579280076 -0.778603875
vn -0.010387936 -0.883366368 -0.468567978
vn -0.360604053 -0.016908045 -0.932565727
vn 0.095622964 -0.935139476 -0.341131072
vn 0.073509240 -0.997285699 0.004198311
vn -0.010387936 -0.883366368 -0.468567978
vn 0.198058281 -0.413228592 0.888827907
vn -0.608759769 0.007693064 0.793317314
vn -0.634169009 -0.244611414 0.733481373
vn -0.608759769 0.007693064 0.793317314
vn 0.198058281 -0.413228592 0.888827907
vn -0.225927901 0.451853261 0.863009394
vn -0.721930374 0.648952971 0.240159480
vn -0.608759769 0.007693064 0.793317314
vn -0.225927901 0.451853261 0.863009394
vn -0.874620306 0.047797764 0.482446571
vn -0.580940397 0.016779263 0.813773132
vn -0.871810715 -0.037488660 0.488406262
vn -0.858553181 0.083091514 0.505946871
vn -0.914470639 -0.018232411 0.404241302
vn -0.783402136 -0.264192202 0.562568729
vn -0.060083093 0.732307285 -0.678318555
vn 0.485608472 -0.482010952 0.729280367
vn 0.142004367 0.890368807 -0.432525314
vn 0.485608472 -0.482010952 0.729280367
vn -0.060083093 0.732307285 -0.678318555
vn 0.397843910 -0.127419084 0.908561831
vn -0.060083093 0.732307285 -0.678318555
vn -0.252555651 0.441856575 -0.860801028
vn -0.355094966 -0.326731115 -0.875873475
vn -0.252555651 0.441856575 -0.860801028
vn -0.060083093 0.732307285 -0.678318555
vn 0.142004367 0.890368807 -0.432525314
vn -0.355094966 -0.326731115 -0.875873475
vn -0.031854511 -0.925870648 0.376495463
vn 0.127402374 -0.692537411 0.710042653
vn -0.031854511 -0.925870648 0.376495463
vn -0.355094966 -0.326731115 -0.875873475
vn -0.252555651 0.441856575 -0.860801028
vn -0.031854511 -0.925870648 0.376495463
vn 0.397843910 -0.127419084 0.908561831
vn 0.127402374 -0.692537411 0.710042653
vn 0.397843910 -0.127419084 0.908561831
vn -0.031854511 -0.925870648 0.376495463
vn 0.485608472 -0.482010952 0.729280367
vn -0.475813000 -0.729434434 -0.491454369
vn -0.773079207 -0.596591582 0.215469313
vn -0.824828777 0.386500158 -0.412644055
vn -0.773079207 -0.596591582 0.215469313
vn -0.475813000 -0.729434434 -0.491454369
vn -0.000641615 -0.970437869 0.241350222
vn -0.050592920 -0.897539423 -0.438022077
vn -0.000641615 -0.970437869 0.241350222
vn -0.475813000 -0.729434434 -0.491454369
vn -0.000641615 -0.970437869 0.241350222
vn -0.050592920 -0.897539423 -0.438022077
vn 0.565780018 -0.817579779 0.107033993
vn 0.037814872 -0.817669941 0.574443995
vn 0.095855686 -0.663138225 0.742333740
vn 0.086325590 -0.646719421 0.757827080
vn 0.095855686 -0.663138225 0.742333740
vn 0.037814872 -0.817669941 0.574443995
vn -0.360418841 -0.730788840 0.579694687
vn 0.086325590 -0.646719421 0.757827080
vn -0.243668536 0.891549987 -0.381790866
vn -0.179342959 0.815191398 -0.550725964
vn -0.243668536 0.891549987 -0.381790866
vn 0.086325590 -0.646719421 0.757827080
vn 0.095855686 -0.663138225 0.742333740
vn -0.243668536 0.891549987 -0.381790866
vn -0.332381324 0.573966228 -0.748388552
vn -0.179342959 0.815191398 -0.550725964
vn -0.332381324 0.573966228 -0.748388552
vn -0.243668536 0.891549987 -0.381790866
vn -0.569851453 0.405081048 -0.714967598
vn -0.569851453 0.405081048 -0.714967598
vn 0.037814872 -0.817669941 0.574443995
vn -0.332381324 0.573966228 -0.748388552
vn 0.037814872 -0.817669941 0.574443995
vn -0.569851453 0.405081048 -0.714967598
vn -0.360418841 -0.730788840 0.579694687
vn 0.142004367 0.890368807 -0.432525314
vn 0.692810131 -0.302162583 0.654760945
vn 0.518547374 0.836093400 0.179043144
vn 0.692810131 -0.302162583 0.654760945
vn 0.142004367 0.890368807 -0.432525314
vn 0.485608472 -0.482010952 0.729280367
vn 0.692810131 -0.302162583 0.654760945
vn 0.086325590 -0.646719421 0.757827080
vn -0.609992502 -0.780648624 -0.136003213
vn 0.086325590 -0.646719421 0.757827080
vn 0.692810131 -0.302162583 0.654760945
vn 0.485608472 -0.482010952 0.729280367
vn 0.086325590 -0.646719421 0.757827080
vn -0.329794739 0.889273210 -0.316904697
vn -0.609992502 -0.780648624 -0.136003213
vn -0.329794739 0.889273210 -0.316904697
vn 0.086325590 -0.646719421 0.757827080
vn -0.179342959 0.815191398 -0.550725964
vn -0.329794739 0.889273210 -0.316904697
vn 0.142004367 0.890368807 -0.432525314
vn 0.518547374 0.836093400 0.179043144
vn 0.142004367 0.890368807 -0.432525314
vn -0.329794739 0.889273210 -0.316904697
vn -0.179342959 0.815191398 -0.550725964
vn 0.518547374 0.836093400 0.179043144
vn 0.409532230 0.073380692 0.909339665
vn -0.034677057 0.998468151 0.043114421
vn 0.409532230 0.073380692 0.909339665
vn 0.518547374 0.836093400 0.179043144
vn 0.692810131 -0.302162583 0.654760945
vn 0.692810131 -0.302162583 0.654760945
vn -0.470176583 -0.862370806 0.187751364
vn 0.409532230 0.073380692 0.909339665
vn -0.470176583 -0.862370806 0.187751364
vn 0.692810131 -0.302162583 0.654760945
vn -0.609992502 -0.780648624 -0.136003213
vn -0.609992502 -0.780648624 -0.136003213
vn -0.871843436 0.461964659 -0.162719629
vn -0.470176583 -0.862370806 0.187751364
vn -0.871843436 0.461964659 -0.162719629
vn -0.609992502 -0.780648624 -0.136003213
vn -0.329794739 0.889273210 -0.316904697
vn -0.329794739 0.889273210 -0.316904697
vn -0.034677057 0.998468151 0.043114421
vn -0.871843436 0.461964659 -0.162719629
vn -0.034677057 0.998468151 0.043114421
vn -0.329794739 0.889273210 -0.316904697
vn 0.518547374 0.836093400 0.179043144
vn -0.886834262 -0.191930336 -0.420342406
vn -0.929267323 0.214419292 0.300809924
vn -0.178308539 -0.332421622 0.926121984
vn -0.929267323 0.214419292 0.300809924
vn -0.886834262 -0.191930336 -0.420342406
vn -0.629479715 0.549939827 -0.548927569
vn 0.946736688 0.175146661 -0.270209717
vn 0.474783108 0.076847064 0.876741427
vn 0.802922152 0.595968014 0.011753486
vn 0.474783108 0.076847064 0.876741427
vn 0.946736688 0.175146661 -0.270209717
vn 0.687693497 -0.461577910 0.560377986
vn 0.985922675 -0.132690476 -0.101733556
vn -0.066856979 -0.916706365 -0.393928400
vn 0.946736688 0.175146661 -0.270209717
vn -0.066856979 -0.916706365 -0.393928400
vn 0.985922675 -0.132690476 -0.101733556
vn -0.182873042 -0.978981268 -0.090294675
vn -0.526300259 -0.661024465 0.534840811
vn -0.066856979 -0.916706365 -0.393928400
vn -0.793182822 -0.573109466 -0.205928510
vn -0.066856979 -0.916706365 -0.393928400
vn -0.526300259 -0.661024465 0.534840811
vn -0.080256852 -0.934155730 0.347723899
vn -0.527709758 0.829530143 -0.182762558
vn -0.886834262 -0.191930336 -0.420342406
vn -0.978037130 -0.143474639 -0.151189950
vn -0.886834262 -0.191930336 -0.420342406
vn -0.527709758 0.829530143 -0.182762558
vn -0.629479715 0.549939827 -0.548927569
vn 0.474783108 0.076847064 0.876741427
vn 0.657242997 0.732879674 -0.175838069
vn 0.802922152 0.595968014 0.011753486
vn 0.657242997 0.732879674 -0.175838069
vn 0.474783108 0.076847064 0.876741427
vn 0.232373993 0.002635315 0.972622940
vn 0.474783108 0.076847064 0.876741427
vn -0.178308539 -0.332421622 0.926121984
vn 0.232373993 0.002635315 0.972622940
vn -0.178308539 -0.332421622 0.926121984
vn 0.474783108 0.076847064 0.876741427
vn -0.526300259 -0.661024465 0.534840811
vn -0.526300259 -0.661024465 0.534840811
vn -0.886834262 -0.191930336 -0.420342406
vn -0.178308539 -0.332421622 0.926121984
vn -0.886834262 -0.191930336 -0.420342406
vn -0.526300259 -0.661024465 0.534840811
vn -0.793182822 -0.573109466 -0.205928510
vn 0.057933532 0.997912874 0.028523714
vn 0.819665609 0.515898152 0.248992742
vn -0.106356311 0.982794886 -0.151005124
vn -0.552219607 0.816563331 -0.168160140
vn 0.057933532 0.997912874 0.028523714
vn -0.106356311 0.982794886 -0.151005124
vn -0.106356311 0.982794886 -0.151005124
vn 0.739490798 0.646195567 0.188638939
vn -0.295403866 0.951146690 -0.089758178
vn -0.295403866 0.951146690 -0.089758178
vn 0.654893714 0.735349602 0.174284784
vn -0.479447844 0.872807578 0.091305514
vn 0.654893714 0.735349602 0.174284784
vn -0.295403866 0.951146690 -0.089758178
vn 0.739490798 0.646195567 0.188638939
vn -0.479447844 0.872807578 0.091305514
vn 0.794018740 0.568491423 0.215294547
vn -0.605577695 0.778380261 0.165528924
vn 0.794018740 0.568491423 0.215294547
vn -0.479447844 0.872807578 0.091305514
vn 0.654893714 0.735349602 0.174284784
vn 0.794018740 0.568491423 0.215294547
vn -0.630398783 0.768702045 0.108141298
vn -0.605577695 0.778380261 0.165528924
vn -0.630398783 0.768702045 0.108141298
vn 0.794018740 0.568491423 0.215294547
vn 0.816538249 0.513881453 0.263042089
vn 0.816538249 0.513881453 0.263042089
vn -0.527709758 0.829530143 -0.182762558
vn -0.630398783 0.768702045 0.108141298
vn -0.527709758 0.829530143 -0.182762558
vn 0.816538249 0.513881453 0.263042089
vn 0.796233958 0.600149431 -0.076368482
vn -0.527709758 0.829530143 -0.182762558
vn 0.657242997 0.732879674 -0.175838069
vn -0.629479715 0.549939827 -0.548927569
vn 0.657242997 0.732879674 -0.175838069
vn -0.527709758 0.829530143 -0.182762558
vn 0.796233958 0.600149431 -0.076368482
vn -0.629479715 0.549939827 -0.548927569
vn 0.232373993 0.002635315 0.972622940
vn -0.929267323 0.214419292 0.300809924
vn 0.232373993 0.002635315 0.972622940
vn -0.629479715 0.549939827 -0.548927569
vn 0.657242997 0.732879674 -0.175838069
vn 0.657242997 0.732879674 -0.175838069
vn 0.796233958 0.600149431 -0.076368482
vn 0.802922152 0.595968014 0.011753486
vn 0.796233958 0.600149431 -0.076368482
vn 0.946736688 0.175146661 -0.270209717
vn 0.802922152 0.595968014 0.011753486
vn 0.946736688 0.175146661 -0.270209717
vn 0.796233958 0.600149431 -0.076368482
vn 0.985922675 -0.132690476 -0.101733556
vn -0.066856979 -0.916706365 -0.393928400
vn 0.687693497 -0.461577910 0.560377986
vn 0.946736688 0.175146661 -0.270209717
vn 0.687693497 -0.461577910 0.560377986
vn -0.066856979 -0.916706365 -0.393928400
vn -0.080256852 -0.934155730 0.347723899
vn -0.182873042 -0.978981268 -0.090294675
vn -0.793182822 -0.573109466 -0.205928510
vn -0.066856979 -0.916706365 -0.393928400
vn -0.793182822 -0.573109466 -0.205928510
vn -0.182873042 -0.978981268 -0.090294675
vn -0.978037130 -0.143474639 -0.151189950
vn -0.793182822 -0.573109466 -0.205928510
vn -0.978037130 -0.143474639 -0.151189950
vn -0.886834262 -0.191930336 -0.420342406
vn -0.821375844 0.521019076 -0.232122479
vn -0.552219607 0.816563331 -0.168160140
vn -0.921185727 0.313191327 -0.230928667
vn -0.921185727 0.313191327 -0.230928667
vn -0.552219607 0.816563331 -0.168160140
vn -0.979728215 0.130187781 -0.152262166
vn 0.819665609 0.515898152 0.248992742
vn 0.185502497 0.877977576 0.441298312
vn 0.030352994 0.121039309 0.992183542
vn -0.594540219 -0.659541112 0.459921134
vn -0.302522088 -0.443976538 0.843424697
vn -0.898818895 -0.041643662 0.436337483
vn -0.302522088 -0.443976538 0.843424697
vn -0.594540219 -0.659541112 0.459921134
vn -0.706710586 -0.492397668 0.508040042
vn -0.435730553 -0.885384314 0.161967597
vn -0.000641615 -0.970437869 0.241350222
vn 0.066054327 -0.992955334 0.098369359
vn -0.000641615 -0.970437869 0.241350222
vn -0.435730553 -0.885384314 0.161967597
vn -0.773079207 -0.596591582 0.215469313
vn -0.563808183 -0.079759023 -0.822045516
vn -0.360446577 0.478064258 -0.800957446
vn -0.698911156 0.235978445 -0.675157293
vn -0.360446577 0.478064258 -0.800957446
vn -0.563808183 -0.079759023 -0.822045516
vn -0.219096300 0.310574789 -0.924954113
vn -0.996720073 0.077822348 0.022198618
vn -0.864012440 0.402150939 -0.302914387
vn -0.868193104 0.495149866 -0.032670246
vn -0.594540219 -0.659541112 0.459921134
vn -0.794458724 -0.499676241 0.345194133
vn -0.706710586 -0.492397668 0.508040042
vn -0.794458724 -0.499676241 0.345194133
vn -0.594540219 -0.659541112 0.459921134
vn -0.566546790 -0.742869922 0.356607648
vn -0.556055546 -0.771449795 0.309301542
vn -0.566546790 -0.742869922 0.356607648
vn -0.594540219 -0.659541112 0.459921134
vn -0.566546790 -0.742869922 0.356607648
vn -0.556055546 -0.771449795 0.309301542
vn -0.255343575 -0.954980438 0.151036493
vn -0.807879039 -0.567058592 -0.160549094
vn -0.921543422 -0.232688155 -0.310827836
vn -0.942754587 -0.329430889 -0.051856321
vn -0.921543422 -0.232688155 -0.310827836
vn -0.807879039 -0.567058592 -0.160549094
vn -0.807579951 -0.503700640 -0.306757701
vn -0.807879039 -0.567058592 -0.160549094
vn -0.614930468 -0.715204920 -0.332178329
vn -0.807579951 -0.503700640 -0.306757701
vn 0.066054327 -0.992955334 0.098369359
vn -0.396974241 -0.917097695 -0.036650660
vn -0.435730553 -0.885384314 0.161967597
vn -0.396974241 -0.917097695 -0.036650660
vn 0.066054327 -0.992955334 0.098369359
vn 0.141369015 -0.989595265 -0.026758435
vn 0.628568613 -0.763107117 -0.150229913
vn 0.114263390 -0.877672319 -0.465440844
vn 0.141369015 -0.989595265 -0.026758435
vn 0.114263390 -0.877672319 -0.465440844
vn 0.628568613 -0.763107117 -0.150229913
vn 0.543701306 -0.641305090 -0.541402503
vn -0.556055546 -0.771449795 0.309301542
vn -0.594540219 -0.659541112 0.459921134
vn -0.898818895 -0.041643662 0.436337483
vn -0.921543422 -0.232688155 -0.310827836
vn -0.864012440 0.402150939 -0.302914387
vn -0.996720073 0.077822348 0.022198618
vn -0.906806728 -0.379614080 0.183288592
vn -0.968862254 0.155646858 0.192561647
vn -0.885397582 -0.244098543 0.395584406
vn -0.706710586 -0.492397668 0.508040042
vn -0.649862021 -0.262523799 0.713274567
vn -0.302522088 -0.443976538 0.843424697
vn -0.649862021 -0.262523799 0.713274567
vn 0.098952497 -0.165969270 0.981153711
vn -0.302522088 -0.443976538 0.843424697
vn 0.098952497 -0.165969270 0.981153711
vn -0.649862021 -0.262523799 0.713274567
vn -0.298260070 0.324401738 0.897666109
vn -0.698911156 0.235978445 -0.675157293
vn -0.864012440 0.402150939 -0.302914387
vn -0.921543422 -0.232688155 -0.310827836
vn -0.563808183 -0.079759023 -0.822045516
vn -0.614930468 -0.715204920 -0.332178329
vn -0.134418398 -0.339199921 -0.931061281
vn -0.614930468 -0.715204920 -0.332178329
vn -0.563808183 -0.079759023 -0.822045516
vn -0.807579951 -0.503700640 -0.306757701
vn 0.114263390 -0.877672319 -0.465440844
vn 0.249610055 -0.263247629 -0.931877409
vn -0.134418398 -0.339199921 -0.931061281
vn 0.249610055 -0.263247629 -0.931877409
vn 0.114263390 -0.877672319 -0.465440844
vn 0.543701306 -0.641305090 -0.541402503
vn -0.921543422 -0.232688155 -0.310827836
vn -0.807579951 -0.503700640 -0.306757701
vn -0.563808183 -0.079759023 -0.822045516
vn 0.565780018 -0.817579779 0.107033993
vn 0.066054327 -0.992955334 0.098369359
vn -0.000641615 -0.970437869 0.241350222
vn 0.066054327 -0.992955334 0.098369359
vn 0.565780018 -0.817579779 0.107033993
vn 0.624451352 -0.770701496 0.126805807
vn 0.624451352 -0.770701496 0.126805807
vn 0.141369015 -0.989595265 -0.026758435
vn 0.066054327 -0.992955334 0.098369359
vn 0.141369015 -0.989595265 -0.026758435
vn 0.624451352 -0.770701496 0.126805807
vn 0.628568613 -0.763107117 -0.150229913
vn 0.114263390 -0.877672319 -0.465440844
vn -0.396974241 -0.917097695 -0.036650660
vn 0.141369015 -0.989595265 -0.026758435
vn -0.396974241 -0.917097695 -0.036650660
vn 0.114263390 -0.877672319 -0.465440844
vn -0.614930468 -0.715204920 -0.332178329
vn -0.134418398 -0.339199921 -0.931061281
vn -0.614930468 -0.715204920 -0.332178329
vn 0.114263390 -0.877672319 -0.465440844
vn -0.490219773 -0.848385769 0.199815319
vn -0.903372956 -0.426084568 0.048674878
vn -0.847696342 -0.497027093 0.185404910
vn -0.903372956 -0.426084568 0.048674878
vn -0.490219773 -0.848385769 0.199815319
vn -0.688421964 -0.444478816 -0.573161218
vn -0.566546790 -0.742869922 0.356607648
vn -0.490219773 -0.848385769 0.199815319
vn -0.847696342 -0.497027093 0.185404910
vn -0.490219773 -0.848385769 0.199815319
vn -0.566546790 -0.742869922 0.356607648
vn -0.255343575 -0.954980438 0.151036493
vn -0.255343575 -0.954980438 0.151036493
vn -0.688421964 -0.444478816 -0.573161218
vn -0.490219773 -0.848385769 0.199815319
vn -0.688421964 -0.444478816 -0.573161218
vn -0.255343575 -0.954980438 0.151036493
vn -0.807879039 -0.567058592 -0.160549094
vn -0.807879039 -0.567058592 -0.160549094
vn -0.903372956 -0.426084568 0.048674878
vn -0.688421964 -0.444478816 -0.573161218
vn -0.903372956 -0.426084568 0.048674878
vn -0.807879039 -0.567058592 -0.160549094
vn -0.858406553 -0.505028548 0.089913044
vn -0.858406553 -0.505028548 0.089913044
vn -0.847696342 -0.497027093 0.185404910
vn -0.903372956 -0.426084568 0.048674878
vn -0.847696342 -0.497027093 0.185404910
vn -0.858406553 -0.505028548 0.089913044
vn -0.566546790 -0.742869922 0.356607648
vn -0.984862863 0.076966720 0.155310224
vn -0.906806728 -0.379614080 0.183288592
vn -0.942754587 -0.329430889 -0.051856321
vn -0.906806728 -0.379614080 0.183288592
vn -0.984862863 0.076966720 0.155310224
vn -0.968862254 0.155646858 0.192561647
vn -0.906806728 -0.379614080 0.183288592
vn -0.807879039 -0.567058592 -0.160549094
vn -0.942754587 -0.329430889 -0.051856321
vn -0.807879039 -0.567058592 -0.160549094
vn -0.906806728 -0.379614080 0.183288592
vn -0.858406553 -0.505028548 0.089913044
vn -0.898818895 -0.041643662 0.436337483
vn -0.824828777 0.386500158 -0.412644055
vn -0.773079207 -0.596591582 0.215469313
vn -0.824828777 0.386500158 -0.412644055
vn -0.898818895 -0.041643662 0.436337483
vn -0.574516307 0.784970742 -0.231844662
vn -0.824828777 0.386500158 -0.412644055
vn -0.477251724 0.583439159 -0.657137382
vn -0.360604053 -0.016908045 -0.932565727
vn -0.773079207 -0.596591582 0.215469313
vn -0.556055546 -0.771449795 0.309301542
vn -0.898818895 -0.041643662 0.436337483
vn -0.556055546 -0.771449795 0.309301542
vn -0.773079207 -0.596591582 0.215469313
vn -0.435730553 -0.885384314 0.161967597
vn -0.435730553 -0.885384314 0.161967597
vn -0.255343575 -0.954980438 0.151036493
vn -0.556055546 -0.771449795 0.309301542
vn -0.255343575 -0.954980438 0.151036493
vn -0.435730553 -0.885384314 0.161967597
vn -0.396974241 -0.917097695 -0.036650660
vn -0.330210951 0.875133619 -0.353697435
vn -0.574516307 0.784970742 -0.231844662
vn -0.167952417 0.929278983 -0.328987170
vn 0.057933532 0.997912874 0.028523714
vn 0.198952831 0.979777990 0.021280532
vn 0.222357604 0.974859741 -0.014338112
vn 0.198952831 0.979777990 0.021280532
vn 0.057933532 0.997912874 0.028523714
vn -0.158794434 0.987310684 0.001393302
vn -0.207605359 -0.926244636 -0.314596391
vn -0.422384945 -0.903806865 0.068732156
vn -0.216245543 -0.976285481 -0.010223725
vn -0.422384945 -0.903806865 0.068732156
vn -0.207605359 -0.926244636 -0.314596391
vn -0.393696368 -0.843336153 -0.365769467
vn -0.422384945 -0.903806865 0.068732156
vn -0.226722065 -0.887912729 0.400260029
vn -0.216245543 -0.976285481 -0.010223725
vn -0.226722065 -0.887912729 0.400260029
vn -0.422384945 -0.903806865 0.068732156
vn -0.331640884 -0.797730936 0.503626526
vn -0.226722065 -0.887912729 0.400260029
vn 0.192435569 -0.901487174 0.387671802
vn -0.074349811 -0.223572762 0.971847378
vn 0.192435569 -0.901487174 0.387671802
vn -0.226722065 -0.887912729 0.400260029
vn -0.331640884 -0.797730936 0.503626526
vn -0.050592920 -0.897539423 -0.438022077
vn -0.099769245 -0.837420338 -0.537376288
vn -0.089228220 -0.933598188 -0.347034216
vn -0.074349811 -0.223572762 0.971847378
vn 0.192435569 -0.901487174 0.387671802
vn 0.030352994 0.121039309 0.992183542
vn 0.192435569 -0.901487174 0.387671802
vn 0.819665609 0.515898152 0.248992742
vn 0.030352994 0.121039309 0.992183542
vn -0.926118329 0.180537741 0.331226454
vn -0.936425337 0.325759559 0.130339164
vn -0.936835414 0.336958775 0.093798677
vn -0.864012440 0.402150939 -0.302914387
vn -0.542263264 0.686349430 -0.484639053
vn -0.604331021 0.752245698 -0.262507954
vn -0.542263264 0.686349430 -0.484639053
vn -0.864012440 0.402150939 -0.302914387
vn -0.698911156 0.235978445 -0.675157293
vn -0.968862254 0.155646858 0.192561647
vn -0.887863681 0.402195881 0.223464890
vn -0.936425337 0.325759559 0.130339164
vn -0.887863681 0.402195881 0.223464890
vn -0.968862254 0.155646858 0.192561647
vn -0.984862863 0.076966720 0.155310224
vn 0.148530964 0.978693277 0.141767493
vn -0.158794434 0.987310684 0.001393302
vn -0.399084386 0.911782735 0.096870518
vn -0.158794434 0.987310684 0.001393302
vn 0.148530964 0.978693277 0.141767493
vn 0.198952831 0.979777990 0.021280532
vn -0.399084386 0.911782735 0.096870518
vn -0.821375844 0.521019076 -0.232122479
vn -0.956988200 0.290119870 0.002011426
vn -0.821375844 0.521019076 -0.232122479
vn -0.399084386 0.911782735 0.096870518
vn -0.158794434 0.987310684 0.001393302
vn -0.956988200 0.290119870 0.002011426
vn -0.886962044 -0.228703480 -0.401239393
vn -0.940742959 -0.321048869 0.109225956
vn -0.886962044 -0.228703480 -0.401239393
vn -0.956988200 0.290119870 0.002011426
vn -0.821375844 0.521019076 -0.232122479
vn -0.886962044 -0.228703480 -0.401239393
vn -0.416671100 -0.907155593 -0.058770095
vn -0.940742959 -0.321048869 0.109225956
vn -0.416671100 -0.907155593 -0.058770095
vn -0.886962044 -0.228703480 -0.401239393
vn -0.415603668 -0.792428663 -0.446464338
vn -0.415603668 -0.792428663 -0.446464338
vn -0.139487349 -0.980794225 -0.136330362
vn -0.416671100 -0.907155593 -0.058770095
vn -0.139487349 -0.980794225 -0.136330362
vn -0.415603668 -0.792428663 -0.446464338
vn -0.203366869 -0.900698064 -0.383907428
vn -0.824828777 0.386500158 -0.412644055
vn -0.574516307 0.784970742 -0.231844662
vn -0.477251724 0.583439159 -0.657137382
vn -0.574516307 0.784970742 -0.231844662
vn -0.391079568 0.758800856 -0.520843578
vn -0.477251724 0.583439159 -0.657137382
vn -0.391079568 0.758800856 -0.520843578
vn -0.432365813 0.488443383 -0.757946479
vn -0.477251724 0.583439159 -0.657137382
vn -0.432365813 0.488443383 -0.757946479
vn -0.391079568 0.758800856 -0.520843578
vn -0.419968057 0.843756540 -0.334218092
vn -0.205058186 0.978684306 0.011321224
vn -0.432365813 0.488443383 -0.757946479
vn -0.419968057 0.843756540 -0.334218092
vn -0.432365813 0.488443383 -0.757946479
vn -0.205058186 0.978684306 0.011321224
vn -0.404135751 0.305712379 -0.862098739
vn -0.404135751 0.305712379 -0.862098739
vn -0.205058186 0.978684306 0.011321224
vn -0.290122150 0.909305015 -0.298317830
vn -0.354207537 -0.248595230 -0.901519513
vn -0.172454059 -0.671852107 -0.720329330
vn -0.404135751 0.305712379 -0.862098739
vn -0.106356311 0.982794886 -0.151005124
vn 0.819665609 0.515898152 0.248992742
vn 0.739490798 0.646195567 0.188638939
vn -0.996720073 0.077822348 0.022198618
vn -0.984862863 0.076966720 0.155310224
vn -0.942754587 -0.329430889 -0.051856321
vn -0.887863681 0.402195881 0.223464890
vn -0.996720073 0.077822348 0.022198618
vn -0.868193104 0.495149866 -0.032670246
vn -0.996720073 0.077822348 0.022198618
vn -0.887863681 0.402195881 0.223464890
vn -0.984862863 0.076966720 0.155310224
vn -0.996720073 0.077822348 0.022198618
vn -0.942754587 -0.329430889 -0.051856321
vn -0.921543422 -0.232688155 -0.310827836
vn -0.178308539 -0.332421622 0.926121984
vn -0.929267323 0.214419292 0.300809924
vn 0.232373993 0.002635315 0.972622940
vn -0.649862021 -0.262523799 0.713274567
vn -0.903955473 0.015912604 0.427330424
vn -0.905459635 0.171211235 0.388367818
vn -0.885397582 -0.244098543 0.395584406
vn -0.794458724 -0.499676241 0.345194133
vn -0.906806728 -0.379614080 0.183288592
vn -0.649862021 -0.262523799 0.713274567
vn -0.706710586 -0.492397668 0.508040042
vn -0.885397582 -0.244098543 0.395584406
vn -0.905459635 0.171211235 0.388367818
vn -0.903955473 0.015912604 0.427330424
vn -0.832468256 0.247527229 0.495708456
vn -0.936425337 0.325759559 0.130339164
vn -0.631997315 0.770274095 0.085189273
vn -0.488276240 0.567881817 0.662643611
vn -0.700746391 0.110805077 0.704752957
vn -0.903955473 0.015912604 0.427330424
vn -0.926118329 0.180537741 0.331226454
vn -0.503847248 0.588332415 0.632457841
vn -0.905459635 0.171211235 0.388367818
vn -0.832468256 0.247527229 0.495708456
vn -0.905459635 0.171211235 0.388367818
vn -0.503847248 0.588332415 0.632457841
vn -0.584744575 0.697373390 0.414420242
vn -0.905459635 0.171211235 0.388367818
vn -0.298260070 0.324401738 0.897666109
vn -0.649862021 -0.262523799 0.713274567
vn -0.885397582 -0.244098543 0.395584406
vn -0.926118329 0.180537741 0.331226454
vn -0.903955473 0.015912604 0.427330424
vn -0.885397582 -0.244098543 0.395584406
vn -0.706710586 -0.492397668 0.508040042
vn -0.794458724 -0.499676241 0.345194133
vn -0.566546790 -0.742869922 0.356607648
vn -0.906806728 -0.379614080 0.183288592
vn -0.794458724 -0.499676241 0.345194133
vn -0.906806728 -0.379614080 0.183288592
vn -0.566546790 -0.742869922 0.356607648
vn -0.858406553 -0.505028548 0.089913044
vn -0.968862254 0.155646858 0.192561647
vn -0.926118329 0.180537741 0.331226454
vn -0.885397582 -0.244098543 0.395584406
vn -0.604331021 0.752245698 -0.262507954
vn -0.868193104 0.495149866 -0.032670246
vn -0.864012440 0.402150939 -0.302914387
vn -0.868193104 0.495149866 -0.032670246
vn -0.604331021 0.752245698 -0.262507954
vn -0.632684100 0.774220899 0.017112237
vn -0.868193104 0.495149866 -0.032670246
vn -0.627022835 0.760333981 0.169512837
vn -0.887863681 0.402195881 0.223464890
vn -0.627022835 0.760333981 0.169512837
vn -0.868193104 0.495149866 -0.032670246
vn -0.632684100 0.774220899 0.017112237
vn -0.627022835 0.760333981 0.169512837
vn -0.936425337 0.325759559 0.130339164
vn -0.887863681 0.402195881 0.223464890
vn -0.936425337 0.325759559 0.130339164
vn -0.627022835 0.760333981 0.169512837
vn -0.631997315 0.770274095 0.085189273
vn -0.936835414 0.336958775 0.093798677
vn -0.700746391 0.110805077 0.704752957
vn -0.926118329 0.180537741 0.331226454
vn -0.940742959 -0.321048869 0.109225956
vn -0.606377846 -0.721937753 0.333334351
vn -0.914470639 -0.018232411 0.404241302
vn -0.250294126 -0.946644969 0.203017618
vn 0.073509240 -0.997285699 0.004198311
vn -0.634169009 -0.244611414 0.733481373
vn -0.783402136 -0.264192202 0.562568729
vn -0.606377846 -0.721937753 0.333334351
vn -0.271500636 -0.920864335 0.279814727
vn -0.606377846 -0.721937753 0.333334351
vn -0.783402136 -0.264192202 0.562568729
vn -0.914470639 -0.018232411 0.404241302
vn -0.606377846 -0.721937753 0.333334351
vn -0.940742959 -0.321048869 0.109225956
vn -0.416671100 -0.907155593 -0.058770095
vn -0.905459635 0.171211235 0.388367818
vn -0.584744575 0.697373390 0.414420242
vn -0.298260070 0.324401738 0.897666109
vn -0.050592920 -0.897539423 -0.438022077
vn -0.475813000 -0.729434434 -0.491454369
vn -0.099769245 -0.837420338 -0.537376288
vn -0.503847248 0.588332415 0.632457841
vn -0.700746391 0.110805077 0.704752957
vn -0.523547980 0.614389003 0.590274230
vn -0.700746391 0.110805077 0.704752957
vn -0.503847248 0.588332415 0.632457841
vn -0.832468256 0.247527229 0.495708456
vn -0.523547980 0.614389003 0.590274230
vn -0.936835414 0.336958775 0.093798677
vn -0.627459359 0.761103476 0.164366211
vn -0.936425337 0.325759559 0.130339164
vn -0.627459359 0.761103476 0.164366211
vn -0.936835414 0.336958775 0.093798677
vn -0.627459359 0.761103476 0.164366211
vn -0.936425337 0.325759559 0.130339164
vn -0.488276240 0.567881817 0.662643611
vn -0.009108398 -0.995759260 -0.091545248
vn -0.271500636 -0.920864335 0.279814727
vn -0.021256500 -0.996009561 0.086678232
vn -0.271500636 -0.920864335 0.279814727
vn -0.009108398 -0.995759260 -0.091545248
vn -0.250294126 -0.946644969 0.203017618
vn -0.271500636 -0.920864335 0.279814727
vn -0.634169009 -0.244611414 0.733481373
vn -0.783402136 -0.264192202 0.562568729
vn -0.634169009 -0.244611414 0.733481373
vn -0.271500636 -0.920864335 0.279814727
vn -0.250294126 -0.946644969 0.203017618
vn -0.634169009 -0.244611414 0.733481373
vn -0.858553181 0.083091514 0.505946871
vn -0.783402136 -0.264192202 0.562568729
vn -0.858553181 0.083091514 0.505946871
vn -0.634169009 -0.244611414 0.733481373
vn -0.846950483 0.043396204 0.529897772
vn -0.846950483 0.043396204 0.529897772
vn -0.871810715 -0.037488660 0.488406262
vn -0.858553181 0.083091514 0.505946871
vn -0.871810715 -0.037488660 0.488406262
vn -0.846950483 0.043396204 0.529897772
vn -0.608759769 0.007693064 0.793317314
vn -0.903948438 0.252016297 0.345492413
vn -0.608759769 0.007693064 0.793317314
vn -0.721930374 0.648952971 0.240159480
vn -0.608759769 0.007693064 0.793317314
vn -0.903948438 0.252016297 0.345492413
vn -0.871810715 -0.037488660 0.488406262
vn 0.295223978 0.847737055 0.440663917
vn -0.316571521 0.944953461 0.082737102
vn 0.130939128 0.982012764 -0.136036304
vn -0.316571521 0.944953461 0.082737102
vn 0.295223978 0.847737055 0.440663917
vn -0.225751015 0.737750512 0.636208033
vn -0.225751015 0.737750512 0.636208033
vn -0.790252919 0.499259233 0.355303450
vn -0.316571521 0.944953461 0.082737102
vn -0.790252919 0.499259233 0.355303450
vn -0.225751015 0.737750512 0.636208033
vn -0.568928869 0.221133357 0.792098466
vn -0.267390253 0.916826688 -0.296532084
vn -0.517543630 0.854910563 -0.035728426
vn -0.330210951 0.875133619 -0.353697435
vn -0.517543630 0.854910563 -0.035728426
vn -0.267390253 0.916826688 -0.296532084
vn -0.721930374 0.648952971 0.240159480
vn -0.225927901 0.451853261 0.863009394
vn -0.517543630 0.854910563 -0.035728426
vn -0.721930374 0.648952971 0.240159480
vn -0.517543630 0.854910563 -0.035728426
vn -0.225927901 0.451853261 0.863009394
vn -0.302115949 0.854605683 0.422344740
vn -0.302115949 0.854605683 0.422344740
vn -0.225927901 0.451853261 0.863009394
vn -0.205058186 0.978684306 0.011321224
vn 0.095622964 -0.935139476 -0.341131072
vn -0.634169009 -0.244611414 0.733481373
vn 0.073509240 -0.997285699 0.004198311
vn -0.634169009 -0.244611414 0.733481373
vn 0.095622964 -0.935139476 -0.341131072
vn 0.198058281 -0.413228592 0.888827907
vn -0.136728854 0.955731095 -0.260544226
vn -0.330210951 0.875133619 -0.353697435
vn -0.154454158 0.952686071 -0.261788395
vn -0.330210951 0.875133619 -0.353697435
vn -0.136728854 0.955731095 -0.260544226
vn -0.267390253 0.916826688 -0.296532084
vn 0.045172778 0.298104678 0.953463697
vn -0.568928869 0.221133357 0.792098466
vn -0.225751015 0.737750512 0.636208033
vn -0.568928869 0.221133357 0.792098466
vn 0.045172778 0.298104678 0.953463697
vn -0.580940397 0.016779263 0.813773132
vn -0.874620306 0.047797764 0.482446571
vn -0.903948438 0.252016297 0.345492413
vn -0.790252919 0.499259233 0.355303450
vn -0.903948438 0.252016297 0.345492413
vn -0.721930374 0.648952971 0.240159480
vn -0.721432630 0.691973756 0.026594785
vn -0.721930374 0.648952971 0.240159480
vn -0.311841311 0.921276269 -0.232389830
vn -0.721432630 0.691973756 0.026594785
vn -0.311841311 0.921276269 -0.232389830
vn -0.721930374 0.648952971 0.240159480
vn -0.267390253 0.916826688 -0.296532084
vn -0.267390253 0.916826688 -0.296532084
vn -0.136728854 0.955731095 -0.260544226
vn -0.040315234 0.970228062 -0.238814131
vn 0.266173624 0.963923398 -0.001812686
vn 0.130939128 0.982012764 -0.136036304
vn -0.040315234 0.970228062 -0.238814131
vn 0.455592862 0.846455860 0.275585959
vn 0.130939128 0.982012764 -0.136036304
vn 0.266173624 0.963923398 -0.001812686
vn 0.130939128 0.982012764 -0.136036304
vn 0.455592862 0.846455860 0.275585959
vn 0.295223978 0.847737055 0.440663917
vn 0.045172778 0.298104678 0.953463697
vn -0.225751015 0.737750512 0.636208033
vn 0.295223978 0.847737055 0.440663917
vn -0.790252919 0.499259233 0.355303450
vn -0.568928869 0.221133357 0.792098466
vn -0.874620306 0.047797764 0.482446571
vn -0.871810715 -0.037488660 0.488406262
vn -0.903948438 0.252016297 0.345492413
vn -0.874620306 0.047797764 0.482446571
vn -0.568928869 0.221133357 0.792098466
vn -0.580940397 0.016779263 0.813773132
vn -0.874620306 0.047797764 0.482446571
vn 0.057933532 0.997912874 0.028523714
vn 0.222357604 0.974859741 -0.014338112
vn 0.185502497 0.877977576 0.441298312
vn -0.563808183 -0.079759023 -0.822045516
vn -0.060972517 0.119891181 -0.990912941
vn -0.219096300 0.310574789 -0.924954113
vn -0.563808183 -0.079759023 -0.822045516
vn -0.698911156 0.235978445 -0.675157293
vn -0.921543422 -0.232688155 -0.310827836
vn -0.807879039 -0.567058592 -0.160549094
vn -0.396974241 -0.917097695 -0.036650660
vn -0.614930468 -0.715204920 -0.332178329
vn -0.396974241 -0.917097695 -0.036650660
vn -0.807879039 -0.567058592 -0.160549094
vn -0.255343575 -0.954980438 0.151036493
vn -0.081379356 -0.993500828 -0.079583323
vn -0.416671100 -0.907155593 -0.058770095
vn -0.139487349 -0.980794225 -0.136330362
vn -0.416671100 -0.907155593 -0.058770095
vn -0.081379356 -0.993500828 -0.079583323
vn -0.170809247 -0.985249125 0.010409779
vn -0.574516307 0.784970742 -0.231844662
vn -0.231918831 0.854209917 0.465337591
vn -0.167952417 0.929278983 -0.328987170
vn -0.231918831 0.854209917 0.465337591
vn -0.574516307 0.784970742 -0.231844662
vn -0.898818895 -0.041643662 0.436337483
vn -0.060972517 0.119891181 -0.990912941
vn -0.134418398 -0.339199921 -0.931061281
vn 0.249610055 -0.263247629 -0.931877409
vn -0.134418398 -0.339199921 -0.931061281
vn -0.060972517 0.119891181 -0.990912941
vn -0.563808183 -0.079759023 -0.822045516
vn -0.231918831 0.854209917 0.465337591
vn -0.302522088 -0.443976538 0.843424697
vn 0.098952497 -0.165969270 0.981153711
vn -0.302522088 -0.443976538 0.843424697
vn -0.231918831 0.854209917 0.465337591
vn -0.898818895 -0.041643662 0.436337483
vn -0.542263264 0.686349430 -0.484639053
vn -0.698911156 0.235978445 -0.675157293
vn -0.360446577 0.478064258 -0.800957446
vn 0.016143255 -0.998826825 -0.045654881
vn -0.021256500 -0.996009561 0.086678232
vn 0.001821666 -0.999575617 -0.029073485
vn -0.021256500 -0.996009561 0.086678232
vn 0.016143255 -0.998826825 -0.045654881
vn -0.009108398 -0.995759260 -0.091545248
vn -0.738154948 -0.648743352 0.185092776
vn -0.366458346 -0.927523742 0.073539024
vn 0.192435569 -0.901487174 0.387671802
vn -0.010387936 -0.883366368 -0.468567978
vn -0.241268729 -0.579280076 -0.778603875
vn 0.095622964 -0.935139476 -0.341131072
vn 0.314365028 0.150973087 0.937220228
vn -0.290122150 0.909305015 -0.298317830
vn -0.205058186 0.978684306 0.011321224
vn -0.241268729 -0.579280076 -0.778603875
vn -0.172454059 -0.671852107 -0.720329330
vn 0.095622964 -0.935139476 -0.341131072
vn -0.404135751 0.305712379 -0.862098739
vn -0.172454059 -0.671852107 -0.720329330
vn -0.241268729 -0.579280076 -0.778603875
vn 0.295223978 0.847737055 0.440663917
vn 0.410257704 0.650819980 0.638844245
vn 0.045172778 0.298104678 0.953463697
vn 0.266173624 0.963923398 -0.001812686
vn 0.080281014 0.957777075 0.276076138
vn 0.455592862 0.846455860 0.275585959
vn 0.080281014 0.957777075 0.276076138
vn 0.266173624 0.963923398 -0.001812686
vn -0.047569062 0.998187141 -0.036872972
vn -0.040315234 0.970228062 -0.238814131
vn -0.047569062 0.998187141 -0.036872972
vn 0.266173624 0.963923398 -0.001812686
vn 0.295223978 0.847737055 0.440663917
vn 0.455592862 0.846455860 0.275585959
vn 0.410257704 0.650819980 0.638844245
vn -0.040315234 0.970228062 -0.238814131
vn -0.136728854 0.955731095 -0.260544226
vn -0.047569062 0.998187141 -0.036872972
vn -0.040315234 0.970228062 -0.238814131
vn -0.311841311 0.921276269 -0.232389830
vn -0.267390253 0.916826688 -0.296532084
vn -0.721432630 0.691973756 0.026594785
vn -0.790252919 0.499259233 0.355303450
vn -0.903948438 0.252016297 0.345492413
vn -0.608759769 0.007693064 0.793317314
vn -0.846950483 0.043396204 0.529897772
vn -0.634169009 -0.244611414 0.733481373
vn -0.205058186 0.978684306 0.011321224
vn -0.225927901 0.451853261 0.863009394
vn 0.269765998 0.142865283 0.952268774
vn 0.269765998 0.142865283 0.952268774
vn 0.198058281 -0.413228592 0.888827907
vn 0.336547514 -0.616156911 0.712100015
vn 0.198058281 -0.413228592 0.888827907
vn 0.269765998 0.142865283 0.952268774
vn -0.225927901 0.451853261 0.863009394
vn 0.119680211 -0.982447005 0.143089238
vn 0.336547514 -0.616156911 0.712100015
vn -0.031375441 -0.826877494 -0.561506182
vn 0.095622964 -0.935139476 -0.341131072
vn -0.172454059 -0.671852107 -0.720329330
vn -0.031375441 -0.826877494 -0.561506182
vn -0.031375441 -0.826877494 -0.561506182
vn -0.354207537 -0.248595230 -0.901519513
vn 0.119680211 -0.982447005 0.143089238
vn -0.354207537 -0.248595230 -0.901519513
vn -0.031375441 -0.826877494 -0.561506182
vn -0.172454059 -0.671852107 -0.720329330
vn 0.073509240 -0.997285699 0.004198311
vn -0.009108398 -0.995759260 -0.091545248
vn -0.010387936 -0.883366368 -0.468567978
vn -0.009108398 -0.995759260 -0.091545248
vn 0.073509240 -0.997285699 0.004198311
vn -0.250294126 -0.946644969 0.203017618
vn -0.391079568 0.758800856 -0.520843578
vn -0.574516307 0.784970742 -0.231844662
vn -0.330210951 0.875133619 -0.353697435
vn -0.167952417 0.929278983 -0.328987170
vn -0.154454158 0.952686071 -0.261788395
vn -0.330210951 0.875133619 -0.353697435
vn 0.003765973 0.977488041 0.210957217
vn -0.399084386 0.911782735 0.096870518
vn -0.403584198 0.835801571 0.372230478
vn -0.399084386 0.911782735 0.096870518
vn -0.839048960 0.333868786 0.429567778
vn -0.403584198 0.835801571 0.372230478
vn -0.839048960 0.333868786 0.429567778
vn -0.399084386 0.911782735 0.096870518
vn -0.956988200 0.290119870 0.002011426
vn -0.914470639 -0.018232411 0.404241302
vn -0.956988200 0.290119870 0.002011426
vn -0.940742959 -0.321048869 0.109225956
vn -0.956988200 0.290119870 0.002011426
vn -0.914470639 -0.018232411 0.404241302
vn -0.839048960 0.333868786 0.429567778
vn 0.148530964 0.978693277 0.141767493
vn -0.399084386 0.911782735 0.096870518
vn 0.003765973 0.977488041 0.210957217
vn 0.003765973 0.977488041 0.210957217
vn 0.080281014 0.957777075 0.276076138
vn 0.148530964 0.978693277 0.141767493
vn 0.455592862 0.846455860 0.275585959
vn 0.003765973 0.977488041 0.210957217
vn 0.410257704 0.650819980 0.638844245
vn 0.003765973 0.977488041 0.210957217
vn 0.455592862 0.846455860 0.275585959
vn 0.080281014 0.957777075 0.276076138
vn -0.871810715 -0.037488660 0.488406262
vn -0.839048960 0.333868786 0.429567778
vn -0.858553181 0.083091514 0.505946871
vn -0.839048960 0.333868786 0.429567778
vn -0.871810715 -0.037488660 0.488406262
vn -0.580940397 0.016779263 0.813773132
vn 0.424456360 0.885851363 0.187361047
vn 0.763380660 0.643614662 -0.054864696
vn 0.617291504 0.786583177 0.015430634
vn 0.763380660 0.643614662 -0.054864696
vn 0.424456360 0.885851363 0.187361047
vn 0.573467795 0.807939456 0.135530529
vn 0.189775240 0.979179498 0.072061570
vn 0.617291504 0.786583177 0.015430634
vn 0.296079031 0.947207339 -0.123026276
vn 0.617291504 0.786583177 0.015430634
vn 0.189775240 0.979179498 0.072061570
vn 0.424456360 0.885851363 0.187361047
vn -0.075067825 0.984231989 -0.160163085
vn 0.296079031 0.947207339 -0.123026276
vn 0.193641760 0.956352915 -0.218842344
vn 0.296079031 0.947207339 -0.123026276
vn -0.075067825 0.984231989 -0.160163085
vn 0.189775240 0.979179498 0.072061570
vn 0.118020238 0.975315549 -0.186630124
vn 0.193641760 0.956352915 -0.218842344
vn 0.283256748 0.949288631 -0.136443065
vn 0.193641760 0.956352915 -0.218842344
vn 0.118020238 0.975315549 -0.186630124
vn -0.075067825 0.984231989 -0.160163085
vn 0.283256748 0.949288631 -0.136443065
vn 0.317296482 0.948319179 0.003698326
vn 0.118020238 0.975315549 -0.186630124
vn 0.851628473 0.523042070 -0.033999074
vn 0.573467795 0.807939456 0.135530529
vn 0.160240567 0.941978950 -0.294955282
vn 0.573467795 0.807939456 0.135530529
vn 0.851628473 0.523042070 -0.033999074
vn 0.763380660 0.643614662 -0.054864696
vn -0.079978238 -0.991195496 -0.105522367
vn -0.162739321 -0.980331133 -0.111654749
vn 0.191217511 -0.976876287 -0.095648232
vn -0.162739321 -0.980331133 -0.111654749
vn -0.079978238 -0.991195496 -0.105522367
vn -0.178493995 -0.978942130 -0.099056545
vn -0.154496314 -0.976082886 -0.152947995
vn -0.079978238 -0.991195496 -0.105522367
vn 0.065231028 -0.953907413 -0.292925861
vn -0.079978238 -0.991195496 -0.105522367
vn -0.154496314 -0.976082886 -0.152947995
vn -0.178493995 -0.978942130 -0.099056545
vn -0.154496314 -0.976082886 -0.152947995
vn -0.114046158 -0.992434707 0.045462363
vn -0.099047645 -0.992573892 0.070616099
vn -0.114046158 -0.992434707 0.045462363
vn -0.154496314 -0.976082886 -0.152947995
vn 0.065231028 -0.953907413 -0.292925861
vn -0.216749083 -0.940931178 0.260131416
vn -0.114046158 -0.992434707 0.045462363
vn 0.122081252 -0.958835188 0.256381064
vn -0.114046158 -0.992434707 0.045462363
vn -0.216749083 -0.940931178 0.260131416
vn -0.099047645 -0.992573892 0.070616099
vn 0.122081252 -0.958835188 0.256381064
vn -0.304656535 -0.917082063 0.257186481
vn -0.216749083 -0.940931178 0.260131416
vn -0.352573784 0.933853427 0.060079150
vn 0.038697910 0.988242613 -0.147915549
vn -0.534542946 0.845051114 -0.012347200
vn 0.038697910 0.988242613 -0.147915549
vn -0.352573784 0.933853427 0.060079150
vn 0.082783511 0.995896641 -0.036561882
vn -0.217383564 0.975828080 -0.022448693
vn 0.082783511 0.995896641 -0.036561882
vn -0.352573784 0.933853427 0.060079150
vn 0.082783511 0.995896641 -0.036561882
vn -0.217383564 0.975828080 -0.022448693
vn 0.160624901 0.980554873 -0.112746539
vn -0.025443541 0.982790933 -0.182960674
vn 0.160624901 0.980554873 -0.112746539
vn -0.217383564 0.975828080 -0.022448693
vn 0.160624901 0.980554873 -0.112746539
vn -0.025443541 0.982790933 -0.182960674
vn 0.378686599 0.901901330 -0.207775001
vn 0.152122631 0.966792738 -0.205354589
vn 0.378686599 0.901901330 -0.207775001
vn -0.025443541 0.982790933 -0.182960674
vn 0.378686599 0.901901330 -0.207775001
vn 0.152122631 0.966792738 -0.205354589
vn 0.275763310 0.947465439 -0.162061218
vn 0.222357604 0.974859741 -0.014338112
vn 0.152122631 0.966792738 -0.205354589
vn 0.057933532 0.997912874 0.028523714
vn -0.534542946 0.845051114 -0.012347200
vn 0.003432504 0.988695344 -0.149899083
vn -0.652994582 0.757304260 0.009398531
vn 0.003432504 0.988695344 -0.149899083
vn -0.534542946 0.845051114 -0.012347200
vn 0.038697910 0.988242613 -0.147915549
vn 0.076521321 -0.991909047 -0.101296251
vn -0.108298453 -0.991589877 -0.070858733
vn -0.182873042 -0.978981268 -0.090294675
vn -0.108298453 -0.991589877 -0.070858733
vn 0.076521321 -0.991909047 -0.101296251
vn 0.119802535 -0.987932117 -0.098170688
vn 0.119802535 -0.987932117 -0.098170688
vn -0.221196729 -0.943180038 -0.247958511
vn -0.108298453 -0.991589877 -0.070858733
vn -0.221196729 -0.943180038 -0.247958511
vn 0.119802535 -0.987932117 -0.098170688
vn 0.093807936 -0.972188044 -0.214593753
vn -0.222868284 -0.970732518 -0.089488020
vn 0.093807936 -0.972188044 -0.214593753
vn -0.005895268 -0.999281322 -0.037444435
vn 0.093807936 -0.972188044 -0.214593753
vn -0.222868284 -0.970732518 -0.089488020
vn -0.221196729 -0.943180038 -0.247958511
vn -0.126905596 -0.978100450 0.164968117
vn -0.222868284 -0.970732518 -0.089488020
vn -0.005895268 -0.999281322 -0.037444435
vn -0.222868284 -0.970732518 -0.089488020
vn -0.126905596 -0.978100450 0.164968117
vn -0.348689896 -0.921142774 0.172948973
vn -0.226722065 -0.887912729 0.400260029
vn 0.192435569 -0.901487174 0.387671802
vn -0.304656535 -0.917082063 0.257186481
vn 0.192435569 -0.901487174 0.387671802
vn -0.126905596 -0.978100450 0.164968117
vn -0.304656535 -0.917082063 0.257186481
vn 0.057933532 0.997912874 0.028523714
vn 0.152122631 0.966792738 -0.205354589
vn -0.106356311 0.982794886 -0.151005124
vn 0.152122631 0.966792738 -0.205354589
vn 0.222357604 0.974859741 -0.014338112
vn 0.275763310 0.947465439 -0.162061218
vn -0.025443541 0.982790933 -0.182960674
vn -0.106356311 0.982794886 -0.151005124
vn 0.152122631 0.966792738 -0.205354589
vn -0.106356311 0.982794886 -0.151005124
vn -0.025443541 0.982790933 -0.182960674
vn -0.295403866 0.951146690 -0.089758178
vn -0.217383564 0.975828080 -0.022448693
vn -0.295403866 0.951146690 -0.089758178
vn -0.025443541 0.982790933 -0.182960674
vn -0.295403866 0.951146690 -0.089758178
vn -0.217383564 0.975828080 -0.022448693
vn -0.479447844 0.872807578 0.091305514
vn -0.352573784 0.933853427 0.060079150
vn -0.479447844 0.872807578 0.091305514
vn -0.217383564 0.975828080 -0.022448693
vn -0.479447844 0.872807578 0.091305514
vn -0.352573784 0.933853427 0.060079150
vn -0.605577695 0.778380261 0.165528924
vn -0.534542946 0.845051114 -0.012347200
vn -0.605577695 0.778380261 0.165528924
vn -0.352573784 0.933853427 0.060079150
vn -0.605577695 0.778380261 0.165528924
vn -0.534542946 0.845051114 -0.012347200
vn -0.630398783 0.768702045 0.108141298
vn -0.652994582 0.757304260 0.009398531
vn -0.630398783 0.768702045 0.108141298
vn -0.534542946 0.845051114 -0.012347200
vn -0.630398783 0.768702045 0.108141298
vn -0.652994582 0.757304260 0.009398531
vn -0.527709758 0.829530143 -0.182762558
vn 0.222357604 0.974859741 -0.014338112
vn 0.283256748 0.949288631 -0.136443065
vn 0.275763310 0.947465439 -0.162061218
vn 0.283256748 0.949288631 -0.136443065
vn 0.222357604 0.974859741 -0.014338112
vn 0.317296482 0.948319179 0.003698326
vn 0.378686599 0.901901330 -0.207775001
vn 0.283256748 0.949288631 -0.136443065
vn 0.193641760 0.956352915 -0.218842344
vn 0.283256748 0.949288631 -0.136443065
vn 0.378686599 0.901901330 -0.207775001
vn 0.275763310 0.947465439 -0.162061218
vn 0.160624901 0.980554873 -0.112746539
vn 0.193641760 0.956352915 -0.218842344
vn 0.296079031 0.947207339 -0.123026276
vn 0.193641760 0.956352915 -0.218842344
vn 0.160624901 0.980554873 -0.112746539
vn 0.378686599 0.901901330 -0.207775001
vn 0.082783511 0.995896641 -0.036561882
vn 0.296079031 0.947207339 -0.123026276
vn 0.617291504 0.786583177 0.015430634
vn 0.296079031 0.947207339 -0.123026276
vn 0.082783511 0.995896641 -0.036561882
vn 0.160624901 0.980554873 -0.112746539
vn 0.038697910 0.988242613 -0.147915549
vn 0.617291504 0.786583177 0.015430634
vn 0.763380660 0.643614662 -0.054864696
vn 0.617291504 0.786583177 0.015430634
vn 0.038697910 0.988242613 -0.147915549
vn 0.082783511 0.995896641 -0.036561882
vn 0.003432504 0.988695344 -0.149899083
vn 0.763380660 0.643614662 -0.054864696
vn 0.851628473 0.523042070 -0.033999074
vn 0.763380660 0.643614662 -0.054864696
vn 0.003432504 0.988695344 -0.149899083
vn 0.038697910 0.988242613 -0.147915549
vn 0.561217198 -0.808511885 0.177041772
vn 0.122081252 -0.958835188 0.256381064
vn 0.724811432 -0.618934919 0.302601972
vn 0.122081252 -0.958835188 0.256381064
vn 0.561217198 -0.808511885 0.177041772
vn -0.292087644 -0.850300066 0.437806585
vn 0.122081252 -0.958835188 0.256381064
vn 0.662646330 -0.748806968 -0.013710117
vn 0.724811432 -0.618934919 0.302601972
vn 0.662646330 -0.748806968 -0.013710117
vn 0.122081252 -0.958835188 0.256381064
vn -0.114046158 -0.992434707 0.045462363
vn 0.065231028 -0.953907413 -0.292925861
vn 0.662646330 -0.748806968 -0.013710117
vn -0.114046158 -0.992434707 0.045462363
vn 0.662646330 -0.748806968 -0.013710117
vn 0.065231028 -0.953907413 -0.292925861
vn 0.676414759 -0.693479002 -0.248092620
vn -0.079978238 -0.991195496 -0.105522367
vn 0.676414759 -0.693479002 -0.248092620
vn 0.065231028 -0.953907413 -0.292925861
vn 0.676414759 -0.693479002 -0.248092620
vn -0.079978238 -0.991195496 -0.105522367
vn 0.626269054 -0.777093116 -0.062556867
vn 0.191217511 -0.976876287 -0.095648232
vn 0.626269054 -0.777093116 -0.062556867
vn -0.079978238 -0.991195496 -0.105522367
vn 0.626269054 -0.777093116 -0.062556867
vn 0.191217511 -0.976876287 -0.095648232
vn 0.691301868 -0.706051729 -0.153599097
vn -0.304656535 -0.917082063 0.257186481
vn -0.126905596 -0.978100450 0.164968117
vn -0.216749083 -0.940931178 0.260131416
vn -0.216749083 -0.940931178 0.260131416
vn -0.005895268 -0.999281322 -0.037444435
vn -0.099047645 -0.992573892 0.070616099
vn -0.005895268 -0.999281322 -0.037444435
vn -0.216749083 -0.940931178 0.260131416
vn -0.126905596 -0.978100450 0.164968117
vn -0.154496314 -0.976082886 -0.152947995
vn -0.005895268 -0.999281322 -0.037444435
vn 0.093807936 -0.972188044 -0.214593753
vn -0.005895268 -0.999281322 -0.037444435
vn -0.154496314 -0.976082886 -0.152947995
vn -0.099047645 -0.992573892 0.070616099
vn 0.119802535 -0.987932117 -0.098170688
vn -0.154496314 -0.976082886 -0.152947995
vn 0.093807936 -0.972188044 -0.214593753
vn -0.154496314 -0.976082886 -0.152947995
vn 0.119802535 -0.987932117 -0.098170688
vn -0.178493995 -0.978942130 -0.099056545
vn -0.162739321 -0.980331133 -0.111654749
vn 0.119802535 -0.987932117 -0.098170688
vn 0.076521321 -0.991909047 -0.101296251
vn 0.119802535 -0.987932117 -0.098170688
vn -0.162739321 -0.980331133 -0.111654749
vn -0.178493995 -0.978942130 -0.099056545
vn 0.122081252 -0.958835188 0.256381064
vn -0.292087644 -0.850300066 0.437806585
vn -0.304656535 -0.917082063 0.257186481
vn -0.292087644 -0.850300066 0.437806585
vn -0.226722065 -0.887912729 0.400260029
vn -0.304656535 -0.917082063 0.257186481
vn -0.366458346 -0.927523742 0.073539024
vn -0.126905596 -0.978100450 0.164968117
vn 0.192435569 -0.901487174 0.387671802
vn -0.126905596 -0.978100450 0.164968117
vn -0.366458346 -0.927523742 0.073539024
vn -0.348689896 -0.921142774 0.172948973
vn -0.138227412 0.977380406 0.160064751
vn -0.007086444 0.930803214 0.365451994
vn -0.147477398 0.981363029 0.123195060
vn -0.936425337 0.325759559 0.130339164
vn -0.926118329 0.180537741 0.331226454
vn -0.968862254 0.155646858 0.192561647
vn -0.098662183 0.846580827 0.523036019
vn 0.145367593 0.872543255 0.466408117
vn -0.004622380 0.906623249 0.421915770
vn -0.885397582 -0.244098543 0.395584406
vn -0.903955473 0.015912604 0.427330424
vn -0.649862021 -0.262523799 0.713274567
vn 0.145367593 0.872543255 0.466408117
vn 0.397627148 0.803318000 0.443365360
vn 0.354568777 0.557458404 0.750680432
vn -0.936835414 0.336958775 0.093798677
vn -0.523547980 0.614389003 0.590274230
vn -0.700746391 0.110805077 0.704752957
vn -0.523547980 0.614389003 0.590274230
vn -0.147477398 0.981363029 0.123195060
vn -0.000386824 0.682554133 0.730834938
vn -0.903955473 0.015912604 0.427330424
vn -0.700746391 0.110805077 0.704752957
vn -0.832468256 0.247527229 0.495708456
vn -0.000386824 0.682554133 0.730834938
vn 0.145367593 0.872543255 0.466408117
vn -0.098662183 0.846580827 0.523036019
f 3/3/3 2/2/2 1/1/1
f 6/6/6 5/5/5 4/4/4
f 9/9/9 8/8/8 7/7/7
f 12/12/12 11/11/11 10/10/10
f 15/15/15 14/14/14 13/13/13
f 18/18/18 17/17/17 16/16/16
f 21/21/21 20/20/20 19/19/19
f 24/24/24 23/23/23 22/22/22
f 27/27/27 26/26/26 25/25/25
f 30/30/30 29/29/29 28/28/28
f 33/33/33 32/32/32 31/31/31
f 36/36/36 35/35/35 34/34/34
f 39/39/39 38/38/38 37/37/37
f 42/42/42 41/41/41 40/40/40
f 45/45/45 44/44/44 43/43/43
f 48/48/48 47/47/47 46/46/46
f 51/51/51 50/50/50 49/49/49
f 54/54/54 53/53/53 52/52/52
f 57/57/57 56/56/56 55/55/55
f 60/60/60 59/59/59 58/58/58
f 63/63/63 62/62/62 61/61/61
f 66/66/66 65/65/65 64/64/64
f 69/69/69 68/68/68 67/67/67
f 72/72/72 71/71/71 70/70/70
f 75/75/75 74/74/74 73/73/73
f 78/78/78 77/77/77 76/76/76
f 81/81/81 80/80/80 79/79/79
f 84/84/84 83/83/83 82/82/82
f 87/87/87 86/86/86 85/85/85
f 90/90/90 89/89/89 88/88/88
f 93/93/93 92/92/92 91/91/91
f 96/96/96 95/95/95 94/94/94
f 99/99/99 98/98/98 97/97/97
f 102/102/102 101/101/101 100/100/100
f 105/105/105 104/104/104 103/103/103
f 108/108/108 107/107/107 106/106/106
f 111/111/111 110/110/110 109/109/109
f 114/114/114 113/113/113 112/112/112
f 117/117/117 116/116/116 115/115/115
f 120/120/120 119/119/119 118/118/118
f 123/123/123 122/122/122 121/121/121
f 126/126/126 125/125/125 124/124/124
f 129/129/129 128/128/128 127/127/127
f 132/132/132 131/131/131 130/130/130
f 135/135/135 134/134/134 133/133/133
f 138/138/138 137/137/137 136/136/136
f 141/141/141 140/140/140 139/139/139
f 144/144/144 143/143/143 142/142/142
f 147/147/147 146/146/146 145/145/145
f 150/150/150 149/149/149 148/148/148
f 153/153/153 152/152/152 151/151/151
f 156/156/156 155/155/155 154/154/154
f 159/159/159 158/158/158 157/157/157
f 162/162/162 161/161/161 160/160/160
f 165/165/165 164/164/164 163/163/163
f 168/168/168 167/167/167 166/166/166
f 171/171/171 170/170/170 169/169/169
f 174/174/174 173/173/173 172/172/172
f 177/177/177 176/176/176 175/175/175
f 180/180/180 179/179/179 178/178/178
f 183/183/183 182/182/182 181/181/181
f 186/186/186 185/185/185 184/184/184
f 189/189/189 188/188/188 187/187/187
f 192/192/192 191/191/191 190/190/190
f 195/195/195 194/194/194 193/193/193
f 198/198/198 197/197/197 196/196/196
f 201/201/201 200/200/200 199/199/199
f 204/204/204 203/203/203 202/202/202
f 207/207/207 206/206/206 205/205/205
f 210/210/210 209/209/209 208/208/208
f 213/213/213 212/212/212 211/211/211
f 216/216/216 215/215/215 214/214/214
f 219/219/219 218/218/218 217/217/217
f 222/222/222 221/221/221 220/220/220
f 225/225/225 224/224/224 223/223/223
f 228/228/228 227/227/227 226/226/226
f 231/231/231 230/230/230 229/229/229
f 234/234/234 233/233/233 232/232/232
f 237/237/237 236/236/236 235/235/235
f 240/240/240 239/239/239 238/238/238
f 243/243/243 242/242/242 241/241/241
f 246/246/246 245/245/245 244/244/244
f 249/249/249 248/248/248 247/247/247
f 252/252/252 251/251/251 250/250/250
f 255/255/255 254/254/254 253/253/253
f 258/258/258 257/257/257 256/256/256
f 261/261/261 260/260/260 259/259/259
f 264/264/264 263/263/263 262/262/262
f 267/267/267 266/266/266 265/265/265
f 270/270/270 269/269/269 268/268/268
f 273/273/273 272/272/272 271/271/271
f 276/276/276 275/275/275 274/274/274
f 279/279/279 278/278/278 277/277/277
f 282/282/282 281/281/281 280/280/280
f 285/285/285 284/284/284 283/283/283
f 288/288/288 287/287/287 286/286/286
f 291/291/291 290/290/290 289/289/289
f 294/294/294 293/293/293 292/292/292
f 297/297/297 296/296/296 295/295/295
f 300/300/300 299/299/299 298/298/298
f 303/303/303 302/302/302 301/301/301
f 306/306/306 305/305/305 304/304/304
f 309/309/309 308/308/308 307/307/307
f 312/312/312 311/311/311 310/310/310
f 315/315/315 314/314/314 313/313/313
f 318/318/318 317/317/317 316/316/316
f 321/321/321 320/320/320 319/319/319
f 324/324/324 323/323/323 322/322/322
f 327/327/327 326/326/326 325/325/325
f 330/330/330 329/329/329 328/328/328
f 333/333/333 332/332/332 331/331/331
f 336/336/336 335/335/335 334/334/334
f 339/339/339 338/338/338 337/337/337
f 342/342/342 341/341/341 340/340/340
f 345/345/345 344/344/344 343/343/343
f 348/348/348 347/347/347 346/346/346
f 351/351/351 350/350/350 349/349/349
f 354/354/354 353/353/353 352/352/352
f 357/357/357 356/356/356 355/355/355
f 360/360/360 359/359/359 358/358/358
f 363/363/363 362/362/362 361/361/361
f 366/366/366 365/365/365 364/364/364
f 369/369/369 368/368/368 367/367/367
f 372/372/372 371/371/371 370/370/370
f 375/375/375 374/374/374 373/373/373
f 378/378/378 377/377/377 376/376/376
f 381/381/381 380/380/380 379/379/379
f 384/384/384 383/383/383 382/382/382
f 387/387/387 386/386/386 385/385/385
f 390/390/390 389/389/389 388/388/388
f 393/393/393 392/392/392 391/391/391
f 396/396/396 395/395/395 394/394/394
f 399/399/399 398/398/398 397/397/397
f 402/402/402 401/401/401 400/400/400
f 405/405/405 404/404/404 403/403/403
f 408/408/408 407/407/407 406/406/406
f 411/411/411 410/410/410 409/409/409
f 414/414/414 413/413/413 412/412/412
f 417/417/417 416/416/416 415/415/415
f 420/420/420 419/419/419 418/418/418
f 423/423/423 422/422/422 421/421/421
f 426/426/426 425/425/425 424/424/424
f 429/429/429 428/428/428 427/427/427
f 432/432/432 431/431/431 430/430/430
f 435/435/435 434/434/434 433/433/433
f 438/438/438 437/437/437 436/436/436
f 441/441/441 440/440/440 439/439/439
f 444/444/444 443/443/443 442/442/442
f 447/447/447 446/446/446 445/445/445
f 450/450/450 449/449/449 448/448/448
f 453/453/453 452/452/452 451/451/451
f 456/456/456 455/455/455 454/454/454
f 459/459/459 458/458/458 457/457/457
f 462/462/462 461/461/461 460/460/460
f 465/465/465 464/464/464 463/463/463
f 468/468/468 467/467/467 466/466/466
f 471/471/471 470/470/470 469/469/469
f 474/474/474 473/473/473 472/472/472
f 477/477/477 476/476/476 475/475/475
f 480/480/480 479/479/479 478/478/478
f 483/483/483 482/482/482 481/481/481
f 486/486/486 485/485/485 484/484/484
f 489/489/489 488/488/488 487/487/487
f 492/492/492 491/491/491 490/490/490
f 495/495/495 494/494/494 493/493/493
f 498/498/498 497/497/497 496/496/496
f 501/501/501 500/500/500 499/499/499
f 504/504/504 503/503/503 502/502/502
f 507/507/507 506/506/506 505/505/505
f 510/510/510 509/509/509 508/508/508
f 513/513/513 512/512/512 511/511/511
f 516/516/516 515/515/515 514/514/514
f 519/519/519 518/518/518 517/517/517
f 522/522/522 521/521/521 520/520/520
f 525/525/525 524/524/524 523/523/523
f 528/528/528 527/527/527 526/526/526
f 531/531/531 530/530/530 529/529/529
f 534/534/534 533/533/533 532/532/532
f 537/537/537 536/536/536 535/535/535
f 540/540/540 539/539/539 538/538/538
f 543/543/543 542/542/542 541/541/541
f 546/546/546 545/545/545 544/544/544
f 549/549/549 548/548/548 547/547/547
f 552/552/552 551/551/551 550/550/550
f 555/555/555 554/554/554 553/553/553
f 558/558/558 557/557/557 556/556/556
f 561/561/561 560/560/560 559/559/559
f 564/564/564 563/563/563 562/562/562
f 567/567/567 566/566/566 565/565/565
f 570/570/570 569/569/569 568/568/568
f 573/573/573 572/572/572 571/571/571
f 576/576/576 575/575/575 574/574/574
f 579/579/579 578/578/578 577/577/577
f 582/582/582 581/581/581 580/580/580
f 585/585/585 584/584/584 583/583/583
f 588/588/588 587/587/587 586/586/586
f 591/591/591 590/590/590 589/589/589
f 594/594/594 593/593/593 592/592/592
f 597/597/597 596/596/596 595/595/595
f 600/600/600 599/599/599 598/598/598
f 603/603/603 602/602/602 601/601/601
f 606/606/606 605/605/605 604/604/604
f 609/609/609 608/608/608 607/607/607
f 612/612/612 611/611/611 610/610/610
f 615/615/615 614/614/614 613/613/613
f 618/618/618 617/617/617 616/616/616
f 621/621/621 620/620/620 619/619/619
f 624/624/624 623/623/623 622/622/622
f 627/627/627 626/626/626 625/625/625
f 630/630/630 629/629/629 628/628/628
f 633/633/633 632/632/632 631/631/631
f 636/636/636 635/635/635 634/634/634
f 639/639/639 638/638/638 637/637/637
f 642/642/642 641/641/641 640/640/640
f 645/645/645 644/644/644 643/643/643
f 648/648/648 647/647/647 646/646/646
f 651/651/651 650/650/650 649/649/649
f 654/654/654 653/653/653 652/652/652
f 657/657/657 656/656/656 655/655/655
f 660/660/660 659/659/659 658/658/658
f 663/663/663 662/662/662 661/661/661
f 666/666/666 665/665/665 664/664/664
f 669/669/669 668/668/668 667/667/667
f 672/672/672 671/671/671 670/670/670
f 675/675/675 674/674/674 673/673/673
f 678/678/678 677/677/677 676/676/676
f 681/681/681 680/680/680 679/679/679
f 684/684/684 683/683/683 682/682/682
f 687/687/687 686/686/686 685/685/685
f 690/690/690 689/689/689 688/688/688
f 693/693/693 692/692/692 691/691/691
f 696/696/696 695/695/695 694/694/694
f 699/699/699 698/698/698 697/697/697
f 702/702/702 701/701/701 700/700/700
f 705/705/705 704/704/704 703/703/703
f 708/708/708 707/707/707 706/706/706
f 711/711/711 710/710/710 709/709/709
f 714/714/714 713/713/713 712/712/712
f 717/717/717 716/716/716 715/715/715
f 720/720/720 719/719/719 718/718/718
f 723/723/723 722/722/722 721/721/721
f 726/726/726 725/725/725 724/724/724
f 729/729/729 728/728/728 727/727/727
f 732/732/732 731/731/731 730/730/730
f 735/735/735 734/734/734 733/733/733
f 738/738/738 737/737/737 736/736/736
f 741/741/741 740/740/740 739/739/739
f 744/744/744 743/743/743 742/742/742
f 747/747/747 746/746/746 745/745/745
f 750/750/750 749/749/749 748/748/748
f 753/753/753 752/752/752 751/751/751
f 756/756/756 755/755/755 754/754/754
f 759/759/759 758/758/758 757/757/757
f 762/762/762 761/761/761 760/760/760
f 765/765/765 764/764/764 763/763/763
f 768/768/768 767/767/767 766/766/766
f 771/771/771 770/770/770 769/769/769
f 774/774/774 773/773/773 772/772/772
f 777/777/777 776/776/776 775/775/775
f 780/780/780 779/779/779 778/778/778
f 783/783/783 782/782/782 781/781/781
f 786/786/786 785/785/785 784/784/784
f 789/789/789 788/788/788 787/787/787
f 792/792/792 791/791/791 790/790/790
f 795/795/795 794/794/794 793/793/793
f 798/798/798 797/797/797 796/796/796
f 801/801/801 800/800/800 799/799/799
f 804/804/804 803/803/803 802/802/802
f 807/807/807 806/806/806 805/805/805
f 810/810/810 809/809/809 808/808/808
f 813/813/813 812/812/812 811/811/811
f 816/816/816 815/815/815 814/814/814
f 819/819/819 818/818/818 817/817/817
f 822/822/822 821/821/821 820/820/820
f 825/825/825 824/824/824 823/823/823
f 828/828/828 827/827/827 826/826/826
f 831/831/831 830/830/830 829/829/829
f 834/834/834 833/833/833 832/832/832
f 837/837/837 836/836/836 835/835/835
f 840/840/840 839/839/839 838/838/838
f 843/843/843 842/842/842 841/841/841
f 846/846/846 845/845/845 844/844/844
f 849/849/849 848/848/848 847/847/847
f 852/852/852 851/851/851 850/850/850
f 855/855/855 854/854/854 853/853/853
f 858/858/858 857/857/857 856/856/856
f 861/861/861 860/860/860 859/859/859
f 864/864/864 863/863/863 862/862/862
f 867/867/867 866/866/866 865/865/865
f 870/870/870 869/869/869 868/868/868
f 873/873/873 872/872/872 871/871/871
f 876/876/876 875/875/875 874/874/874
f 879/879/879 878/878/878 877/877/877
f 882/882/882 881/881/881 880/880/880
f 885/885/885 884/884/884 883/883/883
f 888/888/888 887/887/887 886/886/886
f 891/891/891 890/890/890 889/889/889
f 894/894/894 893/893/893 892/892/892
f 897/897/897 896/896/896 895/895/895
f 900/900/900 899/899/899 898/898/898
f 903/903/903 902/902/902 901/901/901
f 906/906/906 905/905/905 904/904/904
f 909/909/909 908/908/908 907/907/907
f 912/912/912 911/911/911 910/910/910
f 915/915/915 914/914/914 913/913/913
f 918/918/918 917/917/917 916/916/916
f 921/921/921 920/920/920 919/919/919
f 924/924/924 923/923/923 922/922/922
f 927/927/927 926/926/926 925/925/925
f 930/930/930 929/929/929 928/928/928
f 933/933/933 932/932/932 931/931/931
f 936/936/936 935/935/935 934/934/934
f 939/939/939 938/938/938 937/937/937
f 942/942/942 941/941/941 940/940/940
f 945/945/945 944/944/944 943/943/943
f 948/948/948 947/947/947 946/946/946
f 951/951/951 950/950/950 949/949/949
f 954/954/954 953/953/953 952/952/952
f 957/957/957 956/956/956 955/955/955
f 960/960/960 959/959/959 958/958/958
f 963/963/963 962/962/962 961/961/961
f 966/966/966 965/965/965 964/964/964
f 969/969/969 968/968/968 967/967/967
f 972/972/972 971/971/971 970/970/970
f 975/975/975 974/974/974 973/973/973
f 978/978/978 977/977/977 976/976/976
f 981/981/981 980/980/980 979/979/979
f 984/984/984 983/983/983 982/982/982
f 987/987/987 986/986/986 985/985/985
f 990/990/990 989/989/989 988/988/988
f 993/993/993 992/992/992 991/991/991
f 996/996/996 995/995/995 994/994/994
f 999/999/999 998/998/998 997/997/997
f 1002/1002/1002 1001/1001/1001 1000/1000/1000
f 1005/1005/1005 1004/1004/1004 1003/1003/1003
f 1008/1008/1008 1007/1007/1007 1006/1006/1006
f 1011/1011/1011 1010/1010/1010 1009/1009/1009
f 1014/1014/1014 1013/1013/1013 1012/1012/1012
f 1017/1017/1017 1016/1016/1016 1015/1015/1015
f 1020/1020/1020 1019/1019/1019 1018/1018/1018
f 1023/1023/1023 1022/1022/1022 1021/1021/1021
f 1026/1026/1026 1025/1025/1025 1024/1024/1024
f 1029/1029/1029 1028/1028/1028 1027/1027/1027
f 1032/1032/1032 1031/1031/1031 1030/1030/1030
f 1035/1035/1035 1034/1034/1034 1033/1033/1033
f 1038/1038/1038 1037/1037/1037 1036/1036/1036
f 1041/1041/1041 1040/1040/1040 1039/1039/1039
f 1044/1044/1044 1043/1043/1043 1042/1042/1042
f 1047/1047/1047 1046/1046/1046 1045/1045/1045
f 1050/1050/1050 1049/1049/1049 1048/1048/1048
f 1053/1053/1053 1052/1052/1052 1051/1051/1051
f 1056/1056/1056 1055/1055/1055 1054/1054/1054
f 1059/1059/1059 1058/1058/1058 1057/1057/1057
f 1062/1062/1062 1061/1061/1061 1060/1060/1060
f 1065/1065/1065 1064/1064/1064 1063/1063/1063
f 1068/1068/1068 1067/1067/1067 1066/1066/1066
f 1071/1071/1071 1070/1070/1070 1069/1069/1069
f 1074/1074/1074 1073/1073/1073 1072/1072/1072
f 1077/1077/1077 1076/1076/1076 1075/1075/1075
f 1080/1080/1080 1079/1079/1079 1078/1078/1078
f 1083/1083/1083 1082/1082/1082 1081/1081/1081
f 1086/1086/1086 1085/1085/1085 1084/1084/1084
f 1089/1089/1089 1088/1088/1088 1087/1087/1087
f 1092/1092/1092 1091/1091/1091 1090/1090/1090
f 1095/1095/1095 1094/1094/1094 1093/1093/1093
f 1098/1098/1098 1097/1097/1097 1096/1096/1096
f 1101/1101/1101 1100/1100/1100 1099/1099/1099
f 1104/1104/1104 1103/1103/1103 1102/1102/1102
f 1107/1107/1107 1106/1106/1106 1105/1105/1105
f 1110/1110/1110 1109/1109/1109 1108/1108/1108
f 1113/1113/1113 1112/1112/1112 1111/1111/1111
f 1116/1116/1116 1115/1115/1115 1114/1114/1114
f 1119/1119/1119 1118/1118/1118 1117/1117/1117
f 1122/1122/1122 1121/1121/1121 1120/1120/1120
f 1125/1125/1125 1124/1124/1124 1123/1123/1123
f 1128/1128/1128 1127/1127/1127 1126/1126/1126
f 1131/1131/1131 1130/1130/1130 1129/1129/1129
f 1134/1134/1134 1133/1133/1133 1132/1132/1132
f 1137/1137/1137 1136/1136/1136 1135/1135/1135
f 1140/1140/1140 1139/1139/1139 1138/1138/1138
f 1143/1143/1143 1142/1142/1142 1141/1141/1141
f 1146/1146/1146 1145/1145/1145 1144/1144/1144
f 1149/1149/1149 1148/1148/1148 1147/1147/1147
f 1152/1152/1152 1151/1151/1151 1150/1150/1150
f 1155/1155/1155 1154/1154/1154 1153/1153/1153
f 1158/1158/1158 1157/1157/1157 1156/1156/1156
f 1161/1161/1161 1160/1160/1160 1159/1159/1159
f 1164/1164/1164 1163/1163/1163 1162/1162/1162
f 1167/1167/1167 1166/1166/1166 1165/1165/1165
f 1170/1170/1170 1169/1169/1169 1168/1168/1168
f 1173/1173/1173 1172/1172/1172 1171/1171/1171
f 1176/1176/1176 1175/1175/1175 1174/1174/1174
f 1179/1179/1179 1178/1178/1178 1177/1177/1177
f 1182/1182/1182 1181/1181/1181 1180/1180/1180
f 1185/1185/1185 1184/1184/1184 1183/1183/1183
f 1188/1188/1188 1187/1187/1187 1186/1186/1186
f 1191/1191/1191 1190/1190/1190 1189/1189/1189
f 1194/1194/1194 1193/1193/1193 1192/1192/1192
f 1197/1197/1197 1196/1196/1196 1195/1195/1195
f 1200/1200/1200 1199/1199/1199 1198/1198/1198
f 1203/1203/1203 1202/1202/1202 1201/1201/1201
f 1206/1206/1206 1205/1205/1205 1204/1204/1204
f 1209/1209/1209 1208/1208/1208 1207/1207/1207
f 1212/1212/1212 1211/1211/1211 1210/1210/1210
f 1215/1215/1215 1214/1214/1214 1213/1213/1213
f 1218/1218/1218 1217/1217/1217 1216/1216/1216
f 1221/1221/1221 1220/1220/1220 1219/1219/1219
f 1224/1224/1224 1223/1223/1223 1222/1222/1222
f 1227/1227/1227 1226/1226/1226 1225/1225/1225
f 1230/1230/1230 1229/1229/1229 1228/1228/1228
f 1233/1233/1233 1232/1232/1232 1231/1231/1231
f 1236/1236/1236 1235/1235/1235 1234/1234/1234
f 1239/1239/1239 1238/1238/1238 1237/1237/1237
f 1242/1242/1242 1241/1241/1241 1240/1240/1240
f 1245/1245/1245 1244/1244/1244 1243/1243/1243
f 1248/1248/1248 1247/1247/1247 1246/1246/1246
f 1251/1251/1251 1250/1250/1250 1249/1249/1249
f 1254/1254/1254 1253/1253/1253 1252/1252/1252
f 1257/1257/1257 1256/1256/1256 1255/1255/1255
f 1260/1260/1260 1259/1259/1259 1258/1258/1258
f 1263/1263/1263 1262/1262/1262 1261/1261/1261
f 1266/1266/1266 1265/1265/1265 1264/1264/1264
f 1269/1269/1269 1268/1268/1268 1267/1267/1267
f 1272/1272/1272 1271/1271/1271 1270/1270/1270
f 1275/1275/1275 1274/1274/1274 1273/1273/1273
f 1278/1278/1278 1277/1277/1277 1276/1276/1276
f 1281/1281/1281 1280/1280/1280 1279/1279/1279
f 1284/1284/1284 1283/1283/1283 1282/1282/1282
f 1287/1287/1287 1286/1286/1286 1285/1285/1285
f 1290/1290/1290 1289/1289/1289 1288/1288/1288
f 1293/1293/1293 1292/1292/1292 1291/1291/1291
f 1296/1296/1296 1295/1295/1295 1294/1294/1294
f 1299/1299/1299 1298/1298/1298 1297/1297/1297
f 1302/1302/1302 1301/1301/1301 1300/1300/1300
f 1305/1305/1305 1304/1304/1304 1303/1303/1303
f 1308/1308/1308 1307/1307/1307 1306/1306/1306
f 1311/1311/1311 1310/1310/1310 1309/1309/1309
f 1314/1314/1314 1313/1313/1313 1312/1312/1312
f 1317/1317/1317 1316/1316/1316 1315/1315/1315
f 1320/1320/1320 1319/1319/1319 1318/1318/1318
f 1323/1323/1323 1322/1322/1322 1321/1321/1321
f 1326/1326/1326 1325/1325/1325 1324/1324/1324
f 1329/1329/1329 1328/1328/1328 1327/1327/1327
f 1332/1332/1332 1331/1331/1331 1330/1330/1330
f 1335/1335/1335 1334/1334/1334 1333/1333/1333
f 1338/1338/1338 1337/1337/1337 1336/1336/1336
f 1341/1341/1341 1340/1340/1340 1339/1339/1339
f 1344/1344/1344 1343/1343/1343 1342/1342/1342
f 1347/1347/1347 1346/1346/1346 1345/1345/1345
f 1350/1350/1350 1349/1349/1349 1348/1348/1348
f 1353/1353/1353 1352/1352/1352 1351/1351/1351
f 1356/1356/1356 1355/1355/1355 1354/1354/1354
f 1359/1359/1359 1358/1358/1358 1357/1357/1357
f 1362/1362/1362 1361/1361/1361 1360/1360/1360
f 1365/1365/1365 1364/1364/1364 1363/1363/1363
f 1368/1368/1368 1367/1367/1367 1366/1366/1366
f 1371/1371/1371 1370/1370/1370 1369/1369/1369
f 1374/1374/1374 1373/1373/1373 1372/1372/1372
f 1377/1377/1377 1376/1376/1376 1375/1375/1375
f 1380/1380/1380 1379/1379/1379 1378/1378/1378
f 1383/1383/1383 1382/1382/1382 1381/1381/1381
f 1386/1386/1386 1385/1385/1385 1384/1384/1384
f 1389/1389/1389 1388/1388/1388 1387/1387/1387
f 1392/1392/1392 1391/1391/1391 1390/1390/1390
f 1395/1395/1395 1394/1394/1394 1393/1393/1393
f 1398/1398/1398 1397/1397/1397 1396/1396/1396
f 1401/1401/1401 1400/1400/1400 1399/1399/1399
f 1404/1404/1404 1403/1403/1403 1402/1402/1402
f 1407/1407/1407 1406/1406/1406 1405/1405/1405
f 1410/1410/1410 1409/1409/1409 1408/1408/1408
f 1413/1413/1413 1412/1412/1412 1411/1411/1411
f 1416/1416/1416 1415/1415/1415 1414/1414/1414
f 1419/1419/1419 1418/1418/1418 1417/1417/1417
f 1422/1422/1422 1421/1421/1421 1420/1420/1420
f 1425/1425/1425 1424/1424/1424 1423/1423/1423
f 1428/1428/1428 1427/1427/1427 1426/1426/1426
f 1431/1431/1431 1430/1430/1430 1429/1429/1429
f 1434/1434/1434 1433/1433/1433 1432/1432/1432
f 1437/1437/1437 1436/1436/1436 1435/1435/1435
f 1440/1440/1440 1439/1439/1439 1438/1438/1438
f 1443/1443/1443 1442/1442/1442 1441/1441/1441
f 1446/1446/1446 1445/1445/1445 1444/1444/1444
f 1449/1449/1449 1448/1448/1448 1447/1447/1447
f 1452/1452/1452 1451/1451/1451 1450/1450/1450
f 1455/1455/1455 1454/1454/1454 1453/1453/1453
f 1458/1458/1458 1457/1457/1457 1456/1456/1456
f 1461/1461/1461 1460/1460/1460 1459/1459/1459
f 1464/1464/1464 1463/1463/1463 1462/1462/1462
f 1467/1467/1467 1466/1466/1466 1465/1465/1465
f 1470/1470/1470 1469/1469/1469 1468/1468/1468
f 1473/1473/1473 1472/1472/1472 1471/1471/1471
f 1476/1476/1476 1475/1475/1475 1474/1474/1474
f 1479/1479/1479 1478/1478/1478 1477/1477/1477
f 1482/1482/1482 1481/1481/1481 1480/1480/1480
f 1485/1485/1485 1484/1484/1484 1483/1483/1483
f 1488/1488/1488 1487/1487/1487 1486/1486/1486
f 1491/1491/1491 1490/1490/1490 1489/1489/1489
f 1494/1494/1494 1493/1493/1493 1492/1492/1492
f 1497/1497/1497 1496/1496/1496 1495/1495/1495
f 1500/1500/1500 1499/1499/1499 1498/1498/1498
f 1503/1503/1503 1502/1502/1502 1501/1501/1501
f 1506/1506/1506 1505/1505/1505 1504/1504/1504
f 1509/1509/1509 1508/1508/1508 1507/1507/1507
f 1512/1512/1512 1511/1511/1511 1510/1510/1510
f 1515/1515/1515 1514/1514/1514 1513/1513/1513
f 1518/1518/1518 1517/1517/1517 1516/1516/1516
f 1521/1521/1521 1520/1520/1520 1519/1519/1519
f 1524/1524/1524 1523/1523/1523 1522/1522/1522
f 1527/1527/1527 1526/1526/1526 1525/1525/1525
f 1530/1530/1530 1529/1529/1529 1528/1528/1528
f 1533/1533/1533 1532/1532/1532 1531/1531/1531
f 1536/1536/1536 1535/1535/1535 1534/1534/1534
f 1539/1539/1539 1538/1538/1538 1537/1537/1537
f 1542/1542/1542 1541/1541/1541 1540/1540/1540
f 1545/1545/1545 1544/1544/1544 1543/1543/1543
f 1548/1548/1548 1547/1547/1547 1546/1546/1546
f 1551/1551/1551 1550/1550/1550 1549/1549/1549
f 1554/1554/1554 1553/1553/1553 1552/1552/1552
f 1557/1557/1557 1556/1556/1556 1555/1555/1555
f 1560/1560/1560 1559/1559/1559 1558/1558/1558
f 1563/1563/1563 1562/1562/1562 1561/1561/1561
f 1566/1566/1566 1565/1565/1565 1564/1564/1564
f 1569/1569/1569 1568/1568/1568 1567/1567/1567
f 1572/1572/1572 1571/1571/1571 1570/1570/1570
f 1575/1575/1575 1574/1574/1574 1573/1573/1573
f 1578/1578/1578 1577/1577/1577 1576/1576/1576
f 1581/1581/1581 1580/1580/1580 1579/1579/1579
f 1584/1584/1584 1583/1583/1583 1582/1582/1582
f 1587/1587/1587 1586/1586/1586 1585/1585/1585
f 1590/1590/1590 1589/1589/1589 1588/1588/1588
f 1593/1593/1593 1592/1592/1592 1591/1591/1591
f 1596/1596/1596 1595/1595/1595 1594/1594/1594
f 1599/1599/1599 1598/1598/1598 1597/1597/1597
f 1602/1602/1602 1601/1601/1601 1600/1600/1600
f 1605/1605/1605 1604/1604/1604 1603/1603/1603
f 1608/1608/1608 1607/1607/1607 1606/1606/1606
f 1611/1611/1611 1610/1610/1610 1609/1609/1609
f 1614/1614/1614 1613/1613/1613 1612/1612/1612
f 1617/1617/1617 1616/1616/1616 1615/1615/1615
f 1620/1620/1620 1619/1619/1619 1618/1618/1618
f 1623/1623/1623 1622/1622/1622 1621/1621/1621
f 1626/1626/1626 1625/1625/1625 1624/1624/1624
f 1629/1629/1629 1628/1628/1628 1627/1627/1627
f 1632/1632/1632 1631/1631/1631 1630/1630/1630
f 1635/1635/1635 1634/1634/1634 1633/1633/1633
f 1638/1638/1638 1637/1637/1637 1636/1636/1636
f 1641/1641/1641 1640/1640/1640 1639/1639/1639
f 1644/1644/1644 1643/1643/1643 1642/1642/1642
f 1647/1647/1647 1646/1646/1646 1645/1645/1645
f 1650/1650/1650 1649/1649/1649 1648/1648/1648
f 1653/1653/1653 1652/1652/1652 1651/1651/1651
f 1656/1656/1656 1655/1655/1655 1654/1654/1654
f 1659/1659/1659 1658/1658/1658 1657/1657/1657
f 1662/1662/1662 1661/1661/1661 1660/1660/1660
f 1665/1665/1665 1664/1664/1664 1663/1663/1663
f 1668/1668/1668 1667/1667/1667 1666/1666/1666
f 1671/1671/1671 1670/1670/1670 1669/1669/1669
f 1674/1674/1674 1673/1673/1673 1672/1672/1672
f 1677/1677/1677 1676/1676/1676 1675/1675/1675
f 1680/1680/1680 1679/1679/1679 1678/1678/1678
f 1683/1683/1683 1682/1682/1682 1681/1681/1681
f 1686/1686/1686 1685/1685/1685 1684/1684/1684
f 1689/1689/1689 1688/1688/1688 1687/1687/1687
f 1692/1692/1692 1691/1691/1691 1690/1690/1690
f 1695/1695/1695 1694/1694/1694 1693/1693/1693
f 1698/1698/1698 1697/1697/1697 1696/1696/1696
f 1701/1701/1701 1700/1700/1700 1699/1699/1699
f 1704/1704/1704 1703/1703/1703 1702/1702/1702
f 1707/1707/1707 1706/1706/1706 1705/1705/1705
f 1710/1710/1710 1709/1709/1709 1708/1708/1708
f 1713/1713/1713 1712/1712/1712 1711/1711/1711
f 1716/1716/1716 1715/1715/1715 1714/1714/1714
f 1719/1719/1719 1718/1718/1718 1717/1717/1717
f 1722/1722/1722 1721/1721/1721 1720/1720/1720
f 1725/1725/1725 1724/1724/1724 1723/1723/1723
f 1728/1728/1728 1727/1727/1727 1726/1726/1726
f 1731/1731/1731 1730/1730/1730 1729/1729/1729
f 1734/1734/1734 1733/1733/1733 1732/1732/1732
f 1737/1737/1737 1736/1736/1736 1735/1735/1735
f 1740/1740/1740 1739/1739/1739 1738/1738/1738
f 1743/1743/1743 1742/1742/1742 1741/1741/1741
f 1746/1746/1746 1745/1745/1745 1744/1744/1744
f 1749/1749/1749 1748/1748/1748 1747/1747/1747
f 1752/1752/1752 1751/1751/1751 1750/1750/1750
f 1755/1755/1755 1754/1754/1754 1753/1753/1753
f 1758/1758/1758 1757/1757/1757 1756/1756/1756
f 1761/1761/1761 1760/1760/1760 1759/1759/1759
f 1764/1764/1764 1763/1763/1763 1762/1762/1762
f 1767/1767/1767 1766/1766/1766 1765/1765/1765
f 1770/1770/1770 1769/1769/1769 1768/1768/1768
f 1773/1773/1773 1772/1772/1772 1771/1771/1771
f 1776/1776/1776 1775/1775/1775 1774/1774/1774
f 1779/1779/1779 1778/1778/1778 1777/1777/1777
f 1782/1782/1782 1781/1781/1781 1780/1780/1780
f 1785/1785/1785 1784/1784/1784 1783/1783/1783
f 1788/1788/1788 1787/1787/1787 1786/1786/1786
f 1791/1791/1791 1790/1790/1790 1789/1789/1789
f 1794/1794/1794 1793/1793/1793 1792/1792/1792
f 1797/1797/1797 1796/1796/1796 1795/1795/1795
f 1800/1800/1800 1799/1799/1799 1798/1798/1798
f 1803/1803/1803 1802/1802/1802 1801/1801/1801
f 1806/1806/1806 1805/1805/1805 1804/1804/1804
f 1809/1809/1809 1808/1808/1808 1807/1807/1807
f 1812/1812/1812 1811/1811/1811 1810/1810/1810
f 1815/1815/1815 1814/1814/1814 1813/1813/1813
f 1818/1818/1818 1817/1817/1817 1816/1816/1816
f 1821/1821/1821 1820/1820/1820 1819/1819/1819
f 1824/1824/1824 1823/1823/1823 1822/1822/1822
f 1827/1827/1827 1826/1826/1826 1825/1825/1825
f 1830/1830/1830 1829/1829/1829 1828/1828/1828
f 1833/1833/1833 1832/1832/1832 1831/1831/1831
f 1836/1836/1836 1835/1835/1835 1834/1834/1834
f 1839/1839/1839 1838/1838/1838 1837/1837/1837
f 1842/1842/1842 1841/1841/1841 1840/1840/1840
f 1845/1845/1845 1844/1844/1844 1843/1843/1843
f 1848/1848/1848 1847/1847/1847 1846/1846/1846
f 1851/1851/1851 1850/1850/1850 1849/1849/1849
f 1854/1854/1854 1853/1853/1853 1852/1852/1852
f 1857/1857/1857 1856/1856/1856 1855/1855/1855
f 1860/1860/1860 1859/1859/1859 1858/1858/1858
f 1863/1863/1863 1862/1862/1862 1861/1861/1861
f 1866/1866/1866 1865/1865/1865 1864/1864/1864
f 1869/1869/1869 1868/1868/1868 1867/1867/1867
f 1872/1872/1872 1871/1871/1871 1870/1870/1870
f 1875/1875/1875 1874/1874/1874 1873/1873/1873
f 1878/1878/1878 1877/1877/1877 1876/1876/1876
f 1881/1881/1881 1880/1880/1880 1879/1879/1879
f 1884/1884/1884 1883/1883/1883 1882/1882/1882
f 1887/1887/1887 1886/1886/1886 1885/1885/1885
f 1890/1890/1890 1889/1889/1889 1888/1888/1888
f 1893/1893/1893 1892/1892/1892 1891/1891/1891
f 1896/1896/1896 1895/1895/1895 1894/1894/1894
f 1899/1899/1899 1898/1898/1898 1897/1897/1897
f 1902/1902/1902 1901/1901/1901 1900/1900/1900
f 1905/1905/1905 1904/1904/1904 1903/1903/1903
f 1908/1908/1908 1907/1907/1907 1906/1906/1906
f 1911/1911/1911 1910/1910/1910 1909/1909/1909
f 1914/1914/1914 1913/1913/1913 1912/1912/1912
f 1917/1917/1917 1916/1916/1916 1915/1915/1915
f 1920/1920/1920 1919/1919/1919 1918/1918/1918
f 1923/1923/1923 1922/1922/1922 1921/1921/1921
f 1926/1926/1926 1925/1925/1925 1924/1924/1924
f 1929/1929/1929 1928/1928/1928 1927/1927/1927
f 1932/1932/1932 1931/1931/1931 1930/1930/1930
f 1935/1935/1935 1934/1934/1934 1933/1933/1933
f 1938/1938/1938 1937/1937/1937 1936/1936/1936
f 1941/1941/1941 1940/1940/1940 1939/1939/1939
f 1944/1944/1944 1943/1943/1943 1942/1942/1942
f 1947/1947/1947 1946/1946/1946 1945/1945/1945
f 1950/1950/1950 1949/1949/1949 1948/1948/1948
f 1953/1953/1953 1952/1952/1952 1951/1951/1951
f 1956/1956/1956 1955/1955/1955 1954/1954/1954
f 1959/1959/1959 1958/1958/1958 1957/1957/1957
f 1962/1962/1962 1961/1961/1961 1960/1960/1960
f 1965/1965/1965 1964/1964/1964 1963/1963/1963
f 1968/1968/1968 1967/1967/1967 1966/1966/1966
f 1971/1971/1971 1970/1970/1970 1969/1969/1969
f 1974/1974/1974 1973/1973/1973 1972/1972/1972
f 1977/1977/1977 1976/1976/1976 1975/1975/1975
f 1980/1980/1980 1979/1979/1979 1978/1978/1978
f 1983/1983/1983 1982/1982/1982 1981/1981/1981
f 1986/1986/1986 1985/1985/1985 1984/1984/1984
f 1989/1989/1989 1988/1988/1988 1987/1987/1987
f 1992/1992/1992 1991/1991/1991 1990/1990/1990
f 1995/1995/1995 1994/1994/1994 1993/1993/1993
f 1998/1998/1998 1997/1997/1997 1996/1996/1996
f 2001/2001/2001 2000/2000/2000 1999/1999/1999
f 2004/2004/2004 2003/2003/2003 2002/2002/2002
f 2007/2007/2007 2006/2006/2006 2005/2005/2005
f 2010/2010/2010 2009/2009/2009 2008/2008/2008
f 2013/2013/2013 2012/2012/2012 2011/2011/2011
f 2016/2016/2016 2015/2015/2015 2014/2014/2014
f 2019/2019/2019 2018/2018/2018 2017/2017/2017
f 2022/2022/2022 2021/2021/2021 2020/2020/2020
f 2025/2025/2025 2024/2024/2024 2023/2023/2023
f 2028/2028/2028 2027/2027/2027 2026/2026/2026
f 2031/2031/2031 2030/2030/2030 2029/2029/2029
f 2034/2034/2034 2033/2033/2033 2032/2032/2032
f 2037/2037/2037 2036/2036/2036 2035/2035/2035
f 2040/2040/2040 2039/2039/2039 2038/2038/2038
f 2043/2043/2043 2042/2042/2042 2041/2041/2041
f 2046/2046/2046 2045/2045/2045 2044/2044/2044
f 2049/2049/2049 2048/2048/2048 2047/2047/2047
f 2052/2052/2052 2051/2051/2051 2050/2050/2050
f 2055/2055/2055 2054/2054/2054 2053/2053/2053
f 2058/2058/2058 2057/2057/2057 2056/2056/2056
f 2061/2061/2061 2060/2060/2060 2059/2059/2059
f 2064/2064/2064 2063/2063/2063 2062/2062/2062
f 2067/2067/2067 2066/2066/2066 2065/2065/2065
f 2070/2070/2070 2069/2069/2069 2068/2068/2068
f 2073/2073/2073 2072/2072/2072 2071/2071/2071
f 2076/2076/2076 2075/2075/2075 2074/2074/2074
f 2079/2079/2079 2078/2078/2078 2077/2077/2077
f 2082/2082/2082 2081/2081/2081 2080/2080/2080
f 2085/2085/2085 2084/2084/2084 2083/2083/2083
f 2088/2088/2088 2087/2087/2087 2086/2086/2086
f 2091/2091/2091 2090/2090/2090 2089/2089/2089
f 2094/2094/2094 2093/2093/2093 2092/2092/2092
f 2097/2097/2097 2096/2096/2096 2095/2095/2095
f 2100/2100/2100 2099/2099/2099 2098/2098/2098
f 2103/2103/2103 2102/2102/2102 2101/2101/2101
f 2106/2106/2106 2105/2105/2105 2104/2104/2104
f 2109/2109/2109 2108/2108/2108 2107/2107/2107
f 2112/2112/2112 2111/2111/2111 2110/2110/2110
f 2115/2115/2115 2114/2114/2114 2113/2113/2113
f 2118/2118/2118 2117/2117/2117 2116/2116/2116
f 2121/2121/2121 2120/2120/2120 2119/2119/2119
f 2124/2124/2124 2123/2123/2123 2122/2122/2122
f 2127/2127/2127 2126/2126/2126 2125/2125/2125
f 2130/2130/2130 2129/2129/2129 2128/2128/2128
f 2133/2133/2133 2132/2132/2132 2131/2131/2131
f 2136/2136/2136 2135/2135/2135 2134/2134/2134
f 2139/2139/2139 2138/2138/2138 2137/2137/2137
f 2142/2142/2142 2141/2141/2141 2140/2140/2140
f 2145/2145/2145 2144/2144/2144 2143/2143/2143
f 2148/2148/2148 2147/2147/2147 2146/2146/2146
f 2151/2151/2151 2150/2150/2150 2149/2149/2149
f 2154/2154/2154 2153/2153/2153 2152/2152/2152
f 2157/2157/2157 2156/2156/2156 2155/2155/2155
f 2160/2160/2160 2159/2159/2159 2158/2158/2158
f 2163/2163/2163 2162/2162/2162 2161/2161/2161
f 2166/2166/2166 2165/2165/2165 2164/2164/2164
f 2169/2169/2169 2168/2168/2168 2167/2167/2167
f 2172/2172/2172 2171/2171/2171 2170/2170/2170
f 2175/2175/2175 2174/2174/2174 2173/2173/2173
f 2178/2178/2178 2177/2177/2177 2176/2176/2176
f 2181/2181/2181 2180/2180/2180 2179/2179/2179
f 2184/2184/2184 2183/2183/2183 2182/2182/2182
f 2187/2187/2187 2186/2186/2186 2185/2185/2185
f 2190/2190/2190 2189/2189/2189 2188/2188/2188
f 2193/2193/2193 2192/2192/2192 2191/2191/2191
f 2196/2196/2196 2195/2195/2195 2194/2194/2194
f 2199/2199/2199 2198/2198/2198 2197/2197/2197
f 2202/2202/2202 2201/2201/2201 2200/2200/2200
f 2205/2205/2205 2204/2204/2204 2203/2203/2203
f 2208/2208/2208 2207/2207/2207 2206/2206/2206
f 2211/2211/2211 2210/2210/2210 2209/2209/2209
f 2214/2214/2214 2213/2213/2213 2212/2212/2212
f 2217/2217/2217 2216/2216/2216 2215/2215/2215
f 2220/2220/2220 2219/2219/2219 2218/2218/2218
f 2223/2223/2223 2222/2222/2222 2221/2221/2221
f 2226/2226/2226 2225/2225/2225 2224/2224/2224
f 2229/2229/2229 2228/2228/2228 2227/2227/2227
f 2232/2232/2232 2231/2231/2231 2230/2230/2230
f 2235/2235/2235 2234/2234/2234 2233/2233/2233
f 2238/2238/2238 2237/2237/2237 2236/2236/2236
f 2241/2241/2241 2240/2240/2240 2239/2239/2239
f 2244/2244/2244 2243/2243/2243 2242/2242/2242
f 2247/2247/2247 2246/2246/2246 2245/2245/2245
f 2250/2250/2250 2249/2249/2249 2248/2248/2248
f 2253/2253/2253 2252/2252/2252 2251/2251/2251
f 2256/2256/2256 2255/2255/2255 2254/2254/2254
f 2259/2259/2259 2258/2258/2258 2257/2257/2257
f 2262/2262/2262 2261/2261/2261 2260/2260/2260
f 2265/2265/2265 2264/2264/2264 2263/2263/2263
f 2268/2268/2268 2267/2267/2267 2266/2266/2266
f 2271/2271/2271 2270/2270/2270 2269/2269/2269
f 2274/2274/2274 2273/2273/2273 2272/2272/2272
f 2277/2277/2277 2276/2276/2276 2275/2275/2275
f 2280/2280/2280 2279/2279/2279 2278/2278/2278
f 2283/2283/2283 2282/2282/2282 2281/2281/2281
f 2286/2286/2286 2285/2285/2285 2284/2284/2284
f 2289/2289/2289 2288/2288/2288 2287/2287/2287
f 2292/2292/2292 2291/2291/2291 2290/2290/2290
f 2295/2295/2295 2294/2294/2294 2293/2293/2293
f 2298/2298/2298 2297/2297/2297 2296/2296/2296
f 2301/2301/2301 2300/2300/2300 2299/2299/2299
f 2304/2304/2304 2303/2303/2303 2302/2302/2302
f 2307/2307/2307 2306/2306/2306 2305/2305/2305
f 2310/2310/2310 2309/2309/2309 2308/2308/2308
f 2313/2313/2313 2312/2312/2312 2311/2311/2311
f 2316/2316/2316 2315/2315/2315 2314/2314/2314
f 2319/2319/2319 2318/2318/2318 2317/2317/2317
f 2322/2322/2322 2321/2321/2321 2320/2320/2320
f 2325/2325/2325 2324/2324/2324 2323/2323/2323
f 2328/2328/2328 2327/2327/2327 2326/2326/2326
f 2331/2331/2331 2330/2330/2330 2329/2329/2329
f 2334/2334/2334 2333/2333/2333 2332/2332/2332
f 2337/2337/2337 2336/2336/2336 2335/2335/2335
f 2340/2340/2340 2339/2339/2339 2338/2338/2338
f 2343/2343/2343 2342/2342/2342 2341/2341/2341
f 2346/2346/2346 2345/2345/2345 2344/2344/2344
f 2349/2349/2349 2348/2348/2348 2347/2347/2347
f 2352/2352/2352 2351/2351/2351 2350/2350/2350
f 2355/2355/2355 2354/2354/2354 2353/2353/2353
f 2358/2358/2358 2357/2357/2357 2356/2356/2356
f 2361/2361/2361 2360/2360/2360 2359/2359/2359
f 2364/2364/2364 2363/2363/2363 2362/2362/2362
f 2367/2367/2367 2366/2366/2366 2365/2365/2365
f 2370/2370/2370 2369/2369/2369 2368/2368/2368
f 2373/2373/2373 2372/2372/2372 2371/2371/2371
f 2376/2376/2376 2375/2375/2375 2374/2374/2374
f 2379/2379/2379 2378/2378/2378 2377/2377/2377
f 2382/2382/2382 2381/2381/2381 2380/2380/2380
f 2385/2385/2385 2384/2384/2384 2383/2383/2383
f 2388/2388/2388 2387/2387/2387 2386/2386/2386
f 2391/2391/2391 2390/2390/2390 2389/2389/2389
f 2394/2394/2394 2393/2393/2393 2392/2392/2392
f 2397/2397/2397 2396/2396/2396 2395/2395/2395
f 2400/2400/2400 2399/2399/2399 2398/2398/2398
f 2403/2403/2403 2402/2402/2402 2401/2401/2401
f 2406/2406/2406 2405/2405/2405 2404/2404/2404
f 2409/2409/2409 2408/2408/2408 2407/2407/2407
f 2412/2412/2412 2411/2411/2411 2410/2410/2410
f 2415/2415/2415 2414/2414/2414 2413/2413/2413
f 2418/2418/2418 2417/2417/2417 2416/2416/2416
f 2421/2421/2421 2420/2420/2420 2419/2419/2419
f 2424/2424/2424 2423/2423/2423 2422/2422/2422
f 2427/2427/2427 2426/2426/2426 2425/2425/2425
f 2430/2430/2430 2429/2429/2429 2428/2428/2428
f 2433/2433/2433 2432/2432/2432 2431/2431/2431
f 2436/2436/2436 2435/2435/2435 2434/2434/2434
f 2439/2439/2439 2438/2438/2438 2437/2437/2437
f 2442/2442/2442 2441/2441/2441 2440/2440/2440
f 2445/2445/2445 2444/2444/2444 2443/2443/2443
f 2448/2448/2448 2447/2447/2447 2446/2446/2446
f 2451/2451/2451 2450/2450/2450 2449/2449/2449
f 2454/2454/2454 2453/2453/2453 2452/2452/2452
f 2457/2457/2457 2456/2456/2456 2455/2455/2455
f 2460/2460/2460 2459/2459/2459 2458/2458/2458
f 2463/2463/2463 2462/2462/2462 2461/2461/2461
f 2466/2466/2466 2465/2465/2465 2464/2464/2464
f 2469/2469/2469 2468/2468/2468 2467/2467/2467
f 2472/2472/2472 2471/2471/2471 2470/2470/2470
f 2475/2475/2475 2474/2474/2474 2473/2473/2473
f 2478/2478/2478 2477/2477/2477 2476/2476/2476
f 2481/2481/2481 2480/2480/2480 2479/2479/2479
f 2484/2484/2484 2483/2483/2483 2482/2482/2482
f 2487/2487/2487 2486/2486/2486 2485/2485/2485
f 2490/2490/2490 2489/2489/2489 2488/2488/2488
f 2493/2493/2493 2492/2492/2492 2491/2491/2491
f 2496/2496/2496 2495/2495/2495 2494/2494/2494
f 2499/2499/2499 2498/2498/2498 2497/2497/2497
f 2502/2502/2502 2501/2501/2501 2500/2500/2500
f 2505/2505/2505 2504/2504/2504 2503/2503/2503
f 2508/2508/2508 2507/2507/2507 2506/2506/2506
f 2511/2511/2511 2510/2510/2510 2509/2509/2509
f 2514/2514/2514 2513/2513/2513 2512/2512/2512
f 2517/2517/2517 2516/2516/2516 2515/2515/2515
f 2520/2520/2520 2519/2519/2519 2518/2518/2518
f 2523/2523/2523 2522/2522/2522 2521/2521/2521
f 2526/2526/2526 2525/2525/2525 2524/2524/2524
f 2529/2529/2529 2528/2528/2528 2527/2527/2527
f 2532/2532/2532 2531/2531/2531 2530/2530/2530
f 2535/2535/2535 2534/2534/2534 2533/2533/2533
f 2538/2538/2538 2537/2537/2537 2536/2536/2536
f 2541/2541/2541 2540/2540/2540 2539/2539/2539
f 2544/2544/2544 2543/2543/2543 2542/2542/2542
f 2547/2547/2547 2546/2546/2546 2545/2545/2545
f 2550/2550/2550 2549/2549/2549 2548/2548/2548
f 2553/2553/2553 2552/2552/2552 2551/2551/2551
f 2556/2556/2556 2555/2555/2555 2554/2554/2554
f 2559/2559/2559 2558/2558/2558 2557/2557/2557
f 2562/2562/2562 2561/2561/2561 2560/2560/2560
f 2565/2565/2565 2564/2564/2564 2563/2563/2563
f 2568/2568/2568 2567/2567/2567 2566/2566/2566
f 2571/2571/2571 2570/2570/2570 2569/2569/2569
f 2574/2574/2574 2573/2573/2573 2572/2572/2572
f 2577/2577/2577 2576/2576/2576 2575/2575/2575
f 2580/2580/2580 2579/2579/2579 2578/2578/2578
f 2583/2583/2583 2582/2582/2582 2581/2581/2581
f 2586/2586/2586 2585/2585/2585 2584/2584/2584
f 2589/2589/2589 2588/2588/2588 2587/2587/2587
f 2592/2592/2592 2591/2591/2591 2590/2590/2590
f 2595/2595/2595 2594/2594/2594 2593/2593/2593
f 2598/2598/2598 2597/2597/2597 2596/2596/2596
f 2601/2601/2601 2600/2600/2600 2599/2599/2599
f 2604/2604/2604 2603/2603/2603 2602/2602/2602
f 2607/2607/2607 2606/2606/2606 2605/2605/2605
f 2610/2610/2610 2609/2609/2609 2608/2608/2608
f 2613/2613/2613 2612/2612/2612 2611/2611/2611
f 2616/2616/2616 2615/2615/2615 2614/2614/2614
f 2619/2619/2619 2618/2618/2618 2617/2617/2617
f 2622/2622/2622 2621/2621/2621 2620/2620/2620
f 2625/2625/2625 2624/2624/2624 2623/2623/2623
f 2628/2628/2628 2627/2627/2627 2626/2626/2626
f 2631/2631/2631 2630/2630/2630 2629/2629/2629
f 2634/2634/2634 2633/2633/2633 2632/2632/2632
f 2637/2637/2637 2636/2636/2636 2635/2635/2635
f 2640/2640/2640 2639/2639/2639 2638/2638/2638
f 2643/2643/2643 2642/2642/2642 2641/2641/2641
f 2646/2646/2646 2645/2645/2645 2644/2644/2644
f 2649/2649/2649 2648/2648/2648 2647/2647/2647
f 2652/2652/2652 2651/2651/2651 2650/2650/2650
f 2655/2655/2655 2654/2654/2654 2653/2653/2653
f 2658/2658/2658 2657/2657/2657 2656/2656/2656
f 2661/2661/2661 2660/2660/2660 2659/2659/2659
f 2664/2664/2664 2663/2663/2663 2662/2662/2662
f 2667/2667/2667 2666/2666/2666 2665/2665/2665
f 2670/2670/2670 2669/2669/2669 2668/2668/2668
f 2673/2673/2673 2672/2672/2672 2671/2671/2671
f 2676/2676/2676 2675/2675/2675 2674/2674/2674
f 2679/2679/2679 2678/2678/2678 2677/2677/2677
f 2682/2682/2682 2681/2681/2681 2680/2680/2680
f 2685/2685/2685 2684/2684/2684 2683/2683/2683
f 2688/2688/2688 2687/2687/2687 2686/2686/2686
f 2691/2691/2691 2690/2690/2690 2689/2689/2689
f 2694/2694/2694 2693/2693/2693 2692/2692/2692
f 2697/2697/2697 2696/2696/2696 2695/2695/2695
f 2700/2700/2700 2699/2699/2699 2698/2698/2698
f 2703/2703/2703 2702/2702/2702 2701/2701/2701
f 2706/2706/2706 2705/2705/2705 2704/2704/2704
f 2709/2709/2709 2708/2708/2708 2707/2707/2707
f 2712/2712/2712 2711/2711/2711 2710/2710/2710
f 2715/2715/2715 2714/2714/2714 2713/2713/2713
f 2718/2718/2718 2717/2717/2717 2716/2716/2716
f 2721/2721/2721 2720/2720/2720 2719/2719/2719
f 2724/2724/2724 2723/2723/2723 2722/2722/2722
f 2727/2727/2727 2726/2726/2726 2725/2725/2725
f 2730/2730/2730 2729/2729/2729 2728/2728/2728
f 2733/2733/2733 2732/2732/2732 2731/2731/2731
f 2736/2736/2736 2735/2735/2735 2734/2734/2734
f 2739/2739/2739 2738/2738/2738 2737/2737/2737
f 2742/2742/2742 2741/2741/2741 2740/2740/2740
f 2745/2745/2745 2744/2744/2744 2743/2743/2743
f 2748/2748/2748 2747/2747/2747 2746/2746/2746
f 2751/2751/2751 2750/2750/2750 2749/2749/2749
f 2754/2754/2754 2753/2753/2753 2752/2752/2752
f 2757/2757/2757 2756/2756/2756 2755/2755/2755
f 2760/2760/2760 2759/2759/2759 2758/2758/2758
f 2763/2763/2763 2762/2762/2762 2761/2761/2761
f 2766/2766/2766 2765/2765/2765 2764/2764/2764
f 2769/2769/2769 2768/2768/2768 2767/2767/2767
f 2772/2772/2772 2771/2771/2771 2770/2770/2770
f 2775/2775/2775 2774/2774/2774 2773/2773/2773
f 2778/2778/2778 2777/2777/2777 2776/2776/2776
f 2781/2781/2781 2780/2780/2780 2779/2779/2779
f 2784/2784/2784 2783/2783/2783 2782/2782/2782
f 2787/2787/2787 2786/2786/2786 2785/2785/2785
f 2790/2790/2790 2789/2789/2789 2788/2788/2788
f 2793/2793/2793 2792/2792/2792 2791/2791/2791
f 2796/2796/2796 2795/2795/2795 2794/2794/2794
f 2799/2799/2799 2798/2798/2798 2797/2797/2797
f 2802/2802/2802 2801/2801/2801 2800/2800/2800
f 2805/2805/2805 2804/2804/2804 2803/2803/2803
f 2808/2808/2808 2807/2807/2807 2806/2806/2806
f 2811/2811/2811 2810/2810/2810 2809/2809/2809
f 2814/2814/2814 2813/2813/2813 2812/2812/2812
f 2817/2817/2817 2816/2816/2816 2815/2815/2815
f 2820/2820/2820 2819/2819/2819 2818/2818/2818
f 2823/2823/2823 2822/2822/2822 2821/2821/2821
f 2826/2826/2826 2825/2825/2825 2824/2824/2824
f 2829/2829/2829 2828/2828/2828 2827/2827/2827
f 2832/2832/2832 2831/2831/2831 2830/2830/2830
f 2835/2835/2835 2834/2834/2834 2833/2833/2833
f 2838/2838/2838 2837/2837/2837 2836/2836/2836
f 2841/2841/2841 2840/2840/2840 2839/2839/2839
f 2844/2844/2844 2843/2843/2843 2842/2842/2842
f 2847/2847/2847 2846/2846/2846 2845/2845/2845
f 2850/2850/2850 2849/2849/2849 2848/2848/2848
f 2853/2853/2853 2852/2852/2852 2851/2851/2851
f 2856/2856/2856 2855/2855/2855 2854/2854/2854
f 2859/2859/2859 2858/2858/2858 2857/2857/2857
f 2862/2862/2862 2861/2861/2861 2860/2860/2860
f 2865/2865/2865 2864/2864/2864 2863/2863/2863
f 2868/2868/2868 2867/2867/2867 2866/2866/2866
f 2871/2871/2871 2870/2870/2870 2869/2869/2869
f 2874/2874/2874 2873/2873/2873 2872/2872/2872
f 2877/2877/2877 2876/2876/2876 2875/2875/2875
f 2880/2880/2880 2879/2879/2879 2878/2878/2878
f 2883/2883/2883 2882/2882/2882 2881/2881/2881
f 2886/2886/2886 2885/2885/2885 2884/2884/2884
f 2889/2889/2889 2888/2888/2888 2887/2887/2887
f 2892/2892/2892 2891/2891/2891 2890/2890/2890
f 2895/2895/2895 2894/2894/2894 2893/2893/2893
f 2898/2898/2898 2897/2897/2897 2896/2896/2896
f 2901/2901/2901 2900/2900/2900 2899/2899/2899
f 2904/2904/2904 2903/2903/2903 2902/2902/2902
f 2907/2907/2907 2906/2906/2906 2905/2905/2905
f 2910/2910/2910 2909/2909/2909 2908/2908/2908
f 2913/2913/2913 2912/2912/2912 2911/2911/2911
f 2916/2916/2916 2915/2915/2915 2914/2914/2914
f 2919/2919/2919 2918/2918/2918 2917/2917/2917
f 2922/2922/2922 2921/2921/2921 2920/2920/2920
f 2925/2925/2925 2924/2924/2924 2923/2923/2923
f 2928/2928/2928 2927/2927/2927 2926/2926/2926
f 2931/2931/2931 2930/2930/2930 2929/2929/2929
f 2934/2934/2934 2933/2933/2933 2932/2932/2932
f 2937/2937/2937 2936/2936/2936 2935/2935/2935
f 2940/2940/2940 2939/2939/2939 2938/2938/2938
f 2943/2943/2943 2942/2942/2942 2941/2941/2941
f 2946/2946/2946 2945/2945/2945 2944/2944/2944
f 2949/2949/2949 2948/2948/2948 2947/2947/2947
f 2952/2952/2952 2951/2951/2951 2950/2950/2950
