# Static pose baked from local Project Zomboid assets
o Kate_Jacket
v 0.006804815 0.126139438 -0.273398890
v -0.023061916 0.123379759 -0.264955033
v -0.000053220 0.117352873 -0.296571701
v 0.026080083 0.131233908 -0.231552744
v 0.016334478 0.149994607 -0.194615309
v 0.003108642 0.143586223 -0.225019638
v 0.016334478 0.149994607 -0.194615309
v 0.026080083 0.131233908 -0.231552744
v 0.037292754 0.132325774 -0.201303039
v -0.045095660 0.072206084 -0.312087436
v 0.005211430 0.048336141 -0.311739447
v -0.011076992 0.077682925 -0.316797707
v 0.005211430 0.048336141 -0.311739447
v -0.045095660 0.072206084 -0.312087436
v -0.018863983 0.040211422 -0.296303967
v 0.072128194 0.008138337 -0.055571993
v 0.025123895 0.004552846 -0.097695735
v 0.026939671 -0.017215547 -0.057927633
v 0.025123895 0.004552846 -0.097695735
v 0.072128194 0.008138337 -0.055571993
v 0.065482699 0.029870240 -0.096764505
v 0.083498064 0.069183212 -0.082771246
v 0.072128194 0.008138337 -0.055571993
v 0.093199481 0.057256232 -0.047809107
v 0.072128194 0.008138337 -0.055571993
v 0.083498064 0.069183212 -0.082771246
v 0.065482699 0.029870240 -0.096764505
v 0.064479714 0.102528345 -0.064214556
v 0.082080122 0.090499536 -0.012893074
v 0.052509188 0.107405004 -0.008783818
v 0.082080122 0.090499536 -0.012893074
v 0.064479714 0.102528345 -0.064214556
v 0.083498064 0.069183212 -0.082771246
v 0.003108642 0.143586223 -0.225019638
v -0.007350361 0.149303215 -0.184354758
v -0.018386312 0.143324248 -0.206243151
v -0.007350361 0.149303215 -0.184354758
v 0.003108642 0.143586223 -0.225019638
v 0.016334478 0.149994607 -0.194615309
v 0.026939671 -0.017215547 -0.057927633
v -0.013963669 0.003367405 -0.075346280
v -0.019895310 -0.010347935 -0.032774594
v -0.013963669 0.003367405 -0.075346280
v 0.026939671 -0.017215547 -0.057927633
v 0.025123895 0.004552846 -0.097695735
v 0.024760024 0.023640328 -0.162273090
v -0.022366577 0.023918133 -0.179649912
v -0.017764037 0.021438821 -0.151369295
v -0.022366577 0.023918133 -0.179649912
v 0.024760024 0.023640328 -0.162273090
v 0.017364305 0.026123625 -0.206026093
v 0.026939671 -0.017215547 -0.057927633
v 0.082627186 -0.012791885 -0.006595042
v 0.072128194 0.008138337 -0.055571993
v 0.082627186 -0.012791885 -0.006595042
v 0.026939671 -0.017215547 -0.057927633
v 0.023768123 -0.032227441 -0.003706009
v 0.072128194 0.008138337 -0.055571993
v 0.102872569 0.051008198 -0.011410493
v 0.093199481 0.057256232 -0.047809107
v 0.102872569 0.051008198 -0.011410493
v 0.072128194 0.008138337 -0.055571993
v 0.082627186 -0.012791885 -0.006595042
v 0.027417303 0.014237341 -0.118627799
v 0.047634712 0.035771246 -0.167990807
v 0.024760024 0.023640328 -0.162273090
v 0.054661773 0.057591781 -0.174627344
v 0.054901591 0.097689571 -0.166038451
v 0.049843178 0.067966629 -0.212273602
v 0.051222520 0.103235332 -0.178063323
v 0.032795324 0.129142681 -0.153818396
v 0.032188791 0.129823190 -0.155392853
v 0.032795324 0.129142681 -0.153818396
v 0.051222520 0.103235332 -0.178063323
v 0.054901591 0.097689571 -0.166038451
v 0.032795324 0.129142681 -0.153818396
v 0.006077643 0.131908474 -0.149198276
v 0.032188791 0.129823190 -0.155392853
v 0.006077643 0.131908474 -0.149198276
v 0.032795324 0.129142681 -0.153818396
v 0.003678767 0.131241481 -0.148668800
v 0.098875558 0.100376499 -0.293829830
v 0.119428280 0.049217455 -0.254924113
v 0.082745258 0.073086060 -0.259845214
v 0.142734041 0.074241226 -0.300656827
v 0.138950780 0.005864209 -0.277047840
v 0.119428280 0.049217455 -0.254924113
v 0.138950780 0.005864209 -0.277047840
v 0.142734041 0.074241226 -0.300656827
v 0.166053142 0.032451053 -0.311582723
v 0.055149783 0.036369796 -0.294287557
v 0.119428280 0.049217455 -0.254924113
v 0.094713189 0.007211350 -0.297367536
v 0.119428280 0.049217455 -0.254924113
v 0.055149783 0.036369796 -0.294287557
v 0.082745258 0.073086060 -0.259845214
v 0.119428280 0.049217455 -0.254924113
v 0.160283613 -0.010525603 -0.280792606
v 0.094713189 0.007211350 -0.297367536
v 0.160283613 -0.010525603 -0.280792606
v 0.119428280 0.049217455 -0.254924113
v 0.138950780 0.005864209 -0.277047840
v 0.040580352 0.050335759 -0.299653637
v 0.055149783 0.036369796 -0.294287557
v 0.063759186 0.045563351 -0.317416852
v 0.055149783 0.036369796 -0.294287557
v 0.040580352 0.050335759 -0.299653637
v 0.045893432 0.055294580 -0.278047433
v 0.094713189 0.007211350 -0.297367536
v 0.174349564 0.015431770 -0.313542292
v 0.118936026 0.037450551 -0.332921395
v 0.174349564 0.015431770 -0.313542292
v 0.094713189 0.007211350 -0.297367536
v 0.160283613 -0.010525603 -0.280792606
v 0.088039188 0.079512288 -0.325865405
v 0.118936026 0.037450551 -0.332921395
v 0.142734041 0.074241226 -0.300656827
v 0.118936026 0.037450551 -0.332921395
v 0.166053142 0.032451053 -0.311582723
v 0.142734041 0.074241226 -0.300656827
v 0.166053142 0.032451053 -0.311582723
v 0.118936026 0.037450551 -0.332921395
v 0.174349564 0.015431770 -0.313542292
v 0.140529027 0.051657020 -0.314400392
v 0.092071335 0.073771382 -0.250562629
v 0.108066743 0.018714289 -0.273285235
v 0.092071335 0.073771382 -0.250562629
v 0.140529027 0.051657020 -0.314400392
v 0.111575784 0.094967894 -0.283705728
v 0.111575784 0.094967894 -0.283705728
v 0.076297132 0.111429892 -0.236868002
v 0.092071335 0.073771382 -0.250562629
v 0.076297132 0.111429892 -0.236868002
v 0.111575784 0.094967894 -0.283705728
v 0.091930348 0.132860262 -0.258428627
v 0.108066743 0.018714289 -0.273285235
v 0.141085608 0.077964083 -0.228094626
v 0.166837291 0.022309226 -0.247211216
v 0.141085608 0.077964083 -0.228094626
v 0.108066743 0.018714289 -0.273285235
v 0.092071335 0.073771382 -0.250562629
v 0.092071335 0.073771382 -0.250562629
v 0.119162458 0.123422043 -0.214835398
v 0.141085608 0.077964083 -0.228094626
v 0.119162458 0.123422043 -0.214835398
v 0.092071335 0.073771382 -0.250562629
v 0.076297132 0.111429892 -0.236868002
v 0.166837291 0.022309226 -0.247211216
v 0.156737357 0.094490100 -0.255044449
v 0.183710884 0.049661317 -0.288182135
v 0.156737357 0.094490100 -0.255044449
v 0.166837291 0.022309226 -0.247211216
v 0.141085608 0.077964083 -0.228094626
v 0.141085608 0.077964083 -0.228094626
v 0.127841843 0.135533658 -0.232232970
v 0.156737357 0.094490100 -0.255044449
v 0.127841843 0.135533658 -0.232232970
v 0.141085608 0.077964083 -0.228094626
v 0.119162458 0.123422043 -0.214835398
v 0.183710884 0.049661317 -0.288182135
v 0.111575784 0.094967894 -0.283705728
v 0.140529027 0.051657020 -0.314400392
v 0.111575784 0.094967894 -0.283705728
v 0.183710884 0.049661317 -0.288182135
v 0.156737357 0.094490100 -0.255044449
v 0.156737357 0.094490100 -0.255044449
v 0.091930348 0.132860262 -0.258428627
v 0.111575784 0.094967894 -0.283705728
v 0.091930348 0.132860262 -0.258428627
v 0.156737357 0.094490100 -0.255044449
v 0.127841843 0.135533658 -0.232232970
v 0.174349564 0.015431770 -0.313542292
v 0.140529027 0.051657020 -0.314400392
v 0.166053142 0.032451053 -0.311582723
v 0.140529027 0.051657020 -0.314400392
v 0.174349564 0.015431770 -0.313542292
v 0.183710884 0.049661317 -0.288182135
v 0.166053142 0.032451053 -0.311582723
v 0.108066743 0.018714289 -0.273285235
v 0.138950780 0.005864209 -0.277047840
v 0.108066743 0.018714289 -0.273285235
v 0.166053142 0.032451053 -0.311582723
v 0.140529027 0.051657020 -0.314400392
v 0.160283613 -0.010525603 -0.280792606
v 0.108066743 0.018714289 -0.273285235
v 0.166837291 0.022309226 -0.247211216
v 0.108066743 0.018714289 -0.273285235
v 0.160283613 -0.010525603 -0.280792606
v 0.138950780 0.005864209 -0.277047840
v 0.166837291 0.022309226 -0.247211216
v 0.174349564 0.015431770 -0.313542292
v 0.160283613 -0.010525603 -0.280792606
v 0.174349564 0.015431770 -0.313542292
v 0.166837291 0.022309226 -0.247211216
v 0.183710884 0.049661317 -0.288182135
v 0.022368929 0.076908696 -0.336164457
v 0.088039188 0.079512288 -0.325865405
v 0.026903369 0.101594283 -0.331682755
v 0.026903369 0.101594283 -0.331682755
v -0.011076992 0.077682925 -0.316797707
v 0.022368929 0.076908696 -0.336164457
v -0.011076992 0.077682925 -0.316797707
v 0.026903369 0.101594283 -0.331682755
v -0.008478609 0.097765807 -0.314272319
v 0.047634712 0.035771246 -0.167990807
v 0.017364305 0.026123625 -0.206026093
v 0.024760024 0.023640328 -0.162273090
v 0.017364305 0.026123625 -0.206026093
v 0.047634712 0.035771246 -0.167990807
v 0.038594920 0.030471693 -0.221407643
v -0.011076992 0.077682925 -0.316797707
v -0.039597823 0.095358407 -0.308681730
v -0.045095660 0.072206084 -0.312087436
v 0.029786663 0.125725815 -0.309898213
v 0.006804815 0.126139438 -0.273398890
v -0.000053220 0.117352873 -0.296571701
v 0.006804815 0.126139438 -0.273398890
v 0.029786663 0.125725815 -0.309898213
v 0.039877387 0.124678625 -0.282702361
v 0.098875558 0.100376499 -0.293829830
v 0.039877387 0.124678625 -0.282702361
v 0.029786663 0.125725815 -0.309898213
v 0.005211430 0.048336141 -0.311739447
v -0.018863983 0.040211422 -0.296303967
v 0.002217627 0.026266102 -0.255648217
v 0.002217627 0.026266102 -0.255648217
v -0.059715930 0.037310400 -0.276430791
v -0.039035820 0.024694795 -0.223327053
v -0.059715930 0.037310400 -0.276430791
v 0.002217627 0.026266102 -0.255648217
v -0.018863983 0.040211422 -0.296303967
v 0.022368929 0.076908696 -0.336164457
v -0.011076992 0.077682925 -0.316797707
v 0.005211430 0.048336141 -0.311739447
v 0.040580352 0.050335759 -0.299653637
v 0.005211430 0.048336141 -0.311739447
v 0.032001000 0.040346200 -0.281486329
v 0.045893432 0.055294580 -0.278047433
v 0.040431115 0.088911911 -0.246101336
v 0.046283400 0.107462764 -0.261551855
v 0.040431115 0.088911911 -0.246101336
v 0.045893432 0.055294580 -0.278047433
v 0.039909340 0.049184453 -0.266487570
v 0.023020331 0.124210095 -0.251873319
v 0.046283400 0.107462764 -0.261551855
v 0.040431115 0.088911911 -0.246101336
v 0.051725816 0.105750898 -0.199662181
v 0.048464563 0.090772415 -0.211254700
v 0.051222520 0.103235332 -0.178063323
v 0.049843178 0.067966629 -0.212273602
v 0.048814000 0.049298655 -0.215416995
v 0.054661773 0.057591781 -0.174627344
v 0.083498064 0.069183212 -0.082771246
v 0.093199481 0.057256232 -0.047809107
v 0.082080122 0.090499536 -0.012893074
v 0.093199481 0.057256232 -0.047809107
v 0.102872569 0.051008198 -0.011410493
v 0.082080122 0.090499536 -0.012893074
v -0.039597823 0.095358407 -0.308681730
v -0.011076992 0.077682925 -0.316797707
v -0.008478609 0.097765807 -0.314272319
v -0.023061916 0.123379759 -0.264955033
v -0.040149468 0.140586488 -0.216036935
v -0.034668942 0.107670662 -0.293422620
v 0.052509188 0.107405004 -0.008783818
v 0.008310571 0.121487128 -0.058443905
v 0.064479714 0.102528345 -0.064214556
v 0.008310571 0.121487128 -0.058443905
v 0.052509188 0.107405004 -0.008783818
v 0.009971743 0.123867354 -0.002388029
v -0.019895310 -0.010347935 -0.032774594
v 0.023768123 -0.032227441 -0.003706009
v 0.026939671 -0.017215547 -0.057927633
v 0.023768123 -0.032227441 -0.003706009
v -0.019895310 -0.010347935 -0.032774594
v -0.021686897 -0.019117937 -0.001299359
v -0.070786684 0.064050057 -0.303183681
v -0.059715930 0.037310400 -0.276430791
v -0.018863983 0.040211422 -0.296303967
v 0.001319753 0.130054363 -0.107105541
v 0.064479714 0.102528345 -0.064214556
v 0.008310571 0.121487128 -0.058443905
v 0.064479714 0.102528345 -0.064214556
v 0.001319753 0.130054363 -0.107105541
v 0.043353978 0.119891461 -0.118462264
v 0.043353978 0.119891461 -0.118462264
v 0.083498064 0.069183212 -0.082771246
v 0.064479714 0.102528345 -0.064214556
v 0.083498064 0.069183212 -0.082771246
v 0.043353978 0.119891461 -0.118462264
v 0.065328381 0.083756410 -0.128966486
v 0.065328381 0.083756410 -0.128966486
v 0.065482699 0.029870240 -0.096764505
v 0.083498064 0.069183212 -0.082771246
v 0.065482699 0.029870240 -0.096764505
v 0.065328381 0.083756410 -0.128966486
v 0.059102637 0.042897679 -0.125172753
v 0.065482699 0.029870240 -0.096764505
v 0.027417303 0.014237341 -0.118627799
v 0.025123895 0.004552846 -0.097695735
v 0.027417303 0.014237341 -0.118627799
v 0.065482699 0.029870240 -0.096764505
v 0.059102637 0.042897679 -0.125172753
v 0.025123895 0.004552846 -0.097695735
v -0.010688965 0.012368997 -0.107344926
v -0.013963669 0.003367405 -0.075346280
v -0.010688965 0.012368997 -0.107344926
v 0.025123895 0.004552846 -0.097695735
v 0.027417303 0.014237341 -0.118627799
v -0.039597823 0.095358407 -0.308681730
v -0.008478609 0.097765807 -0.314272319
v -0.034668942 0.107670662 -0.293422620
v -0.034668942 0.107670662 -0.293422620
v -0.008478609 0.097765807 -0.314272319
v -0.000053220 0.117352873 -0.296571701
v -0.000053220 0.117352873 -0.296571701
v 0.026903369 0.101594283 -0.331682755
v 0.029786663 0.125725815 -0.309898213
v 0.026903369 0.101594283 -0.331682755
v -0.000053220 0.117352873 -0.296571701
v -0.008478609 0.097765807 -0.314272319
v 0.026903369 0.101594283 -0.331682755
v 0.098875558 0.100376499 -0.293829830
v 0.029786663 0.125725815 -0.309898213
v 0.098875558 0.100376499 -0.293829830
v 0.026903369 0.101594283 -0.331682755
v 0.088039188 0.079512288 -0.325865405
v 0.088039188 0.079512288 -0.325865405
v 0.142734041 0.074241226 -0.300656827
v 0.098875558 0.100376499 -0.293829830
v 0.118936026 0.037450551 -0.332921395
v 0.088039188 0.079512288 -0.325865405
v 0.075249103 0.061174462 -0.327687385
v 0.059102637 0.042897679 -0.125172753
v 0.054661773 0.057591781 -0.174627344
v 0.047634712 0.035771246 -0.167990807
v 0.032444893 0.036283236 -0.270525800
v 0.039909340 0.049184453 -0.266487570
v 0.032001000 0.040346200 -0.281486329
v 0.048814000 0.049298655 -0.215416995
v 0.047634712 0.035771246 -0.167990807
v 0.054661773 0.057591781 -0.174627344
v 0.047634712 0.035771246 -0.167990807
v 0.048814000 0.049298655 -0.215416995
v 0.038594920 0.030471693 -0.221407643
v 0.047634712 0.035771246 -0.167990807
v 0.027417303 0.014237341 -0.118627799
v 0.059102637 0.042897679 -0.125172753
v -0.070786684 0.064050057 -0.303183681
v -0.018863983 0.040211422 -0.296303967
v -0.045095660 0.072206084 -0.312087436
v 0.002217627 0.026266102 -0.255648217
v 0.038594920 0.030471693 -0.221407643
v 0.032444893 0.036283236 -0.270525800
v 0.038594920 0.030471693 -0.221407643
v 0.002217627 0.026266102 -0.255648217
v 0.017364305 0.026123625 -0.206026093
v 0.038594920 0.030471693 -0.221407643
v 0.039909340 0.049184453 -0.266487570
v 0.032444893 0.036283236 -0.270525800
v 0.039909340 0.049184453 -0.266487570
v 0.038594920 0.030471693 -0.221407643
v 0.048814000 0.049298655 -0.215416995
v 0.039909340 0.049184453 -0.266487570
v 0.049843178 0.067966629 -0.212273602
v 0.036900820 0.074756616 -0.239270719
v 0.049843178 0.067966629 -0.212273602
v 0.039909340 0.049184453 -0.266487570
v 0.048814000 0.049298655 -0.215416995
v 0.036900820 0.074756616 -0.239270719
v 0.048464563 0.090772415 -0.211254700
v 0.040431115 0.088911911 -0.246101336
v 0.048464563 0.090772415 -0.211254700
v 0.036900820 0.074756616 -0.239270719
v 0.049843178 0.067966629 -0.212273602
v 0.039009696 0.114522715 -0.227489457
v 0.040431115 0.088911911 -0.246101336
v 0.048464563 0.090772415 -0.211254700
v 0.040431115 0.088911911 -0.246101336
v 0.039009696 0.114522715 -0.227489457
v 0.023020331 0.124210095 -0.251873319
v 0.003304261 0.139309944 -0.156875166
v 0.016334478 0.149994607 -0.194615309
v 0.033173190 0.139120462 -0.164395343
v 0.016334478 0.149994607 -0.194615309
v 0.003304261 0.139309944 -0.156875166
v -0.007350361 0.149303215 -0.184354758
v 0.033173190 0.139120462 -0.164395343
v 0.037292754 0.132325774 -0.201303039
v 0.048351438 0.122355520 -0.175972607
v 0.037292754 0.132325774 -0.201303039
v 0.033173190 0.139120462 -0.164395343
v 0.016334478 0.149994607 -0.194615309
v -0.004638081 0.138928493 -0.238159584
v 0.006804815 0.126139438 -0.273398890
v 0.023020331 0.124210095 -0.251873319
v 0.006804815 0.126139438 -0.273398890
v -0.004638081 0.138928493 -0.238159584
v -0.023061916 0.123379759 -0.264955033
v 0.023020331 0.124210095 -0.251873319
v 0.039877387 0.124678625 -0.282702361
v 0.046283400 0.107462764 -0.261551855
v 0.039877387 0.124678625 -0.282702361
v 0.023020331 0.124210095 -0.251873319
v 0.006804815 0.126139438 -0.273398890
v 0.039877387 0.124678625 -0.282702361
v 0.098875558 0.100376499 -0.293829830
v 0.046283400 0.107462764 -0.261551855
v 0.040580352 0.050335759 -0.299653637
v 0.039909340 0.049184453 -0.266487570
v 0.045893432 0.055294580 -0.278047433
v 0.039909340 0.049184453 -0.266487570
v 0.040580352 0.050335759 -0.299653637
v 0.032001000 0.040346200 -0.281486329
v -0.040149468 0.140586488 -0.216036935
v -0.023061916 0.123379759 -0.264955033
v -0.004638081 0.138928493 -0.238159584
v 0.032188791 0.129823190 -0.155392853
v 0.048351438 0.122355520 -0.175972607
v 0.051222520 0.103235332 -0.178063323
v 0.048351438 0.122355520 -0.175972607
v 0.032188791 0.129823190 -0.155392853
v 0.033173190 0.139120462 -0.164395343
v 0.051725816 0.105750898 -0.199662181
v 0.037292754 0.132325774 -0.201303039
v 0.039009696 0.114522715 -0.227489457
v 0.039009696 0.114522715 -0.227489457
v 0.026080083 0.131233908 -0.231552744
v 0.023020331 0.124210095 -0.251873319
v 0.023020331 0.124210095 -0.251873319
v 0.003108642 0.143586223 -0.225019638
v -0.004638081 0.138928493 -0.238159584
v 0.003108642 0.143586223 -0.225019638
v 0.023020331 0.124210095 -0.251873319
v 0.026080083 0.131233908 -0.231552744
v -0.004638081 0.138928493 -0.238159584
v -0.018386312 0.143324248 -0.206243151
v -0.040149468 0.140586488 -0.216036935
v -0.018511810 0.147193439 -0.181008131
v -0.018386312 0.143324248 -0.206243151
v -0.007350361 0.149303215 -0.184354758
v -0.008267077 0.137619527 -0.154679660
v -0.007350361 0.149303215 -0.184354758
v 0.003304261 0.139309944 -0.156875166
v -0.007350361 0.149303215 -0.184354758
v -0.008267077 0.137619527 -0.154679660
v -0.018511810 0.147193439 -0.181008131
v 0.032188791 0.129823190 -0.155392853
v 0.003304261 0.139309944 -0.156875166
v 0.033173190 0.139120462 -0.164395343
v 0.037292754 0.132325774 -0.201303039
v 0.051725816 0.105750898 -0.199662181
v 0.048351438 0.122355520 -0.175972607
v 0.048464563 0.090772415 -0.211254700
v 0.051725816 0.105750898 -0.199662181
v 0.039009696 0.114522715 -0.227489457
v 0.048351438 0.122355520 -0.175972607
v 0.051725816 0.105750898 -0.199662181
v 0.051222520 0.103235332 -0.178063323
v -0.017764037 0.021438821 -0.151369295
v 0.027417303 0.014237341 -0.118627799
v 0.024760024 0.023640328 -0.162273090
v 0.027417303 0.014237341 -0.118627799
v -0.017764037 0.021438821 -0.151369295
v -0.010688965 0.012368997 -0.107344926
v -0.039035820 0.024694795 -0.223327053
v 0.017364305 0.026123625 -0.206026093
v 0.002217627 0.026266102 -0.255648217
v 0.017364305 0.026123625 -0.206026093
v -0.039035820 0.024694795 -0.223327053
v -0.022366577 0.023918133 -0.179649912
v 0.005211430 0.048336141 -0.311739447
v 0.040580352 0.050335759 -0.299653637
v 0.022368929 0.076908696 -0.336164457
v 0.119428280 0.049217455 -0.254924113
v 0.098875558 0.100376499 -0.293829830
v 0.142734041 0.074241226 -0.300656827
v 0.022368929 0.076908696 -0.336164457
v 0.040580352 0.050335759 -0.299653637
v 0.075249103 0.061174462 -0.327687385
v 0.088039188 0.079512288 -0.325865405
v 0.022368929 0.076908696 -0.336164457
v 0.075249103 0.061174462 -0.327687385
v 0.003304261 0.139309944 -0.156875166
v 0.032188791 0.129823190 -0.155392853
v 0.006077643 0.131908474 -0.149198276
v -0.018511810 0.147193439 -0.181008131
v -0.016636459 0.137293513 -0.154621243
v -0.026113922 0.145955367 -0.178729918
v -0.016636459 0.137293513 -0.154621243
v -0.018511810 0.147193439 -0.181008131
v -0.008267077 0.137619527 -0.154679660
v -0.018386312 0.143324248 -0.206243151
v -0.018511810 0.147193439 -0.181008131
v -0.026113922 0.145955367 -0.178729918
v 0.003304261 0.139309944 -0.156875166
v 0.006077643 0.131908474 -0.149198276
v -0.008267077 0.137619527 -0.154679660
v -0.018386312 0.143324248 -0.206243151
v -0.026113922 0.145955367 -0.178729918
v -0.040149468 0.140586488 -0.216036935
v -0.018386312 0.143324248 -0.206243151
v -0.004638081 0.138928493 -0.238159584
v 0.003108642 0.143586223 -0.225019638
v 0.026080083 0.131233908 -0.231552744
v 0.039009696 0.114522715 -0.227489457
v 0.037292754 0.132325774 -0.201303039
v 0.040431115 0.088911911 -0.246101336
v 0.039909340 0.049184453 -0.266487570
v 0.036900820 0.074756616 -0.239270719
v 0.098875558 0.100376499 -0.293829830
v 0.082745258 0.073086060 -0.259845214
v 0.046283400 0.107462764 -0.261551855
v 0.082745258 0.073086060 -0.259845214
v 0.045893432 0.055294580 -0.278047433
v 0.046283400 0.107462764 -0.261551855
v 0.045893432 0.055294580 -0.278047433
v 0.082745258 0.073086060 -0.259845214
v 0.055149783 0.036369796 -0.294287557
v 0.094713189 0.007211350 -0.297367536
v 0.063759186 0.045563351 -0.317416852
v 0.055149783 0.036369796 -0.294287557
v 0.040580352 0.050335759 -0.299653637
v 0.063759186 0.045563351 -0.317416852
v 0.075249103 0.061174462 -0.327687385
v 0.063759186 0.045563351 -0.317416852
v 0.118936026 0.037450551 -0.332921395
v 0.075249103 0.061174462 -0.327687385
v 0.118936026 0.037450551 -0.332921395
v 0.063759186 0.045563351 -0.317416852
v 0.094713189 0.007211350 -0.297367536
v 0.032001000 0.040346200 -0.281486329
v 0.002217627 0.026266102 -0.255648217
v 0.032444893 0.036283236 -0.270525800
v 0.002217627 0.026266102 -0.255648217
v 0.032001000 0.040346200 -0.281486329
v 0.005211430 0.048336141 -0.311739447
v -0.000053220 0.117352873 -0.296571701
v -0.023061916 0.123379759 -0.264955033
v -0.034668942 0.107670662 -0.293422620
v 0.003678767 0.131241481 -0.148668800
v 0.032795324 0.129142681 -0.153818396
v 0.043353978 0.119891461 -0.118462264
v 0.043353978 0.119891461 -0.118462264
v 0.054901591 0.097689571 -0.166038451
v 0.065328381 0.083756410 -0.128966486
v 0.054901591 0.097689571 -0.166038451
v 0.043353978 0.119891461 -0.118462264
v 0.032795324 0.129142681 -0.153818396
v 0.054661773 0.057591781 -0.174627344
v 0.065328381 0.083756410 -0.128966486
v 0.054901591 0.097689571 -0.166038451
v 0.065328381 0.083756410 -0.128966486
v 0.054661773 0.057591781 -0.174627344
v 0.059102637 0.042897679 -0.125172753
v 0.001319753 0.130054363 -0.107105541
v 0.003678767 0.131241481 -0.148668800
v 0.043353978 0.119891461 -0.118462264
v 0.003678767 0.131241481 -0.148668800
v 0.001319753 0.130054363 -0.107105541
v -0.016636459 0.137293513 -0.154621243
v -0.008267077 0.137619527 -0.154679660
v 0.003678767 0.131241481 -0.148668800
v -0.016636459 0.137293513 -0.154621243
v 0.003678767 0.131241481 -0.148668800
v -0.008267077 0.137619527 -0.154679660
v 0.006077643 0.131908474 -0.149198276
v 0.048464563 0.090772415 -0.211254700
v 0.054901591 0.097689571 -0.166038451
v 0.051222520 0.103235332 -0.178063323
v 0.054901591 0.097689571 -0.166038451
v 0.048464563 0.090772415 -0.211254700
v 0.049843178 0.067966629 -0.212273602
v -0.116123604 0.114557153 -0.226430270
v -0.127055126 0.099131548 -0.247906924
v -0.086570374 0.119634325 -0.240749671
v -0.099238097 0.127025790 -0.183800177
v -0.068522925 0.147145140 -0.162280345
v -0.087541607 0.128133903 -0.153734831
v -0.068522925 0.147145140 -0.162280345
v -0.099238097 0.127025790 -0.183800177
v -0.078511530 0.140845461 -0.193918223
v -0.096316080 0.070486129 -0.292569864
v -0.121657706 0.032524665 -0.262940046
v -0.099111033 0.035530211 -0.265606360
v -0.121657706 0.032524665 -0.262940046
v -0.096316080 0.070486129 -0.292569864
v -0.121045258 0.062842928 -0.274551220
v -0.094823631 0.042591458 -0.049547237
v -0.055597201 0.016952900 -0.085945012
v -0.084931621 0.054109199 -0.077219829
v -0.055597201 0.016952900 -0.085945012
v -0.094823631 0.042591458 -0.049547237
v -0.064046489 0.001560870 -0.054644234
v -0.084819952 0.098843459 -0.066164108
v -0.094823631 0.042591458 -0.049547237
v -0.084931621 0.054109199 -0.077219829
v -0.094823631 0.042591458 -0.049547237
v -0.084819952 0.098843459 -0.066164108
v -0.093501040 0.095784805 -0.041071684
v -0.051275810 0.124147518 -0.055328294
v -0.076166488 0.119324757 -0.012467534
v -0.084819952 0.098843459 -0.066164108
v -0.076166488 0.119324757 -0.012467534
v -0.051275810 0.124147518 -0.055328294
v -0.035595386 0.126915603 -0.008362500
v -0.078511530 0.140845461 -0.193918223
v -0.044022839 0.148071773 -0.170380689
v -0.068522925 0.147145140 -0.162280345
v -0.044022839 0.148071773 -0.170380689
v -0.078511530 0.140845461 -0.193918223
v -0.050005862 0.142262480 -0.194194503
v -0.064046489 0.001560870 -0.054644234
v -0.013963669 0.003367405 -0.075346280
v -0.055597201 0.016952900 -0.085945012
v -0.013963669 0.003367405 -0.075346280
v -0.064046489 0.001560870 -0.054644234
v -0.019895310 -0.010347935 -0.032774594
v -0.057519454 0.027261514 -0.138732386
v -0.022366577 0.023918133 -0.179649912
v -0.069618879 0.023202776 -0.172881098
v -0.022366577 0.023918133 -0.179649912
v -0.057519454 0.027261514 -0.138732386
v -0.017764037 0.021438821 -0.151369295
v -0.064046489 0.001560870 -0.054644234
v -0.101615052 0.022015421 -0.007298759
v -0.068446822 -0.011806608 -0.003265035
v -0.101615052 0.022015421 -0.007298759
v -0.064046489 0.001560870 -0.054644234
v -0.094823631 0.042591458 -0.049547237
v -0.094823631 0.042591458 -0.049547237
v -0.104398808 0.086723603 -0.011753083
v -0.101615052 0.022015421 -0.007298759
v -0.104398808 0.086723603 -0.011753083
v -0.094823631 0.042591458 -0.049547237
v -0.093501040 0.095784805 -0.041071684
v -0.048931946 0.021404571 -0.101442286
v -0.057519454 0.027261514 -0.138732386
v -0.077408907 0.040047134 -0.130713103
v -0.084928204 0.061806004 -0.132328991
v -0.100410860 0.062921178 -0.155019211
v -0.077289189 0.100677453 -0.124754912
v -0.080760667 0.098803407 -0.127771050
v -0.050600847 0.130649928 -0.127311320
v -0.077289189 0.100677453 -0.124754912
v -0.050600847 0.130649928 -0.127311320
v -0.080760667 0.098803407 -0.127771050
v -0.053072105 0.126960174 -0.122904138
v -0.050600847 0.130649928 -0.127311320
v -0.029630947 0.130709398 -0.135591497
v -0.026148299 0.130797969 -0.137986059
v -0.029630947 0.130709398 -0.135591497
v -0.050600847 0.130649928 -0.127311320
v -0.053072105 0.126960174 -0.122904138
v -0.192590707 0.083703488 -0.218931949
v -0.178265961 0.062369263 -0.180207781
v -0.218303359 0.056231645 -0.162918721
v -0.242750609 0.075145274 -0.210933664
v -0.262699004 0.047771012 -0.149080482
v -0.285648369 0.057784580 -0.194835449
v -0.262699004 0.047771012 -0.149080482
v -0.242750609 0.075145274 -0.210933664
v -0.218303359 0.056231645 -0.162918721
v -0.172827474 0.010298117 -0.203763797
v -0.218303359 0.056231645 -0.162918721
v -0.178265961 0.062369263 -0.180207781
v -0.218303359 0.056231645 -0.162918721
v -0.172827474 0.010298117 -0.203763797
v -0.219102910 -0.001569714 -0.191817762
v -0.218303359 0.056231645 -0.162918721
v -0.263683971 -0.005721032 -0.177921039
v -0.262699004 0.047771012 -0.149080482
v -0.263683971 -0.005721032 -0.177921039
v -0.218303359 0.056231645 -0.162918721
v -0.219102910 -0.001569714 -0.191817762
v -0.144008121 0.020974161 -0.224795722
v -0.172827474 0.010298117 -0.203763797
v -0.140407644 0.033214550 -0.202880660
v -0.172827474 0.010298117 -0.203763797
v -0.144008121 0.020974161 -0.224795722
v -0.183371231 0.015594684 -0.227309139
v -0.219102910 -0.001569714 -0.191817762
v -0.281583960 0.018644160 -0.210724381
v -0.263683971 -0.005721032 -0.177921039
v -0.281583960 0.018644160 -0.210724381
v -0.219102910 -0.001569714 -0.191817762
v -0.240297969 0.025008311 -0.231937698
v -0.196938360 0.052643417 -0.243332560
v -0.242750609 0.075145274 -0.210933664
v -0.240297969 0.025008311 -0.231937698
v -0.240297969 0.025008311 -0.231937698
v -0.285648369 0.057784580 -0.194835449
v -0.281583960 0.018644160 -0.210724381
v -0.285648369 0.057784580 -0.194835449
v -0.240297969 0.025008311 -0.231937698
v -0.242750609 0.075145274 -0.210933664
v -0.303916918 0.064618324 -0.187448047
v -0.341290700 0.049914654 -0.114650674
v -0.353910858 0.066106263 -0.153467474
v -0.341290700 0.049914654 -0.114650674
v -0.303916918 0.064618324 -0.187448047
v -0.282057005 0.048722814 -0.131779773
v -0.353910858 0.066106263 -0.153467474
v -0.381161587 0.049477467 -0.098903026
v -0.394304392 0.065237264 -0.125057033
v -0.381161587 0.049477467 -0.098903026
v -0.353910858 0.066106263 -0.153467474
v -0.341290700 0.049914654 -0.114650674
v -0.282057005 0.048722814 -0.131779773
v -0.348767729 0.002572008 -0.139701689
v -0.341290700 0.049914654 -0.114650674
v -0.348767729 0.002572008 -0.139701689
v -0.282057005 0.048722814 -0.131779773
v -0.289433759 -0.007602772 -0.162107356
v -0.341290700 0.049914654 -0.114650674
v -0.399871337 0.015030729 -0.126969828
v -0.381161587 0.049477467 -0.098903026
v -0.399871337 0.015030729 -0.126969828
v -0.341290700 0.049914654 -0.114650674
v -0.348767729 0.002572008 -0.139701689
v -0.289433759 -0.007602772 -0.162107356
v -0.358345121 0.015760506 -0.170986134
v -0.348767729 0.002572008 -0.139701689
v -0.358345121 0.015760506 -0.170986134
v -0.289433759 -0.007602772 -0.162107356
v -0.306393010 0.017147806 -0.204666303
v -0.348767729 0.002572008 -0.139701689
v -0.405658818 0.028099171 -0.144113017
v -0.399871337 0.015030729 -0.126969828
v -0.405658818 0.028099171 -0.144113017
v -0.348767729 0.002572008 -0.139701689
v -0.358345121 0.015760506 -0.170986134
v -0.306393010 0.017147806 -0.204666303
v -0.353910858 0.066106263 -0.153467474
v -0.358345121 0.015760506 -0.170986134
v -0.353910858 0.066106263 -0.153467474
v -0.306393010 0.017147806 -0.204666303
v -0.303916918 0.064618324 -0.187448047
v -0.358345121 0.015760506 -0.170986134
v -0.394304392 0.065237264 -0.125057033
v -0.405658818 0.028099171 -0.144113017
v -0.394304392 0.065237264 -0.125057033
v -0.358345121 0.015760506 -0.170986134
v -0.353910858 0.066106263 -0.153467474
v -0.281583960 0.018644160 -0.210724381
v -0.303916918 0.064618324 -0.187448047
v -0.306393010 0.017147806 -0.204666303
v -0.303916918 0.064618324 -0.187448047
v -0.281583960 0.018644160 -0.210724381
v -0.285648369 0.057784580 -0.194835449
v -0.285648369 0.057784580 -0.194835449
v -0.282057005 0.048722814 -0.131779773
v -0.303916918 0.064618324 -0.187448047
v -0.282057005 0.048722814 -0.131779773
v -0.285648369 0.057784580 -0.194835449
v -0.262699004 0.047771012 -0.149080482
v -0.263683971 -0.005721032 -0.177921039
v -0.282057005 0.048722814 -0.131779773
v -0.262699004 0.047771012 -0.149080482
v -0.282057005 0.048722814 -0.131779773
v -0.263683971 -0.005721032 -0.177921039
v -0.289433759 -0.007602772 -0.162107356
v -0.289433759 -0.007602772 -0.162107356
v -0.281583960 0.018644160 -0.210724381
v -0.306393010 0.017147806 -0.204666303
v -0.281583960 0.018644160 -0.210724381
v -0.289433759 -0.007602772 -0.162107356
v -0.263683971 -0.005721032 -0.177921039
v -0.150787752 0.042022371 -0.270407265
v -0.159873004 0.065051951 -0.262418843
v -0.196938360 0.052643417 -0.243332560
v -0.159873004 0.065051951 -0.262418843
v -0.121045258 0.062842928 -0.274551220
v -0.127066865 0.080434775 -0.268759520
v -0.121045258 0.062842928 -0.274551220
v -0.159873004 0.065051951 -0.262418843
v -0.150787752 0.042022371 -0.270407265
v -0.077408907 0.040047134 -0.130713103
v -0.069618879 0.023202776 -0.172881098
v -0.095910062 0.025955087 -0.170154439
v -0.069618879 0.023202776 -0.172881098
v -0.077408907 0.040047134 -0.130713103
v -0.057519454 0.027261514 -0.138732386
v -0.121045258 0.062842928 -0.274551220
v -0.096316080 0.070486129 -0.292569864
v -0.099502554 0.093346838 -0.285854996
v -0.157872166 0.089601278 -0.240484198
v -0.116123604 0.114557153 -0.226430270
v -0.147912890 0.092930248 -0.212477677
v -0.116123604 0.114557153 -0.226430270
v -0.157872166 0.089601278 -0.240484198
v -0.127055126 0.099131548 -0.247906924
v -0.192590707 0.083703488 -0.218931949
v -0.157872166 0.089601278 -0.240484198
v -0.147912890 0.092930248 -0.212477677
v -0.121657706 0.032524665 -0.262940046
v -0.091337163 0.023124582 -0.219999108
v -0.099111033 0.035530211 -0.265606360
v -0.091337163 0.023124582 -0.219999108
v -0.059715930 0.037310400 -0.276430791
v -0.099111033 0.035530211 -0.265606360
v -0.059715930 0.037310400 -0.276430791
v -0.091337163 0.023124582 -0.219999108
v -0.039035820 0.024694795 -0.223327053
v -0.150787752 0.042022371 -0.270407265
v -0.121657706 0.032524665 -0.262940046
v -0.121045258 0.062842928 -0.274551220
v -0.144008121 0.020974161 -0.224795722
v -0.124100904 0.022990958 -0.219380812
v -0.121657706 0.032524665 -0.262940046
v -0.140407644 0.033214550 -0.202880660
v -0.118426860 0.081212444 -0.184562360
v -0.129004009 0.040401887 -0.200059773
v -0.118426860 0.081212444 -0.184562360
v -0.140407644 0.033214550 -0.202880660
v -0.135611375 0.081982832 -0.193057544
v -0.110057493 0.119741413 -0.201163934
v -0.118426860 0.081212444 -0.184562360
v -0.135611375 0.081982832 -0.193057544
v -0.095642175 0.100802359 -0.143507520
v -0.080760667 0.098803407 -0.127771050
v -0.100042907 0.085785613 -0.154665839
v -0.100410860 0.062921178 -0.155019211
v -0.084928204 0.061806004 -0.132328991
v -0.100640538 0.044280051 -0.158467254
v -0.084819952 0.098843459 -0.066164108
v -0.076166488 0.119324757 -0.012467534
v -0.093501040 0.095784805 -0.041071684
v -0.093501040 0.095784805 -0.041071684
v -0.076166488 0.119324757 -0.012467534
v -0.104398808 0.086723603 -0.011753083
v -0.099502554 0.093346838 -0.285854996
v -0.127066865 0.080434775 -0.268759520
v -0.121045258 0.062842928 -0.274551220
v -0.086570374 0.119634325 -0.240749671
v -0.093749888 0.105686756 -0.270909790
v -0.040149468 0.140586488 -0.216036935
v -0.035595386 0.126915603 -0.008362500
v 0.008310571 0.121487128 -0.058443905
v 0.009971743 0.123867354 -0.002388029
v 0.008310571 0.121487128 -0.058443905
v -0.035595386 0.126915603 -0.008362500
v -0.051275810 0.124147518 -0.055328294
v -0.019895310 -0.010347935 -0.032774594
v -0.068446822 -0.011806608 -0.003265035
v -0.021686897 -0.019117937 -0.001299359
v -0.068446822 -0.011806608 -0.003265035
v -0.019895310 -0.010347935 -0.032774594
v -0.064046489 0.001560870 -0.054644234
v -0.070786684 0.064050057 -0.303183681
v -0.099111033 0.035530211 -0.265606360
v -0.059715930 0.037310400 -0.276430791
v 0.001319753 0.130054363 -0.107105541
v -0.051275810 0.124147518 -0.055328294
v -0.042729837 0.127972517 -0.099085590
v -0.051275810 0.124147518 -0.055328294
v 0.001319753 0.130054363 -0.107105541
v 0.008310571 0.121487128 -0.058443905
v -0.042729837 0.127972517 -0.099085590
v -0.084819952 0.098843459 -0.066164108
v -0.073645681 0.096802499 -0.097684704
v -0.084819952 0.098843459 -0.066164108
v -0.042729837 0.127972517 -0.099085590
v -0.051275810 0.124147518 -0.055328294
v -0.073645681 0.096802499 -0.097684704
v -0.084931621 0.054109199 -0.077219829
v -0.074307991 0.055421505 -0.095143249
v -0.084931621 0.054109199 -0.077219829
v -0.073645681 0.096802499 -0.097684704
v -0.084819952 0.098843459 -0.066164108
v -0.084931621 0.054109199 -0.077219829
v -0.048931946 0.021404571 -0.101442286
v -0.074307991 0.055421505 -0.095143249
v -0.048931946 0.021404571 -0.101442286
v -0.084931621 0.054109199 -0.077219829
v -0.055597201 0.016952900 -0.085945012
v -0.055597201 0.016952900 -0.085945012
v -0.010688965 0.012368997 -0.107344926
v -0.048931946 0.021404571 -0.101442286
v -0.010688965 0.012368997 -0.107344926
v -0.055597201 0.016952900 -0.085945012
v -0.013963669 0.003367405 -0.075346280
v -0.099502554 0.093346838 -0.285854996
v -0.093749888 0.105686756 -0.270909790
v -0.127066865 0.080434775 -0.268759520
v -0.093749888 0.105686756 -0.270909790
v -0.127055126 0.099131548 -0.247906924
v -0.127066865 0.080434775 -0.268759520
v -0.127055126 0.099131548 -0.247906924
v -0.159873004 0.065051951 -0.262418843
v -0.127066865 0.080434775 -0.268759520
v -0.159873004 0.065051951 -0.262418843
v -0.127055126 0.099131548 -0.247906924
v -0.157872166 0.089601278 -0.240484198
v -0.192590707 0.083703488 -0.218931949
v -0.159873004 0.065051951 -0.262418843
v -0.157872166 0.089601278 -0.240484198
v -0.159873004 0.065051951 -0.262418843
v -0.192590707 0.083703488 -0.218931949
v -0.196938360 0.052643417 -0.243332560
v -0.196938360 0.052643417 -0.243332560
v -0.192590707 0.083703488 -0.218931949
v -0.242750609 0.075145274 -0.210933664
v -0.240297969 0.025008311 -0.231937698
v -0.191440994 0.031068045 -0.240600587
v -0.196938360 0.052643417 -0.243332560
v -0.074307991 0.055421505 -0.095143249
v -0.077408907 0.040047134 -0.130713103
v -0.084928204 0.061806004 -0.132328991
v -0.125032071 0.027282423 -0.207754463
v -0.124100904 0.022990958 -0.219380812
v -0.129004009 0.040401887 -0.200059773
v -0.100640538 0.044280051 -0.158467254
v -0.077408907 0.040047134 -0.130713103
v -0.095910062 0.025955087 -0.170154439
v -0.077408907 0.040047134 -0.130713103
v -0.100640538 0.044280051 -0.158467254
v -0.084928204 0.061806004 -0.132328991
v -0.077408907 0.040047134 -0.130713103
v -0.074307991 0.055421505 -0.095143249
v -0.048931946 0.021404571 -0.101442286
v -0.070786684 0.064050057 -0.303183681
v -0.096316080 0.070486129 -0.292569864
v -0.099111033 0.035530211 -0.265606360
v -0.091337163 0.023124582 -0.219999108
v -0.095910062 0.025955087 -0.170154439
v -0.069618879 0.023202776 -0.172881098
v -0.095910062 0.025955087 -0.170154439
v -0.091337163 0.023124582 -0.219999108
v -0.125032071 0.027282423 -0.207754463
v -0.095910062 0.025955087 -0.170154439
v -0.129004009 0.040401887 -0.200059773
v -0.100640538 0.044280051 -0.158467254
v -0.129004009 0.040401887 -0.200059773
v -0.095910062 0.025955087 -0.170154439
v -0.125032071 0.027282423 -0.207754463
v -0.129004009 0.040401887 -0.200059773
v -0.100410860 0.062921178 -0.155019211
v -0.100640538 0.044280051 -0.158467254
v -0.100410860 0.062921178 -0.155019211
v -0.129004009 0.040401887 -0.200059773
v -0.109861990 0.068432720 -0.182352301
v -0.109861990 0.068432720 -0.182352301
v -0.100042907 0.085785613 -0.154665839
v -0.100410860 0.062921178 -0.155019211
v -0.100042907 0.085785613 -0.154665839
v -0.109861990 0.068432720 -0.182352301
v -0.118426860 0.081212444 -0.184562360
v -0.105186435 0.109680686 -0.172543435
v -0.118426860 0.081212444 -0.184562360
v -0.110057493 0.119741413 -0.201163934
v -0.118426860 0.081212444 -0.184562360
v -0.105186435 0.109680686 -0.172543435
v -0.100042907 0.085785613 -0.154665839
v -0.033102960 0.138087409 -0.143002172
v -0.068522925 0.147145140 -0.162280345
v -0.044022839 0.148071773 -0.170380689
v -0.068522925 0.147145140 -0.162280345
v -0.033102960 0.138087409 -0.143002172
v -0.060334900 0.135980510 -0.128764029
v -0.060334900 0.135980510 -0.128764029
v -0.087541607 0.128133903 -0.153734831
v -0.068522925 0.147145140 -0.162280345
v -0.087541607 0.128133903 -0.153734831
v -0.060334900 0.135980510 -0.128764029
v -0.078352786 0.118100859 -0.127691887
v -0.081205326 0.136357405 -0.208983589
v -0.116123604 0.114557153 -0.226430270
v -0.086570374 0.119634325 -0.240749671
v -0.116123604 0.114557153 -0.226430270
v -0.081205326 0.136357405 -0.208983589
v -0.110057493 0.119741413 -0.201163934
v -0.110057493 0.119741413 -0.201163934
v -0.147912890 0.092930248 -0.212477677
v -0.116123604 0.114557153 -0.226430270
v -0.147912890 0.092930248 -0.212477677
v -0.110057493 0.119741413 -0.201163934
v -0.135611375 0.081982832 -0.193057544
v -0.147912890 0.092930248 -0.212477677
v -0.135611375 0.081982832 -0.193057544
v -0.192590707 0.083703488 -0.218931949
v -0.144008121 0.020974161 -0.224795722
v -0.129004009 0.040401887 -0.200059773
v -0.124100904 0.022990958 -0.219380812
v -0.129004009 0.040401887 -0.200059773
v -0.144008121 0.020974161 -0.224795722
v -0.140407644 0.033214550 -0.202880660
v -0.040149468 0.140586488 -0.216036935
v -0.081205326 0.136357405 -0.208983589
v -0.086570374 0.119634325 -0.240749671
v -0.053072105 0.126960174 -0.122904138
v -0.078352786 0.118100859 -0.127691887
v -0.060334900 0.135980510 -0.128764029
v -0.078352786 0.118100859 -0.127691887
v -0.053072105 0.126960174 -0.122904138
v -0.080760667 0.098803407 -0.127771050
v -0.095642175 0.100802359 -0.143507520
v -0.105186435 0.109680686 -0.172543435
v -0.087541607 0.128133903 -0.153734831
v -0.105186435 0.109680686 -0.172543435
v -0.110057493 0.119741413 -0.201163934
v -0.099238097 0.127025790 -0.183800177
v -0.110057493 0.119741413 -0.201163934
v -0.078511530 0.140845461 -0.193918223
v -0.099238097 0.127025790 -0.183800177
v -0.078511530 0.140845461 -0.193918223
v -0.110057493 0.119741413 -0.201163934
v -0.081205326 0.136357405 -0.208983589
v -0.081205326 0.136357405 -0.208983589
v -0.040149468 0.140586488 -0.216036935
v -0.050005862 0.142262480 -0.194194503
v -0.033362370 0.146694765 -0.175349316
v -0.044022839 0.148071773 -0.170380689
v -0.050005862 0.142262480 -0.194194503
v -0.022927101 0.137127251 -0.149093449
v -0.044022839 0.148071773 -0.170380689
v -0.033362370 0.146694765 -0.175349316
v -0.044022839 0.148071773 -0.170380689
v -0.022927101 0.137127251 -0.149093449
v -0.033102960 0.138087409 -0.143002172
v -0.053072105 0.126960174 -0.122904138
v -0.060334900 0.135980510 -0.128764029
v -0.033102960 0.138087409 -0.143002172
v -0.087541607 0.128133903 -0.153734831
v -0.078352786 0.118100859 -0.127691887
v -0.095642175 0.100802359 -0.143507520
v -0.100042907 0.085785613 -0.154665839
v -0.105186435 0.109680686 -0.172543435
v -0.095642175 0.100802359 -0.143507520
v -0.078352786 0.118100859 -0.127691887
v -0.080760667 0.098803407 -0.127771050
v -0.095642175 0.100802359 -0.143507520
v -0.017764037 0.021438821 -0.151369295
v -0.048931946 0.021404571 -0.101442286
v -0.010688965 0.012368997 -0.107344926
v -0.048931946 0.021404571 -0.101442286
v -0.017764037 0.021438821 -0.151369295
v -0.057519454 0.027261514 -0.138732386
v -0.039035820 0.024694795 -0.223327053
v -0.069618879 0.023202776 -0.172881098
v -0.022366577 0.023918133 -0.179649912
v -0.069618879 0.023202776 -0.172881098
v -0.039035820 0.024694795 -0.223327053
v -0.091337163 0.023124582 -0.219999108
v -0.121657706 0.032524665 -0.262940046
v -0.150787752 0.042022371 -0.270407265
v -0.144008121 0.020974161 -0.224795722
v -0.218303359 0.056231645 -0.162918721
v -0.242750609 0.075145274 -0.210933664
v -0.192590707 0.083703488 -0.218931949
v -0.150787752 0.042022371 -0.270407265
v -0.191440994 0.031068045 -0.240600587
v -0.144008121 0.020974161 -0.224795722
v -0.196938360 0.052643417 -0.243332560
v -0.191440994 0.031068045 -0.240600587
v -0.150787752 0.042022371 -0.270407265
v -0.033102960 0.138087409 -0.143002172
v -0.029630947 0.130709398 -0.135591497
v -0.053072105 0.126960174 -0.122904138
v -0.033362370 0.146694765 -0.175349316
v -0.016636459 0.137293513 -0.154621243
v -0.022927101 0.137127251 -0.149093449
v -0.016636459 0.137293513 -0.154621243
v -0.033362370 0.146694765 -0.175349316
v -0.026113922 0.145955367 -0.178729918
v -0.050005862 0.142262480 -0.194194503
v -0.026113922 0.145955367 -0.178729918
v -0.033362370 0.146694765 -0.175349316
v -0.033102960 0.138087409 -0.143002172
v -0.022927101 0.137127251 -0.149093449
v -0.029630947 0.130709398 -0.135591497
v -0.050005862 0.142262480 -0.194194503
v -0.040149468 0.140586488 -0.216036935
v -0.026113922 0.145955367 -0.178729918
v -0.050005862 0.142262480 -0.194194503
v -0.078511530 0.140845461 -0.193918223
v -0.081205326 0.136357405 -0.208983589
v -0.099238097 0.127025790 -0.183800177
v -0.087541607 0.128133903 -0.153734831
v -0.105186435 0.109680686 -0.172543435
v -0.118426860 0.081212444 -0.184562360
v -0.109861990 0.068432720 -0.182352301
v -0.129004009 0.040401887 -0.200059773
v -0.192590707 0.083703488 -0.218931949
v -0.135611375 0.081982832 -0.193057544
v -0.178265961 0.062369263 -0.180207781
v -0.178265961 0.062369263 -0.180207781
v -0.140407644 0.033214550 -0.202880660
v -0.172827474 0.010298117 -0.203763797
v -0.140407644 0.033214550 -0.202880660
v -0.178265961 0.062369263 -0.180207781
v -0.135611375 0.081982832 -0.193057544
v -0.219102910 -0.001569714 -0.191817762
v -0.172827474 0.010298117 -0.203763797
v -0.183371231 0.015594684 -0.227309139
v -0.144008121 0.020974161 -0.224795722
v -0.191440994 0.031068045 -0.240600587
v -0.183371231 0.015594684 -0.227309139
v -0.183371231 0.015594684 -0.227309139
v -0.240297969 0.025008311 -0.231937698
v -0.219102910 -0.001569714 -0.191817762
v -0.240297969 0.025008311 -0.231937698
v -0.183371231 0.015594684 -0.227309139
v -0.191440994 0.031068045 -0.240600587
v -0.124100904 0.022990958 -0.219380812
v -0.091337163 0.023124582 -0.219999108
v -0.121657706 0.032524665 -0.262940046
v -0.091337163 0.023124582 -0.219999108
v -0.124100904 0.022990958 -0.219380812
v -0.125032071 0.027282423 -0.207754463
v -0.127055126 0.099131548 -0.247906924
v -0.093749888 0.105686756 -0.270909790
v -0.086570374 0.119634325 -0.240749671
v -0.026148299 0.130797969 -0.137986059
v -0.042729837 0.127972517 -0.099085590
v -0.050600847 0.130649928 -0.127311320
v -0.042729837 0.127972517 -0.099085590
v -0.077289189 0.100677453 -0.124754912
v -0.050600847 0.130649928 -0.127311320
v -0.077289189 0.100677453 -0.124754912
v -0.042729837 0.127972517 -0.099085590
v -0.073645681 0.096802499 -0.097684704
v -0.084928204 0.061806004 -0.132328991
v -0.073645681 0.096802499 -0.097684704
v -0.074307991 0.055421505 -0.095143249
v -0.073645681 0.096802499 -0.097684704
v -0.084928204 0.061806004 -0.132328991
v -0.077289189 0.100677453 -0.124754912
v 0.001319753 0.130054363 -0.107105541
v -0.042729837 0.127972517 -0.099085590
v -0.026148299 0.130797969 -0.137986059
v -0.026148299 0.130797969 -0.137986059
v -0.016636459 0.137293513 -0.154621243
v 0.001319753 0.130054363 -0.107105541
v -0.022927101 0.137127251 -0.149093449
v -0.026148299 0.130797969 -0.137986059
v -0.029630947 0.130709398 -0.135591497
v -0.026148299 0.130797969 -0.137986059
v -0.022927101 0.137127251 -0.149093449
v -0.016636459 0.137293513 -0.154621243
v -0.100042907 0.085785613 -0.154665839
v -0.077289189 0.100677453 -0.124754912
v -0.100410860 0.062921178 -0.155019211
v -0.077289189 0.100677453 -0.124754912
v -0.100042907 0.085785613 -0.154665839
v -0.080760667 0.098803407 -0.127771050
v -0.076166488 0.119324757 -0.012467534
v -0.101615052 0.022015421 -0.007298759
v -0.104398808 0.086723603 -0.011753083
v -0.076166488 0.119324757 -0.012467534
v -0.068446822 -0.011806608 -0.003265035
v -0.101615052 0.022015421 -0.007298759
v -0.035595386 0.126915603 -0.008362500
v -0.068446822 -0.011806608 -0.003265035
v -0.076166488 0.119324757 -0.012467534
v -0.035595386 0.126915603 -0.008362500
v -0.021686897 -0.019117937 -0.001299359
v -0.068446822 -0.011806608 -0.003265035
v 0.082627186 -0.012791885 -0.006595042
v 0.082080122 0.090499536 -0.012893074
v 0.102872569 0.051008198 -0.011410493
v 0.023768123 -0.032227441 -0.003706009
v 0.082080122 0.090499536 -0.012893074
v 0.082627186 -0.012791885 -0.006595042
v 0.023768123 -0.032227441 -0.003706009
v 0.052509188 0.107405004 -0.008783818
v 0.082080122 0.090499536 -0.012893074
v -0.021686897 -0.019117937 -0.001299359
v 0.052509188 0.107405004 -0.008783818
v 0.023768123 -0.032227441 -0.003706009
v -0.021686897 -0.019117937 -0.001299359
v 0.009971743 0.123867354 -0.002388029
v 0.052509188 0.107405004 -0.008783818
v -0.035595386 0.126915603 -0.008362500
v 0.009971743 0.123867354 -0.002388029
v -0.021686897 -0.019117937 -0.001299359
v -0.070786684 0.064050057 -0.303183681
v -0.053040352 0.092012448 -0.254147339
v -0.096316080 0.070486129 -0.292569864
v -0.096316080 0.070486129 -0.292569864
v -0.053040352 0.092012448 -0.254147339
v -0.099502554 0.093346838 -0.285854996
v -0.099502554 0.093346838 -0.285854996
v -0.053040352 0.092012448 -0.254147339
v -0.093749888 0.105686756 -0.270909790
v -0.093749888 0.105686756 -0.270909790
v -0.053040352 0.092012448 -0.254147339
v -0.040149468 0.140586488 -0.216036935
v -0.034668942 0.107670662 -0.293422620
v -0.040149468 0.140586488 -0.216036935
v -0.053040352 0.092012448 -0.254147339
v -0.070786684 0.064050057 -0.303183681
v -0.045095660 0.072206084 -0.312087436
v -0.053040352 0.092012448 -0.254147339
v -0.039597823 0.095358407 -0.308681730
v -0.053040352 0.092012448 -0.254147339
v -0.045095660 0.072206084 -0.312087436
v -0.034668942 0.107670662 -0.293422620
v -0.053040352 0.092012448 -0.254147339
v -0.039597823 0.095358407 -0.308681730
v -0.399871337 0.015030729 -0.126969828
v -0.394304392 0.065237264 -0.125057033
v -0.381161587 0.049477467 -0.098903026
v -0.394304392 0.065237264 -0.125057033
v -0.399871337 0.015030729 -0.126969828
v -0.405658818 0.028099171 -0.144113017
v 0.091930348 0.132860262 -0.258428627
v 0.119162458 0.123422043 -0.214835398
v 0.076297132 0.111429892 -0.236868002
v 0.119162458 0.123422043 -0.214835398
v 0.091930348 0.132860262 -0.258428627
v 0.127841843 0.135533658 -0.232232970
vt 0.607613981 0.312407970
vt 0.536203027 0.308075011
vt 0.582162023 0.298696995
vt 0.598887980 0.366322994
vt 0.555342972 0.387392044
vt 0.553399026 0.364956975
vt 0.555342972 0.387392044
vt 0.598887980 0.366322994
vt 0.591901004 0.395612001
vt 0.753223002 0.238463998
vt 0.707886994 0.288816988
vt 0.697028995 0.253208041
vt 0.707886994 0.288816988
vt 0.753223002 0.238463998
vt 0.742295980 0.290917993
vt 0.666806996 0.543352008
vt 0.738160014 0.512664974
vt 0.741088986 0.536864996
vt 0.738160014 0.512664974
vt 0.666806996 0.543352008
vt 0.653144002 0.514953017
vt 0.578097999 0.527913988
vt 0.666806996 0.543352008
vt 0.617923975 0.550504982
vt 0.666806996 0.543352008
vt 0.578097999 0.527913988
vt 0.653144002 0.514953017
vt 0.543474019 0.530875027
vt 0.575740993 0.570487976
vt 0.538447976 0.574256003
vt 0.575740993 0.570487976
vt 0.543474019 0.530875027
vt 0.578097999 0.527913988
vt 0.553399026 0.364956975
vt 0.513493001 0.389403999
vt 0.514567971 0.368008018
vt 0.513493001 0.389403999
vt 0.553399026 0.364956975
vt 0.555342972 0.387392044
vt 0.741088986 0.536864996
vt 0.793744028 0.514645994
vt 0.793744028 0.552130997
vt 0.793744028 0.514645994
vt 0.741088986 0.536864996
vt 0.738160014 0.512664974
vt 0.737968028 0.441998959
vt 0.793174028 0.387587011
vt 0.792064011 0.436159968
vt 0.793174028 0.387587011
vt 0.737968028 0.441998959
vt 0.734070003 0.385779023
vt 0.741088986 0.536864996
vt 0.668416977 0.571828008
vt 0.666806996 0.543352008
vt 0.668416977 0.571828008
vt 0.741088986 0.536864996
vt 0.743741989 0.571488976
vt 0.666806996 0.543352008
vt 0.620562971 0.579429984
vt 0.617923975 0.550504982
vt 0.620562971 0.579429984
vt 0.666806996 0.543352008
vt 0.668416977 0.571828008
vt 0.736979008 0.490553975
vt 0.673708975 0.444527030
vt 0.737968028 0.441998959
vt 0.649137020 0.437250018
vt 0.595350981 0.446959972
vt 0.647917986 0.382986009
vt 0.598990023 0.433920026
vt 0.552788973 0.445852995
vt 0.553619027 0.440935016
vt 0.552788973 0.445852995
vt 0.598990023 0.433920026
vt 0.595350981 0.446959972
vt 0.552788973 0.445852995
vt 0.521327019 0.436501026
vt 0.553619027 0.440935016
vt 0.521327019 0.436501026
vt 0.552788973 0.445852995
vt 0.521516979 0.440953016
vt 0.863281012 0.105113983
vt 0.843750000 0.177734017
vt 0.844237983 0.124655008
vt 0.868164003 0.168945014
vt 0.845703006 0.250977039
vt 0.843750000 0.177734017
vt 0.845703006 0.250977039
vt 0.868164003 0.168945014
vt 0.868164003 0.243164003
vt 0.928710997 0.116178989
vt 0.957031012 0.144531012
vt 0.929687023 0.157226980
vt 0.957031012 0.144531012
vt 0.928710997 0.116178989
vt 0.956054986 0.113349974
vt 0.957031012 0.144531012
vt 0.928710997 0.224609017
vt 0.929687023 0.157226980
vt 0.928710997 0.224609017
vt 0.957031012 0.144531012
vt 0.951171994 0.231445014
vt 0.906455994 0.095600009
vt 0.928710997 0.116178989
vt 0.914062023 0.124616981
vt 0.928710997 0.116178989
vt 0.906455994 0.095600009
vt 0.927734017 0.092535019
vt 0.929687023 0.157226980
vt 0.895507991 0.232421994
vt 0.893554986 0.159179986
vt 0.895507991 0.232421994
vt 0.929687023 0.157226980
vt 0.928710997 0.224609017
vt 0.885742009 0.114257991
vt 0.893554986 0.159179986
vt 0.868164003 0.168945014
vt 0.893554986 0.159179986
vt 0.868164003 0.243164003
vt 0.868164003 0.168945014
vt 0.868164003 0.243164003
vt 0.893554986 0.159179986
vt 0.895507991 0.232421994
vt 0.868164003 0.286132991
vt 0.850585997 0.393554986
vt 0.846679986 0.293945014
vt 0.850585997 0.393554986
vt 0.868164003 0.286132991
vt 0.869140983 0.390625000
vt 0.869140983 0.390625000
vt 0.849609017 0.458984017
vt 0.850585997 0.393554986
vt 0.849609017 0.458984017
vt 0.869140983 0.390625000
vt 0.871093988 0.458007991
vt 0.950195014 0.274414003
vt 0.916992009 0.369140983
vt 0.925781012 0.271484017
vt 0.916992009 0.369140983
vt 0.950195014 0.274414003
vt 0.955078006 0.381835997
vt 0.955078006 0.381835997
vt 0.910156012 0.453125000
vt 0.916992009 0.369140983
vt 0.910156012 0.453125000
vt 0.955078006 0.381835997
vt 0.951171994 0.455078006
vt 0.925781012 0.271484017
vt 0.893554986 0.381835997
vt 0.896484017 0.276367009
vt 0.893554986 0.381835997
vt 0.925781012 0.271484017
vt 0.916992009 0.369140983
vt 0.916992009 0.369140983
vt 0.890625000 0.454102039
vt 0.893554986 0.381835997
vt 0.890625000 0.454102039
vt 0.916992009 0.369140983
vt 0.910156012 0.453125000
vt 0.896484017 0.276367009
vt 0.869140983 0.390625000
vt 0.868164003 0.286132991
vt 0.869140983 0.390625000
vt 0.896484017 0.276367009
vt 0.893554986 0.381835997
vt 0.893554986 0.381835997
vt 0.871093988 0.458007991
vt 0.869140983 0.390625000
vt 0.871093988 0.458007991
vt 0.893554986 0.381835997
vt 0.890625000 0.454102039
vt 0.895507991 0.232421994
vt 0.868164003 0.286132991
vt 0.868164003 0.243164003
vt 0.868164003 0.286132991
vt 0.895507991 0.232421994
vt 0.896484017 0.276367009
vt 0.868164003 0.243164003
vt 0.846679986 0.293945014
vt 0.845703006 0.250977039
vt 0.846679986 0.293945014
vt 0.868164003 0.243164003
vt 0.868164003 0.286132991
vt 0.928710997 0.224609017
vt 0.950195014 0.274414003
vt 0.925781012 0.271484017
vt 0.950195014 0.274414003
vt 0.928710997 0.224609017
vt 0.951171994 0.231445014
vt 0.925781012 0.271484017
vt 0.895507991 0.232421994
vt 0.928710997 0.224609017
vt 0.895507991 0.232421994
vt 0.925781012 0.271484017
vt 0.896484017 0.276367009
vt 0.895507991 0.072111011
vt 0.885742009 0.114257991
vt 0.888191998 0.072624981
vt 0.888191998 0.072624981
vt 0.902343988 0.020507991
vt 0.895507991 0.072111011
vt 0.902343988 0.020507991
vt 0.888191998 0.072624981
vt 0.885742009 0.021484017
vt 0.673708975 0.444527030
vt 0.734070003 0.385779023
vt 0.737968028 0.441998959
vt 0.734070003 0.385779023
vt 0.673708975 0.444527030
vt 0.695272028 0.381792009
vt 0.697028995 0.253208041
vt 0.726718009 0.226230979
vt 0.753223002 0.238463998
vt 0.871505022 0.084971011
vt 0.858398020 0.022460997
vt 0.869140983 0.021484017
vt 0.858398020 0.022460997
vt 0.871505022 0.084971011
vt 0.861688018 0.081054986
vt 0.863281012 0.105113983
vt 0.861688018 0.081054986
vt 0.871505022 0.084971011
vt 0.707886994 0.288816988
vt 0.742295980 0.290917993
vt 0.733277977 0.326631010
vt 0.733277977 0.326631010
vt 0.793013990 0.282948971
vt 0.792899013 0.341328025
vt 0.793013990 0.282948971
vt 0.733277977 0.326631010
vt 0.742295980 0.290917993
vt 0.895507991 0.072111011
vt 0.902343988 0.020507991
vt 0.913085997 0.056640983
vt 0.906455994 0.095600009
vt 0.913085997 0.056640983
vt 0.913085997 0.081054986
vt 0.927734017 0.092535019
vt 0.940891981 0.043945014
vt 0.955078006 0.076703012
vt 0.940891981 0.043945014
vt 0.927734017 0.092535019
vt 0.927734017 0.077148020
vt 0.953125000 0.023437977
vt 0.955078006 0.076703012
vt 0.940891981 0.043945014
vt 0.607545018 0.396968007
vt 0.622389972 0.390200019
vt 0.598990023 0.433920026
vt 0.647917986 0.382986009
vt 0.661548018 0.377261996
vt 0.649137020 0.437250018
vt 0.578097999 0.527913988
vt 0.617923975 0.550504982
vt 0.575740993 0.570487976
vt 0.617923975 0.550504982
vt 0.620562971 0.579429984
vt 0.575740993 0.570487976
vt 0.726718009 0.226230979
vt 0.697028995 0.253208041
vt 0.680526018 0.231020987
vt 0.536203027 0.308075011
vt 0.500020027 0.344007015
vt 0.530339003 0.293115020
vt 0.538447976 0.574256003
vt 0.500020027 0.531394005
vt 0.543474019 0.530875027
vt 0.500020027 0.531394005
vt 0.538447976 0.574256003
vt 0.500020027 0.577425003
vt 0.793744028 0.552130997
vt 0.743741989 0.571488976
vt 0.741088986 0.536864996
vt 0.743741989 0.571488976
vt 0.793744028 0.552130997
vt 0.793744028 0.574527025
vt 0.793006003 0.254356027
vt 0.793013990 0.282948971
vt 0.742295980 0.290917993
vt 0.500020027 0.484166980
vt 0.543474019 0.530875027
vt 0.500020027 0.531394005
vt 0.543474019 0.530875027
vt 0.500020027 0.484166980
vt 0.551288009 0.483273029
vt 0.551288009 0.483273029
vt 0.578097999 0.527913988
vt 0.543474019 0.530875027
vt 0.578097999 0.527913988
vt 0.551288009 0.483273029
vt 0.583743989 0.482629001
vt 0.583743989 0.482629001
vt 0.653144002 0.514953017
vt 0.578097999 0.527913988
vt 0.653144002 0.514953017
vt 0.583743989 0.482629001
vt 0.652957022 0.490752995
vt 0.653144002 0.514953017
vt 0.736979008 0.490553975
vt 0.738160014 0.512664974
vt 0.736979008 0.490553975
vt 0.653144002 0.514953017
vt 0.652957022 0.490752995
vt 0.738160014 0.512664974
vt 0.793686986 0.491881967
vt 0.793744028 0.514645994
vt 0.793686986 0.491881967
vt 0.738160014 0.512664974
vt 0.736979008 0.490553975
vt 0.581135988 0.256965041
vt 0.584114015 0.276551008
vt 0.530339003 0.293115020
vt 0.530339003 0.293115020
vt 0.584114015 0.276551008
vt 0.582162023 0.298696995
vt 0.869140983 0.021484017
vt 0.888191998 0.072624981
vt 0.871505022 0.084971011
vt 0.888191998 0.072624981
vt 0.869140983 0.021484017
vt 0.885742009 0.021484017
vt 0.888191998 0.072624981
vt 0.863281012 0.105113983
vt 0.871505022 0.084971011
vt 0.863281012 0.105113983
vt 0.888191998 0.072624981
vt 0.885742009 0.114257991
vt 0.885742009 0.114257991
vt 0.868164003 0.168945014
vt 0.863281012 0.105113983
vt 0.893554986 0.159179986
vt 0.885742009 0.114257991
vt 0.895425975 0.108398020
vt 0.652957022 0.490752995
vt 0.649137020 0.437250018
vt 0.673708975 0.444527030
vt 0.709439993 0.328637004
vt 0.675659001 0.331773996
vt 0.701475978 0.317799985
vt 0.661548018 0.377261996
vt 0.673708975 0.444527030
vt 0.649137020 0.437250018
vt 0.673708975 0.444527030
vt 0.661548018 0.377261996
vt 0.695272028 0.381792009
vt 0.673708975 0.444527030
vt 0.736979008 0.490553975
vt 0.652957022 0.490752995
vt 0.793006003 0.254356027
vt 0.742295980 0.290917993
vt 0.753223002 0.238463998
vt 0.733277977 0.326631010
vt 0.695272028 0.381792009
vt 0.709439993 0.328637004
vt 0.695272028 0.381792009
vt 0.733277977 0.326631010
vt 0.734070003 0.385779023
vt 0.695272028 0.381792009
vt 0.675659001 0.331773996
vt 0.709439993 0.328637004
vt 0.675659001 0.331773996
vt 0.695272028 0.381792009
vt 0.661548018 0.377261996
vt 0.675659001 0.331773996
vt 0.647917986 0.382986009
vt 0.643145978 0.348610044
vt 0.647917986 0.382986009
vt 0.675659001 0.331773996
vt 0.661548018 0.377261996
vt 0.643145978 0.348610044
vt 0.622389972 0.390200019
vt 0.627256989 0.348127961
vt 0.622389972 0.390200019
vt 0.643145978 0.348610044
vt 0.647917986 0.382986009
vt 0.608308971 0.382333040
vt 0.627256989 0.348127961
vt 0.622389972 0.390200019
vt 0.627256989 0.348127961
vt 0.608308971 0.382333040
vt 0.607674003 0.338801026
vt 0.518435001 0.421985030
vt 0.555342972 0.387392044
vt 0.561214030 0.420310020
vt 0.555342972 0.387392044
vt 0.518435001 0.421985030
vt 0.513493001 0.389403999
vt 0.561214030 0.420310020
vt 0.591901004 0.395612001
vt 0.586063027 0.416527033
vt 0.591901004 0.395612001
vt 0.561214030 0.420310020
vt 0.555342972 0.387392044
vt 0.544194996 0.339758992
vt 0.607613981 0.312407970
vt 0.607674003 0.338801026
vt 0.607613981 0.312407970
vt 0.544194996 0.339758992
vt 0.536203027 0.308075011
vt 0.848632991 0.022460997
vt 0.861688018 0.081054986
vt 0.850277007 0.092405975
vt 0.861688018 0.081054986
vt 0.848632991 0.022460997
vt 0.858398020 0.022460997
vt 0.861688018 0.081054986
vt 0.863281012 0.105113983
vt 0.850277007 0.092405975
vt 0.906455994 0.095600009
vt 0.927734017 0.077148020
vt 0.927734017 0.092535019
vt 0.927734017 0.077148020
vt 0.906455994 0.095600009
vt 0.913085997 0.081054986
vt 0.500020027 0.344007015
vt 0.536203027 0.308075011
vt 0.544194996 0.339758992
vt 0.553619027 0.440935016
vt 0.586063027 0.416527033
vt 0.598990023 0.433920026
vt 0.586063027 0.416527033
vt 0.553619027 0.440935016
vt 0.561214030 0.420310020
vt 0.607545018 0.396968007
vt 0.591901004 0.395612001
vt 0.608308971 0.382333040
vt 0.608308971 0.382333040
vt 0.598887980 0.366322994
vt 0.607674003 0.338801026
vt 0.607674003 0.338801026
vt 0.553399026 0.364956975
vt 0.544194996 0.339758992
vt 0.553399026 0.364956975
vt 0.607674003 0.338801026
vt 0.598887980 0.366322994
vt 0.544194996 0.339758992
vt 0.514567971 0.368008018
vt 0.500020027 0.344007015
vt 0.507817984 0.390664995
vt 0.514567971 0.368008018
vt 0.513493001 0.389403999
vt 0.508276999 0.422407985
vt 0.513493001 0.389403999
vt 0.518435001 0.421985030
vt 0.513493001 0.389403999
vt 0.508276999 0.422407985
vt 0.507817984 0.390664995
vt 0.553619027 0.440935016
vt 0.518435001 0.421985030
vt 0.561214030 0.420310020
vt 0.591901004 0.395612001
vt 0.607545018 0.396968007
vt 0.586063027 0.416527033
vt 0.622389972 0.390200019
vt 0.607545018 0.396968007
vt 0.608308971 0.382333040
vt 0.586063027 0.416527033
vt 0.607545018 0.396968007
vt 0.598990023 0.433920026
vt 0.792064011 0.436159968
vt 0.736979008 0.490553975
vt 0.737968028 0.441998959
vt 0.736979008 0.490553975
vt 0.792064011 0.436159968
vt 0.793686986 0.491881967
vt 0.792899013 0.341328025
vt 0.734070003 0.385779023
vt 0.733277977 0.326631010
vt 0.734070003 0.385779023
vt 0.792899013 0.341328025
vt 0.793174028 0.387587011
vt 0.913085997 0.056640983
vt 0.906455994 0.095600009
vt 0.895507991 0.072111011
vt 0.843750000 0.177734017
vt 0.863281012 0.105113983
vt 0.868164003 0.168945014
vt 0.895507991 0.072111011
vt 0.906455994 0.095600009
vt 0.895425975 0.108398020
vt 0.885742009 0.114257991
vt 0.895507991 0.072111011
vt 0.895425975 0.108398020
vt 0.518435001 0.421985030
vt 0.553619027 0.440935016
vt 0.521327019 0.436501026
vt 0.507817984 0.390664995
vt 0.500020027 0.430009961
vt 0.500020027 0.391445041
vt 0.500020027 0.430009961
vt 0.507817984 0.390664995
vt 0.508276999 0.422407985
vt 0.514567971 0.368008018
vt 0.507817984 0.390664995
vt 0.500020027 0.391445041
vt 0.518435001 0.421985030
vt 0.521327019 0.436501026
vt 0.508276999 0.422407985
vt 0.514567971 0.368008018
vt 0.500020027 0.391445041
vt 0.500020027 0.344007015
vt 0.514567971 0.368008018
vt 0.544194996 0.339758992
vt 0.553399026 0.364956975
vt 0.598887980 0.366322994
vt 0.608308971 0.382333040
vt 0.591901004 0.395612001
vt 0.940891981 0.043945014
vt 0.927734017 0.077148020
vt 0.924804986 0.056640983
vt 0.863281012 0.105113983
vt 0.844237983 0.124655008
vt 0.850277007 0.092405975
vt 0.956054986 0.113349974
vt 0.927734017 0.092535019
vt 0.955078006 0.076703012
vt 0.927734017 0.092535019
vt 0.956054986 0.113349974
vt 0.928710997 0.116178989
vt 0.929687023 0.157226980
vt 0.914062023 0.124616981
vt 0.928710997 0.116178989
vt 0.906455994 0.095600009
vt 0.914062023 0.124616981
vt 0.895425975 0.108398020
vt 0.914062023 0.124616981
vt 0.893554986 0.159179986
vt 0.895425975 0.108398020
vt 0.893554986 0.159179986
vt 0.914062023 0.124616981
vt 0.929687023 0.157226980
vt 0.701475978 0.317799985
vt 0.733277977 0.326631010
vt 0.709439993 0.328637004
vt 0.733277977 0.326631010
vt 0.701475978 0.317799985
vt 0.707886994 0.288816988
vt 0.582162023 0.298696995
vt 0.536203027 0.308075011
vt 0.530339003 0.293115020
vt 0.521516979 0.440953016
vt 0.552788973 0.445852995
vt 0.551288009 0.483273029
vt 0.551288009 0.483273029
vt 0.595350981 0.446959972
vt 0.583743989 0.482629001
vt 0.595350981 0.446959972
vt 0.551288009 0.483273029
vt 0.552788973 0.445852995
vt 0.649137020 0.437250018
vt 0.583743989 0.482629001
vt 0.595350981 0.446959972
vt 0.583743989 0.482629001
vt 0.649137020 0.437250018
vt 0.652957022 0.490752995
vt 0.500020027 0.484166980
vt 0.521516979 0.440953016
vt 0.551288009 0.483273029
vt 0.521516979 0.440953016
vt 0.500020027 0.484166980
vt 0.500020027 0.430009961
vt 0.508276999 0.422407985
vt 0.521516979 0.440953016
vt 0.500020027 0.430009961
vt 0.521516979 0.440953016
vt 0.508276999 0.422407985
vt 0.521327019 0.436501026
vt 0.622389972 0.390200019
vt 0.595350981 0.446959972
vt 0.598990023 0.433920026
vt 0.595350981 0.446959972
vt 0.622389972 0.390200019
vt 0.647917986 0.382986009
vt 0.392425001 0.312407970
vt 0.417878002 0.298696995
vt 0.463836014 0.308075011
vt 0.401152015 0.366322994
vt 0.445286006 0.386250973
vt 0.408722997 0.392678022
vt 0.445286006 0.386250973
vt 0.401152015 0.366322994
vt 0.446640998 0.364956975
vt 0.246815994 0.240648031
vt 0.292151988 0.288816988
vt 0.257743001 0.290917993
vt 0.292151988 0.288816988
vt 0.246815994 0.240648031
vt 0.303011000 0.253208041
vt 0.333232999 0.543352008
vt 0.261880010 0.512664974
vt 0.346895993 0.514953017
vt 0.261880010 0.512664974
vt 0.333232999 0.543352008
vt 0.258951008 0.536864996
vt 0.421941996 0.527913988
vt 0.333232999 0.543352008
vt 0.346895993 0.514953017
vt 0.333232999 0.543352008
vt 0.421941996 0.527913988
vt 0.382115990 0.550504982
vt 0.456566006 0.530875027
vt 0.424299002 0.570487976
vt 0.421941996 0.527913988
vt 0.424299002 0.570487976
vt 0.456566006 0.530875027
vt 0.461591005 0.574256003
vt 0.446640998 0.364956975
vt 0.485523999 0.389380991
vt 0.445286006 0.386250973
vt 0.485523999 0.389380991
vt 0.446640998 0.364956975
vt 0.485471994 0.368008018
vt 0.258951008 0.536864996
vt 0.206295997 0.514645994
vt 0.261880010 0.512664974
vt 0.206295997 0.514645994
vt 0.258951008 0.536864996
vt 0.206295997 0.552130997
vt 0.262071997 0.441998959
vt 0.206865996 0.387587011
vt 0.265969008 0.385779023
vt 0.206865996 0.387587011
vt 0.262071997 0.441998959
vt 0.207975000 0.436159968
vt 0.258951008 0.536864996
vt 0.331622988 0.571828008
vt 0.256298006 0.571488976
vt 0.331622988 0.571828008
vt 0.258951008 0.536864996
vt 0.333232999 0.543352008
vt 0.333232999 0.543352008
vt 0.379476994 0.579429984
vt 0.331622988 0.571828008
vt 0.379476994 0.579429984
vt 0.333232999 0.543352008
vt 0.382115990 0.550504982
vt 0.263060004 0.490553975
vt 0.262071997 0.441998959
vt 0.326330990 0.444527030
vt 0.350901991 0.437250018
vt 0.352122009 0.382986009
vt 0.404689014 0.446959972
vt 0.401048988 0.433920026
vt 0.447250992 0.445852995
vt 0.404689014 0.446959972
vt 0.447250992 0.445852995
vt 0.401048988 0.433920026
vt 0.446420997 0.440935016
vt 0.447250992 0.445852995
vt 0.478713006 0.436501026
vt 0.478522986 0.440953016
vt 0.478713006 0.436501026
vt 0.447250992 0.445852995
vt 0.446420997 0.440935016
vt 0.136758000 0.105113983
vt 0.155800998 0.124655008
vt 0.156289995 0.177734017
vt 0.131876007 0.168945014
vt 0.154337004 0.250977039
vt 0.131876007 0.243164003
vt 0.154337004 0.250977039
vt 0.131876007 0.168945014
vt 0.156289995 0.177734017
vt 0.071328998 0.116178989
vt 0.043008000 0.144531012
vt 0.043985002 0.113349974
vt 0.043008000 0.144531012
vt 0.071328998 0.116178989
vt 0.070352003 0.157226980
vt 0.043008000 0.144531012
vt 0.071328998 0.224609017
vt 0.048868001 0.231445014
vt 0.071328998 0.224609017
vt 0.043008000 0.144531012
vt 0.070352003 0.157226980
vt 0.093584001 0.095600009
vt 0.071328998 0.116178989
vt 0.072305001 0.092535019
vt 0.071328998 0.116178989
vt 0.093584001 0.095600009
vt 0.085977003 0.124616981
vt 0.070352003 0.157226980
vt 0.104532003 0.232421994
vt 0.071328998 0.224609017
vt 0.104532003 0.232421994
vt 0.070352003 0.157226980
vt 0.106485002 0.159179986
vt 0.114298001 0.114257991
vt 0.131876007 0.168945014
vt 0.106485002 0.159179986
vt 0.106485002 0.159179986
vt 0.131876007 0.243164003
vt 0.104532003 0.232421994
vt 0.131876007 0.243164003
vt 0.106485002 0.159179986
vt 0.131876007 0.168945014
vt 0.131876007 0.286132991
vt 0.149453998 0.393554986
vt 0.130898997 0.390625000
vt 0.149453998 0.393554986
vt 0.131876007 0.286132991
vt 0.153359994 0.293945014
vt 0.130898997 0.390625000
vt 0.150429994 0.458984017
vt 0.128946006 0.458007991
vt 0.150429994 0.458984017
vt 0.130898997 0.390625000
vt 0.149453998 0.393554986
vt 0.049844000 0.274414003
vt 0.083048001 0.369140983
vt 0.044962000 0.381835997
vt 0.083048001 0.369140983
vt 0.049844000 0.274414003
vt 0.074258000 0.271484017
vt 0.044962000 0.381835997
vt 0.089883000 0.453125000
vt 0.048868001 0.455078006
vt 0.089883000 0.453125000
vt 0.044962000 0.381835997
vt 0.083048001 0.369140983
vt 0.074258000 0.271484017
vt 0.106485002 0.381835997
vt 0.083048001 0.369140983
vt 0.106485002 0.381835997
vt 0.074258000 0.271484017
vt 0.103555001 0.276367009
vt 0.083048001 0.369140983
vt 0.109415002 0.454102039
vt 0.089883000 0.453125000
vt 0.109415002 0.454102039
vt 0.083048001 0.369140983
vt 0.106485002 0.381835997
vt 0.103555001 0.276367009
vt 0.130898997 0.390625000
vt 0.106485002 0.381835997
vt 0.130898997 0.390625000
vt 0.103555001 0.276367009
vt 0.131876007 0.286132991
vt 0.106485002 0.381835997
vt 0.128946006 0.458007991
vt 0.109415002 0.454102039
vt 0.128946006 0.458007991
vt 0.106485002 0.381835997
vt 0.130898997 0.390625000
vt 0.104532003 0.232421994
vt 0.131876007 0.286132991
vt 0.103555001 0.276367009
vt 0.131876007 0.286132991
vt 0.104532003 0.232421994
vt 0.131876007 0.243164003
vt 0.131876007 0.243164003
vt 0.153359994 0.293945014
vt 0.131876007 0.286132991
vt 0.153359994 0.293945014
vt 0.131876007 0.243164003
vt 0.154337004 0.250977039
vt 0.071328998 0.224609017
vt 0.049844000 0.274414003
vt 0.048868001 0.231445014
vt 0.049844000 0.274414003
vt 0.071328998 0.224609017
vt 0.074258000 0.271484017
vt 0.074258000 0.271484017
vt 0.104532003 0.232421994
vt 0.103555001 0.276367009
vt 0.104532003 0.232421994
vt 0.074258000 0.271484017
vt 0.071328998 0.224609017
vt 0.104532003 0.072111011
vt 0.111846998 0.072624981
vt 0.114298001 0.114257991
vt 0.111846998 0.072624981
vt 0.097695999 0.020507991
vt 0.114298001 0.021484017
vt 0.097695999 0.020507991
vt 0.111846998 0.072624981
vt 0.104532003 0.072111011
vt 0.326330990 0.444527030
vt 0.265969008 0.385779023
vt 0.304767013 0.381792009
vt 0.265969008 0.385779023
vt 0.326330990 0.444527030
vt 0.262071997 0.441998959
vt 0.303011000 0.253208041
vt 0.246815994 0.240648031
vt 0.273321003 0.228215992
vt 0.128535002 0.084971011
vt 0.141641006 0.022460997
vt 0.138352007 0.081054986
vt 0.141641006 0.022460997
vt 0.128535002 0.084971011
vt 0.130898997 0.021484017
vt 0.136758000 0.105113983
vt 0.128535002 0.084971011
vt 0.138352007 0.081054986
vt 0.292151988 0.288816988
vt 0.266761988 0.326631010
vt 0.257743001 0.290917993
vt 0.266761988 0.326631010
vt 0.207026005 0.282948971
vt 0.257743001 0.290917993
vt 0.207026005 0.282948971
vt 0.266761988 0.326631010
vt 0.207139999 0.341328025
vt 0.104532003 0.072111011
vt 0.086953998 0.056640983
vt 0.097695999 0.020507991
vt 0.093584001 0.095600009
vt 0.086953998 0.081054986
vt 0.086953998 0.056640983
vt 0.072305001 0.092535019
vt 0.059147999 0.043945014
vt 0.072305001 0.077148020
vt 0.059147999 0.043945014
vt 0.072305001 0.092535019
vt 0.044962000 0.076703012
vt 0.046914998 0.023437977
vt 0.059147999 0.043945014
vt 0.044962000 0.076703012
vt 0.392495006 0.396968007
vt 0.401048988 0.433920026
vt 0.377649009 0.390200019
vt 0.352122009 0.382986009
vt 0.350901991 0.437250018
vt 0.338492006 0.377261996
vt 0.421941996 0.527913988
vt 0.424299002 0.570487976
vt 0.382115990 0.550504982
vt 0.382115990 0.550504982
vt 0.424299002 0.570487976
vt 0.379476994 0.579429984
vt 0.273321003 0.228215992
vt 0.319514006 0.231020987
vt 0.303011000 0.253208041
vt 0.463836014 0.308075011
vt 0.467880011 0.297829986
vt 0.500020027 0.344007015
vt 0.461591005 0.574256003
vt 0.500020027 0.531394005
vt 0.500020027 0.577425003
vt 0.500020027 0.531394005
vt 0.461591005 0.574256003
vt 0.456566006 0.530875027
vt 0.206295997 0.552130997
vt 0.256298006 0.571488976
vt 0.206295997 0.574527025
vt 0.256298006 0.571488976
vt 0.206295997 0.552130997
vt 0.258951008 0.536864996
vt 0.207032993 0.254356027
vt 0.257743001 0.290917993
vt 0.207026005 0.282948971
vt 0.500020027 0.484166980
vt 0.456566006 0.530875027
vt 0.448751986 0.483273029
vt 0.456566006 0.530875027
vt 0.500020027 0.484166980
vt 0.500020027 0.531394005
vt 0.448751986 0.483273029
vt 0.421941996 0.527913988
vt 0.416294992 0.482629001
vt 0.421941996 0.527913988
vt 0.448751986 0.483273029
vt 0.456566006 0.530875027
vt 0.416294992 0.482629001
vt 0.346895993 0.514953017
vt 0.347081989 0.490752995
vt 0.346895993 0.514953017
vt 0.416294992 0.482629001
vt 0.421941996 0.527913988
vt 0.346895993 0.514953017
vt 0.263060004 0.490553975
vt 0.347081989 0.490752995
vt 0.263060004 0.490553975
vt 0.346895993 0.514953017
vt 0.261880010 0.512664974
vt 0.261880010 0.512664974
vt 0.206352994 0.491881967
vt 0.263060004 0.490553975
vt 0.206352994 0.491881967
vt 0.261880010 0.512664974
vt 0.206295997 0.514645994
vt 0.415926009 0.277790010
vt 0.467880011 0.297829986
vt 0.415926009 0.277790010
vt 0.467880011 0.297829986
vt 0.417878002 0.298696995
vt 0.415926009 0.277790010
vt 0.130898997 0.021484017
vt 0.111846998 0.072624981
vt 0.114298001 0.021484017
vt 0.111846998 0.072624981
vt 0.130898997 0.021484017
vt 0.128535002 0.084971011
vt 0.136758000 0.105113983
vt 0.111846998 0.072624981
vt 0.128535002 0.084971011
vt 0.111846998 0.072624981
vt 0.136758000 0.105113983
vt 0.114298001 0.114257991
vt 0.114298001 0.114257991
vt 0.136758000 0.105113983
vt 0.131876007 0.168945014
vt 0.106485002 0.159179986
vt 0.104613997 0.108398020
vt 0.114298001 0.114257991
vt 0.347081989 0.490752995
vt 0.326330990 0.444527030
vt 0.350901991 0.437250018
vt 0.290598989 0.328637004
vt 0.298563987 0.317799985
vt 0.324380994 0.331773996
vt 0.338492006 0.377261996
vt 0.326330990 0.444527030
vt 0.304767013 0.381792009
vt 0.326330990 0.444527030
vt 0.338492006 0.377261996
vt 0.350901991 0.437250018
vt 0.326330990 0.444527030
vt 0.347081989 0.490752995
vt 0.263060004 0.490553975
vt 0.207032993 0.254356027
vt 0.246815994 0.240648031
vt 0.257743001 0.290917993
vt 0.266761988 0.326631010
vt 0.304767013 0.381792009
vt 0.265969008 0.385779023
vt 0.304767013 0.381792009
vt 0.266761988 0.326631010
vt 0.290598989 0.328637004
vt 0.304767013 0.381792009
vt 0.324380994 0.331773996
vt 0.338492006 0.377261996
vt 0.324380994 0.331773996
vt 0.304767013 0.381792009
vt 0.290598989 0.328637004
vt 0.324380994 0.331773996
vt 0.352122009 0.382986009
vt 0.338492006 0.377261996
vt 0.352122009 0.382986009
vt 0.324380994 0.331773996
vt 0.356893986 0.348610044
vt 0.356893986 0.348610044
vt 0.377649009 0.390200019
vt 0.352122009 0.382986009
vt 0.377649009 0.390200019
vt 0.356893986 0.348610044
vt 0.372781992 0.348127961
vt 0.391730011 0.382333040
vt 0.372781992 0.348127961
vt 0.392365992 0.338801026
vt 0.372781992 0.348127961
vt 0.391730011 0.382333040
vt 0.377649009 0.390200019
vt 0.481996000 0.421867013
vt 0.445286006 0.386250973
vt 0.485523999 0.389380991
vt 0.445286006 0.386250973
vt 0.481996000 0.421867013
vt 0.438753009 0.422096014
vt 0.438753009 0.422096014
vt 0.408722997 0.392678022
vt 0.445286006 0.386250973
vt 0.408722997 0.392678022
vt 0.438753009 0.422096014
vt 0.413928002 0.418336034
vt 0.455844015 0.339758992
vt 0.392425001 0.312407970
vt 0.463836014 0.308075011
vt 0.392425001 0.312407970
vt 0.455844015 0.339758992
vt 0.392365992 0.338801026
vt 0.151407003 0.022460997
vt 0.138352007 0.081054986
vt 0.141641006 0.022460997
vt 0.138352007 0.081054986
vt 0.151407003 0.022460997
vt 0.149762005 0.092405975
vt 0.138352007 0.081054986
vt 0.149762005 0.092405975
vt 0.136758000 0.105113983
vt 0.093584001 0.095600009
vt 0.072305001 0.077148020
vt 0.086953998 0.081054986
vt 0.072305001 0.077148020
vt 0.093584001 0.095600009
vt 0.072305001 0.092535019
vt 0.500020027 0.344007015
vt 0.455844015 0.339758992
vt 0.463836014 0.308075011
vt 0.446420997 0.440935016
vt 0.413928002 0.418336034
vt 0.438753009 0.422096014
vt 0.413928002 0.418336034
vt 0.446420997 0.440935016
vt 0.401048988 0.433920026
vt 0.392495006 0.396968007
vt 0.391730011 0.382333040
vt 0.408722997 0.392678022
vt 0.391730011 0.382333040
vt 0.392365992 0.338801026
vt 0.401152015 0.366322994
vt 0.392365992 0.338801026
vt 0.446640998 0.364956975
vt 0.401152015 0.366322994
vt 0.446640998 0.364956975
vt 0.392365992 0.338801026
vt 0.455844015 0.339758992
vt 0.455844015 0.339758992
vt 0.500020027 0.344007015
vt 0.485471994 0.368008018
vt 0.492222011 0.390664995
vt 0.485523999 0.389380991
vt 0.485471994 0.368008018
vt 0.491762996 0.422407985
vt 0.485523999 0.389380991
vt 0.492222011 0.390664995
vt 0.485523999 0.389380991
vt 0.491762996 0.422407985
vt 0.481996000 0.421867013
vt 0.446420997 0.440935016
vt 0.438753009 0.422096014
vt 0.481996000 0.421867013
vt 0.408722997 0.392678022
vt 0.413928002 0.418336034
vt 0.392495006 0.396968007
vt 0.377649009 0.390200019
vt 0.391730011 0.382333040
vt 0.392495006 0.396968007
vt 0.413928002 0.418336034
vt 0.401048988 0.433920026
vt 0.392495006 0.396968007
vt 0.207975000 0.436159968
vt 0.263060004 0.490553975
vt 0.206352994 0.491881967
vt 0.263060004 0.490553975
vt 0.207975000 0.436159968
vt 0.262071997 0.441998959
vt 0.207139999 0.341328025
vt 0.265969008 0.385779023
vt 0.206865996 0.387587011
vt 0.265969008 0.385779023
vt 0.207139999 0.341328025
vt 0.266761988 0.326631010
vt 0.086953998 0.056640983
vt 0.104532003 0.072111011
vt 0.093584001 0.095600009
vt 0.156289995 0.177734017
vt 0.131876007 0.168945014
vt 0.136758000 0.105113983
vt 0.104532003 0.072111011
vt 0.104613997 0.108398020
vt 0.093584001 0.095600009
vt 0.114298001 0.114257991
vt 0.104613997 0.108398020
vt 0.104532003 0.072111011
vt 0.481996000 0.421867013
vt 0.478713006 0.436501026
vt 0.446420997 0.440935016
vt 0.492222011 0.390664995
vt 0.500020027 0.430009961
vt 0.491762996 0.422407985
vt 0.500020027 0.430009961
vt 0.492222011 0.390664995
vt 0.500020027 0.391445041
vt 0.485471994 0.368008018
vt 0.500020027 0.391445041
vt 0.492222011 0.390664995
vt 0.481996000 0.421867013
vt 0.491762996 0.422407985
vt 0.478713006 0.436501026
vt 0.485471994 0.368008018
vt 0.500020027 0.344007015
vt 0.500020027 0.391445041
vt 0.485471994 0.368008018
vt 0.446640998 0.364956975
vt 0.455844015 0.339758992
vt 0.401152015 0.366322994
vt 0.408722997 0.392678022
vt 0.391730011 0.382333040
vt 0.059147999 0.043945014
vt 0.075235002 0.056640983
vt 0.072305001 0.077148020
vt 0.136758000 0.105113983
vt 0.149762005 0.092405975
vt 0.155800998 0.124655008
vt 0.043985002 0.113349974
vt 0.072305001 0.092535019
vt 0.071328998 0.116178989
vt 0.072305001 0.092535019
vt 0.043985002 0.113349974
vt 0.044962000 0.076703012
vt 0.070352003 0.157226980
vt 0.071328998 0.116178989
vt 0.085977003 0.124616981
vt 0.093584001 0.095600009
vt 0.104613997 0.108398020
vt 0.085977003 0.124616981
vt 0.085977003 0.124616981
vt 0.106485002 0.159179986
vt 0.070352003 0.157226980
vt 0.106485002 0.159179986
vt 0.085977003 0.124616981
vt 0.104613997 0.108398020
vt 0.298563987 0.317799985
vt 0.266761988 0.326631010
vt 0.292151988 0.288816988
vt 0.266761988 0.326631010
vt 0.298563987 0.317799985
vt 0.290598989 0.328637004
vt 0.417878002 0.298696995
vt 0.467880011 0.297829986
vt 0.463836014 0.308075011
vt 0.478522986 0.440953016
vt 0.448751986 0.483273029
vt 0.447250992 0.445852995
vt 0.448751986 0.483273029
vt 0.404689014 0.446959972
vt 0.447250992 0.445852995
vt 0.404689014 0.446959972
vt 0.448751986 0.483273029
vt 0.416294992 0.482629001
vt 0.350901991 0.437250018
vt 0.416294992 0.482629001
vt 0.347081989 0.490752995
vt 0.416294992 0.482629001
vt 0.350901991 0.437250018
vt 0.404689014 0.446959972
vt 0.500020027 0.484166980
vt 0.448751986 0.483273029
vt 0.478522986 0.440953016
vt 0.478522986 0.440953016
vt 0.500020027 0.430009961
vt 0.500020027 0.484166980
vt 0.491762996 0.422407985
vt 0.478522986 0.440953016
vt 0.478713006 0.436501026
vt 0.478522986 0.440953016
vt 0.491762996 0.422407985
vt 0.500020027 0.430009961
vt 0.377649009 0.390200019
vt 0.404689014 0.446959972
vt 0.352122009 0.382986009
vt 0.404689014 0.446959972
vt 0.377649009 0.390200019
vt 0.401048988 0.433920026
vt 0.424299002 0.570487976
vt 0.331622988 0.571828008
vt 0.379476994 0.579429984
vt 0.424299002 0.570487976
vt 0.256298006 0.571488976
vt 0.331622988 0.571828008
vt 0.461591005 0.574256003
vt 0.256298006 0.571488976
vt 0.424299002 0.570487976
vt 0.461591005 0.574256003
vt 0.206295997 0.574527025
vt 0.256298006 0.571488976
vt 0.668416977 0.571828008
vt 0.575740993 0.570487976
vt 0.620562971 0.579429984
vt 0.743741989 0.571488976
vt 0.575740993 0.570487976
vt 0.668416977 0.571828008
vt 0.743741989 0.571488976
vt 0.538447976 0.574256003
vt 0.575740993 0.570487976
vt 0.206295997 0.574527025
vt 0.538447976 0.574256003
vt 0.743741989 0.571488976
vt 0.206295997 0.574527025
vt 0.500020027 0.577425003
vt 0.538447976 0.574256003
vt 0.461591005 0.574256003
vt 0.500020027 0.577425003
vt 0.206295997 0.574527025
vt 0.207032993 0.254356027
vt 0.238876998 0.268757999
vt 0.246815994 0.240648031
vt 0.246815994 0.240648031
vt 0.266016990 0.252318978
vt 0.273321003 0.228215992
vt 0.415926009 0.277790010
vt 0.429919988 0.302873969
vt 0.467880011 0.297829986
vt 0.467880011 0.297829986
vt 0.472306013 0.333081007
vt 0.500020027 0.344007015
vt 0.530339003 0.293115020
vt 0.500020027 0.344007015
vt 0.524932027 0.334006011
vt 0.793006003 0.254356027
vt 0.753223002 0.238463998
vt 0.756350994 0.273648024
vt 0.726718009 0.226230979
vt 0.722249985 0.259737015
vt 0.753223002 0.238463998
vt 0.530339003 0.293115020
vt 0.562551975 0.289718032
vt 0.581135988 0.256965041
vt 0.089883000 0.453125000
vt 0.128946006 0.458007991
vt 0.150429994 0.458984017
vt 0.128946006 0.458007991
vt 0.089883000 0.453125000
vt 0.109415002 0.454102039
vt 0.871093988 0.458007991
vt 0.910156012 0.453125000
vt 0.849609017 0.458984017
vt 0.910156012 0.453125000
vt 0.871093988 0.458007991
vt 0.890625000 0.454102039
vn -0.040368618 0.981406146 -0.187649541
vn -0.218467159 0.900957822 -0.374896123
vn -0.332324640 0.805725974 -0.490271342
vn 0.571502823 0.757410087 -0.315776002
vn 0.302574266 0.952492509 -0.034739503
vn 0.095900433 0.952835760 -0.287935968
vn 0.302574266 0.952492509 -0.034739503
vn 0.571502823 0.757410087 -0.315776002
vn 0.747568728 0.637590977 -0.186061126
vn -0.492852472 0.042695009 -0.869064771
vn -0.019596559 -0.751212425 -0.659769557
vn -0.334637517 -0.023967995 -0.942042073
vn -0.019596559 -0.751212425 -0.659769557
vn -0.492852472 0.042695009 -0.869064771
vn -0.135252368 -0.811887350 -0.567931094
vn 0.744514137 -0.538326966 -0.394845258
vn 0.220690852 -0.869990828 -0.440921203
vn 0.108134546 -0.920594805 -0.375249418
vn 0.220690852 -0.869990828 -0.440921203
vn 0.744514137 -0.538326966 -0.394845258
vn 0.762344714 -0.503003877 -0.407207119
vn 0.945433868 0.198195893 -0.258598511
vn 0.744514137 -0.538326966 -0.394845258
vn 0.966008019 0.016945434 -0.257956119
vn 0.744514137 -0.538326966 -0.394845258
vn 0.945433868 0.198195893 -0.258598511
vn 0.762344714 -0.503003877 -0.407207119
vn 0.521062694 0.853464167 0.009622097
vn 0.461729052 0.333021824 0.822133047
vn 0.244839414 0.357343372 0.901309811
vn 0.461729052 0.333021824 0.822133047
vn 0.521062694 0.853464167 0.009622097
vn 0.945433868 0.198195893 -0.258598511
vn 0.095900433 0.952835760 -0.287935968
vn -0.072248483 0.995600002 0.059672370
vn -0.129832285 0.978312763 -0.161393045
vn -0.072248483 0.995600002 0.059672370
vn 0.095900433 0.952835760 -0.287935968
vn 0.302574266 0.952492509 -0.034739503
vn 0.108134546 -0.920594805 -0.375249418
vn -0.198726855 -0.910603255 -0.362366319
vn -0.206724253 -0.934929908 -0.288394088
vn -0.198726855 -0.910603255 -0.362366319
vn 0.108134546 -0.920594805 -0.375249418
vn 0.220690852 -0.869990828 -0.440921203
vn 0.144544092 -0.979324664 -0.141528117
vn 0.002299371 -0.999742028 -0.022596262
vn -0.097400269 -0.984102664 -0.148509712
vn 0.002299371 -0.999742028 -0.022596262
vn 0.144544092 -0.979324664 -0.141528117
vn 0.118538744 -0.992355941 -0.034325679
vn 0.108134546 -0.920594805 -0.375249418
vn 0.583037514 -0.615682306 0.530096742
vn 0.744514137 -0.538326966 -0.394845258
vn 0.583037514 -0.615682306 0.530096742
vn 0.108134546 -0.920594805 -0.375249418
vn 0.063372124 -0.386917878 0.919933981
vn 0.744514137 -0.538326966 -0.394845258
vn 0.990660045 -0.133666350 0.026944063
vn 0.966008019 0.016945434 -0.257956119
vn 0.990660045 -0.133666350 0.026944063
vn 0.744514137 -0.538326966 -0.394845258
vn 0.583037514 -0.615682306 0.530096742
vn 0.309384693 -0.916091266 -0.255064508
vn 0.673780530 -0.732206790 -0.099463627
vn 0.144544092 -0.979324664 -0.141528117
vn 0.980473592 -0.117397735 -0.157763453
vn 0.946757194 0.296345350 -0.125818316
vn 0.974832683 0.090110059 -0.203915221
vn 0.967862728 0.220976218 0.120046868
vn 0.612642322 0.788510527 0.054041968
vn 0.580691662 0.499674762 0.642745927
vn 0.612642322 0.788510527 0.054041968
vn 0.967862728 0.220976218 0.120046868
vn 0.946757194 0.296345350 -0.125818316
vn 0.612642322 0.788510527 0.054041968
vn 0.147804480 0.736154894 0.660476955
vn 0.580691662 0.499674762 0.642745927
vn 0.147804480 0.736154894 0.660476955
vn 0.612642322 0.788510527 0.054041968
vn 0.208912228 0.970468642 0.120608028
vn 0.493776379 0.867447389 0.060991108
vn 0.104181016 -0.111713887 0.988264298
vn 0.010901946 0.012603853 0.999861136
vn 0.794852495 0.606408802 -0.021860398
vn 0.949350602 0.086385866 0.302110767
vn 0.104181016 -0.111713887 0.988264298
vn 0.949350602 0.086385866 0.302110767
vn 0.794852495 0.606408802 -0.021860398
vn 0.470087466 -0.105604987 -0.876279271
vn -0.449370236 -0.674185955 0.586122588
vn 0.104181016 -0.111713887 0.988264298
vn -0.355572343 -0.930613014 -0.086762472
vn 0.104181016 -0.111713887 0.988264298
vn -0.449370236 -0.674185955 0.586122588
vn 0.010901946 0.012603853 0.999861136
vn 0.104181016 -0.111713887 0.988264298
vn -0.027616686 -0.933760589 0.356831165
vn -0.355572343 -0.930613014 -0.086762472
vn -0.027616686 -0.933760589 0.356831165
vn 0.104181016 -0.111713887 0.988264298
vn 0.949350602 0.086385866 0.302110767
vn -0.040388861 -0.848404475 -0.527805444
vn -0.449370236 -0.674185955 0.586122588
vn -0.413341881 -0.568435282 -0.711357730
vn -0.449370236 -0.674185955 0.586122588
vn -0.040388861 -0.848404475 -0.527805444
vn 0.205283758 -0.504070662 0.838910810
vn -0.355572343 -0.930613014 -0.086762472
vn 0.542252870 -0.579852772 -0.608056402
vn 0.097814695 -0.164248344 -0.981557317
vn 0.542252870 -0.579852772 -0.608056402
vn -0.355572343 -0.930613014 -0.086762472
vn -0.027616686 -0.933760589 0.356831165
vn 0.286215674 0.470300782 -0.834804026
vn 0.097814695 -0.164248344 -0.981557317
vn 0.794852495 0.606408802 -0.021860398
vn 0.097814695 -0.164248344 -0.981557317
vn 0.470087466 -0.105604987 -0.876279271
vn 0.794852495 0.606408802 -0.021860398
vn 0.470087466 -0.105604987 -0.876279271
vn 0.097814695 -0.164248344 -0.981557317
vn 0.542252870 -0.579852772 -0.608056402
vn -0.406556057 0.156596964 -0.900105307
vn -0.899485787 -0.390662026 0.195725574
vn -0.702874254 -0.659437513 0.266664488
vn -0.899485787 -0.390662026 0.195725574
vn -0.406556057 0.156596964 -0.900105307
vn -0.130277104 0.508298521 -0.851269928
vn -0.130277104 0.508298521 -0.851269928
vn -0.994429814 0.011573550 0.104763529
vn -0.899485787 -0.390662026 0.195725574
vn -0.994429814 0.011573550 0.104763529
vn -0.130277104 0.508298521 -0.851269928
vn -0.054766304 0.863232682 -0.501826653
vn -0.702874254 -0.659437513 0.266664488
vn 0.063259955 -0.276833394 0.958833380
vn 0.559008485 -0.358238913 0.747779643
vn 0.063259955 -0.276833394 0.958833380
vn -0.702874254 -0.659437513 0.266664488
vn -0.899485787 -0.390662026 0.195725574
vn -0.899485787 -0.390662026 0.195725574
vn -0.286452957 0.050060011 0.956785607
vn 0.063259955 -0.276833394 0.958833380
vn -0.286452957 0.050060011 0.956785607
vn -0.899485787 -0.390662026 0.195725574
vn -0.994429814 0.011573550 0.104763529
vn 0.559008485 -0.358238913 0.747779643
vn 0.801910102 0.586305351 -0.114831286
vn 0.807311487 0.481228475 -0.341565979
vn 0.801910102 0.586305351 -0.114831286
vn 0.559008485 -0.358238913 0.747779643
vn 0.063259955 -0.276833394 0.958833380
vn 0.063259955 -0.276833394 0.958833380
vn 0.696135969 0.703207686 0.144546404
vn 0.801910102 0.586305351 -0.114831286
vn 0.696135969 0.703207686 0.144546404
vn 0.063259955 -0.276833394 0.958833380
vn -0.286452957 0.050060011 0.956785607
vn 0.807311487 0.481228475 -0.341565979
vn -0.130277104 0.508298521 -0.851269928
vn -0.406556057 0.156596964 -0.900105307
vn -0.130277104 0.508298521 -0.851269928
vn 0.807311487 0.481228475 -0.341565979
vn 0.801910102 0.586305351 -0.114831286
vn 0.801910102 0.586305351 -0.114831286
vn -0.054766304 0.863232682 -0.501826653
vn -0.130277104 0.508298521 -0.851269928
vn -0.054766304 0.863232682 -0.501826653
vn 0.801910102 0.586305351 -0.114831286
vn 0.696135969 0.703207686 0.144546404
vn 0.542252870 -0.579852772 -0.608056402
vn -0.406556057 0.156596964 -0.900105307
vn 0.470087466 -0.105604987 -0.876279271
vn -0.406556057 0.156596964 -0.900105307
vn 0.542252870 -0.579852772 -0.608056402
vn 0.807311487 0.481228475 -0.341565979
vn 0.470087466 -0.105604987 -0.876279271
vn -0.702874254 -0.659437513 0.266664488
vn 0.949350602 0.086385866 0.302110767
vn -0.702874254 -0.659437513 0.266664488
vn 0.470087466 -0.105604987 -0.876279271
vn -0.406556057 0.156596964 -0.900105307
vn -0.027616686 -0.933760589 0.356831165
vn -0.702874254 -0.659437513 0.266664488
vn 0.559008485 -0.358238913 0.747779643
vn -0.702874254 -0.659437513 0.266664488
vn -0.027616686 -0.933760589 0.356831165
vn 0.949350602 0.086385866 0.302110767
vn 0.559008485 -0.358238913 0.747779643
vn 0.542252870 -0.579852772 -0.608056402
vn -0.027616686 -0.933760589 0.356831165
vn 0.542252870 -0.579852772 -0.608056402
vn 0.559008485 -0.358238913 0.747779643
vn 0.807311487 0.481228475 -0.341565979
vn -0.078987541 -0.392571990 -0.916323197
vn 0.286215674 0.470300782 -0.834804026
vn 0.027941785 0.573942090 -0.818419045
vn 0.027941785 0.573942090 -0.818419045
vn -0.334637517 -0.023967995 -0.942042073
vn -0.078987541 -0.392571990 -0.916323197
vn -0.334637517 -0.023967995 -0.942042073
vn 0.027941785 0.573942090 -0.818419045
vn -0.318660699 0.557247760 -0.766766126
vn 0.673780530 -0.732206790 -0.099463627
vn 0.118538744 -0.992355941 -0.034325679
vn 0.144544092 -0.979324664 -0.141528117
vn 0.118538744 -0.992355941 -0.034325679
vn 0.673780530 -0.732206790 -0.099463627
vn 0.541304426 -0.835095351 -0.098006490
vn -0.334637517 -0.023967995 -0.942042073
vn -0.658109383 0.436323506 -0.613607235
vn -0.492852472 0.042695009 -0.869064771
vn 0.133252540 0.887425565 -0.441270470
vn -0.040368618 0.981406146 -0.187649541
vn -0.332324640 0.805725974 -0.490271342
vn -0.040368618 0.981406146 -0.187649541
vn 0.133252540 0.887425565 -0.441270470
vn 0.339100095 0.924369508 0.174791701
vn 0.493776379 0.867447389 0.060991108
vn 0.339100095 0.924369508 0.174791701
vn 0.133252540 0.887425565 -0.441270470
vn -0.019596559 -0.751212425 -0.659769557
vn -0.135252368 -0.811887350 -0.567931094
vn 0.042761450 -0.978922861 -0.199703505
vn 0.042761450 -0.978922861 -0.199703505
vn -0.091317697 -0.931937870 -0.350931453
vn -0.002202067 -0.995615348 -0.093515932
vn -0.091317697 -0.931937870 -0.350931453
vn 0.042761450 -0.978922861 -0.199703505
vn -0.135252368 -0.811887350 -0.567931094
vn -0.078987541 -0.392571990 -0.916323197
vn -0.334637517 -0.023967995 -0.942042073
vn -0.019596559 -0.751212425 -0.659769557
vn -0.040388861 -0.848404475 -0.527805444
vn -0.019596559 -0.751212425 -0.659769557
vn 0.266835620 -0.904166647 -0.333588708
vn 0.205283758 -0.504070662 0.838910810
vn 0.992543968 0.071455367 0.098745134
vn 0.469585062 0.396721734 0.788734262
vn 0.992543968 0.071455367 0.098745134
vn 0.205283758 -0.504070662 0.838910810
vn 0.973623954 -0.213019966 -0.081724482
vn 0.573209178 0.817168356 -0.060556722
vn 0.469585062 0.396721734 0.788734262
vn 0.992543968 0.071455367 0.098745134
vn 0.941721088 0.271294656 -0.198898470
vn 0.969837407 0.048263999 -0.238926746
vn 0.967862728 0.220976218 0.120046868
vn 0.974832683 0.090110059 -0.203915221
vn 0.951909363 -0.277945868 -0.128897863
vn 0.980473592 -0.117397735 -0.157763453
vn 0.945433868 0.198195893 -0.258598511
vn 0.966008019 0.016945434 -0.257956119
vn 0.461729052 0.333021824 0.822133047
vn 0.966008019 0.016945434 -0.257956119
vn 0.990660045 -0.133666350 0.026944063
vn 0.461729052 0.333021824 0.822133047
vn -0.658109383 0.436323506 -0.613607235
vn -0.334637517 -0.023967995 -0.942042073
vn -0.318660699 0.557247760 -0.766766126
vn -0.218467159 0.900957822 -0.374896123
vn -0.209483293 0.868150919 -0.449923028
vn -0.597435472 0.701876825 -0.387865671
vn 0.244839414 0.357343372 0.901309811
vn 0.199190396 0.979747563 0.020442563
vn 0.521062694 0.853464167 0.009622097
vn 0.199190396 0.979747563 0.020442563
vn 0.244839414 0.357343372 0.901309811
vn 0.084104299 0.359725460 0.929259953
vn -0.206724253 -0.934929908 -0.288394088
vn 0.063372124 -0.386917878 0.919933981
vn 0.108134546 -0.920594805 -0.375249418
vn 0.063372124 -0.386917878 0.919933981
vn -0.206724253 -0.934929908 -0.288394088
vn -0.015346009 -0.090801001 0.995750811
vn -0.339061282 -0.155008477 -0.927906148
vn -0.091317697 -0.931937870 -0.350931453
vn -0.135252368 -0.811887350 -0.567931094
vn 0.147351877 0.981275220 0.124041795
vn 0.521062694 0.853464167 0.009622097
vn 0.199190396 0.979747563 0.020442563
vn 0.521062694 0.853464167 0.009622097
vn 0.147351877 0.981275220 0.124041795
vn 0.631410792 0.775427245 -0.005744468
vn 0.631410792 0.775427245 -0.005744468
vn 0.945433868 0.198195893 -0.258598511
vn 0.521062694 0.853464167 0.009622097
vn 0.945433868 0.198195893 -0.258598511
vn 0.631410792 0.775427245 -0.005744468
vn 0.966436697 0.106872110 -0.233620339
vn 0.966436697 0.106872110 -0.233620339
vn 0.762344714 -0.503003877 -0.407207119
vn 0.945433868 0.198195893 -0.258598511
vn 0.762344714 -0.503003877 -0.407207119
vn 0.966436697 0.106872110 -0.233620339
vn 0.859193709 -0.464494374 -0.214548705
vn 0.762344714 -0.503003877 -0.407207119
vn 0.309384693 -0.916091266 -0.255064508
vn 0.220690852 -0.869990828 -0.440921203
vn 0.309384693 -0.916091266 -0.255064508
vn 0.762344714 -0.503003877 -0.407207119
vn 0.859193709 -0.464494374 -0.214548705
vn 0.220690852 -0.869990828 -0.440921203
vn -0.156868381 -0.952851863 -0.259741484
vn -0.198726855 -0.910603255 -0.362366319
vn -0.156868381 -0.952851863 -0.259741484
vn 0.220690852 -0.869990828 -0.440921203
vn 0.309384693 -0.916091266 -0.255064508
vn -0.658109383 0.436323506 -0.613607235
vn -0.318660699 0.557247760 -0.766766126
vn -0.597435472 0.701876825 -0.387865671
vn -0.597435472 0.701876825 -0.387865671
vn -0.318660699 0.557247760 -0.766766126
vn -0.332324640 0.805725974 -0.490271342
vn -0.332324640 0.805725974 -0.490271342
vn 0.027941785 0.573942090 -0.818419045
vn 0.133252540 0.887425565 -0.441270470
vn 0.027941785 0.573942090 -0.818419045
vn -0.332324640 0.805725974 -0.490271342
vn -0.318660699 0.557247760 -0.766766126
vn 0.027941785 0.573942090 -0.818419045
vn 0.493776379 0.867447389 0.060991108
vn 0.133252540 0.887425565 -0.441270470
vn 0.493776379 0.867447389 0.060991108
vn 0.027941785 0.573942090 -0.818419045
vn 0.286215674 0.470300782 -0.834804026
vn 0.286215674 0.470300782 -0.834804026
vn 0.794852495 0.606408802 -0.021860398
vn 0.493776379 0.867447389 0.060991108
vn 0.097814695 -0.164248344 -0.981557317
vn 0.286215674 0.470300782 -0.834804026
vn -0.165133397 -0.392045455 -0.905003493
vn 0.859193709 -0.464494374 -0.214548705
vn 0.980473592 -0.117397735 -0.157763453
vn 0.673780530 -0.732206790 -0.099463627
vn 0.468620582 -0.862032889 -0.193116669
vn 0.973623954 -0.213019966 -0.081724482
vn 0.266835620 -0.904166647 -0.333588708
vn 0.951909363 -0.277945868 -0.128897863
vn 0.673780530 -0.732206790 -0.099463627
vn 0.980473592 -0.117397735 -0.157763453
vn 0.673780530 -0.732206790 -0.099463627
vn 0.951909363 -0.277945868 -0.128897863
vn 0.541304426 -0.835095351 -0.098006490
vn 0.673780530 -0.732206790 -0.099463627
vn 0.309384693 -0.916091266 -0.255064508
vn 0.859193709 -0.464494374 -0.214548705
vn -0.339061282 -0.155008477 -0.927906148
vn -0.135252368 -0.811887350 -0.567931094
vn -0.492852472 0.042695009 -0.869064771
vn 0.042761450 -0.978922861 -0.199703505
vn 0.541304426 -0.835095351 -0.098006490
vn 0.468620582 -0.862032889 -0.193116669
vn 0.541304426 -0.835095351 -0.098006490
vn 0.042761450 -0.978922861 -0.199703505
vn 0.118538744 -0.992355941 -0.034325679
vn 0.541304426 -0.835095351 -0.098006490
vn 0.973623954 -0.213019966 -0.081724482
vn 0.468620582 -0.862032889 -0.193116669
vn 0.973623954 -0.213019966 -0.081724482
vn 0.541304426 -0.835095351 -0.098006490
vn 0.951909363 -0.277945868 -0.128897863
vn 0.973623954 -0.213019966 -0.081724482
vn 0.974832683 0.090110059 -0.203915221
vn 0.972377690 0.087407389 -0.216429149
vn 0.974832683 0.090110059 -0.203915221
vn 0.973623954 -0.213019966 -0.081724482
vn 0.951909363 -0.277945868 -0.128897863
vn 0.972377690 0.087407389 -0.216429149
vn 0.969837407 0.048263999 -0.238926746
vn 0.992543968 0.071455367 0.098745134
vn 0.969837407 0.048263999 -0.238926746
vn 0.972377690 0.087407389 -0.216429149
vn 0.974832683 0.090110059 -0.203915221
vn 0.875871837 0.362123396 -0.318928161
vn 0.992543968 0.071455367 0.098745134
vn 0.969837407 0.048263999 -0.238926746
vn 0.992543968 0.071455367 0.098745134
vn 0.875871837 0.362123396 -0.318928161
vn 0.573209178 0.817168356 -0.060556722
vn 0.094576586 0.903047618 0.418999127
vn 0.302574266 0.952492509 -0.034739503
vn 0.494049502 0.844591224 0.206351043
vn 0.302574266 0.952492509 -0.034739503
vn 0.094576586 0.903047618 0.418999127
vn -0.072248483 0.995600002 0.059672370
vn 0.494049502 0.844591224 0.206351043
vn 0.747568728 0.637590977 -0.186061126
vn 0.897411939 0.427052247 0.110806992
vn 0.747568728 0.637590977 -0.186061126
vn 0.494049502 0.844591224 0.206351043
vn 0.302574266 0.952492509 -0.034739503
vn -0.032553125 0.946060288 -0.322351091
vn -0.040368618 0.981406146 -0.187649541
vn 0.573209178 0.817168356 -0.060556722
vn -0.040368618 0.981406146 -0.187649541
vn -0.032553125 0.946060288 -0.322351091
vn -0.218467159 0.900957822 -0.374896123
vn 0.573209178 0.817168356 -0.060556722
vn 0.339100095 0.924369508 0.174791701
vn 0.469585062 0.396721734 0.788734262
vn 0.339100095 0.924369508 0.174791701
vn 0.573209178 0.817168356 -0.060556722
vn -0.040368618 0.981406146 -0.187649541
vn 0.339100095 0.924369508 0.174791701
vn 0.493776379 0.867447389 0.060991108
vn 0.469585062 0.396721734 0.788734262
vn -0.040388861 -0.848404475 -0.527805444
vn 0.973623954 -0.213019966 -0.081724482
vn 0.205283758 -0.504070662 0.838910810
vn 0.973623954 -0.213019966 -0.081724482
vn -0.040388861 -0.848404475 -0.527805444
vn 0.266835620 -0.904166647 -0.333588708
vn -0.209483293 0.868150919 -0.449923028
vn -0.218467159 0.900957822 -0.374896123
vn -0.032553125 0.946060288 -0.322351091
vn 0.580691662 0.499674762 0.642745927
vn 0.897411939 0.427052247 0.110806992
vn 0.967862728 0.220976218 0.120046868
vn 0.897411939 0.427052247 0.110806992
vn 0.580691662 0.499674762 0.642745927
vn 0.494049502 0.844591224 0.206351043
vn 0.941721088 0.271294656 -0.198898470
vn 0.747568728 0.637590977 -0.186061126
vn 0.875871837 0.362123396 -0.318928161
vn 0.875871837 0.362123396 -0.318928161
vn 0.571502823 0.757410087 -0.315776002
vn 0.573209178 0.817168356 -0.060556722
vn 0.573209178 0.817168356 -0.060556722
vn 0.095900433 0.952835760 -0.287935968
vn -0.032553125 0.946060288 -0.322351091
vn 0.095900433 0.952835760 -0.287935968
vn 0.573209178 0.817168356 -0.060556722
vn 0.571502823 0.757410087 -0.315776002
vn -0.032553125 0.946060288 -0.322351091
vn -0.129832285 0.978312763 -0.161393045
vn -0.209483293 0.868150919 -0.449923028
vn -0.117892436 0.977913963 0.172585209
vn -0.129832285 0.978312763 -0.161393045
vn -0.072248483 0.995600002 0.059672370
vn -0.046686521 0.897525612 0.438483916
vn -0.072248483 0.995600002 0.059672370
vn 0.094576586 0.903047618 0.418999127
vn -0.072248483 0.995600002 0.059672370
vn -0.046686521 0.897525612 0.438483916
vn -0.117892436 0.977913963 0.172585209
vn 0.580691662 0.499674762 0.642745927
vn 0.094576586 0.903047618 0.418999127
vn 0.494049502 0.844591224 0.206351043
vn 0.747568728 0.637590977 -0.186061126
vn 0.941721088 0.271294656 -0.198898470
vn 0.897411939 0.427052247 0.110806992
vn 0.969837407 0.048263999 -0.238926746
vn 0.941721088 0.271294656 -0.198898470
vn 0.875871837 0.362123396 -0.318928161
vn 0.897411939 0.427052247 0.110806992
vn 0.941721088 0.271294656 -0.198898470
vn 0.967862728 0.220976218 0.120046868
vn -0.097400269 -0.984102664 -0.148509712
vn 0.309384693 -0.916091266 -0.255064508
vn 0.144544092 -0.979324664 -0.141528117
vn 0.309384693 -0.916091266 -0.255064508
vn -0.097400269 -0.984102664 -0.148509712
vn -0.156868381 -0.952851863 -0.259741484
vn -0.002202067 -0.995615348 -0.093515932
vn 0.118538744 -0.992355941 -0.034325679
vn 0.042761450 -0.978922861 -0.199703505
vn 0.118538744 -0.992355941 -0.034325679
vn -0.002202067 -0.995615348 -0.093515932
vn 0.002299371 -0.999742028 -0.022596262
vn -0.019596559 -0.751212425 -0.659769557
vn -0.040388861 -0.848404475 -0.527805444
vn -0.078987541 -0.392571990 -0.916323197
vn 0.104181016 -0.111713887 0.988264298
vn 0.493776379 0.867447389 0.060991108
vn 0.794852495 0.606408802 -0.021860398
vn -0.078987541 -0.392571990 -0.916323197
vn -0.040388861 -0.848404475 -0.527805444
vn -0.165133397 -0.392045455 -0.905003493
vn 0.286215674 0.470300782 -0.834804026
vn -0.078987541 -0.392571990 -0.916323197
vn -0.165133397 -0.392045455 -0.905003493
vn 0.094576586 0.903047618 0.418999127
vn 0.580691662 0.499674762 0.642745927
vn 0.147804480 0.736154894 0.660476955
vn -0.117892436 0.977913963 0.172585209
vn 0.062573363 0.971926094 0.226813231
vn -0.050432222 0.997738890 -0.044426329
vn 0.062573363 0.971926094 0.226813231
vn -0.117892436 0.977913963 0.172585209
vn -0.046686521 0.897525612 0.438483916
vn -0.129832285 0.978312763 -0.161393045
vn -0.117892436 0.977913963 0.172585209
vn -0.050432222 0.997738890 -0.044426329
vn 0.094576586 0.903047618 0.418999127
vn 0.147804480 0.736154894 0.660476955
vn -0.046686521 0.897525612 0.438483916
vn -0.129832285 0.978312763 -0.161393045
vn -0.050432222 0.997738890 -0.044426329
vn -0.209483293 0.868150919 -0.449923028
vn -0.129832285 0.978312763 -0.161393045
vn -0.032553125 0.946060288 -0.322351091
vn 0.095900433 0.952835760 -0.287935968
vn 0.571502823 0.757410087 -0.315776002
vn 0.875871837 0.362123396 -0.318928161
vn 0.747568728 0.637590977 -0.186061126
vn 0.992543968 0.071455367 0.098745134
vn 0.973623954 -0.213019966 -0.081724482
vn 0.972377690 0.087407389 -0.216429149
vn 0.493776379 0.867447389 0.060991108
vn 0.010901946 0.012603853 0.999861136
vn 0.469585062 0.396721734 0.788734262
vn 0.010901946 0.012603853 0.999861136
vn 0.205283758 -0.504070662 0.838910810
vn 0.469585062 0.396721734 0.788734262
vn 0.205283758 -0.504070662 0.838910810
vn 0.010901946 0.012603853 0.999861136
vn -0.449370236 -0.674185955 0.586122588
vn -0.355572343 -0.930613014 -0.086762472
vn -0.413341881 -0.568435282 -0.711357730
vn -0.449370236 -0.674185955 0.586122588
vn -0.040388861 -0.848404475 -0.527805444
vn -0.413341881 -0.568435282 -0.711357730
vn -0.165133397 -0.392045455 -0.905003493
vn -0.413341881 -0.568435282 -0.711357730
vn 0.097814695 -0.164248344 -0.981557317
vn -0.165133397 -0.392045455 -0.905003493
vn 0.097814695 -0.164248344 -0.981557317
vn -0.413341881 -0.568435282 -0.711357730
vn -0.355572343 -0.930613014 -0.086762472
vn 0.266835620 -0.904166647 -0.333588708
vn 0.042761450 -0.978922861 -0.199703505
vn 0.468620582 -0.862032889 -0.193116669
vn 0.042761450 -0.978922861 -0.199703505
vn 0.266835620 -0.904166647 -0.333588708
vn -0.019596559 -0.751212425 -0.659769557
vn -0.332324640 0.805725974 -0.490271342
vn -0.218467159 0.900957822 -0.374896123
vn -0.597435472 0.701876825 -0.387865671
vn 0.208912228 0.970468642 0.120608028
vn 0.612642322 0.788510527 0.054041968
vn 0.631410792 0.775427245 -0.005744468
vn 0.631410792 0.775427245 -0.005744468
vn 0.946757194 0.296345350 -0.125818316
vn 0.966436697 0.106872110 -0.233620339
vn 0.946757194 0.296345350 -0.125818316
vn 0.631410792 0.775427245 -0.005744468
vn 0.612642322 0.788510527 0.054041968
vn 0.980473592 -0.117397735 -0.157763453
vn 0.966436697 0.106872110 -0.233620339
vn 0.946757194 0.296345350 -0.125818316
vn 0.966436697 0.106872110 -0.233620339
vn 0.980473592 -0.117397735 -0.157763453
vn 0.859193709 -0.464494374 -0.214548705
vn 0.147351877 0.981275220 0.124041795
vn 0.208912228 0.970468642 0.120608028
vn 0.631410792 0.775427245 -0.005744468
vn 0.208912228 0.970468642 0.120608028
vn 0.147351877 0.981275220 0.124041795
vn 0.062573363 0.971926094 0.226813231
vn -0.046686521 0.897525612 0.438483916
vn 0.208912228 0.970468642 0.120608028
vn 0.062573363 0.971926094 0.226813231
vn 0.208912228 0.970468642 0.120608028
vn -0.046686521 0.897525612 0.438483916
vn 0.147804480 0.736154894 0.660476955
vn 0.969837407 0.048263999 -0.238926746
vn 0.946757194 0.296345350 -0.125818316
vn 0.967862728 0.220976218 0.120046868
vn 0.946757194 0.296345350 -0.125818316
vn 0.969837407 0.048263999 -0.238926746
vn 0.974832683 0.090110059 -0.203915221
vn -0.459110276 0.865579257 -0.199975760
vn -0.408811151 0.760820190 -0.504010000
vn -0.283230555 0.877388164 -0.387260199
vn -0.679907754 0.715388500 0.161073711
vn -0.304226418 0.932116525 0.196481729
vn -0.717767911 0.588386106 0.372305005
vn -0.304226418 0.932116525 0.196481729
vn -0.679907754 0.715388500 0.161073711
vn -0.318665970 0.938914783 -0.129965498
vn -0.145487814 0.085622633 -0.985648041
vn -0.055427224 -0.839872547 -0.539946226
vn -0.115285638 -0.826952825 -0.550325583
vn -0.055427224 -0.839872547 -0.539946226
vn -0.145487814 0.085622633 -0.985648041
vn -0.354583848 -0.021975055 -0.934765956
vn -0.909879832 -0.217462887 -0.353310889
vn -0.524083031 -0.724486892 -0.447722816
vn -0.881547883 -0.193622250 -0.430562137
vn -0.524083031 -0.724486892 -0.447722816
vn -0.909879832 -0.217462887 -0.353310889
vn -0.470941946 -0.803049185 -0.365137906
vn -0.810427262 0.528351381 -0.253085897
vn -0.909879832 -0.217462887 -0.353310889
vn -0.881547883 -0.193622250 -0.430562137
vn -0.909879832 -0.217462887 -0.353310889
vn -0.810427262 0.528351381 -0.253085897
vn -0.906133943 0.341158212 -0.250064695
vn -0.186551601 0.982406265 -0.008742476
vn -0.315253869 0.452859922 0.833986144
vn -0.810427262 0.528351381 -0.253085897
vn -0.315253869 0.452859922 0.833986144
vn -0.186551601 0.982406265 -0.008742476
vn -0.086097661 0.402006993 0.911579712
vn -0.318665970 0.938914783 -0.129965498
vn 0.035146644 0.999206270 0.018749485
vn -0.304226418 0.932116525 0.196481729
vn 0.035146644 0.999206270 0.018749485
vn -0.318665970 0.938914783 -0.129965498
vn -0.067926476 0.980391536 -0.184982243
vn -0.470941946 -0.803049185 -0.365137906
vn -0.198726855 -0.910603255 -0.362366319
vn -0.524083031 -0.724486892 -0.447722816
vn -0.198726855 -0.910603255 -0.362366319
vn -0.470941946 -0.803049185 -0.365137906
vn -0.206724253 -0.934929908 -0.288394088
vn -0.219519574 -0.975279344 0.025325061
vn 0.002299371 -0.999742028 -0.022596262
vn -0.046954340 -0.995222509 0.085600512
vn 0.002299371 -0.999742028 -0.022596262
vn -0.219519574 -0.975279344 0.025325061
vn -0.097400269 -0.984102664 -0.148509712
vn -0.470941946 -0.803049185 -0.365137906
vn -0.800696948 -0.337721639 0.494801468
vn -0.209995778 -0.297498584 0.931341165
vn -0.800696948 -0.337721639 0.494801468
vn -0.470941946 -0.803049185 -0.365137906
vn -0.909879832 -0.217462887 -0.353310889
vn -0.909879832 -0.217462887 -0.353310889
vn -0.975637828 0.170511678 0.138045634
vn -0.800696948 -0.337721639 0.494801468
vn -0.975637828 0.170511678 0.138045634
vn -0.909879832 -0.217462887 -0.353310889
vn -0.906133943 0.341158212 -0.250064695
vn -0.504771758 -0.853261576 -0.130958603
vn -0.219519574 -0.975279344 0.025325061
vn -0.634462908 -0.691859142 0.344655982
vn -0.925280042 -0.033914885 0.377765303
vn -0.857734905 0.057575556 0.510857992
vn -0.853601373 0.369088325 0.367611894
vn -0.501078321 -0.109650154 0.858427259
vn -0.483857939 0.853877166 0.191768819
vn -0.853601373 0.369088325 0.367611894
vn -0.483857939 0.853877166 0.191768819
vn -0.501078321 -0.109650154 0.858427259
vn 0.091286610 0.339627971 0.936119435
vn -0.483857939 0.853877166 0.191768819
vn 0.299700596 0.746386920 0.594210500
vn -0.054864785 0.990567546 0.125561904
vn 0.299700596 0.746386920 0.594210500
vn -0.483857939 0.853877166 0.191768819
vn 0.091286610 0.339627971 0.936119435
vn -0.266159342 0.963386246 0.032344162
vn 0.237509539 0.182025936 0.954178064
vn 0.273890035 0.153628209 0.949411724
vn -0.332982210 0.907811028 -0.254954869
vn 0.188360702 0.600920398 0.776797864
vn -0.288325680 0.849043325 -0.442711797
vn 0.188360702 0.600920398 0.776797864
vn -0.332982210 0.907811028 -0.254954869
vn 0.273890035 0.153628209 0.949411724
vn 0.371863343 -0.629355926 0.682369968
vn 0.273890035 0.153628209 0.949411724
vn 0.237509539 0.182025936 0.954178064
vn 0.273890035 0.153628209 0.949411724
vn 0.371863343 -0.629355926 0.682369968
vn 0.140276428 -0.983309636 0.115864940
vn 0.273890035 0.153628209 0.949411724
vn 0.341395800 -0.730480099 0.591479275
vn 0.188360702 0.600920398 0.776797864
vn 0.341395800 -0.730480099 0.591479275
vn 0.273890035 0.153628209 0.949411724
vn 0.140276428 -0.983309636 0.115864940
vn 0.075458663 -0.965636554 -0.248700696
vn 0.371863343 -0.629355926 0.682369968
vn 0.243160862 -0.400067528 0.883639501
vn 0.371863343 -0.629355926 0.682369968
vn 0.075458663 -0.965636554 -0.248700696
vn 0.024395862 -0.850922569 -0.524724331
vn 0.140276428 -0.983309636 0.115864940
vn -0.261266965 -0.538035695 -0.801409486
vn 0.341395800 -0.730480099 0.591479275
vn -0.261266965 -0.538035695 -0.801409486
vn 0.140276428 -0.983309636 0.115864940
vn -0.347638385 -0.247540230 -0.904362421
vn -0.417300467 0.304847001 -0.856112508
vn -0.332982210 0.907811028 -0.254954869
vn -0.347638385 -0.247540230 -0.904362421
vn -0.347638385 -0.247540230 -0.904362421
vn -0.288325680 0.849043325 -0.442711797
vn -0.261266965 -0.538035695 -0.801409486
vn -0.288325680 0.849043325 -0.442711797
vn -0.347638385 -0.247540230 -0.904362421
vn -0.332982210 0.907811028 -0.254954869
vn -0.069187687 0.963201755 -0.259721857
vn 0.279374554 0.336585502 0.899255280
vn -0.337122231 0.811701092 -0.476959054
vn 0.279374554 0.336585502 0.899255280
vn -0.069187687 0.963201755 -0.259721857
vn 0.420742222 0.098386599 0.901829285
vn -0.337122231 0.811701092 -0.476959054
vn -0.032186376 0.482939358 0.875062063
vn -0.685045651 0.627446842 -0.370166066
vn -0.032186376 0.482939358 0.875062063
vn -0.337122231 0.811701092 -0.476959054
vn 0.279374554 0.336585502 0.899255280
vn 0.420742222 0.098386599 0.901829285
vn 0.024352554 -0.812687917 0.582190092
vn 0.279374554 0.336585502 0.899255280
vn 0.024352554 -0.812687917 0.582190092
vn 0.420742222 0.098386599 0.901829285
vn 0.010176366 -0.988023213 0.153969387
vn 0.279374554 0.336585502 0.899255280
vn -0.298529410 -0.598236377 0.743635280
vn -0.032186376 0.482939358 0.875062063
vn -0.298529410 -0.598236377 0.743635280
vn 0.279374554 0.336585502 0.899255280
vn 0.024352554 -0.812687917 0.582190092
vn 0.010176366 -0.988023213 0.153969387
vn -0.530157776 -0.305528659 -0.790939297
vn 0.024352554 -0.812687917 0.582190092
vn -0.530157776 -0.305528659 -0.790939297
vn 0.010176366 -0.988023213 0.153969387
vn -0.477534177 -0.159215522 -0.864066854
vn 0.024352554 -0.812687917 0.582190092
vn -0.680389532 -0.343076639 -0.647586677
vn -0.298529410 -0.598236377 0.743635280
vn -0.680389532 -0.343076639 -0.647586677
vn 0.024352554 -0.812687917 0.582190092
vn -0.530157776 -0.305528659 -0.790939297
vn -0.477534177 -0.159215522 -0.864066854
vn -0.337122231 0.811701092 -0.476959054
vn -0.530157776 -0.305528659 -0.790939297
vn -0.337122231 0.811701092 -0.476959054
vn -0.477534177 -0.159215522 -0.864066854
vn -0.069187687 0.963201755 -0.259721857
vn -0.530157776 -0.305528659 -0.790939297
vn -0.685045651 0.627446842 -0.370166066
vn -0.680389532 -0.343076639 -0.647586677
vn -0.685045651 0.627446842 -0.370166066
vn -0.530157776 -0.305528659 -0.790939297
vn -0.337122231 0.811701092 -0.476959054
vn -0.261266965 -0.538035695 -0.801409486
vn -0.069187687 0.963201755 -0.259721857
vn -0.477534177 -0.159215522 -0.864066854
vn -0.069187687 0.963201755 -0.259721857
vn -0.261266965 -0.538035695 -0.801409486
vn -0.288325680 0.849043325 -0.442711797
vn -0.288325680 0.849043325 -0.442711797
vn 0.420742222 0.098386599 0.901829285
vn -0.069187687 0.963201755 -0.259721857
vn 0.420742222 0.098386599 0.901829285
vn -0.288325680 0.849043325 -0.442711797
vn 0.188360702 0.600920398 0.776797864
vn 0.341395800 -0.730480099 0.591479275
vn 0.420742222 0.098386599 0.901829285
vn 0.188360702 0.600920398 0.776797864
vn 0.420742222 0.098386599 0.901829285
vn 0.341395800 -0.730480099 0.591479275
vn 0.010176366 -0.988023213 0.153969387
vn 0.010176366 -0.988023213 0.153969387
vn -0.261266965 -0.538035695 -0.801409486
vn -0.477534177 -0.159215522 -0.864066854
vn -0.261266965 -0.538035695 -0.801409486
vn 0.010176366 -0.988023213 0.153969387
vn 0.341395800 -0.730480099 0.591479275
vn -0.260827410 -0.556453546 -0.788878009
vn -0.443237105 0.476723154 -0.759128384
vn -0.417300467 0.304847001 -0.856112508
vn -0.443237105 0.476723154 -0.759128384
vn -0.354583848 -0.021975055 -0.934765956
vn -0.499351468 0.527403053 -0.687382085
vn -0.354583848 -0.021975055 -0.934765956
vn -0.443237105 0.476723154 -0.759128384
vn -0.260827410 -0.556453546 -0.788878009
vn -0.634462908 -0.691859142 0.344655982
vn -0.046954340 -0.995222509 0.085600512
vn -0.356497393 -0.880778057 0.311672300
vn -0.046954340 -0.995222509 0.085600512
vn -0.634462908 -0.691859142 0.344655982
vn -0.219519574 -0.975279344 0.025325061
vn -0.354583848 -0.021975055 -0.934765956
vn -0.145487814 0.085622633 -0.985648041
vn -0.028290361 0.463660685 -0.885561079
vn -0.422663772 0.833867904 -0.354992470
vn -0.459110276 0.865579257 -0.199975760
vn -0.455756254 0.851542730 0.259154810
vn -0.459110276 0.865579257 -0.199975760
vn -0.422663772 0.833867904 -0.354992470
vn -0.408811151 0.760820190 -0.504010000
vn -0.266159342 0.963386246 0.032344162
vn -0.422663772 0.833867904 -0.354992470
vn -0.455756254 0.851542730 0.259154810
vn -0.055427224 -0.839872547 -0.539946226
vn -0.010002773 -0.992861222 -0.118855112
vn -0.115285638 -0.826952825 -0.550325583
vn -0.010002773 -0.992861222 -0.118855112
vn -0.091317697 -0.931937870 -0.350931453
vn -0.115285638 -0.826952825 -0.550325583
vn -0.091317697 -0.931937870 -0.350931453
vn -0.010002773 -0.992861222 -0.118855112
vn -0.002202067 -0.995615348 -0.093515932
vn -0.260827410 -0.556453546 -0.788878009
vn -0.055427224 -0.839872547 -0.539946226
vn -0.354583848 -0.021975055 -0.934765956
vn 0.075458663 -0.965636554 -0.248700696
vn -0.009951422 -0.999949133 0.001643116
vn -0.055427224 -0.839872547 -0.539946226
vn 0.243160862 -0.400067528 0.883639501
vn -0.679627928 0.054316695 0.731543284
vn -0.669926586 -0.331876354 0.664120814
vn -0.679627928 0.054316695 0.731543284
vn 0.243160862 -0.400067528 0.883639501
vn -0.189358365 0.433348020 0.881108905
vn -0.667630334 0.689748628 0.280208078
vn -0.679627928 0.054316695 0.731543284
vn -0.189358365 0.433348020 0.881108905
vn -0.849428589 0.211149376 0.483618665
vn -0.501078321 -0.109650154 0.858427259
vn -0.865203713 -0.037388638 0.500024624
vn -0.857734905 0.057575556 0.510857992
vn -0.925280042 -0.033914885 0.377765303
vn -0.767738271 -0.310685436 0.560403879
vn -0.810427262 0.528351381 -0.253085897
vn -0.315253869 0.452859922 0.833986144
vn -0.906133943 0.341158212 -0.250064695
vn -0.906133943 0.341158212 -0.250064695
vn -0.315253869 0.452859922 0.833986144
vn -0.975637828 0.170511678 0.138045634
vn -0.028290361 0.463660685 -0.885561079
vn -0.499351468 0.527403053 -0.687382085
vn -0.354583848 -0.021975055 -0.934765956
vn -0.283230555 0.877388164 -0.387260199
vn -0.004220482 0.768183347 -0.640216005
vn -0.209483293 0.868150919 -0.449923028
vn -0.086097661 0.402006993 0.911579712
vn 0.199190396 0.979747563 0.020442563
vn 0.084104299 0.359725460 0.929259953
vn 0.199190396 0.979747563 0.020442563
vn -0.086097661 0.402006993 0.911579712
vn -0.186551601 0.982406265 -0.008742476
vn -0.206724253 -0.934929908 -0.288394088
vn -0.209995778 -0.297498584 0.931341165
vn -0.015346009 -0.090801001 0.995750811
vn -0.209995778 -0.297498584 0.931341165
vn -0.206724253 -0.934929908 -0.288394088
vn -0.470941946 -0.803049185 -0.365137906
vn -0.339061282 -0.155008477 -0.927906148
vn -0.115285638 -0.826952825 -0.550325583
vn -0.091317697 -0.931937870 -0.350931453
vn 0.147351877 0.981275220 0.124041795
vn -0.186551601 0.982406265 -0.008742476
vn -0.423470584 0.905120810 0.037801896
vn -0.186551601 0.982406265 -0.008742476
vn 0.147351877 0.981275220 0.124041795
vn 0.199190396 0.979747563 0.020442563
vn -0.423470584 0.905120810 0.037801896
vn -0.810427262 0.528351381 -0.253085897
vn -0.947943363 0.310051880 -0.072603120
vn -0.810427262 0.528351381 -0.253085897
vn -0.423470584 0.905120810 0.037801896
vn -0.186551601 0.982406265 -0.008742476
vn -0.947943363 0.310051880 -0.072603120
vn -0.881547883 -0.193622250 -0.430562137
vn -0.950686255 -0.304807072 0.057343646
vn -0.881547883 -0.193622250 -0.430562137
vn -0.947943363 0.310051880 -0.072603120
vn -0.810427262 0.528351381 -0.253085897
vn -0.881547883 -0.193622250 -0.430562137
vn -0.504771758 -0.853261576 -0.130958603
vn -0.950686255 -0.304807072 0.057343646
vn -0.504771758 -0.853261576 -0.130958603
vn -0.881547883 -0.193622250 -0.430562137
vn -0.524083031 -0.724486892 -0.447722816
vn -0.524083031 -0.724486892 -0.447722816
vn -0.156868381 -0.952851863 -0.259741484
vn -0.504771758 -0.853261576 -0.130958603
vn -0.156868381 -0.952851863 -0.259741484
vn -0.524083031 -0.724486892 -0.447722816
vn -0.198726855 -0.910603255 -0.362366319
vn -0.028290361 0.463660685 -0.885561079
vn -0.004220482 0.768183347 -0.640216005
vn -0.499351468 0.527403053 -0.687382085
vn -0.004220482 0.768183347 -0.640216005
vn -0.408811151 0.760820190 -0.504010000
vn -0.499351468 0.527403053 -0.687382085
vn -0.408811151 0.760820190 -0.504010000
vn -0.443237105 0.476723154 -0.759128384
vn -0.499351468 0.527403053 -0.687382085
vn -0.443237105 0.476723154 -0.759128384
vn -0.408811151 0.760820190 -0.504010000
vn -0.422663772 0.833867904 -0.354992470
vn -0.266159342 0.963386246 0.032344162
vn -0.443237105 0.476723154 -0.759128384
vn -0.422663772 0.833867904 -0.354992470
vn -0.443237105 0.476723154 -0.759128384
vn -0.266159342 0.963386246 0.032344162
vn -0.417300467 0.304847001 -0.856112508
vn -0.417300467 0.304847001 -0.856112508
vn -0.266159342 0.963386246 0.032344162
vn -0.332982210 0.907811028 -0.254954869
vn -0.347638385 -0.247540230 -0.904362421
vn -0.146213400 -0.639126702 -0.755075295
vn -0.417300467 0.304847001 -0.856112508
vn -0.950686255 -0.304807072 0.057343646
vn -0.634462908 -0.691859142 0.344655982
vn -0.925280042 -0.033914885 0.377765303
vn -0.302967764 -0.925027917 0.229202718
vn -0.009951422 -0.999949133 0.001643116
vn -0.669926586 -0.331876354 0.664120814
vn -0.767738271 -0.310685436 0.560403879
vn -0.634462908 -0.691859142 0.344655982
vn -0.356497393 -0.880778057 0.311672300
vn -0.634462908 -0.691859142 0.344655982
vn -0.767738271 -0.310685436 0.560403879
vn -0.925280042 -0.033914885 0.377765303
vn -0.634462908 -0.691859142 0.344655982
vn -0.950686255 -0.304807072 0.057343646
vn -0.504771758 -0.853261576 -0.130958603
vn -0.339061282 -0.155008477 -0.927906148
vn -0.145487814 0.085622633 -0.985648041
vn -0.115285638 -0.826952825 -0.550325583
vn -0.010002773 -0.992861222 -0.118855112
vn -0.356497393 -0.880778057 0.311672300
vn -0.046954340 -0.995222509 0.085600512
vn -0.356497393 -0.880778057 0.311672300
vn -0.010002773 -0.992861222 -0.118855112
vn -0.302967764 -0.925027917 0.229202718
vn -0.356497393 -0.880778057 0.311672300
vn -0.669926586 -0.331876354 0.664120814
vn -0.767738271 -0.310685436 0.560403879
vn -0.669926586 -0.331876354 0.664120814
vn -0.356497393 -0.880778057 0.311672300
vn -0.302967764 -0.925027917 0.229202718
vn -0.669926586 -0.331876354 0.664120814
vn -0.857734905 0.057575556 0.510857992
vn -0.767738271 -0.310685436 0.560403879
vn -0.857734905 0.057575556 0.510857992
vn -0.669926586 -0.331876354 0.664120814
vn -0.849583250 0.014785894 0.527247265
vn -0.849583250 0.014785894 0.527247265
vn -0.865203713 -0.037388638 0.500024624
vn -0.857734905 0.057575556 0.510857992
vn -0.865203713 -0.037388638 0.500024624
vn -0.849583250 0.014785894 0.527247265
vn -0.679627928 0.054316695 0.731543284
vn -0.878951310 0.313189562 0.359662194
vn -0.679627928 0.054316695 0.731543284
vn -0.667630334 0.689748628 0.280208078
vn -0.679627928 0.054316695 0.731543284
vn -0.878951310 0.313189562 0.359662194
vn -0.865203713 -0.037388638 0.500024624
vn 0.155221462 0.905084018 0.395890411
vn -0.304226418 0.932116525 0.196481729
vn 0.035146644 0.999206270 0.018749485
vn -0.304226418 0.932116525 0.196481729
vn 0.155221462 0.905084018 0.395890411
vn -0.280215294 0.818592093 0.501384457
vn -0.280215294 0.818592093 0.501384457
vn -0.717767911 0.588386106 0.372305005
vn -0.304226418 0.932116525 0.196481729
vn -0.717767911 0.588386106 0.372305005
vn -0.280215294 0.818592093 0.501384457
vn -0.619658362 0.376110434 0.688886388
vn -0.287952901 0.914895560 -0.282929747
vn -0.459110276 0.865579257 -0.199975760
vn -0.283230555 0.877388164 -0.387260199
vn -0.459110276 0.865579257 -0.199975760
vn -0.287952901 0.914895560 -0.282929747
vn -0.667630334 0.689748628 0.280208078
vn -0.667630334 0.689748628 0.280208078
vn -0.455756254 0.851542730 0.259154810
vn -0.459110276 0.865579257 -0.199975760
vn -0.455756254 0.851542730 0.259154810
vn -0.667630334 0.689748628 0.280208078
vn -0.189358365 0.433348020 0.881108905
vn -0.455756254 0.851542730 0.259154810
vn -0.189358365 0.433348020 0.881108905
vn -0.266159342 0.963386246 0.032344162
vn 0.075458663 -0.965636554 -0.248700696
vn -0.669926586 -0.331876354 0.664120814
vn -0.009951422 -0.999949133 0.001643116
vn -0.669926586 -0.331876354 0.664120814
vn 0.075458663 -0.965636554 -0.248700696
vn 0.243160862 -0.400067528 0.883639501
vn -0.209483293 0.868150919 -0.449923028
vn -0.287952901 0.914895560 -0.282929747
vn -0.283230555 0.877388164 -0.387260199
vn 0.091286610 0.339627971 0.936119435
vn -0.619658362 0.376110434 0.688886388
vn -0.280215294 0.818592093 0.501384457
vn -0.619658362 0.376110434 0.688886388
vn 0.091286610 0.339627971 0.936119435
vn -0.501078321 -0.109650154 0.858427259
vn -0.849428589 0.211149376 0.483618665
vn -0.878951310 0.313189562 0.359662194
vn -0.717767911 0.588386106 0.372305005
vn -0.878951310 0.313189562 0.359662194
vn -0.667630334 0.689748628 0.280208078
vn -0.679907754 0.715388500 0.161073711
vn -0.667630334 0.689748628 0.280208078
vn -0.318665970 0.938914783 -0.129965498
vn -0.679907754 0.715388500 0.161073711
vn -0.318665970 0.938914783 -0.129965498
vn -0.667630334 0.689748628 0.280208078
vn -0.287952901 0.914895560 -0.282929747
vn -0.287952901 0.914895560 -0.282929747
vn -0.209483293 0.868150919 -0.449923028
vn -0.067926476 0.980391536 -0.184982243
vn 0.145240740 0.986749805 0.072318387
vn 0.035146644 0.999206270 0.018749485
vn -0.067926476 0.980391536 -0.184982243
vn 0.268772020 0.910257528 0.314948939
vn 0.035146644 0.999206270 0.018749485
vn 0.145240740 0.986749805 0.072318387
vn 0.035146644 0.999206270 0.018749485
vn 0.268772020 0.910257528 0.314948939
vn 0.155221462 0.905084018 0.395890411
vn 0.091286610 0.339627971 0.936119435
vn -0.280215294 0.818592093 0.501384457
vn 0.155221462 0.905084018 0.395890411
vn -0.717767911 0.588386106 0.372305005
vn -0.619658362 0.376110434 0.688886388
vn -0.849428589 0.211149376 0.483618665
vn -0.865203713 -0.037388638 0.500024624
vn -0.878951310 0.313189562 0.359662194
vn -0.849428589 0.211149376 0.483618665
vn -0.619658362 0.376110434 0.688886388
vn -0.501078321 -0.109650154 0.858427259
vn -0.849428589 0.211149376 0.483618665
vn -0.097400269 -0.984102664 -0.148509712
vn -0.504771758 -0.853261576 -0.130958603
vn -0.156868381 -0.952851863 -0.259741484
vn -0.504771758 -0.853261576 -0.130958603
vn -0.097400269 -0.984102664 -0.148509712
vn -0.219519574 -0.975279344 0.025325061
vn -0.002202067 -0.995615348 -0.093515932
vn -0.046954340 -0.995222509 0.085600512
vn 0.002299371 -0.999742028 -0.022596262
vn -0.046954340 -0.995222509 0.085600512
vn -0.002202067 -0.995615348 -0.093515932
vn -0.010002773 -0.992861222 -0.118855112
vn -0.055427224 -0.839872547 -0.539946226
vn -0.260827410 -0.556453546 -0.788878009
vn 0.075458663 -0.965636554 -0.248700696
vn 0.273890035 0.153628209 0.949411724
vn -0.332982210 0.907811028 -0.254954869
vn -0.266159342 0.963386246 0.032344162
vn -0.260827410 -0.556453546 -0.788878009
vn -0.146213400 -0.639126702 -0.755075295
vn 0.075458663 -0.965636554 -0.248700696
vn -0.417300467 0.304847001 -0.856112508
vn -0.146213400 -0.639126702 -0.755075295
vn -0.260827410 -0.556453546 -0.788878009
vn 0.155221462 0.905084018 0.395890411
vn 0.299700596 0.746386920 0.594210500
vn 0.091286610 0.339627971 0.936119435
vn 0.145240740 0.986749805 0.072318387
vn 0.062573363 0.971926094 0.226813231
vn 0.268772020 0.910257528 0.314948939
vn 0.062573363 0.971926094 0.226813231
vn 0.145240740 0.986749805 0.072318387
vn -0.050432222 0.997738890 -0.044426329
vn -0.067926476 0.980391536 -0.184982243
vn -0.050432222 0.997738890 -0.044426329
vn 0.145240740 0.986749805 0.072318387
vn 0.155221462 0.905084018 0.395890411
vn 0.268772020 0.910257528 0.314948939
vn 0.299700596 0.746386920 0.594210500
vn -0.067926476 0.980391536 -0.184982243
vn -0.209483293 0.868150919 -0.449923028
vn -0.050432222 0.997738890 -0.044426329
vn -0.067926476 0.980391536 -0.184982243
vn -0.318665970 0.938914783 -0.129965498
vn -0.287952901 0.914895560 -0.282929747
vn -0.679907754 0.715388500 0.161073711
vn -0.717767911 0.588386106 0.372305005
vn -0.878951310 0.313189562 0.359662194
vn -0.679627928 0.054316695 0.731543284
vn -0.849583250 0.014785894 0.527247265
vn -0.669926586 -0.331876354 0.664120814
vn -0.266159342 0.963386246 0.032344162
vn -0.189358365 0.433348020 0.881108905
vn 0.237509539 0.182025936 0.954178064
vn 0.237509539 0.182025936 0.954178064
vn 0.243160862 -0.400067528 0.883639501
vn 0.371863343 -0.629355926 0.682369968
vn 0.243160862 -0.400067528 0.883639501
vn 0.237509539 0.182025936 0.954178064
vn -0.189358365 0.433348020 0.881108905
vn 0.140276428 -0.983309636 0.115864940
vn 0.371863343 -0.629355926 0.682369968
vn 0.024395862 -0.850922569 -0.524724331
vn 0.075458663 -0.965636554 -0.248700696
vn -0.146213400 -0.639126702 -0.755075295
vn 0.024395862 -0.850922569 -0.524724331
vn 0.024395862 -0.850922569 -0.524724331
vn -0.347638385 -0.247540230 -0.904362421
vn 0.140276428 -0.983309636 0.115864940
vn -0.347638385 -0.247540230 -0.904362421
vn 0.024395862 -0.850922569 -0.524724331
vn -0.146213400 -0.639126702 -0.755075295
vn -0.009951422 -0.999949133 0.001643116
vn -0.010002773 -0.992861222 -0.118855112
vn -0.055427224 -0.839872547 -0.539946226
vn -0.010002773 -0.992861222 -0.118855112
vn -0.009951422 -0.999949133 0.001643116
vn -0.302967764 -0.925027917 0.229202718
vn -0.408811151 0.760820190 -0.504010000
vn -0.004220482 0.768183347 -0.640216005
vn -0.283230555 0.877388164 -0.387260199
vn -0.054864785 0.990567546 0.125561904
vn -0.423470584 0.905120810 0.037801896
vn -0.483857939 0.853877166 0.191768819
vn -0.423470584 0.905120810 0.037801896
vn -0.853601373 0.369088325 0.367611894
vn -0.483857939 0.853877166 0.191768819
vn -0.853601373 0.369088325 0.367611894
vn -0.423470584 0.905120810 0.037801896
vn -0.947943363 0.310051880 -0.072603120
vn -0.925280042 -0.033914885 0.377765303
vn -0.947943363 0.310051880 -0.072603120
vn -0.950686255 -0.304807072 0.057343646
vn -0.947943363 0.310051880 -0.072603120
vn -0.925280042 -0.033914885 0.377765303
vn -0.853601373 0.369088325 0.367611894
vn 0.147351877 0.981275220 0.124041795
vn -0.423470584 0.905120810 0.037801896
vn -0.054864785 0.990567546 0.125561904
vn -0.054864785 0.990567546 0.125561904
vn 0.062573363 0.971926094 0.226813231
vn 0.147351877 0.981275220 0.124041795
vn 0.268772020 0.910257528 0.314948939
vn -0.054864785 0.990567546 0.125561904
vn 0.299700596 0.746386920 0.594210500
vn -0.054864785 0.990567546 0.125561904
vn 0.268772020 0.910257528 0.314948939
vn 0.062573363 0.971926094 0.226813231
vn -0.865203713 -0.037388638 0.500024624
vn -0.853601373 0.369088325 0.367611894
vn -0.857734905 0.057575556 0.510857992
vn -0.853601373 0.369088325 0.367611894
vn -0.865203713 -0.037388638 0.500024624
vn -0.501078321 -0.109650154 0.858427259
vn -0.315253869 0.452859922 0.833986144
vn -0.800696948 -0.337721639 0.494801468
vn -0.975637828 0.170511678 0.138045634
vn -0.315253869 0.452859922 0.833986144
vn -0.209995778 -0.297498584 0.931341165
vn -0.800696948 -0.337721639 0.494801468
vn -0.086097661 0.402006993 0.911579712
vn -0.209995778 -0.297498584 0.931341165
vn -0.315253869 0.452859922 0.833986144
vn -0.086097661 0.402006993 0.911579712
vn -0.015346009 -0.090801001 0.995750811
vn -0.209995778 -0.297498584 0.931341165
vn 0.583037514 -0.615682306 0.530096742
vn 0.461729052 0.333021824 0.822133047
vn 0.990660045 -0.133666350 0.026944063
vn 0.063372124 -0.386917878 0.919933981
vn 0.461729052 0.333021824 0.822133047
vn 0.583037514 -0.615682306 0.530096742
vn 0.063372124 -0.386917878 0.919933981
vn 0.244839414 0.357343372 0.901309811
vn 0.461729052 0.333021824 0.822133047
vn -0.015346009 -0.090801001 0.995750811
vn 0.244839414 0.357343372 0.901309811
vn 0.063372124 -0.386917878 0.919933981
vn -0.015346009 -0.090801001 0.995750811
vn 0.084104299 0.359725460 0.929259953
vn 0.244839414 0.357343372 0.901309811
vn -0.086097661 0.402006993 0.911579712
vn 0.084104299 0.359725460 0.929259953
vn -0.015346009 -0.090801001 0.995750811
vn -0.339061282 -0.155008477 -0.927906148
vn -0.267631151 0.721338102 -0.638783931
vn -0.145487814 0.085622633 -0.985648041
vn -0.145487814 0.085622633 -0.985648041
vn -0.267631151 0.721338102 -0.638783931
vn -0.028290361 0.463660685 -0.885561079
vn -0.028290361 0.463660685 -0.885561079
vn -0.267631151 0.721338102 -0.638783931
vn -0.004220482 0.768183347 -0.640216005
vn -0.004220482 0.768183347 -0.640216005
vn -0.267631151 0.721338102 -0.638783931
vn -0.209483293 0.868150919 -0.449923028
vn -0.597435472 0.701876825 -0.387865671
vn -0.209483293 0.868150919 -0.449923028
vn -0.267631151 0.721338102 -0.638783931
vn -0.339061282 -0.155008477 -0.927906148
vn -0.492852472 0.042695009 -0.869064771
vn -0.267631151 0.721338102 -0.638783931
vn -0.658109383 0.436323506 -0.613607235
vn -0.267631151 0.721338102 -0.638783931
vn -0.492852472 0.042695009 -0.869064771
vn -0.597435472 0.701876825 -0.387865671
vn -0.267631151 0.721338102 -0.638783931
vn -0.658109383 0.436323506 -0.613607235
vn -0.298529410 -0.598236377 0.743635280
vn -0.685045651 0.627446842 -0.370166066
vn -0.032186376 0.482939358 0.875062063
vn -0.685045651 0.627446842 -0.370166066
vn -0.298529410 -0.598236377 0.743635280
vn -0.680389532 -0.343076639 -0.647586677
vn -0.054766304 0.863232682 -0.501826653
vn -0.286452957 0.050060011 0.956785607
vn -0.994429814 0.011573550 0.104763529
vn -0.286452957 0.050060011 0.956785607
vn -0.054766304 0.863232682 -0.501826653
vn 0.696135969 0.703207686 0.144546404
f 3/3/3 2/2/2 1/1/1
f 6/6/6 5/5/5 4/4/4
f 9/9/9 8/8/8 7/7/7
f 12/12/12 11/11/11 10/10/10
f 15/15/15 14/14/14 13/13/13
f 18/18/18 17/17/17 16/16/16
f 21/21/21 20/20/20 19/19/19
f 24/24/24 23/23/23 22/22/22
f 27/27/27 26/26/26 25/25/25
f 30/30/30 29/29/29 28/28/28
f 33/33/33 32/32/32 31/31/31
f 36/36/36 35/35/35 34/34/34
f 39/39/39 38/38/38 37/37/37
f 42/42/42 41/41/41 40/40/40
f 45/45/45 44/44/44 43/43/43
f 48/48/48 47/47/47 46/46/46
f 51/51/51 50/50/50 49/49/49
f 54/54/54 53/53/53 52/52/52
f 57/57/57 56/56/56 55/55/55
f 60/60/60 59/59/59 58/58/58
f 63/63/63 62/62/62 61/61/61
f 66/66/66 65/65/65 64/64/64
f 69/69/69 68/68/68 67/67/67
f 72/72/72 71/71/71 70/70/70
f 75/75/75 74/74/74 73/73/73
f 78/78/78 77/77/77 76/76/76
f 81/81/81 80/80/80 79/79/79
f 84/84/84 83/83/83 82/82/82
f 87/87/87 86/86/86 85/85/85
f 90/90/90 89/89/89 88/88/88
f 93/93/93 92/92/92 91/91/91
f 96/96/96 95/95/95 94/94/94
f 99/99/99 98/98/98 97/97/97
f 102/102/102 101/101/101 100/100/100
f 105/105/105 104/104/104 103/103/103
f 108/108/108 107/107/107 106/106/106
f 111/111/111 110/110/110 109/109/109
f 114/114/114 113/113/113 112/112/112
f 117/117/117 116/116/116 115/115/115
f 120/120/120 119/119/119 118/118/118
f 123/123/123 122/122/122 121/121/121
f 126/126/126 125/125/125 124/124/124
f 129/129/129 128/128/128 127/127/127
f 132/132/132 131/131/131 130/130/130
f 135/135/135 134/134/134 133/133/133
f 138/138/138 137/137/137 136/136/136
f 141/141/141 140/140/140 139/139/139
f 144/144/144 143/143/143 142/142/142
f 147/147/147 146/146/146 145/145/145
f 150/150/150 149/149/149 148/148/148
f 153/153/153 152/152/152 151/151/151
f 156/156/156 155/155/155 154/154/154
f 159/159/159 158/158/158 157/157/157
f 162/162/162 161/161/161 160/160/160
f 165/165/165 164/164/164 163/163/163
f 168/168/168 167/167/167 166/166/166
f 171/171/171 170/170/170 169/169/169
f 174/174/174 173/173/173 172/172/172
f 177/177/177 176/176/176 175/175/175
f 180/180/180 179/179/179 178/178/178
f 183/183/183 182/182/182 181/181/181
f 186/186/186 185/185/185 184/184/184
f 189/189/189 188/188/188 187/187/187
f 192/192/192 191/191/191 190/190/190
f 195/195/195 194/194/194 193/193/193
f 198/198/198 197/197/197 196/196/196
f 201/201/201 200/200/200 199/199/199
f 204/204/204 203/203/203 202/202/202
f 207/207/207 206/206/206 205/205/205
f 210/210/210 209/209/209 208/208/208
f 213/213/213 212/212/212 211/211/211
f 216/216/216 215/215/215 214/214/214
f 219/219/219 218/218/218 217/217/217
f 222/222/222 221/221/221 220/220/220
f 225/225/225 224/224/224 223/223/223
f 228/228/228 227/227/227 226/226/226
f 231/231/231 230/230/230 229/229/229
f 234/234/234 233/233/233 232/232/232
f 237/237/237 236/236/236 235/235/235
f 240/240/240 239/239/239 238/238/238
f 243/243/243 242/242/242 241/241/241
f 246/246/246 245/245/245 244/244/244
f 249/249/249 248/248/248 247/247/247
f 252/252/252 251/251/251 250/250/250
f 255/255/255 254/254/254 253/253/253
f 258/258/258 257/257/257 256/256/256
f 261/261/261 260/260/260 259/259/259
f 264/264/264 263/263/263 262/262/262
f 267/267/267 266/266/266 265/265/265
f 270/270/270 269/269/269 268/268/268
f 273/273/273 272/272/272 271/271/271
f 276/276/276 275/275/275 274/274/274
f 279/279/279 278/278/278 277/277/277
f 282/282/282 281/281/281 280/280/280
f 285/285/285 284/284/284 283/283/283
f 288/288/288 287/287/287 286/286/286
f 291/291/291 290/290/290 289/289/289
f 294/294/294 293/293/293 292/292/292
f 297/297/297 296/296/296 295/295/295
f 300/300/300 299/299/299 298/298/298
f 303/303/303 302/302/302 301/301/301
f 306/306/306 305/305/305 304/304/304
f 309/309/309 308/308/308 307/307/307
f 312/312/312 311/311/311 310/310/310
f 315/315/315 314/314/314 313/313/313
f 318/318/318 317/317/317 316/316/316
f 321/321/321 320/320/320 319/319/319
f 324/324/324 323/323/323 322/322/322
f 327/327/327 326/326/326 325/325/325
f 330/330/330 329/329/329 328/328/328
f 333/333/333 332/332/332 331/331/331
f 336/336/336 335/335/335 334/334/334
f 339/339/339 338/338/338 337/337/337
f 342/342/342 341/341/341 340/340/340
f 345/345/345 344/344/344 343/343/343
f 348/348/348 347/347/347 346/346/346
f 351/351/351 350/350/350 349/349/349
f 354/354/354 353/353/353 352/352/352
f 357/357/357 356/356/356 355/355/355
f 360/360/360 359/359/359 358/358/358
f 363/363/363 362/362/362 361/361/361
f 366/366/366 365/365/365 364/364/364
f 369/369/369 368/368/368 367/367/367
f 372/372/372 371/371/371 370/370/370
f 375/375/375 374/374/374 373/373/373
f 378/378/378 377/377/377 376/376/376
f 381/381/381 380/380/380 379/379/379
f 384/384/384 383/383/383 382/382/382
f 387/387/387 386/386/386 385/385/385
f 390/390/390 389/389/389 388/388/388
f 393/393/393 392/392/392 391/391/391
f 396/396/396 395/395/395 394/394/394
f 399/399/399 398/398/398 397/397/397
f 402/402/402 401/401/401 400/400/400
f 405/405/405 404/404/404 403/403/403
f 408/408/408 407/407/407 406/406/406
f 411/411/411 410/410/410 409/409/409
f 414/414/414 413/413/413 412/412/412
f 417/417/417 416/416/416 415/415/415
f 420/420/420 419/419/419 418/418/418
f 423/423/423 422/422/422 421/421/421
f 426/426/426 425/425/425 424/424/424
f 429/429/429 428/428/428 427/427/427
f 432/432/432 431/431/431 430/430/430
f 435/435/435 434/434/434 433/433/433
f 438/438/438 437/437/437 436/436/436
f 441/441/441 440/440/440 439/439/439
f 444/444/444 443/443/443 442/442/442
f 447/447/447 446/446/446 445/445/445
f 450/450/450 449/449/449 448/448/448
f 453/453/453 452/452/452 451/451/451
f 456/456/456 455/455/455 454/454/454
f 459/459/459 458/458/458 457/457/457
f 462/462/462 461/461/461 460/460/460
f 465/465/465 464/464/464 463/463/463
f 468/468/468 467/467/467 466/466/466
f 471/471/471 470/470/470 469/469/469
f 474/474/474 473/473/473 472/472/472
f 477/477/477 476/476/476 475/475/475
f 480/480/480 479/479/479 478/478/478
f 483/483/483 482/482/482 481/481/481
f 486/486/486 485/485/485 484/484/484
f 489/489/489 488/488/488 487/487/487
f 492/492/492 491/491/491 490/490/490
f 495/495/495 494/494/494 493/493/493
f 498/498/498 497/497/497 496/496/496
f 501/501/501 500/500/500 499/499/499
f 504/504/504 503/503/503 502/502/502
f 507/507/507 506/506/506 505/505/505
f 510/510/510 509/509/509 508/508/508
f 513/513/513 512/512/512 511/511/511
f 516/516/516 515/515/515 514/514/514
f 519/519/519 518/518/518 517/517/517
f 522/522/522 521/521/521 520/520/520
f 525/525/525 524/524/524 523/523/523
f 528/528/528 527/527/527 526/526/526
f 531/531/531 530/530/530 529/529/529
f 534/534/534 533/533/533 532/532/532
f 537/537/537 536/536/536 535/535/535
f 540/540/540 539/539/539 538/538/538
f 543/543/543 542/542/542 541/541/541
f 546/546/546 545/545/545 544/544/544
f 549/549/549 548/548/548 547/547/547
f 552/552/552 551/551/551 550/550/550
f 555/555/555 554/554/554 553/553/553
f 558/558/558 557/557/557 556/556/556
f 561/561/561 560/560/560 559/559/559
f 564/564/564 563/563/563 562/562/562
f 567/567/567 566/566/566 565/565/565
f 570/570/570 569/569/569 568/568/568
f 573/573/573 572/572/572 571/571/571
f 576/576/576 575/575/575 574/574/574
f 579/579/579 578/578/578 577/577/577
f 582/582/582 581/581/581 580/580/580
f 585/585/585 584/584/584 583/583/583
f 588/588/588 587/587/587 586/586/586
f 591/591/591 590/590/590 589/589/589
f 594/594/594 593/593/593 592/592/592
f 597/597/597 596/596/596 595/595/595
f 600/600/600 599/599/599 598/598/598
f 603/603/603 602/602/602 601/601/601
f 606/606/606 605/605/605 604/604/604
f 609/609/609 608/608/608 607/607/607
f 612/612/612 611/611/611 610/610/610
f 615/615/615 614/614/614 613/613/613
f 618/618/618 617/617/617 616/616/616
f 621/621/621 620/620/620 619/619/619
f 624/624/624 623/623/623 622/622/622
f 627/627/627 626/626/626 625/625/625
f 630/630/630 629/629/629 628/628/628
f 633/633/633 632/632/632 631/631/631
f 636/636/636 635/635/635 634/634/634
f 639/639/639 638/638/638 637/637/637
f 642/642/642 641/641/641 640/640/640
f 645/645/645 644/644/644 643/643/643
f 648/648/648 647/647/647 646/646/646
f 651/651/651 650/650/650 649/649/649
f 654/654/654 653/653/653 652/652/652
f 657/657/657 656/656/656 655/655/655
f 660/660/660 659/659/659 658/658/658
f 663/663/663 662/662/662 661/661/661
f 666/666/666 665/665/665 664/664/664
f 669/669/669 668/668/668 667/667/667
f 672/672/672 671/671/671 670/670/670
f 675/675/675 674/674/674 673/673/673
f 678/678/678 677/677/677 676/676/676
f 681/681/681 680/680/680 679/679/679
f 684/684/684 683/683/683 682/682/682
f 687/687/687 686/686/686 685/685/685
f 690/690/690 689/689/689 688/688/688
f 693/693/693 692/692/692 691/691/691
f 696/696/696 695/695/695 694/694/694
f 699/699/699 698/698/698 697/697/697
f 702/702/702 701/701/701 700/700/700
f 705/705/705 704/704/704 703/703/703
f 708/708/708 707/707/707 706/706/706
f 711/711/711 710/710/710 709/709/709
f 714/714/714 713/713/713 712/712/712
f 717/717/717 716/716/716 715/715/715
f 720/720/720 719/719/719 718/718/718
f 723/723/723 722/722/722 721/721/721
f 726/726/726 725/725/725 724/724/724
f 729/729/729 728/728/728 727/727/727
f 732/732/732 731/731/731 730/730/730
f 735/735/735 734/734/734 733/733/733
f 738/738/738 737/737/737 736/736/736
f 741/741/741 740/740/740 739/739/739
f 744/744/744 743/743/743 742/742/742
f 747/747/747 746/746/746 745/745/745
f 750/750/750 749/749/749 748/748/748
f 753/753/753 752/752/752 751/751/751
f 756/756/756 755/755/755 754/754/754
f 759/759/759 758/758/758 757/757/757
f 762/762/762 761/761/761 760/760/760
f 765/765/765 764/764/764 763/763/763
f 768/768/768 767/767/767 766/766/766
f 771/771/771 770/770/770 769/769/769
f 774/774/774 773/773/773 772/772/772
f 777/777/777 776/776/776 775/775/775
f 780/780/780 779/779/779 778/778/778
f 783/783/783 782/782/782 781/781/781
f 786/786/786 785/785/785 784/784/784
f 789/789/789 788/788/788 787/787/787
f 792/792/792 791/791/791 790/790/790
f 795/795/795 794/794/794 793/793/793
f 798/798/798 797/797/797 796/796/796
f 801/801/801 800/800/800 799/799/799
f 804/804/804 803/803/803 802/802/802
f 807/807/807 806/806/806 805/805/805
f 810/810/810 809/809/809 808/808/808
f 813/813/813 812/812/812 811/811/811
f 816/816/816 815/815/815 814/814/814
f 819/819/819 818/818/818 817/817/817
f 822/822/822 821/821/821 820/820/820
f 825/825/825 824/824/824 823/823/823
f 828/828/828 827/827/827 826/826/826
f 831/831/831 830/830/830 829/829/829
f 834/834/834 833/833/833 832/832/832
f 837/837/837 836/836/836 835/835/835
f 840/840/840 839/839/839 838/838/838
f 843/843/843 842/842/842 841/841/841
f 846/846/846 845/845/845 844/844/844
f 849/849/849 848/848/848 847/847/847
f 852/852/852 851/851/851 850/850/850
f 855/855/855 854/854/854 853/853/853
f 858/858/858 857/857/857 856/856/856
f 861/861/861 860/860/860 859/859/859
f 864/864/864 863/863/863 862/862/862
f 867/867/867 866/866/866 865/865/865
f 870/870/870 869/869/869 868/868/868
f 873/873/873 872/872/872 871/871/871
f 876/876/876 875/875/875 874/874/874
f 879/879/879 878/878/878 877/877/877
f 882/882/882 881/881/881 880/880/880
f 885/885/885 884/884/884 883/883/883
f 888/888/888 887/887/887 886/886/886
f 891/891/891 890/890/890 889/889/889
f 894/894/894 893/893/893 892/892/892
f 897/897/897 896/896/896 895/895/895
f 900/900/900 899/899/899 898/898/898
f 903/903/903 902/902/902 901/901/901
f 906/906/906 905/905/905 904/904/904
f 909/909/909 908/908/908 907/907/907
f 912/912/912 911/911/911 910/910/910
f 915/915/915 914/914/914 913/913/913
f 918/918/918 917/917/917 916/916/916
f 921/921/921 920/920/920 919/919/919
f 924/924/924 923/923/923 922/922/922
f 927/927/927 926/926/926 925/925/925
f 930/930/930 929/929/929 928/928/928
f 933/933/933 932/932/932 931/931/931
f 936/936/936 935/935/935 934/934/934
f 939/939/939 938/938/938 937/937/937
f 942/942/942 941/941/941 940/940/940
f 945/945/945 944/944/944 943/943/943
f 948/948/948 947/947/947 946/946/946
f 951/951/951 950/950/950 949/949/949
f 954/954/954 953/953/953 952/952/952
f 957/957/957 956/956/956 955/955/955
f 960/960/960 959/959/959 958/958/958
f 963/963/963 962/962/962 961/961/961
f 966/966/966 965/965/965 964/964/964
f 969/969/969 968/968/968 967/967/967
f 972/972/972 971/971/971 970/970/970
f 975/975/975 974/974/974 973/973/973
f 978/978/978 977/977/977 976/976/976
f 981/981/981 980/980/980 979/979/979
f 984/984/984 983/983/983 982/982/982
f 987/987/987 986/986/986 985/985/985
f 990/990/990 989/989/989 988/988/988
f 993/993/993 992/992/992 991/991/991
f 996/996/996 995/995/995 994/994/994
f 999/999/999 998/998/998 997/997/997
f 1002/1002/1002 1001/1001/1001 1000/1000/1000
f 1005/1005/1005 1004/1004/1004 1003/1003/1003
f 1008/1008/1008 1007/1007/1007 1006/1006/1006
f 1011/1011/1011 1010/1010/1010 1009/1009/1009
f 1014/1014/1014 1013/1013/1013 1012/1012/1012
f 1017/1017/1017 1016/1016/1016 1015/1015/1015
f 1020/1020/1020 1019/1019/1019 1018/1018/1018
f 1023/1023/1023 1022/1022/1022 1021/1021/1021
f 1026/1026/1026 1025/1025/1025 1024/1024/1024
f 1029/1029/1029 1028/1028/1028 1027/1027/1027
f 1032/1032/1032 1031/1031/1031 1030/1030/1030
f 1035/1035/1035 1034/1034/1034 1033/1033/1033
f 1038/1038/1038 1037/1037/1037 1036/1036/1036
f 1041/1041/1041 1040/1040/1040 1039/1039/1039
f 1044/1044/1044 1043/1043/1043 1042/1042/1042
f 1047/1047/1047 1046/1046/1046 1045/1045/1045
f 1050/1050/1050 1049/1049/1049 1048/1048/1048
f 1053/1053/1053 1052/1052/1052 1051/1051/1051
f 1056/1056/1056 1055/1055/1055 1054/1054/1054
f 1059/1059/1059 1058/1058/1058 1057/1057/1057
f 1062/1062/1062 1061/1061/1061 1060/1060/1060
f 1065/1065/1065 1064/1064/1064 1063/1063/1063
f 1068/1068/1068 1067/1067/1067 1066/1066/1066
f 1071/1071/1071 1070/1070/1070 1069/1069/1069
f 1074/1074/1074 1073/1073/1073 1072/1072/1072
f 1077/1077/1077 1076/1076/1076 1075/1075/1075
f 1080/1080/1080 1079/1079/1079 1078/1078/1078
f 1083/1083/1083 1082/1082/1082 1081/1081/1081
f 1086/1086/1086 1085/1085/1085 1084/1084/1084
f 1089/1089/1089 1088/1088/1088 1087/1087/1087
f 1092/1092/1092 1091/1091/1091 1090/1090/1090
f 1095/1095/1095 1094/1094/1094 1093/1093/1093
f 1098/1098/1098 1097/1097/1097 1096/1096/1096
f 1101/1101/1101 1100/1100/1100 1099/1099/1099
f 1104/1104/1104 1103/1103/1103 1102/1102/1102
f 1107/1107/1107 1106/1106/1106 1105/1105/1105
f 1110/1110/1110 1109/1109/1109 1108/1108/1108
f 1113/1113/1113 1112/1112/1112 1111/1111/1111
f 1116/1116/1116 1115/1115/1115 1114/1114/1114
f 1119/1119/1119 1118/1118/1118 1117/1117/1117
f 1122/1122/1122 1121/1121/1121 1120/1120/1120
f 1125/1125/1125 1124/1124/1124 1123/1123/1123
f 1128/1128/1128 1127/1127/1127 1126/1126/1126
f 1131/1131/1131 1130/1130/1130 1129/1129/1129
f 1134/1134/1134 1133/1133/1133 1132/1132/1132
f 1137/1137/1137 1136/1136/1136 1135/1135/1135
f 1140/1140/1140 1139/1139/1139 1138/1138/1138
f 1143/1143/1143 1142/1142/1142 1141/1141/1141
f 1146/1146/1146 1145/1145/1145 1144/1144/1144
f 1149/1149/1149 1148/1148/1148 1147/1147/1147
f 1152/1152/1152 1151/1151/1151 1150/1150/1150
f 1155/1155/1155 1154/1154/1154 1153/1153/1153
f 1158/1158/1158 1157/1157/1157 1156/1156/1156
f 1161/1161/1161 1160/1160/1160 1159/1159/1159
f 1164/1164/1164 1163/1163/1163 1162/1162/1162
f 1167/1167/1167 1166/1166/1166 1165/1165/1165
f 1170/1170/1170 1169/1169/1169 1168/1168/1168
f 1173/1173/1173 1172/1172/1172 1171/1171/1171
f 1176/1176/1176 1175/1175/1175 1174/1174/1174
f 1179/1179/1179 1178/1178/1178 1177/1177/1177
f 1182/1182/1182 1181/1181/1181 1180/1180/1180
f 1185/1185/1185 1184/1184/1184 1183/1183/1183
f 1188/1188/1188 1187/1187/1187 1186/1186/1186
f 1191/1191/1191 1190/1190/1190 1189/1189/1189
f 1194/1194/1194 1193/1193/1193 1192/1192/1192
f 1197/1197/1197 1196/1196/1196 1195/1195/1195
f 1200/1200/1200 1199/1199/1199 1198/1198/1198
f 1203/1203/1203 1202/1202/1202 1201/1201/1201
f 1206/1206/1206 1205/1205/1205 1204/1204/1204
f 1209/1209/1209 1208/1208/1208 1207/1207/1207
f 1212/1212/1212 1211/1211/1211 1210/1210/1210
